TIMESTAMP;TEMP1;TEMP2;TEMP3;BOARD_TEMP1;BOARD_TEMP2;BOARD_TEMP3;TANK_PRESS;TANK_D_PRESS;CPU_USAGE;MEM_USAGE;DISK_UTILIZATION;TENSO;PRIMER_STATUS;SERVO_STATUS;SERVO_DUMP_STATUS;SERVO_VENT_STATUS;ENGINE_MODE;ENGINE_NEW_VENT_VALVE_STATUS;GPIO_STATE
1250;0;0;0;0;0;0;0.0000;0.0000;0.0000;0.0000;0.0000;0.0000;1;0;0;0;0;0;0
1260;0;0;0;0;0;0;0.0000;0.0000;0.0000;0.0000;0.0000;0.0000;1;0;0;0;0;0;100356
1271;0;0;0;0;0;0;0.0000;0.0000;0.0000;0.0000;0.0000;0.0000;1;0;0;0;0;0;100356
1281;0;0;0;0;0;0;0.0000;0.0000;0.0000;0.0000;0.0000;0.0000;1;0;0;0;0;0;100356
1291;0;0;0;0;0;0;0.0000;0.0000;0.0000;0.0000;0.0000;0.0000;1;0;0;0;0;0;100356
1301;0;0;0;0;0;0;0.0000;0.0000;0.0000;0.0000;0.0000;0.0000;1;0;0;0;0;0;100356
1312;0;0;0;0;0;0;0.0000;0.0000;0.0000;0.0000;0.0000;0.0000;1;0;0;0;0;0;100356
1322;0;0;0;0;0;0;0.0000;0.0000;0.0000;0.0000;0.0000;0.0000;1;0;0;0;0;0;100356
1332;0;0;0;0;0;0;0.0000;0.0000;0.0000;0.0000;0.0000;0.0000;1;0;0;0;0;0;100356
1343;0;0;0;0;0;0;0.0000;0.0000;0.0000;0.0000;0.0000;0.0000;1;0;0;0;0;0;100356
1353;0;0;0;0;0;0;0.0000;0.0000;0.0000;0.0000;0.0000;0.0000;1;0;0;0;0;0;100356
1364;0;0;0;0;0;0;0.0000;0.0000;0.0000;0.0000;0.0000;0.0000;1;0;0;0;0;0;100364
1374;0;0;0;0;0;0;0.0000;0.0000;0.0000;0.0000;0.0000;0.0000;1;0;0;0;0;0;100364
1384;0;0;0;0;0;0;0.0000;0.0000;0.0000;0.0000;0.0000;0.0000;1;0;0;0;0;0;100364
1395;0;0;0;0;0;0;0.0000;0.0000;0.0000;0.0000;0.0000;0.0000;1;0;0;0;0;0;100364
1405;0;0;0;0;0;0;0.0000;0.0000;0.0000;0.0000;0.0000;0.0000;1;0;0;0;0;0;100364
1416;0;0;0;0;0;0;0.0000;0.0000;0.0000;0.0000;0.0000;0.0000;1;0;0;0;0;0;100364
1426;0;0;0;0;0;0;0.0000;0.0000;0.0000;0.0000;0.0000;0.0000;1;0;0;0;0;0;100364
1436;0;0;0;0;0;0;0.0000;0.0000;0.0000;0.0000;0.0000;0.0000;1;0;0;0;0;0;100364
1446;0;0;0;0;0;0;0.0000;0.0000;0.0000;0.0000;0.0000;0.0000;1;0;0;0;0;0;100364
1457;0;0;0;0;0;0;0.0000;0.0000;0.0000;0.0000;0.0000;0.0000;1;0;0;0;0;0;100364
1468;0;0;0;0;0;0;0.0000;0.0000;0.0000;0.0000;0.0000;0.0000;1;0;0;0;0;0;100380
1478;0;0;0;0;0;0;0.0000;0.0000;0.0000;0.0000;0.0000;0.0000;1;0;0;0;0;0;100380
1488;0;0;0;0;0;0;0.0000;0.0000;0.0000;0.0000;0.0000;0.0000;1;0;0;0;0;0;100380
1501;0;0;0;0;0;0;0.0000;0.0000;0.0000;0.0000;0.0000;0.0000;1;0;0;0;0;0;100380
1511;0;0;0;0;0;0;0.0000;0.0000;0.0000;0.0000;0.0000;0.0000;1;0;0;0;0;0;100380
1521;0;0;0;0;0;0;0.0000;0.0000;0.0000;0.0000;0.0000;0.0000;1;0;0;0;0;0;100380
1537;0;0;0;0;0;0;0.0000;0.0000;0.0000;0.0000;0.0000;0.0000;1;0;0;0;0;0;100380
1547;0;0;0;0;0;0;0.0000;0.0000;0.0000;0.0000;0.0000;0.0000;1;0;0;0;0;0;100380
1558;0;0;0;0;0;0;0.0000;0.0000;0.0000;0.0000;0.0000;0.0000;1;0;0;0;0;0;100380
1569;0;0;0;0;0;0;0.0000;0.0000;0.0000;0.0000;0.0000;0.0000;1;0;0;0;0;0;100380
1580;0;0;0;0;0;0;0.0000;0.0000;0.0000;0.0000;0.0000;0.0000;1;0;0;0;0;0;100380
1591;0;0;0;0;0;0;0.0000;0.0000;0.0000;0.0000;0.0000;0.0000;1;0;0;0;0;0;100380
1601;0;0;0;0;0;0;0.0000;0.0000;0.0000;0.0000;0.0000;0.0000;1;0;0;0;0;0;100380
1611;0;0;0;0;0;0;0.0000;0.0000;0.0000;0.0000;0.0000;0.0000;1;0;0;0;0;0;100380
1621;0;0;0;0;0;0;0.0000;0.0000;0.0000;0.0000;0.0000;0.0000;1;0;0;0;0;0;100380
1632;0;0;0;0;0;0;0.0000;0.0000;0.0000;0.0000;0.0000;0.0000;1;0;0;0;0;0;100380
1642;0;0;0;0;0;0;0.0000;0.0000;0.0000;0.0000;0.0000;0.0000;1;0;0;0;0;0;100380
1652;0;0;0;0;0;0;0.0000;0.0000;0.0000;0.0000;0.0000;0.0000;1;0;0;0;0;0;100380
1663;0;0;0;0;0;0;0.0000;0.0000;0.0000;0.0000;0.0000;0.0000;1;0;0;0;0;0;100380
1673;0;0;0;0;0;0;0.0000;0.0000;0.0000;0.0000;0.0000;0.0000;1;0;0;0;0;0;100380
1684;0;0;0;0;0;0;0.0000;0.0000;0.0000;0.0000;0.0000;0.0000;1;0;0;0;0;0;100380
1695;0;0;0;0;0;0;0.0000;0.0000;0.0000;0.0000;0.0000;0.0000;1;0;0;0;0;0;100380
1705;0;0;0;0;0;0;0.0000;0.0000;0.0000;0.0000;0.0000;0.0000;1;0;0;0;0;0;100380
1716;0;0;0;0;0;0;0.0000;0.0000;0.0000;0.0000;0.0000;0.0000;1;0;0;0;0;0;100380
1726;0;0;0;0;0;0;0.0000;0.0000;0.0000;0.0000;0.0000;0.0000;1;0;0;0;0;0;100380
1736;0;0;0;0;0;0;0.0000;0.0000;0.0000;0.0000;0.0000;0.0000;1;0;0;0;0;0;100380
1747;0;0;0;0;0;0;0.0000;0.0000;0.0000;0.0000;0.0000;0.0000;1;0;0;0;0;0;100380
1757;0;0;0;0;0;0;0.0000;0.0000;0.0000;0.0000;0.0000;0.0000;1;0;0;0;0;0;100380
1767;0;0;0;0;0;0;0.0000;0.0000;0.0000;0.0000;0.0000;0.0000;1;0;0;0;0;0;100380
1778;0;0;0;0;0;0;0.0000;0.0000;0.0000;0.0000;0.0000;0.0000;1;0;0;0;0;0;100380
1788;0;0;0;0;0;0;0.0000;0.0000;0.0000;0.0000;0.0000;0.0000;1;0;0;0;0;0;100376
1798;0;0;0;0;0;0;0.0000;0.0000;0.0000;0.0000;0.0000;0.0000;1;0;0;0;0;0;100376
1809;0;0;0;0;0;0;0.0000;0.0000;0.0000;0.0000;0.0000;0.0000;1;0;0;0;0;0;100376
1819;0;0;0;0;0;0;0.0000;0.0000;0.0000;0.0000;0.0000;0.0000;1;0;0;0;0;0;100376
1829;0;0;0;0;0;0;0.0000;0.0000;0.0000;0.0000;0.0000;0.0000;1;0;0;0;0;0;100376
1840;0;0;0;0;0;0;0.0000;0.0000;0.0000;0.0000;0.0000;0.0000;1;0;0;0;0;0;100376
1850;0;0;0;0;0;0;0.0000;0.0000;0.0000;0.0000;0.0000;0.0000;1;0;0;0;0;0;100376
1860;0;0;0;0;0;0;0.0000;0.0000;0.0000;0.0000;0.0000;0.0000;1;0;0;0;0;0;100376
1870;0;0;0;0;0;0;0.0000;0.0000;0.0000;0.0000;0.0000;0.0000;1;0;0;0;0;0;100376
1881;0;0;0;0;0;0;0.0000;0.0000;0.0000;0.0000;0.0000;0.0000;1;0;0;0;0;0;100376
1891;0;0;0;0;0;0;0.0000;0.0000;0.0000;0.0000;0.0000;0.0000;1;0;0;0;0;0;100368
1901;0;0;0;0;0;0;0.0000;0.0000;0.0000;0.0000;0.0000;0.0000;1;0;0;0;0;0;100368
1912;0;0;0;0;0;0;0.0000;0.0000;0.0000;0.0000;0.0000;0.0000;1;0;0;0;0;0;100368
1922;0;0;0;0;0;0;0.0000;0.0000;0.0000;0.0000;0.0000;0.0000;1;0;0;0;0;0;100368
1939;0;0;0;0;0;0;0.0000;0.0000;0.0000;0.0000;0.0000;0.0000;1;0;0;0;0;0;100368
1949;0;0;0;0;0;850;0.0000;0.0000;0.0000;0.0000;0.0000;0.0000;1;0;0;0;0;0;100368
1960;0;0;0;0;0;850;0.0000;0.0000;0.0000;0.0000;0.0000;0.0000;1;0;0;0;0;0;100368
1970;0;0;0;0;0;850;0.0000;0.0000;0.0000;0.0000;0.0000;0.0000;1;0;0;0;0;0;100368
1981;0;0;0;0;0;850;0.0000;0.0000;0.0000;0.0000;0.0000;0.0000;1;0;0;0;0;0;100368
1992;0;0;0;0;0;850;0.0000;0.0000;0.0000;0.0000;0.0000;0.0000;1;0;0;0;0;0;100368
2002;0;0;0;0;0;850;0.0000;0.0000;0.0000;0.0000;0.0000;0.0000;1;0;0;0;0;0;100368
2013;0;0;0;0;0;850;0.0000;0.0000;0.0000;0.0000;0.0000;0.0000;1;0;0;0;0;0;100368
2023;0;0;0;0;0;850;0.0000;0.0000;0.0000;0.0000;0.0000;0.0000;1;0;0;0;0;0;100368
2033;0;0;0;0;0;850;0.0000;0.0000;0.0000;0.0000;0.0000;0.0000;1;0;0;0;0;0;100368
2043;0;0;0;0;0;850;0.0000;0.0000;0.0000;0.0000;0.0000;0.0000;1;0;0;0;0;0;100368
2054;0;0;0;0;0;850;0.0000;0.0000;0.0000;0.0000;0.0000;0.0000;1;0;0;0;0;0;100368
2064;0;0;0;0;0;850;0.0000;0.0000;0.0000;0.0000;0.0000;0.0000;1;0;0;0;0;0;100368
2074;0;0;0;0;0;850;0.0000;0.0000;0.0000;0.0000;0.0000;0.0000;1;0;0;0;0;0;100368
2085;0;0;0;0;0;850;0.0000;0.0000;0.0000;0.0000;0.0000;0.0000;1;0;0;0;0;0;100368
2096;0;0;0;0;0;850;0.0000;0.0000;0.0000;0.0000;0.0000;0.0000;1;0;0;0;0;0;100368
2106;0;0;0;0;0;850;0.0000;0.0000;0.0000;0.0000;0.0000;0.0000;1;0;0;0;0;0;100368
2116;0;0;0;0;0;850;0.0000;0.0000;0.0000;0.0000;0.0000;0.0000;1;0;0;0;0;0;100368
2127;0;0;0;0;0;850;0.0000;0.0000;0.0000;0.0000;0.0000;0.0000;1;0;0;0;0;0;100368
2137;0;0;0;0;0;850;0.0000;0.0000;0.0000;0.0000;0.0000;0.0000;1;0;0;0;0;0;100368
2147;0;0;0;0;0;850;0.0000;0.0000;11.1111;7.3443;59.0542;0.0000;1;0;0;0;0;0;100368
2158;0;0;0;0;0;850;0.0000;0.0000;11.1111;7.3443;59.0542;0.0000;1;0;0;0;0;0;100368
2168;0;0;0;0;0;850;0.0000;0.0000;11.1111;7.3443;59.0542;0.0000;1;0;0;0;0;0;100368
2178;0;0;0;0;0;850;0.0000;0.0000;11.1111;7.3443;59.0542;0.0000;1;0;0;0;0;0;100368
2189;0;0;0;0;0;850;0.0000;0.0000;11.1111;7.3443;59.0542;0.0000;1;0;0;0;0;0;100368
2199;0;0;0;0;0;850;0.0000;0.0000;11.1111;7.3443;59.0542;0.0000;1;0;0;0;0;0;100368
2212;0;0;0;0;0;850;0.0000;0.0000;11.1111;7.3443;59.0542;0.0000;1;0;0;0;0;0;100368
2222;0;0;0;0;0;850;0.0000;0.0000;11.1111;7.3443;59.0542;0.0000;1;0;0;0;0;0;100368
2233;0;0;0;0;0;850;0.0000;0.0000;11.1111;7.3443;59.0542;0.0000;1;0;0;0;0;0;100368
2243;0;0;0;0;0;850;0.0000;0.0000;11.1111;7.3443;59.0542;0.0000;1;0;0;0;0;0;100368
2259;0;0;0;0;0;850;0.0000;0.0000;11.1111;7.3443;59.0542;0.0000;1;0;0;0;0;0;100368
2269;0;0;0;230;0;850;0.0000;0.0000;11.1111;7.3443;59.0542;0.0000;1;0;0;0;0;0;100368
2280;0;0;0;230;0;850;0.0000;0.0000;11.1111;7.3443;59.0542;0.0000;1;0;0;0;0;0;100368
2290;0;0;0;230;0;850;0.0000;0.0000;11.1111;7.3443;59.0542;0.0000;1;0;0;0;0;0;100368
2301;0;0;0;230;0;850;0.0000;0.0000;11.1111;7.3443;59.0542;0.0000;1;0;0;0;0;0;100372
2312;0;0;0;230;0;850;0.0000;0.0000;11.1111;7.3443;59.0542;0.0000;1;0;0;0;0;0;100372
2322;0;0;0;230;0;850;0.0000;0.0000;11.1111;7.3443;59.0542;0.0000;1;0;0;0;0;0;100372
2333;0;0;0;230;0;850;0.0000;0.0000;11.1111;7.3443;59.0542;0.0000;1;0;0;0;0;0;100372
2343;0;0;0;230;0;850;0.0000;0.0000;11.1111;7.3443;59.0542;0.0000;1;0;0;0;0;0;100372
2354;0;0;0;230;0;850;0.0000;0.0000;11.1111;7.3443;59.0542;0.0000;1;0;0;0;0;0;100372
2364;0;0;0;230;0;850;0.0000;0.0000;11.1111;7.3443;59.0542;0.0000;1;0;0;0;0;0;100372
2374;0;0;0;230;0;850;0.0000;0.0000;11.1111;7.3443;59.0542;0.0000;1;0;0;0;0;0;100372
2385;0;0;0;230;0;850;0.0000;0.0000;11.1111;7.3443;59.0542;0.0000;1;0;0;0;0;0;100372
2395;0;0;0;230;0;850;0.0000;0.0000;11.1111;7.3443;59.0542;0.0000;1;0;0;0;0;0;100372
2407;0;0;0;230;0;850;0.0000;0.0000;11.1111;7.3443;59.0542;0.0000;1;0;0;0;0;0;67612
2418;0;0;0;230;0;850;0.0000;0.0000;11.1111;7.3443;59.0542;0.0000;1;0;0;0;0;0;65564
2428;0;0;0;230;0;850;0.0000;0.0000;11.1111;7.3443;59.0542;0.0000;1;0;0;0;0;0;65564
2438;0;0;0;230;0;850;0.0000;0.0000;11.1111;7.3443;59.0542;0.0000;1;0;0;0;0;0;65564
2449;0;0;0;230;0;850;0.0000;0.0000;11.1111;7.3443;59.0542;0.0000;1;0;0;0;0;0;65564
2459;0;0;0;230;0;850;0.0000;0.0000;11.1111;7.3443;59.0542;0.0000;1;0;0;0;0;0;65564
2469;0;0;0;230;0;850;0.0000;0.0000;11.1111;7.3443;59.0542;0.0000;1;0;0;0;0;0;65564
2479;0;0;0;230;0;850;0.0000;0.0000;11.1111;7.3443;59.0542;0.0000;1;0;0;0;0;0;65564
2490;0;0;0;230;0;850;0.0000;0.0000;11.1111;7.3443;59.0542;0.0000;1;0;0;0;0;0;65564
2500;0;0;0;230;0;850;0.0000;0.0000;11.1111;7.3443;59.0542;0.0000;1;0;0;0;0;0;65564
2511;0;0;0;230;0;850;0.0000;0.0000;11.1111;7.3443;59.0542;0.0000;1;0;0;0;0;0;65564
2521;0;0;0;230;0;850;0.0000;0.0000;11.1111;7.3443;59.0542;0.0000;1;0;0;0;0;0;65564
2531;0;0;0;230;0;850;0.0000;0.0000;11.1111;7.3443;59.0542;0.0000;1;0;0;0;0;0;65564
2542;0;0;0;230;0;850;0.0000;0.0000;11.1111;7.3443;59.0542;0.0000;1;0;0;0;0;0;65564
2552;0;0;0;230;850;850;0.0000;0.0000;11.1111;7.3443;59.0542;0.0000;1;0;0;0;0;0;65564
2563;0;0;0;230;850;850;0.0000;0.0000;11.1111;7.3443;59.0542;0.0000;1;0;0;0;0;0;65564
2573;0;0;0;230;850;850;0.0000;0.0000;11.1111;7.3443;59.0542;0.0000;1;0;0;0;0;0;65564
2583;0;0;0;230;850;850;0.0000;0.0000;11.1111;7.3443;59.0542;0.0000;1;0;0;0;0;0;65564
2594;0;0;0;230;850;850;0.0000;0.0000;11.1111;7.3443;59.0542;0.0000;1;0;0;0;0;0;65564
2604;0;0;0;230;850;850;0.0000;0.0000;11.1111;7.3443;59.0542;0.0000;1;0;0;0;0;0;65564
2615;0;0;0;230;850;850;0.0000;0.0000;11.1111;7.3443;59.0542;0.0000;1;0;0;0;0;0;65564
2625;0;0;0;230;850;850;0.0000;0.0000;11.1111;7.3443;59.0542;0.0000;1;0;0;0;0;0;65564
2635;0;0;0;230;850;850;0.0000;0.0000;11.1111;7.3443;59.0542;0.0000;1;0;0;0;0;0;65564
2646;0;0;0;230;850;850;0.0000;0.0000;11.1111;7.3443;59.0542;0.0000;1;0;0;0;0;0;65564
2656;0;0;0;230;850;850;0.0000;0.0000;11.1111;7.3443;59.0542;0.0000;1;0;0;0;0;0;65564
2666;0;0;0;230;850;850;0.0000;0.0000;11.1111;7.3443;59.0542;0.0000;1;0;0;0;0;0;65564
2676;0;0;0;230;850;850;0.0000;0.0000;11.1111;7.3443;59.0542;0.0000;1;0;0;0;0;0;65564
2687;0;0;0;230;850;850;0.0000;0.0000;11.1111;7.3443;59.0542;0.0000;1;0;0;0;0;0;65564
2697;0;0;0;230;850;850;0.0000;0.0000;11.1111;7.3443;59.0542;0.0000;1;0;0;0;0;0;65564
2708;0;0;0;230;850;850;0.0000;0.0000;11.1111;7.3443;59.0542;0.0000;1;0;0;0;0;0;65564
2718;0;0;0;230;850;850;0.0000;0.0000;11.1111;7.3443;59.0542;0.0000;1;0;0;0;0;0;65560
2729;0;0;0;230;850;850;0.0000;0.0000;11.1111;7.3443;59.0542;0.0000;1;0;0;0;0;0;65560
2739;0;0;0;230;850;850;0.0000;0.0000;11.1111;7.3443;59.0542;0.0000;1;0;0;0;0;0;65560
2750;0;0;0;230;850;850;0.0000;0.0000;11.1111;7.3443;59.0542;0.0000;1;0;0;0;0;0;65560
2764;0;0;0;230;850;850;0.0000;0.0000;11.1111;7.3443;59.0542;0.0000;1;0;0;0;0;0;65560
2775;0;0;0;230;850;850;0.0000;0.0000;11.1111;7.3443;59.0542;0.0000;1;0;0;0;0;0;65560
2785;0;0;0;230;850;850;0.0000;0.0000;11.1111;7.3443;59.0542;0.0000;1;0;0;0;0;0;65560
2796;0;0;0;230;850;850;0.0000;0.0000;11.1111;7.3443;59.0542;0.0000;1;0;0;0;0;0;65560
2806;0;0;0;230;850;850;0.0000;0.0000;11.1111;7.3443;59.0542;0.0000;1;0;0;0;0;0;65560
2818;0;0;0;230;850;850;0.0000;0.0000;11.1111;7.3443;59.0542;0.0000;1;0;0;0;0;0;65560
2829;0;0;0;230;850;850;0.0000;0.0000;11.1111;7.3443;59.0542;0.0000;1;0;0;0;0;0;65560
2839;0;0;0;230;850;850;0.0000;0.0000;11.1111;7.3443;59.0542;0.0000;1;0;0;0;0;0;65560
2850;0;0;0;230;850;850;0.0000;0.0000;11.1111;7.3443;59.0542;0.0000;1;0;0;0;0;0;65560
2860;0;0;0;230;850;850;0.0000;0.0000;11.1111;7.3443;59.0542;0.0000;1;0;0;0;0;0;65560
2871;0;0;0;230;850;850;0.0000;0.0000;11.1111;7.3443;59.0542;0.0000;1;0;0;0;0;0;65560
2882;0;0;0;230;850;850;0.0000;0.0000;11.1111;7.3443;59.0542;0.0000;1;0;0;0;0;0;65560
2892;0;0;0;230;850;850;0.0000;0.0000;11.1111;7.3443;59.0542;0.0000;1;0;0;0;0;0;65560
2903;0;0;0;230;850;850;0.0000;0.0000;11.1111;7.3443;59.0542;0.0000;1;0;0;0;0;0;65560
2913;0;0;0;230;850;850;0.0000;0.0000;11.1111;7.3443;59.0542;0.0000;1;0;0;0;0;0;65560
2924;0;0;0;230;850;850;0.0000;0.0000;11.1111;7.3443;59.0542;0.0000;1;0;0;0;0;0;65536
2934;0;0;0;230;850;850;0.0000;0.0000;11.1111;7.3443;59.0542;0.0000;1;0;0;0;0;0;65536
2944;0;0;0;230;850;850;0.0000;0.0000;11.1111;7.3443;59.0542;0.0000;1;0;0;0;0;0;65536
2954;0;0;0;230;850;850;0.0000;0.0000;11.1111;7.3443;59.0542;0.0000;1;0;0;0;0;0;65536
2965;0;0;0;230;850;850;0.0000;0.0000;11.1111;7.3443;59.0542;0.0000;1;0;0;0;0;0;65536
2975;0;0;0;230;850;850;0.0000;0.0000;11.1111;7.3443;59.0542;0.0000;1;0;0;0;0;0;65536
2985;0;0;0;230;850;850;0.0000;0.0000;11.1111;7.3443;59.0542;0.0000;1;0;0;0;0;0;65536
2996;0;0;0;230;850;850;0.0000;0.0000;11.1111;7.3443;59.0542;0.0000;1;0;0;0;0;0;65536
3006;0;0;0;230;850;850;0.0000;0.0000;11.1111;7.3443;59.0542;0.0000;1;0;0;0;0;0;65536
3017;0;0;0;230;850;850;0.0000;0.0000;11.1111;7.3443;59.0542;0.0000;1;0;0;0;0;0;65536
3027;0;0;0;230;850;850;0.0000;0.0000;11.1111;7.3443;59.0542;0.0000;1;0;0;0;0;0;65536
3038;0;0;0;230;850;850;0.0000;0.0000;11.1111;7.3443;59.0542;0.0000;1;0;0;0;0;0;65536
3048;0;0;0;230;850;850;0.0000;0.0000;11.1111;7.3443;59.0542;0.0000;1;0;0;0;0;0;65536
3058;0;0;0;230;850;850;0.0000;0.0000;11.1111;7.3443;59.0542;0.0000;1;0;0;0;0;0;65536
3069;0;0;0;230;850;850;0.0000;0.0000;11.1111;7.3443;59.0542;0.0000;1;0;0;0;0;0;65536
3079;0;0;0;230;850;850;0.0000;0.0000;11.1111;7.3443;59.0542;0.0000;1;0;0;0;0;0;65536
3089;0;0;0;230;850;850;0.0000;0.0000;11.1111;7.3443;59.0542;0.0000;1;0;0;0;0;0;65536
3100;0;0;0;230;850;850;0.0000;0.0000;11.1111;7.3443;59.0542;0.0000;1;0;0;0;0;0;65536
3110;0;0;0;230;850;850;0.0000;0.0000;11.1111;7.3443;59.0542;0.0000;1;0;0;0;0;0;65536
3121;0;0;0;230;850;850;0.0000;0.0000;11.1111;7.3443;59.0542;0.0000;1;0;0;0;0;0;65536
3131;0;0;0;230;850;850;0.0000;0.0000;11.1111;7.3443;59.0542;0.0000;1;0;0;0;0;0;65536
3141;0;0;0;230;850;850;0.0000;0.0000;11.1111;7.3443;59.0542;0.0000;1;0;0;0;0;0;65536
3152;0;0;0;230;850;850;0.0000;0.0000;27.2727;7.3427;59.0554;0.0000;1;0;0;0;0;0;65536
3162;0;0;0;230;850;850;0.0000;0.0000;27.2727;7.3427;59.0554;0.0000;1;0;0;0;0;0;65536
3173;0;0;0;230;850;850;0.0000;0.0000;27.2727;7.3427;59.0554;0.0000;1;0;0;0;0;0;65536
3183;0;0;0;230;850;850;0.0000;0.0000;27.2727;7.3427;59.0554;0.0000;1;0;0;0;0;0;65536
3194;0;0;0;230;850;850;0.0000;0.0000;27.2727;7.3427;59.0554;0.0000;1;0;0;0;0;0;65536
3204;0;0;0;230;850;850;0.0000;0.0000;27.2727;7.3427;59.0554;0.0000;1;0;0;0;0;0;65536
3215;0;0;0;230;850;850;0.0000;0.0000;27.2727;7.3427;59.0554;0.0000;1;0;0;0;0;0;65536
3225;0;0;0;230;850;850;0.0000;0.0000;27.2727;7.3427;59.0554;0.0000;1;0;0;0;0;0;65536
3235;0;0;0;230;850;850;0.0000;0.0000;27.2727;7.3427;59.0554;0.0000;1;0;0;0;0;0;65540
3249;0;0;0;230;850;850;0.0000;0.0000;27.2727;7.3427;59.0554;0.0000;1;0;0;0;0;0;65540
3260;0;0;0;230;850;850;0.0000;0.0000;27.2727;7.3427;59.0554;0.0000;1;0;0;0;0;0;65540
3270;0;0;0;230;850;850;0.0000;0.0000;27.2727;7.3427;59.0554;0.0000;1;0;0;0;0;0;65540
3280;0;0;0;230;850;850;0.0000;0.0000;27.2727;7.3427;59.0554;0.0000;1;0;0;0;0;0;65540
3291;0;0;0;230;850;850;0.0000;0.0000;27.2727;7.3427;59.0554;0.0000;1;0;0;0;0;0;65540
3301;0;0;0;230;850;850;0.0000;0.0000;27.2727;7.3427;59.0554;0.0000;1;0;0;0;0;0;65540
3312;0;0;0;230;850;850;0.0000;0.0000;27.2727;7.3427;59.0554;0.0000;1;0;0;0;0;0;65540
3322;0;0;0;230;850;850;0.0000;0.0000;27.2727;7.3427;59.0554;0.0000;1;0;0;0;0;0;65540
3334;0;0;0;230;850;850;0.0000;0.0000;27.2727;7.3427;59.0554;0.0000;1;0;0;0;0;0;65540
3345;0;0;0;230;850;850;0.0000;0.0000;27.2727;7.3427;59.0554;0.0000;1;0;0;0;0;0;65548
3355;0;0;0;230;850;850;0.0000;0.0000;27.2727;7.3427;59.0554;0.0000;1;0;0;0;0;0;65548
3365;0;0;0;230;850;850;0.0000;0.0000;27.2727;7.3427;59.0554;0.0000;1;0;0;0;0;0;65548
3376;0;0;0;230;850;850;0.0000;0.0000;27.2727;7.3427;59.0554;0.0000;1;0;0;0;0;0;65548
3386;0;0;0;230;850;850;0.0000;0.0000;27.2727;7.3427;59.0554;0.0000;1;0;0;0;0;0;65548
3397;0;0;0;230;850;850;0.0000;0.0000;27.2727;7.3427;59.0554;0.0000;1;0;0;0;0;0;65548
3407;0;0;0;230;850;850;0.0000;0.0000;27.2727;7.3427;59.0554;0.0000;1;0;0;0;0;0;65548
3418;0;0;0;230;850;850;0.0000;0.0000;27.2727;7.3427;59.0554;0.0000;1;0;0;0;0;0;65548
3428;0;0;0;230;850;850;0.0000;0.0000;27.2727;7.3427;59.0554;0.0000;1;0;0;0;0;0;65548
3438;0;0;0;230;850;850;0.0000;0.0000;27.2727;7.3427;59.0554;0.0000;1;0;0;0;0;0;65548
3449;0;0;0;230;850;850;0.0000;0.0000;27.2727;7.3427;59.0554;0.0000;1;0;0;0;0;0;65564
3459;0;0;0;230;850;850;0.0000;0.0000;27.2727;7.3427;59.0554;0.0000;1;0;0;0;0;0;65564
3469;0;0;0;230;850;850;0.0000;0.0000;27.2727;7.3427;59.0554;0.0000;1;0;0;0;0;0;65564
3480;0;0;0;230;850;850;0.0000;0.0000;27.2727;7.3427;59.0554;0.0000;1;0;0;0;0;0;65564
3490;0;0;0;230;850;850;0.0000;0.0000;27.2727;7.3427;59.0554;0.0000;1;0;0;0;0;0;65564
3501;0;0;0;230;850;850;0.0000;0.0000;27.2727;7.3427;59.0554;0.0000;1;0;0;0;0;0;65564
3511;0;0;0;230;850;850;0.0000;0.0000;27.2727;7.3427;59.0554;0.0000;1;0;0;0;0;0;65564
3521;0;0;0;230;850;850;0.0000;0.0000;27.2727;7.3427;59.0554;0.0000;1;0;0;0;0;0;65564
3532;0;0;0;230;850;850;0.0000;0.0000;27.2727;7.3427;59.0554;0.0000;1;0;0;0;0;0;65564
3542;0;0;0;230;850;850;0.0000;0.0000;27.2727;7.3427;59.0554;0.0000;1;0;0;0;0;0;65564
3552;0;0;0;230;850;850;0.0000;0.0000;27.2727;7.3427;59.0554;0.0000;1;0;0;0;0;0;65564
3563;0;0;0;230;850;850;0.0000;0.0000;27.2727;7.3427;59.0554;0.0000;1;0;0;0;0;0;65564
3573;0;0;0;230;850;850;0.0000;0.0000;27.2727;7.3427;59.0554;0.0000;1;0;0;0;0;0;65564
3584;0;0;0;230;850;850;0.0000;0.0000;27.2727;7.3427;59.0554;0.0000;1;0;0;0;0;0;65564
3594;0;0;0;230;850;850;0.0000;0.0000;27.2727;7.3427;59.0554;0.0000;1;0;0;0;0;0;65564
3604;0;0;0;230;850;850;0.0000;0.0000;27.2727;7.3427;59.0554;0.0000;1;0;0;0;0;0;65564
3615;0;0;0;230;850;850;0.0000;0.0000;27.2727;7.3427;59.0554;0.0000;1;0;0;0;0;0;65564
3625;0;0;0;230;850;850;0.0000;0.0000;27.2727;7.3427;59.0554;0.0000;1;0;0;0;0;0;65564
3636;0;0;0;230;850;850;0.0000;0.0000;27.2727;7.3427;59.0554;0.0000;1;0;0;0;0;0;65564
3651;0;0;0;230;850;850;0.0000;0.0000;27.2727;7.3427;59.0554;0.0000;1;0;0;0;0;0;65564
3695;0;0;0;230;235;235;0.0000;0.0000;27.2727;7.3427;59.0554;0.0000;1;0;0;0;0;0;65564
3706;0;0;0;230;235;235;0.0000;0.0000;27.2727;7.3427;59.0554;0.0000;1;0;0;0;0;0;65564
3716;0;0;0;230;235;235;0.0000;0.0000;27.2727;7.3427;59.0554;0.0000;1;0;0;0;0;0;65564
3726;0;0;0;230;235;235;0.0000;0.0000;27.2727;7.3427;59.0554;0.0000;1;0;0;0;0;0;65564
3737;0;0;0;230;235;235;0.0000;0.0000;27.2727;7.3427;59.0554;0.0000;1;0;0;0;0;0;65564
3747;0;0;0;230;235;235;0.0000;0.0000;27.2727;7.3427;59.0554;0.0000;1;0;0;0;0;0;65564
3757;0;0;0;230;235;235;0.0000;0.0000;27.2727;7.3427;59.0554;0.0000;1;0;0;0;0;0;65560
3768;0;0;0;230;235;235;0.0000;0.0000;27.2727;7.3427;59.0554;0.0000;1;0;0;0;0;0;65560
3778;0;0;0;230;235;235;0.0000;0.0000;27.2727;7.3427;59.0554;0.0000;1;0;0;0;0;0;65560
3788;0;0;0;230;235;235;0.0000;0.0000;27.2727;7.3427;59.0554;0.0000;1;0;0;0;0;0;65560
3799;0;0;0;230;235;235;0.0000;0.0000;27.2727;7.3427;59.0554;0.0000;1;0;0;0;0;0;65560
3810;0;0;0;230;235;235;0.0000;0.0000;27.2727;7.3427;59.0554;0.0000;1;0;0;0;0;0;65560
3820;0;0;0;230;235;235;0.0000;0.0000;27.2727;7.3427;59.0554;0.0000;1;0;0;0;0;0;65560
3831;0;0;0;230;235;235;0.0000;0.0000;27.2727;7.3427;59.0554;0.0000;1;0;0;0;0;0;65560
3841;0;0;0;230;235;235;0.0000;0.0000;27.2727;7.3427;59.0554;0.0000;1;0;0;0;0;0;65560
3851;0;0;0;230;235;235;0.0000;0.0000;27.2727;7.3427;59.0554;0.0000;1;0;0;0;0;0;65560
3862;0;0;0;230;235;235;0.0000;0.0000;27.2727;7.3427;59.0554;0.0000;1;0;0;0;0;0;65552
3872;0;0;0;230;235;235;0.0000;0.0000;27.2727;7.3427;59.0554;0.0000;1;0;0;0;0;0;65552
3883;0;0;0;230;235;235;0.0000;0.0000;27.2727;7.3427;59.0554;0.0000;1;0;0;0;0;0;65552
3893;0;0;0;230;235;235;0.0000;0.0000;27.2727;7.3427;59.0554;0.0000;1;0;0;0;0;0;65552
3904;0;0;0;230;235;235;0.0000;0.0000;27.2727;7.3427;59.0554;0.0000;1;0;0;0;0;0;65552
3914;0;0;0;230;235;235;0.0000;0.0000;27.2727;7.3427;59.0554;0.0000;1;0;0;0;0;0;65552
3925;0;0;0;230;235;235;0.0000;0.0000;27.2727;7.3427;59.0554;0.0000;1;0;0;0;0;0;65552
3935;0;0;0;230;235;235;0.0000;0.0000;27.2727;7.3427;59.0554;0.0000;1;0;0;0;0;0;65552
3945;0;0;0;230;235;235;0.0000;0.0000;27.2727;7.3427;59.0554;0.0000;1;0;0;0;0;0;65552
3956;0;0;0;230;235;235;0.0000;0.0000;27.2727;7.3427;59.0554;0.0000;1;0;0;0;0;0;65552
3966;0;0;0;230;235;235;0.0000;0.0000;27.2727;7.3427;59.0554;0.0000;1;0;0;0;0;0;65536
3976;0;0;0;230;235;235;0.0000;0.0000;27.2727;7.3427;59.0554;0.0000;1;0;0;0;0;0;65536
3987;0;0;0;230;235;235;0.0000;0.0000;27.2727;7.3427;59.0554;0.0000;1;0;0;0;0;0;65536
3997;0;0;0;230;235;235;0.0000;0.0000;27.2727;7.3427;59.0554;0.0000;1;0;0;0;0;0;65536
4007;0;0;0;230;235;235;0.0000;0.0000;27.2727;7.3427;59.0554;0.0000;1;0;0;0;0;0;65536
4018;0;0;0;230;235;235;0.0000;0.0000;27.2727;7.3427;59.0554;0.0000;1;0;0;0;0;0;65536
4028;0;0;0;230;235;235;0.0000;0.0000;27.2727;7.3427;59.0554;0.0000;1;0;0;0;0;0;65536
4038;0;0;0;230;235;235;0.0000;0.0000;27.2727;7.3427;59.0554;0.0000;1;0;0;0;0;0;65536
4049;0;0;0;230;235;235;0.0000;0.0000;27.2727;7.3427;59.0554;0.0000;1;0;0;0;0;0;65536
4059;0;0;0;230;235;235;0.0000;0.0000;27.2727;7.3427;59.0554;0.0000;1;0;0;0;0;0;65536
4070;0;0;0;230;235;235;0.0000;0.0000;27.2727;7.3427;59.0554;0.0000;1;0;0;0;0;0;65536
4080;0;0;0;230;235;235;0.0000;0.0000;27.2727;7.3427;59.0554;0.0000;1;0;0;0;0;0;65536
4091;0;0;0;230;235;235;0.0000;0.0000;27.2727;7.3427;59.0554;0.0000;1;0;0;0;0;0;65536
4101;0;0;0;230;235;235;0.0000;0.0000;27.2727;7.3427;59.0554;0.0000;1;0;0;0;0;0;65536
4111;0;0;0;230;235;235;0.0000;0.0000;27.2727;7.3427;59.0554;0.0000;1;0;0;0;0;0;65536
4122;0;0;0;230;235;235;0.0000;0.0000;27.2727;7.3427;59.0554;0.0000;1;0;0;0;0;0;65536
4132;0;0;0;230;235;235;0.0000;0.0000;27.2727;7.3427;59.0554;0.0000;1;0;0;0;0;0;65536
4142;0;0;0;230;235;235;0.0000;0.0000;27.2727;7.3427;59.0554;0.0000;1;0;0;0;0;0;65536
4155;0;0;0;230;235;235;0.0000;0.0000;25.0000;7.3387;59.0566;0.0000;1;0;0;0;0;0;65536
4166;0;0;0;230;235;235;0.0000;0.0000;25.0000;7.3387;59.0566;0.0000;1;0;0;0;0;0;65536
4176;0;0;0;230;235;235;0.0000;0.0000;25.0000;7.3387;59.0566;0.0000;1;0;0;0;0;0;65536
4187;0;0;0;230;235;235;0.0000;0.0000;25.0000;7.3387;59.0566;0.0000;1;0;0;0;0;0;65536
4197;0;0;0;230;235;235;0.0000;0.0000;25.0000;7.3387;59.0566;0.0000;1;0;0;0;0;0;65536
4208;0;0;0;230;235;235;0.0000;0.0000;25.0000;7.3387;59.0566;0.0000;1;0;0;0;0;0;65536
4218;0;0;0;230;235;235;0.0000;0.0000;25.0000;7.3387;59.0566;0.0000;1;0;0;0;0;0;65536
4228;0;0;0;230;235;235;0.0000;0.0000;25.0000;7.3387;59.0566;0.0000;1;0;0;0;0;0;65536
4239;0;0;0;230;235;235;0.0000;0.0000;25.0000;7.3387;59.0566;0.0000;1;0;0;0;0;0;65536
4249;0;0;0;230;235;235;0.0000;0.0000;25.0000;7.3387;59.0566;0.0000;1;0;0;0;0;0;65536
4259;0;0;0;230;235;235;0.0000;0.0000;25.0000;7.3387;59.0566;0.0000;1;0;0;0;0;0;65536
4270;0;0;0;230;235;235;0.0000;0.0000;25.0000;7.3387;59.0566;0.0000;1;0;0;0;0;0;65540
4280;0;0;0;230;235;235;0.0000;0.0000;25.0000;7.3387;59.0566;0.0000;1;0;0;0;0;0;65540
4290;0;0;0;230;235;235;0.0000;0.0000;25.0000;7.3387;59.0566;0.0000;1;0;0;0;0;0;65540
4301;0;0;0;230;235;235;0.0000;0.0000;25.0000;7.3387;59.0566;0.0000;1;0;0;0;0;0;65540
4311;0;0;0;230;235;235;0.0000;0.0000;25.0000;7.3387;59.0566;0.0000;1;0;0;0;0;0;65540
4322;0;0;0;230;235;235;0.0000;0.0000;25.0000;7.3387;59.0566;0.0000;1;0;0;0;0;0;65540
4332;0;0;0;230;235;235;0.0000;0.0000;25.0000;7.3387;59.0566;0.0000;1;0;0;0;0;0;65540
4343;0;0;0;230;235;235;0.0000;0.0000;25.0000;7.3387;59.0566;0.0000;1;0;0;0;0;0;65540
4354;0;0;0;230;235;235;0.0000;0.0000;25.0000;7.3387;59.0566;0.0000;1;0;0;0;0;0;65540
4364;0;0;0;230;235;235;0.0000;0.0000;25.0000;7.3387;59.0566;0.0000;1;0;0;0;0;0;65540
4374;0;0;0;230;235;235;0.0000;0.0000;25.0000;7.3387;59.0566;0.0000;1;0;0;0;0;0;65548
4385;0;0;0;230;235;235;0.0000;0.0000;25.0000;7.3387;59.0566;0.0000;1;0;0;0;0;0;65548
4396;0;0;0;230;235;235;0.0000;0.0000;25.0000;7.3387;59.0566;0.0000;1;0;0;0;0;0;65548
4407;0;0;0;230;235;235;0.0000;0.0000;25.0000;7.3387;59.0566;0.0000;1;0;0;0;0;0;65548
4417;0;0;0;230;235;235;0.0000;0.0000;25.0000;7.3387;59.0566;0.0000;1;0;0;0;0;0;65548
4428;0;0;0;230;235;235;0.0000;0.0000;25.0000;7.3387;59.0566;0.0000;1;0;0;0;0;0;65548
4438;0;0;0;230;235;235;0.0000;0.0000;25.0000;7.3387;59.0566;0.0000;1;0;0;0;0;0;65548
4449;0;0;0;230;235;235;0.0000;0.0000;25.0000;7.3387;59.0566;0.0000;1;0;0;0;0;0;65548
4459;0;0;0;230;235;235;0.0000;0.0000;25.0000;7.3387;59.0566;0.0000;1;0;0;0;0;0;65548
4471;0;0;0;230;235;235;0.0000;0.0000;25.0000;7.3387;59.0566;0.0000;1;0;0;0;0;0;65548
4481;0;0;0;230;235;235;0.0000;0.0000;25.0000;7.3387;59.0566;0.0000;1;0;0;0;0;0;65564
4492;0;0;0;230;235;235;0.0000;0.0000;25.0000;7.3387;59.0566;0.0000;1;0;0;0;0;0;65564
4502;0;0;0;230;235;235;0.0000;0.0000;25.0000;7.3387;59.0566;0.0000;1;0;0;0;0;0;65564
4512;0;0;0;230;235;235;0.0000;0.0000;25.0000;7.3387;59.0566;0.0000;1;0;0;0;0;0;65564
4523;0;0;0;230;235;235;0.0000;0.0000;25.0000;7.3387;59.0566;0.0000;1;0;0;0;0;0;65564
4533;0;0;0;230;235;235;0.0000;0.0000;25.0000;7.3387;59.0566;0.0000;1;0;0;0;0;0;65564
4543;0;0;0;230;235;235;0.0000;0.0000;25.0000;7.3387;59.0566;0.0000;1;0;0;0;0;0;65564
4554;0;0;0;230;235;235;0.0000;0.0000;25.0000;7.3387;59.0566;0.0000;1;0;0;0;0;0;65564
4564;0;0;0;230;235;235;0.0000;0.0000;25.0000;7.3387;59.0566;0.0000;1;0;0;0;0;0;65564
4574;0;0;0;230;235;235;0.0000;0.0000;25.0000;7.3387;59.0566;0.0000;1;0;0;0;0;0;65564
4584;0;0;0;230;235;235;0.0000;0.0000;25.0000;7.3387;59.0566;0.0000;1;0;0;0;0;0;65564
4595;0;0;0;230;235;235;0.0000;0.0000;25.0000;7.3387;59.0566;0.0000;1;0;0;0;0;0;65564
4605;0;0;0;230;235;235;0.0000;0.0000;25.0000;7.3387;59.0566;0.0000;1;0;0;0;0;0;65564
4615;0;0;0;230;235;235;0.0000;0.0000;25.0000;7.3387;59.0566;0.0000;1;0;0;0;0;0;65564
4626;0;0;0;230;235;235;0.0000;0.0000;25.0000;7.3387;59.0566;0.0000;1;0;0;0;0;0;65564
4636;0;0;0;230;235;235;0.0000;0.0000;25.0000;7.3387;59.0566;0.0000;1;0;0;0;0;0;65564
4646;0;0;0;230;235;235;0.0000;0.0000;25.0000;7.3387;59.0566;0.0000;1;0;0;0;0;0;65564
4657;0;0;0;230;235;235;0.0000;0.0000;25.0000;7.3387;59.0566;0.0000;1;0;0;0;0;0;65564
4667;0;0;0;230;235;235;0.0000;0.0000;25.0000;7.3387;59.0566;0.0000;1;0;0;0;0;0;65564
4677;0;0;0;230;235;235;0.0000;0.0000;25.0000;7.3387;59.0566;0.0000;1;0;0;0;0;0;65564
4687;0;0;0;230;235;235;0.0000;0.0000;25.0000;7.3387;59.0566;0.0000;1;0;0;0;0;0;65564
4698;0;0;0;230;235;235;0.0000;0.0000;25.0000;7.3387;59.0566;0.0000;1;0;0;0;0;0;65564
4708;0;0;0;230;235;235;0.0000;0.0000;25.0000;7.3387;59.0566;0.0000;1;0;0;0;0;0;65564
4719;0;0;0;230;235;235;0.0000;0.0000;25.0000;7.3387;59.0566;0.0000;1;0;0;0;0;0;65564
4730;0;0;0;230;235;235;0.0000;0.0000;25.0000;7.3387;59.0566;0.0000;1;0;0;0;0;0;65564
4740;0;0;0;230;235;235;0.0000;0.0000;25.0000;7.3387;59.0566;0.0000;1;0;0;0;0;0;65564
4759;0;0;0;230;235;235;0.0000;0.0000;25.0000;7.3387;59.0566;0.0000;1;0;0;0;0;0;65564
4770;0;0;0;230;235;235;0.0000;0.0000;25.0000;7.3387;59.0566;0.0000;1;0;0;0;0;0;65564
4780;0;0;0;230;235;235;0.0000;0.0000;25.0000;7.3387;59.0566;0.0000;1;0;0;0;0;0;65564
4791;0;0;0;230;235;235;0.0000;0.0000;25.0000;7.3387;59.0566;0.0000;1;0;0;0;0;0;65564
4801;0;0;0;230;235;235;0.0000;0.0000;25.0000;7.3387;59.0566;0.0000;1;0;0;0;0;0;65564
4812;0;0;0;230;235;235;0.0000;0.0000;25.0000;7.3387;59.0566;0.0000;1;0;0;0;0;0;65564
4822;0;0;0;230;235;235;0.0000;0.0000;25.0000;7.3387;59.0566;0.0000;1;0;0;0;0;0;65564
4833;0;0;0;230;235;235;0.0000;0.0000;25.0000;7.3387;59.0566;0.0000;1;0;0;0;0;0;65564
4843;0;0;0;230;235;235;0.0000;0.0000;25.0000;7.3387;59.0566;0.0000;1;0;0;0;0;0;65564
4853;0;0;0;230;235;235;0.0000;0.0000;25.0000;7.3387;59.0566;0.0000;1;0;0;0;0;0;65564
4864;0;0;0;230;235;235;0.0000;0.0000;25.0000;7.3387;59.0566;0.0000;1;0;0;0;0;0;65564
4874;0;0;0;230;235;235;0.0000;0.0000;25.0000;7.3387;59.0566;0.0000;1;0;0;0;0;0;65564
4885;0;0;0;230;235;235;0.0000;0.0000;25.0000;7.3387;59.0566;0.0000;1;0;0;0;0;0;65564
4895;0;0;0;230;235;235;0.0000;0.0000;25.0000;7.3387;59.0566;0.0000;1;0;0;0;0;0;65564
4906;0;0;0;230;235;235;0.0000;0.0000;25.0000;7.3387;59.0566;0.0000;1;0;0;0;0;0;65564
4916;0;0;0;230;235;235;0.0000;0.0000;25.0000;7.3387;59.0566;0.0000;1;0;0;0;0;0;65564
4926;0;0;0;230;235;235;0.0000;0.0000;25.0000;7.3387;59.0566;0.0000;1;0;0;0;0;0;65564
4937;0;0;0;230;235;235;0.0000;0.0000;25.0000;7.3387;59.0566;0.0000;1;0;0;0;0;0;65564
4947;0;0;0;230;235;235;0.0000;0.0000;25.0000;7.3387;59.0566;0.0000;1;0;0;0;0;0;65564
4957;0;0;0;230;235;235;0.0000;0.0000;25.0000;7.3387;59.0566;0.0000;1;0;0;0;0;0;65564
4968;0;0;0;230;235;235;0.0000;0.0000;25.0000;7.3387;59.0566;0.0000;1;0;0;0;0;0;65564
4978;0;0;0;230;235;235;0.0000;0.0000;25.0000;7.3387;59.0566;0.0000;1;0;0;0;0;0;65564
4988;0;0;0;230;235;235;0.0000;0.0000;25.0000;7.3387;59.0566;0.0000;1;0;0;0;0;0;65560
4999;0;0;0;230;235;235;0.0000;0.0000;25.0000;7.3387;59.0566;0.0000;1;0;0;0;0;0;65536
5009;0;0;0;230;235;235;0.0000;0.0000;25.0000;7.3387;59.0566;0.0000;1;0;0;0;0;0;65536
5020;0;0;0;230;235;235;0.0000;0.0000;25.0000;7.3387;59.0566;0.0000;1;0;0;0;0;0;65536
5030;0;0;0;230;235;235;0.0000;0.0000;25.0000;7.3387;59.0566;0.0000;1;0;0;0;0;0;65536
5040;0;0;0;230;235;235;0.0000;0.0000;25.0000;7.3387;59.0566;0.0000;1;0;0;0;0;0;65536
5051;0;0;0;230;235;235;0.0000;0.0000;25.0000;7.3387;59.0566;0.0000;1;0;0;0;0;0;65536
5061;0;0;0;230;235;235;0.0000;0.0000;25.0000;7.3387;59.0566;0.0000;1;0;0;0;0;0;65536
5072;0;0;0;230;235;235;0.0000;0.0000;25.0000;7.3387;59.0566;0.0000;1;0;0;0;0;0;65536
5082;0;0;0;230;235;235;0.0000;0.0000;25.0000;7.3387;59.0566;0.0000;1;0;0;0;0;0;65536
5094;0;0;0;230;235;235;0.0000;0.0000;25.0000;7.3387;59.0566;0.0000;1;0;0;0;0;0;65536
5104;0;0;0;230;235;235;0.0000;0.0000;25.0000;7.3387;59.0566;0.0000;1;0;0;0;0;0;65536
5115;0;0;0;230;235;235;0.0000;0.0000;25.0000;7.3387;59.0566;0.0000;1;0;0;0;0;0;65536
5126;0;0;0;230;235;235;0.0000;0.0000;25.0000;7.3387;59.0566;0.0000;1;0;0;0;0;0;65536
5136;0;0;0;230;235;235;0.0000;0.0000;25.0000;7.3387;59.0566;0.0000;1;0;0;0;0;0;65536
5147;0;0;0;230;235;235;0.0000;0.0000;25.0000;7.3387;59.0566;0.0000;1;0;0;0;0;0;65536
5158;0;0;0;230;235;235;0.0000;0.0000;27.2727;7.3370;59.0579;0.0000;1;0;0;0;0;0;65536
5168;0;0;0;230;235;235;0.0000;0.0000;27.2727;7.3370;59.0579;0.0000;1;0;0;0;0;0;65536
5178;0;0;0;230;235;235;0.0000;0.0000;27.2727;7.3370;59.0579;0.0000;1;0;0;0;0;0;65536
5189;0;0;0;230;235;235;0.0000;0.0000;27.2727;7.3370;59.0579;0.0000;1;0;0;0;0;0;65536
5199;0;0;0;230;235;235;0.0000;0.0000;27.2727;7.3370;59.0579;0.0000;1;0;0;0;0;0;65536
5209;0;0;0;230;235;235;0.0000;0.0000;27.2727;7.3370;59.0579;0.0000;1;0;0;0;0;0;65536
5225;0;0;0;230;235;235;0.0000;0.0000;27.2727;7.3370;59.0579;0.0000;1;0;0;0;0;0;65536
5236;0;0;0;230;235;235;0.0000;0.0000;27.2727;7.3370;59.0579;0.0000;1;0;0;0;0;0;65536
5246;0;0;0;230;235;235;0.0000;0.0000;27.2727;7.3370;59.0579;0.0000;1;0;0;0;0;0;65536
5256;0;0;0;230;235;235;0.0000;0.0000;27.2727;7.3370;59.0579;0.0000;1;0;0;0;0;0;65536
5266;0;0;0;230;235;235;0.0000;0.0000;27.2727;7.3370;59.0579;0.0000;1;0;0;0;0;0;65536
5277;0;0;0;230;235;235;0.0000;0.0000;27.2727;7.3370;59.0579;0.0000;1;0;0;0;0;0;65536
5287;0;0;0;230;235;235;0.0000;0.0000;27.2727;7.3370;59.0579;0.0000;1;0;0;0;0;0;65536
5297;0;0;0;230;235;235;0.0000;0.0000;27.2727;7.3370;59.0579;0.0000;1;0;0;0;0;0;65540
5310;0;0;0;230;235;235;0.0000;0.0000;27.2727;7.3370;59.0579;0.0000;1;0;0;0;0;0;65540
5320;0;0;0;230;235;235;0.0000;0.0000;27.2727;7.3370;59.0579;0.0000;1;0;0;0;0;0;65540
5333;0;0;0;230;235;235;0.0000;0.0000;27.2727;7.3370;59.0579;0.0000;1;0;0;0;0;0;65540
5344;0;0;0;230;235;235;0.0000;0.0000;27.2727;7.3370;59.0579;0.0000;1;0;0;0;0;0;65540
5354;0;0;0;230;235;235;0.0000;0.0000;27.2727;7.3370;59.0579;0.0000;1;0;0;0;0;0;65540
5365;0;0;0;230;235;235;0.0000;0.0000;27.2727;7.3370;59.0579;0.0000;1;0;0;0;0;0;65540
5376;0;0;0;230;235;235;0.0000;0.0000;27.2727;7.3370;59.0579;0.0000;1;0;0;0;0;0;65540
5386;0;0;0;230;235;235;0.0000;0.0000;27.2727;7.3370;59.0579;0.0000;1;0;0;0;0;0;65540
5397;0;0;0;230;235;235;0.0000;0.0000;27.2727;7.3370;59.0579;0.0000;1;0;0;0;0;0;65540
5409;0;0;0;230;235;235;0.0000;0.0000;27.2727;7.3370;59.0579;0.0000;1;0;0;0;0;0;65566
5420;0;0;0;230;235;235;0.0000;0.0000;27.2727;7.3370;59.0579;0.0000;1;0;0;0;0;0;65566
5431;0;0;0;230;235;235;0.0000;0.0000;27.2727;7.3370;59.0579;0.0000;1;0;0;0;0;0;65566
5441;0;0;0;230;235;235;0.0000;0.0000;27.2727;7.3370;59.0579;0.0000;1;0;0;0;0;0;65566
5451;0;0;0;230;235;235;0.0000;0.0000;27.2727;7.3370;59.0579;0.0000;1;0;0;0;0;0;65566
5469;0;0;0;230;235;235;0.0000;0.0000;27.2727;7.3370;59.0579;0.0000;1;0;0;0;0;0;65566
5479;0;0;0;230;235;235;0.0000;0.0000;27.2727;7.3370;59.0579;0.0000;1;0;0;0;0;0;65566
5490;0;0;0;230;235;235;0.0000;0.0000;27.2727;7.3370;59.0579;0.0000;1;0;0;0;0;0;65566
5500;0;0;0;230;235;235;0.0000;0.0000;27.2727;7.3370;59.0579;0.0000;1;0;0;0;0;0;65566
5510;0;0;0;230;235;235;0.0000;0.0000;27.2727;7.3370;59.0579;0.0000;1;0;0;0;0;0;65566
5521;0;0;0;230;235;235;0.0000;0.0000;27.2727;7.3370;59.0579;0.0000;1;0;0;0;0;0;65566
5532;0;0;0;230;235;235;0.0000;0.0000;27.2727;7.3370;59.0579;0.0000;1;0;0;0;0;0;65566
5542;0;0;0;230;235;235;0.0000;0.0000;27.2727;7.3370;59.0579;0.0000;1;0;0;0;0;0;65566
5553;0;0;0;230;235;235;0.0000;0.0000;27.2727;7.3370;59.0579;0.0000;1;0;0;0;0;0;65566
5563;0;0;0;230;235;235;0.0000;0.0000;27.2727;7.3370;59.0579;0.0000;1;0;0;0;0;0;65566
5573;0;0;0;230;235;235;0.0000;0.0000;27.2727;7.3370;59.0579;0.0000;1;0;0;0;0;0;65566
5583;0;0;0;230;235;235;0.0000;0.0000;27.2727;7.3370;59.0579;0.0000;1;0;0;0;0;0;65566
5594;0;0;0;230;235;235;0.0000;0.0000;27.2727;7.3370;59.0579;0.0000;1;0;0;0;0;0;65566
5604;0;0;0;230;235;235;0.0000;0.0000;27.2727;7.3370;59.0579;0.0000;1;0;0;0;0;0;65566
5614;0;0;0;230;235;235;0.0000;0.0000;27.2727;7.3370;59.0579;0.0000;1;0;0;0;0;0;65566
5625;0;0;0;230;235;235;0.0000;0.0000;27.2727;7.3370;59.0579;0.0000;1;0;0;0;0;0;65566
5635;0;0;0;230;235;235;0.0000;0.0000;27.2727;7.3370;59.0579;0.0000;1;0;0;0;0;0;65566
5645;0;0;0;230;235;235;0.0000;0.0000;27.2727;7.3370;59.0579;0.0000;1;0;0;0;0;0;65566
5656;0;0;0;230;235;235;0.0000;0.0000;27.2727;7.3370;59.0579;0.0000;1;0;0;0;0;0;65566
5667;0;0;0;230;235;235;0.0000;0.0000;27.2727;7.3370;59.0579;0.0000;1;0;0;0;0;0;65566
5677;0;0;0;230;235;235;0.0000;0.0000;27.2727;7.3370;59.0579;0.0000;1;0;0;0;1;0;65566
5687;0;0;0;230;235;235;0.0000;0.0000;27.2727;7.3370;59.0579;0.0000;1;0;0;0;1;0;65566
5698;0;0;0;230;235;235;0.0000;0.0000;27.2727;7.3370;59.0579;0.0000;1;0;0;0;1;0;65566
5708;0;0;0;230;235;235;0.0000;0.0000;27.2727;7.3370;59.0579;0.0000;1;0;0;0;1;0;65566
5718;0;0;0;230;235;235;0.0000;0.0000;27.2727;7.3370;59.0579;0.0000;1;0;0;0;1;0;65566
5729;0;0;0;230;235;235;0.0000;0.0000;27.2727;7.3370;59.0579;0.0000;1;0;0;0;1;0;65566
5749;0;0;0;230;235;235;0.0000;0.0000;27.2727;7.3370;59.0579;0.0000;1;0;0;0;1;0;65566
5760;0;0;0;230;235;235;0.0000;0.0000;27.2727;7.3370;59.0579;0.0000;1;0;0;0;1;0;65566
5770;0;0;0;230;235;235;0.0000;0.0000;27.2727;7.3370;59.0579;0.0000;1;0;0;0;1;0;65566
5785;0;0;0;230;235;235;0.0000;0.0000;27.2727;7.3370;59.0579;0.0000;1;0;0;0;1;0;65566
5796;0;0;0;230;235;235;0.0000;0.0000;27.2727;7.3370;59.0579;0.0000;1;0;0;0;1;0;65566
5806;0;0;0;230;235;235;0.0000;0.0000;27.2727;7.3370;59.0579;0.0000;1;0;0;0;1;0;65566
5817;0;0;0;230;235;235;0.0000;0.0000;27.2727;7.3370;59.0579;0.0000;1;0;0;0;1;0;65566
5828;0;0;0;230;235;235;0.0000;0.0000;27.2727;7.3370;59.0579;0.0000;1;0;0;0;1;0;65566
5838;0;0;0;230;235;235;0.0000;0.0000;27.2727;7.3370;59.0579;0.0000;1;0;0;0;1;0;65566
5849;0;0;0;230;235;235;0.0000;0.0000;27.2727;7.3370;59.0579;0.0000;1;0;0;0;1;0;65566
5859;0;0;0;230;235;235;0.0000;0.0000;27.2727;7.3370;59.0579;0.0000;1;0;0;0;1;0;65566
5869;0;0;0;230;235;235;0.0000;0.0000;27.2727;7.3370;59.0579;0.0000;1;0;0;0;1;0;65566
5881;0;0;0;230;235;235;0.0000;0.0000;27.2727;7.3370;59.0579;0.0000;1;0;0;0;1;0;65566
5891;0;0;0;230;235;235;0.0000;0.0000;27.2727;7.3370;59.0579;0.0000;1;0;0;0;1;0;65566
5902;0;0;0;230;235;235;0.0000;0.0000;27.2727;7.3370;59.0579;0.0000;1;0;0;0;1;0;65566
5912;0;0;0;230;235;235;0.0000;0.0000;27.2727;7.3370;59.0579;0.0000;1;0;0;0;1;0;65566
5923;0;0;0;230;235;235;0.0000;0.0000;27.2727;7.3370;59.0579;0.0000;1;0;0;0;1;0;65552
5934;0;0;0;230;235;235;0.0000;0.0000;27.2727;7.3370;59.0579;0.0000;1;0;0;0;1;0;65536
5945;0;0;0;230;235;235;0.0000;0.0000;27.2727;7.3370;59.0579;0.0000;1;0;0;0;1;0;65536
5955;0;0;0;230;235;235;0.0000;0.0000;27.2727;7.3370;59.0579;0.0000;1;0;0;0;1;0;65536
5965;0;0;0;230;235;235;0.0000;0.0000;27.2727;7.3370;59.0579;0.0000;1;0;0;0;1;0;65536
5975;0;0;0;230;235;235;0.0000;0.0000;27.2727;7.3370;59.0579;0.0000;1;0;0;0;1;0;65536
5986;0;0;0;230;235;235;0.0000;0.0000;27.2727;7.3370;59.0579;0.0000;1;0;0;0;1;0;65536
5996;0;0;0;230;235;235;0.0000;0.0000;27.2727;7.3370;59.0579;0.0000;1;0;0;0;1;0;65536
6007;0;0;0;230;235;235;0.0000;0.0000;27.2727;7.3370;59.0579;0.0000;1;0;0;0;1;0;65536
6017;0;0;0;230;235;235;0.0000;0.0000;27.2727;7.3370;59.0579;0.0000;1;0;0;0;1;0;65536
6027;0;0;0;230;235;235;0.0000;0.0000;27.2727;7.3370;59.0579;0.0000;1;0;0;0;1;0;65536
6038;0;0;0;230;235;235;0.0000;0.0000;27.2727;7.3370;59.0579;0.0000;1;0;0;0;1;0;65536
6048;0;0;0;230;235;235;0.0000;0.0000;27.2727;7.3370;59.0579;0.0000;1;0;0;0;1;0;65536
6059;0;0;0;230;235;235;0.0000;0.0000;27.2727;7.3370;59.0579;0.0000;1;0;0;0;1;0;65536
6069;0;0;0;230;235;235;0.0000;0.0000;27.2727;7.3370;59.0579;0.0000;1;0;0;0;1;0;65536
6079;0;0;0;230;235;235;0.0000;0.0000;27.2727;7.3370;59.0579;0.0000;1;0;0;0;1;0;65536
6090;0;0;0;230;235;235;0.0000;0.0000;27.2727;7.3370;59.0579;0.0000;1;0;0;0;1;0;65536
6100;0;0;0;230;235;235;0.0000;0.0000;27.2727;7.3370;59.0579;0.0000;1;0;0;0;1;0;65536
6110;0;0;0;230;235;235;0.0000;0.0000;27.2727;7.3370;59.0579;0.0000;1;0;0;0;1;0;65536
6121;0;0;0;230;235;235;0.0000;0.0000;27.2727;7.3370;59.0579;0.0000;1;0;0;0;1;0;65536
6131;0;0;0;230;235;235;0.0000;0.0000;27.2727;7.3370;59.0579;0.0000;1;0;0;0;1;0;65536
6141;0;0;0;230;235;235;0.0000;0.0000;27.2727;7.3370;59.0579;0.0000;1;0;0;0;1;0;65536
6152;0;0;0;230;235;235;0.0000;0.0000;30.0000;7.3983;59.0591;0.0000;1;0;0;0;1;0;65536
6162;0;0;0;230;235;235;0.0000;0.0000;30.0000;7.3983;59.0591;0.0000;1;0;0;0;1;0;65536
6173;0;0;0;230;235;235;0.0000;0.0000;30.0000;7.3983;59.0591;0.0000;1;0;0;0;1;0;65536
6183;0;0;0;230;235;235;0.0000;0.0000;30.0000;7.3983;59.0591;0.0000;1;0;0;0;1;0;65536
6193;0;0;0;230;235;235;0.0000;0.0000;30.0000;7.3983;59.0591;0.0000;1;0;0;0;1;0;65536
6204;0;0;0;230;235;235;0.0000;0.0000;30.0000;7.3983;59.0591;0.0000;1;0;0;0;1;0;65536
6214;0;0;0;230;235;235;0.0000;0.0000;30.0000;7.3983;59.0591;0.0000;1;0;0;0;1;0;65536
6224;0;0;0;230;235;235;0.0000;0.0000;30.0000;7.3983;59.0591;0.0000;1;0;0;0;1;0;65536
6236;0;0;0;230;235;235;0.0000;0.0000;30.0000;7.3983;59.0591;0.0000;1;0;0;0;1;0;65540
6247;0;0;0;230;235;235;0.0000;0.0000;30.0000;7.3983;59.0591;0.0000;1;0;0;0;1;0;65540
6257;0;0;0;230;235;235;0.0000;0.0000;30.0000;7.3983;59.0591;0.0000;1;0;0;0;1;0;65540
6268;0;0;0;230;235;235;0.0000;0.0000;30.0000;7.3983;59.0591;0.0000;1;0;0;0;1;0;65540
6278;0;0;0;230;235;235;0.0000;0.0000;30.0000;7.3983;59.0591;0.0000;1;0;0;0;1;0;65540
6289;0;0;0;230;235;235;0.0000;0.0000;30.0000;7.3983;59.0591;0.0000;1;0;0;0;1;0;65540
6299;0;0;0;230;235;235;0.0000;0.0000;30.0000;7.3983;59.0591;0.0000;1;0;0;0;1;0;65540
6309;0;0;0;230;235;235;0.0000;0.0000;30.0000;7.3983;59.0591;0.0000;1;0;0;0;1;0;65540
6320;0;0;0;230;235;235;0.0000;0.0000;30.0000;7.3983;59.0591;0.0000;1;0;0;0;1;0;65540
6330;0;0;0;230;235;235;0.0000;0.0000;30.0000;7.3983;59.0591;0.0000;1;0;0;0;1;0;65540
6341;0;0;0;230;235;235;0.0000;0.0000;30.0000;7.3983;59.0591;0.0000;1;0;0;0;1;0;65540
6351;0;0;0;230;235;235;0.0000;0.0000;30.0000;7.3983;59.0591;0.0000;1;0;0;0;1;0;65540
6362;0;0;0;230;235;235;0.0000;0.0000;30.0000;7.3983;59.0591;0.0000;1;0;0;0;1;0;65540
6372;0;0;0;230;235;235;0.0000;0.0000;30.0000;7.3983;59.0591;0.0000;1;0;0;0;1;0;65540
6382;0;0;0;230;235;235;0.0000;0.0000;30.0000;7.3983;59.0591;0.0000;1;0;0;0;1;0;65540
6393;0;0;0;230;235;235;0.0000;0.0000;30.0000;7.3983;59.0591;0.0000;1;0;0;0;1;0;65540
6404;0;0;0;230;235;235;0.0000;0.0000;30.0000;7.3983;59.0591;0.0000;1;0;0;0;1;0;65540
6414;0;0;0;230;235;235;0.0000;0.0000;30.0000;7.3983;59.0591;0.0000;1;0;0;0;1;0;65540
6425;0;0;0;230;235;235;0.0000;0.0000;30.0000;7.3983;59.0591;0.0000;1;0;0;0;1;0;65540
6435;0;0;0;230;235;235;0.0000;0.0000;30.0000;7.3983;59.0591;0.0000;1;0;0;0;1;0;65540
6446;0;0;0;230;235;235;0.0000;0.0000;30.0000;7.3983;59.0591;0.0000;1;0;0;0;1;0;65566
6456;0;0;0;230;235;235;0.0000;0.0000;30.0000;7.3983;59.0591;0.0000;1;0;0;0;1;0;65566
6467;0;0;0;230;235;235;0.0000;0.0000;30.0000;7.3983;59.0591;0.0000;1;0;0;0;1;0;65566
6477;0;0;0;230;235;235;0.0000;0.0000;30.0000;7.3983;59.0591;0.0000;1;0;0;0;1;0;65566
6487;0;0;0;230;235;235;0.0000;0.0000;30.0000;7.3983;59.0591;0.0000;1;0;0;0;1;0;65566
6497;0;0;0;230;235;235;0.0000;0.0000;30.0000;7.3983;59.0591;0.0000;1;0;0;0;1;0;65566
6508;0;0;0;230;235;235;0.0000;0.0000;30.0000;7.3983;59.0591;0.0000;1;0;0;0;1;0;65566
6518;0;0;0;230;235;235;0.0000;0.0000;30.0000;7.3983;59.0591;0.0000;1;0;0;0;1;0;65566
6528;0;0;0;230;235;235;0.0000;0.0000;30.0000;7.3983;59.0591;0.0000;1;0;0;0;1;0;65566
6539;0;0;0;230;235;235;0.0000;0.0000;30.0000;7.3983;59.0591;0.0000;1;0;0;0;1;0;65566
6550;0;0;0;230;235;235;0.0000;0.0000;30.0000;7.3983;59.0591;0.0000;1;0;0;0;1;0;65566
6560;0;0;0;230;235;235;0.0000;0.0000;30.0000;7.3983;59.0591;0.0000;1;0;0;0;1;0;65566
6573;0;0;0;230;235;235;0.0000;0.0000;30.0000;7.3983;59.0591;0.0000;1;0;0;0;1;0;65566
6583;0;0;0;230;235;235;0.0000;0.0000;30.0000;7.3983;59.0591;0.0000;1;0;0;0;1;0;65566
6593;0;0;0;230;235;235;0.0000;0.0000;30.0000;7.3983;59.0591;0.0000;1;0;0;0;1;0;65566
6604;0;0;0;230;235;235;0.0000;0.0000;30.0000;7.3983;59.0591;0.0000;1;0;0;0;1;0;65566
6614;0;0;0;230;235;235;0.0000;0.0000;30.0000;7.3983;59.0591;0.0000;1;0;0;0;1;0;65566
6624;0;0;0;230;235;235;0.0000;0.0000;30.0000;7.3983;59.0591;0.0000;1;0;0;0;1;0;65566
6634;0;0;0;230;235;235;0.0000;0.0000;30.0000;7.3983;59.0591;0.0000;1;0;0;0;1;0;65566
6645;0;0;0;230;235;235;0.0000;0.0000;30.0000;7.3983;59.0591;0.0000;1;0;0;0;1;0;65566
6655;0;0;0;230;235;235;0.0000;0.0000;30.0000;7.3983;59.0591;0.0000;1;0;0;0;1;0;65566
6666;0;0;0;230;235;235;0.0000;0.0000;30.0000;7.3983;59.0591;0.0000;1;0;0;0;1;0;65566
6676;0;0;0;230;235;235;0.0000;0.0000;30.0000;7.3983;59.0591;0.0000;1;0;0;0;1;0;65566
6686;0;0;0;230;235;235;0.0000;0.0000;30.0000;7.3983;59.0591;0.0000;1;0;0;0;1;0;65566
6696;0;0;0;230;235;235;0.0000;0.0000;30.0000;7.3983;59.0591;0.0000;1;0;0;0;1;0;65566
6707;0;0;0;230;235;235;0.0000;0.0000;30.0000;7.3983;59.0591;0.0000;1;0;0;0;1;0;65566
6717;0;0;0;230;235;235;0.0000;0.0000;30.0000;7.3983;59.0591;0.0000;1;0;0;0;1;0;65566
6728;0;0;0;230;235;235;0.0000;0.0000;30.0000;7.3983;59.0591;0.0000;1;0;0;0;1;0;65566
6738;0;0;0;230;235;235;0.0000;0.0000;30.0000;7.3983;59.0591;0.0000;1;0;0;0;1;0;65566
6749;0;0;0;230;235;235;0.0000;0.0000;30.0000;7.3983;59.0591;0.0000;1;0;0;0;1;0;65566
6760;0;0;0;230;235;235;0.0000;0.0000;30.0000;7.3983;59.0591;0.0000;1;0;0;0;1;0;65566
6770;0;0;0;230;235;235;0.0000;0.0000;30.0000;7.3983;59.0591;0.0000;1;0;0;0;1;0;65566
6780;0;0;0;230;235;235;0.0000;0.0000;30.0000;7.3983;59.0591;0.0000;1;0;0;0;1;0;65566
6791;0;0;0;230;235;235;0.0000;0.0000;30.0000;7.3983;59.0591;0.0000;1;0;0;0;1;0;65566
6801;0;0;0;230;235;235;0.0000;0.0000;30.0000;7.3983;59.0591;0.0000;1;0;0;0;1;0;65566
6811;0;0;0;230;235;235;0.0000;0.0000;30.0000;7.3983;59.0591;0.0000;1;0;0;0;1;0;65566
6821;0;0;0;230;235;235;0.0000;0.0000;30.0000;7.3983;59.0591;0.0000;1;0;0;0;1;0;65566
6832;0;0;0;230;235;235;0.0000;0.0000;30.0000;7.3983;59.0591;0.0000;1;0;0;0;1;0;65566
6842;0;0;0;230;235;235;0.0000;0.0000;30.0000;7.3983;59.0591;0.0000;1;0;0;0;1;0;65566
6859;0;0;0;230;235;235;0.0000;0.0000;30.0000;7.3983;59.0591;0.0000;1;0;0;0;1;0;65566
6870;0;0;0;230;235;235;0.0000;0.0000;30.0000;7.3983;59.0591;0.0000;1;0;0;0;1;0;65566
6880;0;0;0;230;235;235;0.0000;0.0000;30.0000;7.3983;59.0591;0.0000;1;0;0;0;1;0;65566
6891;0;0;0;230;235;235;0.0000;0.0000;30.0000;7.3983;59.0591;0.0000;1;0;0;0;1;0;65566
6902;0;0;0;230;235;235;0.0000;0.0000;30.0000;7.3983;59.0591;0.0000;1;0;0;0;1;0;65566
6913;0;0;0;230;235;235;0.0000;0.0000;30.0000;7.3983;59.0591;0.0000;1;0;0;0;1;0;65566
6923;0;0;0;230;235;235;0.0000;0.0000;30.0000;7.3983;59.0591;0.0000;1;0;0;0;1;0;65566
6933;0;0;0;230;235;235;0.0000;0.0000;30.0000;7.3983;59.0591;0.0000;1;0;0;0;1;0;65566
6944;0;0;0;230;235;235;0.0000;0.0000;30.0000;7.3983;59.0591;0.0000;1;0;0;0;1;0;65566
6954;0;0;0;230;235;235;0.0000;0.0000;30.0000;7.3983;59.0591;0.0000;1;0;0;0;1;0;65566
6965;0;0;0;230;235;235;0.0000;0.0000;30.0000;7.3983;59.0591;0.0000;1;0;0;0;1;0;65552
6976;0;0;0;230;235;235;0.0000;0.0000;30.0000;7.3983;59.0591;0.0000;1;0;0;0;1;0;65536
6986;0;0;0;230;235;235;0.0000;0.0000;30.0000;7.3983;59.0591;0.0000;1;0;0;0;1;0;65536
6996;0;0;0;230;235;235;0.0000;0.0000;30.0000;7.3983;59.0591;0.0000;1;0;0;0;1;0;65536
7007;0;0;0;230;235;235;0.0000;0.0000;30.0000;7.3983;59.0591;0.0000;1;0;0;0;1;0;65536
7017;0;0;0;230;235;235;0.0000;0.0000;30.0000;7.3983;59.0591;0.0000;1;0;0;0;1;0;65536
7027;0;0;0;230;235;235;0.0000;0.0000;30.0000;7.3983;59.0591;0.0000;1;0;0;0;1;0;65536
7037;0;0;0;230;235;235;0.0000;0.0000;30.0000;7.3983;59.0591;0.0000;1;0;0;0;1;0;65536
7048;0;0;0;230;235;235;0.0000;0.0000;30.0000;7.3983;59.0591;0.0000;1;0;0;0;1;0;65536
7058;0;0;0;230;235;235;0.0000;0.0000;30.0000;7.3983;59.0591;0.0000;1;0;0;0;1;0;65536
7069;0;0;0;230;235;235;0.0000;0.0000;30.0000;7.3983;59.0591;0.0000;1;0;0;0;1;0;65536
7080;0;0;0;230;235;235;0.0000;0.0000;30.0000;7.3983;59.0591;0.0000;1;0;0;0;1;0;65536
7090;0;0;0;230;235;235;0.0000;0.0000;30.0000;7.3983;59.0591;0.0000;1;0;0;0;1;0;65536
7101;0;0;0;230;235;235;0.0000;0.0000;30.0000;7.3983;59.0591;0.0000;1;0;0;0;1;0;65536
7111;0;0;0;230;235;235;0.0000;0.0000;30.0000;7.3983;59.0591;0.0000;1;0;0;0;1;0;65536
7121;0;0;0;230;235;235;0.0000;0.0000;30.0000;7.3983;59.0591;0.0000;1;0;0;0;1;0;65536
7132;0;0;0;230;235;235;0.0000;0.0000;30.0000;7.3983;59.0591;0.0000;1;0;0;0;1;0;65536
7142;0;0;0;230;235;235;0.0000;0.0000;30.0000;7.3983;59.0591;0.0000;1;0;0;0;1;0;65536
7152;0;0;0;230;235;235;0.0000;0.0000;20.0000;7.3967;59.0603;0.0000;1;0;0;0;1;0;65536
7163;0;0;0;230;235;235;0.0000;0.0000;20.0000;7.3967;59.0603;0.0000;1;0;0;0;1;0;65536
7174;0;0;0;230;235;235;0.0000;0.0000;20.0000;7.3967;59.0603;0.0000;1;0;0;0;1;0;65536
7184;0;0;0;230;235;235;0.0000;0.0000;20.0000;7.3967;59.0603;0.0000;1;0;0;0;1;0;65536
7195;0;0;0;230;235;235;0.0000;0.0000;20.0000;7.3967;59.0603;0.0000;1;0;0;0;1;0;65536
7205;0;0;0;230;235;235;0.0000;0.0000;20.0000;7.3967;59.0603;0.0000;1;0;0;0;1;0;65536
7215;0;0;0;230;235;235;0.0000;0.0000;20.0000;7.3967;59.0603;0.0000;1;0;0;0;1;0;65536
7226;0;0;0;230;235;235;0.0000;0.0000;20.0000;7.3967;59.0603;0.0000;1;0;0;0;1;0;65536
7236;0;0;0;230;235;235;0.0000;0.0000;20.0000;7.3967;59.0603;0.0000;1;0;0;0;1;0;65536
7247;0;0;0;230;235;235;0.0000;0.0000;20.0000;7.3967;59.0603;0.0000;1;0;0;0;1;0;65536
7257;0;0;0;230;235;235;0.0000;0.0000;20.0000;7.3967;59.0603;0.0000;1;0;0;0;1;0;65536
7267;0;0;0;230;235;235;0.0000;0.0000;20.0000;7.3967;59.0603;0.0000;1;0;0;0;1;0;65536
7278;0;0;0;230;235;235;0.0000;0.0000;20.0000;7.3967;59.0603;0.0000;1;0;0;0;1;0;65540
7288;0;0;0;230;235;235;0.0000;0.0000;20.0000;7.3967;59.0603;0.0000;1;0;0;0;1;0;65540
7298;0;0;0;230;235;235;0.0000;0.0000;20.0000;7.3967;59.0603;0.0000;1;0;0;0;1;0;65540
7309;0;0;0;230;235;235;0.0000;0.0000;20.0000;7.3967;59.0603;0.0000;1;0;0;0;1;0;65540
7319;0;0;0;230;235;235;0.0000;0.0000;20.0000;7.3967;59.0603;0.0000;1;0;0;0;1;0;65540
7329;0;0;0;230;235;235;0.0000;0.0000;20.0000;7.3967;59.0603;0.0000;1;0;0;0;1;0;65540
7339;0;0;0;230;235;235;0.0000;0.0000;20.0000;7.3967;59.0603;0.0000;1;0;0;0;1;0;65540
7350;0;0;0;230;235;235;0.0000;0.0000;20.0000;7.3967;59.0603;0.0000;1;0;0;0;1;0;65540
7361;0;0;0;230;235;235;0.0000;0.0000;20.0000;7.3967;59.0603;0.0000;1;0;0;0;1;0;65540
7372;0;0;0;230;235;235;0.0000;0.0000;20.0000;7.3967;59.0603;0.0000;1;0;0;0;1;0;65540
7383;0;0;0;230;235;235;0.0000;0.0000;20.0000;7.3967;59.0603;0.0000;1;0;0;0;1;0;65548
7393;0;0;0;230;235;235;0.0000;0.0000;20.0000;7.3967;59.0603;0.0000;1;0;0;0;1;0;65548
7405;0;0;0;230;235;235;0.0000;0.0000;20.0000;7.3967;59.0603;0.0000;1;0;0;0;1;0;65548
7416;0;0;0;230;235;235;0.0000;0.0000;20.0000;7.3967;59.0603;0.0000;1;0;0;0;1;0;65548
7426;0;0;0;230;235;235;0.0000;0.0000;20.0000;7.3967;59.0603;0.0000;1;0;0;0;1;0;65548
7437;0;0;0;230;235;235;0.0000;0.0000;20.0000;7.3967;59.0603;0.0000;1;0;0;0;1;0;65548
7448;0;0;0;230;235;235;0.0000;0.0000;20.0000;7.3967;59.0603;0.0000;1;0;0;0;1;0;65548
7458;0;0;0;230;235;235;0.0000;0.0000;20.0000;7.3967;59.0603;0.0000;1;0;0;0;1;0;65548
7468;0;0;0;230;235;235;0.0000;0.0000;20.0000;7.3967;59.0603;0.0000;1;0;0;0;1;0;65548
7479;0;0;0;230;235;235;0.0000;0.0000;20.0000;7.3967;59.0603;0.0000;1;0;0;0;1;0;65548
7489;0;0;0;230;235;235;0.0000;0.0000;20.0000;7.3967;59.0603;0.0000;1;0;0;0;1;0;65566
7499;0;0;0;230;235;235;0.0000;0.0000;20.0000;7.3967;59.0603;0.0000;1;0;0;0;1;0;65566
7510;0;0;0;230;235;235;0.0000;0.0000;20.0000;7.3967;59.0603;0.0000;1;0;0;0;1;0;65566
7520;0;0;0;230;235;235;0.0000;0.0000;20.0000;7.3967;59.0603;0.0000;1;0;0;0;1;0;65566
7530;0;0;0;230;235;235;0.0000;0.0000;20.0000;7.3967;59.0603;0.0000;1;0;0;0;1;0;65566
7541;0;0;0;230;235;235;0.0000;0.0000;20.0000;7.3967;59.0603;0.0000;1;0;0;0;1;0;65566
7551;0;0;0;230;235;235;0.0000;0.0000;20.0000;7.3967;59.0603;0.0000;1;0;0;0;1;0;65566
7561;0;0;0;230;235;235;0.0000;0.0000;20.0000;7.3967;59.0603;0.0000;1;0;0;0;1;0;65566
7572;0;0;0;230;235;235;0.0000;0.0000;20.0000;7.3967;59.0603;0.0000;1;0;0;0;1;0;65566
7582;0;0;0;230;235;235;0.0000;0.0000;20.0000;7.3967;59.0603;0.0000;1;0;0;0;1;0;65566
7592;0;0;0;230;235;235;0.0000;0.0000;20.0000;7.3967;59.0603;0.0000;1;0;0;0;1;0;65566
7602;0;0;0;230;235;235;0.0000;0.0000;20.0000;7.3967;59.0603;0.0000;1;0;0;0;1;0;65566
7613;0;0;0;230;235;235;0.0000;0.0000;20.0000;7.3967;59.0603;0.0000;1;0;0;0;1;0;65566
7623;0;0;0;230;235;235;0.0000;0.0000;20.0000;7.3967;59.0603;0.0000;1;0;0;0;1;0;65566
7634;0;0;0;230;235;235;0.0000;0.0000;20.0000;7.3967;59.0603;0.0000;1;0;0;0;1;0;65566
7644;0;0;0;230;235;235;0.0000;0.0000;20.0000;7.3967;59.0603;0.0000;1;0;0;0;1;0;65566
7654;0;0;0;230;235;235;0.0000;0.0000;20.0000;7.3967;59.0603;0.0000;1;0;0;0;1;0;65566
7665;0;0;0;230;235;235;0.0000;0.0000;20.0000;7.3967;59.0603;0.0000;1;0;0;0;1;0;65566
7675;0;0;0;230;235;235;0.0000;0.0000;20.0000;7.3967;59.0603;0.0000;1;0;0;0;1;0;65566
7685;0;0;0;230;235;235;0.0000;0.0000;20.0000;7.3967;59.0603;0.0000;1;0;0;0;1;0;65566
7696;0;0;0;230;235;235;0.0000;0.0000;20.0000;7.3967;59.0603;0.0000;1;0;0;0;1;0;65566
7707;0;0;0;230;235;235;0.0000;0.0000;20.0000;7.3967;59.0603;0.0000;1;0;0;0;1;0;65566
7717;0;0;0;230;235;235;0.0000;0.0000;20.0000;7.3967;59.0603;0.0000;1;0;0;0;1;0;65566
7727;0;0;0;230;235;235;0.0000;0.0000;20.0000;7.3967;59.0603;0.0000;1;0;0;0;1;0;65566
7738;0;0;0;230;235;235;0.0000;0.0000;20.0000;7.3967;59.0603;0.0000;1;0;0;0;1;0;65566
7749;0;0;0;230;235;235;0.0000;0.0000;20.0000;7.3967;59.0603;0.0000;1;0;0;0;1;0;65566
7759;0;0;0;230;235;235;0.0000;0.0000;20.0000;7.3967;59.0603;0.0000;1;0;0;0;1;0;65566
7770;0;0;0;230;235;235;0.0000;0.0000;20.0000;7.3967;59.0603;0.0000;1;0;0;0;1;0;65566
7780;0;0;0;230;235;235;0.0000;0.0000;20.0000;7.3967;59.0603;0.0000;1;0;0;0;1;0;65566
7790;0;0;0;230;235;235;0.0000;0.0000;20.0000;7.3967;59.0603;0.0000;1;0;0;0;1;0;65566
7800;0;0;0;230;235;235;0.0000;0.0000;20.0000;7.3967;59.0603;0.0000;1;0;0;0;1;0;65566
7811;0;0;0;230;235;235;0.0000;0.0000;20.0000;7.3967;59.0603;0.0000;1;0;0;0;1;0;65566
7821;0;0;0;230;235;235;0.0000;0.0000;20.0000;7.3967;59.0603;0.0000;1;0;0;0;1;0;65566
7831;0;0;0;230;235;235;0.0000;0.0000;20.0000;7.3967;59.0603;0.0000;1;0;0;0;1;0;65566
7842;0;0;0;230;235;235;0.0000;0.0000;20.0000;7.3967;59.0603;0.0000;1;0;0;0;1;0;65566
7852;0;0;0;230;235;235;0.0000;0.0000;20.0000;7.3967;59.0603;0.0000;1;0;0;0;1;0;65566
7862;0;0;0;230;235;235;0.0000;0.0000;20.0000;7.3967;59.0603;0.0000;1;0;0;0;1;0;65566
7873;0;0;0;230;235;235;0.0000;0.0000;20.0000;7.3967;59.0603;0.0000;1;0;0;0;1;0;65566
7883;0;0;0;230;235;235;0.0000;0.0000;20.0000;7.3967;59.0603;0.0000;1;0;0;0;1;0;65566
7895;0;0;0;230;235;235;0.0000;0.0000;20.0000;7.3967;59.0603;0.0000;1;0;0;0;1;0;65566
7905;0;0;0;230;235;235;0.0000;0.0000;20.0000;7.3967;59.0603;0.0000;1;0;0;0;1;0;65566
7916;0;0;0;230;235;235;0.0000;0.0000;20.0000;7.3967;59.0603;0.0000;1;0;0;0;1;0;65566
7926;0;0;0;230;235;235;0.0000;0.0000;20.0000;7.3967;59.0603;0.0000;1;0;0;0;1;0;65566
7936;0;0;0;230;235;235;0.0000;0.0000;20.0000;7.3967;59.0603;0.0000;1;0;0;0;1;0;65566
7947;0;0;0;230;235;235;0.0000;0.0000;20.0000;7.3967;59.0603;0.0000;1;0;0;0;1;0;65566
7958;0;0;0;230;235;235;0.0000;0.0000;20.0000;7.3967;59.0603;0.0000;1;0;0;0;1;0;65566
7968;0;0;0;230;235;235;0.0000;0.0000;20.0000;7.3967;59.0603;0.0000;1;0;0;0;1;0;65566
7984;0;0;0;230;235;235;0.0000;0.0000;20.0000;7.3967;59.0603;0.0000;1;0;0;0;1;0;65566
7995;0;0;0;230;235;235;0.0000;0.0000;20.0000;7.3967;59.0603;0.0000;1;0;0;0;1;0;65566
8005;0;0;0;230;235;235;0.0000;0.0000;20.0000;7.3967;59.0603;0.0000;1;0;0;0;1;0;65536
8015;0;0;0;230;235;235;0.0000;0.0000;20.0000;7.3967;59.0603;0.0000;1;0;0;0;1;0;65536
8026;0;0;0;230;235;235;0.0000;0.0000;20.0000;7.3967;59.0603;0.0000;1;0;0;0;1;0;65536
8036;0;0;0;230;235;235;0.0000;0.0000;20.0000;7.3967;59.0603;0.0000;1;0;0;0;1;0;65536
8047;0;0;0;230;235;235;0.0000;0.0000;20.0000;7.3967;59.0603;0.0000;1;0;0;0;1;0;65536
8058;0;0;0;230;235;235;0.0000;0.0000;20.0000;7.3967;59.0603;0.0000;1;0;0;0;1;0;65536
8068;0;0;0;230;235;235;0.0000;0.0000;20.0000;7.3967;59.0603;0.0000;1;0;0;0;1;0;65536
8079;0;0;0;230;235;235;0.0000;0.0000;20.0000;7.3967;59.0603;0.0000;1;0;0;0;1;0;65536
8089;0;0;0;230;235;235;0.0000;0.0000;20.0000;7.3967;59.0603;0.0000;1;0;0;0;1;0;65536
8099;0;0;0;230;235;235;0.0000;0.0000;20.0000;7.3967;59.0603;0.0000;1;0;0;0;1;0;65536
8110;0;0;0;230;235;235;0.0000;0.0000;20.0000;7.3967;59.0603;0.0000;1;0;0;0;1;0;65536
8120;0;0;0;230;235;235;0.0000;0.0000;20.0000;7.3967;59.0603;0.0000;1;0;0;0;1;0;65536
8135;0;0;0;230;235;235;0.0000;0.0000;20.0000;7.3967;59.0603;0.0000;1;0;0;0;1;0;65536
8145;0;0;0;230;235;235;0.0000;0.0000;20.0000;7.3967;59.0603;0.0000;1;0;0;0;1;0;65536
8156;0;0;0;230;235;235;0.0000;0.0000;54.5455;7.3951;59.0616;0.0000;1;0;0;0;1;0;65536
8166;0;0;0;230;235;235;0.0000;0.0000;54.5455;7.3951;59.0616;0.0000;1;0;0;0;1;0;65536
8177;0;0;0;230;235;235;0.0000;0.0000;54.5455;7.3951;59.0616;0.0000;1;0;0;0;1;0;65536
8187;0;0;0;230;235;235;0.0000;0.0000;54.5455;7.3951;59.0616;0.0000;1;0;0;0;1;0;65536
8197;0;0;0;230;235;235;0.0000;0.0000;54.5455;7.3951;59.0616;0.0000;1;0;0;0;1;0;65536
8208;0;0;0;230;235;235;0.0000;0.0000;54.5455;7.3951;59.0616;0.0000;1;0;0;0;1;0;65536
8218;0;0;0;230;235;235;0.0000;0.0000;54.5455;7.3951;59.0616;0.0000;1;0;0;0;1;0;65536
8228;0;0;0;230;235;235;0.0000;0.0000;54.5455;7.3951;59.0616;0.0000;1;0;0;0;1;0;65536
8239;0;0;0;230;235;235;0.0000;0.0000;54.5455;7.3951;59.0616;0.0000;1;0;0;0;1;0;65536
8251;0;0;0;230;235;235;0.0000;0.0000;54.5455;7.3951;59.0616;0.0000;1;0;0;0;1;0;65536
8261;0;0;0;230;235;235;0.0000;0.0000;54.5455;7.3951;59.0616;0.0000;1;0;0;0;1;0;65536
8272;0;0;0;230;235;235;0.0000;0.0000;54.5455;7.3951;59.0616;0.0000;1;0;0;0;1;0;65536
8282;0;0;0;230;235;235;0.0000;0.0000;54.5455;7.3951;59.0616;0.0000;1;0;0;0;1;0;65536
8292;0;0;0;230;235;235;0.0000;0.0000;54.5455;7.3951;59.0616;0.0000;1;0;0;0;1;0;65536
8303;0;0;0;230;235;235;0.0000;0.0000;54.5455;7.3951;59.0616;0.0000;1;0;0;0;1;0;65536
8313;0;0;0;230;235;235;0.0000;0.0000;54.5455;7.3951;59.0616;0.0000;1;0;0;0;1;0;65540
8323;0;0;0;230;235;235;0.0000;0.0000;54.5455;7.3951;59.0616;0.0000;1;0;0;0;1;0;65540
8334;0;0;0;230;235;235;0.0000;0.0000;54.5455;7.3951;59.0616;0.0000;1;0;0;0;1;0;65540
8344;0;0;0;230;235;235;0.0000;0.0000;54.5455;7.3951;59.0616;0.0000;1;0;0;0;1;0;65540
8355;0;0;0;230;235;235;0.0000;0.0000;54.5455;7.3951;59.0616;0.0000;1;0;0;0;1;0;65540
8365;0;0;0;230;235;235;0.0000;0.0000;54.5455;7.3951;59.0616;0.0000;1;0;0;0;1;0;65540
8376;0;0;0;230;235;235;0.0000;0.0000;54.5455;7.3951;59.0616;0.0000;1;0;0;0;1;0;65540
8386;0;0;0;230;235;235;0.0000;0.0000;54.5455;7.3951;59.0616;0.0000;1;0;0;0;1;0;65540
8397;0;0;0;230;235;235;0.0000;0.0000;54.5455;7.3951;59.0616;0.0000;1;0;0;0;1;0;65540
8407;0;0;0;230;235;235;0.0000;0.0000;54.5455;7.3951;59.0616;0.0000;1;0;0;0;1;0;65540
8419;0;0;0;230;235;235;0.0000;0.0000;54.5455;7.3951;59.0616;0.0000;1;0;0;0;1;0;65566
8430;0;0;0;230;235;235;0.0000;0.0000;54.5455;7.3951;59.0616;0.0000;1;0;0;0;1;0;65566
8440;0;0;0;230;235;235;0.0000;0.0000;54.5455;7.3951;59.0616;0.0000;1;0;0;0;1;0;65566
8451;0;0;0;230;235;235;0.0000;0.0000;54.5455;7.3951;59.0616;0.0000;1;0;0;0;1;0;65566
8461;0;0;0;230;235;235;0.0000;0.0000;54.5455;7.3951;59.0616;0.0000;1;0;0;0;1;0;65566
8471;0;0;0;230;235;235;0.0000;0.0000;54.5455;7.3951;59.0616;0.0000;1;0;0;0;1;0;65566
8482;0;0;0;230;235;235;0.0000;0.0000;54.5455;7.3951;59.0616;0.0000;1;0;0;0;1;0;65566
8492;0;0;0;230;235;235;0.0000;0.0000;54.5455;7.3951;59.0616;0.0000;1;0;0;0;1;0;65566
8502;0;0;0;230;235;235;0.0000;0.0000;54.5455;7.3951;59.0616;0.0000;1;0;0;0;1;0;65566
8513;0;0;0;230;235;235;0.0000;0.0000;54.5455;7.3951;59.0616;0.0000;1;0;0;0;1;0;65566
8523;0;0;0;230;235;235;0.0000;0.0000;54.5455;7.3951;59.0616;0.0000;1;0;0;0;1;0;65566
8533;0;0;0;230;235;235;0.0000;0.0000;54.5455;7.3951;59.0616;0.0000;1;0;0;0;1;0;65566
8544;0;0;0;230;235;235;0.0000;0.0000;54.5455;7.3951;59.0616;0.0000;1;0;0;0;1;0;65566
8554;0;0;0;230;235;235;0.0000;0.0000;54.5455;7.3951;59.0616;0.0000;1;0;0;0;1;0;65566
8565;0;0;0;230;235;235;0.0000;0.0000;54.5455;7.3951;59.0616;0.0000;1;0;0;0;1;0;65566
8575;0;0;0;230;235;235;0.0000;0.0000;54.5455;7.3951;59.0616;0.0000;1;0;0;0;1;0;65566
8585;0;0;0;230;235;235;0.0000;0.0000;54.5455;7.3951;59.0616;0.0000;1;0;0;0;1;0;65566
8595;0;0;0;230;235;235;0.0000;0.0000;54.5455;7.3951;59.0616;0.0000;1;0;0;0;1;0;65566
8606;0;0;0;230;235;235;0.0000;0.0000;54.5455;7.3951;59.0616;0.0000;1;0;0;0;1;0;65566
8616;0;0;0;230;235;235;0.0000;0.0000;54.5455;7.3951;59.0616;0.0000;1;0;0;0;1;0;65566
8626;0;0;0;230;235;235;0.0000;0.0000;54.5455;7.3951;59.0616;0.0000;1;0;0;0;1;0;65566
8637;0;0;0;230;235;235;0.0000;0.0000;54.5455;7.3951;59.0616;0.0000;1;0;0;0;1;0;65566
8647;0;0;0;230;235;235;0.0000;0.0000;54.5455;7.3951;59.0616;0.0000;1;0;0;0;1;0;65566
8658;0;0;0;230;235;235;0.0000;0.0000;54.5455;7.3951;59.0616;0.0000;1;0;0;0;1;0;65566
8679;0;0;0;230;235;235;0.0000;0.0000;54.5455;7.3951;59.0616;0.0000;1;0;0;0;1;0;65566
8700;0;0;0;230;235;235;0.0000;0.0000;54.5455;7.3951;59.0616;0.0000;1;0;0;0;1;0;65566
8710;0;0;0;230;235;235;0.0000;0.0000;54.5455;7.3951;59.0616;0.0000;1;0;0;0;1;0;65566
8721;0;0;0;230;235;235;0.0000;0.0000;54.5455;7.3951;59.0616;0.0000;1;0;0;0;1;0;65566
8731;0;0;0;230;235;235;0.0000;0.0000;54.5455;7.3951;59.0616;0.0000;1;0;0;0;1;0;65566
8742;0;0;0;230;235;235;0.0000;0.0000;54.5455;7.3951;59.0616;0.0000;1;0;0;0;1;0;65566
8752;0;0;0;230;235;235;0.0000;0.0000;54.5455;7.3951;59.0616;0.0000;1;0;0;0;1;0;65566
8763;0;0;0;230;235;235;0.0000;0.0000;54.5455;7.3951;59.0616;0.0000;1;0;0;0;1;0;65566
8773;0;0;0;230;235;235;0.0000;0.0000;54.5455;7.3951;59.0616;0.0000;1;0;0;0;1;0;65566
8783;0;0;0;230;235;235;0.0000;0.0000;54.5455;7.3951;59.0616;0.0000;1;0;0;0;1;0;65566
8794;0;0;0;230;235;235;0.0000;0.0000;54.5455;7.3951;59.0616;0.0000;1;0;0;0;1;0;65566
8804;0;0;0;230;235;235;0.0000;0.0000;54.5455;7.3951;59.0616;0.0000;1;0;0;0;1;0;65566
8814;0;0;0;230;235;235;0.0000;0.0000;54.5455;7.3951;59.0616;0.0000;1;0;0;0;1;0;65566
8825;0;0;0;230;235;235;0.0000;0.0000;54.5455;7.3951;59.0616;0.0000;1;0;0;0;1;0;65566
8835;0;0;0;230;235;235;0.0000;0.0000;54.5455;7.3951;59.0616;0.0000;1;0;0;0;1;0;65566
8845;0;0;0;230;235;235;0.0000;0.0000;54.5455;7.3951;59.0616;0.0000;1;0;0;0;1;0;65566
8856;0;0;0;230;235;235;0.0000;0.0000;54.5455;7.3951;59.0616;0.0000;1;0;0;0;1;0;65566
8866;0;0;0;230;235;235;0.0000;0.0000;54.5455;7.3951;59.0616;0.0000;1;0;0;0;1;0;65566
8877;0;0;0;230;235;235;0.0000;0.0000;54.5455;7.3951;59.0616;0.0000;1;0;0;0;1;0;65566
8887;0;0;0;230;235;235;0.0000;0.0000;54.5455;7.3951;59.0616;0.0000;1;0;0;0;1;0;65566
8897;0;0;0;230;235;235;0.0000;0.0000;54.5455;7.3951;59.0616;0.0000;1;0;0;0;1;0;65566
8907;0;0;0;230;235;235;0.0000;0.0000;54.5455;7.3951;59.0616;0.0000;1;0;0;0;1;0;65566
8918;0;0;0;230;235;235;0.0000;0.0000;54.5455;7.3951;59.0616;0.0000;1;0;0;0;1;0;65566
8928;0;0;0;230;235;235;0.0000;0.0000;54.5455;7.3951;59.0616;0.0000;1;0;0;0;1;0;65566
8938;0;0;0;230;235;235;0.0000;0.0000;54.5455;7.3951;59.0616;0.0000;1;0;0;0;1;0;65536
8949;0;0;0;230;235;235;0.0000;0.0000;54.5455;7.3951;59.0616;0.0000;1;0;0;0;1;0;65536
8959;0;0;0;230;235;235;0.0000;0.0000;54.5455;7.3951;59.0616;0.0000;1;0;0;0;1;0;65536
8970;0;0;0;230;235;235;0.0000;0.0000;54.5455;7.3951;59.0616;0.0000;1;0;0;0;1;0;65536
8980;0;0;0;230;235;235;0.0000;0.0000;54.5455;7.3951;59.0616;0.0000;1;0;0;0;1;0;65536
8991;0;0;0;230;235;235;0.0000;0.0000;54.5455;7.3951;59.0616;0.0000;1;0;0;0;1;0;65536
9005;0;0;0;230;235;235;0.0000;0.0000;54.5455;7.3951;59.0616;0.0000;1;0;0;0;1;0;65536
9015;0;0;0;230;235;235;0.0000;0.0000;54.5455;7.3951;59.0616;0.0000;1;0;0;0;1;0;65536
9025;0;0;0;230;235;235;0.0000;0.0000;54.5455;7.3951;59.0616;0.0000;1;0;0;0;1;0;65536
9036;0;0;0;230;235;235;0.0000;0.0000;54.5455;7.3951;59.0616;0.0000;1;0;0;0;1;0;65536
9046;0;0;0;230;235;235;0.0000;0.0000;54.5455;7.3951;59.0616;0.0000;1;0;0;0;1;0;65536
9057;0;0;0;230;235;235;0.0000;0.0000;54.5455;7.3951;59.0616;0.0000;1;0;0;0;1;0;65536
9067;0;0;0;230;235;235;0.0000;0.0000;54.5455;7.3951;59.0616;0.0000;1;0;0;0;1;0;65536
9078;0;0;0;230;235;235;0.0000;0.0000;54.5455;7.3951;59.0616;0.0000;1;0;0;0;1;0;65536
9088;0;0;0;230;235;235;0.0000;0.0000;54.5455;7.3951;59.0616;0.0000;1;0;0;0;1;0;65536
9099;0;0;0;230;235;235;0.0000;0.0000;54.5455;7.3951;59.0616;0.0000;1;0;0;0;1;0;65536
9109;0;0;0;230;235;235;0.0000;0.0000;54.5455;7.3951;59.0616;0.0000;1;0;0;0;1;0;65536
9120;0;0;0;230;235;235;0.0000;0.0000;54.5455;7.3951;59.0616;0.0000;1;0;0;0;1;0;65536
9130;0;0;0;230;235;235;0.0000;0.0000;54.5455;7.3951;59.0616;0.0000;1;0;0;0;1;0;65536
9140;0;0;0;230;235;235;0.0000;0.0000;54.5455;7.3951;59.0616;0.0000;1;0;0;0;1;0;65536
9151;0;0;0;230;235;235;0.0000;0.0000;54.5455;7.3951;59.0616;0.0000;1;0;0;0;1;0;65536
9161;0;0;0;230;235;235;0.0000;0.0000;27.2727;7.3919;59.0628;0.0000;1;0;0;0;1;0;65536
9172;0;0;0;230;235;235;0.0000;0.0000;27.2727;7.3919;59.0628;0.0000;1;0;0;0;1;0;65536
9182;0;0;0;230;235;235;0.0000;0.0000;27.2727;7.3919;59.0628;0.0000;1;0;0;0;1;0;65536
9192;0;0;0;230;235;235;0.0000;0.0000;27.2727;7.3919;59.0628;0.0000;1;0;0;0;1;0;65536
9203;0;0;0;230;235;235;0.0000;0.0000;27.2727;7.3919;59.0628;0.0000;1;0;0;0;1;0;65536
9213;0;0;0;230;235;235;0.0000;0.0000;27.2727;7.3919;59.0628;0.0000;1;0;0;0;1;0;65536
9224;0;0;0;230;235;235;0.0000;0.0000;27.2727;7.3919;59.0628;0.0000;1;0;0;0;1;0;65536
9235;0;0;0;230;235;235;0.0000;0.0000;27.2727;7.3919;59.0628;0.0000;1;0;0;0;1;0;65536
9245;0;0;0;230;235;235;0.0000;0.0000;27.2727;7.3919;59.0628;0.0000;1;0;0;0;1;0;65540
9256;0;0;0;230;235;235;0.0000;0.0000;27.2727;7.3919;59.0628;0.0000;1;0;0;0;1;0;65540
9266;0;0;0;230;235;235;0.0000;0.0000;27.2727;7.3919;59.0628;0.0000;1;0;0;0;1;0;65540
9277;0;0;0;230;235;235;0.0000;0.0000;27.2727;7.3919;59.0628;0.0000;1;0;0;0;1;0;65540
9287;0;0;0;230;235;235;0.0000;0.0000;27.2727;7.3919;59.0628;0.0000;1;0;0;0;1;0;65540
9297;0;0;0;230;235;235;0.0000;0.0000;27.2727;7.3919;59.0628;0.0000;1;0;0;0;1;0;65540
9308;0;0;0;230;235;235;0.0000;0.0000;27.2727;7.3919;59.0628;0.0000;1;0;0;0;1;0;65540
9318;0;0;0;230;235;235;0.0000;0.0000;27.2727;7.3919;59.0628;0.0000;1;0;0;0;1;0;65540
9328;0;0;0;230;235;235;0.0000;0.0000;27.2727;7.3919;59.0628;0.0000;1;0;0;0;1;0;65540
9339;0;0;0;230;235;235;0.0000;0.0000;27.2727;7.3919;59.0628;0.0000;1;0;0;0;1;0;65540
9349;0;0;0;230;235;235;0.0000;0.0000;27.2727;7.3919;59.0628;0.0000;1;0;0;0;1;0;65540
9360;0;0;0;230;235;235;0.0000;0.0000;27.2727;7.3919;59.0628;0.0000;1;0;0;0;1;0;65540
9370;0;0;0;230;235;235;0.0000;0.0000;27.2727;7.3919;59.0628;0.0000;1;0;0;0;1;0;65540
9381;0;0;0;230;235;235;0.0000;0.0000;27.2727;7.3919;59.0628;0.0000;1;0;0;0;1;0;65540
9391;0;0;0;230;235;235;0.0000;0.0000;27.2727;7.3919;59.0628;0.0000;1;0;0;0;1;0;65540
9402;0;0;0;230;235;235;0.0000;0.0000;27.2727;7.3919;59.0628;0.0000;1;0;0;0;1;0;65540
9413;0;0;0;230;235;235;0.0000;0.0000;27.2727;7.3919;59.0628;0.0000;1;0;0;0;1;0;65540
9423;0;0;0;230;235;235;0.0000;0.0000;27.2727;7.3919;59.0628;0.0000;1;0;0;0;1;0;65540
9434;0;0;0;230;235;235;0.0000;0.0000;27.2727;7.3919;59.0628;0.0000;1;0;0;0;1;0;65540
9444;0;0;0;230;235;235;0.0000;0.0000;27.2727;7.3919;59.0628;0.0000;1;0;0;0;1;0;65540
9454;0;0;0;230;235;235;0.0000;0.0000;27.2727;7.3919;59.0628;0.0000;1;0;0;0;1;0;65566
9465;0;0;0;230;235;235;0.0000;0.0000;27.2727;7.3919;59.0628;0.0000;1;0;0;0;1;0;65566
9475;0;0;0;230;235;235;0.0000;0.0000;27.2727;7.3919;59.0628;0.0000;1;0;0;0;1;0;65566
9486;0;0;0;230;235;235;0.0000;0.0000;27.2727;7.3919;59.0628;0.0000;1;0;0;0;1;0;65566
9496;0;0;0;230;235;235;0.0000;0.0000;27.2727;7.3919;59.0628;0.0000;1;0;0;0;1;0;65566
9506;0;0;0;230;235;235;0.0000;0.0000;27.2727;7.3919;59.0628;0.0000;1;0;0;0;1;0;65566
9517;0;0;0;230;235;235;0.0000;0.0000;27.2727;7.3919;59.0628;0.0000;1;0;0;0;1;0;65566
9527;0;0;0;230;235;235;0.0000;0.0000;27.2727;7.3919;59.0628;0.0000;1;0;0;0;1;0;65566
9537;0;0;0;230;235;235;0.0000;0.0000;27.2727;7.3919;59.0628;0.0000;1;0;0;0;1;0;65566
9547;0;0;0;230;235;235;0.0000;0.0000;27.2727;7.3919;59.0628;0.0000;1;0;0;0;1;0;65566
9558;0;0;0;230;235;235;0.0000;0.0000;27.2727;7.3919;59.0628;0.0000;1;0;0;0;1;0;65566
9568;0;0;0;230;235;235;0.0000;0.0000;27.2727;7.3919;59.0628;0.0000;1;0;0;0;1;0;65566
9579;0;0;0;230;235;235;0.0000;0.0000;27.2727;7.3919;59.0628;0.0000;1;0;0;0;1;0;65566
9589;0;0;0;230;235;235;0.0000;0.0000;27.2727;7.3919;59.0628;0.0000;1;0;0;0;1;0;65566
9599;0;0;0;230;235;235;0.0000;0.0000;27.2727;7.3919;59.0628;0.0000;1;0;0;0;1;0;65566
9609;0;0;0;230;235;235;0.0000;0.0000;27.2727;7.3919;59.0628;0.0000;1;0;0;0;1;0;65566
9620;0;0;0;230;235;235;0.0000;0.0000;27.2727;7.3919;59.0628;0.0000;1;0;0;0;1;0;65566
9630;0;0;0;230;235;235;0.0000;0.0000;27.2727;7.3919;59.0628;0.0000;1;0;0;0;1;0;65566
9640;0;0;0;230;235;235;0.0000;0.0000;27.2727;7.3919;59.0628;0.0000;1;0;0;0;1;0;65566
9651;0;0;0;230;235;235;0.0000;0.0000;27.2727;7.3919;59.0628;0.0000;1;0;0;0;1;0;65566
9661;0;0;0;230;235;235;0.0000;0.0000;27.2727;7.3919;59.0628;0.0000;1;0;0;0;1;0;65566
9672;0;0;0;230;235;235;0.0000;0.0000;27.2727;7.3919;59.0628;0.0000;1;0;0;0;1;0;65566
9682;0;0;0;230;235;235;0.0000;0.0000;27.2727;7.3919;59.0628;0.0000;1;0;0;0;1;0;65566
9693;0;0;0;230;235;235;0.0000;0.0000;27.2727;7.3919;59.0628;0.0000;1;0;0;0;1;0;65566
9703;0;0;0;230;235;235;0.0000;0.0000;27.2727;7.3919;59.0628;0.0000;1;0;0;0;1;0;65566
9713;0;0;0;230;235;235;0.0000;0.0000;27.2727;7.3919;59.0628;0.0000;1;0;0;0;1;0;65566
9724;0;0;0;230;235;235;0.0000;0.0000;27.2727;7.3919;59.0628;0.0000;1;0;0;0;1;0;65566
9734;0;0;0;230;235;235;0.0000;0.0000;27.2727;7.3919;59.0628;0.0000;1;0;0;0;1;0;65566
9744;0;0;0;230;235;235;0.0000;0.0000;27.2727;7.3919;59.0628;0.0000;1;0;0;0;1;0;65566
9755;0;0;0;230;235;235;0.0000;0.0000;27.2727;7.3919;59.0628;0.0000;1;0;0;0;1;0;65566
9765;0;0;0;230;235;235;0.0000;0.0000;27.2727;7.3919;59.0628;0.0000;1;0;0;0;1;0;65566
9775;0;0;0;230;235;235;0.0000;0.0000;27.2727;7.3919;59.0628;0.0000;1;0;0;0;1;0;65566
9786;0;0;0;230;235;235;0.0000;0.0000;27.2727;7.3919;59.0628;0.0000;1;0;0;0;1;0;65566
9796;0;0;0;230;235;235;0.0000;0.0000;27.2727;7.3919;59.0628;0.0000;1;0;0;0;1;0;65566
9806;0;0;0;230;235;235;0.0000;0.0000;27.2727;7.3919;59.0628;0.0000;1;0;0;0;1;0;65566
9817;0;0;0;230;235;235;0.0000;0.0000;27.2727;7.3919;59.0628;0.0000;1;0;0;0;1;0;65566
9827;0;0;0;230;235;235;0.0000;0.0000;27.2727;7.3919;59.0628;0.0000;1;0;0;0;1;0;65566
9837;0;0;0;230;235;235;0.0000;0.0000;27.2727;7.3919;59.0628;0.0000;1;0;0;0;1;0;65566
9848;0;0;0;230;235;235;0.0000;0.0000;27.2727;7.3919;59.0628;0.0000;1;0;0;0;1;0;65566
9858;0;0;0;230;235;235;0.0000;0.0000;27.2727;7.3919;59.0628;0.0000;1;0;0;0;1;0;65566
9869;0;0;0;230;235;235;0.0000;0.0000;27.2727;7.3919;59.0628;0.0000;1;0;0;0;1;0;65566
9879;0;0;0;230;235;235;0.0000;0.0000;27.2727;7.3919;59.0628;0.0000;1;0;0;0;1;0;65566
9889;0;0;0;230;235;235;0.0000;0.0000;27.2727;7.3919;59.0628;0.0000;1;0;0;0;1;0;65566
9900;0;0;0;230;235;235;0.0000;0.0000;27.2727;7.3919;59.0628;0.0000;1;0;0;0;1;0;65566
9910;0;0;0;230;235;235;0.0000;0.0000;27.2727;7.3919;59.0628;0.0000;1;0;0;0;1;0;65566
9920;0;0;0;230;235;235;0.0000;0.0000;27.2727;7.3919;59.0628;0.0000;1;0;0;0;1;0;65566
9931;0;0;0;230;235;235;0.0000;0.0000;27.2727;7.3919;59.0628;0.0000;1;0;0;0;1;0;65566
9941;0;0;0;230;235;235;0.0000;0.0000;27.2727;7.3919;59.0628;0.0000;1;0;0;0;1;0;65566
9951;0;0;0;230;235;235;0.0000;0.0000;27.2727;7.3919;59.0628;0.0000;1;0;0;0;1;0;65566
9962;0;0;0;230;235;235;0.0000;0.0000;27.2727;7.3919;59.0628;0.0000;1;0;0;0;1;0;65566
9972;0;0;0;230;235;235;0.0000;0.0000;27.2727;7.3919;59.0628;0.0000;1;0;0;0;1;0;65536
9983;0;0;0;230;235;235;0.0000;0.0000;27.2727;7.3919;59.0628;0.0000;1;0;0;0;1;0;65536
9993;0;0;0;230;235;235;0.0000;0.0000;27.2727;7.3919;59.0628;0.0000;1;0;0;0;1;0;65536
10003;0;0;0;230;235;235;0.0000;0.0000;27.2727;7.3919;59.0628;0.0000;1;0;0;0;1;0;65536
10014;0;0;0;230;235;235;0.0000;0.0000;27.2727;7.3919;59.0628;0.0000;1;0;0;0;1;0;65536
10024;0;0;0;230;235;235;0.0000;0.0000;27.2727;7.3919;59.0628;0.0000;1;0;0;0;1;0;65536
10034;0;0;0;230;235;235;0.0000;0.0000;27.2727;7.3919;59.0628;0.0000;1;0;0;0;1;0;65536
10045;0;0;0;230;235;235;0.0000;0.0000;27.2727;7.3919;59.0628;0.0000;1;0;0;0;1;0;65536
10055;0;0;0;230;235;235;0.0000;0.0000;27.2727;7.3919;59.0628;0.0000;1;0;0;0;1;0;65536
10066;0;0;0;230;235;235;0.0000;0.0000;27.2727;7.3919;59.0628;0.0000;1;0;0;0;1;0;65536
10079;0;0;0;230;235;235;0.0000;0.0000;27.2727;7.3919;59.0628;0.0000;1;0;0;0;1;0;65536
10089;0;0;0;230;235;235;0.0000;0.0000;27.2727;7.3919;59.0628;0.0000;1;0;0;0;1;0;65536
10100;0;0;0;230;235;235;0.0000;0.0000;27.2727;7.3919;59.0628;0.0000;1;0;0;0;1;0;65536
10111;0;0;0;230;235;235;0.0000;0.0000;27.2727;7.3919;59.0628;0.0000;1;0;0;0;1;0;65536
10121;0;0;0;230;235;235;0.0000;0.0000;27.2727;7.3919;59.0628;0.0000;1;0;0;0;1;0;65536
10132;0;0;0;230;235;235;0.0000;0.0000;27.2727;7.3919;59.0628;0.0000;1;0;0;0;1;0;65536
10142;0;0;0;230;235;235;0.0000;0.0000;27.2727;7.3919;59.0628;0.0000;1;0;0;0;1;0;65536
10152;0;0;0;230;235;235;0.0000;0.0000;27.2727;7.3919;59.0628;0.0000;1;0;0;0;1;0;65536
10163;0;0;0;230;235;235;0.0000;0.0000;45.4545;7.3902;59.0640;0.0000;1;0;0;0;1;0;65536
10173;0;0;0;230;235;235;0.0000;0.0000;45.4545;7.3902;59.0640;0.0000;1;0;0;0;1;0;65536
10184;0;0;0;230;235;235;0.0000;0.0000;45.4545;7.3902;59.0640;0.0000;1;0;0;0;1;0;65536
10194;0;0;0;230;235;235;0.0000;0.0000;45.4545;7.3902;59.0640;0.0000;1;0;0;0;1;0;65536
10205;0;0;0;230;235;235;0.0000;0.0000;45.4545;7.3902;59.0640;0.0000;1;0;0;0;1;0;65536
10215;0;0;0;230;235;235;0.0000;0.0000;45.4545;7.3902;59.0640;0.0000;1;0;0;0;1;0;65536
10225;0;0;0;230;235;235;0.0000;0.0000;45.4545;7.3902;59.0640;0.0000;1;0;0;0;1;0;65536
10236;0;0;0;230;235;235;0.0000;0.0000;45.4545;7.3902;59.0640;0.0000;1;0;0;0;1;0;65536
10246;0;0;0;230;235;235;0.0000;0.0000;45.4545;7.3902;59.0640;0.0000;1;0;0;0;1;0;65536
10256;0;0;0;230;235;235;0.0000;0.0000;45.4545;7.3902;59.0640;0.0000;1;0;0;0;1;0;65536
10267;0;0;0;230;235;235;0.0000;0.0000;45.4545;7.3902;59.0640;0.0000;1;0;0;0;1;0;65536
10277;0;0;0;230;235;235;0.0000;0.0000;45.4545;7.3902;59.0640;0.0000;1;0;0;0;1;0;65536
10288;0;0;0;230;235;235;0.0000;0.0000;45.4545;7.3902;59.0640;0.0000;1;0;0;0;1;0;65540
10298;0;0;0;230;235;235;0.0000;0.0000;45.4545;7.3902;59.0640;0.0000;1;0;0;0;1;0;65540
10308;0;0;0;230;235;235;0.0000;0.0000;45.4545;7.3902;59.0640;0.0000;1;0;0;0;1;0;65540
10319;0;0;0;230;235;235;0.0000;0.0000;45.4545;7.3902;59.0640;0.0000;1;0;0;0;1;0;65540
10329;0;0;0;230;235;235;0.0000;0.0000;45.4545;7.3902;59.0640;0.0000;1;0;0;0;1;0;65540
10340;0;0;0;230;235;235;0.0000;0.0000;45.4545;7.3902;59.0640;0.0000;1;0;0;0;1;0;65540
10350;0;0;0;230;235;235;0.0000;0.0000;45.4545;7.3902;59.0640;0.0000;1;0;0;0;1;0;65540
10361;0;0;0;230;235;235;0.0000;0.0000;45.4545;7.3902;59.0640;0.0000;1;0;0;0;1;0;65540
10371;0;0;0;230;235;235;0.0000;0.0000;45.4545;7.3902;59.0640;0.0000;1;0;0;0;1;0;65540
10382;0;0;0;230;235;235;0.0000;0.0000;45.4545;7.3902;59.0640;0.0000;1;0;0;0;1;0;65540
10394;0;0;0;230;235;235;0.0000;0.0000;45.4545;7.3902;59.0640;0.0000;1;0;0;0;1;0;65550
10404;0;0;0;230;235;235;0.0000;0.0000;45.4545;7.3902;59.0640;0.0000;1;0;0;0;1;0;65550
10416;0;0;0;230;235;235;0.0000;0.0000;45.4545;7.3902;59.0640;0.0000;1;0;0;0;1;0;65550
10427;0;0;0;230;235;235;0.0000;0.0000;45.4545;7.3902;59.0640;0.0000;1;0;0;0;1;0;65550
10437;0;0;0;230;235;235;0.0000;0.0000;45.4545;7.3902;59.0640;0.0000;1;0;0;0;1;0;65550
10448;0;0;0;230;235;235;0.0000;0.0000;45.4545;7.3902;59.0640;0.0000;1;0;0;0;1;0;65550
10458;0;0;0;230;235;235;0.0000;0.0000;45.4545;7.3902;59.0640;0.0000;1;0;0;0;1;0;65550
10468;0;0;0;230;235;235;0.0000;0.0000;45.4545;7.3902;59.0640;0.0000;1;0;0;0;1;0;65550
10479;0;0;0;230;235;235;0.0000;0.0000;45.4545;7.3902;59.0640;0.0000;1;0;0;0;1;0;65550
10489;0;0;0;230;235;235;0.0000;0.0000;45.4545;7.3902;59.0640;0.0000;1;0;0;0;1;0;65550
10500;0;0;0;230;235;235;0.0000;0.0000;45.4545;7.3902;59.0640;0.0000;1;0;0;0;1;0;65566
10510;0;0;0;230;235;235;0.0000;0.0000;45.4545;7.3902;59.0640;0.0000;1;0;0;0;1;0;65566
10521;0;0;0;230;235;235;0.0000;0.0000;45.4545;7.3902;59.0640;0.0000;1;0;0;0;1;0;65566
10531;0;0;0;230;235;235;0.0000;0.0000;45.4545;7.3902;59.0640;0.0000;1;0;0;0;1;0;65566
10541;0;0;0;230;235;235;0.0000;0.0000;45.4545;7.3902;59.0640;0.0000;1;0;0;0;1;0;65566
10551;0;0;0;230;235;235;0.0000;0.0000;45.4545;7.3902;59.0640;0.0000;1;0;0;0;1;0;65566
10562;0;0;0;230;235;235;0.0000;0.0000;45.4545;7.3902;59.0640;0.0000;1;0;0;0;1;0;65566
10572;0;0;0;230;235;235;0.0000;0.0000;45.4545;7.3902;59.0640;0.0000;1;0;0;0;1;0;65566
10583;0;0;0;230;235;235;0.0000;0.0000;45.4545;7.3902;59.0640;0.0000;1;0;0;0;1;0;65566
10593;0;0;0;230;235;235;0.0000;0.0000;45.4545;7.3902;59.0640;0.0000;1;0;0;0;1;0;65566
10603;0;0;0;230;235;235;0.0000;0.0000;45.4545;7.3902;59.0640;0.0000;1;0;0;0;1;0;65566
10614;0;0;0;230;235;235;0.0000;0.0000;45.4545;7.3902;59.0640;0.0000;1;0;0;0;1;0;65566
10624;0;0;0;230;235;235;0.0000;0.0000;45.4545;7.3902;59.0640;0.0000;1;0;0;0;1;0;65566
10634;0;0;0;230;235;235;0.0000;0.0000;45.4545;7.3902;59.0640;0.0000;1;0;0;0;1;0;65566
10645;0;0;0;230;235;235;0.0000;0.0000;45.4545;7.3902;59.0640;0.0000;1;0;0;0;1;0;65566
10655;0;0;0;230;235;235;0.0000;0.0000;45.4545;7.3902;59.0640;0.0000;1;0;0;0;1;0;65566
10665;0;0;0;230;235;235;0.0000;0.0000;45.4545;7.3902;59.0640;0.0000;1;0;0;0;1;0;65566
10676;0;0;0;230;235;235;0.0000;0.0000;45.4545;7.3902;59.0640;0.0000;1;0;0;0;1;0;65566
10686;0;0;0;230;235;235;0.0000;0.0000;45.4545;7.3902;59.0640;0.0000;1;0;0;0;1;0;65566
10696;0;0;0;230;235;235;0.0000;0.0000;45.4545;7.3902;59.0640;0.0000;1;0;0;0;1;0;65566
10707;0;0;0;230;235;235;0.0000;0.0000;45.4545;7.3902;59.0640;0.0000;1;0;0;0;1;0;65566
10717;0;0;0;230;235;235;0.0000;0.0000;45.4545;7.3902;59.0640;0.0000;1;0;0;0;1;0;65566
10727;0;0;0;230;235;235;0.0000;0.0000;45.4545;7.3902;59.0640;0.0000;1;0;0;0;1;0;65566
10738;0;0;0;230;235;235;0.0000;0.0000;45.4545;7.3902;59.0640;0.0000;1;0;0;0;1;0;65566
10748;0;0;0;230;235;235;0.0000;0.0000;45.4545;7.3902;59.0640;0.0000;1;0;0;0;1;0;65566
10758;0;0;0;230;235;235;0.0000;0.0000;45.4545;7.3902;59.0640;0.0000;1;0;0;0;1;0;65566
10769;0;0;0;230;235;235;0.0000;0.0000;45.4545;7.3902;59.0640;0.0000;1;0;0;0;1;0;65566
10779;0;0;0;230;235;235;0.0000;0.0000;45.4545;7.3902;59.0640;0.0000;1;0;0;0;1;0;65566
10790;0;0;0;230;235;235;0.0000;0.0000;45.4545;7.3902;59.0640;0.0000;1;0;0;0;1;0;65566
10800;0;0;0;230;235;235;0.0000;0.0000;45.4545;7.3902;59.0640;0.0000;1;0;0;0;1;0;65566
10810;0;0;0;230;235;235;0.0000;0.0000;45.4545;7.3902;59.0640;0.0000;1;0;0;0;1;0;65566
10821;0;0;0;230;235;235;0.0000;0.0000;45.4545;7.3902;59.0640;0.0000;1;0;0;0;1;0;65566
10831;0;0;0;230;235;235;0.0000;0.0000;45.4545;7.3902;59.0640;0.0000;1;0;0;0;1;0;65566
10841;0;0;0;230;235;235;0.0000;0.0000;45.4545;7.3902;59.0640;0.0000;1;0;0;0;1;0;65566
10852;0;0;0;230;235;235;0.0000;0.0000;45.4545;7.3902;59.0640;0.0000;1;0;0;0;1;0;65566
10862;0;0;0;230;235;235;0.0000;0.0000;45.4545;7.3902;59.0640;0.0000;1;0;0;0;1;0;65566
10872;0;0;0;230;235;235;0.0000;0.0000;45.4545;7.3902;59.0640;0.0000;1;0;0;0;1;0;65566
10883;0;0;0;230;235;235;0.0000;0.0000;45.4545;7.3902;59.0640;0.0000;1;0;0;0;1;0;65566
10893;0;0;0;230;235;235;0.0000;0.0000;45.4545;7.3902;59.0640;0.0000;1;0;0;0;1;0;65566
10905;0;0;0;230;235;235;0.0000;0.0000;45.4545;7.3902;59.0640;0.0000;1;0;0;0;1;0;65566
10916;0;0;0;230;235;235;0.0000;0.0000;45.4545;7.3902;59.0640;0.0000;1;0;0;0;1;0;65566
10926;0;0;0;230;235;235;0.0000;0.0000;45.4545;7.3902;59.0640;0.0000;1;0;0;0;1;0;65566
10937;0;0;0;230;235;235;0.0000;0.0000;45.4545;7.3902;59.0640;0.0000;1;0;0;0;1;0;65566
10949;0;0;0;230;235;235;0.0000;0.0000;45.4545;7.3902;59.0640;0.0000;1;0;0;0;1;0;65566
10960;0;0;0;230;235;235;0.0000;0.0000;45.4545;7.3902;59.0640;0.0000;1;0;0;0;1;0;65566
10970;0;0;0;230;235;235;0.0000;0.0000;45.4545;7.3902;59.0640;0.0000;1;0;0;0;1;0;65566
10980;0;0;0;230;235;235;0.0000;0.0000;45.4545;7.3902;59.0640;0.0000;1;0;0;0;1;0;65566
10991;0;0;0;230;235;235;0.0000;0.0000;45.4545;7.3902;59.0640;0.0000;1;0;0;0;1;0;65566
11001;0;0;0;230;235;235;0.0000;0.0000;45.4545;7.3902;59.0640;0.0000;1;0;0;0;1;0;65566
11012;0;0;0;230;235;235;0.0000;0.0000;45.4545;7.3902;59.0640;0.0000;1;0;0;0;1;0;65536
11022;0;0;0;230;235;235;0.0000;0.0000;45.4545;7.3902;59.0640;0.0000;1;0;0;0;1;0;65536
11033;0;0;0;230;235;235;0.0000;0.0000;45.4545;7.3902;59.0640;0.0000;1;0;0;0;1;0;65536
11043;0;0;0;230;235;235;0.0000;0.0000;45.4545;7.3902;59.0640;0.0000;1;0;0;0;1;0;65536
11054;0;0;0;230;235;235;0.0000;0.0000;45.4545;7.3902;59.0640;0.0000;1;0;0;0;1;0;65536
11064;0;0;0;230;235;235;0.0000;0.0000;45.4545;7.3902;59.0640;0.0000;1;0;0;0;1;0;65536
11075;0;0;0;230;235;235;0.0000;0.0000;45.4545;7.3902;59.0640;0.0000;1;0;0;0;1;0;65536
11085;0;0;0;230;235;235;0.0000;0.0000;45.4545;7.3902;59.0640;0.0000;1;0;0;0;1;0;65536
11096;0;0;0;230;235;235;0.0000;0.0000;45.4545;7.3902;59.0640;0.0000;1;0;0;0;1;0;65536
11106;0;0;0;230;235;235;0.0000;0.0000;45.4545;7.3902;59.0640;0.0000;1;0;0;0;1;0;65536
11116;0;0;0;230;235;235;0.0000;0.0000;45.4545;7.3902;59.0640;0.0000;1;0;0;0;1;0;65536
11127;0;0;0;230;235;235;0.0000;0.0000;45.4545;7.3902;59.0640;0.0000;1;0;0;0;1;0;65536
11137;0;0;0;230;235;235;0.0000;0.0000;45.4545;7.3902;59.0640;0.0000;1;0;0;0;1;0;65536
11147;0;0;0;230;235;235;0.0000;0.0000;45.4545;7.3902;59.0640;0.0000;1;0;0;0;1;0;65536
11158;0;0;0;230;235;235;0.0000;0.0000;45.4545;7.3902;59.0640;0.0000;1;0;0;0;1;0;65536
11168;0;0;0;230;235;235;0.0000;0.0000;11.1111;7.3886;59.0652;0.0000;1;0;0;0;1;0;65536
11178;0;0;0;230;235;235;0.0000;0.0000;11.1111;7.3886;59.0652;0.0000;1;0;0;0;1;0;65536
11189;0;0;0;230;235;235;0.0000;0.0000;11.1111;7.3886;59.0652;0.0000;1;0;0;0;1;0;65536
11199;0;0;0;230;235;235;0.0000;0.0000;11.1111;7.3886;59.0652;0.0000;1;0;0;0;1;0;65536
11209;0;0;0;230;235;235;0.0000;0.0000;11.1111;7.3886;59.0652;0.0000;1;0;0;0;1;0;65536
11227;0;0;0;230;235;235;0.0000;0.0000;11.1111;7.3886;59.0652;0.0000;1;0;0;0;1;0;65536
11237;0;0;0;230;235;235;0.0000;0.0000;11.1111;7.3886;59.0652;0.0000;1;0;0;0;1;0;65536
11248;0;0;0;230;235;235;0.0000;0.0000;11.1111;7.3886;59.0652;0.0000;1;0;0;0;1;0;65536
11258;0;0;0;230;235;235;0.0000;0.0000;11.1111;7.3886;59.0652;0.0000;1;0;0;0;1;0;65536
11269;0;0;0;230;235;235;0.0000;0.0000;11.1111;7.3886;59.0652;0.0000;1;0;0;0;1;0;65536
11279;0;0;0;230;235;235;0.0000;0.0000;11.1111;7.3886;59.0652;0.0000;1;0;0;0;1;0;65536
11290;0;0;0;230;235;235;0.0000;0.0000;11.1111;7.3886;59.0652;0.0000;1;0;0;0;1;0;65536
11300;0;0;0;230;235;235;0.0000;0.0000;11.1111;7.3886;59.0652;0.0000;1;0;0;0;1;0;65536
11311;0;0;0;230;235;235;0.0000;0.0000;11.1111;7.3886;59.0652;0.0000;1;0;0;0;1;0;65536
11321;0;0;0;230;235;235;0.0000;0.0000;11.1111;7.3886;59.0652;0.0000;1;0;0;0;1;0;65540
11332;0;0;0;230;235;235;0.0000;0.0000;11.1111;7.3886;59.0652;0.0000;1;0;0;0;1;0;65540
11342;0;0;0;230;235;235;0.0000;0.0000;11.1111;7.3886;59.0652;0.0000;1;0;0;0;1;0;65540
11353;0;0;0;230;235;235;0.0000;0.0000;11.1111;7.3886;59.0652;0.0000;1;0;0;0;1;0;65540
11363;0;0;0;230;235;235;0.0000;0.0000;11.1111;7.3886;59.0652;0.0000;1;0;0;0;1;0;65540
11374;0;0;0;230;235;235;0.0000;0.0000;11.1111;7.3886;59.0652;0.0000;1;0;0;0;1;0;65540
11384;0;0;0;230;235;235;0.0000;0.0000;11.1111;7.3886;59.0652;0.0000;1;0;0;0;1;0;65540
11395;0;0;0;230;235;235;0.0000;0.0000;11.1111;7.3886;59.0652;0.0000;1;0;0;0;1;0;65540
11405;0;0;0;230;235;235;0.0000;0.0000;11.1111;7.3886;59.0652;0.0000;1;0;0;0;1;0;65540
11416;0;0;0;230;235;235;0.0000;0.0000;11.1111;7.3886;59.0652;0.0000;1;0;0;0;1;0;65540
11426;0;0;0;230;235;235;0.0000;0.0000;11.1111;7.3886;59.0652;0.0000;1;0;0;0;1;0;65550
11437;0;0;0;230;235;235;0.0000;0.0000;11.1111;7.3886;59.0652;0.0000;1;0;0;0;1;0;65566
11447;0;0;0;230;235;235;0.0000;0.0000;11.1111;7.3886;59.0652;0.0000;1;0;0;0;1;0;65566
11457;0;0;0;230;235;235;0.0000;0.0000;11.1111;7.3886;59.0652;0.0000;1;0;0;0;1;0;65566
11468;0;0;0;230;235;235;0.0000;0.0000;11.1111;7.3886;59.0652;0.0000;1;0;0;0;1;0;65566
11479;0;0;0;230;235;235;0.0000;0.0000;11.1111;7.3886;59.0652;0.0000;1;0;0;0;1;0;65566
11495;0;0;0;230;235;235;0.0000;0.0000;11.1111;7.3886;59.0652;0.0000;1;0;0;0;1;0;65566
11506;0;0;0;230;235;235;0.0000;0.0000;11.1111;7.3886;59.0652;0.0000;1;0;0;0;1;0;65566
11516;0;0;0;230;235;235;0.0000;0.0000;11.1111;7.3886;59.0652;0.0000;1;0;0;0;1;0;65566
11526;0;0;0;230;235;235;0.0000;0.0000;11.1111;7.3886;59.0652;0.0000;1;0;0;0;1;0;65566
11537;0;0;0;230;235;235;0.0000;0.0000;11.1111;7.3886;59.0652;0.0000;1;0;0;0;1;0;65566
11547;0;0;0;230;235;235;0.0000;0.0000;11.1111;7.3886;59.0652;0.0000;1;0;0;0;1;0;65566
11557;0;0;0;230;235;235;0.0000;0.0000;11.1111;7.3886;59.0652;0.0000;1;0;0;0;1;0;65566
11567;0;0;0;230;235;235;0.0000;0.0000;11.1111;7.3886;59.0652;0.0000;1;0;0;0;1;0;65566
11578;0;0;0;230;235;235;0.0000;0.0000;11.1111;7.3886;59.0652;0.0000;1;0;0;0;1;0;65566
11588;0;0;0;230;235;235;0.0000;0.0000;11.1111;7.3886;59.0652;0.0000;1;0;0;0;1;0;65566
11599;0;0;0;230;235;235;0.0000;0.0000;11.1111;7.3886;59.0652;0.0000;1;0;0;0;1;0;65566
11609;0;0;0;230;235;235;0.0000;0.0000;11.1111;7.3886;59.0652;0.0000;1;0;0;0;1;0;65566
11619;0;0;0;230;235;235;0.0000;0.0000;11.1111;7.3886;59.0652;0.0000;1;0;0;0;1;0;65566
11630;0;0;0;230;235;235;0.0000;0.0000;11.1111;7.3886;59.0652;0.0000;1;0;0;0;1;0;65566
11640;0;0;0;230;235;235;0.0000;0.0000;11.1111;7.3886;59.0652;0.0000;1;0;0;0;1;0;65566
11650;0;0;0;230;235;235;0.0000;0.0000;11.1111;7.3886;59.0652;0.0000;1;0;0;0;1;0;65566
11661;0;0;0;230;235;235;0.0000;0.0000;11.1111;7.3886;59.0652;0.0000;1;0;0;0;1;0;65566
11671;0;0;0;230;235;235;0.0000;0.0000;11.1111;7.3886;59.0652;0.0000;1;0;0;0;1;0;65566
11681;0;0;0;230;235;235;0.0000;0.0000;11.1111;7.3886;59.0652;0.0000;1;0;0;0;1;0;65566
11692;0;0;0;230;235;235;0.0000;0.0000;11.1111;7.3886;59.0652;0.0000;1;0;0;0;1;0;65566
11702;0;0;0;230;235;235;0.0000;0.0000;11.1111;7.3886;59.0652;0.0000;1;0;0;0;1;0;65566
11712;0;0;0;230;235;235;0.0000;0.0000;11.1111;7.3886;59.0652;0.0000;1;0;0;0;1;0;65566
11723;0;0;0;230;235;235;0.0000;0.0000;11.1111;7.3886;59.0652;0.0000;1;0;0;0;1;0;65566
11733;0;0;0;230;235;235;0.0000;0.0000;11.1111;7.3886;59.0652;0.0000;1;0;0;0;1;0;65566
11743;0;0;0;230;235;235;0.0000;0.0000;11.1111;7.3886;59.0652;0.0000;1;0;0;0;1;0;65566
11754;0;0;0;230;235;235;0.0000;0.0000;11.1111;7.3886;59.0652;0.0000;1;0;0;0;1;0;65566
11764;0;0;0;230;235;235;0.0000;0.0000;11.1111;7.3886;59.0652;0.0000;1;0;0;0;1;0;65566
11774;0;0;0;230;235;235;0.0000;0.0000;11.1111;7.3886;59.0652;0.0000;1;0;0;0;1;0;65566
11786;0;0;0;230;235;235;0.0000;0.0000;11.1111;7.3886;59.0652;0.0000;1;0;0;0;1;0;65566
11796;0;0;0;230;235;235;0.0000;0.0000;11.1111;7.3886;59.0652;0.0000;1;0;0;0;1;0;65566
11807;0;0;0;230;235;235;0.0000;0.0000;11.1111;7.3886;59.0652;0.0000;1;0;0;0;1;0;65566
11817;0;0;0;230;235;235;0.0000;0.0000;11.1111;7.3886;59.0652;0.0000;1;0;0;0;1;0;65566
11827;0;0;0;230;235;235;0.0000;0.0000;11.1111;7.3886;59.0652;0.0000;1;0;0;0;1;0;65566
11838;0;0;0;230;235;235;0.0000;0.0000;11.1111;7.3886;59.0652;0.0000;1;0;0;0;1;0;65566
11848;0;0;0;230;235;235;0.0000;0.0000;11.1111;7.3886;59.0652;0.0000;1;0;0;0;1;0;65566
11858;0;0;0;230;235;235;0.0000;0.0000;11.1111;7.3886;59.0652;0.0000;1;0;0;0;1;0;65566
11869;0;0;0;230;235;235;0.0000;0.0000;11.1111;7.3886;59.0652;0.0000;1;0;0;0;1;0;65566
11879;0;0;0;230;235;235;0.0000;0.0000;11.1111;7.3886;59.0652;0.0000;1;0;0;0;1;0;65566
11890;0;0;0;230;235;235;0.0000;0.0000;11.1111;7.3886;59.0652;0.0000;1;0;0;0;1;0;65566
11900;0;0;0;230;235;235;0.0000;0.0000;11.1111;7.3886;59.0652;0.0000;1;0;0;0;1;0;65566
11910;0;0;0;230;235;235;0.0000;0.0000;11.1111;7.3886;59.0652;0.0000;1;0;0;0;1;0;65566
11921;0;0;0;230;235;235;0.0000;0.0000;11.1111;7.3886;59.0652;0.0000;1;0;0;0;1;0;65566
11931;0;0;0;230;235;235;0.0000;0.0000;11.1111;7.3886;59.0652;0.0000;1;0;0;0;1;0;65566
11941;0;0;0;230;235;235;0.0000;0.0000;11.1111;7.3886;59.0652;0.0000;1;0;0;0;1;0;65566
11952;0;0;0;230;235;235;0.0000;0.0000;11.1111;7.3886;59.0652;0.0000;1;0;0;0;1;0;65536
11962;0;0;0;230;235;235;0.0000;0.0000;11.1111;7.3886;59.0652;0.0000;1;0;0;0;1;0;65536
11972;0;0;0;230;235;235;0.0000;0.0000;11.1111;7.3886;59.0652;0.0000;1;0;0;0;1;0;65536
11983;0;0;0;230;235;235;0.0000;0.0000;11.1111;7.3886;59.0652;0.0000;1;0;0;0;1;0;65536
11994;0;0;0;230;235;235;0.0000;0.0000;11.1111;7.3886;59.0652;0.0000;1;0;0;0;1;0;65536
12004;0;0;0;230;235;235;0.0000;0.0000;11.1111;7.3886;59.0652;0.0000;1;0;0;0;1;0;65536
12014;0;0;0;230;235;235;0.0000;0.0000;11.1111;7.3886;59.0652;0.0000;1;0;0;0;1;0;65536
12025;0;0;0;230;235;235;0.0000;0.0000;11.1111;7.3886;59.0652;0.0000;1;0;0;0;1;0;65536
12035;0;0;0;230;235;235;0.0000;0.0000;11.1111;7.3886;59.0652;0.0000;1;0;0;0;1;0;65536
12046;0;0;0;230;235;235;0.0000;0.0000;11.1111;7.3886;59.0652;0.0000;1;0;0;0;1;0;65536
12058;0;0;0;230;235;235;0.0000;0.0000;11.1111;7.3886;59.0652;0.0000;1;0;0;0;1;0;65536
12068;0;0;0;230;235;235;0.0000;0.0000;11.1111;7.3886;59.0652;0.0000;1;0;0;0;1;0;65536
12079;0;0;0;230;235;235;0.0000;0.0000;11.1111;7.3886;59.0652;0.0000;1;0;0;0;1;0;65536
12089;0;0;0;230;235;235;0.0000;0.0000;11.1111;7.3886;59.0652;0.0000;1;0;0;0;1;0;65536
12100;0;0;0;230;235;235;0.0000;0.0000;11.1111;7.3886;59.0652;0.0000;1;0;0;0;1;0;65536
12110;0;0;0;230;235;235;0.0000;0.0000;11.1111;7.3886;59.0652;0.0000;1;0;0;0;1;0;65536
12120;0;0;0;230;235;235;0.0000;0.0000;11.1111;7.3886;59.0652;0.0000;1;0;0;0;1;0;65536
12131;0;0;0;230;235;235;0.0000;0.0000;11.1111;7.3886;59.0652;0.0000;1;0;0;0;1;0;65536
12141;0;0;0;230;235;235;0.0000;0.0000;11.1111;7.3886;59.0652;0.0000;1;0;0;0;1;0;65536
12151;0;0;0;230;235;235;0.0000;0.0000;11.1111;7.3886;59.0652;0.0000;1;0;0;0;1;0;65536
12161;0;0;0;230;235;235;0.0000;0.0000;11.1111;7.3886;59.0652;0.0000;1;0;0;0;1;0;65536
12172;0;0;0;230;235;235;0.0000;0.0000;40.0000;7.3870;59.0665;0.0000;1;0;0;0;1;0;65536
12182;0;0;0;230;235;235;0.0000;0.0000;40.0000;7.3870;59.0665;0.0000;1;0;0;0;1;0;65536
12193;0;0;0;230;235;235;0.0000;0.0000;40.0000;7.3870;59.0665;0.0000;1;0;0;0;1;0;65536
12203;0;0;0;230;235;235;0.0000;0.0000;40.0000;7.3870;59.0665;0.0000;1;0;0;0;1;0;65536
12214;0;0;0;230;235;235;0.0000;0.0000;40.0000;7.3870;59.0665;0.0000;1;0;0;0;1;0;65536
12224;0;0;0;230;235;235;0.0000;0.0000;40.0000;7.3870;59.0665;0.0000;1;0;0;0;1;0;65536
12234;0;0;0;230;235;235;0.0000;0.0000;40.0000;7.3870;59.0665;0.0000;1;0;0;0;1;0;65536
12245;0;0;0;230;235;235;0.0000;0.0000;40.0000;7.3870;59.0665;0.0000;1;0;0;0;1;0;65536
12255;0;0;0;230;235;235;0.0000;0.0000;40.0000;7.3870;59.0665;0.0000;1;0;0;0;1;0;65536
12265;0;0;0;230;235;235;0.0000;0.0000;40.0000;7.3870;59.0665;0.0000;1;0;0;0;1;0;65540
12276;0;0;0;230;235;235;0.0000;0.0000;40.0000;7.3870;59.0665;0.0000;1;0;0;0;1;0;65540
12286;0;0;0;230;235;235;0.0000;0.0000;40.0000;7.3870;59.0665;0.0000;1;0;0;0;1;0;65540
12297;0;0;0;230;235;235;0.0000;0.0000;40.0000;7.3870;59.0665;0.0000;1;0;0;0;1;0;65540
12307;0;0;0;230;235;235;0.0000;0.0000;40.0000;7.3870;59.0665;0.0000;1;0;0;0;1;0;65540
12317;0;0;0;230;235;235;0.0000;0.0000;40.0000;7.3870;59.0665;0.0000;1;0;0;0;1;0;65540
12327;0;0;0;230;235;235;0.0000;0.0000;40.0000;7.3870;59.0665;0.0000;1;0;0;0;1;0;65540
12338;0;0;0;230;235;235;0.0000;0.0000;40.0000;7.3870;59.0665;0.0000;1;0;0;0;1;0;65540
12349;0;0;0;230;235;235;0.0000;0.0000;40.0000;7.3870;59.0665;0.0000;1;0;0;0;1;0;65540
12359;0;0;0;230;235;235;0.0000;0.0000;40.0000;7.3870;59.0665;0.0000;1;0;0;0;1;0;65540
12379;0;0;0;230;235;235;0.0000;0.0000;40.0000;7.3870;59.0665;0.0000;1;0;0;0;1;0;65540
12390;0;0;0;230;235;235;0.0000;0.0000;40.0000;7.3870;59.0665;0.0000;1;0;0;0;1;0;65540
12400;0;0;0;230;235;235;0.0000;0.0000;40.0000;7.3870;59.0665;0.0000;1;0;0;0;1;0;65540
12411;0;0;0;230;235;235;0.0000;0.0000;40.0000;7.3870;59.0665;0.0000;1;0;0;0;1;0;65540
12421;0;0;0;230;235;235;0.0000;0.0000;40.0000;7.3870;59.0665;0.0000;1;0;0;0;1;0;65540
12432;0;0;0;230;235;235;0.0000;0.0000;40.0000;7.3870;59.0665;0.0000;1;0;0;0;1;0;65540
12442;0;0;0;230;235;235;0.0000;0.0000;40.0000;7.3870;59.0665;0.0000;1;0;0;0;1;0;65540
12452;0;0;0;230;235;235;0.0000;0.0000;40.0000;7.3870;59.0665;0.0000;1;0;0;0;1;0;65540
12463;0;0;0;230;235;235;0.0000;0.0000;40.0000;7.3870;59.0665;0.0000;1;0;0;0;1;0;65540
12473;0;0;0;230;235;235;0.0000;0.0000;40.0000;7.3870;59.0665;0.0000;1;0;0;0;1;0;65566
12484;0;0;0;230;235;235;0.0000;0.0000;40.0000;7.3870;59.0665;0.0000;1;0;0;0;1;0;65566
12495;0;0;0;230;235;235;0.0000;0.0000;40.0000;7.3870;59.0665;0.0000;1;0;0;0;1;0;65566
12505;0;0;0;230;235;235;0.0000;0.0000;40.0000;7.3870;59.0665;0.0000;1;0;0;0;1;0;65566
12516;0;0;0;230;235;235;0.0000;0.0000;40.0000;7.3870;59.0665;0.0000;1;0;0;0;1;0;65566
12526;0;0;0;230;235;235;0.0000;0.0000;40.0000;7.3870;59.0665;0.0000;1;0;0;0;1;0;65566
12536;0;0;0;230;235;235;0.0000;0.0000;40.0000;7.3870;59.0665;0.0000;1;0;0;0;1;0;65566
12547;0;0;0;230;235;235;0.0000;0.0000;40.0000;7.3870;59.0665;0.0000;1;0;0;0;1;0;65566
12557;0;0;0;230;235;235;0.0000;0.0000;40.0000;7.3870;59.0665;0.0000;1;0;0;0;1;0;65566
12567;0;0;0;230;235;235;0.0000;0.0000;40.0000;7.3870;59.0665;0.0000;1;0;0;0;1;0;65566
12578;0;0;0;230;235;235;0.0000;0.0000;40.0000;7.3870;59.0665;0.0000;1;0;0;0;1;0;65566
12589;0;0;0;230;235;235;0.0000;0.0000;40.0000;7.3870;59.0665;0.0000;1;0;0;0;1;0;65566
12605;0;0;0;230;235;235;0.0000;0.0000;40.0000;7.3870;59.0665;0.0000;1;0;0;0;1;0;65566
12616;0;0;0;230;235;235;0.0000;0.0000;40.0000;7.3870;59.0665;0.0000;1;0;0;0;1;0;65566
12626;0;0;0;230;235;235;0.0000;0.0000;40.0000;7.3870;59.0665;0.0000;1;0;0;0;1;0;65566
12636;0;0;0;230;235;235;0.0000;0.0000;40.0000;7.3870;59.0665;0.0000;1;0;0;0;1;0;65566
12646;0;0;0;230;235;235;0.0000;0.0000;40.0000;7.3870;59.0665;0.0000;1;0;0;0;1;0;65566
12657;0;0;0;230;235;235;0.0000;0.0000;40.0000;7.3870;59.0665;0.0000;1;0;0;0;1;0;65566
12667;0;0;0;230;235;235;0.0000;0.0000;40.0000;7.3870;59.0665;0.0000;1;0;0;0;1;0;65566
12678;0;0;0;230;235;235;0.0000;0.0000;40.0000;7.3870;59.0665;0.0000;1;0;0;0;1;0;65566
12688;0;0;0;230;235;235;0.0000;0.0000;40.0000;7.3870;59.0665;0.0000;1;0;0;0;1;0;65566
12699;0;0;0;230;235;235;0.0000;0.0000;40.0000;7.3870;59.0665;0.0000;1;0;0;0;1;0;65566
12709;0;0;0;230;235;235;0.0000;0.0000;40.0000;7.3870;59.0665;0.0000;1;0;0;0;1;0;65566
12720;0;0;0;230;235;235;0.0000;0.0000;40.0000;7.3870;59.0665;0.0000;1;0;0;0;1;0;65566
12730;0;0;0;230;235;235;0.0000;0.0000;40.0000;7.3870;59.0665;0.0000;1;0;0;0;1;0;65566
12740;0;0;0;230;235;235;0.0000;0.0000;40.0000;7.3870;59.0665;0.0000;1;0;0;0;1;0;65566
12750;0;0;0;230;235;235;0.0000;0.0000;40.0000;7.3870;59.0665;0.0000;1;0;0;0;1;0;65566
12761;0;0;0;230;235;235;0.0000;0.0000;40.0000;7.3870;59.0665;0.0000;1;0;0;0;1;0;65566
12771;0;0;0;230;235;235;0.0000;0.0000;40.0000;7.3870;59.0665;0.0000;1;0;0;0;1;0;65566
12781;0;0;0;230;235;235;0.0000;0.0000;40.0000;7.3870;59.0665;0.0000;1;0;0;0;1;0;65566
12792;0;0;0;230;235;235;0.0000;0.0000;40.0000;7.3870;59.0665;0.0000;1;0;0;0;1;0;65566
12802;0;0;0;230;235;235;0.0000;0.0000;40.0000;7.3870;59.0665;0.0000;1;0;0;0;1;0;65566
12813;0;0;0;230;235;235;0.0000;0.0000;40.0000;7.3870;59.0665;0.0000;1;0;0;0;1;0;65566
12823;0;0;0;230;235;235;0.0000;0.0000;40.0000;7.3870;59.0665;0.0000;1;0;0;0;1;0;65566
12833;0;0;0;230;235;235;0.0000;0.0000;40.0000;7.3870;59.0665;0.0000;1;0;0;0;1;0;65566
12845;0;0;0;230;235;235;0.0000;0.0000;40.0000;7.3870;59.0665;0.0000;1;0;0;0;1;0;65566
12855;0;0;0;230;235;235;0.0000;0.0000;40.0000;7.3870;59.0665;0.0000;1;0;0;0;1;0;65566
12865;0;0;0;230;235;235;0.0000;0.0000;40.0000;7.3870;59.0665;0.0000;1;0;0;0;1;0;65566
12876;0;0;0;230;235;235;0.0000;0.0000;40.0000;7.3870;59.0665;0.0000;1;0;0;0;1;0;65566
12886;0;0;0;230;235;235;0.0000;0.0000;40.0000;7.3870;59.0665;0.0000;1;0;0;0;1;0;65566
12896;0;0;0;230;235;235;0.0000;0.0000;40.0000;7.3870;59.0665;0.0000;1;0;0;0;1;0;65566
12907;0;0;0;230;235;235;0.0000;0.0000;40.0000;7.3870;59.0665;0.0000;1;0;0;0;1;0;65566
12917;0;0;0;230;235;235;0.0000;0.0000;40.0000;7.3870;59.0665;0.0000;1;0;0;0;1;0;65566
12928;0;0;0;230;235;235;0.0000;0.0000;40.0000;7.3870;59.0665;0.0000;1;0;0;0;1;0;65566
12938;0;0;0;230;235;235;0.0000;0.0000;40.0000;7.3870;59.0665;0.0000;1;0;0;0;1;0;65566
12948;0;0;0;230;235;235;0.0000;0.0000;40.0000;7.3870;59.0665;0.0000;1;0;0;0;1;0;65566
12958;0;0;0;230;235;235;0.0000;0.0000;40.0000;7.3870;59.0665;0.0000;1;0;0;0;1;0;65566
12969;0;0;0;230;235;235;0.0000;0.0000;40.0000;7.3870;59.0665;0.0000;1;0;0;0;1;0;65566
12979;0;0;0;230;235;235;0.0000;0.0000;40.0000;7.3870;59.0665;0.0000;1;0;0;0;1;0;65566
12990;0;0;0;230;235;235;0.0000;0.0000;40.0000;7.3870;59.0665;0.0000;1;0;0;0;1;0;65552
13000;0;0;0;230;235;235;0.0000;0.0000;40.0000;7.3870;59.0665;0.0000;1;0;0;0;1;0;65536
13011;0;0;0;230;235;235;0.0000;0.0000;40.0000;7.3870;59.0665;0.0000;1;0;0;0;1;0;65536
13021;0;0;0;230;235;235;0.0000;0.0000;40.0000;7.3870;59.0665;0.0000;1;0;0;0;1;0;65536
13031;0;0;0;230;235;235;0.0000;0.0000;40.0000;7.3870;59.0665;0.0000;1;0;0;0;1;0;65536
13042;0;0;0;230;235;235;0.0000;0.0000;40.0000;7.3870;59.0665;0.0000;1;0;0;0;1;0;65536
13052;0;0;0;230;235;235;0.0000;0.0000;40.0000;7.3870;59.0665;0.0000;1;0;0;0;1;0;65536
13062;0;0;0;230;235;235;0.0000;0.0000;40.0000;7.3870;59.0665;0.0000;1;0;0;0;1;0;65536
13073;0;0;0;230;235;235;0.0000;0.0000;40.0000;7.3870;59.0665;0.0000;1;0;0;0;1;0;65536
13083;0;0;0;230;235;235;0.0000;0.0000;40.0000;7.3870;59.0665;0.0000;1;0;0;0;1;0;65536
13093;0;0;0;230;235;235;0.0000;0.0000;40.0000;7.3870;59.0665;0.0000;1;0;0;0;1;0;65536
13104;0;0;0;230;235;235;0.0000;0.0000;40.0000;7.3870;59.0665;0.0000;1;0;0;0;1;0;65536
13114;0;0;0;230;235;235;0.0000;0.0000;40.0000;7.3870;59.0665;0.0000;1;0;0;0;1;0;65536
13125;0;0;0;230;235;235;0.0000;0.0000;40.0000;7.3870;59.0665;0.0000;1;0;0;0;1;0;65536
13135;0;0;0;230;235;235;0.0000;0.0000;40.0000;7.3870;59.0665;0.0000;1;0;0;0;1;0;65536
13145;0;0;0;230;235;235;0.0000;0.0000;40.0000;7.3870;59.0665;0.0000;1;0;0;0;1;0;65536
13156;0;0;0;230;235;235;0.0000;0.0000;40.0000;7.3870;59.0665;0.0000;1;0;0;0;1;0;65536
13168;0;0;0;230;235;235;0.0000;0.0000;33.3333;7.3854;59.0677;0.0000;1;0;0;0;1;0;65536
13178;0;0;0;230;235;235;0.0000;0.0000;33.3333;7.3854;59.0677;0.0000;1;0;0;0;1;0;65536
13189;0;0;0;230;235;235;0.0000;0.0000;33.3333;7.3854;59.0677;0.0000;1;0;0;0;1;0;65536
13199;0;0;0;230;235;235;0.0000;0.0000;33.3333;7.3854;59.0677;0.0000;1;0;0;0;1;0;65536
13210;0;0;0;230;235;235;0.0000;0.0000;33.3333;7.3854;59.0677;0.0000;1;0;0;0;1;0;65536
13220;0;0;0;230;235;235;0.0000;0.0000;33.3333;7.3854;59.0677;0.0000;1;0;0;0;1;0;65536
13230;0;0;0;230;235;235;0.0000;0.0000;33.3333;7.3854;59.0677;0.0000;1;0;0;0;1;0;65536
13241;0;0;0;230;235;235;0.0000;0.0000;33.3333;7.3854;59.0677;0.0000;1;0;0;0;1;0;65536
13251;0;0;0;230;235;235;0.0000;0.0000;33.3333;7.3854;59.0677;0.0000;1;0;0;0;1;0;65536
13261;0;0;0;230;235;235;0.0000;0.0000;33.3333;7.3854;59.0677;0.0000;1;0;0;0;1;0;65536
13272;0;0;0;230;235;235;0.0000;0.0000;33.3333;7.3854;59.0677;0.0000;1;0;0;0;1;0;65536
13282;0;0;0;230;235;235;0.0000;0.0000;33.3333;7.3854;59.0677;0.0000;1;0;0;0;1;0;65536
13293;0;0;0;230;235;235;0.0000;0.0000;33.3333;7.3854;59.0677;0.0000;1;0;0;0;1;0;65536
13304;0;0;0;230;235;235;0.0000;0.0000;33.3333;7.3854;59.0677;0.0000;1;0;0;0;1;0;65540
13315;0;0;0;230;235;235;0.0000;0.0000;33.3333;7.3854;59.0677;0.0000;1;0;0;0;1;0;65540
13325;0;0;0;230;235;235;0.0000;0.0000;33.3333;7.3854;59.0677;0.0000;1;0;0;0;1;0;65540
13335;0;0;0;230;235;235;0.0000;0.0000;33.3333;7.3854;59.0677;0.0000;1;0;0;0;1;0;65540
13346;0;0;0;230;235;235;0.0000;0.0000;33.3333;7.3854;59.0677;0.0000;1;0;0;0;1;0;65540
13356;0;0;0;230;235;235;0.0000;0.0000;33.3333;7.3854;59.0677;0.0000;1;0;0;0;1;0;65540
13367;0;0;0;230;235;235;0.0000;0.0000;33.3333;7.3854;59.0677;0.0000;1;0;0;0;1;0;65540
13377;0;0;0;230;235;235;0.0000;0.0000;33.3333;7.3854;59.0677;0.0000;1;0;0;0;1;0;65540
13388;0;0;0;230;235;235;0.0000;0.0000;33.3333;7.3854;59.0677;0.0000;1;0;0;0;1;0;65540
13398;0;0;0;230;235;235;0.0000;0.0000;33.3333;7.3854;59.0677;0.0000;1;0;0;0;1;0;65540
13409;0;0;0;230;235;235;0.0000;0.0000;33.3333;7.3854;59.0677;0.0000;1;0;0;0;1;0;65540
13420;0;0;0;230;235;235;0.0000;0.0000;33.3333;7.3854;59.0677;0.0000;1;0;0;0;1;0;65550
13430;0;0;0;230;235;235;0.0000;0.0000;33.3333;7.3854;59.0677;0.0000;1;0;0;0;1;0;65550
13441;0;0;0;230;235;235;0.0000;0.0000;33.3333;7.3854;59.0677;0.0000;1;0;0;0;1;0;65550
13451;0;0;0;230;235;235;0.0000;0.0000;33.3333;7.3854;59.0677;0.0000;1;0;0;0;1;0;65550
13462;0;0;0;230;235;235;0.0000;0.0000;33.3333;7.3854;59.0677;0.0000;1;0;0;0;1;0;65550
13472;0;0;0;230;235;235;0.0000;0.0000;33.3333;7.3854;59.0677;0.0000;1;0;0;0;1;0;65550
13489;0;0;0;230;235;235;0.0000;0.0000;33.3333;7.3854;59.0677;0.0000;1;0;0;0;1;0;65550
13499;0;0;0;230;235;235;0.0000;0.0000;33.3333;7.3854;59.0677;0.0000;1;0;0;0;1;0;65550
13510;0;0;0;230;235;235;0.0000;0.0000;33.3333;7.3854;59.0677;0.0000;1;0;0;0;1;0;65550
13520;0;0;0;230;235;235;0.0000;0.0000;33.3333;7.3854;59.0677;0.0000;1;0;0;0;1;0;65566
13532;0;0;0;230;235;235;0.0000;0.0000;33.3333;7.3854;59.0677;0.0000;1;0;0;0;1;0;65566
13542;0;0;0;230;235;235;0.0000;0.0000;33.3333;7.3854;59.0677;0.0000;1;0;0;0;1;0;65566
13552;0;0;0;230;235;235;0.0000;0.0000;33.3333;7.3854;59.0677;0.0000;1;0;0;0;1;0;65566
13563;0;0;0;230;235;235;0.0000;0.0000;33.3333;7.3854;59.0677;0.0000;1;0;0;0;1;0;65566
13573;0;0;0;230;235;235;0.0000;0.0000;33.3333;7.3854;59.0677;0.0000;1;0;0;0;1;0;65566
13583;0;0;0;230;235;235;0.0000;0.0000;33.3333;7.3854;59.0677;0.0000;1;0;0;0;1;0;65566
13594;0;0;0;230;235;235;0.0000;0.0000;33.3333;7.3854;59.0677;0.0000;1;0;0;0;1;0;65566
13604;0;0;0;230;235;235;0.0000;0.0000;33.3333;7.3854;59.0677;0.0000;1;0;0;0;1;0;65566
13614;0;0;0;230;235;235;0.0000;0.0000;33.3333;7.3854;59.0677;0.0000;1;0;0;0;1;0;65566
13625;0;0;0;230;235;235;0.0000;0.0000;33.3333;7.3854;59.0677;0.0000;1;0;0;0;1;0;65566
13635;0;0;0;230;235;235;0.0000;0.0000;33.3333;7.3854;59.0677;0.0000;1;0;0;0;1;0;65566
13645;0;0;0;230;235;235;0.0000;0.0000;33.3333;7.3854;59.0677;0.0000;1;0;0;0;1;0;65566
13656;0;0;0;230;235;235;0.0000;0.0000;33.3333;7.3854;59.0677;0.0000;1;0;0;0;1;0;65566
13666;0;0;0;230;235;235;0.0000;0.0000;33.3333;7.3854;59.0677;0.0000;1;0;0;0;1;0;65566
13676;0;0;0;230;235;235;0.0000;0.0000;33.3333;7.3854;59.0677;0.0000;1;0;0;0;1;0;65566
13687;0;0;0;230;235;235;0.0000;0.0000;33.3333;7.3854;59.0677;0.0000;1;0;0;0;1;0;65566
13697;0;0;0;230;235;235;0.0000;0.0000;33.3333;7.3854;59.0677;0.0000;1;0;0;0;1;0;65566
13708;0;0;0;230;235;235;0.0000;0.0000;33.3333;7.3854;59.0677;0.0000;1;0;0;0;1;0;65566
13768;0;0;0;230;235;235;0.0000;0.0000;33.3333;7.3854;59.0677;0.0000;1;0;0;0;1;0;65566
13779;0;0;0;230;235;235;0.0000;0.0000;33.3333;7.3854;59.0677;0.0000;1;0;0;0;1;0;65566
13789;0;0;0;230;235;235;0.0000;0.0000;33.3333;7.3854;59.0677;0.0000;1;0;0;0;1;0;65566
13800;0;0;0;230;235;235;0.0000;0.0000;33.3333;7.3854;59.0677;0.0000;1;0;0;0;1;0;65566
13810;0;0;0;230;235;235;0.0000;0.0000;33.3333;7.3854;59.0677;0.0000;1;0;0;0;1;0;65566
13820;0;0;0;230;235;235;0.0000;0.0000;33.3333;7.3854;59.0677;0.0000;1;0;0;0;1;0;65566
13831;0;0;0;230;235;235;0.0000;0.0000;33.3333;7.3854;59.0677;0.0000;1;0;0;0;1;0;65566
13841;0;0;0;230;235;235;0.0000;0.0000;33.3333;7.3854;59.0677;0.0000;1;0;0;0;1;0;65566
13852;0;0;0;230;235;235;0.0000;0.0000;33.3333;7.3854;59.0677;0.0000;1;0;0;0;1;0;65566
13862;0;0;0;230;235;235;0.0000;0.0000;33.3333;7.3854;59.0677;0.0000;1;0;0;0;1;0;65566
13872;0;0;0;230;235;235;0.0000;0.0000;33.3333;7.3854;59.0677;0.0000;1;0;0;0;1;0;65566
13882;0;0;0;230;235;235;0.0000;0.0000;33.3333;7.3854;59.0677;0.0000;1;0;0;0;1;0;65566
13893;0;0;0;230;235;235;0.0000;0.0000;33.3333;7.3854;59.0677;0.0000;1;0;0;0;1;0;65566
13903;0;0;0;230;235;235;0.0000;0.0000;33.3333;7.3854;59.0677;0.0000;1;0;0;0;1;0;65566
13913;0;0;0;230;235;235;0.0000;0.0000;33.3333;7.3854;59.0677;0.0000;1;0;0;0;1;0;65566
13925;0;0;0;230;235;235;0.0000;0.0000;33.3333;7.3854;59.0677;0.0000;1;0;0;0;1;0;65566
13935;0;0;0;230;235;235;0.0000;0.0000;33.3333;7.3854;59.0677;0.0000;1;0;0;0;1;0;65566
13946;0;0;0;230;235;235;0.0000;0.0000;33.3333;7.3854;59.0677;0.0000;1;0;0;0;1;0;65566
13956;0;0;0;230;235;235;0.0000;0.0000;33.3333;7.3854;59.0677;0.0000;1;0;0;0;1;0;65566
13966;0;0;0;230;235;235;0.0000;0.0000;33.3333;7.3854;59.0677;0.0000;1;0;0;0;1;0;65566
13976;0;0;0;230;235;235;0.0000;0.0000;33.3333;7.3854;59.0677;0.0000;1;0;0;0;1;0;65566
13987;0;0;0;230;235;235;0.0000;0.0000;33.3333;7.3854;59.0677;0.0000;1;0;0;0;1;0;65566
13997;0;0;0;230;235;235;0.0000;0.0000;33.3333;7.3854;59.0677;0.0000;1;0;0;0;1;0;65566
14007;0;0;0;230;235;235;0.0000;0.0000;33.3333;7.3854;59.0677;0.0000;1;0;0;0;1;0;65566
14018;0;0;0;230;235;235;0.0000;0.0000;33.3333;7.3854;59.0677;0.0000;1;0;0;0;1;0;65566
14028;0;0;0;230;235;235;0.0000;0.0000;33.3333;7.3854;59.0677;0.0000;1;0;0;0;1;0;65560
14039;0;0;0;230;235;235;0.0000;0.0000;33.3333;7.3854;59.0677;0.0000;1;0;0;0;1;0;65536
14049;0;0;0;230;235;235;0.0000;0.0000;33.3333;7.3854;59.0677;0.0000;1;0;0;0;1;0;65536
14060;0;0;0;230;235;235;0.0000;0.0000;33.3333;7.3854;59.0677;0.0000;1;0;0;0;1;0;65536
14071;0;0;0;230;235;235;0.0000;0.0000;33.3333;7.3854;59.0677;0.0000;1;0;0;0;1;0;65536
14081;0;0;0;230;235;235;0.0000;0.0000;33.3333;7.3854;59.0677;0.0000;1;0;0;0;1;0;65536
14092;0;0;0;230;235;235;0.0000;0.0000;33.3333;7.3854;59.0677;0.0000;1;0;0;0;1;0;65536
14103;0;0;0;230;235;235;0.0000;0.0000;33.3333;7.3854;59.0677;0.0000;1;0;0;0;1;0;65536
14113;0;0;0;230;235;235;0.0000;0.0000;33.3333;7.3854;59.0677;0.0000;1;0;0;0;1;0;65536
14124;0;0;0;230;235;235;0.0000;0.0000;33.3333;7.3854;59.0677;0.0000;1;0;0;0;1;0;65536
14135;0;0;0;230;235;235;0.0000;0.0000;33.3333;7.3854;59.0677;0.0000;1;0;0;0;1;0;65536
14145;0;0;0;230;235;235;0.0000;0.0000;33.3333;7.3854;59.0677;0.0000;1;0;0;0;1;0;65536
14156;0;0;0;230;235;235;0.0000;0.0000;33.3333;7.3854;59.0677;0.0000;1;0;0;0;1;0;65536
14167;0;0;0;230;235;235;0.0000;0.0000;33.3333;7.3854;59.0677;0.0000;1;0;0;0;1;0;65536
14177;0;0;0;230;235;235;0.0000;0.0000;27.2727;7.3822;59.0689;0.0000;1;0;0;0;1;0;65536
14188;0;0;0;230;235;235;0.0000;0.0000;27.2727;7.3822;59.0689;0.0000;1;0;0;0;1;0;65536
14198;0;0;0;230;235;235;0.0000;0.0000;27.2727;7.3822;59.0689;0.0000;1;0;0;0;1;0;65536
14208;0;0;0;230;235;235;0.0000;0.0000;27.2727;7.3822;59.0689;0.0000;1;0;0;0;1;0;65536
14219;0;0;0;230;235;235;0.0000;0.0000;27.2727;7.3822;59.0689;0.0000;1;0;0;0;1;0;65536
14233;0;0;0;230;235;235;0.0000;0.0000;27.2727;7.3822;59.0689;0.0000;1;0;0;0;1;0;65536
14243;0;0;0;230;235;235;0.0000;0.0000;27.2727;7.3822;59.0689;0.0000;1;0;0;0;1;0;65540
14254;0;0;0;230;235;235;0.0000;0.0000;27.2727;7.3822;59.0689;0.0000;1;0;0;0;1;0;65540
14264;0;0;0;230;235;235;0.0000;0.0000;27.2727;7.3822;59.0689;0.0000;1;0;0;0;1;0;65540
14279;0;0;0;230;235;235;0.0000;0.0000;27.2727;7.3822;59.0689;0.0000;1;0;0;0;1;0;65540
14289;0;0;0;230;235;235;0.0000;0.0000;27.2727;7.3822;59.0689;0.0000;1;0;0;0;1;0;65540
14300;0;0;0;230;235;235;0.0000;0.0000;27.2727;7.3822;59.0689;0.0000;1;0;0;0;1;0;65540
14311;0;0;0;230;235;235;0.0000;0.0000;27.2727;7.3822;59.0689;0.0000;1;0;0;0;1;0;65540
14321;0;0;0;230;235;235;0.0000;0.0000;27.2727;7.3822;59.0689;0.0000;1;0;0;0;1;0;65540
14332;0;0;0;230;235;235;0.0000;0.0000;27.2727;7.3822;59.0689;0.0000;1;0;0;0;1;0;65540
14344;0;0;0;230;235;235;0.0000;0.0000;27.2727;7.3822;59.0689;0.0000;1;0;0;0;1;0;65540
14354;0;0;0;230;235;235;0.0000;0.0000;27.2727;7.3822;59.0689;0.0000;1;0;0;0;1;0;65540
14365;0;0;0;230;235;235;0.0000;0.0000;27.2727;7.3822;59.0689;0.0000;1;0;0;0;1;0;65540
14375;0;0;0;230;235;235;0.0000;0.0000;27.2727;7.3822;59.0689;0.0000;1;0;0;0;1;0;65540
14386;0;0;0;230;235;235;0.0000;0.0000;27.2727;7.3822;59.0689;0.0000;1;0;0;0;1;0;65540
14396;0;0;0;230;235;235;0.0000;0.0000;27.2727;7.3822;59.0689;0.0000;1;0;0;0;1;0;65540
14406;0;0;0;230;235;235;0.0000;0.0000;27.2727;7.3822;59.0689;0.0000;1;0;0;0;1;0;65540
14417;0;0;0;230;235;235;0.0000;0.0000;27.2727;7.3822;59.0689;0.0000;1;0;0;0;1;0;65540
14427;0;0;0;230;235;235;0.0000;0.0000;27.2727;7.3822;59.0689;0.0000;1;0;0;0;1;0;65540
14438;0;0;0;230;235;235;0.0000;0.0000;27.2727;7.3822;59.0689;0.0000;1;0;0;0;1;0;65540
14448;0;0;0;230;235;235;0.0000;0.0000;27.2727;7.3822;59.0689;0.0000;1;0;0;0;1;0;65566
14459;0;0;0;230;235;235;0.0000;0.0000;27.2727;7.3822;59.0689;0.0000;1;0;0;0;1;0;65566
14470;0;0;0;230;235;235;0.0000;0.0000;27.2727;7.3822;59.0689;0.0000;1;0;0;0;1;0;65566
14480;0;0;0;230;235;235;0.0000;0.0000;27.2727;7.3822;59.0689;0.0000;1;0;0;0;1;0;65566
14490;0;0;0;230;235;235;0.0000;0.0000;27.2727;7.3822;59.0689;0.0000;1;0;0;0;1;0;65566
14500;0;0;0;230;235;235;0.0000;0.0000;27.2727;7.3822;59.0689;0.0000;1;0;0;0;1;0;65566
14511;0;0;0;230;235;235;0.0000;0.0000;27.2727;7.3822;59.0689;0.0000;1;0;0;0;1;0;65566
14521;0;0;0;230;235;235;0.0000;0.0000;27.2727;7.3822;59.0689;0.0000;1;0;0;0;1;0;65566
14531;0;0;0;230;235;235;0.0000;0.0000;27.2727;7.3822;59.0689;0.0000;1;0;0;0;1;0;65566
14542;0;0;0;230;235;235;0.0000;0.0000;27.2727;7.3822;59.0689;0.0000;1;0;0;0;1;0;65566
14554;0;0;0;230;235;235;0.0000;0.0000;27.2727;7.3822;59.0689;0.0000;1;0;0;0;1;0;65566
14565;0;0;0;230;235;235;0.0000;0.0000;27.2727;7.3822;59.0689;0.0000;1;0;0;0;1;0;65566
14575;0;0;0;230;235;235;0.0000;0.0000;27.2727;7.3822;59.0689;0.0000;1;0;0;0;1;0;65566
14585;0;0;0;230;235;235;0.0000;0.0000;27.2727;7.3822;59.0689;0.0000;1;0;0;0;1;0;65566
14599;0;0;0;230;235;235;0.0000;0.0000;27.2727;7.3822;59.0689;0.0000;1;0;0;0;1;0;65566
14609;0;0;0;230;235;235;0.0000;0.0000;27.2727;7.3822;59.0689;0.0000;1;0;0;0;1;0;65566
14620;0;0;0;230;235;235;0.0000;0.0000;27.2727;7.3822;59.0689;0.0000;1;0;0;0;1;0;65566
14630;0;0;0;230;235;235;0.0000;0.0000;27.2727;7.3822;59.0689;0.0000;1;0;0;0;1;0;65566
14641;0;0;0;230;235;235;0.0000;0.0000;27.2727;7.3822;59.0689;0.0000;1;0;0;0;1;0;65566
14651;0;0;0;230;235;235;0.0000;0.0000;27.2727;7.3822;59.0689;0.0000;1;0;0;0;1;0;65566
14661;0;0;0;230;235;235;0.0000;0.0000;27.2727;7.3822;59.0689;0.0000;1;0;0;0;1;0;65566
14672;0;0;0;230;235;235;0.0000;0.0000;27.2727;7.3822;59.0689;0.0000;1;0;0;0;1;0;65566
14682;0;0;0;230;235;235;0.0000;0.0000;27.2727;7.3822;59.0689;0.0000;1;0;0;0;1;0;65566
14693;0;0;0;230;235;235;0.0000;0.0000;27.2727;7.3822;59.0689;0.0000;1;0;0;0;1;0;65566
14703;0;0;0;230;235;235;0.0000;0.0000;27.2727;7.3822;59.0689;0.0000;1;0;0;0;1;0;65566
14713;0;0;0;230;235;235;0.0000;0.0000;27.2727;7.3822;59.0689;0.0000;1;0;0;0;1;0;65566
14724;0;0;0;230;235;235;0.0000;0.0000;27.2727;7.3822;59.0689;0.0000;1;0;0;0;1;0;65566
14734;0;0;0;230;235;235;0.0000;0.0000;27.2727;7.3822;59.0689;0.0000;1;0;0;0;1;0;65566
14745;0;0;0;230;235;235;0.0000;0.0000;27.2727;7.3822;59.0689;0.0000;1;0;0;0;1;0;65566
14755;0;0;0;230;235;235;0.0000;0.0000;27.2727;7.3822;59.0689;0.0000;1;0;0;0;1;0;65566
14765;0;0;0;230;235;235;0.0000;0.0000;27.2727;7.3822;59.0689;0.0000;1;0;0;0;1;0;65566
14776;0;0;0;230;235;235;0.0000;0.0000;27.2727;7.3822;59.0689;0.0000;1;0;0;0;1;0;65566
14786;0;0;0;230;235;235;0.0000;0.0000;27.2727;7.3822;59.0689;0.0000;1;0;0;0;1;0;65566
14796;0;0;0;230;235;235;0.0000;0.0000;27.2727;7.3822;59.0689;0.0000;1;0;0;0;1;0;65566
14807;0;0;0;230;235;235;0.0000;0.0000;27.2727;7.3822;59.0689;0.0000;1;0;0;0;1;0;65566
14817;0;0;0;230;235;235;0.0000;0.0000;27.2727;7.3822;59.0689;0.0000;1;0;0;0;1;0;65566
14827;0;0;0;230;235;235;0.0000;0.0000;27.2727;7.3822;59.0689;0.0000;1;0;0;0;1;0;65566
14838;0;0;0;230;235;235;0.0000;0.0000;27.2727;7.3822;59.0689;0.0000;1;0;0;0;1;0;65566
14848;0;0;0;230;235;235;0.0000;0.0000;27.2727;7.3822;59.0689;0.0000;1;0;0;0;1;0;65566
14858;0;0;0;230;235;235;0.0000;0.0000;27.2727;7.3822;59.0689;0.0000;1;0;0;0;1;0;65566
14869;0;0;0;230;235;235;0.0000;0.0000;27.2727;7.3822;59.0689;0.0000;1;0;0;0;1;0;65566
14879;0;0;0;230;235;235;0.0000;0.0000;27.2727;7.3822;59.0689;0.0000;1;0;0;0;1;0;65566
14890;0;0;0;230;235;235;0.0000;0.0000;27.2727;7.3822;59.0689;0.0000;1;0;0;0;1;0;65566
14905;0;0;0;230;235;235;0.0000;0.0000;27.2727;7.3822;59.0689;0.0000;1;0;0;0;1;0;65566
14915;0;0;0;230;235;235;0.0000;0.0000;27.2727;7.3822;59.0689;0.0000;1;0;0;0;1;0;65566
14926;0;0;0;230;235;235;0.0000;0.0000;27.2727;7.3822;59.0689;0.0000;1;0;0;0;1;0;65566
14936;0;0;0;230;235;235;0.0000;0.0000;27.2727;7.3822;59.0689;0.0000;1;0;0;0;1;0;65566
14947;0;0;0;230;235;235;0.0000;0.0000;27.2727;7.3822;59.0689;0.0000;1;0;0;0;1;0;65566
14957;0;0;0;230;235;235;0.0000;0.0000;27.2727;7.3822;59.0689;0.0000;1;0;0;0;1;0;65566
14967;0;0;0;230;235;235;0.0000;0.0000;27.2727;7.3822;59.0689;0.0000;1;0;0;0;1;0;65536
14978;0;0;0;230;235;235;0.0000;0.0000;27.2727;7.3822;59.0689;0.0000;1;0;0;0;1;0;65536
14988;0;0;0;230;235;235;0.0000;0.0000;27.2727;7.3822;59.0689;0.0000;1;0;0;0;1;0;65536
14998;0;0;0;230;235;235;0.0000;0.0000;27.2727;7.3822;59.0689;0.0000;1;0;0;0;1;0;65536
15009;0;0;0;230;235;235;0.0000;0.0000;27.2727;7.3822;59.0689;0.0000;1;0;0;0;1;0;65536
15020;0;0;0;230;235;235;0.0000;0.0000;27.2727;7.3822;59.0689;0.0000;1;0;0;0;1;0;65536
15030;0;0;0;230;235;235;0.0000;0.0000;27.2727;7.3822;59.0689;0.0000;1;0;0;0;1;0;65536
15040;0;0;0;230;235;235;0.0000;0.0000;27.2727;7.3822;59.0689;0.0000;1;0;0;0;1;0;65536
15050;0;0;0;230;235;235;0.0000;0.0000;27.2727;7.3822;59.0689;0.0000;1;0;0;0;1;0;65536
15061;0;0;0;230;235;235;0.0000;0.0000;27.2727;7.3822;59.0689;0.0000;1;0;0;0;1;0;65536
15072;0;0;0;230;235;235;0.0000;0.0000;27.2727;7.3822;59.0689;0.0000;1;0;0;0;1;0;65536
15082;0;0;0;230;235;235;0.0000;0.0000;27.2727;7.3822;59.0689;0.0000;1;0;0;0;1;0;65536
15092;0;0;0;230;235;235;0.0000;0.0000;27.2727;7.3822;59.0689;0.0000;1;0;0;0;1;0;65536
15103;0;0;0;230;235;235;0.0000;0.0000;27.2727;7.3822;59.0689;0.0000;1;0;0;0;1;0;65536
15113;0;0;0;230;235;235;0.0000;0.0000;27.2727;7.3822;59.0689;0.0000;1;0;0;0;1;0;65536
15124;0;0;0;230;235;235;0.0000;0.0000;27.2727;7.3822;59.0689;0.0000;1;0;0;0;1;0;65536
15134;0;0;0;230;235;235;0.0000;0.0000;27.2727;7.3822;59.0689;0.0000;1;0;0;0;1;0;65536
15145;0;0;0;230;235;235;0.0000;0.0000;27.2727;7.3822;59.0689;0.0000;1;0;0;0;1;0;65536
15155;0;0;0;230;235;235;0.0000;0.0000;27.2727;7.3822;59.0689;0.0000;1;0;0;0;1;0;65536
15167;0;0;0;230;235;235;0.0000;0.0000;27.2727;7.3822;59.0689;0.0000;1;0;0;0;1;0;65536
15177;0;0;0;230;235;235;0.0000;0.0000;20.0000;7.3806;59.0702;0.0000;1;0;0;0;1;0;65536
15187;0;0;0;230;235;235;0.0000;0.0000;20.0000;7.3806;59.0702;0.0000;1;0;0;0;1;0;65536
15198;0;0;0;230;235;235;0.0000;0.0000;20.0000;7.3806;59.0702;0.0000;1;0;0;0;1;0;65536
15208;0;0;0;230;235;235;0.0000;0.0000;20.0000;7.3806;59.0702;0.0000;1;0;0;0;1;0;65536
15219;0;0;0;230;235;235;0.0000;0.0000;20.0000;7.3806;59.0702;0.0000;1;0;0;0;1;0;65536
15230;0;0;0;230;235;235;0.0000;0.0000;20.0000;7.3806;59.0702;0.0000;1;0;0;0;1;0;65536
15240;0;0;0;230;235;235;0.0000;0.0000;20.0000;7.3806;59.0702;0.0000;1;0;0;0;1;0;65536
15251;0;0;0;230;235;235;0.0000;0.0000;20.0000;7.3806;59.0702;0.0000;1;0;0;0;1;0;65536
15261;0;0;0;230;235;235;0.0000;0.0000;20.0000;7.3806;59.0702;0.0000;1;0;0;0;1;0;65536
15271;0;0;0;230;235;235;0.0000;0.0000;20.0000;7.3806;59.0702;0.0000;1;0;0;0;1;0;65536
15282;0;0;0;230;235;235;0.0000;0.0000;20.0000;7.3806;59.0702;0.0000;1;0;0;0;1;0;65540
15292;0;0;0;230;235;235;0.0000;0.0000;20.0000;7.3806;59.0702;0.0000;1;0;0;0;1;0;65540
15302;0;0;0;230;235;235;0.0000;0.0000;20.0000;7.3806;59.0702;0.0000;1;0;0;0;1;0;65540
15313;0;0;0;230;235;235;0.0000;0.0000;20.0000;7.3806;59.0702;0.0000;1;0;0;0;1;0;65540
15323;0;0;0;230;235;235;0.0000;0.0000;20.0000;7.3806;59.0702;0.0000;1;0;0;0;1;0;65540
15334;0;0;0;230;235;235;0.0000;0.0000;20.0000;7.3806;59.0702;0.0000;1;0;0;0;1;0;65540
15344;0;0;0;230;235;235;0.0000;0.0000;20.0000;7.3806;59.0702;0.0000;1;0;0;0;1;0;65540
15354;0;0;0;230;235;235;0.0000;0.0000;20.0000;7.3806;59.0702;0.0000;1;0;0;0;1;0;65540
15365;0;0;0;230;235;235;0.0000;0.0000;20.0000;7.3806;59.0702;0.0000;1;0;0;0;1;0;65540
15377;0;0;0;230;235;235;0.0000;0.0000;20.0000;7.3806;59.0702;0.0000;1;0;0;0;1;0;65540
15389;0;0;0;230;235;235;0.0000;0.0000;20.0000;7.3806;59.0702;0.0000;1;0;0;0;1;0;65548
15400;0;0;0;230;235;235;0.0000;0.0000;20.0000;7.3806;59.0702;0.0000;1;0;0;0;1;0;65548
15411;0;0;0;230;235;235;0.0000;0.0000;20.0000;7.3806;59.0702;0.0000;1;0;0;0;1;0;65548
15427;0;0;0;230;235;235;0.0000;0.0000;20.0000;7.3806;59.0702;0.0000;1;0;0;0;1;0;65548
15438;0;0;0;230;235;235;0.0000;0.0000;20.0000;7.3806;59.0702;0.0000;1;0;0;0;1;0;65548
15448;0;0;0;230;235;235;0.0000;0.0000;20.0000;7.3806;59.0702;0.0000;1;0;0;0;1;0;65548
15458;0;0;0;230;235;235;0.0000;0.0000;20.0000;7.3806;59.0702;0.0000;1;0;0;0;1;0;65548
15469;0;0;0;230;235;235;0.0000;0.0000;20.0000;7.3806;59.0702;0.0000;1;0;0;0;1;0;65548
15479;0;0;0;230;235;235;0.0000;0.0000;20.0000;7.3806;59.0702;0.0000;1;0;0;0;1;0;65548
15489;0;0;0;230;235;235;0.0000;0.0000;20.0000;7.3806;59.0702;0.0000;1;0;0;0;1;0;65566
15501;0;0;0;230;235;235;0.0000;0.0000;20.0000;7.3806;59.0702;0.0000;1;0;0;0;1;0;65566
15511;0;0;0;230;235;235;0.0000;0.0000;20.0000;7.3806;59.0702;0.0000;1;0;0;0;1;0;65566
15522;0;0;0;230;235;235;0.0000;0.0000;20.0000;7.3806;59.0702;0.0000;1;0;0;0;1;0;65566
15532;0;0;0;230;235;235;0.0000;0.0000;20.0000;7.3806;59.0702;0.0000;1;0;0;0;1;0;65566
15543;0;0;0;230;235;235;0.0000;0.0000;20.0000;7.3806;59.0702;0.0000;1;0;0;0;1;0;65566
15553;0;0;0;230;235;235;0.0000;0.0000;20.0000;7.3806;59.0702;0.0000;1;0;0;0;1;0;65566
15564;0;0;0;230;235;235;0.0000;0.0000;20.0000;7.3806;59.0702;0.0000;1;0;0;0;1;0;65566
15574;0;0;0;230;235;235;0.0000;0.0000;20.0000;7.3806;59.0702;0.0000;1;0;0;0;1;0;65566
15584;0;0;0;230;235;235;0.0000;0.0000;20.0000;7.3806;59.0702;0.0000;1;0;0;0;1;0;65566
15594;0;0;0;230;235;235;0.0000;0.0000;20.0000;7.3806;59.0702;0.0000;1;0;0;0;1;0;65566
15605;0;0;0;230;235;235;0.0000;0.0000;20.0000;7.3806;59.0702;0.0000;1;0;0;0;1;0;65566
15615;0;0;0;230;235;235;0.0000;0.0000;20.0000;7.3806;59.0702;0.0000;1;0;0;0;1;0;65566
15626;0;0;0;230;235;235;0.0000;0.0000;20.0000;7.3806;59.0702;0.0000;1;0;0;0;1;0;65566
15636;0;0;0;230;235;235;0.0000;0.0000;20.0000;7.3806;59.0702;0.0000;1;0;0;0;1;0;65566
15646;0;0;0;230;235;235;0.0000;0.0000;20.0000;7.3806;59.0702;0.0000;1;0;0;0;1;0;65566
15657;0;0;0;230;235;235;0.0000;0.0000;20.0000;7.3806;59.0702;0.0000;1;0;0;0;1;0;65566
15669;0;0;0;230;235;235;0.0000;0.0000;20.0000;7.3806;59.0702;0.0000;1;0;0;0;1;0;65566
15680;0;0;0;230;235;235;0.0000;0.0000;20.0000;7.3806;59.0702;0.0000;1;0;0;0;1;0;65566
15690;0;0;0;230;235;235;0.0000;0.0000;20.0000;7.3806;59.0702;0.0000;1;0;0;0;1;0;65566
15700;0;0;0;230;235;235;0.0000;0.0000;20.0000;7.3806;59.0702;0.0000;1;0;0;0;1;0;65566
15711;0;0;0;230;235;235;0.0000;0.0000;20.0000;7.3806;59.0702;0.0000;1;0;0;0;1;0;65566
15721;0;0;0;230;235;235;0.0000;0.0000;20.0000;7.3806;59.0702;0.0000;1;0;0;0;1;0;65566
15731;0;0;0;230;235;235;0.0000;0.0000;20.0000;7.3806;59.0702;0.0000;1;0;0;0;1;0;65566
15742;0;0;0;230;235;235;0.0000;0.0000;20.0000;7.3806;59.0702;0.0000;1;0;0;0;1;0;65566
15752;0;0;0;230;235;235;0.0000;0.0000;20.0000;7.3806;59.0702;0.0000;1;0;0;0;1;0;65566
15763;0;0;0;230;235;235;0.0000;0.0000;20.0000;7.3806;59.0702;0.0000;1;0;0;0;1;0;65566
15773;0;0;0;230;235;235;0.0000;0.0000;20.0000;7.3806;59.0702;0.0000;1;0;0;0;1;0;65566
15783;0;0;0;230;235;235;0.0000;0.0000;20.0000;7.3806;59.0702;0.0000;1;0;0;0;1;0;65566
15794;0;0;0;230;235;235;0.0000;0.0000;20.0000;7.3806;59.0702;0.0000;1;0;0;0;1;0;65566
15804;0;0;0;230;235;235;0.0000;0.0000;20.0000;7.3806;59.0702;0.0000;1;0;0;0;1;0;65566
15815;0;0;0;230;235;235;0.0000;0.0000;20.0000;7.3806;59.0702;0.0000;1;0;0;0;1;0;65566
15825;0;0;0;230;235;235;0.0000;0.0000;20.0000;7.3806;59.0702;0.0000;1;0;0;0;1;0;65566
15836;0;0;0;230;235;235;0.0000;0.0000;20.0000;7.3806;59.0702;0.0000;1;0;0;0;1;0;65566
15846;0;0;0;230;235;235;0.0000;0.0000;20.0000;7.3806;59.0702;0.0000;1;0;0;0;1;0;65566
15856;0;0;0;230;235;235;0.0000;0.0000;20.0000;7.3806;59.0702;0.0000;1;0;0;0;1;0;65566
15866;0;0;0;230;235;235;0.0000;0.0000;20.0000;7.3806;59.0702;0.0000;1;0;0;0;1;0;65566
15877;0;0;0;230;235;235;0.0000;0.0000;20.0000;7.3806;59.0702;0.0000;1;0;0;0;1;0;65566
15887;0;0;0;230;235;235;0.0000;0.0000;20.0000;7.3806;59.0702;0.0000;1;0;0;0;1;0;65566
15897;0;0;0;230;235;235;0.0000;0.0000;20.0000;7.3806;59.0702;0.0000;1;0;0;0;1;0;65566
15908;0;0;0;230;235;235;0.0000;0.0000;20.0000;7.3806;59.0702;0.0000;1;0;0;0;1;0;65566
15918;0;0;0;230;235;235;0.0000;0.0000;20.0000;7.3806;59.0702;0.0000;1;0;0;0;1;0;65566
15929;0;0;0;230;235;235;0.0000;0.0000;20.0000;7.3806;59.0702;0.0000;1;0;0;0;1;0;65566
15939;0;0;0;230;235;235;0.0000;0.0000;20.0000;7.3806;59.0702;0.0000;1;0;0;0;1;0;65566
15950;0;0;0;230;235;235;0.0000;0.0000;20.0000;7.3806;59.0702;0.0000;1;0;0;0;1;0;65566
15960;0;0;0;230;235;235;0.0000;0.0000;20.0000;7.3806;59.0702;0.0000;1;0;0;0;1;0;65566
15971;0;0;0;230;235;235;0.0000;0.0000;20.0000;7.3806;59.0702;0.0000;1;0;0;0;1;0;65566
15981;0;0;0;230;235;235;0.0000;0.0000;20.0000;7.3806;59.0702;0.0000;1;0;0;0;1;0;65566
15991;0;0;0;230;235;235;0.0000;0.0000;20.0000;7.3806;59.0702;0.0000;1;0;0;0;1;0;65566
16002;0;0;0;230;235;235;0.0000;0.0000;20.0000;7.3806;59.0702;0.0000;1;0;0;0;1;0;65536
16012;0;0;0;230;235;235;0.0000;0.0000;20.0000;7.3806;59.0702;0.0000;1;0;0;0;1;0;65536
16022;0;0;0;230;235;235;0.0000;0.0000;20.0000;7.3806;59.0702;0.0000;1;0;0;0;1;0;65536
16033;0;0;0;230;235;235;0.0000;0.0000;20.0000;7.3806;59.0702;0.0000;1;0;0;0;1;0;65536
16043;0;0;0;230;235;235;0.0000;0.0000;20.0000;7.3806;59.0702;0.0000;1;0;0;0;1;0;65536
16054;0;0;0;230;235;235;0.0000;0.0000;20.0000;7.3806;59.0702;0.0000;1;0;0;0;1;0;65536
16064;0;0;0;230;235;235;0.0000;0.0000;20.0000;7.3806;59.0702;0.0000;1;0;0;0;1;0;65536
16074;0;0;0;230;235;235;0.0000;0.0000;20.0000;7.3806;59.0702;0.0000;1;0;0;0;1;0;65536
16085;0;0;0;230;235;235;0.0000;0.0000;20.0000;7.3806;59.0702;0.0000;1;0;0;0;1;0;65536
16095;0;0;0;230;235;235;0.0000;0.0000;20.0000;7.3806;59.0702;0.0000;1;0;0;0;1;0;65536
16106;0;0;0;230;235;235;0.0000;0.0000;20.0000;7.3806;59.0702;0.0000;1;0;0;0;1;0;65536
16117;0;0;0;230;235;235;0.0000;0.0000;20.0000;7.3806;59.0702;0.0000;1;0;0;0;1;0;65536
16127;0;0;0;230;235;235;0.0000;0.0000;20.0000;7.3806;59.0702;0.0000;1;0;0;0;1;0;65536
16138;0;0;0;230;235;235;0.0000;0.0000;20.0000;7.3806;59.0702;0.0000;1;0;0;0;1;0;65536
16148;0;0;0;230;235;235;0.0000;0.0000;20.0000;7.3806;59.0702;0.0000;1;0;0;0;1;0;65536
16158;0;0;0;230;235;235;0.0000;0.0000;20.0000;7.3806;59.0702;0.0000;1;0;0;0;1;0;65536
16169;0;0;0;230;235;235;0.0000;0.0000;20.0000;7.3806;59.0702;0.0000;1;0;0;0;1;0;65536
16179;0;0;0;230;235;235;0.0000;0.0000;0.0000;7.3790;59.0714;0.0000;1;0;0;0;1;0;65536
16190;0;0;0;230;235;235;0.0000;0.0000;0.0000;7.3790;59.0714;0.0000;1;0;0;0;1;0;65536
16200;0;0;0;230;235;235;0.0000;0.0000;0.0000;7.3790;59.0714;0.0000;1;0;0;0;1;0;65536
16210;0;0;0;230;235;235;0.0000;0.0000;0.0000;7.3790;59.0714;0.0000;1;0;0;0;1;0;65536
16221;0;0;0;230;235;235;0.0000;0.0000;0.0000;7.3790;59.0714;0.0000;1;0;0;0;1;0;65536
16231;0;0;0;230;235;235;0.0000;0.0000;0.0000;7.3790;59.0714;0.0000;1;0;0;0;1;0;65536
16242;0;0;0;230;235;235;0.0000;0.0000;0.0000;7.3790;59.0714;0.0000;1;0;0;0;1;0;65536
16252;0;0;0;230;235;235;0.0000;0.0000;0.0000;7.3790;59.0714;0.0000;1;0;0;0;1;0;65536
16263;0;0;0;230;235;235;0.0000;0.0000;0.0000;7.3790;59.0714;0.0000;1;0;0;0;1;0;65536
16273;0;0;0;230;235;235;0.0000;0.0000;0.0000;7.3790;59.0714;0.0000;1;0;0;0;1;0;65536
16283;0;0;0;230;235;235;0.0000;0.0000;0.0000;7.3790;59.0714;0.0000;1;0;0;0;1;0;65536
16293;0;0;0;230;235;235;0.0000;0.0000;0.0000;7.3790;59.0714;0.0000;1;0;0;0;1;0;65536
16304;0;0;0;230;235;235;0.0000;0.0000;0.0000;7.3790;59.0714;0.0000;1;0;0;0;1;0;65536
16314;0;0;0;230;235;235;0.0000;0.0000;0.0000;7.3790;59.0714;0.0000;1;0;0;0;1;0;65540
16324;0;0;0;230;235;235;0.0000;0.0000;0.0000;7.3790;59.0714;0.0000;1;0;0;0;1;0;65540
16335;0;0;0;230;235;235;0.0000;0.0000;0.0000;7.3790;59.0714;0.0000;1;0;0;0;1;0;65540
16345;0;0;0;230;235;235;0.0000;0.0000;0.0000;7.3790;59.0714;0.0000;1;0;0;0;1;0;65540
16356;0;0;0;230;235;235;0.0000;0.0000;0.0000;7.3790;59.0714;0.0000;1;0;0;0;1;0;65540
16366;0;0;0;230;235;235;0.0000;0.0000;0.0000;7.3790;59.0714;0.0000;1;0;0;0;1;0;65540
16376;0;0;0;230;235;235;0.0000;0.0000;0.0000;7.3790;59.0714;0.0000;1;0;0;0;1;0;65540
16387;0;0;0;230;235;235;0.0000;0.0000;0.0000;7.3790;59.0714;0.0000;1;0;0;0;1;0;65540
16398;0;0;0;230;235;235;0.0000;0.0000;0.0000;7.3790;59.0714;0.0000;1;0;0;0;1;0;65540
16409;0;0;0;230;235;235;0.0000;0.0000;0.0000;7.3790;59.0714;0.0000;1;0;0;0;1;0;65540
16421;0;0;0;230;235;235;0.0000;0.0000;0.0000;7.3790;59.0714;0.0000;1;0;0;0;1;0;65550
16433;0;0;0;230;235;235;0.0000;0.0000;0.0000;7.3790;59.0714;0.0000;1;0;0;0;1;0;65550
16443;0;0;0;230;235;235;0.0000;0.0000;0.0000;7.3790;59.0714;0.0000;1;0;0;0;1;0;65550
16454;0;0;0;230;235;235;0.0000;0.0000;0.0000;7.3790;59.0714;0.0000;1;0;0;0;1;0;65550
16464;0;0;0;230;235;235;0.0000;0.0000;0.0000;7.3790;59.0714;0.0000;1;0;0;0;1;0;65550
16475;0;0;0;230;235;235;0.0000;0.0000;0.0000;7.3790;59.0714;0.0000;1;0;0;0;1;0;65550
16485;0;0;0;230;235;235;0.0000;0.0000;0.0000;7.3790;59.0714;0.0000;1;0;0;0;1;0;65550
16495;0;0;0;230;235;235;0.0000;0.0000;0.0000;7.3790;59.0714;0.0000;1;0;0;0;1;0;65550
16505;0;0;0;230;235;235;0.0000;0.0000;0.0000;7.3790;59.0714;0.0000;1;0;0;0;1;0;65550
16515;0;0;0;230;235;235;0.0000;0.0000;0.0000;7.3790;59.0714;0.0000;1;0;0;0;1;0;65550
16526;0;0;0;230;235;235;0.0000;0.0000;0.0000;7.3790;59.0714;0.0000;1;0;0;0;1;0;65566
16536;0;0;0;230;235;235;0.0000;0.0000;0.0000;7.3790;59.0714;0.0000;1;0;0;0;1;0;65566
16547;0;0;0;230;235;235;0.0000;0.0000;0.0000;7.3790;59.0714;0.0000;1;0;0;0;1;0;65566
16557;0;0;0;230;235;235;0.0000;0.0000;0.0000;7.3790;59.0714;0.0000;1;0;0;0;1;0;65566
16567;0;0;0;230;235;235;0.0000;0.0000;0.0000;7.3790;59.0714;0.0000;1;0;0;0;1;0;65566
16578;0;0;0;230;235;235;0.0000;0.0000;0.0000;7.3790;59.0714;0.0000;1;0;0;0;1;0;65566
16588;0;0;0;230;235;235;0.0000;0.0000;0.0000;7.3790;59.0714;0.0000;1;0;0;0;1;0;65566
16598;0;0;0;230;235;235;0.0000;0.0000;0.0000;7.3790;59.0714;0.0000;1;0;0;0;1;0;65566
16609;0;0;0;230;235;235;0.0000;0.0000;0.0000;7.3790;59.0714;0.0000;1;0;0;0;1;0;65566
16619;0;0;0;230;235;235;0.0000;0.0000;0.0000;7.3790;59.0714;0.0000;1;0;0;0;1;0;65566
16629;0;0;0;230;235;235;0.0000;0.0000;0.0000;7.3790;59.0714;0.0000;1;0;0;0;1;0;65566
16640;0;0;0;230;235;235;0.0000;0.0000;0.0000;7.3790;59.0714;0.0000;1;0;0;0;1;0;65566
16650;0;0;0;230;235;235;0.0000;0.0000;0.0000;7.3790;59.0714;0.0000;1;0;0;0;1;0;65566
16661;0;0;0;230;235;235;0.0000;0.0000;0.0000;7.3790;59.0714;0.0000;1;0;0;0;1;0;65566
16671;0;0;0;230;235;235;0.0000;0.0000;0.0000;7.3790;59.0714;0.0000;1;0;0;0;1;0;65566
16681;0;0;0;230;235;235;0.0000;0.0000;0.0000;7.3790;59.0714;0.0000;1;0;0;0;1;0;65566
16692;0;0;0;230;235;235;0.0000;0.0000;0.0000;7.3790;59.0714;0.0000;1;0;0;0;1;0;65566
16709;0;0;0;230;235;235;0.0000;0.0000;0.0000;7.3790;59.0714;0.0000;1;0;0;0;1;0;65566
16719;0;0;0;230;235;235;0.0000;0.0000;0.0000;7.3790;59.0714;0.0000;1;0;0;0;1;0;65566
16730;0;0;0;230;235;235;0.0000;0.0000;0.0000;7.3790;59.0714;0.0000;1;0;0;0;1;0;65566
16741;0;0;0;230;235;235;0.0000;0.0000;0.0000;7.3790;59.0714;0.0000;1;0;0;0;1;0;65566
16751;0;0;0;230;235;235;0.0000;0.0000;0.0000;7.3790;59.0714;0.0000;1;0;0;0;1;0;65566
16762;0;0;0;230;235;235;0.0000;0.0000;0.0000;7.3790;59.0714;0.0000;1;0;0;0;1;0;65566
16772;0;0;0;230;235;235;0.0000;0.0000;0.0000;7.3790;59.0714;0.0000;1;0;0;0;1;0;65566
16789;0;0;0;230;235;235;0.0000;0.0000;0.0000;7.3790;59.0714;0.0000;1;0;0;0;1;0;65566
16799;0;0;0;230;235;235;0.0000;0.0000;0.0000;7.3790;59.0714;0.0000;1;0;0;0;1;0;65566
16810;0;0;0;230;235;235;0.0000;0.0000;0.0000;7.3790;59.0714;0.0000;1;0;0;0;1;0;65566
16820;0;0;0;230;235;235;0.0000;0.0000;0.0000;7.3790;59.0714;0.0000;1;0;0;0;1;0;65566
16832;0;0;0;230;235;235;0.0000;0.0000;0.0000;7.3790;59.0714;0.0000;1;0;0;0;1;0;65566
16842;0;0;0;230;235;235;0.0000;0.0000;0.0000;7.3790;59.0714;0.0000;1;0;0;0;1;0;65566
16852;0;0;0;230;235;235;0.0000;0.0000;0.0000;7.3790;59.0714;0.0000;1;0;0;0;1;0;65566
16862;0;0;0;230;235;235;0.0000;0.0000;0.0000;7.3790;59.0714;0.0000;1;0;0;0;1;0;65566
16873;0;0;0;230;235;235;0.0000;0.0000;0.0000;7.3790;59.0714;0.0000;1;0;0;0;1;0;65566
16883;0;0;0;230;235;235;0.0000;0.0000;0.0000;7.3790;59.0714;0.0000;1;0;0;0;1;0;65566
16893;0;0;0;230;235;235;0.0000;0.0000;0.0000;7.3790;59.0714;0.0000;1;0;0;0;1;0;65566
16904;0;0;0;230;235;235;0.0000;0.0000;0.0000;7.3790;59.0714;0.0000;1;0;0;0;1;0;65566
16914;0;0;0;230;235;235;0.0000;0.0000;0.0000;7.3790;59.0714;0.0000;1;0;0;0;1;0;65566
16924;0;0;0;230;235;235;0.0000;0.0000;0.0000;7.3790;59.0714;0.0000;1;0;0;0;1;0;65566
16935;0;0;0;230;235;235;0.0000;0.0000;0.0000;7.3790;59.0714;0.0000;1;0;0;0;1;0;65566
16945;0;0;0;230;235;235;0.0000;0.0000;0.0000;7.3790;59.0714;0.0000;1;0;0;0;1;0;65566
16956;0;0;0;230;235;235;0.0000;0.0000;0.0000;7.3790;59.0714;0.0000;1;0;0;0;1;0;65566
16966;0;0;0;230;235;235;0.0000;0.0000;0.0000;7.3790;59.0714;0.0000;1;0;0;0;1;0;65566
16976;0;0;0;230;235;235;0.0000;0.0000;0.0000;7.3790;59.0714;0.0000;1;0;0;0;1;0;65566
16987;0;0;0;230;235;235;0.0000;0.0000;0.0000;7.3790;59.0714;0.0000;1;0;0;0;1;0;65566
16997;0;0;0;230;235;235;0.0000;0.0000;0.0000;7.3790;59.0714;0.0000;1;0;0;0;1;0;65566
17008;0;0;0;230;235;235;0.0000;0.0000;0.0000;7.3790;59.0714;0.0000;1;0;0;0;1;0;65566
17018;0;0;0;230;235;235;0.0000;0.0000;0.0000;7.3790;59.0714;0.0000;1;0;0;0;1;0;65566
17028;0;0;0;230;235;235;0.0000;0.0000;0.0000;7.3790;59.0714;0.0000;1;0;0;0;1;0;65566
17039;0;0;0;230;235;235;0.0000;0.0000;0.0000;7.3790;59.0714;0.0000;1;0;0;0;1;0;65552
17049;0;0;0;230;235;235;0.0000;0.0000;0.0000;7.3790;59.0714;0.0000;1;0;0;0;1;0;65536
17060;0;0;0;230;235;235;0.0000;0.0000;0.0000;7.3790;59.0714;0.0000;1;0;0;0;1;0;65536
17070;0;0;0;230;235;235;0.0000;0.0000;0.0000;7.3790;59.0714;0.0000;1;0;0;0;1;0;65536
17081;0;0;0;230;235;235;0.0000;0.0000;0.0000;7.3790;59.0714;0.0000;1;0;0;0;1;0;65536
17091;0;0;0;230;235;235;0.0000;0.0000;0.0000;7.3790;59.0714;0.0000;1;0;0;0;1;0;65536
17101;0;0;0;230;235;235;0.0000;0.0000;0.0000;7.3790;59.0714;0.0000;1;0;0;0;1;0;65536
17112;0;0;0;230;235;235;0.0000;0.0000;0.0000;7.3790;59.0714;0.0000;1;0;0;0;1;0;65536
17122;0;0;0;230;235;235;0.0000;0.0000;0.0000;7.3790;59.0714;0.0000;1;0;0;0;1;0;65536
17132;0;0;0;230;235;235;0.0000;0.0000;0.0000;7.3790;59.0714;0.0000;1;0;0;0;1;0;65536
17144;0;0;0;230;235;235;0.0000;0.0000;0.0000;7.3790;59.0714;0.0000;1;0;0;0;1;0;65536
17154;0;0;0;230;235;235;0.0000;0.0000;0.0000;7.3790;59.0714;0.0000;1;0;0;0;1;0;65536
17165;0;0;0;230;235;235;0.0000;0.0000;0.0000;7.3790;59.0714;0.0000;1;0;0;0;1;0;65536
17175;0;0;0;230;235;235;0.0000;0.0000;0.0000;7.3773;59.0726;0.0000;1;0;0;0;1;0;65536
17185;0;0;0;230;235;235;0.0000;0.0000;0.0000;7.3773;59.0726;0.0000;1;0;0;0;1;0;65536
17196;0;0;0;230;235;235;0.0000;0.0000;0.0000;7.3773;59.0726;0.0000;1;0;0;0;1;0;65536
17206;0;0;0;230;235;235;0.0000;0.0000;0.0000;7.3773;59.0726;0.0000;1;0;0;0;1;0;65536
17216;0;0;0;230;235;235;0.0000;0.0000;0.0000;7.3773;59.0726;0.0000;1;0;0;0;1;0;65536
17227;0;0;0;230;235;235;0.0000;0.0000;0.0000;7.3773;59.0726;0.0000;1;0;0;0;1;0;65536
17237;0;0;0;230;235;235;0.0000;0.0000;0.0000;7.3773;59.0726;0.0000;1;0;0;0;1;0;65536
17248;0;0;0;230;235;235;0.0000;0.0000;0.0000;7.3773;59.0726;0.0000;1;0;0;0;1;0;65540
17258;0;0;0;230;235;235;0.0000;0.0000;0.0000;7.3773;59.0726;0.0000;1;0;0;0;1;0;65540
17268;0;0;0;230;235;235;0.0000;0.0000;0.0000;7.3773;59.0726;0.0000;1;0;0;0;1;0;65540
17279;0;0;0;230;235;235;0.0000;0.0000;0.0000;7.3773;59.0726;0.0000;1;0;0;0;1;0;65540
17289;0;0;0;230;235;235;0.0000;0.0000;0.0000;7.3773;59.0726;0.0000;1;0;0;0;1;0;65540
17299;0;0;0;230;235;235;0.0000;0.0000;0.0000;7.3773;59.0726;0.0000;1;0;0;0;1;0;65540
17310;0;0;0;230;235;235;0.0000;0.0000;0.0000;7.3773;59.0726;0.0000;1;0;0;0;1;0;65540
17320;0;0;0;230;235;235;0.0000;0.0000;0.0000;7.3773;59.0726;0.0000;1;0;0;0;1;0;65540
17330;0;0;0;230;235;235;0.0000;0.0000;0.0000;7.3773;59.0726;0.0000;1;0;0;0;1;0;65540
17341;0;0;0;230;235;235;0.0000;0.0000;0.0000;7.3773;59.0726;0.0000;1;0;0;0;1;0;65540
17351;0;0;0;230;235;235;0.0000;0.0000;0.0000;7.3773;59.0726;0.0000;1;0;0;0;1;0;65540
17361;0;0;0;230;235;235;0.0000;0.0000;0.0000;7.3773;59.0726;0.0000;1;0;0;0;1;0;65540
17372;0;0;0;230;235;235;0.0000;0.0000;0.0000;7.3773;59.0726;0.0000;1;0;0;0;1;0;65540
17382;0;0;0;230;235;235;0.0000;0.0000;0.0000;7.3773;59.0726;0.0000;1;0;0;0;1;0;65540
17393;0;0;0;230;235;235;0.0000;0.0000;0.0000;7.3773;59.0726;0.0000;1;0;0;0;1;0;65540
17403;0;0;0;230;235;235;0.0000;0.0000;0.0000;7.3773;59.0726;0.0000;1;0;0;0;1;0;65540
17413;0;0;0;230;235;235;0.0000;0.0000;0.0000;7.3773;59.0726;0.0000;1;0;0;0;1;0;65540
17424;0;0;0;230;235;235;0.0000;0.0000;0.0000;7.3773;59.0726;0.0000;1;0;0;0;1;0;65540
17436;0;0;0;230;235;235;0.0000;0.0000;0.0000;7.3773;59.0726;0.0000;1;0;0;0;1;0;65540
17446;0;0;0;230;235;235;0.0000;0.0000;0.0000;7.3773;59.0726;0.0000;1;0;0;0;1;0;65540
17457;0;0;0;230;235;235;0.0000;0.0000;0.0000;7.3773;59.0726;0.0000;1;0;0;0;1;0;65566
17467;0;0;0;230;235;235;0.0000;0.0000;0.0000;7.3773;59.0726;0.0000;1;0;0;0;1;0;65566
17477;0;0;0;230;235;235;0.0000;0.0000;0.0000;7.3773;59.0726;0.0000;1;0;0;0;1;0;65566
17488;0;0;0;230;235;235;0.0000;0.0000;0.0000;7.3773;59.0726;0.0000;1;0;0;0;1;0;65566
17499;0;0;0;230;235;235;0.0000;0.0000;0.0000;7.3773;59.0726;0.0000;1;0;0;0;1;0;65566
17509;0;0;0;230;235;235;0.0000;0.0000;0.0000;7.3773;59.0726;0.0000;1;0;0;0;1;0;65566
17525;0;0;0;230;235;235;0.0000;0.0000;0.0000;7.3773;59.0726;0.0000;1;0;0;0;1;0;65566
17536;0;0;0;230;235;235;0.0000;0.0000;0.0000;7.3773;59.0726;0.0000;1;0;0;0;1;0;65566
17546;0;0;0;230;235;235;0.0000;0.0000;0.0000;7.3773;59.0726;0.0000;1;0;0;0;1;0;65566
17557;0;0;0;230;235;235;0.0000;0.0000;0.0000;7.3773;59.0726;0.0000;1;0;0;0;1;0;65566
17567;0;0;0;230;235;235;0.0000;0.0000;0.0000;7.3773;59.0726;0.0000;1;0;0;0;1;0;65566
17578;0;0;0;230;235;235;0.0000;0.0000;0.0000;7.3773;59.0726;0.0000;1;0;0;0;1;0;65566
17588;0;0;0;230;235;235;0.0000;0.0000;0.0000;7.3773;59.0726;0.0000;1;0;0;0;1;0;65566
17598;0;0;0;230;235;235;0.0000;0.0000;0.0000;7.3773;59.0726;0.0000;1;0;0;0;1;0;65566
17608;0;0;0;230;235;235;0.0000;0.0000;0.0000;7.3773;59.0726;0.0000;1;0;0;0;1;0;65566
17619;0;0;0;230;235;235;0.0000;0.0000;0.0000;7.3773;59.0726;0.0000;1;0;0;0;1;0;65566
17629;0;0;0;230;235;235;0.0000;0.0000;0.0000;7.3773;59.0726;0.0000;1;0;0;0;1;0;65566
17640;0;0;0;230;235;235;0.0000;0.0000;0.0000;7.3773;59.0726;0.0000;1;0;0;0;1;0;65566
17651;0;0;0;230;235;235;0.0000;0.0000;0.0000;7.3773;59.0726;0.0000;1;0;0;0;1;0;65566
17661;0;0;0;230;235;235;0.0000;0.0000;0.0000;7.3773;59.0726;0.0000;1;0;0;0;1;0;65566
17671;0;0;0;230;235;235;0.0000;0.0000;0.0000;7.3773;59.0726;0.0000;1;0;0;0;1;0;65566
17682;0;0;0;230;235;235;0.0000;0.0000;0.0000;7.3773;59.0726;0.0000;1;0;0;0;1;0;65566
17692;0;0;0;230;235;235;0.0000;0.0000;0.0000;7.3773;59.0726;0.0000;1;0;0;0;1;0;65566
17702;0;0;0;230;235;235;0.0000;0.0000;0.0000;7.3773;59.0726;0.0000;1;0;0;0;1;0;65566
17712;0;0;0;230;235;235;0.0000;0.0000;0.0000;7.3773;59.0726;0.0000;1;0;0;0;1;0;65566
17723;0;0;0;230;235;235;0.0000;0.0000;0.0000;7.3773;59.0726;0.0000;1;0;0;0;1;0;65566
17733;0;0;0;230;235;235;0.0000;0.0000;0.0000;7.3773;59.0726;0.0000;1;0;0;0;1;0;65566
17744;0;0;0;230;235;235;0.0000;0.0000;0.0000;7.3773;59.0726;0.0000;1;0;0;0;1;0;65566
17754;0;0;0;230;235;235;0.0000;0.0000;0.0000;7.3773;59.0726;0.0000;1;0;0;0;1;0;65566
17764;0;0;0;230;235;235;0.0000;0.0000;0.0000;7.3773;59.0726;0.0000;1;0;0;0;1;0;65566
17775;0;0;0;230;235;235;0.0000;0.0000;0.0000;7.3773;59.0726;0.0000;1;0;0;0;1;0;65566
17785;0;0;0;230;235;235;0.0000;0.0000;0.0000;7.3773;59.0726;0.0000;1;0;0;0;1;0;65566
17795;0;0;0;230;235;235;0.0000;0.0000;0.0000;7.3773;59.0726;0.0000;1;0;0;0;1;0;65566
17806;0;0;0;230;235;235;0.0000;0.0000;0.0000;7.3773;59.0726;0.0000;1;0;0;0;1;0;65566
17816;0;0;0;230;235;235;0.0000;0.0000;0.0000;7.3773;59.0726;0.0000;1;0;0;0;1;0;65566
17826;0;0;0;230;235;235;0.0000;0.0000;0.0000;7.3773;59.0726;0.0000;1;0;0;0;1;0;65566
17837;0;0;0;230;235;235;0.0000;0.0000;0.0000;7.3773;59.0726;0.0000;1;0;0;0;1;0;65566
17847;0;0;0;230;235;235;0.0000;0.0000;0.0000;7.3773;59.0726;0.0000;1;0;0;0;1;0;65566
17858;0;0;0;230;235;235;0.0000;0.0000;0.0000;7.3773;59.0726;0.0000;1;0;0;0;1;0;65566
17868;0;0;0;230;235;235;0.0000;0.0000;0.0000;7.3773;59.0726;0.0000;1;0;0;0;1;0;65566
17879;0;0;0;230;235;235;0.0000;0.0000;0.0000;7.3773;59.0726;0.0000;1;0;0;0;1;0;65566
17889;0;0;0;230;235;235;0.0000;0.0000;0.0000;7.3773;59.0726;0.0000;1;0;0;0;1;0;65566
17899;0;0;0;230;235;235;0.0000;0.0000;0.0000;7.3773;59.0726;0.0000;1;0;0;0;1;0;65566
17909;0;0;0;230;235;235;0.0000;0.0000;0.0000;7.3773;59.0726;0.0000;1;0;0;0;1;0;65566
17920;0;0;0;230;235;235;0.0000;0.0000;0.0000;7.3773;59.0726;0.0000;1;0;0;0;1;0;65566
17930;0;0;0;230;235;235;0.0000;0.0000;0.0000;7.3773;59.0726;0.0000;1;0;0;0;1;0;65566
17940;0;0;0;230;235;235;0.0000;0.0000;0.0000;7.3773;59.0726;0.0000;1;0;0;0;1;0;65566
17951;0;0;0;230;235;235;0.0000;0.0000;0.0000;7.3773;59.0726;0.0000;1;0;0;0;1;0;65566
17961;0;0;0;230;235;235;0.0000;0.0000;0.0000;7.3773;59.0726;0.0000;1;0;0;0;1;0;65566
17972;0;0;0;230;235;235;0.0000;0.0000;0.0000;7.3773;59.0726;0.0000;1;0;0;0;1;0;65536
17982;0;0;0;230;235;235;0.0000;0.0000;0.0000;7.3773;59.0726;0.0000;1;0;0;0;1;0;65536
17992;0;0;0;230;235;235;0.0000;0.0000;0.0000;7.3773;59.0726;0.0000;1;0;0;0;1;0;65536
18003;0;0;0;230;235;235;0.0000;0.0000;0.0000;7.3773;59.0726;0.0000;1;0;0;0;1;0;65536
18013;0;0;0;230;235;235;0.0000;0.0000;0.0000;7.3773;59.0726;0.0000;1;0;0;0;1;0;65536
18024;0;0;0;230;235;235;0.0000;0.0000;0.0000;7.3773;59.0726;0.0000;1;0;0;0;1;0;65536
18034;0;0;0;230;235;235;0.0000;0.0000;0.0000;7.3773;59.0726;0.0000;1;0;0;0;1;0;65536
18045;0;0;0;230;235;235;0.0000;0.0000;0.0000;7.3773;59.0726;0.0000;1;0;0;0;1;0;65536
18055;0;0;0;230;235;235;0.0000;0.0000;0.0000;7.3773;59.0726;0.0000;1;0;0;0;1;0;65536
18066;0;0;0;230;235;235;0.0000;0.0000;0.0000;7.3773;59.0726;0.0000;1;0;0;0;1;0;65536
18076;0;0;0;230;235;235;0.0000;0.0000;0.0000;7.3773;59.0726;0.0000;1;0;0;0;1;0;65536
18087;0;0;0;230;235;235;0.0000;0.0000;0.0000;7.3773;59.0726;0.0000;1;0;0;0;1;0;65536
18097;0;0;0;230;235;235;0.0000;0.0000;0.0000;7.3773;59.0726;0.0000;1;0;0;0;1;0;65536
18107;0;0;0;230;235;235;0.0000;0.0000;0.0000;7.3773;59.0726;0.0000;1;0;0;0;1;0;65536
18118;0;0;0;230;235;235;0.0000;0.0000;0.0000;7.3773;59.0726;0.0000;1;0;0;0;1;0;65536
18128;0;0;0;230;235;235;0.0000;0.0000;0.0000;7.3773;59.0726;0.0000;1;0;0;0;1;0;65536
18138;0;0;0;230;235;235;0.0000;0.0000;0.0000;7.3773;59.0726;0.0000;1;0;0;0;1;0;65536
18149;0;0;0;230;235;235;0.0000;0.0000;0.0000;7.3773;59.0726;0.0000;1;0;0;0;1;0;65536
18159;0;0;0;230;235;235;0.0000;0.0000;0.0000;7.3773;59.0726;0.0000;1;0;0;0;1;0;65536
18169;0;0;0;230;235;235;0.0000;0.0000;0.0000;7.3773;59.0726;0.0000;1;0;0;0;1;0;65536
18180;0;0;0;230;235;235;0.0000;0.0000;11.1111;7.3757;59.0738;0.0000;1;0;0;0;1;0;65536
18190;0;0;0;230;235;235;0.0000;0.0000;11.1111;7.3757;59.0738;0.0000;1;0;0;0;1;0;65536
18201;0;0;0;230;235;235;0.0000;0.0000;11.1111;7.3757;59.0738;0.0000;1;0;0;0;1;0;65536
18211;0;0;0;230;235;235;0.0000;0.0000;11.1111;7.3757;59.0738;0.0000;1;0;0;0;1;0;65536
18221;0;0;0;230;235;235;0.0000;0.0000;11.1111;7.3757;59.0738;0.0000;1;0;0;0;1;0;65536
18232;0;0;0;230;235;235;0.0000;0.0000;11.1111;7.3757;59.0738;0.0000;1;0;0;0;1;0;65536
18242;0;0;0;230;235;235;0.0000;0.0000;11.1111;7.3757;59.0738;0.0000;1;0;0;0;1;0;65536
18253;0;0;0;230;235;235;0.0000;0.0000;11.1111;7.3757;59.0738;0.0000;1;0;0;0;1;0;65536
18263;0;0;0;230;235;235;0.0000;0.0000;11.1111;7.3757;59.0738;0.0000;1;0;0;0;1;0;65536
18273;0;0;0;230;235;235;0.0000;0.0000;11.1111;7.3757;59.0738;0.0000;1;0;0;0;1;0;65536
18284;0;0;0;230;235;235;0.0000;0.0000;11.1111;7.3757;59.0738;0.0000;1;0;0;0;1;0;65540
18294;0;0;0;230;235;235;0.0000;0.0000;11.1111;7.3757;59.0738;0.0000;1;0;0;0;1;0;65540
18305;0;0;0;230;235;235;0.0000;0.0000;11.1111;7.3757;59.0738;0.0000;1;0;0;0;1;0;65540
18315;0;0;0;230;235;235;0.0000;0.0000;11.1111;7.3757;59.0738;0.0000;1;0;0;0;1;0;65540
18325;0;0;0;230;235;235;0.0000;0.0000;11.1111;7.3757;59.0738;0.0000;1;0;0;0;1;0;65540
18336;0;0;0;230;235;235;0.0000;0.0000;11.1111;7.3757;59.0738;0.0000;1;0;0;0;1;0;65540
18347;0;0;0;230;235;235;0.0000;0.0000;11.1111;7.3757;59.0738;0.0000;1;0;0;0;1;0;65540
18358;0;0;0;230;235;235;0.0000;0.0000;11.1111;7.3757;59.0738;0.0000;1;0;0;0;1;0;65540
18368;0;0;0;230;235;235;0.0000;0.0000;11.1111;7.3757;59.0738;0.0000;1;0;0;0;1;0;65540
18379;0;0;0;230;235;235;0.0000;0.0000;11.1111;7.3757;59.0738;0.0000;1;0;0;0;1;0;65540
18390;0;0;0;230;235;235;0.0000;0.0000;11.1111;7.3757;59.0738;0.0000;1;0;0;0;1;0;65540
18401;0;0;0;230;235;235;0.0000;0.0000;11.1111;7.3757;59.0738;0.0000;1;0;0;0;1;0;65540
18411;0;0;0;230;235;235;0.0000;0.0000;11.1111;7.3757;59.0738;0.0000;1;0;0;0;1;0;65540
18421;0;0;0;230;235;235;0.0000;0.0000;11.1111;7.3757;59.0738;0.0000;1;0;0;0;1;0;65540
18432;0;0;0;230;235;235;0.0000;0.0000;11.1111;7.3757;59.0738;0.0000;1;0;0;0;1;0;65540
18442;0;0;0;230;235;235;0.0000;0.0000;11.1111;7.3757;59.0738;0.0000;1;0;0;0;1;0;65540
18452;0;0;0;230;235;235;0.0000;0.0000;11.1111;7.3757;59.0738;0.0000;1;0;0;0;1;0;65540
18463;0;0;0;230;235;235;0.0000;0.0000;11.1111;7.3757;59.0738;0.0000;1;0;0;0;1;0;65540
18473;0;0;0;230;235;235;0.0000;0.0000;11.1111;7.3757;59.0738;0.0000;1;0;0;0;1;0;65540
18484;0;0;0;230;235;235;0.0000;0.0000;11.1111;7.3757;59.0738;0.0000;1;0;0;0;1;0;65566
18495;0;0;0;230;235;235;0.0000;0.0000;11.1111;7.3757;59.0738;0.0000;1;0;0;0;1;0;65566
18505;0;0;0;230;235;235;0.0000;0.0000;11.1111;7.3757;59.0738;0.0000;1;0;0;0;1;0;65566
18515;0;0;0;230;235;235;0.0000;0.0000;11.1111;7.3757;59.0738;0.0000;1;0;0;0;1;0;65566
18529;0;0;0;230;235;235;0.0000;0.0000;11.1111;7.3757;59.0738;0.0000;1;0;0;0;1;0;65566
18539;0;0;0;230;235;235;0.0000;0.0000;11.1111;7.3757;59.0738;0.0000;1;0;0;0;1;0;65566
18550;0;0;0;230;235;235;0.0000;0.0000;11.1111;7.3757;59.0738;0.0000;1;0;0;0;1;0;65566
18560;0;0;0;230;235;235;0.0000;0.0000;11.1111;7.3757;59.0738;0.0000;1;0;0;0;1;0;65566
18571;0;0;0;230;235;235;0.0000;0.0000;11.1111;7.3757;59.0738;0.0000;1;0;0;0;1;0;65566
18581;0;0;0;230;235;235;0.0000;0.0000;11.1111;7.3757;59.0738;0.0000;1;0;0;0;1;0;65566
18591;0;0;0;230;235;235;0.0000;0.0000;11.1111;7.3757;59.0738;0.0000;1;0;0;0;1;0;65566
18602;0;0;0;230;235;235;0.0000;0.0000;11.1111;7.3757;59.0738;0.0000;1;0;0;0;1;0;65566
18612;0;0;0;230;235;235;0.0000;0.0000;11.1111;7.3757;59.0738;0.0000;1;0;0;0;1;0;65566
18622;0;0;0;230;235;235;0.0000;0.0000;11.1111;7.3757;59.0738;0.0000;1;0;0;0;1;0;65566
18633;0;0;0;230;235;235;0.0000;0.0000;11.1111;7.3757;59.0738;0.0000;1;0;0;0;1;0;65566
18643;0;0;0;230;235;235;0.0000;0.0000;11.1111;7.3757;59.0738;0.0000;1;0;0;0;1;0;65566
18653;0;0;0;230;235;235;0.0000;0.0000;11.1111;7.3757;59.0738;0.0000;1;0;0;0;1;0;65566
18664;0;0;0;230;235;235;0.0000;0.0000;11.1111;7.3757;59.0738;0.0000;1;0;0;0;1;0;65566
18674;0;0;0;230;235;235;0.0000;0.0000;11.1111;7.3757;59.0738;0.0000;1;0;0;0;1;0;65566
18685;0;0;0;230;235;235;0.0000;0.0000;11.1111;7.3757;59.0738;0.0000;1;0;0;0;1;0;65566
18695;0;0;0;230;235;235;0.0000;0.0000;11.1111;7.3757;59.0738;0.0000;1;0;0;0;1;0;65566
18705;0;0;0;230;235;235;0.0000;0.0000;11.1111;7.3757;59.0738;0.0000;1;0;0;0;1;0;65566
18719;0;0;0;230;235;235;0.0000;0.0000;11.1111;7.3757;59.0738;0.0000;1;0;0;0;1;0;65566
18783;0;0;0;230;235;235;0.0000;0.0000;11.1111;7.3757;59.0738;0.0000;1;0;0;0;1;0;65566
18794;0;0;0;230;235;235;0.0000;0.0000;11.1111;7.3757;59.0738;0.0000;1;0;0;0;1;0;65566
18804;0;0;0;230;235;235;0.0000;0.0000;11.1111;7.3757;59.0738;0.0000;1;0;0;0;1;0;65566
18815;0;0;0;230;235;235;0.0000;0.0000;11.1111;7.3757;59.0738;0.0000;1;0;0;0;1;0;65566
18825;0;0;0;230;235;235;0.0000;0.0000;11.1111;7.3757;59.0738;0.0000;1;0;0;0;1;0;65566
18835;0;0;0;230;235;235;0.0000;0.0000;11.1111;7.3757;59.0738;0.0000;1;0;0;0;1;0;65566
18845;0;0;0;230;235;235;0.0000;0.0000;11.1111;7.3757;59.0738;0.0000;1;0;0;0;1;0;65566
18856;0;0;0;230;235;235;0.0000;0.0000;11.1111;7.3757;59.0738;0.0000;1;0;0;0;1;0;65566
18866;0;0;0;230;235;235;0.0000;0.0000;11.1111;7.3757;59.0738;0.0000;1;0;0;0;1;0;65566
18877;0;0;0;230;235;235;0.0000;0.0000;11.1111;7.3757;59.0738;0.0000;1;0;0;0;1;0;65566
18889;0;0;0;230;235;235;0.0000;0.0000;11.1111;7.3757;59.0738;0.0000;1;0;0;0;1;0;65566
18900;0;0;0;230;235;235;0.0000;0.0000;11.1111;7.3757;59.0738;0.0000;1;0;0;0;1;0;65566
18910;0;0;0;230;235;235;0.0000;0.0000;11.1111;7.3757;59.0738;0.0000;1;0;0;0;1;0;65566
18920;0;0;0;230;235;235;0.0000;0.0000;11.1111;7.3757;59.0738;0.0000;1;0;0;0;1;0;65566
18931;0;0;0;230;235;235;0.0000;0.0000;11.1111;7.3757;59.0738;0.0000;1;0;0;0;1;0;65566
18941;0;0;0;230;235;235;0.0000;0.0000;11.1111;7.3757;59.0738;0.0000;1;0;0;0;1;0;65566
18951;0;0;0;230;235;235;0.0000;0.0000;11.1111;7.3757;59.0738;0.0000;1;0;0;0;1;0;65566
18962;0;0;0;230;235;235;0.0000;0.0000;11.1111;7.3757;59.0738;0.0000;1;0;0;0;1;0;65566
18972;0;0;0;230;235;235;0.0000;0.0000;11.1111;7.3757;59.0738;0.0000;1;0;0;0;1;0;65566
18983;0;0;0;230;235;235;0.0000;0.0000;11.1111;7.3757;59.0738;0.0000;1;0;0;0;1;0;65566
18993;0;0;0;230;235;235;0.0000;0.0000;11.1111;7.3757;59.0738;0.0000;1;0;0;0;1;0;65566
19003;0;0;0;230;235;235;0.0000;0.0000;11.1111;7.3757;59.0738;0.0000;1;0;0;0;1;0;65536
19014;0;0;0;230;235;235;0.0000;0.0000;11.1111;7.3757;59.0738;0.0000;1;0;0;0;1;0;65536
19024;0;0;0;230;235;235;0.0000;0.0000;11.1111;7.3757;59.0738;0.0000;1;0;0;0;1;0;65536
19034;0;0;0;230;235;235;0.0000;0.0000;11.1111;7.3757;59.0738;0.0000;1;0;0;0;1;0;65536
19045;0;0;0;230;235;235;0.0000;0.0000;11.1111;7.3757;59.0738;0.0000;1;0;0;0;1;0;65536
19055;0;0;0;230;235;235;0.0000;0.0000;11.1111;7.3757;59.0738;0.0000;1;0;0;0;1;0;65536
19066;0;0;0;230;235;235;0.0000;0.0000;11.1111;7.3757;59.0738;0.0000;1;0;0;0;1;0;65536
19076;0;0;0;230;235;235;0.0000;0.0000;11.1111;7.3757;59.0738;0.0000;1;0;0;0;1;0;65536
19087;0;0;0;230;235;235;0.0000;0.0000;11.1111;7.3757;59.0738;0.0000;1;0;0;0;1;0;65536
19097;0;0;0;230;235;235;0.0000;0.0000;11.1111;7.3757;59.0738;0.0000;1;0;0;0;1;0;65536
19107;0;0;0;230;235;235;0.0000;0.0000;11.1111;7.3757;59.0738;0.0000;1;0;0;0;1;0;65536
19118;0;0;0;230;235;235;0.0000;0.0000;11.1111;7.3757;59.0738;0.0000;1;0;0;0;1;0;65536
19128;0;0;0;230;235;235;0.0000;0.0000;11.1111;7.3757;59.0738;0.0000;1;0;0;0;1;0;65536
19138;0;0;0;230;235;235;0.0000;0.0000;11.1111;7.3757;59.0738;0.0000;1;0;0;0;1;0;65536
19149;0;0;0;230;235;235;0.0000;0.0000;11.1111;7.3757;59.0738;0.0000;1;0;0;0;1;0;65536
19159;0;0;0;230;235;235;0.0000;0.0000;11.1111;7.3757;59.0738;0.0000;1;0;0;0;1;0;65536
19170;0;0;0;230;235;235;0.0000;0.0000;11.1111;7.3757;59.0738;0.0000;1;0;0;0;1;0;65536
19180;0;0;0;230;235;235;0.0000;0.0000;20.0000;7.3733;59.0751;0.0000;1;0;0;0;1;0;65536
19191;0;0;0;230;235;235;0.0000;0.0000;20.0000;7.3733;59.0751;0.0000;1;0;0;0;1;0;65536
19201;0;0;0;230;235;235;0.0000;0.0000;20.0000;7.3733;59.0751;0.0000;1;0;0;0;1;0;65536
19211;0;0;0;230;235;235;0.0000;0.0000;20.0000;7.3733;59.0751;0.0000;1;0;0;0;1;0;65536
19222;0;0;0;230;235;235;0.0000;0.0000;20.0000;7.3733;59.0751;0.0000;1;0;0;0;1;0;65536
19232;0;0;0;230;235;235;0.0000;0.0000;20.0000;7.3733;59.0751;0.0000;1;0;0;0;1;0;65536
19242;0;0;0;230;235;235;0.0000;0.0000;20.0000;7.3733;59.0751;0.0000;1;0;0;0;1;0;65536
19253;0;0;0;230;235;235;0.0000;0.0000;20.0000;7.3733;59.0751;0.0000;1;0;0;0;1;0;65536
19263;0;0;0;230;235;235;0.0000;0.0000;20.0000;7.3733;59.0751;0.0000;1;0;0;0;1;0;65536
19274;0;0;0;230;235;235;0.0000;0.0000;20.0000;7.3733;59.0751;0.0000;1;0;0;0;1;0;65536
19284;0;0;0;230;235;235;0.0000;0.0000;20.0000;7.3733;59.0751;0.0000;1;0;0;0;1;0;65536
19294;0;0;0;230;235;235;0.0000;0.0000;20.0000;7.3733;59.0751;0.0000;1;0;0;0;1;0;65536
19305;0;0;0;230;235;235;0.0000;0.0000;20.0000;7.3733;59.0751;0.0000;1;0;0;0;1;0;65536
19315;0;0;0;230;235;235;0.0000;0.0000;20.0000;7.3733;59.0751;0.0000;1;0;0;0;1;0;65540
19325;0;0;0;230;235;235;0.0000;0.0000;20.0000;7.3733;59.0751;0.0000;1;0;0;0;1;0;65540
19336;0;0;0;230;235;235;0.0000;0.0000;20.0000;7.3733;59.0751;0.0000;1;0;0;0;1;0;65540
19346;0;0;0;230;235;235;0.0000;0.0000;20.0000;7.3733;59.0751;0.0000;1;0;0;0;1;0;65540
19357;0;0;0;230;235;235;0.0000;0.0000;20.0000;7.3733;59.0751;0.0000;1;0;0;0;1;0;65540
19367;0;0;0;230;235;235;0.0000;0.0000;20.0000;7.3733;59.0751;0.0000;1;0;0;0;1;0;65540
19378;0;0;0;230;235;235;0.0000;0.0000;20.0000;7.3733;59.0751;0.0000;1;0;0;0;1;0;65540
19389;0;0;0;230;235;235;0.0000;0.0000;20.0000;7.3733;59.0751;0.0000;1;0;0;0;1;0;65540
19399;0;0;0;230;235;235;0.0000;0.0000;20.0000;7.3733;59.0751;0.0000;1;0;0;0;1;0;65540
19410;0;0;0;230;235;235;0.0000;0.0000;20.0000;7.3733;59.0751;0.0000;1;0;0;0;1;0;65542
19420;0;0;0;230;235;235;0.0000;0.0000;20.0000;7.3733;59.0751;0.0000;1;0;0;0;1;0;65550
19431;0;0;0;230;235;235;0.0000;0.0000;20.0000;7.3733;59.0751;0.0000;1;0;0;0;1;0;65550
19442;0;0;0;230;235;235;0.0000;0.0000;20.0000;7.3733;59.0751;0.0000;1;0;0;0;1;0;65550
19452;0;0;0;230;235;235;0.0000;0.0000;20.0000;7.3733;59.0751;0.0000;1;0;0;0;1;0;65550
19463;0;0;0;230;235;235;0.0000;0.0000;20.0000;7.3733;59.0751;0.0000;1;0;0;0;1;0;65550
19473;0;0;0;230;235;235;0.0000;0.0000;20.0000;7.3733;59.0751;0.0000;1;0;0;0;1;0;65550
19484;0;0;0;230;235;235;0.0000;0.0000;20.0000;7.3733;59.0751;0.0000;1;0;0;0;1;0;65550
19494;0;0;0;230;235;235;0.0000;0.0000;20.0000;7.3733;59.0751;0.0000;1;0;0;0;1;0;65550
19504;0;0;0;230;235;235;0.0000;0.0000;20.0000;7.3733;59.0751;0.0000;1;0;0;0;1;0;65550
19515;0;0;0;230;235;235;0.0000;0.0000;20.0000;7.3733;59.0751;0.0000;1;0;0;0;1;0;65550
19525;0;0;0;230;235;235;0.0000;0.0000;20.0000;7.3733;59.0751;0.0000;1;0;0;0;1;0;65566
19536;0;0;0;230;235;235;0.0000;0.0000;20.0000;7.3733;59.0751;0.0000;1;0;0;0;1;0;65566
19546;0;0;0;230;235;235;0.0000;0.0000;20.0000;7.3733;59.0751;0.0000;1;0;0;0;1;0;65566
19556;0;0;0;230;235;235;0.0000;0.0000;20.0000;7.3733;59.0751;0.0000;1;0;0;0;1;0;65566
19567;0;0;0;230;235;235;0.0000;0.0000;20.0000;7.3733;59.0751;0.0000;1;0;0;0;1;0;65566
19577;0;0;0;230;235;235;0.0000;0.0000;20.0000;7.3733;59.0751;0.0000;1;0;0;0;1;0;65566
19587;0;0;0;230;235;235;0.0000;0.0000;20.0000;7.3733;59.0751;0.0000;1;0;0;0;1;0;65566
19598;0;0;0;230;235;235;0.0000;0.0000;20.0000;7.3733;59.0751;0.0000;1;0;0;0;1;0;65566
19608;0;0;0;230;235;235;0.0000;0.0000;20.0000;7.3733;59.0751;0.0000;1;0;0;0;1;0;65566
19619;0;0;0;230;235;235;0.0000;0.0000;20.0000;7.3733;59.0751;0.0000;1;0;0;0;1;0;65566
19635;0;0;0;230;235;235;0.0000;0.0000;20.0000;7.3733;59.0751;0.0000;1;0;0;0;1;0;65566
19645;0;0;0;230;235;235;0.0000;0.0000;20.0000;7.3733;59.0751;0.0000;1;0;0;0;1;0;65566
19656;0;0;0;230;235;235;0.0000;0.0000;20.0000;7.3733;59.0751;0.0000;1;0;0;0;1;0;65566
19666;0;0;0;230;235;235;0.0000;0.0000;20.0000;7.3733;59.0751;0.0000;1;0;0;0;1;0;65566
19677;0;0;0;230;235;235;0.0000;0.0000;20.0000;7.3733;59.0751;0.0000;1;0;0;0;1;0;65566
19687;0;0;0;230;235;235;0.0000;0.0000;20.0000;7.3733;59.0751;0.0000;1;0;0;0;1;0;65566
19698;0;0;0;230;235;235;0.0000;0.0000;20.0000;7.3733;59.0751;0.0000;1;0;0;0;1;0;65566
19708;0;0;0;230;235;235;0.0000;0.0000;20.0000;7.3733;59.0751;0.0000;1;0;0;0;1;0;65566
19718;0;0;0;230;235;235;0.0000;0.0000;20.0000;7.3733;59.0751;0.0000;1;0;0;0;1;0;65566
19728;0;0;0;230;235;235;0.0000;0.0000;20.0000;7.3733;59.0751;0.0000;1;0;0;0;1;0;65566
19739;0;0;0;230;235;235;0.0000;0.0000;20.0000;7.3733;59.0751;0.0000;1;0;0;0;1;0;65566
19749;0;0;0;230;235;235;0.0000;0.0000;20.0000;7.3733;59.0751;0.0000;1;0;0;0;1;0;65566
19761;0;0;0;230;235;235;0.0000;0.0000;20.0000;7.3733;59.0751;0.0000;1;0;0;0;1;0;65566
19771;0;0;0;230;235;235;0.0000;0.0000;20.0000;7.3733;59.0751;0.0000;1;0;0;0;1;0;65566
19781;0;0;0;230;235;235;0.0000;0.0000;20.0000;7.3733;59.0751;0.0000;1;0;0;0;1;0;65566
19792;0;0;0;230;235;235;0.0000;0.0000;20.0000;7.3733;59.0751;0.0000;1;0;0;0;1;0;65566
19802;0;0;0;230;235;235;0.0000;0.0000;20.0000;7.3733;59.0751;0.0000;1;0;0;0;1;0;65566
19812;0;0;0;230;235;235;0.0000;0.0000;20.0000;7.3733;59.0751;0.0000;1;0;0;0;1;0;65566
19823;0;0;0;230;235;235;0.0000;0.0000;20.0000;7.3733;59.0751;0.0000;1;0;0;0;1;0;65566
19833;0;0;0;230;235;235;0.0000;0.0000;20.0000;7.3733;59.0751;0.0000;1;0;0;0;1;0;65566
19844;0;0;0;230;235;235;0.0000;0.0000;20.0000;7.3733;59.0751;0.0000;1;0;0;0;1;0;65566
19854;0;0;0;230;235;235;0.0000;0.0000;20.0000;7.3733;59.0751;0.0000;1;0;0;0;1;0;65566
19865;0;0;0;230;235;235;0.0000;0.0000;20.0000;7.3733;59.0751;0.0000;1;0;0;0;1;0;65566
19876;0;0;0;230;235;235;0.0000;0.0000;20.0000;7.3733;59.0751;0.0000;1;0;0;0;1;0;65566
19886;0;0;0;230;235;235;0.0000;0.0000;20.0000;7.3733;59.0751;0.0000;1;0;0;0;1;0;65566
19896;0;0;0;230;235;235;0.0000;0.0000;20.0000;7.3733;59.0751;0.0000;1;0;0;0;1;0;65566
19907;0;0;0;230;235;235;0.0000;0.0000;20.0000;7.3733;59.0751;0.0000;1;0;0;0;1;0;65566
19919;0;0;0;230;235;235;0.0000;0.0000;20.0000;7.3733;59.0751;0.0000;1;0;0;0;1;0;65566
19929;0;0;0;230;235;232;0.0000;0.0000;20.0000;7.3733;59.0751;0.0000;1;0;0;0;1;0;65566
19940;0;0;0;230;235;232;0.0000;0.0000;20.0000;7.3733;59.0751;0.0000;1;0;0;0;1;0;65566
19950;0;0;0;230;235;232;0.0000;0.0000;20.0000;7.3733;59.0751;0.0000;1;0;0;0;1;0;65566
19962;0;0;0;230;235;232;0.0000;0.0000;20.0000;7.3733;59.0751;0.0000;1;0;0;0;1;0;65566
19972;0;0;0;230;235;232;0.0000;0.0000;20.0000;7.3733;59.0751;0.0000;1;0;0;0;1;0;65566
19982;0;0;0;230;235;232;0.0000;0.0000;20.0000;7.3733;59.0751;0.0000;1;0;0;0;1;0;65566
19993;0;0;0;230;235;232;0.0000;0.0000;20.0000;7.3733;59.0751;0.0000;1;0;0;0;1;0;65566
20003;0;0;0;230;235;232;0.0000;0.0000;20.0000;7.3733;59.0751;0.0000;1;0;0;0;1;0;65566
20013;0;0;0;230;235;232;0.0000;0.0000;20.0000;7.3733;59.0751;0.0000;1;0;0;0;1;0;65566
20023;0;0;0;230;235;232;0.0000;0.0000;20.0000;7.3733;59.0751;0.0000;1;0;0;0;1;0;65566
20034;0;0;0;230;235;232;0.0000;0.0000;20.0000;7.3733;59.0751;0.0000;1;0;0;0;1;0;65536
20044;0;0;0;230;235;232;0.0000;0.0000;20.0000;7.3733;59.0751;0.0000;1;0;0;0;1;0;65536
20054;0;0;0;230;235;232;0.0000;0.0000;20.0000;7.3733;59.0751;0.0000;1;0;0;0;1;0;65536
20065;0;0;0;230;235;232;0.0000;0.0000;20.0000;7.3733;59.0751;0.0000;1;0;0;0;1;0;65536
20076;0;0;0;230;235;232;0.0000;0.0000;20.0000;7.3733;59.0751;0.0000;1;0;0;0;1;0;65536
20086;0;0;0;230;235;232;0.0000;0.0000;20.0000;7.3733;59.0751;0.0000;1;0;0;0;1;0;65536
20096;0;0;0;230;235;232;0.0000;0.0000;20.0000;7.3733;59.0751;0.0000;1;0;0;0;1;0;65536
20107;0;0;0;230;235;232;0.0000;0.0000;20.0000;7.3733;59.0751;0.0000;1;0;0;0;1;0;65536
20117;0;0;0;230;235;232;0.0000;0.0000;20.0000;7.3733;59.0751;0.0000;1;0;0;0;1;0;65536
20127;0;0;0;230;235;232;0.0000;0.0000;20.0000;7.3733;59.0751;0.0000;1;0;0;0;1;0;65536
20138;0;0;0;230;235;232;0.0000;0.0000;20.0000;7.3733;59.0751;0.0000;1;0;0;0;1;0;65536
20149;0;0;0;230;235;232;0.0000;0.0000;20.0000;7.3733;59.0751;0.0000;1;0;0;0;1;0;65536
20159;0;0;0;230;235;232;0.0000;0.0000;20.0000;7.3733;59.0751;0.0000;1;0;0;0;1;0;65536
20170;0;0;0;230;235;232;0.0000;0.0000;20.0000;7.3733;59.0751;0.0000;1;0;0;0;1;0;65536
20180;0;0;0;230;235;232;0.0000;0.0000;11.1111;7.3717;59.0763;0.0000;1;0;0;0;1;0;65536
20191;0;0;0;230;235;232;0.0000;0.0000;11.1111;7.3717;59.0763;0.0000;1;0;0;0;1;0;65536
20201;0;0;0;230;235;232;0.0000;0.0000;11.1111;7.3717;59.0763;0.0000;1;0;0;0;1;0;65536
20211;0;0;0;230;235;232;0.0000;0.0000;11.1111;7.3717;59.0763;0.0000;1;0;0;0;1;0;65536
20222;0;0;0;230;235;232;0.0000;0.0000;11.1111;7.3717;59.0763;0.0000;1;0;0;0;1;0;65536
20232;0;0;0;230;235;232;0.0000;0.0000;11.1111;7.3717;59.0763;0.0000;1;0;0;0;1;0;65536
20242;0;0;0;230;235;232;0.0000;0.0000;11.1111;7.3717;59.0763;0.0000;1;0;0;0;1;0;65536
20252;0;0;0;230;235;232;0.0000;0.0000;11.1111;7.3717;59.0763;0.0000;1;0;0;0;1;0;65536
20263;0;0;0;230;235;232;0.0000;0.0000;11.1111;7.3717;59.0763;0.0000;1;0;0;0;1;0;65536
20273;0;0;0;230;235;232;0.0000;0.0000;11.1111;7.3717;59.0763;0.0000;1;0;0;0;1;0;65536
20284;0;0;0;230;235;232;0.0000;0.0000;11.1111;7.3717;59.0763;0.0000;1;0;0;0;1;0;65536
20294;0;0;0;230;235;232;0.0000;0.0000;11.1111;7.3717;59.0763;0.0000;1;0;0;0;1;0;65536
20304;0;0;0;230;235;232;0.0000;0.0000;11.1111;7.3717;59.0763;0.0000;1;0;0;0;1;0;65536
20315;0;0;0;230;235;232;0.0000;0.0000;11.1111;7.3717;59.0763;0.0000;1;0;0;0;1;0;65536
20325;0;0;0;230;235;232;0.0000;0.0000;11.1111;7.3717;59.0763;0.0000;1;0;0;0;1;0;65536
20335;0;0;0;230;235;232;0.0000;0.0000;11.1111;7.3717;59.0763;0.0000;1;0;0;0;1;0;65536
20346;0;0;0;230;235;232;0.0000;0.0000;11.1111;7.3717;59.0763;0.0000;1;0;0;0;1;0;65540
20356;0;0;0;230;235;232;0.0000;0.0000;11.1111;7.3717;59.0763;0.0000;1;0;0;0;1;0;65540
20367;0;0;0;230;235;232;0.0000;0.0000;11.1111;7.3717;59.0763;0.0000;1;0;0;0;1;0;65540
20377;0;0;0;230;235;232;0.0000;0.0000;11.1111;7.3717;59.0763;0.0000;1;0;0;0;1;0;65540
20387;0;0;0;230;235;232;0.0000;0.0000;11.1111;7.3717;59.0763;0.0000;1;0;0;0;1;0;65540
20398;0;0;0;230;235;232;0.0000;0.0000;11.1111;7.3717;59.0763;0.0000;1;0;0;0;1;0;65540
20408;0;0;0;230;235;232;0.0000;0.0000;11.1111;7.3717;59.0763;0.0000;1;0;0;0;1;0;65540
20419;0;0;0;230;235;232;0.0000;0.0000;11.1111;7.3717;59.0763;0.0000;1;0;0;0;1;0;65540
20429;0;0;0;230;235;232;0.0000;0.0000;11.1111;7.3717;59.0763;0.0000;1;0;0;0;1;0;65540
20442;0;0;0;230;235;232;0.0000;0.0000;11.1111;7.3717;59.0763;0.0000;1;0;0;0;1;0;65540
20453;0;0;0;230;235;232;0.0000;0.0000;11.1111;7.3717;59.0763;0.0000;1;0;0;0;1;0;65566
20463;0;0;0;230;235;232;0.0000;0.0000;11.1111;7.3717;59.0763;0.0000;1;0;0;0;1;0;65566
20474;0;0;0;230;235;232;0.0000;0.0000;11.1111;7.3717;59.0763;0.0000;1;0;0;0;1;0;65566
20484;0;0;0;230;235;232;0.0000;0.0000;11.1111;7.3717;59.0763;0.0000;1;0;0;0;1;0;65566
20495;0;0;0;230;235;232;0.0000;0.0000;11.1111;7.3717;59.0763;0.0000;1;0;0;0;1;0;65566
20505;0;0;0;230;235;232;0.0000;0.0000;11.1111;7.3717;59.0763;0.0000;1;0;0;0;1;0;65566
20515;0;0;0;230;235;232;0.0000;0.0000;11.1111;7.3717;59.0763;0.0000;1;0;0;0;1;0;65566
20526;0;0;0;230;235;232;0.0000;0.0000;11.1111;7.3717;59.0763;0.0000;1;0;0;0;1;0;65566
20536;0;0;0;230;235;232;0.0000;0.0000;11.1111;7.3717;59.0763;0.0000;1;0;0;0;1;0;65566
20546;0;0;0;230;235;232;0.0000;0.0000;11.1111;7.3717;59.0763;0.0000;1;0;0;0;1;0;65566
20556;0;0;0;230;235;232;0.0000;0.0000;11.1111;7.3717;59.0763;0.0000;1;0;0;0;1;0;65566
20567;0;0;0;230;235;232;0.0000;0.0000;11.1111;7.3717;59.0763;0.0000;1;0;0;0;1;0;65566
20578;0;0;0;230;235;232;0.0000;0.0000;11.1111;7.3717;59.0763;0.0000;1;0;0;0;1;0;65566
20588;0;0;0;230;235;232;0.0000;0.0000;11.1111;7.3717;59.0763;0.0000;1;0;0;0;1;0;65566
20598;0;0;0;230;235;232;0.0000;0.0000;11.1111;7.3717;59.0763;0.0000;1;0;0;0;1;0;65566
20609;0;0;0;230;235;232;0.0000;0.0000;11.1111;7.3717;59.0763;0.0000;1;0;0;0;1;0;65566
20619;0;0;0;230;235;232;0.0000;0.0000;11.1111;7.3717;59.0763;0.0000;1;0;0;0;1;0;65566
20629;0;0;0;230;235;232;0.0000;0.0000;11.1111;7.3717;59.0763;0.0000;1;0;0;0;1;0;65566
20640;0;0;0;230;235;232;0.0000;0.0000;11.1111;7.3717;59.0763;0.0000;1;0;0;0;1;0;65566
20650;0;0;0;230;235;232;0.0000;0.0000;11.1111;7.3717;59.0763;0.0000;1;0;0;0;1;0;65566
20660;0;0;0;230;235;232;0.0000;0.0000;11.1111;7.3717;59.0763;0.0000;1;0;0;0;1;0;65566
20671;0;0;0;230;235;232;0.0000;0.0000;11.1111;7.3717;59.0763;0.0000;1;0;0;0;1;0;65566
20681;0;0;0;230;235;232;0.0000;0.0000;11.1111;7.3717;59.0763;0.0000;1;0;0;0;1;0;65566
20692;0;0;0;230;235;232;0.0000;0.0000;11.1111;7.3717;59.0763;0.0000;1;0;0;0;1;0;65566
20702;0;0;0;230;235;232;0.0000;0.0000;11.1111;7.3717;59.0763;0.0000;1;0;0;0;1;0;65566
20712;0;0;0;230;235;232;0.0000;0.0000;11.1111;7.3717;59.0763;0.0000;1;0;0;0;1;0;65566
20723;0;0;0;230;235;232;0.0000;0.0000;11.1111;7.3717;59.0763;0.0000;1;0;0;0;1;0;65566
20733;0;0;0;230;235;232;0.0000;0.0000;11.1111;7.3717;59.0763;0.0000;1;0;0;0;1;0;65566
20743;0;0;0;230;235;232;0.0000;0.0000;11.1111;7.3717;59.0763;0.0000;1;0;0;0;1;0;65566
20754;0;0;0;230;235;232;0.0000;0.0000;11.1111;7.3717;59.0763;0.0000;1;0;0;0;1;0;65566
20764;0;0;0;230;235;232;0.0000;0.0000;11.1111;7.3717;59.0763;0.0000;1;0;0;0;1;0;65566
20774;0;0;0;230;235;232;0.0000;0.0000;11.1111;7.3717;59.0763;0.0000;1;0;0;0;1;0;65566
20785;0;0;0;230;235;232;0.0000;0.0000;11.1111;7.3717;59.0763;0.0000;1;0;0;0;1;0;65566
20795;0;0;0;230;235;232;0.0000;0.0000;11.1111;7.3717;59.0763;0.0000;1;0;0;0;1;0;65566
20806;0;0;0;230;235;232;0.0000;0.0000;11.1111;7.3717;59.0763;0.0000;1;0;0;0;1;0;65566
20816;0;0;0;230;235;232;0.0000;0.0000;11.1111;7.3717;59.0763;0.0000;1;0;0;0;1;0;65566
20826;0;0;0;230;235;232;0.0000;0.0000;11.1111;7.3717;59.0763;0.0000;1;0;0;0;1;0;65566
20836;0;0;0;230;235;232;0.0000;0.0000;11.1111;7.3717;59.0763;0.0000;1;0;0;0;1;0;65566
20847;0;0;0;230;235;232;0.0000;0.0000;11.1111;7.3717;59.0763;0.0000;1;0;0;0;1;0;65566
20857;0;0;0;230;235;232;0.0000;0.0000;11.1111;7.3717;59.0763;0.0000;1;0;0;0;1;0;65566
20867;0;0;0;230;235;232;0.0000;0.0000;11.1111;7.3717;59.0763;0.0000;1;0;0;0;1;0;65566
20878;0;0;0;230;235;232;0.0000;0.0000;11.1111;7.3717;59.0763;0.0000;1;0;0;0;1;0;65566
20888;0;0;0;230;235;232;0.0000;0.0000;11.1111;7.3717;59.0763;0.0000;1;0;0;0;1;0;65566
20899;0;0;0;230;235;232;0.0000;0.0000;11.1111;7.3717;59.0763;0.0000;1;0;0;0;1;0;65566
20909;0;0;0;230;235;232;0.0000;0.0000;11.1111;7.3717;59.0763;0.0000;1;0;0;0;1;0;65566
20919;0;0;0;230;235;232;0.0000;0.0000;11.1111;7.3717;59.0763;0.0000;1;0;0;0;1;0;65566
20930;0;0;0;230;235;232;0.0000;0.0000;11.1111;7.3717;59.0763;0.0000;1;0;0;0;1;0;65566
20949;0;0;0;230;235;232;0.0000;0.0000;11.1111;7.3717;59.0763;0.0000;1;0;0;0;1;0;65566
20960;0;0;0;230;235;232;0.0000;0.0000;11.1111;7.3717;59.0763;0.0000;1;0;0;0;1;0;65566
20970;0;0;0;230;235;232;0.0000;0.0000;11.1111;7.3717;59.0763;0.0000;1;0;0;0;1;0;65536
20981;0;0;0;230;235;232;0.0000;0.0000;11.1111;7.3717;59.0763;0.0000;1;0;0;0;1;0;65536
20991;0;0;0;230;235;232;0.0000;0.0000;11.1111;7.3717;59.0763;0.0000;1;0;0;0;1;0;65536
21002;0;0;0;230;235;232;0.0000;0.0000;11.1111;7.3717;59.0763;0.0000;1;0;0;0;1;0;65536
21012;0;0;0;230;235;232;0.0000;0.0000;11.1111;7.3717;59.0763;0.0000;1;0;0;0;1;0;65536
21022;0;0;0;230;235;232;0.0000;0.0000;11.1111;7.3717;59.0763;0.0000;1;0;0;0;1;0;65536
21032;0;0;0;230;235;232;0.0000;0.0000;11.1111;7.3717;59.0763;0.0000;1;0;0;0;1;0;65536
21043;0;0;0;230;235;232;0.0000;0.0000;11.1111;7.3717;59.0763;0.0000;1;0;0;0;1;0;65536
21053;0;0;0;230;235;232;0.0000;0.0000;11.1111;7.3717;59.0763;0.0000;1;0;0;0;1;0;65536
21063;0;0;0;230;235;232;0.0000;0.0000;11.1111;7.3717;59.0763;0.0000;1;0;0;0;1;0;65536
21074;0;0;0;230;235;232;0.0000;0.0000;11.1111;7.3717;59.0763;0.0000;1;0;0;0;1;0;65536
21084;0;0;0;230;235;232;0.0000;0.0000;11.1111;7.3717;59.0763;0.0000;1;0;0;0;1;0;65536
21095;0;0;0;230;235;232;0.0000;0.0000;11.1111;7.3717;59.0763;0.0000;1;0;0;0;1;0;65536
21105;0;0;0;230;235;232;0.0000;0.0000;11.1111;7.3717;59.0763;0.0000;1;0;0;0;1;0;65536
21115;0;0;0;230;235;232;0.0000;0.0000;11.1111;7.3717;59.0763;0.0000;1;0;0;0;1;0;65536
21125;0;0;0;230;235;232;0.0000;0.0000;11.1111;7.3717;59.0763;0.0000;1;0;0;0;1;0;65536
21136;0;0;0;230;235;232;0.0000;0.0000;11.1111;7.3717;59.0763;0.0000;1;0;0;0;1;0;65536
21146;0;0;0;230;235;232;0.0000;0.0000;11.1111;7.3717;59.0763;0.0000;1;0;0;0;1;0;65536
21157;0;0;0;230;235;232;0.0000;0.0000;11.1111;7.3717;59.0763;0.0000;1;0;0;0;1;0;65536
21167;0;0;0;230;235;232;0.0000;0.0000;11.1111;7.3717;59.0763;0.0000;1;0;0;0;1;0;65536
21179;0;0;0;230;235;232;0.0000;0.0000;11.1111;7.3717;59.0763;0.0000;1;0;0;0;1;0;65536
21189;0;0;0;230;235;232;0.0000;0.0000;10.0000;7.3701;59.0775;0.0000;1;0;0;0;1;0;65536
21200;0;0;0;230;235;232;0.0000;0.0000;10.0000;7.3701;59.0775;0.0000;1;0;0;0;1;0;65536
21210;0;0;0;230;235;232;0.0000;0.0000;10.0000;7.3701;59.0775;0.0000;1;0;0;0;1;0;65536
21220;0;0;0;230;235;232;0.0000;0.0000;10.0000;7.3701;59.0775;0.0000;1;0;0;0;1;0;65536
21231;0;0;0;230;235;232;0.0000;0.0000;10.0000;7.3701;59.0775;0.0000;1;0;0;0;1;0;65536
21241;0;0;0;230;235;232;0.0000;0.0000;10.0000;7.3701;59.0775;0.0000;1;0;0;0;1;0;65536
21251;0;0;0;230;235;232;0.0000;0.0000;10.0000;7.3701;59.0775;0.0000;1;0;0;0;1;0;65536
21261;0;0;0;230;235;232;0.0000;0.0000;10.0000;7.3701;59.0775;0.0000;1;0;0;0;1;0;65536
21272;0;0;0;230;235;232;0.0000;0.0000;10.0000;7.3701;59.0775;0.0000;1;0;0;0;1;0;65536
21282;0;0;0;230;235;232;0.0000;0.0000;10.0000;7.3701;59.0775;0.0000;1;0;0;0;1;0;65540
21293;0;0;0;230;235;232;0.0000;0.0000;10.0000;7.3701;59.0775;0.0000;1;0;0;0;1;0;65540
21303;0;0;0;230;235;232;0.0000;0.0000;10.0000;7.3701;59.0775;0.0000;1;0;0;0;1;0;65540
21313;0;0;0;230;235;232;0.0000;0.0000;10.0000;7.3701;59.0775;0.0000;1;0;0;0;1;0;65540
21324;0;0;0;230;235;232;0.0000;0.0000;10.0000;7.3701;59.0775;0.0000;1;0;0;0;1;0;65540
21334;0;0;0;230;235;232;0.0000;0.0000;10.0000;7.3701;59.0775;0.0000;1;0;0;0;1;0;65540
21345;0;0;0;230;235;232;0.0000;0.0000;10.0000;7.3701;59.0775;0.0000;1;0;0;0;1;0;65540
21355;0;0;0;230;235;232;0.0000;0.0000;10.0000;7.3701;59.0775;0.0000;1;0;0;0;1;0;65540
21366;0;0;0;230;235;232;0.0000;0.0000;10.0000;7.3701;59.0775;0.0000;1;0;0;0;1;0;65540
21377;0;0;0;230;235;232;0.0000;0.0000;10.0000;7.3701;59.0775;0.0000;1;0;0;0;1;0;65540
21387;0;0;0;230;235;232;0.0000;0.0000;10.0000;7.3701;59.0775;0.0000;1;0;0;0;1;0;65540
21398;0;0;0;230;235;232;0.0000;0.0000;10.0000;7.3701;59.0775;0.0000;1;0;0;0;1;0;65540
21408;0;0;0;230;235;232;0.0000;0.0000;10.0000;7.3701;59.0775;0.0000;1;0;0;0;1;0;65540
21419;0;0;0;230;235;232;0.0000;0.0000;10.0000;7.3701;59.0775;0.0000;1;0;0;0;1;0;65540
21429;0;0;0;230;235;232;0.0000;0.0000;10.0000;7.3701;59.0775;0.0000;1;0;0;0;1;0;65540
21439;0;0;0;230;235;232;0.0000;0.0000;10.0000;7.3701;59.0775;0.0000;1;0;0;0;1;0;65540
21450;0;0;0;230;235;232;0.0000;0.0000;10.0000;7.3701;59.0775;0.0000;1;0;0;0;1;0;65540
21460;0;0;0;230;235;232;0.0000;0.0000;10.0000;7.3701;59.0775;0.0000;1;0;0;0;1;0;65540
21471;0;0;0;230;235;232;0.0000;0.0000;10.0000;7.3701;59.0775;0.0000;1;0;0;0;1;0;65540
21481;0;0;0;230;235;232;0.0000;0.0000;10.0000;7.3701;59.0775;0.0000;1;0;0;0;1;0;65540
21492;0;0;0;230;235;232;0.0000;0.0000;10.0000;7.3701;59.0775;0.0000;1;0;0;0;1;0;65566
21502;0;0;0;230;235;232;0.0000;0.0000;10.0000;7.3701;59.0775;0.0000;1;0;0;0;1;0;65566
21513;0;0;0;230;235;232;0.0000;0.0000;10.0000;7.3701;59.0775;0.0000;1;0;0;0;1;0;65566
21523;0;0;0;230;235;232;0.0000;0.0000;10.0000;7.3701;59.0775;0.0000;1;0;0;0;1;0;65566
21533;0;0;0;230;235;232;0.0000;0.0000;10.0000;7.3701;59.0775;0.0000;1;0;0;0;1;0;65566
21543;0;0;0;230;235;232;0.0000;0.0000;10.0000;7.3701;59.0775;0.0000;1;0;0;0;1;0;65566
21554;0;0;0;230;235;232;0.0000;0.0000;10.0000;7.3701;59.0775;0.0000;1;0;0;0;1;0;65566
21564;0;0;0;230;235;232;0.0000;0.0000;10.0000;7.3701;59.0775;0.0000;1;0;0;0;1;0;65566
21574;0;0;0;230;235;232;0.0000;0.0000;10.0000;7.3701;59.0775;0.0000;1;0;0;0;1;0;65566
21584;0;0;0;230;235;232;0.0000;0.0000;10.0000;7.3701;59.0775;0.0000;1;0;0;0;1;0;65566
21595;0;0;0;230;235;232;0.0000;0.0000;10.0000;7.3701;59.0775;0.0000;1;0;0;0;1;0;65566
21605;0;0;0;230;235;232;0.0000;0.0000;10.0000;7.3701;59.0775;0.0000;1;0;0;0;1;0;65566
21616;0;0;0;230;235;232;0.0000;0.0000;10.0000;7.3701;59.0775;0.0000;1;0;0;0;1;0;65566
21626;0;0;0;230;235;232;0.0000;0.0000;10.0000;7.3701;59.0775;0.0000;1;0;0;0;1;0;65566
21636;0;0;0;230;235;232;0.0000;0.0000;10.0000;7.3701;59.0775;0.0000;1;0;0;0;1;0;65566
21646;0;0;0;230;235;232;0.0000;0.0000;10.0000;7.3701;59.0775;0.0000;1;0;0;0;1;0;65566
21657;0;0;0;230;235;232;0.0000;0.0000;10.0000;7.3701;59.0775;0.0000;1;0;0;0;1;0;65566
21667;0;0;0;230;235;232;0.0000;0.0000;10.0000;7.3701;59.0775;0.0000;1;0;0;0;1;0;65566
21677;0;0;0;230;235;232;0.0000;0.0000;10.0000;7.3701;59.0775;0.0000;1;0;0;0;1;0;65566
21688;0;0;0;230;235;232;0.0000;0.0000;10.0000;7.3701;59.0775;0.0000;1;0;0;0;1;0;65566
21698;0;0;0;230;235;232;0.0000;0.0000;10.0000;7.3701;59.0775;0.0000;1;0;0;0;1;0;65566
21709;0;0;0;230;235;232;0.0000;0.0000;10.0000;7.3701;59.0775;0.0000;1;0;0;0;1;0;65566
21719;0;0;0;230;235;232;0.0000;0.0000;10.0000;7.3701;59.0775;0.0000;1;0;0;0;1;0;65566
21730;0;0;0;230;235;232;0.0000;0.0000;10.0000;7.3701;59.0775;0.0000;1;0;0;0;1;0;65566
21740;0;0;0;230;235;232;0.0000;0.0000;10.0000;7.3701;59.0775;0.0000;1;0;0;0;1;0;65566
21750;0;0;0;230;235;232;0.0000;0.0000;10.0000;7.3701;59.0775;0.0000;1;0;0;0;1;0;65566
21761;0;0;0;230;235;232;0.0000;0.0000;10.0000;7.3701;59.0775;0.0000;1;0;0;0;1;0;65566
21771;0;0;0;230;235;232;0.0000;0.0000;10.0000;7.3701;59.0775;0.0000;1;0;0;0;1;0;65566
21781;0;0;0;230;235;232;0.0000;0.0000;10.0000;7.3701;59.0775;0.0000;1;0;0;0;1;0;65566
21793;0;0;0;230;235;232;0.0000;0.0000;10.0000;7.3701;59.0775;0.0000;1;0;0;0;1;0;65566
21804;0;0;0;230;235;232;0.0000;0.0000;10.0000;7.3701;59.0775;0.0000;1;0;0;0;1;0;65566
21814;0;0;0;230;235;232;0.0000;0.0000;10.0000;7.3701;59.0775;0.0000;1;0;0;0;1;0;65566
21824;0;0;0;230;235;232;0.0000;0.0000;10.0000;7.3701;59.0775;0.0000;1;0;0;0;1;0;65566
21835;0;0;0;230;235;232;0.0000;0.0000;10.0000;7.3701;59.0775;0.0000;1;0;0;0;1;0;65566
21845;0;0;0;230;235;232;0.0000;0.0000;10.0000;7.3701;59.0775;0.0000;1;0;0;0;1;0;65566
21855;0;0;0;230;235;232;0.0000;0.0000;10.0000;7.3701;59.0775;0.0000;1;0;0;0;1;0;65566
21865;0;0;0;230;235;232;0.0000;0.0000;10.0000;7.3701;59.0775;0.0000;1;0;0;0;1;0;65566
21876;0;0;0;230;235;232;0.0000;0.0000;10.0000;7.3701;59.0775;0.0000;1;0;0;0;1;0;65566
21886;0;0;0;230;235;232;0.0000;0.0000;10.0000;7.3701;59.0775;0.0000;1;0;0;0;1;0;65566
21896;0;0;0;230;235;232;0.0000;0.0000;10.0000;7.3701;59.0775;0.0000;1;0;0;0;1;0;65566
21907;0;0;0;230;235;232;0.0000;0.0000;10.0000;7.3701;59.0775;0.0000;1;0;0;0;1;0;65566
21917;0;0;0;230;235;232;0.0000;0.0000;10.0000;7.3701;59.0775;0.0000;1;0;0;0;1;0;65566
21928;0;0;0;230;235;232;0.0000;0.0000;10.0000;7.3701;59.0775;0.0000;1;0;0;0;1;0;65566
21938;0;0;0;230;235;232;0.0000;0.0000;10.0000;7.3701;59.0775;0.0000;1;0;0;0;1;0;65566
21949;0;0;0;230;235;232;0.0000;0.0000;10.0000;7.3701;59.0775;0.0000;1;0;0;0;1;0;65566
21959;0;0;0;230;235;232;0.0000;0.0000;10.0000;7.3701;59.0775;0.0000;1;0;0;0;1;0;65566
21970;0;0;0;230;235;232;0.0000;0.0000;10.0000;7.3701;59.0775;0.0000;1;0;0;0;1;0;65566
21988;0;0;0;230;235;232;0.0000;0.0000;10.0000;7.3701;59.0775;0.0000;1;0;0;0;1;0;65566
21999;0;0;0;230;235;232;0.0000;0.0000;10.0000;7.3701;59.0775;0.0000;1;0;0;0;1;0;65564
22009;0;0;0;230;235;232;0.0000;0.0000;10.0000;7.3701;59.0775;0.0000;1;0;0;0;1;0;65536
22020;0;0;0;230;235;232;0.0000;0.0000;10.0000;7.3701;59.0775;0.0000;1;0;0;0;1;0;65536
22030;0;0;0;230;235;232;0.0000;0.0000;10.0000;7.3701;59.0775;0.0000;1;0;0;0;1;0;65536
22040;0;0;0;230;235;232;0.0000;0.0000;10.0000;7.3701;59.0775;0.0000;1;0;0;0;1;0;65536
22051;0;0;0;230;235;232;0.0000;0.0000;10.0000;7.3701;59.0775;0.0000;1;0;0;0;1;0;65536
22061;0;0;0;230;235;232;0.0000;0.0000;10.0000;7.3701;59.0775;0.0000;1;0;0;0;1;0;65536
22071;0;0;0;230;235;232;0.0000;0.0000;10.0000;7.3701;59.0775;0.0000;1;0;0;0;1;0;65536
22082;0;0;0;230;235;232;0.0000;0.0000;10.0000;7.3701;59.0775;0.0000;1;0;0;0;1;0;65536
22092;0;0;0;230;235;232;0.0000;0.0000;10.0000;7.3701;59.0775;0.0000;1;0;0;0;1;0;65536
22103;0;0;0;230;235;232;0.0000;0.0000;10.0000;7.3701;59.0775;0.0000;1;0;0;0;1;0;65536
22113;0;0;0;230;235;232;0.0000;0.0000;10.0000;7.3701;59.0775;0.0000;1;0;0;0;1;0;65536
22124;0;0;0;230;235;232;0.0000;0.0000;10.0000;7.3701;59.0775;0.0000;1;0;0;0;1;0;65536
22134;0;0;0;230;235;232;0.0000;0.0000;10.0000;7.3701;59.0775;0.0000;1;0;0;0;1;0;65536
22144;0;0;0;230;235;232;0.0000;0.0000;10.0000;7.3701;59.0775;0.0000;1;0;0;0;1;0;65536
22154;0;0;0;230;235;232;0.0000;0.0000;10.0000;7.3701;59.0775;0.0000;1;0;0;0;1;0;65536
22165;0;0;0;230;235;232;0.0000;0.0000;10.0000;7.3701;59.0775;0.0000;1;0;0;0;1;0;65536
22175;0;0;0;230;235;232;0.0000;0.0000;10.0000;7.3701;59.0775;0.0000;1;0;0;0;1;0;65536
22187;0;0;0;230;235;232;0.0000;0.0000;41.6667;7.3685;59.0788;0.0000;1;0;0;0;1;0;65536
22198;0;0;0;230;235;232;0.0000;0.0000;41.6667;7.3685;59.0788;0.0000;1;0;0;0;1;0;65536
22208;0;0;0;230;235;232;0.0000;0.0000;41.6667;7.3685;59.0788;0.0000;1;0;0;0;1;0;65536
22219;0;0;0;230;235;232;0.0000;0.0000;41.6667;7.3685;59.0788;0.0000;1;0;0;0;1;0;65536
22229;0;0;0;230;235;232;0.0000;0.0000;41.6667;7.3685;59.0788;0.0000;1;0;0;0;1;0;65536
22239;0;0;0;230;235;232;0.0000;0.0000;41.6667;7.3685;59.0788;0.0000;1;0;0;0;1;0;65536
22250;0;0;0;230;235;232;0.0000;0.0000;41.6667;7.3685;59.0788;0.0000;1;0;0;0;1;0;65536
22260;0;0;0;230;235;232;0.0000;0.0000;41.6667;7.3685;59.0788;0.0000;1;0;0;0;1;0;65536
22270;0;0;0;230;235;232;0.0000;0.0000;41.6667;7.3685;59.0788;0.0000;1;0;0;0;1;0;65536
22281;0;0;0;230;235;232;0.0000;0.0000;41.6667;7.3685;59.0788;0.0000;1;0;0;0;1;0;65536
22291;0;0;0;230;235;232;0.0000;0.0000;41.6667;7.3685;59.0788;0.0000;1;0;0;0;1;0;65536
22302;0;0;0;230;235;232;0.0000;0.0000;41.6667;7.3685;59.0788;0.0000;1;0;0;0;1;0;65536
22312;0;0;0;230;235;232;0.0000;0.0000;41.6667;7.3685;59.0788;0.0000;1;0;0;0;1;0;65536
22323;0;0;0;230;235;232;0.0000;0.0000;41.6667;7.3685;59.0788;0.0000;1;0;0;0;1;0;65540
22333;0;0;0;230;235;232;0.0000;0.0000;41.6667;7.3685;59.0788;0.0000;1;0;0;0;1;0;65540
22343;0;0;0;230;235;232;0.0000;0.0000;41.6667;7.3685;59.0788;0.0000;1;0;0;0;1;0;65540
22354;0;0;0;230;235;232;0.0000;0.0000;41.6667;7.3685;59.0788;0.0000;1;0;0;0;1;0;65540
22364;0;0;0;230;235;232;0.0000;0.0000;41.6667;7.3685;59.0788;0.0000;1;0;0;0;1;0;65540
22374;0;0;0;230;235;232;0.0000;0.0000;41.6667;7.3685;59.0788;0.0000;1;0;0;0;1;0;65540
22385;0;0;0;230;235;232;0.0000;0.0000;41.6667;7.3685;59.0788;0.0000;1;0;0;0;1;0;65540
22397;0;0;0;230;235;232;0.0000;0.0000;41.6667;7.3685;59.0788;0.0000;1;0;0;0;1;0;65540
22408;0;0;0;230;235;232;0.0000;0.0000;41.6667;7.3685;59.0788;0.0000;1;0;0;0;1;0;65540
22419;0;0;0;230;235;232;0.0000;0.0000;41.6667;7.3685;59.0788;0.0000;1;0;0;0;1;0;65550
22429;0;0;0;230;235;232;0.0000;0.0000;41.6667;7.3685;59.0788;0.0000;1;0;0;0;1;0;65550
22440;0;0;0;230;235;232;0.0000;0.0000;41.6667;7.3685;59.0788;0.0000;1;0;0;0;1;0;65550
22459;0;0;0;230;235;232;0.0000;0.0000;41.6667;7.3685;59.0788;0.0000;1;0;0;0;1;0;65550
22470;0;0;0;230;235;232;0.0000;0.0000;41.6667;7.3685;59.0788;0.0000;1;0;0;0;1;0;65550
22480;0;0;0;230;235;232;0.0000;0.0000;41.6667;7.3685;59.0788;0.0000;1;0;0;0;1;0;65550
22491;0;0;0;230;235;232;0.0000;0.0000;41.6667;7.3685;59.0788;0.0000;1;0;0;0;1;0;65550
22502;0;0;0;230;235;232;0.0000;0.0000;41.6667;7.3685;59.0788;0.0000;1;0;0;0;1;0;65550
22512;0;0;0;230;235;232;0.0000;0.0000;41.6667;7.3685;59.0788;0.0000;1;0;0;0;1;0;65550
22523;0;0;0;230;235;232;0.0000;0.0000;41.6667;7.3685;59.0788;0.0000;1;0;0;0;1;0;65566
22539;0;0;0;230;235;232;0.0000;0.0000;41.6667;7.3685;59.0788;0.0000;1;0;0;0;1;0;65566
22550;0;0;0;230;235;232;0.0000;0.0000;41.6667;7.3685;59.0788;0.0000;1;0;0;0;1;0;65566
22560;0;0;0;230;235;232;0.0000;0.0000;41.6667;7.3685;59.0788;0.0000;1;0;0;0;1;0;65566
22570;0;0;0;230;235;232;0.0000;0.0000;41.6667;7.3685;59.0788;0.0000;1;0;0;0;1;0;65566
22581;0;0;0;230;235;232;0.0000;0.0000;41.6667;7.3685;59.0788;0.0000;1;0;0;0;1;0;65566
22591;0;0;0;230;235;232;0.0000;0.0000;41.6667;7.3685;59.0788;0.0000;1;0;0;0;1;0;65566
22602;0;0;0;230;235;232;0.0000;0.0000;41.6667;7.3685;59.0788;0.0000;1;0;0;0;1;0;65566
22612;0;0;0;230;235;232;0.0000;0.0000;41.6667;7.3685;59.0788;0.0000;1;0;0;0;1;0;65566
22622;0;0;0;230;235;232;0.0000;0.0000;41.6667;7.3685;59.0788;0.0000;1;0;0;0;1;0;65566
22633;0;0;0;230;235;232;0.0000;0.0000;41.6667;7.3685;59.0788;0.0000;1;0;0;0;1;0;65566
22643;0;0;0;230;235;232;0.0000;0.0000;41.6667;7.3685;59.0788;0.0000;1;0;0;0;1;0;65566
22653;0;0;0;230;235;232;0.0000;0.0000;41.6667;7.3685;59.0788;0.0000;1;0;0;0;1;0;65566
22663;0;0;0;230;235;232;0.0000;0.0000;41.6667;7.3685;59.0788;0.0000;1;0;0;0;1;0;65566
22674;0;0;0;230;235;232;0.0000;0.0000;41.6667;7.3685;59.0788;0.0000;1;0;0;0;1;0;65566
22684;0;0;0;230;235;232;0.0000;0.0000;41.6667;7.3685;59.0788;0.0000;1;0;0;0;1;0;65566
22695;0;0;0;230;235;232;0.0000;0.0000;41.6667;7.3685;59.0788;0.0000;1;0;0;0;1;0;65566
22705;0;0;0;230;235;232;0.0000;0.0000;41.6667;7.3685;59.0788;0.0000;1;0;0;0;1;0;65566
22715;0;0;0;230;235;232;0.0000;0.0000;41.6667;7.3685;59.0788;0.0000;1;0;0;0;1;0;65566
22726;0;0;0;230;235;232;0.0000;0.0000;41.6667;7.3685;59.0788;0.0000;1;0;0;0;1;0;65566
22736;0;0;0;230;235;232;0.0000;0.0000;41.6667;7.3685;59.0788;0.0000;1;0;0;0;1;0;65566
22746;0;0;0;230;235;232;0.0000;0.0000;41.6667;7.3685;59.0788;0.0000;1;0;0;0;1;0;65566
22757;0;0;0;230;235;232;0.0000;0.0000;41.6667;7.3685;59.0788;0.0000;1;0;0;0;1;0;65566
22768;0;0;0;230;235;232;0.0000;0.0000;41.6667;7.3685;59.0788;0.0000;1;0;0;0;1;0;65566
22778;0;0;0;230;235;232;0.0000;0.0000;41.6667;7.3685;59.0788;0.0000;1;0;0;0;1;0;65566
22789;0;0;0;230;235;232;0.0000;0.0000;41.6667;7.3685;59.0788;0.0000;1;0;0;0;1;0;65566
22799;0;0;0;230;235;232;0.0000;0.0000;41.6667;7.3685;59.0788;0.0000;1;0;0;0;1;0;65566
22809;0;0;0;230;235;232;0.0000;0.0000;41.6667;7.3685;59.0788;0.0000;1;0;0;0;1;0;65566
22820;0;0;0;230;235;232;0.0000;0.0000;41.6667;7.3685;59.0788;0.0000;1;0;0;0;1;0;65566
22830;0;0;0;230;235;232;0.0000;0.0000;41.6667;7.3685;59.0788;0.0000;1;0;0;0;1;0;65566
22841;0;0;0;230;235;232;0.0000;0.0000;41.6667;7.3685;59.0788;0.0000;1;0;0;0;1;0;65566
22851;0;0;0;230;235;232;0.0000;0.0000;41.6667;7.3685;59.0788;0.0000;1;0;0;0;1;0;65566
22861;0;0;0;230;235;232;0.0000;0.0000;41.6667;7.3685;59.0788;0.0000;1;0;0;0;1;0;65566
22871;0;0;0;230;235;232;0.0000;0.0000;41.6667;7.3685;59.0788;0.0000;1;0;0;0;1;0;65566
22882;0;0;0;230;235;232;0.0000;0.0000;41.6667;7.3685;59.0788;0.0000;1;0;0;0;1;0;65566
22892;0;0;0;230;235;232;0.0000;0.0000;41.6667;7.3685;59.0788;0.0000;1;0;0;0;1;0;65566
22903;0;0;0;230;235;232;0.0000;0.0000;41.6667;7.3685;59.0788;0.0000;1;0;0;0;1;0;65566
22913;0;0;0;230;235;232;0.0000;0.0000;41.6667;7.3685;59.0788;0.0000;1;0;0;0;1;0;65566
22923;0;0;0;230;235;232;0.0000;0.0000;41.6667;7.3685;59.0788;0.0000;1;0;0;0;1;0;65566
22934;0;0;0;230;235;232;0.0000;0.0000;41.6667;7.3685;59.0788;0.0000;1;0;0;0;1;0;65566
22944;0;0;0;230;235;232;0.0000;0.0000;41.6667;7.3685;59.0788;0.0000;1;0;0;0;1;0;65566
22954;0;0;0;230;235;232;0.0000;0.0000;41.6667;7.3685;59.0788;0.0000;1;0;0;0;1;0;65566
22965;0;0;0;230;235;232;0.0000;0.0000;41.6667;7.3685;59.0788;0.0000;1;0;0;0;1;0;65566
22975;0;0;0;230;235;232;0.0000;0.0000;41.6667;7.3685;59.0788;0.0000;1;0;0;0;1;0;65566
22985;0;0;0;230;235;232;0.0000;0.0000;41.6667;7.3685;59.0788;0.0000;1;0;0;0;1;0;65566
22996;0;0;0;230;235;232;0.0000;0.0000;41.6667;7.3685;59.0788;0.0000;1;0;0;0;1;0;65566
23006;0;0;0;230;235;232;0.0000;0.0000;41.6667;7.3685;59.0788;0.0000;1;0;0;0;1;0;65566
23016;0;0;0;230;235;232;0.0000;0.0000;41.6667;7.3685;59.0788;0.0000;1;0;0;0;1;0;65566
23027;0;0;0;230;235;232;0.0000;0.0000;41.6667;7.3685;59.0788;0.0000;1;0;0;0;1;0;65566
23038;0;0;0;230;235;232;0.0000;0.0000;41.6667;7.3685;59.0788;0.0000;1;0;0;0;1;0;65536
23048;0;0;0;230;235;232;0.0000;0.0000;41.6667;7.3685;59.0788;0.0000;1;0;0;0;1;0;65536
23059;0;0;0;230;235;232;0.0000;0.0000;41.6667;7.3685;59.0788;0.0000;1;0;0;0;1;0;65536
23069;0;0;0;230;235;232;0.0000;0.0000;41.6667;7.3685;59.0788;0.0000;1;0;0;0;1;0;65536
23080;0;0;0;230;235;232;0.0000;0.0000;41.6667;7.3685;59.0788;0.0000;1;0;0;0;1;0;65536
23090;0;0;0;230;235;232;0.0000;0.0000;41.6667;7.3685;59.0788;0.0000;1;0;0;0;1;0;65536
23101;0;0;0;230;235;232;0.0000;0.0000;41.6667;7.3685;59.0788;0.0000;1;0;0;0;1;0;65536
23111;0;0;0;230;235;232;0.0000;0.0000;41.6667;7.3685;59.0788;0.0000;1;0;0;0;1;0;65536
23121;0;0;0;230;235;232;0.0000;0.0000;41.6667;7.3685;59.0788;0.0000;1;0;0;0;1;0;65536
23131;0;0;0;230;235;232;0.0000;0.0000;41.6667;7.3685;59.0788;0.0000;1;0;0;0;1;0;65536
23142;0;0;0;230;235;232;0.0000;0.0000;41.6667;7.3685;59.0788;0.0000;1;0;0;0;1;0;65536
23153;0;0;0;230;235;232;0.0000;0.0000;41.6667;7.3685;59.0788;0.0000;1;0;0;0;1;0;65536
23163;0;0;0;230;235;232;0.0000;0.0000;41.6667;7.3685;59.0788;0.0000;1;0;0;0;1;0;65536
23173;0;0;0;230;235;232;0.0000;0.0000;41.6667;7.3685;59.0788;0.0000;1;0;0;0;1;0;65536
23185;0;0;0;230;235;232;0.0000;0.0000;36.3636;7.3669;59.0794;0.0000;1;0;0;0;1;0;65536
23195;0;0;0;230;235;232;0.0000;0.0000;36.3636;7.3669;59.0794;0.0000;1;0;0;0;1;0;65536
23206;0;0;0;230;235;232;0.0000;0.0000;36.3636;7.3669;59.0794;0.0000;1;0;0;0;1;0;65536
23216;0;0;0;230;235;232;0.0000;0.0000;36.3636;7.3669;59.0794;0.0000;1;0;0;0;1;0;65536
23227;0;0;0;230;235;232;0.0000;0.0000;36.3636;7.3669;59.0794;0.0000;1;0;0;0;1;0;65536
23237;0;0;0;230;235;232;0.0000;0.0000;36.3636;7.3669;59.0794;0.0000;1;0;0;0;1;0;65536
23247;0;0;0;230;235;232;0.0000;0.0000;36.3636;7.3669;59.0794;0.0000;1;0;0;0;1;0;65536
23258;0;0;0;230;235;232;0.0000;0.0000;36.3636;7.3669;59.0794;0.0000;1;0;0;0;1;0;65536
23268;0;0;0;230;235;232;0.0000;0.0000;36.3636;7.3669;59.0794;0.0000;1;0;0;0;1;0;65536
23278;0;0;0;230;235;232;0.0000;0.0000;36.3636;7.3669;59.0794;0.0000;1;0;0;0;1;0;65536
23289;0;0;0;230;235;232;0.0000;0.0000;36.3636;7.3669;59.0794;0.0000;1;0;0;0;1;0;65536
23299;0;0;0;230;235;232;0.0000;0.0000;36.3636;7.3669;59.0794;0.0000;1;0;0;0;1;0;65536
23310;0;0;0;230;235;232;0.0000;0.0000;36.3636;7.3669;59.0794;0.0000;1;0;0;0;1;0;65536
23320;0;0;0;230;235;232;0.0000;0.0000;36.3636;7.3669;59.0794;0.0000;1;0;0;0;1;0;65536
23330;0;0;0;230;235;232;0.0000;0.0000;36.3636;7.3669;59.0794;0.0000;1;0;0;0;1;0;65536
23341;0;0;0;230;235;232;0.0000;0.0000;36.3636;7.3669;59.0794;0.0000;1;0;0;0;1;0;65536
23351;0;0;0;230;235;232;0.0000;0.0000;36.3636;7.3669;59.0794;0.0000;1;0;0;0;1;0;65540
23362;0;0;0;230;235;232;0.0000;0.0000;36.3636;7.3669;59.0794;0.0000;1;0;0;0;1;0;65540
23372;0;0;0;230;235;232;0.0000;0.0000;36.3636;7.3669;59.0794;0.0000;1;0;0;0;1;0;65540
23383;0;0;0;230;235;232;0.0000;0.0000;36.3636;7.3669;59.0794;0.0000;1;0;0;0;1;0;65540
23393;0;0;0;230;235;232;0.0000;0.0000;36.3636;7.3669;59.0794;0.0000;1;0;0;0;1;0;65540
23404;0;0;0;230;235;232;0.0000;0.0000;36.3636;7.3669;59.0794;0.0000;1;0;0;0;1;0;65540
23414;0;0;0;230;235;232;0.0000;0.0000;36.3636;7.3669;59.0794;0.0000;1;0;0;0;1;0;65540
23424;0;0;0;230;235;232;0.0000;0.0000;36.3636;7.3669;59.0794;0.0000;1;0;0;0;1;0;65540
23435;0;0;0;230;235;232;0.0000;0.0000;36.3636;7.3669;59.0794;0.0000;1;0;0;0;1;0;65540
23446;0;0;0;230;235;232;0.0000;0.0000;36.3636;7.3669;59.0794;0.0000;1;0;0;0;1;0;65540
23456;0;0;0;230;235;232;0.0000;0.0000;36.3636;7.3669;59.0794;0.0000;1;0;0;0;1;0;65566
23467;0;0;0;230;235;232;0.0000;0.0000;36.3636;7.3669;59.0794;0.0000;1;0;0;0;1;0;65566
23477;0;0;0;230;235;232;0.0000;0.0000;36.3636;7.3669;59.0794;0.0000;1;0;0;0;1;0;65566
23488;0;0;0;230;235;232;0.0000;0.0000;36.3636;7.3669;59.0794;0.0000;1;0;0;0;1;0;65566
23498;0;0;0;230;235;232;0.0000;0.0000;36.3636;7.3669;59.0794;0.0000;1;0;0;0;1;0;65566
23508;0;0;0;230;235;232;0.0000;0.0000;36.3636;7.3669;59.0794;0.0000;1;0;0;0;1;0;65566
23519;0;0;0;230;235;232;0.0000;0.0000;36.3636;7.3669;59.0794;0.0000;1;0;0;0;1;0;65566
23529;0;0;0;230;235;232;0.0000;0.0000;36.3636;7.3669;59.0794;0.0000;1;0;0;0;1;0;65566
23539;0;0;0;230;235;232;0.0000;0.0000;36.3636;7.3669;59.0794;0.0000;1;0;0;0;1;0;65566
23550;0;0;0;230;235;232;0.0000;0.0000;36.3636;7.3669;59.0794;0.0000;1;0;0;0;1;0;65566
23560;0;0;0;230;235;232;0.0000;0.0000;36.3636;7.3669;59.0794;0.0000;1;0;0;0;1;0;65566
23570;0;0;0;230;235;232;0.0000;0.0000;36.3636;7.3669;59.0794;0.0000;1;0;0;0;1;0;65566
23581;0;0;0;230;235;232;0.0000;0.0000;36.3636;7.3669;59.0794;0.0000;1;0;0;0;1;0;65566
23591;0;0;0;230;235;232;0.0000;0.0000;36.3636;7.3669;59.0794;0.0000;1;0;0;0;1;0;65566
23601;0;0;0;230;235;232;0.0000;0.0000;36.3636;7.3669;59.0794;0.0000;1;0;0;0;1;0;65566
23612;0;0;0;230;235;232;0.0000;0.0000;36.3636;7.3669;59.0794;0.0000;1;0;0;0;1;0;65566
23622;0;0;0;230;235;232;0.0000;0.0000;36.3636;7.3669;59.0794;0.0000;1;0;0;0;1;0;65566
23632;0;0;0;230;235;232;0.0000;0.0000;36.3636;7.3669;59.0794;0.0000;1;0;0;0;1;0;65566
23643;0;0;0;230;235;232;0.0000;0.0000;36.3636;7.3669;59.0794;0.0000;1;0;0;0;1;0;65566
23653;0;0;0;230;235;232;0.0000;0.0000;36.3636;7.3669;59.0794;0.0000;1;0;0;0;1;0;65566
23663;0;0;0;230;235;232;0.0000;0.0000;36.3636;7.3669;59.0794;0.0000;1;0;0;0;1;0;65566
23674;0;0;0;230;235;232;0.0000;0.0000;36.3636;7.3669;59.0794;0.0000;1;0;0;0;1;0;65566
23684;0;0;0;230;235;232;0.0000;0.0000;36.3636;7.3669;59.0794;0.0000;1;0;0;0;1;0;65566
23695;0;0;0;230;235;232;0.0000;0.0000;36.3636;7.3669;59.0794;0.0000;1;0;0;0;1;0;65566
23705;0;0;0;230;235;232;0.0000;0.0000;36.3636;7.3669;59.0794;0.0000;1;0;0;0;1;0;65566
23716;0;0;0;230;235;232;0.0000;0.0000;36.3636;7.3669;59.0794;0.0000;1;0;0;0;1;0;65566
23726;0;0;0;230;235;232;0.0000;0.0000;36.3636;7.3669;59.0794;0.0000;1;0;0;0;1;0;65566
23737;0;0;0;230;235;232;0.0000;0.0000;36.3636;7.3669;59.0794;0.0000;1;0;0;0;1;0;65566
23810;0;0;0;230;235;232;0.0000;0.0000;36.3636;7.3669;59.0794;0.0000;1;0;0;0;1;0;65566
23821;0;0;0;230;235;232;0.0000;0.0000;36.3636;7.3669;59.0794;0.0000;1;0;0;0;1;0;65566
23831;0;0;0;230;235;232;0.0000;0.0000;36.3636;7.3669;59.0794;0.0000;1;0;0;0;1;0;65566
23842;0;0;0;230;235;232;0.0000;0.0000;36.3636;7.3669;59.0794;0.0000;1;0;0;0;1;0;65566
23852;0;0;0;230;235;232;0.0000;0.0000;36.3636;7.3669;59.0794;0.0000;1;0;0;0;1;0;65566
23862;0;0;0;230;235;232;0.0000;0.0000;36.3636;7.3669;59.0794;0.0000;1;0;0;0;1;0;65566
23872;0;0;0;230;235;232;0.0000;0.0000;36.3636;7.3669;59.0794;0.0000;1;0;0;0;1;0;65566
23883;0;0;0;230;235;232;0.0000;0.0000;36.3636;7.3669;59.0794;0.0000;1;0;0;0;1;0;65566
23893;0;0;0;230;235;232;0.0000;0.0000;36.3636;7.3669;59.0794;0.0000;1;0;0;0;1;0;65566
23903;0;0;0;230;235;232;0.0000;0.0000;36.3636;7.3669;59.0794;0.0000;1;0;0;0;1;0;65566
23914;0;0;0;230;235;232;0.0000;0.0000;36.3636;7.3669;59.0794;0.0000;1;0;0;0;1;0;65566
23924;0;0;0;230;235;232;0.0000;0.0000;36.3636;7.3669;59.0794;0.0000;1;0;0;0;1;0;65566
23935;0;0;0;230;235;232;0.0000;0.0000;36.3636;7.3669;59.0794;0.0000;1;0;0;0;1;0;65566
23945;0;0;0;230;235;232;0.0000;0.0000;36.3636;7.3669;59.0794;0.0000;1;0;0;0;1;0;65566
23955;0;0;0;230;235;232;0.0000;0.0000;36.3636;7.3669;59.0794;0.0000;1;0;0;0;1;0;65566
23965;0;0;0;230;235;232;0.0000;0.0000;36.3636;7.3669;59.0794;0.0000;1;0;0;0;1;0;65566
23976;0;0;0;230;235;232;0.0000;0.0000;36.3636;7.3669;59.0794;0.0000;1;0;0;0;1;0;65536
23986;0;0;0;230;235;232;0.0000;0.0000;36.3636;7.3669;59.0794;0.0000;1;0;0;0;1;0;65536
23997;0;0;0;230;235;232;0.0000;0.0000;36.3636;7.3669;59.0794;0.0000;1;0;0;0;1;0;65536
24007;0;0;0;230;235;232;0.0000;0.0000;36.3636;7.3669;59.0794;0.0000;1;0;0;0;1;0;65536
24018;0;0;0;230;235;232;0.0000;0.0000;36.3636;7.3669;59.0794;0.0000;1;0;0;0;1;0;65536
24028;0;0;0;230;235;232;0.0000;0.0000;36.3636;7.3669;59.0794;0.0000;1;0;0;0;1;0;65536
24039;0;0;0;230;235;232;0.0000;0.0000;36.3636;7.3669;59.0794;0.0000;1;0;0;0;1;0;65536
24050;0;0;0;230;235;232;0.0000;0.0000;36.3636;7.3669;59.0794;0.0000;1;0;0;0;1;0;65536
24061;0;0;0;230;235;232;0.0000;0.0000;36.3636;7.3669;59.0794;0.0000;1;0;0;0;1;0;65536
24071;0;0;0;230;235;232;0.0000;0.0000;36.3636;7.3669;59.0794;0.0000;1;0;0;0;1;0;65536
24082;0;0;0;230;235;232;0.0000;0.0000;36.3636;7.3669;59.0794;0.0000;1;0;0;0;1;0;65536
24092;0;0;0;230;235;232;0.0000;0.0000;36.3636;7.3669;59.0794;0.0000;1;0;0;0;1;0;65536
24102;0;0;0;230;235;232;0.0000;0.0000;36.3636;7.3669;59.0794;0.0000;1;0;0;0;1;0;65536
24113;0;0;0;230;235;232;0.0000;0.0000;36.3636;7.3669;59.0794;0.0000;1;0;0;0;1;0;65536
24123;0;0;0;230;235;232;0.0000;0.0000;36.3636;7.3669;59.0794;0.0000;1;0;0;0;1;0;65536
24134;0;0;0;230;235;232;0.0000;0.0000;36.3636;7.3669;59.0794;0.0000;1;0;0;0;1;0;65536
24144;0;0;0;230;235;232;0.0000;0.0000;36.3636;7.3669;59.0794;0.0000;1;0;0;0;1;0;65536
24154;0;0;0;230;235;232;0.0000;0.0000;36.3636;7.3669;59.0794;0.0000;1;0;0;0;1;0;65536
24164;0;0;0;230;235;232;0.0000;0.0000;36.3636;7.3669;59.0794;0.0000;1;0;0;0;1;0;65536
24175;0;0;0;230;235;232;0.0000;0.0000;36.3636;7.3669;59.0794;0.0000;1;0;0;0;1;0;65536
24185;0;0;0;230;235;232;0.0000;0.0000;36.3636;7.3669;59.0794;0.0000;1;0;0;0;1;0;65536
24195;0;0;0;230;235;232;0.0000;0.0000;20.0000;7.3636;59.0806;0.0000;1;0;0;0;1;0;65536
24206;0;0;0;230;235;232;0.0000;0.0000;20.0000;7.3636;59.0806;0.0000;1;0;0;0;1;0;65536
24216;0;0;0;230;235;232;0.0000;0.0000;20.0000;7.3636;59.0806;0.0000;1;0;0;0;1;0;65536
24226;0;0;0;230;235;232;0.0000;0.0000;20.0000;7.3636;59.0806;0.0000;1;0;0;0;1;0;65536
24237;0;0;0;230;235;232;0.0000;0.0000;20.0000;7.3636;59.0806;0.0000;1;0;0;0;1;0;65536
24247;0;0;0;230;235;232;0.0000;0.0000;20.0000;7.3636;59.0806;0.0000;1;0;0;0;1;0;65536
24258;0;0;0;230;235;232;0.0000;0.0000;20.0000;7.3636;59.0806;0.0000;1;0;0;0;1;0;65536
24268;0;0;0;230;235;232;0.0000;0.0000;20.0000;7.3636;59.0806;0.0000;1;0;0;0;1;0;65536
24279;0;0;0;230;235;232;0.0000;0.0000;20.0000;7.3636;59.0806;0.0000;1;0;0;0;1;0;65536
24289;0;0;0;230;235;232;0.0000;0.0000;20.0000;7.3636;59.0806;0.0000;1;0;0;0;1;0;65540
24300;0;0;0;230;235;232;0.0000;0.0000;20.0000;7.3636;59.0806;0.0000;1;0;0;0;1;0;65540
24310;0;0;0;230;235;232;0.0000;0.0000;20.0000;7.3636;59.0806;0.0000;1;0;0;0;1;0;65540
24321;0;0;0;230;235;232;0.0000;0.0000;20.0000;7.3636;59.0806;0.0000;1;0;0;0;1;0;65540
24331;0;0;0;230;235;232;0.0000;0.0000;20.0000;7.3636;59.0806;0.0000;1;0;0;0;1;0;65540
24341;0;0;0;230;235;232;0.0000;0.0000;20.0000;7.3636;59.0806;0.0000;1;0;0;0;1;0;65540
24352;0;0;0;230;235;232;0.0000;0.0000;20.0000;7.3636;59.0806;0.0000;1;0;0;0;1;0;65540
24362;0;0;0;230;235;232;0.0000;0.0000;20.0000;7.3636;59.0806;0.0000;1;0;0;0;1;0;65540
24372;0;0;0;230;235;232;0.0000;0.0000;20.0000;7.3636;59.0806;0.0000;1;0;0;0;1;0;65540
24382;0;0;0;230;235;232;0.0000;0.0000;20.0000;7.3636;59.0806;0.0000;1;0;0;0;1;0;65540
24393;0;0;0;230;235;232;0.0000;0.0000;20.0000;7.3636;59.0806;0.0000;1;0;0;0;1;0;65540
24404;0;0;0;230;235;232;0.0000;0.0000;20.0000;7.3636;59.0806;0.0000;1;0;0;0;1;0;65540
24414;0;0;0;230;235;232;0.0000;0.0000;20.0000;7.3636;59.0806;0.0000;1;0;0;0;1;0;65540
24425;0;0;0;230;235;232;0.0000;0.0000;20.0000;7.3636;59.0806;0.0000;1;0;0;0;1;0;65540
24435;0;0;0;230;235;232;0.0000;0.0000;20.0000;7.3636;59.0806;0.0000;1;0;0;0;1;0;65540
24446;0;0;0;230;235;232;0.0000;0.0000;20.0000;7.3636;59.0806;0.0000;1;0;0;0;1;0;65540
24457;0;0;0;230;235;232;0.0000;0.0000;20.0000;7.3636;59.0806;0.0000;1;0;0;0;1;0;65540
24467;0;0;0;230;235;232;0.0000;0.0000;20.0000;7.3636;59.0806;0.0000;1;0;0;0;1;0;65540
24477;0;0;0;230;235;232;0.0000;0.0000;20.0000;7.3636;59.0806;0.0000;1;0;0;0;1;0;65540
24488;0;0;0;230;235;232;0.0000;0.0000;20.0000;7.3636;59.0806;0.0000;1;0;0;0;1;0;65550
24499;0;0;0;230;235;232;0.0000;0.0000;20.0000;7.3636;59.0806;0.0000;1;0;0;0;1;0;65566
24509;0;0;0;230;235;232;0.0000;0.0000;20.0000;7.3636;59.0806;0.0000;1;0;0;0;1;0;65566
24520;0;0;0;230;235;232;0.0000;0.0000;20.0000;7.3636;59.0806;0.0000;1;0;0;0;1;0;65566
24530;0;0;0;230;235;232;0.0000;0.0000;20.0000;7.3636;59.0806;0.0000;1;0;0;0;1;0;65566
24540;0;0;0;230;235;232;0.0000;0.0000;20.0000;7.3636;59.0806;0.0000;1;0;0;0;1;0;65566
24551;0;0;0;230;235;232;0.0000;0.0000;20.0000;7.3636;59.0806;0.0000;1;0;0;0;1;0;65566
24561;0;0;0;230;235;232;0.0000;0.0000;20.0000;7.3636;59.0806;0.0000;1;0;0;0;1;0;65566
24571;0;0;0;230;235;232;0.0000;0.0000;20.0000;7.3636;59.0806;0.0000;1;0;0;0;1;0;65566
24582;0;0;0;230;235;232;0.0000;0.0000;20.0000;7.3636;59.0806;0.0000;1;0;0;0;1;0;65566
24594;0;0;0;230;235;232;0.0000;0.0000;20.0000;7.3636;59.0806;0.0000;1;0;0;0;1;0;65566
24604;0;0;0;230;235;232;0.0000;0.0000;20.0000;7.3636;59.0806;0.0000;1;0;0;0;1;0;65566
24615;0;0;0;230;235;232;0.0000;0.0000;20.0000;7.3636;59.0806;0.0000;1;0;0;0;1;0;65566
24625;0;0;0;230;235;232;0.0000;0.0000;20.0000;7.3636;59.0806;0.0000;1;0;0;0;1;0;65566
24635;0;0;0;230;235;232;0.0000;0.0000;20.0000;7.3636;59.0806;0.0000;1;0;0;0;1;0;65566
24645;0;0;0;230;235;232;0.0000;0.0000;20.0000;7.3636;59.0806;0.0000;1;0;0;0;1;0;65566
24656;0;0;0;230;235;232;0.0000;0.0000;20.0000;7.3636;59.0806;0.0000;1;0;0;0;1;0;65566
24666;0;0;0;230;235;232;0.0000;0.0000;20.0000;7.3636;59.0806;0.0000;1;0;0;0;1;0;65566
24676;0;0;0;230;235;232;0.0000;0.0000;20.0000;7.3636;59.0806;0.0000;1;0;0;0;1;0;65566
24687;0;0;0;230;235;232;0.0000;0.0000;20.0000;7.3636;59.0806;0.0000;1;0;0;0;1;0;65566
24697;0;0;0;230;235;232;0.0000;0.0000;20.0000;7.3636;59.0806;0.0000;1;0;0;0;1;0;65566
24708;0;0;0;230;235;232;0.0000;0.0000;20.0000;7.3636;59.0806;0.0000;1;0;0;0;1;0;65566
24718;0;0;0;230;235;232;0.0000;0.0000;20.0000;7.3636;59.0806;0.0000;1;0;0;0;1;0;65566
24728;0;0;0;230;235;232;0.0000;0.0000;20.0000;7.3636;59.0806;0.0000;1;0;0;0;1;0;65566
24739;0;0;0;230;235;232;0.0000;0.0000;20.0000;7.3636;59.0806;0.0000;1;0;0;0;1;0;65566
24749;0;0;0;230;235;232;0.0000;0.0000;20.0000;7.3636;59.0806;0.0000;1;0;0;0;1;0;65566
24759;0;0;0;230;235;232;0.0000;0.0000;20.0000;7.3636;59.0806;0.0000;1;0;0;0;1;0;65566
24770;0;0;0;230;235;232;0.0000;0.0000;20.0000;7.3636;59.0806;0.0000;1;0;0;0;1;0;65566
24780;0;0;0;230;235;232;0.0000;0.0000;20.0000;7.3636;59.0806;0.0000;1;0;0;0;1;0;65566
24790;0;0;0;230;235;232;0.0000;0.0000;20.0000;7.3636;59.0806;0.0000;1;0;0;0;1;0;65566
24801;0;0;0;230;235;232;0.0000;0.0000;20.0000;7.3636;59.0806;0.0000;1;0;0;0;1;0;65566
24811;0;0;0;230;235;232;0.0000;0.0000;20.0000;7.3636;59.0806;0.0000;1;0;0;0;1;0;65566
24822;0;0;0;230;235;232;0.0000;0.0000;20.0000;7.3636;59.0806;0.0000;1;0;0;0;1;0;65566
24832;0;0;0;230;235;232;0.0000;0.0000;20.0000;7.3636;59.0806;0.0000;1;0;0;0;1;0;65566
24842;0;0;0;230;235;232;0.0000;0.0000;20.0000;7.3636;59.0806;0.0000;1;0;0;0;1;0;65566
24853;0;0;0;230;235;232;0.0000;0.0000;20.0000;7.3636;59.0806;0.0000;1;0;0;0;1;0;65566
24863;0;0;0;230;235;232;0.0000;0.0000;20.0000;7.3636;59.0806;0.0000;1;0;0;0;1;0;65566
24873;0;0;0;230;235;232;0.0000;0.0000;20.0000;7.3636;59.0806;0.0000;1;0;0;0;1;0;65566
24883;0;0;0;230;235;232;0.0000;0.0000;20.0000;7.3636;59.0806;0.0000;1;0;0;0;1;0;65566
24894;0;0;0;230;235;232;0.0000;0.0000;20.0000;7.3636;59.0806;0.0000;1;0;0;0;1;0;65566
24904;0;0;0;230;235;232;0.0000;0.0000;20.0000;7.3636;59.0806;0.0000;1;0;0;0;1;0;65566
24915;0;0;0;230;235;232;0.0000;0.0000;20.0000;7.3636;59.0806;0.0000;1;0;0;0;1;0;65566
24925;0;0;0;230;235;232;0.0000;0.0000;20.0000;7.3636;59.0806;0.0000;1;0;0;0;1;0;65566
24935;0;0;0;230;235;232;0.0000;0.0000;20.0000;7.3636;59.0806;0.0000;1;0;0;0;1;0;65566
24945;0;0;0;230;235;232;0.0000;0.0000;20.0000;7.3636;59.0806;0.0000;1;0;0;0;1;0;65566
24956;0;0;0;230;235;232;0.0000;0.0000;20.0000;7.3636;59.0806;0.0000;1;0;0;0;1;0;65566
24966;0;0;0;230;235;232;0.0000;0.0000;20.0000;7.3636;59.0806;0.0000;1;0;0;0;1;0;65566
24976;0;0;0;230;235;232;0.0000;0.0000;20.0000;7.3636;59.0806;0.0000;1;0;0;0;1;0;65566
24987;0;0;0;230;235;232;0.0000;0.0000;20.0000;7.3636;59.0806;0.0000;1;0;0;0;1;0;65566
24997;0;0;0;230;235;232;0.0000;0.0000;20.0000;7.3636;59.0806;0.0000;1;0;0;0;1;0;65566
25008;0;0;0;230;235;232;0.0000;0.0000;20.0000;7.3636;59.0806;0.0000;1;0;0;0;1;0;65552
25019;0;0;0;230;235;232;0.0000;0.0000;20.0000;7.3636;59.0806;0.0000;1;0;0;0;1;0;65536
25029;0;0;0;230;235;232;0.0000;0.0000;20.0000;7.3636;59.0806;0.0000;1;0;0;0;1;0;65536
25040;0;0;0;230;235;232;0.0000;0.0000;20.0000;7.3636;59.0806;0.0000;1;0;0;0;1;0;65536
25050;0;0;0;230;235;232;0.0000;0.0000;20.0000;7.3636;59.0806;0.0000;1;0;0;0;1;0;65536
25060;0;0;0;230;235;232;0.0000;0.0000;20.0000;7.3636;59.0806;0.0000;1;0;0;0;1;0;65536
25071;0;0;0;230;235;232;0.0000;0.0000;20.0000;7.3636;59.0806;0.0000;1;0;0;0;1;0;65536
25082;0;0;0;230;235;232;0.0000;0.0000;20.0000;7.3636;59.0806;0.0000;1;0;0;0;1;0;65536
25092;0;0;0;230;235;232;0.0000;0.0000;20.0000;7.3636;59.0806;0.0000;1;0;0;0;1;0;65536
25104;0;0;0;230;235;232;0.0000;0.0000;20.0000;7.3636;59.0806;0.0000;1;0;0;0;1;0;65536
25114;0;0;0;230;235;232;0.0000;0.0000;20.0000;7.3636;59.0806;0.0000;1;0;0;0;1;0;65536
25124;0;0;0;230;235;232;0.0000;0.0000;20.0000;7.3636;59.0806;0.0000;1;0;0;0;1;0;65536
25135;0;0;0;230;235;232;0.0000;0.0000;20.0000;7.3636;59.0806;0.0000;1;0;0;0;1;0;65536
25145;0;0;0;230;235;232;0.0000;0.0000;20.0000;7.3636;59.0806;0.0000;1;0;0;0;1;0;65536
25155;0;0;0;230;235;232;0.0000;0.0000;20.0000;7.3636;59.0806;0.0000;1;0;0;0;1;0;65536
25166;0;0;0;230;235;232;0.0000;0.0000;20.0000;7.3636;59.0806;0.0000;1;0;0;0;1;0;65536
25176;0;0;0;230;235;232;0.0000;0.0000;20.0000;7.3636;59.0806;0.0000;1;0;0;0;1;0;65536
25186;0;0;0;230;235;232;0.0000;0.0000;20.0000;7.3636;59.0806;0.0000;1;0;0;0;1;0;65536
25196;0;0;0;230;235;232;0.0000;0.0000;40.0000;7.3620;59.0818;0.0000;1;0;0;0;1;0;65536
25207;0;0;0;230;235;232;0.0000;0.0000;40.0000;7.3620;59.0818;0.0000;1;0;0;0;1;0;65536
25217;0;0;0;230;235;232;0.0000;0.0000;40.0000;7.3620;59.0818;0.0000;1;0;0;0;1;0;65536
25228;0;0;0;230;235;232;0.0000;0.0000;40.0000;7.3620;59.0818;0.0000;1;0;0;0;1;0;65536
25238;0;0;0;230;235;232;0.0000;0.0000;40.0000;7.3620;59.0818;0.0000;1;0;0;0;1;0;65536
25248;0;0;0;230;235;232;0.0000;0.0000;40.0000;7.3620;59.0818;0.0000;1;0;0;0;1;0;65536
25259;0;0;0;230;235;232;0.0000;0.0000;40.0000;7.3620;59.0818;0.0000;1;0;0;0;1;0;65536
25269;0;0;0;230;235;232;0.0000;0.0000;40.0000;7.3620;59.0818;0.0000;1;0;0;0;1;0;65536
25280;0;0;0;230;235;232;0.0000;0.0000;40.0000;7.3620;59.0818;0.0000;1;0;0;0;1;0;65536
25290;0;0;0;230;235;232;0.0000;0.0000;40.0000;7.3620;59.0818;0.0000;1;0;0;0;1;0;65536
25301;0;0;0;230;235;232;0.0000;0.0000;40.0000;7.3620;59.0818;0.0000;1;0;0;0;1;0;65536
25311;0;0;0;230;235;232;0.0000;0.0000;40.0000;7.3620;59.0818;0.0000;1;0;0;0;1;0;65536
25321;0;0;0;230;235;232;0.0000;0.0000;40.0000;7.3620;59.0818;0.0000;1;0;0;0;1;0;65540
25332;0;0;0;230;235;232;0.0000;0.0000;40.0000;7.3620;59.0818;0.0000;1;0;0;0;1;0;65540
25342;0;0;0;230;235;232;0.0000;0.0000;40.0000;7.3620;59.0818;0.0000;1;0;0;0;1;0;65540
25353;0;0;0;230;235;232;0.0000;0.0000;40.0000;7.3620;59.0818;0.0000;1;0;0;0;1;0;65540
25363;0;0;0;230;235;232;0.0000;0.0000;40.0000;7.3620;59.0818;0.0000;1;0;0;0;1;0;65540
25373;0;0;0;230;235;232;0.0000;0.0000;40.0000;7.3620;59.0818;0.0000;1;0;0;0;1;0;65540
25384;0;0;0;230;235;232;0.0000;0.0000;40.0000;7.3620;59.0818;0.0000;1;0;0;0;1;0;65540
25394;0;0;0;230;235;232;0.0000;0.0000;40.0000;7.3620;59.0818;0.0000;1;0;0;0;1;0;65540
25405;0;0;0;230;235;232;0.0000;0.0000;40.0000;7.3620;59.0818;0.0000;1;0;0;0;1;0;65540
25415;0;0;0;230;235;232;0.0000;0.0000;40.0000;7.3620;59.0818;0.0000;1;0;0;0;1;0;65540
25426;0;0;0;230;235;232;0.0000;0.0000;40.0000;7.3620;59.0818;0.0000;1;0;0;0;1;0;65550
25436;0;0;0;230;235;232;0.0000;0.0000;40.0000;7.3620;59.0818;0.0000;1;0;0;0;1;0;65550
25448;0;0;0;230;235;232;0.0000;0.0000;40.0000;7.3620;59.0818;0.0000;1;0;0;0;1;0;65550
25458;0;0;0;230;235;232;0.0000;0.0000;40.0000;7.3620;59.0818;0.0000;1;0;0;0;1;0;65550
25469;0;0;0;230;235;232;0.0000;0.0000;40.0000;7.3620;59.0818;0.0000;1;0;0;0;1;0;65550
25479;0;0;0;230;235;232;0.0000;0.0000;40.0000;7.3620;59.0818;0.0000;1;0;0;0;1;0;65550
25489;0;0;0;230;235;232;0.0000;0.0000;40.0000;7.3620;59.0818;0.0000;1;0;0;0;1;0;65550
25500;0;0;0;230;235;232;0.0000;0.0000;40.0000;7.3620;59.0818;0.0000;1;0;0;0;1;0;65550
25510;0;0;0;230;235;232;0.0000;0.0000;40.0000;7.3620;59.0818;0.0000;1;0;0;0;1;0;65550
25521;0;0;0;230;235;232;0.0000;0.0000;40.0000;7.3620;59.0818;0.0000;1;0;0;0;1;0;65550
25531;0;0;0;230;235;232;0.0000;0.0000;40.0000;7.3620;59.0818;0.0000;1;0;0;0;1;0;65566
25545;0;0;0;230;235;232;0.0000;0.0000;40.0000;7.3620;59.0818;0.0000;1;0;0;0;1;0;65566
25555;0;0;0;230;235;232;0.0000;0.0000;40.0000;7.3620;59.0818;0.0000;1;0;0;0;1;0;65566
25566;0;0;0;230;235;232;0.0000;0.0000;40.0000;7.3620;59.0818;0.0000;1;0;0;0;1;0;65566
25576;0;0;0;230;235;232;0.0000;0.0000;40.0000;7.3620;59.0818;0.0000;1;0;0;0;1;0;65566
25586;0;0;0;230;235;232;0.0000;0.0000;40.0000;7.3620;59.0818;0.0000;1;0;0;0;1;0;65566
25597;0;0;0;230;235;232;0.0000;0.0000;40.0000;7.3620;59.0818;0.0000;1;0;0;0;1;0;65566
25607;0;0;0;230;235;232;0.0000;0.0000;40.0000;7.3620;59.0818;0.0000;1;0;0;0;1;0;65566
25617;0;0;0;230;235;232;0.0000;0.0000;40.0000;7.3620;59.0818;0.0000;1;0;0;0;1;0;65566
25628;0;0;0;230;235;232;0.0000;0.0000;40.0000;7.3620;59.0818;0.0000;1;0;0;0;1;0;65566
25638;0;0;0;230;235;232;0.0000;0.0000;40.0000;7.3620;59.0818;0.0000;1;0;0;0;1;0;65566
25649;0;0;0;230;235;232;0.0000;0.0000;40.0000;7.3620;59.0818;0.0000;1;0;0;0;1;0;65566
25659;0;0;0;230;235;232;0.0000;0.0000;40.0000;7.3620;59.0818;0.0000;1;0;0;0;1;0;65566
25669;0;0;0;230;235;232;0.0000;0.0000;40.0000;7.3620;59.0818;0.0000;1;0;0;0;1;0;65566
25679;0;0;0;230;235;232;0.0000;0.0000;40.0000;7.3620;59.0818;0.0000;1;0;0;0;1;0;65566
25690;0;0;0;230;235;232;0.0000;0.0000;40.0000;7.3620;59.0818;0.0000;1;0;0;0;1;0;65566
25700;0;0;0;230;235;232;0.0000;0.0000;40.0000;7.3620;59.0818;0.0000;1;0;0;0;1;0;65566
25711;0;0;0;230;235;232;0.0000;0.0000;40.0000;7.3620;59.0818;0.0000;1;0;0;0;1;0;65566
25721;0;0;0;230;235;232;0.0000;0.0000;40.0000;7.3620;59.0818;0.0000;1;0;0;0;1;0;65566
25732;0;0;0;230;235;232;0.0000;0.0000;40.0000;7.3620;59.0818;0.0000;1;0;0;0;1;0;65566
25742;0;0;0;230;235;232;0.0000;0.0000;40.0000;7.3620;59.0818;0.0000;1;0;0;0;1;0;65566
25752;0;0;0;230;235;232;0.0000;0.0000;40.0000;7.3620;59.0818;0.0000;1;0;0;0;1;0;65566
25763;0;0;0;230;235;232;0.0000;0.0000;40.0000;7.3620;59.0818;0.0000;1;0;0;0;1;0;65566
25773;0;0;0;230;235;232;0.0000;0.0000;40.0000;7.3620;59.0818;0.0000;1;0;0;0;1;0;65566
25789;0;0;0;230;235;232;0.0000;0.0000;40.0000;7.3620;59.0818;0.0000;1;0;0;0;1;0;65566
25799;0;0;0;230;235;232;0.0000;0.0000;40.0000;7.3620;59.0818;0.0000;1;0;0;0;1;0;65566
25810;0;0;0;230;235;232;0.0000;0.0000;40.0000;7.3620;59.0818;0.0000;1;0;0;0;1;0;65566
25821;0;0;0;230;235;232;0.0000;0.0000;40.0000;7.3620;59.0818;0.0000;1;0;0;0;1;0;65566
25831;0;0;0;230;235;232;0.0000;0.0000;40.0000;7.3620;59.0818;0.0000;1;0;0;0;1;0;65566
25841;0;0;0;230;235;232;0.0000;0.0000;40.0000;7.3620;59.0818;0.0000;1;0;0;0;1;0;65566
25852;0;0;0;230;235;232;0.0000;0.0000;40.0000;7.3620;59.0818;0.0000;1;0;0;0;1;0;65566
25862;0;0;0;230;235;232;0.0000;0.0000;40.0000;7.3620;59.0818;0.0000;1;0;0;0;1;0;65566
25872;0;0;0;230;235;232;0.0000;0.0000;40.0000;7.3620;59.0818;0.0000;1;0;0;0;1;0;65566
25882;0;0;0;230;235;232;0.0000;0.0000;40.0000;7.3620;59.0818;0.0000;1;0;0;0;1;0;65566
25893;0;0;0;230;235;232;0.0000;0.0000;40.0000;7.3620;59.0818;0.0000;1;0;0;0;1;0;65566
25903;0;0;0;230;235;232;0.0000;0.0000;40.0000;7.3620;59.0818;0.0000;1;0;0;0;1;0;65566
25914;0;0;0;230;235;232;0.0000;0.0000;40.0000;7.3620;59.0818;0.0000;1;0;0;0;1;0;65566
25924;0;0;0;230;235;232;0.0000;0.0000;40.0000;7.3620;59.0818;0.0000;1;0;0;0;1;0;65566
25934;0;0;0;230;235;232;0.0000;0.0000;40.0000;7.3620;59.0818;0.0000;1;0;0;0;1;0;65566
25945;0;0;0;230;235;232;0.0000;0.0000;40.0000;7.3620;59.0818;0.0000;1;0;0;0;1;0;65566
25955;0;0;0;230;235;232;0.0000;0.0000;40.0000;7.3620;59.0818;0.0000;1;0;0;0;1;0;65566
25965;0;0;0;230;235;232;0.0000;0.0000;40.0000;7.3620;59.0818;0.0000;1;0;0;0;1;0;65566
25976;0;0;0;230;235;232;0.0000;0.0000;40.0000;7.3620;59.0818;0.0000;1;0;0;0;1;0;65566
25986;0;0;0;230;235;232;0.0000;0.0000;40.0000;7.3620;59.0818;0.0000;1;0;0;0;1;0;65566
25996;0;0;0;230;235;232;0.0000;0.0000;40.0000;7.3620;59.0818;0.0000;1;0;0;0;1;0;65566
26007;0;0;0;230;235;232;0.0000;0.0000;40.0000;7.3620;59.0818;0.0000;1;0;0;0;1;0;65566
26017;0;0;0;230;235;232;0.0000;0.0000;40.0000;7.3620;59.0818;0.0000;1;0;0;0;1;0;65566
26027;0;0;0;230;235;232;0.0000;0.0000;40.0000;7.3620;59.0818;0.0000;1;0;0;0;1;0;65566
26038;0;0;0;230;235;232;0.0000;0.0000;40.0000;7.3620;59.0818;0.0000;1;0;0;0;1;0;65560
26049;0;0;0;230;235;232;0.0000;0.0000;40.0000;7.3620;59.0818;0.0000;1;0;0;0;1;0;65536
26059;0;0;0;230;235;232;0.0000;0.0000;40.0000;7.3620;59.0818;0.0000;1;0;0;0;1;0;65536
26070;0;0;0;230;235;232;0.0000;0.0000;40.0000;7.3620;59.0818;0.0000;1;0;0;0;1;0;65536
26081;0;0;0;230;235;232;0.0000;0.0000;40.0000;7.3620;59.0818;0.0000;1;0;0;0;1;0;65536
26091;0;0;0;230;235;232;0.0000;0.0000;40.0000;7.3620;59.0818;0.0000;1;0;0;0;1;0;65536
26101;0;0;0;230;235;232;0.0000;0.0000;40.0000;7.3620;59.0818;0.0000;1;0;0;0;1;0;65536
26112;0;0;0;230;235;232;0.0000;0.0000;40.0000;7.3620;59.0818;0.0000;1;0;0;0;1;0;65536
26122;0;0;0;230;235;232;0.0000;0.0000;40.0000;7.3620;59.0818;0.0000;1;0;0;0;1;0;65536
26133;0;0;0;230;235;232;0.0000;0.0000;40.0000;7.3620;59.0818;0.0000;1;0;0;0;1;0;65536
26149;0;0;0;230;235;232;0.0000;0.0000;40.0000;7.3620;59.0818;0.0000;1;0;0;0;1;0;65536
26160;0;0;0;230;235;232;0.0000;0.0000;40.0000;7.3620;59.0818;0.0000;1;0;0;0;1;0;65536
26170;0;0;0;230;235;232;0.0000;0.0000;40.0000;7.3620;59.0818;0.0000;1;0;0;0;1;0;65536
26188;0;0;0;230;235;232;0.0000;0.0000;40.0000;7.3620;59.0818;0.0000;1;0;0;0;1;0;65536
26199;0;0;0;230;235;232;0.0000;0.0000;40.0000;7.3604;59.0831;0.0000;1;0;0;0;1;0;65536
26209;0;0;0;230;235;232;0.0000;0.0000;40.0000;7.3604;59.0831;0.0000;1;0;0;0;1;0;65536
26220;0;0;0;230;235;232;0.0000;0.0000;40.0000;7.3604;59.0831;0.0000;1;0;0;0;1;0;65536
26230;0;0;0;230;235;232;0.0000;0.0000;40.0000;7.3604;59.0831;0.0000;1;0;0;0;1;0;65536
26241;0;0;0;230;235;232;0.0000;0.0000;40.0000;7.3604;59.0831;0.0000;1;0;0;0;1;0;65536
26252;0;0;0;230;235;232;0.0000;0.0000;40.0000;7.3604;59.0831;0.0000;1;0;0;0;1;0;65536
26262;0;0;0;230;235;232;0.0000;0.0000;40.0000;7.3604;59.0831;0.0000;1;0;0;0;1;0;65536
26273;0;0;0;230;235;232;0.0000;0.0000;40.0000;7.3604;59.0831;0.0000;1;0;0;0;1;0;65536
26283;0;0;0;230;235;232;0.0000;0.0000;40.0000;7.3604;59.0831;0.0000;1;0;0;0;1;0;65536
26293;0;0;0;230;235;232;0.0000;0.0000;40.0000;7.3604;59.0831;0.0000;1;0;0;0;1;0;65536
26304;0;0;0;230;235;232;0.0000;0.0000;40.0000;7.3604;59.0831;0.0000;1;0;0;0;1;0;65536
26314;0;0;0;230;235;232;0.0000;0.0000;40.0000;7.3604;59.0831;0.0000;1;0;0;0;1;0;65536
26325;0;0;0;230;235;232;0.0000;0.0000;40.0000;7.3604;59.0831;0.0000;1;0;0;0;1;0;65536
26336;0;0;0;230;235;232;0.0000;0.0000;40.0000;7.3604;59.0831;0.0000;1;0;0;0;1;0;65536
26346;0;0;0;230;235;232;0.0000;0.0000;40.0000;7.3604;59.0831;0.0000;1;0;0;0;1;0;65536
26357;0;0;0;230;235;232;0.0000;0.0000;40.0000;7.3604;59.0831;0.0000;1;0;0;0;1;0;65540
26367;0;0;0;230;235;232;0.0000;0.0000;40.0000;7.3604;59.0831;0.0000;1;0;0;0;1;0;65540
26377;0;0;0;230;235;232;0.0000;0.0000;40.0000;7.3604;59.0831;0.0000;1;0;0;0;1;0;65540
26388;0;0;0;230;235;232;0.0000;0.0000;40.0000;7.3604;59.0831;0.0000;1;0;0;0;1;0;65540
26398;0;0;0;230;235;232;0.0000;0.0000;40.0000;7.3604;59.0831;0.0000;1;0;0;0;1;0;65540
26409;0;0;0;230;235;232;0.0000;0.0000;40.0000;7.3604;59.0831;0.0000;1;0;0;0;1;0;65540
26420;0;0;0;230;235;232;0.0000;0.0000;40.0000;7.3604;59.0831;0.0000;1;0;0;0;1;0;65540
26430;0;0;0;230;235;232;0.0000;0.0000;40.0000;7.3604;59.0831;0.0000;1;0;0;0;1;0;65540
26441;0;0;0;230;235;232;0.0000;0.0000;40.0000;7.3604;59.0831;0.0000;1;0;0;0;1;0;65540
26452;0;0;0;230;235;232;0.0000;0.0000;40.0000;7.3604;59.0831;0.0000;1;0;0;0;1;0;65540
26462;0;0;0;230;235;232;0.0000;0.0000;40.0000;7.3604;59.0831;0.0000;1;0;0;0;1;0;65566
26473;0;0;0;230;235;232;0.0000;0.0000;40.0000;7.3604;59.0831;0.0000;1;0;0;0;1;0;65566
26483;0;0;0;230;235;232;0.0000;0.0000;40.0000;7.3604;59.0831;0.0000;1;0;0;0;1;0;65566
26493;0;0;0;230;235;232;0.0000;0.0000;40.0000;7.3604;59.0831;0.0000;1;0;0;0;1;0;65566
26504;0;0;0;230;235;232;0.0000;0.0000;40.0000;7.3604;59.0831;0.0000;1;0;0;0;1;0;65566
26514;0;0;0;230;235;232;0.0000;0.0000;40.0000;7.3604;59.0831;0.0000;1;0;0;0;1;0;65566
26524;0;0;0;230;235;232;0.0000;0.0000;40.0000;7.3604;59.0831;0.0000;1;0;0;0;1;0;65566
26535;0;0;0;230;235;232;0.0000;0.0000;40.0000;7.3604;59.0831;0.0000;1;0;0;0;1;0;65566
26545;0;0;0;230;235;232;0.0000;0.0000;40.0000;7.3604;59.0831;0.0000;1;0;0;0;1;0;65566
26556;0;0;0;230;235;232;0.0000;0.0000;40.0000;7.3604;59.0831;0.0000;1;0;0;0;1;0;65566
26566;0;0;0;230;235;232;0.0000;0.0000;40.0000;7.3604;59.0831;0.0000;1;0;0;0;1;0;65566
26576;0;0;0;230;235;232;0.0000;0.0000;40.0000;7.3604;59.0831;0.0000;1;0;0;0;1;0;65566
26587;0;0;0;230;235;232;0.0000;0.0000;40.0000;7.3604;59.0831;0.0000;1;0;0;0;1;0;65566
26597;0;0;0;230;235;232;0.0000;0.0000;40.0000;7.3604;59.0831;0.0000;1;0;0;0;1;0;65566
26607;0;0;0;230;235;232;0.0000;0.0000;40.0000;7.3604;59.0831;0.0000;1;0;0;0;1;0;65566
26618;0;0;0;230;235;232;0.0000;0.0000;40.0000;7.3604;59.0831;0.0000;1;0;0;0;1;0;65566
26628;0;0;0;230;235;232;0.0000;0.0000;40.0000;7.3604;59.0831;0.0000;1;0;0;0;1;0;65566
26639;0;0;0;230;235;232;0.0000;0.0000;40.0000;7.3604;59.0831;0.0000;1;0;0;0;1;0;65566
26649;0;0;0;230;235;232;0.0000;0.0000;40.0000;7.3604;59.0831;0.0000;1;0;0;0;1;0;65566
26664;0;0;0;230;235;232;0.0000;0.0000;40.0000;7.3604;59.0831;0.0000;1;0;0;0;1;0;65566
26674;0;0;0;230;235;232;0.0000;0.0000;40.0000;7.3604;59.0831;0.0000;1;0;0;0;1;0;65566
26685;0;0;0;230;235;232;0.0000;0.0000;40.0000;7.3604;59.0831;0.0000;1;0;0;0;1;0;65566
26695;0;0;0;230;235;232;0.0000;0.0000;40.0000;7.3604;59.0831;0.0000;1;0;0;0;1;0;65566
26705;0;0;0;230;235;232;0.0000;0.0000;40.0000;7.3604;59.0831;0.0000;1;0;0;0;1;0;65566
26716;0;0;0;230;235;232;0.0000;0.0000;40.0000;7.3604;59.0831;0.0000;1;0;0;0;1;0;65566
26726;0;0;0;230;235;232;0.0000;0.0000;40.0000;7.3604;59.0831;0.0000;1;0;0;0;1;0;65566
26736;0;0;0;230;235;232;0.0000;0.0000;40.0000;7.3604;59.0831;0.0000;1;0;0;0;1;0;65566
26747;0;0;0;230;235;232;0.0000;0.0000;40.0000;7.3604;59.0831;0.0000;1;0;0;0;1;0;65566
26757;0;0;0;230;235;232;0.0000;0.0000;40.0000;7.3604;59.0831;0.0000;1;0;0;0;1;0;65566
26768;0;0;0;230;235;232;0.0000;0.0000;40.0000;7.3604;59.0831;0.0000;1;0;0;0;1;0;65566
26779;0;0;0;230;235;232;0.0000;0.0000;40.0000;7.3604;59.0831;0.0000;1;0;0;0;1;0;65566
26789;0;0;0;230;235;232;0.0000;0.0000;40.0000;7.3604;59.0831;0.0000;1;0;0;0;1;0;65566
26799;0;0;0;230;235;232;0.0000;0.0000;40.0000;7.3604;59.0831;0.0000;1;0;0;0;1;0;65566
26809;0;0;0;230;235;232;0.0000;0.0000;40.0000;7.3604;59.0831;0.0000;1;0;0;0;1;0;65566
26820;0;0;0;230;235;232;0.0000;0.0000;40.0000;7.3604;59.0831;0.0000;1;0;0;0;1;0;65566
26830;0;0;0;230;235;232;0.0000;0.0000;40.0000;7.3604;59.0831;0.0000;1;0;0;0;1;0;65566
26841;0;0;0;230;235;232;0.0000;0.0000;40.0000;7.3604;59.0831;0.0000;1;0;0;0;1;0;65566
26851;0;0;0;230;235;232;0.0000;0.0000;40.0000;7.3604;59.0831;0.0000;1;0;0;0;1;0;65566
26861;0;0;0;230;235;232;0.0000;0.0000;40.0000;7.3604;59.0831;0.0000;1;0;0;0;1;0;65566
26871;0;0;0;230;235;232;0.0000;0.0000;40.0000;7.3604;59.0831;0.0000;1;0;0;0;1;0;65566
26882;0;0;0;230;235;232;0.0000;0.0000;40.0000;7.3604;59.0831;0.0000;1;0;0;0;1;0;65566
26892;0;0;0;230;235;232;0.0000;0.0000;40.0000;7.3604;59.0831;0.0000;1;0;0;0;1;0;65566
26903;0;0;0;230;235;232;0.0000;0.0000;40.0000;7.3604;59.0831;0.0000;1;0;0;0;1;0;65566
26914;0;0;0;230;235;232;0.0000;0.0000;40.0000;7.3604;59.0831;0.0000;1;0;0;0;1;0;65566
26924;0;0;0;230;235;232;0.0000;0.0000;40.0000;7.3604;59.0831;0.0000;1;0;0;0;1;0;65566
26935;0;0;0;230;235;232;0.0000;0.0000;40.0000;7.3604;59.0831;0.0000;1;0;0;0;1;0;65566
26945;0;0;0;230;235;232;0.0000;0.0000;40.0000;7.3604;59.0831;0.0000;1;0;0;0;1;0;65566
26955;0;0;0;230;235;232;0.0000;0.0000;40.0000;7.3604;59.0831;0.0000;1;0;0;0;1;0;65566
26966;0;0;0;230;235;232;0.0000;0.0000;40.0000;7.3604;59.0831;0.0000;1;0;0;0;1;0;65566
26977;0;0;0;230;235;232;0.0000;0.0000;40.0000;7.3604;59.0831;0.0000;1;0;0;0;1;0;65536
26988;0;0;0;230;235;232;0.0000;0.0000;40.0000;7.3604;59.0831;0.0000;1;0;0;0;1;0;65536
26998;0;0;0;230;235;232;0.0000;0.0000;40.0000;7.3604;59.0831;0.0000;1;0;0;0;1;0;65536
27008;0;0;0;230;235;232;0.0000;0.0000;40.0000;7.3604;59.0831;0.0000;1;0;0;0;1;0;65536
27019;0;0;0;230;235;232;0.0000;0.0000;40.0000;7.3604;59.0831;0.0000;1;0;0;0;1;0;65536
27030;0;0;0;230;235;232;0.0000;0.0000;40.0000;7.3604;59.0831;0.0000;1;0;0;0;1;0;65536
27040;0;0;0;230;235;232;0.0000;0.0000;40.0000;7.3604;59.0831;0.0000;1;0;0;0;1;0;65536
27050;0;0;0;230;235;232;0.0000;0.0000;40.0000;7.3604;59.0831;0.0000;1;0;0;0;1;0;65536
27061;0;0;0;230;235;232;0.0000;0.0000;40.0000;7.3604;59.0831;0.0000;1;0;0;0;1;0;65536
27071;0;0;0;230;235;232;0.0000;0.0000;40.0000;7.3604;59.0831;0.0000;1;0;0;0;1;0;65536
27081;0;0;0;230;235;232;0.0000;0.0000;40.0000;7.3604;59.0831;0.0000;1;0;0;0;1;0;65536
27092;0;0;0;230;235;232;0.0000;0.0000;40.0000;7.3604;59.0831;0.0000;1;0;0;0;1;0;65536
27102;0;0;0;230;235;232;0.0000;0.0000;40.0000;7.3604;59.0831;0.0000;1;0;0;0;1;0;65536
27113;0;0;0;230;235;232;0.0000;0.0000;40.0000;7.3604;59.0831;0.0000;1;0;0;0;1;0;65536
27123;0;0;0;230;235;232;0.0000;0.0000;40.0000;7.3604;59.0831;0.0000;1;0;0;0;1;0;65536
27134;0;0;0;230;235;232;0.0000;0.0000;40.0000;7.3604;59.0831;0.0000;1;0;0;0;1;0;65536
27144;0;0;0;230;235;232;0.0000;0.0000;40.0000;7.3604;59.0831;0.0000;1;0;0;0;1;0;65536
27154;0;0;0;230;235;232;0.0000;0.0000;40.0000;7.3604;59.0831;0.0000;1;0;0;0;1;0;65536
27164;0;0;0;230;235;232;0.0000;0.0000;40.0000;7.3604;59.0831;0.0000;1;0;0;0;1;0;65536
27175;0;0;0;230;235;232;0.0000;0.0000;40.0000;7.3604;59.0831;0.0000;1;0;0;0;1;0;65536
27185;0;0;0;230;235;232;0.0000;0.0000;40.0000;7.3604;59.0831;0.0000;1;0;0;0;1;0;65536
27195;0;0;0;230;235;232;0.0000;0.0000;18.1818;7.3588;59.0843;0.0000;1;0;0;0;1;0;65536
27206;0;0;0;230;235;232;0.0000;0.0000;18.1818;7.3588;59.0843;0.0000;1;0;0;0;1;0;65536
27216;0;0;0;230;235;232;0.0000;0.0000;18.1818;7.3588;59.0843;0.0000;1;0;0;0;1;0;65536
27227;0;0;0;230;235;232;0.0000;0.0000;18.1818;7.3588;59.0843;0.0000;1;0;0;0;1;0;65536
27238;0;0;0;230;235;232;0.0000;0.0000;18.1818;7.3588;59.0843;0.0000;1;0;0;0;1;0;65536
27248;0;0;0;230;235;232;0.0000;0.0000;18.1818;7.3588;59.0843;0.0000;1;0;0;0;1;0;65536
27258;0;0;0;230;235;232;0.0000;0.0000;18.1818;7.3588;59.0843;0.0000;1;0;0;0;1;0;65536
27269;0;0;0;230;235;232;0.0000;0.0000;18.1818;7.3588;59.0843;0.0000;1;0;0;0;1;0;65536
27279;0;0;0;227;235;232;0.0000;0.0000;18.1818;7.3588;59.0843;0.0000;1;0;0;0;1;0;65536
27290;0;0;0;227;235;232;0.0000;0.0000;18.1818;7.3588;59.0843;0.0000;1;0;0;0;1;0;65540
27300;0;0;0;227;235;232;0.0000;0.0000;18.1818;7.3588;59.0843;0.0000;1;0;0;0;1;0;65540
27311;0;0;0;227;235;232;0.0000;0.0000;18.1818;7.3588;59.0843;0.0000;1;0;0;0;1;0;65540
27321;0;0;0;227;235;232;0.0000;0.0000;18.1818;7.3588;59.0843;0.0000;1;0;0;0;1;0;65540
27332;0;0;0;227;235;232;0.0000;0.0000;18.1818;7.3588;59.0843;0.0000;1;0;0;0;1;0;65540
27342;0;0;0;227;235;232;0.0000;0.0000;18.1818;7.3588;59.0843;0.0000;1;0;0;0;1;0;65540
27352;0;0;0;227;235;232;0.0000;0.0000;18.1818;7.3588;59.0843;0.0000;1;0;0;0;1;0;65540
27363;0;0;0;227;235;232;0.0000;0.0000;18.1818;7.3588;59.0843;0.0000;1;0;0;0;1;0;65540
27373;0;0;0;227;235;232;0.0000;0.0000;18.1818;7.3588;59.0843;0.0000;1;0;0;0;1;0;65540
27383;0;0;0;227;235;232;0.0000;0.0000;18.1818;7.3588;59.0843;0.0000;1;0;0;0;1;0;65540
27393;0;0;0;227;235;232;0.0000;0.0000;18.1818;7.3588;59.0843;0.0000;1;0;0;0;1;0;65540
27404;0;0;0;227;235;232;0.0000;0.0000;18.1818;7.3588;59.0843;0.0000;1;0;0;0;1;0;65540
27414;0;0;0;227;235;232;0.0000;0.0000;18.1818;7.3588;59.0843;0.0000;1;0;0;0;1;0;65540
27425;0;0;0;227;235;232;0.0000;0.0000;18.1818;7.3588;59.0843;0.0000;1;0;0;0;1;0;65540
27435;0;0;0;227;235;232;0.0000;0.0000;18.1818;7.3588;59.0843;0.0000;1;0;0;0;1;0;65540
27446;0;0;0;227;235;232;0.0000;0.0000;18.1818;7.3588;59.0843;0.0000;1;0;0;0;1;0;65540
27457;0;0;0;227;235;232;0.0000;0.0000;18.1818;7.3588;59.0843;0.0000;1;0;0;0;1;0;65540
27467;0;0;0;227;235;232;0.0000;0.0000;18.1818;7.3588;59.0843;0.0000;1;0;0;0;1;0;65540
27478;0;0;0;227;235;232;0.0000;0.0000;18.1818;7.3588;59.0843;0.0000;1;0;0;0;1;0;65540
27488;0;0;0;227;235;232;0.0000;0.0000;18.1818;7.3588;59.0843;0.0000;1;0;0;0;1;0;65542
27499;0;0;0;227;235;232;0.0000;0.0000;18.1818;7.3588;59.0843;0.0000;1;0;0;0;1;0;65566
27509;0;0;0;227;235;232;0.0000;0.0000;18.1818;7.3588;59.0843;0.0000;1;0;0;0;1;0;65566
27520;0;0;0;227;235;232;0.0000;0.0000;18.1818;7.3588;59.0843;0.0000;1;0;0;0;1;0;65566
27531;0;0;0;227;235;232;0.0000;0.0000;18.1818;7.3588;59.0843;0.0000;1;0;0;0;1;0;65566
27541;0;0;0;227;235;232;0.0000;0.0000;18.1818;7.3588;59.0843;0.0000;1;0;0;0;1;0;65566
27552;0;0;0;227;235;232;0.0000;0.0000;18.1818;7.3588;59.0843;0.0000;1;0;0;0;1;0;65566
27568;0;0;0;227;235;232;0.0000;0.0000;18.1818;7.3588;59.0843;0.0000;1;0;0;0;1;0;65566
27578;0;0;0;227;235;232;0.0000;0.0000;18.1818;7.3588;59.0843;0.0000;1;0;0;0;1;0;65566
27589;0;0;0;227;235;232;0.0000;0.0000;18.1818;7.3588;59.0843;0.0000;1;0;0;0;1;0;65566
27599;0;0;0;227;235;232;0.0000;0.0000;18.1818;7.3588;59.0843;0.0000;1;0;0;0;1;0;65566
27611;0;0;0;227;235;232;0.0000;0.0000;18.1818;7.3588;59.0843;0.0000;1;0;0;0;1;0;65566
27621;0;0;0;227;235;232;0.0000;0.0000;18.1818;7.3588;59.0843;0.0000;1;0;0;0;1;0;65566
27632;0;0;0;227;235;232;0.0000;0.0000;18.1818;7.3588;59.0843;0.0000;1;0;0;0;1;0;65566
27642;0;0;0;227;235;232;0.0000;0.0000;18.1818;7.3588;59.0843;0.0000;1;0;0;0;1;0;65566
27653;0;0;0;227;235;232;0.0000;0.0000;18.1818;7.3588;59.0843;0.0000;1;0;0;0;1;0;65566
27663;0;0;0;227;235;232;0.0000;0.0000;18.1818;7.3588;59.0843;0.0000;1;0;0;0;1;0;65566
27673;0;0;0;227;235;232;0.0000;0.0000;18.1818;7.3588;59.0843;0.0000;1;0;0;0;1;0;65566
27684;0;0;0;227;235;232;0.0000;0.0000;18.1818;7.3588;59.0843;0.0000;1;0;0;0;1;0;65566
27694;0;0;0;227;235;232;0.0000;0.0000;18.1818;7.3588;59.0843;0.0000;1;0;0;0;1;0;65566
27704;0;0;0;227;235;232;0.0000;0.0000;18.1818;7.3588;59.0843;0.0000;1;0;0;0;1;0;65566
27714;0;0;0;227;235;232;0.0000;0.0000;18.1818;7.3588;59.0843;0.0000;1;0;0;0;1;0;65566
27725;0;0;0;227;235;232;0.0000;0.0000;18.1818;7.3588;59.0843;0.0000;1;0;0;0;1;0;65566
27735;0;0;0;227;235;232;0.0000;0.0000;18.1818;7.3588;59.0843;0.0000;1;0;0;0;1;0;65566
27746;0;0;0;227;235;232;0.0000;0.0000;18.1818;7.3588;59.0843;0.0000;1;0;0;0;1;0;65566
27756;0;0;0;227;235;232;0.0000;0.0000;18.1818;7.3588;59.0843;0.0000;1;0;0;0;1;0;65566
27767;0;0;0;227;235;232;0.0000;0.0000;18.1818;7.3588;59.0843;0.0000;1;0;0;0;1;0;65566
27777;0;0;0;227;235;232;0.0000;0.0000;18.1818;7.3588;59.0843;0.0000;1;0;0;0;1;0;65566
27787;0;0;0;227;235;232;0.0000;0.0000;18.1818;7.3588;59.0843;0.0000;1;0;0;0;1;0;65566
27798;0;0;0;227;235;232;0.0000;0.0000;18.1818;7.3588;59.0843;0.0000;1;0;0;0;1;0;65566
27809;0;0;0;227;235;232;0.0000;0.0000;18.1818;7.3588;59.0843;0.0000;1;0;0;0;1;0;65566
27819;0;0;0;227;235;232;0.0000;0.0000;18.1818;7.3588;59.0843;0.0000;1;0;0;0;1;0;65566
27830;0;0;0;227;235;232;0.0000;0.0000;18.1818;7.3588;59.0843;0.0000;1;0;0;0;1;0;65566
27840;0;0;0;227;235;232;0.0000;0.0000;18.1818;7.3588;59.0843;0.0000;1;0;0;0;1;0;65566
27850;0;0;0;227;235;232;0.0000;0.0000;18.1818;7.3588;59.0843;0.0000;1;0;0;0;1;0;65566
27861;0;0;0;227;235;232;0.0000;0.0000;18.1818;7.3588;59.0843;0.0000;1;0;0;0;1;0;65566
27871;0;0;0;227;235;232;0.0000;0.0000;18.1818;7.3588;59.0843;0.0000;1;0;0;0;1;0;65566
27881;0;0;0;227;235;232;0.0000;0.0000;18.1818;7.3588;59.0843;0.0000;1;0;0;0;1;0;65566
27891;0;0;0;227;235;232;0.0000;0.0000;18.1818;7.3588;59.0843;0.0000;1;0;0;0;1;0;65566
27902;0;0;0;227;235;232;0.0000;0.0000;18.1818;7.3588;59.0843;0.0000;1;0;0;0;1;0;65566
27913;0;0;0;227;235;232;0.0000;0.0000;18.1818;7.3588;59.0843;0.0000;1;0;0;0;1;0;65566
27923;0;0;0;227;235;232;0.0000;0.0000;18.1818;7.3588;59.0843;0.0000;1;0;0;0;1;0;65566
27934;0;0;0;227;235;232;0.0000;0.0000;18.1818;7.3588;59.0843;0.0000;1;0;0;0;1;0;65566
27944;0;0;0;227;235;232;0.0000;0.0000;18.1818;7.3588;59.0843;0.0000;1;0;0;0;1;0;65566
27955;0;0;0;227;235;232;0.0000;0.0000;18.1818;7.3588;59.0843;0.0000;1;0;0;0;1;0;65566
27965;0;0;0;227;235;232;0.0000;0.0000;18.1818;7.3588;59.0843;0.0000;1;0;0;0;1;0;65566
27975;0;0;0;227;235;232;0.0000;0.0000;18.1818;7.3588;59.0843;0.0000;1;0;0;0;1;0;65566
27986;0;0;0;227;235;232;0.0000;0.0000;18.1818;7.3588;59.0843;0.0000;1;0;0;0;1;0;65566
27996;0;0;0;227;235;232;0.0000;0.0000;18.1818;7.3588;59.0843;0.0000;1;0;0;0;1;0;65566
28007;0;0;0;227;235;232;0.0000;0.0000;18.1818;7.3588;59.0843;0.0000;1;0;0;0;1;0;65536
28018;0;0;0;227;235;232;0.0000;0.0000;18.1818;7.3588;59.0843;0.0000;1;0;0;0;1;0;65536
28028;0;0;0;227;235;232;0.0000;0.0000;18.1818;7.3588;59.0843;0.0000;1;0;0;0;1;0;65536
28039;0;0;0;227;235;232;0.0000;0.0000;18.1818;7.3588;59.0843;0.0000;1;0;0;0;1;0;65536
28049;0;0;0;227;235;232;0.0000;0.0000;18.1818;7.3588;59.0843;0.0000;1;0;0;0;1;0;65536
28059;0;0;0;227;235;232;0.0000;0.0000;18.1818;7.3588;59.0843;0.0000;1;0;0;0;1;0;65536
28070;0;0;0;227;235;232;0.0000;0.0000;18.1818;7.3588;59.0843;0.0000;1;0;0;0;1;0;65536
28080;0;0;0;227;235;232;0.0000;0.0000;18.1818;7.3588;59.0843;0.0000;1;0;0;0;1;0;65536
28091;0;0;0;227;235;232;0.0000;0.0000;18.1818;7.3588;59.0843;0.0000;1;0;0;0;1;0;65536
28101;0;0;0;227;235;232;0.0000;0.0000;18.1818;7.3588;59.0843;0.0000;1;0;0;0;1;0;65536
28111;0;0;0;227;235;232;0.0000;0.0000;18.1818;7.3588;59.0843;0.0000;1;0;0;0;1;0;65536
28122;0;0;0;227;235;232;0.0000;0.0000;18.1818;7.3588;59.0843;0.0000;1;0;0;0;1;0;65536
28132;0;0;0;227;235;232;0.0000;0.0000;18.1818;7.3588;59.0843;0.0000;1;0;0;0;1;0;65536
28142;0;0;0;227;235;232;0.0000;0.0000;18.1818;7.3588;59.0843;0.0000;1;0;0;0;1;0;65536
28153;0;0;0;227;235;232;0.0000;0.0000;18.1818;7.3588;59.0843;0.0000;1;0;0;0;1;0;65536
28163;0;0;0;227;235;232;0.0000;0.0000;18.1818;7.3588;59.0843;0.0000;1;0;0;0;1;0;65536
28173;0;0;0;227;235;232;0.0000;0.0000;18.1818;7.3588;59.0843;0.0000;1;0;0;0;1;0;65536
28184;0;0;0;227;235;232;0.0000;0.0000;18.1818;7.3588;59.0843;0.0000;1;0;0;0;1;0;65536
28194;0;0;0;227;235;232;0.0000;0.0000;10.0000;7.3572;59.0855;0.0000;1;0;0;0;1;0;65536
28204;0;0;0;227;235;232;0.0000;0.0000;10.0000;7.3572;59.0855;0.0000;1;0;0;0;1;0;65536
28215;0;0;0;227;235;232;0.0000;0.0000;10.0000;7.3572;59.0855;0.0000;1;0;0;0;1;0;65536
28225;0;0;0;227;235;232;0.0000;0.0000;10.0000;7.3572;59.0855;0.0000;1;0;0;0;1;0;65536
28236;0;0;0;227;235;232;0.0000;0.0000;10.0000;7.3572;59.0855;0.0000;1;0;0;0;1;0;65536
28247;0;0;0;227;235;232;0.0000;0.0000;10.0000;7.3572;59.0855;0.0000;1;0;0;0;1;0;65536
28258;0;0;0;227;235;232;0.0000;0.0000;10.0000;7.3572;59.0855;0.0000;1;0;0;0;1;0;65536
28268;0;0;0;227;235;232;0.0000;0.0000;10.0000;7.3572;59.0855;0.0000;1;0;0;0;1;0;65536
28279;0;0;0;227;235;232;0.0000;0.0000;10.0000;7.3572;59.0855;0.0000;1;0;0;0;1;0;65536
28289;0;0;0;227;235;232;0.0000;0.0000;10.0000;7.3572;59.0855;0.0000;1;0;0;0;1;0;65536
28299;0;0;0;227;235;232;0.0000;0.0000;10.0000;7.3572;59.0855;0.0000;1;0;0;0;1;0;65536
28310;0;0;0;227;235;232;0.0000;0.0000;10.0000;7.3572;59.0855;0.0000;1;0;0;0;1;0;65536
28320;0;0;0;227;235;232;0.0000;0.0000;10.0000;7.3572;59.0855;0.0000;1;0;0;0;1;0;65540
28331;0;0;0;227;235;232;0.0000;0.0000;10.0000;7.3572;59.0855;0.0000;1;0;0;0;1;0;65540
28341;0;0;0;227;235;232;0.0000;0.0000;10.0000;7.3572;59.0855;0.0000;1;0;0;0;1;0;65540
28352;0;0;0;227;235;232;0.0000;0.0000;10.0000;7.3572;59.0855;0.0000;1;0;0;0;1;0;65540
28362;0;0;0;227;235;232;0.0000;0.0000;10.0000;7.3572;59.0855;0.0000;1;0;0;0;1;0;65540
28373;0;0;0;227;235;232;0.0000;0.0000;10.0000;7.3572;59.0855;0.0000;1;0;0;0;1;0;65540
28383;0;0;0;227;235;232;0.0000;0.0000;10.0000;7.3572;59.0855;0.0000;1;0;0;0;1;0;65540
28393;0;0;0;227;235;232;0.0000;0.0000;10.0000;7.3572;59.0855;0.0000;1;0;0;0;1;0;65540
28403;0;0;0;227;235;232;0.0000;0.0000;10.0000;7.3572;59.0855;0.0000;1;0;0;0;1;0;65540
28414;0;0;0;227;235;232;0.0000;0.0000;10.0000;7.3572;59.0855;0.0000;1;0;0;0;1;0;65540
28425;0;0;0;227;235;232;0.0000;0.0000;10.0000;7.3572;59.0855;0.0000;1;0;0;0;1;0;65548
28435;0;0;0;227;235;232;0.0000;0.0000;10.0000;7.3572;59.0855;0.0000;1;0;0;0;1;0;65548
28446;0;0;0;227;235;232;0.0000;0.0000;10.0000;7.3572;59.0855;0.0000;1;0;0;0;1;0;65548
28456;0;0;0;227;235;232;0.0000;0.0000;10.0000;7.3572;59.0855;0.0000;1;0;0;0;1;0;65548
28467;0;0;0;227;235;232;0.0000;0.0000;10.0000;7.3572;59.0855;0.0000;1;0;0;0;1;0;65548
28477;0;0;0;227;235;232;0.0000;0.0000;10.0000;7.3572;59.0855;0.0000;1;0;0;0;1;0;65548
28487;0;0;0;227;235;232;0.0000;0.0000;10.0000;7.3572;59.0855;0.0000;1;0;0;0;1;0;65548
28498;0;0;0;227;235;232;0.0000;0.0000;10.0000;7.3572;59.0855;0.0000;1;0;0;0;1;0;65548
28508;0;0;0;227;235;232;0.0000;0.0000;10.0000;7.3572;59.0855;0.0000;1;0;0;0;1;0;65548
28519;0;0;0;227;235;232;0.0000;0.0000;10.0000;7.3572;59.0855;0.0000;1;0;0;0;1;0;65548
28531;0;0;0;227;235;232;0.0000;0.0000;10.0000;7.3572;59.0855;0.0000;1;0;0;0;1;0;65566
28541;0;0;0;227;235;232;0.0000;0.0000;10.0000;7.3572;59.0855;0.0000;1;0;0;0;1;0;65566
28552;0;0;0;227;235;232;0.0000;0.0000;10.0000;7.3572;59.0855;0.0000;1;0;0;0;1;0;65566
28562;0;0;0;227;235;232;0.0000;0.0000;10.0000;7.3572;59.0855;0.0000;1;0;0;0;1;0;65566
28573;0;0;0;227;235;232;0.0000;0.0000;10.0000;7.3572;59.0855;0.0000;1;0;0;0;1;0;65566
28583;0;0;0;227;235;232;0.0000;0.0000;10.0000;7.3572;59.0855;0.0000;1;0;0;0;1;0;65566
28593;0;0;0;227;235;232;0.0000;0.0000;10.0000;7.3572;59.0855;0.0000;1;0;0;0;1;0;65566
28603;0;0;0;227;235;232;0.0000;0.0000;10.0000;7.3572;59.0855;0.0000;1;0;0;0;1;0;65566
28614;0;0;0;227;235;232;0.0000;0.0000;10.0000;7.3572;59.0855;0.0000;1;0;0;0;1;0;65566
28624;0;0;0;227;235;232;0.0000;0.0000;10.0000;7.3572;59.0855;0.0000;1;0;0;0;1;0;65566
28634;0;0;0;227;235;232;0.0000;0.0000;10.0000;7.3572;59.0855;0.0000;1;0;0;0;1;0;65566
28645;0;0;0;227;235;232;0.0000;0.0000;10.0000;7.3572;59.0855;0.0000;1;0;0;0;1;0;65566
28655;0;0;0;227;235;232;0.0000;0.0000;10.0000;7.3572;59.0855;0.0000;1;0;0;0;1;0;65566
28666;0;0;0;227;235;232;0.0000;0.0000;10.0000;7.3572;59.0855;0.0000;1;0;0;0;1;0;65566
28676;0;0;0;227;235;232;0.0000;0.0000;10.0000;7.3572;59.0855;0.0000;1;0;0;0;1;0;65566
28686;0;0;0;227;235;232;0.0000;0.0000;10.0000;7.3572;59.0855;0.0000;1;0;0;0;1;0;65566
28696;0;0;0;227;235;232;0.0000;0.0000;10.0000;7.3572;59.0855;0.0000;1;0;0;0;1;0;65566
28707;0;0;0;227;235;232;0.0000;0.0000;10.0000;7.3572;59.0855;0.0000;1;0;0;0;1;0;65566
28717;0;0;0;227;235;232;0.0000;0.0000;10.0000;7.3572;59.0855;0.0000;1;0;0;0;1;0;65566
28727;0;0;0;227;235;232;0.0000;0.0000;10.0000;7.3572;59.0855;0.0000;1;0;0;0;1;0;65566
28737;0;0;0;227;235;232;0.0000;0.0000;10.0000;7.3572;59.0855;0.0000;1;0;0;0;1;0;65566
28748;0;0;0;227;235;232;0.0000;0.0000;10.0000;7.3572;59.0855;0.0000;1;0;0;0;1;0;65566
28819;0;0;0;227;235;232;0.0000;0.0000;10.0000;7.3572;59.0855;0.0000;1;0;0;0;1;0;65566
28829;0;0;0;227;235;232;0.0000;0.0000;10.0000;7.3572;59.0855;0.0000;1;0;0;0;1;0;65566
28840;0;0;0;227;235;232;0.0000;0.0000;10.0000;7.3572;59.0855;0.0000;1;0;0;0;1;0;65566
28850;0;0;0;227;235;232;0.0000;0.0000;10.0000;7.3572;59.0855;0.0000;1;0;0;0;1;0;65566
28861;0;0;0;227;235;232;0.0000;0.0000;10.0000;7.3572;59.0855;0.0000;1;0;0;0;1;0;65566
28871;0;0;0;227;235;232;0.0000;0.0000;10.0000;7.3572;59.0855;0.0000;1;0;0;0;1;0;65566
28882;0;0;0;227;235;232;0.0000;0.0000;10.0000;7.3572;59.0855;0.0000;1;0;0;0;1;0;65566
28892;0;0;0;227;235;232;0.0000;0.0000;10.0000;7.3572;59.0855;0.0000;1;0;0;0;1;0;65566
28902;0;0;0;227;235;232;0.0000;0.0000;10.0000;7.3572;59.0855;0.0000;1;0;0;0;1;0;65566
28912;0;0;0;227;235;232;0.0000;0.0000;10.0000;7.3572;59.0855;0.0000;1;0;0;0;1;0;65566
28923;0;0;0;227;235;232;0.0000;0.0000;10.0000;7.3572;59.0855;0.0000;1;0;0;0;1;0;65566
28933;0;0;0;227;235;232;0.0000;0.0000;10.0000;7.3572;59.0855;0.0000;1;0;0;0;1;0;65566
28944;0;0;0;227;235;232;0.0000;0.0000;10.0000;7.3572;59.0855;0.0000;1;0;0;0;1;0;65566
28954;0;0;0;227;235;232;0.0000;0.0000;10.0000;7.3572;59.0855;0.0000;1;0;0;0;1;0;65566
28964;0;0;0;227;235;232;0.0000;0.0000;10.0000;7.3572;59.0855;0.0000;1;0;0;0;1;0;65566
28975;0;0;0;227;235;232;0.0000;0.0000;10.0000;7.3572;59.0855;0.0000;1;0;0;0;1;0;65566
28985;0;0;0;227;235;232;0.0000;0.0000;10.0000;7.3572;59.0855;0.0000;1;0;0;0;1;0;65566
28995;0;0;0;227;235;232;0.0000;0.0000;10.0000;7.3572;59.0855;0.0000;1;0;0;0;1;0;65566
29006;0;0;0;227;235;232;0.0000;0.0000;10.0000;7.3572;59.0855;0.0000;1;0;0;0;1;0;65566
29019;0;0;0;227;235;232;0.0000;0.0000;10.0000;7.3572;59.0855;0.0000;1;0;0;0;1;0;65566
29029;0;0;0;227;235;232;0.0000;0.0000;10.0000;7.3572;59.0855;0.0000;1;0;0;0;1;0;65566
29040;0;0;0;227;235;232;0.0000;0.0000;10.0000;7.3572;59.0855;0.0000;1;0;0;0;1;0;65566
29051;0;0;0;227;235;232;0.0000;0.0000;10.0000;7.3572;59.0855;0.0000;1;0;0;0;1;0;65536
29061;0;0;0;227;235;232;0.0000;0.0000;10.0000;7.3572;59.0855;0.0000;1;0;0;0;1;0;65536
29072;0;0;0;227;235;232;0.0000;0.0000;10.0000;7.3572;59.0855;0.0000;1;0;0;0;1;0;65536
29082;0;0;0;227;235;232;0.0000;0.0000;10.0000;7.3572;59.0855;0.0000;1;0;0;0;1;0;65536
29093;0;0;0;227;235;232;0.0000;0.0000;10.0000;7.3572;59.0855;0.0000;1;0;0;0;1;0;65536
29103;0;0;0;227;235;232;0.0000;0.0000;10.0000;7.3572;59.0855;0.0000;1;0;0;0;1;0;65536
29113;0;0;0;227;235;232;0.0000;0.0000;10.0000;7.3572;59.0855;0.0000;1;0;0;0;1;0;65536
29124;0;0;0;227;235;232;0.0000;0.0000;10.0000;7.3572;59.0855;0.0000;1;0;0;0;1;0;65536
29134;0;0;0;227;235;232;0.0000;0.0000;10.0000;7.3572;59.0855;0.0000;1;0;0;0;1;0;65536
29145;0;0;0;227;235;232;0.0000;0.0000;10.0000;7.3572;59.0855;0.0000;1;0;0;0;1;0;65536
29155;0;0;0;227;235;232;0.0000;0.0000;10.0000;7.3572;59.0855;0.0000;1;0;0;0;1;0;65536
29165;0;0;0;227;235;232;0.0000;0.0000;10.0000;7.3572;59.0855;0.0000;1;0;0;0;1;0;65536
29176;0;0;0;227;235;232;0.0000;0.0000;10.0000;7.3572;59.0855;0.0000;1;0;0;0;1;0;65536
29186;0;0;0;227;235;232;0.0000;0.0000;10.0000;7.3572;59.0855;0.0000;1;0;0;0;1;0;65536
29196;0;0;0;227;235;232;0.0000;0.0000;12.5000;7.3540;59.0867;0.0000;1;0;0;0;1;0;65536
29207;0;0;0;227;235;232;0.0000;0.0000;12.5000;7.3540;59.0867;0.0000;1;0;0;0;1;0;65536
29217;0;0;0;227;235;232;0.0000;0.0000;12.5000;7.3540;59.0867;0.0000;1;0;0;0;1;0;65536
29228;0;0;0;227;235;232;0.0000;0.0000;12.5000;7.3540;59.0867;0.0000;1;0;0;0;1;0;65536
29238;0;0;0;227;235;232;0.0000;0.0000;12.5000;7.3540;59.0867;0.0000;1;0;0;0;1;0;65536
29248;0;0;0;227;235;232;0.0000;0.0000;12.5000;7.3540;59.0867;0.0000;1;0;0;0;1;0;65536
29260;0;0;0;227;235;232;0.0000;0.0000;12.5000;7.3540;59.0867;0.0000;1;0;0;0;1;0;65536
29270;0;0;0;227;235;232;0.0000;0.0000;12.5000;7.3540;59.0867;0.0000;1;0;0;0;1;0;65536
29280;0;0;0;227;235;232;0.0000;0.0000;12.5000;7.3540;59.0867;0.0000;1;0;0;0;1;0;65536
29291;0;0;0;227;235;232;0.0000;0.0000;12.5000;7.3540;59.0867;0.0000;1;0;0;0;1;0;65536
29301;0;0;0;227;235;232;0.0000;0.0000;12.5000;7.3540;59.0867;0.0000;1;0;0;0;1;0;65536
29311;0;0;0;227;235;232;0.0000;0.0000;12.5000;7.3540;59.0867;0.0000;1;0;0;0;1;0;65536
29322;0;0;0;227;235;232;0.0000;0.0000;12.5000;7.3540;59.0867;0.0000;1;0;0;0;1;0;65536
29336;0;0;0;227;235;232;0.0000;0.0000;12.5000;7.3540;59.0867;0.0000;1;0;0;0;1;0;65536
29346;0;0;0;227;235;232;0.0000;0.0000;12.5000;7.3540;59.0867;0.0000;1;0;0;0;1;0;65536
29357;0;0;0;227;235;232;0.0000;0.0000;12.5000;7.3540;59.0867;0.0000;1;0;0;0;1;0;65540
29367;0;0;0;227;235;232;0.0000;0.0000;12.5000;7.3540;59.0867;0.0000;1;0;0;0;1;0;65540
29379;0;0;0;227;235;232;0.0000;0.0000;12.5000;7.3540;59.0867;0.0000;1;0;0;0;1;0;65540
29390;0;0;0;227;235;232;0.0000;0.0000;12.5000;7.3540;59.0867;0.0000;1;0;0;0;1;0;65540
29400;0;0;0;227;235;232;0.0000;0.0000;12.5000;7.3540;59.0867;0.0000;1;0;0;0;1;0;65540
29410;0;0;0;227;235;232;0.0000;0.0000;12.5000;7.3540;59.0867;0.0000;1;0;0;0;1;0;65540
29421;0;0;0;227;235;232;0.0000;0.0000;12.5000;7.3540;59.0867;0.0000;1;0;0;0;1;0;65540
29431;0;0;0;227;235;232;0.0000;0.0000;12.5000;7.3540;59.0867;0.0000;1;0;0;0;1;0;65540
29442;0;0;0;227;235;232;0.0000;0.0000;12.5000;7.3540;59.0867;0.0000;1;0;0;0;1;0;65540
29452;0;0;0;227;235;232;0.0000;0.0000;12.5000;7.3540;59.0867;0.0000;1;0;0;0;1;0;65540
29463;0;0;0;227;235;232;0.0000;0.0000;12.5000;7.3540;59.0867;0.0000;1;0;0;0;1;0;65550
29474;0;0;0;227;235;232;0.0000;0.0000;12.5000;7.3540;59.0867;0.0000;1;0;0;0;1;0;65566
29484;0;0;0;227;235;232;0.0000;0.0000;12.5000;7.3540;59.0867;0.0000;1;0;0;0;1;0;65566
29495;0;0;0;227;235;232;0.0000;0.0000;12.5000;7.3540;59.0867;0.0000;1;0;0;0;1;0;65566
29505;0;0;0;227;235;232;0.0000;0.0000;12.5000;7.3540;59.0867;0.0000;1;0;0;0;1;0;65566
29515;0;0;0;227;235;232;0.0000;0.0000;12.5000;7.3540;59.0867;0.0000;1;0;0;0;1;0;65566
29526;0;0;0;227;235;232;0.0000;0.0000;12.5000;7.3540;59.0867;0.0000;1;0;0;0;1;0;65566
29536;0;0;0;227;235;232;0.0000;0.0000;12.5000;7.3540;59.0867;0.0000;1;0;0;0;1;0;65566
29546;0;0;0;227;235;232;0.0000;0.0000;12.5000;7.3540;59.0867;0.0000;1;0;0;0;1;0;65566
29557;0;0;0;227;235;232;0.0000;0.0000;12.5000;7.3540;59.0867;0.0000;1;0;0;0;1;0;65566
29568;0;0;0;227;235;232;0.0000;0.0000;12.5000;7.3540;59.0867;0.0000;1;0;0;0;1;0;65566
29579;0;0;0;227;235;232;0.0000;0.0000;12.5000;7.3540;59.0867;0.0000;1;0;0;0;1;0;65566
29589;0;0;0;227;235;232;0.0000;0.0000;12.5000;7.3540;59.0867;0.0000;1;0;0;0;1;0;65566
29605;0;0;0;227;235;232;0.0000;0.0000;12.5000;7.3540;59.0867;0.0000;1;0;0;0;1;0;65566
29615;0;0;0;227;235;232;0.0000;0.0000;12.5000;7.3540;59.0867;0.0000;1;0;0;0;1;0;65566
29626;0;0;0;227;235;232;0.0000;0.0000;12.5000;7.3540;59.0867;0.0000;1;0;0;0;1;0;65566
29636;0;0;0;227;235;232;0.0000;0.0000;12.5000;7.3540;59.0867;0.0000;1;0;0;0;1;0;65566
29647;0;0;0;227;235;232;0.0000;0.0000;12.5000;7.3540;59.0867;0.0000;1;0;0;0;1;0;65566
29657;0;0;0;227;235;232;0.0000;0.0000;12.5000;7.3540;59.0867;0.0000;1;0;0;0;1;0;65566
29668;0;0;0;227;235;232;0.0000;0.0000;12.5000;7.3540;59.0867;0.0000;1;0;0;0;1;0;65566
29678;0;0;0;227;235;232;0.0000;0.0000;12.5000;7.3540;59.0867;0.0000;1;0;0;0;1;0;65566
29688;0;0;0;227;235;232;0.0000;0.0000;12.5000;7.3540;59.0867;0.0000;1;0;0;0;1;0;65566
29698;0;0;0;227;235;232;0.0000;0.0000;12.5000;7.3540;59.0867;0.0000;1;0;0;0;1;0;65566
29709;0;0;0;227;235;232;0.0000;0.0000;12.5000;7.3540;59.0867;0.0000;1;0;0;0;1;0;65566
29719;0;0;0;227;235;232;0.0000;0.0000;12.5000;7.3540;59.0867;0.0000;1;0;0;0;1;0;65566
29729;0;0;0;227;235;232;0.0000;0.0000;12.5000;7.3540;59.0867;0.0000;1;0;0;0;1;0;65566
29740;0;0;0;227;235;232;0.0000;0.0000;12.5000;7.3540;59.0867;0.0000;1;0;0;0;1;0;65566
29750;0;0;0;227;235;232;0.0000;0.0000;12.5000;7.3540;59.0867;0.0000;1;0;0;0;1;0;65566
29761;0;0;0;227;235;232;0.0000;0.0000;12.5000;7.3540;59.0867;0.0000;1;0;0;0;1;0;65566
29773;0;0;0;227;235;232;0.0000;0.0000;12.5000;7.3540;59.0867;0.0000;1;0;0;0;1;0;65566
29783;0;0;0;227;235;232;0.0000;0.0000;12.5000;7.3540;59.0867;0.0000;1;0;0;0;1;0;65566
29793;0;0;0;227;235;232;0.0000;0.0000;12.5000;7.3540;59.0867;0.0000;1;0;0;0;1;0;65566
29804;0;0;0;227;235;232;0.0000;0.0000;12.5000;7.3540;59.0867;0.0000;1;0;0;0;1;0;65566
29814;0;0;0;227;235;232;0.0000;0.0000;12.5000;7.3540;59.0867;0.0000;1;0;0;0;1;0;65566
29824;0;0;0;227;235;232;0.0000;0.0000;12.5000;7.3540;59.0867;0.0000;1;0;0;0;1;0;65566
29834;0;0;0;227;235;232;0.0000;0.0000;12.5000;7.3540;59.0867;0.0000;1;0;0;0;1;0;65566
29845;0;0;0;227;235;232;0.0000;0.0000;12.5000;7.3540;59.0867;0.0000;1;0;0;0;1;0;65566
29855;0;0;0;227;235;232;0.0000;0.0000;12.5000;7.3540;59.0867;0.0000;1;0;0;0;1;0;65566
29866;0;0;0;227;235;232;0.0000;0.0000;12.5000;7.3540;59.0867;0.0000;1;0;0;0;1;0;65566
29876;0;0;0;227;235;232;0.0000;0.0000;12.5000;7.3540;59.0867;0.0000;1;0;0;0;1;0;65566
29887;0;0;0;227;235;232;0.0000;0.0000;12.5000;7.3540;59.0867;0.0000;1;0;0;0;1;0;65566
29897;0;0;0;227;235;232;0.0000;0.0000;12.5000;7.3540;59.0867;0.0000;1;0;0;0;1;0;65566
29907;0;0;0;227;235;232;0.0000;0.0000;12.5000;7.3540;59.0867;0.0000;1;0;0;0;1;0;65566
29917;0;0;0;227;235;232;0.0000;0.0000;12.5000;7.3540;59.0867;0.0000;1;0;0;0;1;0;65566
29928;0;0;0;227;235;232;0.0000;0.0000;12.5000;7.3540;59.0867;0.0000;1;0;0;0;1;0;65566
29938;0;0;0;227;235;232;0.0000;0.0000;12.5000;7.3540;59.0867;0.0000;1;0;0;0;1;0;65566
29948;0;0;0;227;235;232;0.0000;0.0000;12.5000;7.3540;59.0867;0.0000;1;0;0;0;1;0;65566
29959;0;0;0;227;235;232;0.0000;0.0000;12.5000;7.3540;59.0867;0.0000;1;0;0;0;1;0;65566
29970;0;0;0;227;235;232;0.0000;0.0000;12.5000;7.3540;59.0867;0.0000;1;0;0;0;1;0;65566
29981;0;0;0;227;235;232;0.0000;0.0000;12.5000;7.3540;59.0867;0.0000;1;0;0;0;1;0;65536
29991;0;0;0;227;235;232;0.0000;0.0000;12.5000;7.3540;59.0867;0.0000;1;0;0;0;1;0;65536
30002;0;0;0;227;235;232;0.0000;0.0000;12.5000;7.3540;59.0867;0.0000;1;0;0;0;1;0;65536
30012;0;0;0;227;235;232;0.0000;0.0000;12.5000;7.3540;59.0867;0.0000;1;0;0;0;1;0;65536
30022;0;0;0;227;235;232;0.0000;0.0000;12.5000;7.3540;59.0867;0.0000;1;0;0;0;1;0;65536
30033;0;0;0;227;235;232;0.0000;0.0000;12.5000;7.3540;59.0867;0.0000;1;0;0;0;1;0;65536
30043;0;0;0;227;235;232;0.0000;0.0000;12.5000;7.3540;59.0867;0.0000;1;0;0;0;1;0;65536
30053;0;0;0;227;235;232;0.0000;0.0000;12.5000;7.3540;59.0867;0.0000;1;0;0;0;1;0;65536
30064;0;0;0;227;235;232;0.0000;0.0000;12.5000;7.3540;59.0867;0.0000;1;0;0;0;1;0;65536
30074;0;0;0;227;235;232;0.0000;0.0000;12.5000;7.3540;59.0867;0.0000;1;0;0;0;1;0;65536
30086;0;0;0;227;235;232;0.0000;0.0000;12.5000;7.3540;59.0867;0.0000;1;0;0;0;1;0;65536
30097;0;0;0;227;235;232;0.0000;0.0000;12.5000;7.3540;59.0867;0.0000;1;0;0;0;1;0;65536
30107;0;0;0;227;235;232;0.0000;0.0000;12.5000;7.3540;59.0867;0.0000;1;0;0;0;1;0;65536
30117;0;0;0;227;235;232;0.0000;0.0000;12.5000;7.3540;59.0867;0.0000;1;0;0;0;1;0;65536
30129;0;0;0;227;235;232;0.0000;0.0000;12.5000;7.3540;59.0867;0.0000;1;0;0;0;1;0;65536
30139;0;0;0;227;235;232;0.0000;0.0000;12.5000;7.3540;59.0867;0.0000;1;0;0;0;1;0;65536
30150;0;0;0;227;235;232;0.0000;0.0000;12.5000;7.3540;59.0867;0.0000;1;0;0;0;1;0;65536
30160;0;0;0;227;235;232;0.0000;0.0000;12.5000;7.3540;59.0867;0.0000;1;0;0;0;1;0;65536
30171;0;0;0;227;235;232;0.0000;0.0000;12.5000;7.3540;59.0867;0.0000;1;0;0;0;1;0;65536
30181;0;0;0;227;235;232;0.0000;0.0000;12.5000;7.3540;59.0867;0.0000;1;0;0;0;1;0;65536
30191;0;0;0;227;235;232;0.0000;0.0000;12.5000;7.3540;59.0867;0.0000;1;0;0;0;1;0;65536
30202;0;0;0;227;235;232;0.0000;0.0000;33.3333;7.3524;59.0880;0.0000;1;0;0;0;1;0;65536
30212;0;0;0;227;235;232;0.0000;0.0000;33.3333;7.3524;59.0880;0.0000;1;0;0;0;1;0;65536
30223;0;0;0;227;235;232;0.0000;0.0000;33.3333;7.3524;59.0880;0.0000;1;0;0;0;1;0;65536
30233;0;0;0;227;235;232;0.0000;0.0000;33.3333;7.3524;59.0880;0.0000;1;0;0;0;1;0;65536
30243;0;0;0;227;235;232;0.0000;0.0000;33.3333;7.3524;59.0880;0.0000;1;0;0;0;1;0;65536
30254;0;0;0;227;235;232;0.0000;0.0000;33.3333;7.3524;59.0880;0.0000;1;0;0;0;1;0;65536
30264;0;0;0;227;235;232;0.0000;0.0000;33.3333;7.3524;59.0880;0.0000;1;0;0;0;1;0;65536
30275;0;0;0;227;235;232;0.0000;0.0000;33.3333;7.3524;59.0880;0.0000;1;0;0;0;1;0;65536
30285;0;0;0;227;235;232;0.0000;0.0000;33.3333;7.3524;59.0880;0.0000;1;0;0;0;1;0;65536
30295;0;0;0;227;235;232;0.0000;0.0000;33.3333;7.3524;59.0880;0.0000;1;0;0;0;1;0;65540
30306;0;0;0;227;235;232;0.0000;0.0000;33.3333;7.3524;59.0880;0.0000;1;0;0;0;1;0;65540
30316;0;0;0;227;235;232;0.0000;0.0000;33.3333;7.3524;59.0880;0.0000;1;0;0;0;1;0;65540
30327;0;0;0;227;235;232;0.0000;0.0000;33.3333;7.3524;59.0880;0.0000;1;0;0;0;1;0;65540
30337;0;0;0;227;235;232;0.0000;0.0000;33.3333;7.3524;59.0880;0.0000;1;0;0;0;1;0;65540
30348;0;0;0;227;235;232;0.0000;0.0000;33.3333;7.3524;59.0880;0.0000;1;0;0;0;1;0;65540
30358;0;0;0;227;235;232;0.0000;0.0000;33.3333;7.3524;59.0880;0.0000;1;0;0;0;1;0;65540
30369;0;0;0;227;235;232;0.0000;0.0000;33.3333;7.3524;59.0880;0.0000;1;0;0;0;1;0;65540
30379;0;0;0;227;235;232;0.0000;0.0000;33.3333;7.3524;59.0880;0.0000;1;0;0;0;1;0;65540
30389;0;0;0;227;235;232;0.0000;0.0000;33.3333;7.3524;59.0880;0.0000;1;0;0;0;1;0;65540
30409;0;0;0;227;235;232;0.0000;0.0000;33.3333;7.3524;59.0880;0.0000;1;0;0;0;1;0;65540
30420;0;0;0;227;235;232;0.0000;0.0000;33.3333;7.3524;59.0880;0.0000;1;0;0;0;1;0;65540
30430;0;0;0;227;235;232;0.0000;0.0000;33.3333;7.3524;59.0880;0.0000;1;0;0;0;1;0;65540
30441;0;0;0;227;235;232;0.0000;0.0000;33.3333;7.3524;59.0880;0.0000;1;0;0;0;1;0;65540
30451;0;0;0;227;235;232;0.0000;0.0000;33.3333;7.3524;59.0880;0.0000;1;0;0;0;1;0;65540
30462;0;0;0;227;235;232;0.0000;0.0000;33.3333;7.3524;59.0880;0.0000;1;0;0;0;1;0;65540
30473;0;0;0;227;235;232;0.0000;0.0000;33.3333;7.3524;59.0880;0.0000;1;0;0;0;1;0;65540
30483;0;0;0;227;235;232;0.0000;0.0000;33.3333;7.3524;59.0880;0.0000;1;0;0;0;1;0;65540
30494;0;0;0;227;235;232;0.0000;0.0000;33.3333;7.3524;59.0880;0.0000;1;0;0;0;1;0;65540
30504;0;0;0;227;235;232;0.0000;0.0000;33.3333;7.3524;59.0880;0.0000;1;0;0;0;1;0;65566
30514;0;0;0;227;235;232;0.0000;0.0000;33.3333;7.3524;59.0880;0.0000;1;0;0;0;1;0;65566
30525;0;0;0;227;235;232;0.0000;0.0000;33.3333;7.3524;59.0880;0.0000;1;0;0;0;1;0;65566
30535;0;0;0;227;235;232;0.0000;0.0000;33.3333;7.3524;59.0880;0.0000;1;0;0;0;1;0;65566
30545;0;0;0;227;235;232;0.0000;0.0000;33.3333;7.3524;59.0880;0.0000;1;0;0;0;1;0;65566
30556;0;0;0;227;235;232;0.0000;0.0000;33.3333;7.3524;59.0880;0.0000;1;0;0;0;1;0;65566
30566;0;0;0;227;235;232;0.0000;0.0000;33.3333;7.3524;59.0880;0.0000;1;0;0;0;1;0;65566
30577;0;0;0;227;235;232;0.0000;0.0000;33.3333;7.3524;59.0880;0.0000;1;0;0;0;1;0;65566
30587;0;0;0;227;235;232;0.0000;0.0000;33.3333;7.3524;59.0880;0.0000;1;0;0;0;1;0;65566
30598;0;0;0;227;235;232;0.0000;0.0000;33.3333;7.3524;59.0880;0.0000;1;0;0;0;1;0;65566
30608;0;0;0;227;235;232;0.0000;0.0000;33.3333;7.3524;59.0880;0.0000;1;0;0;0;1;0;65566
30618;0;0;0;227;235;232;0.0000;0.0000;33.3333;7.3524;59.0880;0.0000;1;0;0;0;1;0;65566
30629;0;0;0;227;235;232;0.0000;0.0000;33.3333;7.3524;59.0880;0.0000;1;0;0;0;1;0;65566
30639;0;0;0;227;235;232;0.0000;0.0000;33.3333;7.3524;59.0880;0.0000;1;0;0;0;1;0;65566
30650;0;0;0;227;235;232;0.0000;0.0000;33.3333;7.3524;59.0880;0.0000;1;0;0;0;1;0;65566
30660;0;0;0;227;235;232;0.0000;0.0000;33.3333;7.3524;59.0880;0.0000;1;0;0;0;1;0;65566
30670;0;0;0;227;235;232;0.0000;0.0000;33.3333;7.3524;59.0880;0.0000;1;0;0;0;1;0;65566
30681;0;0;0;227;235;232;0.0000;0.0000;33.3333;7.3524;59.0880;0.0000;1;0;0;0;1;0;65566
30691;0;0;0;227;235;232;0.0000;0.0000;33.3333;7.3524;59.0880;0.0000;1;0;0;0;1;0;65566
30701;0;0;0;227;235;232;0.0000;0.0000;33.3333;7.3524;59.0880;0.0000;1;0;0;0;1;0;65566
30711;0;0;0;227;235;232;0.0000;0.0000;33.3333;7.3524;59.0880;0.0000;1;0;0;0;1;0;65566
30722;0;0;0;227;235;232;0.0000;0.0000;33.3333;7.3524;59.0880;0.0000;1;0;0;0;1;0;65566
30732;0;0;0;227;235;232;0.0000;0.0000;33.3333;7.3524;59.0880;0.0000;1;0;0;0;1;0;65566
30742;0;0;0;227;235;232;0.0000;0.0000;33.3333;7.3524;59.0880;0.0000;1;0;0;0;1;0;65566
30753;0;0;0;227;235;232;0.0000;0.0000;33.3333;7.3524;59.0880;0.0000;1;0;0;0;1;0;65566
30764;0;0;0;227;235;232;0.0000;0.0000;33.3333;7.3524;59.0880;0.0000;1;0;0;0;1;0;65566
30774;0;0;0;227;235;232;0.0000;0.0000;33.3333;7.3524;59.0880;0.0000;1;0;0;0;1;0;65566
30784;0;0;0;227;235;232;0.0000;0.0000;33.3333;7.3524;59.0880;0.0000;1;0;0;0;1;0;65566
30795;0;0;0;227;235;232;0.0000;0.0000;33.3333;7.3524;59.0880;0.0000;1;0;0;0;1;0;65566
30805;0;0;0;227;235;232;0.0000;0.0000;33.3333;7.3524;59.0880;0.0000;1;0;0;0;1;0;65566
30816;0;0;0;227;235;232;0.0000;0.0000;33.3333;7.3524;59.0880;0.0000;1;0;0;0;1;0;65566
30826;0;0;0;227;235;232;0.0000;0.0000;33.3333;7.3524;59.0880;0.0000;1;0;0;0;1;0;65566
30837;0;0;0;227;235;232;0.0000;0.0000;33.3333;7.3524;59.0880;0.0000;1;0;0;0;1;0;65566
30847;0;0;0;227;235;232;0.0000;0.0000;33.3333;7.3524;59.0880;0.0000;1;0;0;0;1;0;65566
30858;0;0;0;227;235;232;0.0000;0.0000;33.3333;7.3524;59.0880;0.0000;1;0;0;0;1;0;65566
30868;0;0;0;227;235;232;0.0000;0.0000;33.3333;7.3524;59.0880;0.0000;1;0;0;0;1;0;65566
30879;0;0;0;227;235;232;0.0000;0.0000;33.3333;7.3524;59.0880;0.0000;1;0;0;0;1;0;65566
30889;0;0;0;227;235;232;0.0000;0.0000;33.3333;7.3524;59.0880;0.0000;1;0;0;0;1;0;65566
30899;0;0;0;227;235;232;0.0000;0.0000;33.3333;7.3524;59.0880;0.0000;1;0;0;0;1;0;65566
30910;0;0;0;227;235;232;0.0000;0.0000;33.3333;7.3524;59.0880;0.0000;1;0;0;0;1;0;65566
30920;0;0;0;227;235;232;0.0000;0.0000;33.3333;7.3524;59.0880;0.0000;1;0;0;0;1;0;65566
30930;0;0;0;227;235;232;0.0000;0.0000;33.3333;7.3524;59.0880;0.0000;1;0;0;0;1;0;65566
30940;0;0;0;227;235;232;0.0000;0.0000;33.3333;7.3524;59.0880;0.0000;1;0;0;0;1;0;65566
30951;0;0;0;227;235;232;0.0000;0.0000;33.3333;7.3524;59.0880;0.0000;1;0;0;0;1;0;65566
30962;0;0;0;227;235;232;0.0000;0.0000;33.3333;7.3524;59.0880;0.0000;1;0;0;0;1;0;65566
30972;0;0;0;227;235;232;0.0000;0.0000;33.3333;7.3524;59.0880;0.0000;1;0;0;0;1;0;65566
30983;0;0;0;227;235;232;0.0000;0.0000;33.3333;7.3524;59.0880;0.0000;1;0;0;0;1;0;65566
30993;0;0;0;227;235;232;0.0000;0.0000;33.3333;7.3524;59.0880;0.0000;1;0;0;0;1;0;65566
31003;0;0;0;227;235;232;0.0000;0.0000;33.3333;7.3524;59.0880;0.0000;1;0;0;0;1;0;65566
31014;0;0;0;227;235;232;0.0000;0.0000;33.3333;7.3524;59.0880;0.0000;1;0;0;0;1;0;65552
31024;0;0;0;227;235;232;0.0000;0.0000;33.3333;7.3524;59.0880;0.0000;1;0;0;0;1;0;65536
31035;0;0;0;227;235;232;0.0000;0.0000;33.3333;7.3524;59.0880;0.0000;1;0;0;0;1;0;65536
31045;0;0;0;227;235;232;0.0000;0.0000;33.3333;7.3524;59.0880;0.0000;1;0;0;0;1;0;65536
31055;0;0;0;227;235;232;0.0000;0.0000;33.3333;7.3524;59.0880;0.0000;1;0;0;0;1;0;65536
31066;0;0;0;227;235;232;0.0000;0.0000;33.3333;7.3524;59.0880;0.0000;1;0;0;0;1;0;65536
31076;0;0;0;227;235;232;0.0000;0.0000;33.3333;7.3524;59.0880;0.0000;1;0;0;0;1;0;65536
31087;0;0;0;227;235;232;0.0000;0.0000;33.3333;7.3524;59.0880;0.0000;1;0;0;0;1;0;65536
31097;0;0;0;227;235;232;0.0000;0.0000;33.3333;7.3524;59.0880;0.0000;1;0;0;0;1;0;65536
31107;0;0;0;227;235;232;0.0000;0.0000;33.3333;7.3524;59.0880;0.0000;1;0;0;0;1;0;65536
31119;0;0;0;227;235;232;0.0000;0.0000;33.3333;7.3524;59.0880;0.0000;1;0;0;0;1;0;65536
31129;0;0;0;227;235;232;0.0000;0.0000;33.3333;7.3524;59.0880;0.0000;1;0;0;0;1;0;65536
31140;0;0;0;227;235;232;0.0000;0.0000;33.3333;7.3524;59.0880;0.0000;1;0;0;0;1;0;65536
31151;0;0;0;227;235;232;0.0000;0.0000;33.3333;7.3524;59.0880;0.0000;1;0;0;0;1;0;65536
31162;0;0;0;227;235;232;0.0000;0.0000;33.3333;7.3524;59.0880;0.0000;1;0;0;0;1;0;65536
31172;0;0;0;227;235;232;0.0000;0.0000;33.3333;7.3524;59.0880;0.0000;1;0;0;0;1;0;65536
31182;0;0;0;227;235;232;0.0000;0.0000;33.3333;7.3524;59.0880;0.0000;1;0;0;0;1;0;65536
31193;0;0;0;227;235;232;0.0000;0.0000;33.3333;7.3524;59.0880;0.0000;1;0;0;0;1;0;65536
31203;0;0;0;227;235;232;0.0000;0.0000;25.0000;7.3507;59.0892;0.0000;1;0;0;0;1;0;65536
31213;0;0;0;227;235;232;0.0000;0.0000;25.0000;7.3507;59.0892;0.0000;1;0;0;0;1;0;65536
31224;0;0;0;227;235;232;0.0000;0.0000;25.0000;7.3507;59.0892;0.0000;1;0;0;0;1;0;65536
31234;0;0;0;227;235;232;0.0000;0.0000;25.0000;7.3507;59.0892;0.0000;1;0;0;0;1;0;65536
31244;0;0;0;227;235;232;0.0000;0.0000;25.0000;7.3507;59.0892;0.0000;1;0;0;0;1;0;65536
31255;0;0;0;227;235;232;0.0000;0.0000;25.0000;7.3507;59.0892;0.0000;1;0;0;0;1;0;65536
31265;0;0;0;227;235;232;0.0000;0.0000;25.0000;7.3507;59.0892;0.0000;1;0;0;0;1;0;65536
31276;0;0;0;227;235;232;0.0000;0.0000;25.0000;7.3507;59.0892;0.0000;1;0;0;0;1;0;65536
31286;0;0;0;227;235;232;0.0000;0.0000;25.0000;7.3507;59.0892;0.0000;1;0;0;0;1;0;65536
31297;0;0;0;227;235;232;0.0000;0.0000;25.0000;7.3507;59.0892;0.0000;1;0;0;0;1;0;65536
31307;0;0;0;227;235;232;0.0000;0.0000;25.0000;7.3507;59.0892;0.0000;1;0;0;0;1;0;65536
31317;0;0;0;227;235;232;0.0000;0.0000;25.0000;7.3507;59.0892;0.0000;1;0;0;0;1;0;65536
31328;0;0;0;227;235;232;0.0000;0.0000;25.0000;7.3507;59.0892;0.0000;1;0;0;0;1;0;65540
31338;0;0;0;227;235;232;0.0000;0.0000;25.0000;7.3507;59.0892;0.0000;1;0;0;0;1;0;65540
31349;0;0;0;227;235;232;0.0000;0.0000;25.0000;7.3507;59.0892;0.0000;1;0;0;0;1;0;65540
31359;0;0;0;227;235;232;0.0000;0.0000;25.0000;7.3507;59.0892;0.0000;1;0;0;0;1;0;65540
31369;0;0;0;227;235;232;0.0000;0.0000;25.0000;7.3507;59.0892;0.0000;1;0;0;0;1;0;65540
31380;0;0;0;227;235;232;0.0000;0.0000;25.0000;7.3507;59.0892;0.0000;1;0;0;0;1;0;65540
31390;0;0;0;227;235;232;0.0000;0.0000;25.0000;7.3507;59.0892;0.0000;1;0;0;0;1;0;65540
31401;0;0;0;227;235;232;0.0000;0.0000;25.0000;7.3507;59.0892;0.0000;1;0;0;0;1;0;65540
31411;0;0;0;227;235;232;0.0000;0.0000;25.0000;7.3507;59.0892;0.0000;1;0;0;0;1;0;65540
31421;0;0;0;227;235;232;0.0000;0.0000;25.0000;7.3507;59.0892;0.0000;1;0;0;0;1;0;65540
31433;0;0;0;227;235;232;0.0000;0.0000;25.0000;7.3507;59.0892;0.0000;1;0;0;0;1;0;65550
31443;0;0;0;227;235;232;0.0000;0.0000;25.0000;7.3507;59.0892;0.0000;1;0;0;0;1;0;65550
31453;0;0;0;227;235;232;0.0000;0.0000;25.0000;7.3507;59.0892;0.0000;1;0;0;0;1;0;65550
31465;0;0;0;227;235;232;0.0000;0.0000;25.0000;7.3507;59.0892;0.0000;1;0;0;0;1;0;65550
31476;0;0;0;227;235;232;0.0000;0.0000;25.0000;7.3507;59.0892;0.0000;1;0;0;0;1;0;65550
31486;0;0;0;227;235;232;0.0000;0.0000;25.0000;7.3507;59.0892;0.0000;1;0;0;0;1;0;65550
31496;0;0;0;227;235;232;0.0000;0.0000;25.0000;7.3507;59.0892;0.0000;1;0;0;0;1;0;65550
31507;0;0;0;227;235;232;0.0000;0.0000;25.0000;7.3507;59.0892;0.0000;1;0;0;0;1;0;65550
31519;0;0;0;227;235;232;0.0000;0.0000;25.0000;7.3507;59.0892;0.0000;1;0;0;0;1;0;65550
31530;0;0;0;227;235;232;0.0000;0.0000;25.0000;7.3507;59.0892;0.0000;1;0;0;0;1;0;65550
31540;0;0;0;227;235;232;0.0000;0.0000;25.0000;7.3507;59.0892;0.0000;1;0;0;0;1;0;65566
31550;0;0;0;227;235;232;0.0000;0.0000;25.0000;7.3507;59.0892;0.0000;1;0;0;0;1;0;65566
31561;0;0;0;227;235;232;0.0000;0.0000;25.0000;7.3507;59.0892;0.0000;1;0;0;0;1;0;65566
31571;0;0;0;227;235;232;0.0000;0.0000;25.0000;7.3507;59.0892;0.0000;1;0;0;0;1;0;65566
31582;0;0;0;227;235;232;0.0000;0.0000;25.0000;7.3507;59.0892;0.0000;1;0;0;0;1;0;65566
31599;0;0;0;227;235;232;0.0000;0.0000;25.0000;7.3507;59.0892;0.0000;1;0;0;0;1;0;65566
31610;0;0;0;227;235;232;0.0000;0.0000;25.0000;7.3507;59.0892;0.0000;1;0;0;0;1;0;65566
31620;0;0;0;227;235;232;0.0000;0.0000;25.0000;7.3507;59.0892;0.0000;1;0;0;0;1;0;65566
31639;0;0;0;227;235;232;0.0000;0.0000;25.0000;7.3507;59.0892;0.0000;1;0;0;0;1;0;65566
31649;0;0;0;227;235;232;0.0000;0.0000;25.0000;7.3507;59.0892;0.0000;1;0;0;0;1;0;65566
31660;0;0;0;227;235;232;0.0000;0.0000;25.0000;7.3507;59.0892;0.0000;1;0;0;0;1;0;65566
31671;0;0;0;227;235;232;0.0000;0.0000;25.0000;7.3507;59.0892;0.0000;1;0;0;0;1;0;65566
31681;0;0;0;227;235;232;0.0000;0.0000;25.0000;7.3507;59.0892;0.0000;1;0;0;0;1;0;65566
31692;0;0;0;227;235;232;0.0000;0.0000;25.0000;7.3507;59.0892;0.0000;1;0;0;0;1;0;65566
31702;0;0;0;227;235;232;0.0000;0.0000;25.0000;7.3507;59.0892;0.0000;1;0;0;0;1;0;65566
31712;0;0;0;227;235;232;0.0000;0.0000;25.0000;7.3507;59.0892;0.0000;1;0;0;0;1;0;65566
31722;0;0;0;227;235;232;0.0000;0.0000;25.0000;7.3507;59.0892;0.0000;1;0;0;0;1;0;65566
31733;0;0;0;227;235;232;0.0000;0.0000;25.0000;7.3507;59.0892;0.0000;1;0;0;0;1;0;65566
31743;0;0;0;227;235;232;0.0000;0.0000;25.0000;7.3507;59.0892;0.0000;1;0;0;0;1;0;65566
31753;0;0;0;227;235;232;0.0000;0.0000;25.0000;7.3507;59.0892;0.0000;1;0;0;0;1;0;65566
31764;0;0;0;227;235;232;0.0000;0.0000;25.0000;7.3507;59.0892;0.0000;1;0;0;0;1;0;65566
31774;0;0;0;227;235;232;0.0000;0.0000;25.0000;7.3507;59.0892;0.0000;1;0;0;0;1;0;65566
31785;0;0;0;227;235;232;0.0000;0.0000;25.0000;7.3507;59.0892;0.0000;1;0;0;0;1;0;65566
31795;0;0;0;227;235;232;0.0000;0.0000;25.0000;7.3507;59.0892;0.0000;1;0;0;0;1;0;65566
31805;0;0;0;227;235;232;0.0000;0.0000;25.0000;7.3507;59.0892;0.0000;1;0;0;0;1;0;65566
31816;0;0;0;227;235;232;0.0000;0.0000;25.0000;7.3507;59.0892;0.0000;1;0;0;0;1;0;65566
31826;0;0;0;227;235;232;0.0000;0.0000;25.0000;7.3507;59.0892;0.0000;1;0;0;0;1;0;65566
31836;0;0;0;227;235;232;0.0000;0.0000;25.0000;7.3507;59.0892;0.0000;1;0;0;0;1;0;65566
31848;0;0;0;227;235;232;0.0000;0.0000;25.0000;7.3507;59.0892;0.0000;1;0;0;0;1;0;65566
31858;0;0;0;227;235;232;0.0000;0.0000;25.0000;7.3507;59.0892;0.0000;1;0;0;0;1;0;65566
31869;0;0;0;227;235;232;0.0000;0.0000;25.0000;7.3507;59.0892;0.0000;1;0;0;0;1;0;65566
31879;0;0;0;227;235;232;0.0000;0.0000;25.0000;7.3507;59.0892;0.0000;1;0;0;0;1;0;65566
31890;0;0;0;227;235;232;0.0000;0.0000;25.0000;7.3507;59.0892;0.0000;1;0;0;0;1;0;65566
31900;0;0;0;227;235;232;0.0000;0.0000;25.0000;7.3507;59.0892;0.0000;1;0;0;0;1;0;65566
31910;0;0;0;227;235;232;0.0000;0.0000;25.0000;7.3507;59.0892;0.0000;1;0;0;0;1;0;65566
31920;0;0;0;227;235;232;0.0000;0.0000;25.0000;7.3507;59.0892;0.0000;1;0;0;0;1;0;65566
31931;0;0;0;227;235;232;0.0000;0.0000;25.0000;7.3507;59.0892;0.0000;1;0;0;0;1;0;65566
31941;0;0;0;227;235;232;0.0000;0.0000;25.0000;7.3507;59.0892;0.0000;1;0;0;0;1;0;65566
31951;0;0;0;227;235;232;0.0000;0.0000;25.0000;7.3507;59.0892;0.0000;1;0;0;0;1;0;65566
31962;0;0;0;227;235;232;0.0000;0.0000;25.0000;7.3507;59.0892;0.0000;1;0;0;0;1;0;65566
31972;0;0;0;227;235;232;0.0000;0.0000;25.0000;7.3507;59.0892;0.0000;1;0;0;0;1;0;65566
31983;0;0;0;227;235;232;0.0000;0.0000;25.0000;7.3507;59.0892;0.0000;1;0;0;0;1;0;65566
31993;0;0;0;227;235;232;0.0000;0.0000;25.0000;7.3507;59.0892;0.0000;1;0;0;0;1;0;65566
32003;0;0;0;227;235;232;0.0000;0.0000;25.0000;7.3507;59.0892;0.0000;1;0;0;0;1;0;65566
32013;0;0;0;227;235;232;0.0000;0.0000;25.0000;7.3507;59.0892;0.0000;1;0;0;0;1;0;65566
32024;0;0;0;227;235;232;0.0000;0.0000;25.0000;7.3507;59.0892;0.0000;1;0;0;0;1;0;65566
32034;0;0;0;227;235;232;0.0000;0.0000;25.0000;7.3507;59.0892;0.0000;1;0;0;0;1;0;65566
32044;0;0;0;227;235;232;0.0000;0.0000;25.0000;7.3507;59.0892;0.0000;1;0;0;0;1;0;65566
32055;0;0;0;227;235;232;0.0000;0.0000;25.0000;7.3507;59.0892;0.0000;1;0;0;0;1;0;65564
32066;0;0;0;227;235;232;0.0000;0.0000;25.0000;7.3507;59.0892;0.0000;1;0;0;0;1;0;65536
32077;0;0;0;227;235;232;0.0000;0.0000;25.0000;7.3507;59.0892;0.0000;1;0;0;0;1;0;65536
32087;0;0;0;227;235;232;0.0000;0.0000;25.0000;7.3507;59.0892;0.0000;1;0;0;0;1;0;65536
32098;0;0;0;227;235;232;0.0000;0.0000;25.0000;7.3507;59.0892;0.0000;1;0;0;0;1;0;65536
32108;0;0;0;227;235;232;0.0000;0.0000;25.0000;7.3507;59.0892;0.0000;1;0;0;0;1;0;65536
32118;0;0;0;227;235;232;0.0000;0.0000;25.0000;7.3507;59.0892;0.0000;1;0;0;0;1;0;65536
32129;0;0;0;227;235;232;0.0000;0.0000;25.0000;7.3507;59.0892;0.0000;1;0;0;0;1;0;65536
32139;0;0;0;227;235;232;0.0000;0.0000;25.0000;7.3507;59.0892;0.0000;1;0;0;0;1;0;65536
32149;0;0;0;227;235;232;0.0000;0.0000;25.0000;7.3507;59.0892;0.0000;1;0;0;0;1;0;65536
32159;0;0;0;227;235;232;0.0000;0.0000;25.0000;7.3507;59.0892;0.0000;1;0;0;0;1;0;65536
32170;0;0;0;227;235;232;0.0000;0.0000;25.0000;7.3507;59.0892;0.0000;1;0;0;0;1;0;65536
32180;0;0;0;227;235;232;0.0000;0.0000;25.0000;7.3507;59.0892;0.0000;1;0;0;0;1;0;65536
32191;0;0;0;227;235;232;0.0000;0.0000;25.0000;7.3507;59.0892;0.0000;1;0;0;0;1;0;65536
32202;0;0;0;227;235;232;0.0000;0.0000;20.0000;7.3491;59.0904;0.0000;1;0;0;0;1;0;65536
32212;0;0;0;227;235;232;0.0000;0.0000;20.0000;7.3491;59.0904;0.0000;1;0;0;0;1;0;65536
32222;0;0;0;227;235;232;0.0000;0.0000;20.0000;7.3491;59.0904;0.0000;1;0;0;0;1;0;65536
32233;0;0;0;227;235;232;0.0000;0.0000;20.0000;7.3491;59.0904;0.0000;1;0;0;0;1;0;65536
32243;0;0;0;227;235;232;0.0000;0.0000;20.0000;7.3491;59.0904;0.0000;1;0;0;0;1;0;65536
32253;0;0;0;227;235;232;0.0000;0.0000;20.0000;7.3491;59.0904;0.0000;1;0;0;0;1;0;65536
32265;0;0;0;227;235;232;0.0000;0.0000;20.0000;7.3491;59.0904;0.0000;1;0;0;0;1;0;65536
32276;0;0;0;227;235;232;0.0000;0.0000;20.0000;7.3491;59.0904;0.0000;1;0;0;0;1;0;65536
32286;0;0;0;227;235;232;0.0000;0.0000;20.0000;7.3491;59.0904;0.0000;1;0;0;0;1;0;65536
32296;0;0;0;227;235;232;0.0000;0.0000;20.0000;7.3491;59.0904;0.0000;1;0;0;0;1;0;65536
32307;0;0;0;227;235;232;0.0000;0.0000;20.0000;7.3491;59.0904;0.0000;1;0;0;0;1;0;65536
32317;0;0;0;227;235;232;0.0000;0.0000;20.0000;7.3491;59.0904;0.0000;1;0;0;0;1;0;65536
32327;0;0;0;227;235;232;0.0000;0.0000;20.0000;7.3491;59.0904;0.0000;1;0;0;0;1;0;65536
32338;0;0;0;227;235;232;0.0000;0.0000;20.0000;7.3491;59.0904;0.0000;1;0;0;0;1;0;65536
32349;0;0;0;227;235;232;0.0000;0.0000;20.0000;7.3491;59.0904;0.0000;1;0;0;0;1;0;65536
32360;0;0;0;227;235;232;0.0000;0.0000;20.0000;7.3491;59.0904;0.0000;1;0;0;0;1;0;65536
32371;0;0;0;227;235;232;0.0000;0.0000;20.0000;7.3491;59.0904;0.0000;1;0;0;0;1;0;65540
32389;0;0;0;227;235;232;0.0000;0.0000;20.0000;7.3491;59.0904;0.0000;1;0;0;0;1;0;65540
32400;0;0;0;227;235;232;0.0000;0.0000;20.0000;7.3491;59.0904;0.0000;1;0;0;0;1;0;65540
32410;0;0;0;227;235;232;0.0000;0.0000;20.0000;7.3491;59.0904;0.0000;1;0;0;0;1;0;65540
32420;0;0;0;227;235;232;0.0000;0.0000;20.0000;7.3491;59.0904;0.0000;1;0;0;0;1;0;65540
32431;0;0;0;227;235;232;0.0000;0.0000;20.0000;7.3491;59.0904;0.0000;1;0;0;0;1;0;65540
32441;0;0;0;227;235;232;0.0000;0.0000;20.0000;7.3491;59.0904;0.0000;1;0;0;0;1;0;65540
32452;0;0;0;227;235;232;0.0000;0.0000;20.0000;7.3491;59.0904;0.0000;1;0;0;0;1;0;65540
32462;0;0;0;227;235;232;0.0000;0.0000;20.0000;7.3491;59.0904;0.0000;1;0;0;0;1;0;65540
32474;0;0;0;227;235;232;0.0000;0.0000;20.0000;7.3491;59.0904;0.0000;1;0;0;0;1;0;65542
32485;0;0;0;227;235;232;0.0000;0.0000;20.0000;7.3491;59.0904;0.0000;1;0;0;0;1;0;65566
32495;0;0;0;227;235;232;0.0000;0.0000;20.0000;7.3491;59.0904;0.0000;1;0;0;0;1;0;65566
32505;0;0;0;227;235;232;0.0000;0.0000;20.0000;7.3491;59.0904;0.0000;1;0;0;0;1;0;65566
32516;0;0;0;227;235;232;0.0000;0.0000;20.0000;7.3491;59.0904;0.0000;1;0;0;0;1;0;65566
32526;0;0;0;227;235;232;0.0000;0.0000;20.0000;7.3491;59.0904;0.0000;1;0;0;0;1;0;65566
32536;0;0;0;227;235;232;0.0000;0.0000;20.0000;7.3491;59.0904;0.0000;1;0;0;0;1;0;65566
32546;0;0;0;227;235;232;0.0000;0.0000;20.0000;7.3491;59.0904;0.0000;1;0;0;0;1;0;65566
32557;0;0;0;227;235;232;0.0000;0.0000;20.0000;7.3491;59.0904;0.0000;1;0;0;0;1;0;65566
32568;0;0;0;227;235;232;0.0000;0.0000;20.0000;7.3491;59.0904;0.0000;1;0;0;0;1;0;65566
32578;0;0;0;227;235;232;0.0000;0.0000;20.0000;7.3491;59.0904;0.0000;1;0;0;0;1;0;65566
32589;0;0;0;227;235;232;0.0000;0.0000;20.0000;7.3491;59.0904;0.0000;1;0;0;0;1;0;65566
32599;0;0;0;227;235;232;0.0000;0.0000;20.0000;7.3491;59.0904;0.0000;1;0;0;0;1;0;65566
32609;0;0;0;227;235;232;0.0000;0.0000;20.0000;7.3491;59.0904;0.0000;1;0;0;0;1;0;65566
32620;0;0;0;227;235;232;0.0000;0.0000;20.0000;7.3491;59.0904;0.0000;1;0;0;0;1;0;65566
32630;0;0;0;227;235;232;0.0000;0.0000;20.0000;7.3491;59.0904;0.0000;1;0;0;0;1;0;65566
32640;0;0;0;227;235;232;0.0000;0.0000;20.0000;7.3491;59.0904;0.0000;1;0;0;0;1;0;65566
32650;0;0;0;227;235;232;0.0000;0.0000;20.0000;7.3491;59.0904;0.0000;1;0;0;0;1;0;65566
32661;0;0;0;227;235;232;0.0000;0.0000;20.0000;7.3491;59.0904;0.0000;1;0;0;0;1;0;65566
32672;0;0;0;227;235;232;0.0000;0.0000;20.0000;7.3491;59.0904;0.0000;1;0;0;0;1;0;65566
32682;0;0;0;227;235;232;0.0000;0.0000;20.0000;7.3491;59.0904;0.0000;1;0;0;0;1;0;65566
32693;0;0;0;227;235;232;0.0000;0.0000;20.0000;7.3491;59.0904;0.0000;1;0;0;0;1;0;65566
32703;0;0;0;227;235;232;0.0000;0.0000;20.0000;7.3491;59.0904;0.0000;1;0;0;0;1;0;65566
32713;0;0;0;227;235;232;0.0000;0.0000;20.0000;7.3491;59.0904;0.0000;1;0;0;0;1;0;65566
32724;0;0;0;227;235;232;0.0000;0.0000;20.0000;7.3491;59.0904;0.0000;1;0;0;0;1;0;65566
32734;0;0;0;227;235;232;0.0000;0.0000;20.0000;7.3491;59.0904;0.0000;1;0;0;0;1;0;65566
32749;0;0;0;227;235;232;0.0000;0.0000;20.0000;7.3491;59.0904;0.0000;1;0;0;0;1;0;65566
32759;0;0;0;227;235;232;0.0000;0.0000;20.0000;7.3491;59.0904;0.0000;1;0;0;0;1;0;65566
32770;0;0;0;227;235;232;0.0000;0.0000;20.0000;7.3491;59.0904;0.0000;1;0;0;0;1;0;65566
32780;0;0;0;227;235;232;0.0000;0.0000;20.0000;7.3491;59.0904;0.0000;1;0;0;0;1;0;65566
32791;0;0;0;227;235;232;0.0000;0.0000;20.0000;7.3491;59.0904;0.0000;1;0;0;0;1;0;65566
32801;0;0;0;227;235;232;0.0000;0.0000;20.0000;7.3491;59.0904;0.0000;1;0;0;0;1;0;65566
32811;0;0;0;227;235;232;0.0000;0.0000;20.0000;7.3491;59.0904;0.0000;1;0;0;0;1;0;65566
32822;0;0;0;227;235;232;0.0000;0.0000;20.0000;7.3491;59.0904;0.0000;1;0;0;0;1;0;65566
32832;0;0;0;227;235;232;0.0000;0.0000;20.0000;7.3491;59.0904;0.0000;1;0;0;0;1;0;65566
32842;0;0;0;227;235;232;0.0000;0.0000;20.0000;7.3491;59.0904;0.0000;1;0;0;0;1;0;65566
32852;0;0;0;227;235;232;0.0000;0.0000;20.0000;7.3491;59.0904;0.0000;1;0;0;0;1;0;65566
32863;0;0;0;227;235;232;0.0000;0.0000;20.0000;7.3491;59.0904;0.0000;1;0;0;0;1;0;65566
32873;0;0;0;227;235;232;0.0000;0.0000;20.0000;7.3491;59.0904;0.0000;1;0;0;0;1;0;65566
32884;0;0;0;227;235;232;0.0000;0.0000;20.0000;7.3491;59.0904;0.0000;1;0;0;0;1;0;65566
32894;0;0;0;227;235;232;0.0000;0.0000;20.0000;7.3491;59.0904;0.0000;1;0;0;0;1;0;65566
32904;0;0;0;227;235;232;0.0000;0.0000;20.0000;7.3491;59.0904;0.0000;1;0;0;0;1;0;65566
32915;0;0;0;227;235;232;0.0000;0.0000;20.0000;7.3491;59.0904;0.0000;1;0;0;0;1;0;65566
32925;0;0;0;227;235;232;0.0000;0.0000;20.0000;7.3491;59.0904;0.0000;1;0;0;0;1;0;65566
32935;0;0;0;227;235;232;0.0000;0.0000;20.0000;7.3491;59.0904;0.0000;1;0;0;0;1;0;65566
32946;0;0;0;227;235;232;0.0000;0.0000;20.0000;7.3491;59.0904;0.0000;1;0;0;0;1;0;65566
32956;0;0;0;227;235;232;0.0000;0.0000;20.0000;7.3491;59.0904;0.0000;1;0;0;0;1;0;65566
32966;0;0;0;227;235;232;0.0000;0.0000;20.0000;7.3491;59.0904;0.0000;1;0;0;0;1;0;65566
32978;0;0;0;227;235;232;0.0000;0.0000;20.0000;7.3491;59.0904;0.0000;1;0;0;0;1;0;65566
32988;0;0;0;227;235;232;0.0000;0.0000;20.0000;7.3491;59.0904;0.0000;1;0;0;0;1;0;65566
32999;0;0;0;227;235;232;0.0000;0.0000;20.0000;7.3491;59.0904;0.0000;1;0;0;0;1;0;65536
33009;0;0;0;227;235;232;0.0000;0.0000;20.0000;7.3491;59.0904;0.0000;1;0;0;0;1;0;65536
33020;0;0;0;227;235;232;0.0000;0.0000;20.0000;7.3491;59.0904;0.0000;1;0;0;0;1;0;65536
33030;0;0;0;227;235;232;0.0000;0.0000;20.0000;7.3491;59.0904;0.0000;1;0;0;0;1;0;65536
33040;0;0;0;227;235;232;0.0000;0.0000;20.0000;7.3491;59.0904;0.0000;1;0;0;0;1;0;65536
33051;0;0;0;227;235;232;0.0000;0.0000;20.0000;7.3491;59.0904;0.0000;1;0;0;0;1;0;65536
33061;0;0;0;227;235;232;0.0000;0.0000;20.0000;7.3491;59.0904;0.0000;1;0;0;0;1;0;65536
33071;0;0;0;227;235;232;0.0000;0.0000;20.0000;7.3491;59.0904;0.0000;1;0;0;0;1;0;65536
33082;0;0;0;227;235;232;0.0000;0.0000;20.0000;7.3491;59.0904;0.0000;1;0;0;0;1;0;65536
33092;0;0;0;227;235;232;0.0000;0.0000;20.0000;7.3491;59.0904;0.0000;1;0;0;0;1;0;65536
33103;0;0;0;227;235;232;0.0000;0.0000;20.0000;7.3491;59.0904;0.0000;1;0;0;0;1;0;65536
33113;0;0;0;227;235;232;0.0000;0.0000;20.0000;7.3491;59.0904;0.0000;1;0;0;0;1;0;65536
33123;0;0;0;227;235;232;0.0000;0.0000;20.0000;7.3491;59.0904;0.0000;1;0;0;0;1;0;65536
33134;0;0;0;227;235;232;0.0000;0.0000;20.0000;7.3491;59.0904;0.0000;1;0;0;0;1;0;65536
33144;0;0;0;227;235;232;0.0000;0.0000;20.0000;7.3491;59.0904;0.0000;1;0;0;0;1;0;65536
33154;0;0;0;227;235;232;0.0000;0.0000;20.0000;7.3491;59.0904;0.0000;1;0;0;0;1;0;65536
33164;0;0;0;227;235;232;0.0000;0.0000;20.0000;7.3491;59.0904;0.0000;1;0;0;0;1;0;65536
33175;0;0;0;227;235;232;0.0000;0.0000;20.0000;7.3491;59.0904;0.0000;1;0;0;0;1;0;65536
33185;0;0;0;227;235;232;0.0000;0.0000;20.0000;7.3491;59.0904;0.0000;1;0;0;0;1;0;65536
33196;0;0;0;227;235;232;0.0000;0.0000;20.0000;7.3491;59.0904;0.0000;1;0;0;0;1;0;65536
33206;0;0;0;227;235;232;0.0000;0.0000;18.1818;7.3475;59.0917;0.0000;1;0;0;0;1;0;65536
33216;0;0;0;227;235;232;0.0000;0.0000;18.1818;7.3475;59.0917;0.0000;1;0;0;0;1;0;65536
33227;0;0;0;227;235;232;0.0000;0.0000;18.1818;7.3475;59.0917;0.0000;1;0;0;0;1;0;65536
33237;0;0;0;227;235;232;0.0000;0.0000;18.1818;7.3475;59.0917;0.0000;1;0;0;0;1;0;65536
33247;0;0;0;227;235;232;0.0000;0.0000;18.1818;7.3475;59.0917;0.0000;1;0;0;0;1;0;65536
33257;0;0;0;227;235;232;0.0000;0.0000;18.1818;7.3475;59.0917;0.0000;1;0;0;0;1;0;65536
33268;0;0;0;227;235;232;0.0000;0.0000;18.1818;7.3475;59.0917;0.0000;1;0;0;0;1;0;65536
33279;0;0;0;227;235;232;0.0000;0.0000;18.1818;7.3475;59.0917;0.0000;1;0;0;0;1;0;65536
33290;0;0;0;227;235;232;0.0000;0.0000;18.1818;7.3475;59.0917;0.0000;1;0;0;0;1;0;65536
33301;0;0;0;227;235;232;0.0000;0.0000;18.1818;7.3475;59.0917;0.0000;1;0;0;0;1;0;65536
33311;0;0;0;227;235;232;0.0000;0.0000;18.1818;7.3475;59.0917;0.0000;1;0;0;0;1;0;65540
33322;0;0;0;227;235;232;0.0000;0.0000;18.1818;7.3475;59.0917;0.0000;1;0;0;0;1;0;65540
33332;0;0;0;227;235;232;0.0000;0.0000;18.1818;7.3475;59.0917;0.0000;1;0;0;0;1;0;65540
33342;0;0;0;227;235;232;0.0000;0.0000;18.1818;7.3475;59.0917;0.0000;1;0;0;0;1;0;65540
33353;0;0;0;227;235;232;0.0000;0.0000;18.1818;7.3475;59.0917;0.0000;1;0;0;0;1;0;65540
33363;0;0;0;227;235;232;0.0000;0.0000;18.1818;7.3475;59.0917;0.0000;1;0;0;0;1;0;65540
33374;0;0;0;227;235;232;0.0000;0.0000;18.1818;7.3475;59.0917;0.0000;1;0;0;0;1;0;65540
33384;0;0;0;227;235;232;0.0000;0.0000;18.1818;7.3475;59.0917;0.0000;1;0;0;0;1;0;65540
33394;0;0;0;227;235;232;0.0000;0.0000;18.1818;7.3475;59.0917;0.0000;1;0;0;0;1;0;65540
33405;0;0;0;227;235;232;0.0000;0.0000;18.1818;7.3475;59.0917;0.0000;1;0;0;0;1;0;65540
33416;0;0;0;227;235;232;0.0000;0.0000;18.1818;7.3475;59.0917;0.0000;1;0;0;0;1;0;65540
33426;0;0;0;227;235;232;0.0000;0.0000;18.1818;7.3475;59.0917;0.0000;1;0;0;0;1;0;65540
33436;0;0;0;227;235;232;0.0000;0.0000;18.1818;7.3475;59.0917;0.0000;1;0;0;0;1;0;65540
33447;0;0;0;227;235;232;0.0000;0.0000;18.1818;7.3475;59.0917;0.0000;1;0;0;0;1;0;65540
33457;0;0;0;227;235;232;0.0000;0.0000;18.1818;7.3475;59.0917;0.0000;1;0;0;0;1;0;65540
33467;0;0;0;227;235;232;0.0000;0.0000;18.1818;7.3475;59.0917;0.0000;1;0;0;0;1;0;65540
33478;0;0;0;227;235;232;0.0000;0.0000;18.1818;7.3475;59.0917;0.0000;1;0;0;0;1;0;65540
33489;0;0;0;227;235;232;0.0000;0.0000;18.1818;7.3475;59.0917;0.0000;1;0;0;0;1;0;65540
33499;0;0;0;227;235;232;0.0000;0.0000;18.1818;7.3475;59.0917;0.0000;1;0;0;0;1;0;65540
33511;0;0;0;227;235;232;0.0000;0.0000;18.1818;7.3475;59.0917;0.0000;1;0;0;0;1;0;65566
33521;0;0;0;227;235;232;0.0000;0.0000;18.1818;7.3475;59.0917;0.0000;1;0;0;0;1;0;65566
33531;0;0;0;227;235;232;0.0000;0.0000;18.1818;7.3475;59.0917;0.0000;1;0;0;0;1;0;65566
33542;0;0;0;227;235;232;0.0000;0.0000;18.1818;7.3475;59.0917;0.0000;1;0;0;0;1;0;65566
33552;0;0;0;227;235;232;0.0000;0.0000;18.1818;7.3475;59.0917;0.0000;1;0;0;0;1;0;65566
33562;0;0;0;227;235;232;0.0000;0.0000;18.1818;7.3475;59.0917;0.0000;1;0;0;0;1;0;65566
33573;0;0;0;227;235;232;0.0000;0.0000;18.1818;7.3475;59.0917;0.0000;1;0;0;0;1;0;65566
33583;0;0;0;227;235;232;0.0000;0.0000;18.1818;7.3475;59.0917;0.0000;1;0;0;0;1;0;65566
33594;0;0;0;227;235;232;0.0000;0.0000;18.1818;7.3475;59.0917;0.0000;1;0;0;0;1;0;65566
33604;0;0;0;227;235;232;0.0000;0.0000;18.1818;7.3475;59.0917;0.0000;1;0;0;0;1;0;65566
33614;0;0;0;227;235;232;0.0000;0.0000;18.1818;7.3475;59.0917;0.0000;1;0;0;0;1;0;65566
33625;0;0;0;227;235;232;0.0000;0.0000;18.1818;7.3475;59.0917;0.0000;1;0;0;0;1;0;65566
33635;0;0;0;227;235;232;0.0000;0.0000;18.1818;7.3475;59.0917;0.0000;1;0;0;0;1;0;65566
33645;0;0;0;227;235;232;0.0000;0.0000;18.1818;7.3475;59.0917;0.0000;1;0;0;0;1;0;65566
33655;0;0;0;227;235;232;0.0000;0.0000;18.1818;7.3475;59.0917;0.0000;1;0;0;0;1;0;65566
33666;0;0;0;227;235;232;0.0000;0.0000;18.1818;7.3475;59.0917;0.0000;1;0;0;0;1;0;65566
33676;0;0;0;227;235;232;0.0000;0.0000;18.1818;7.3475;59.0917;0.0000;1;0;0;0;1;0;65566
33687;0;0;0;227;235;232;0.0000;0.0000;18.1818;7.3475;59.0917;0.0000;1;0;0;0;1;0;65566
33697;0;0;0;227;235;232;0.0000;0.0000;18.1818;7.3475;59.0917;0.0000;1;0;0;0;1;0;65566
33708;0;0;0;227;235;232;0.0000;0.0000;18.1818;7.3475;59.0917;0.0000;1;0;0;0;1;0;65566
33718;0;0;0;227;235;232;0.0000;0.0000;18.1818;7.3475;59.0917;0.0000;1;0;0;0;1;0;65566
33728;0;0;0;227;235;232;0.0000;0.0000;18.1818;7.3475;59.0917;0.0000;1;0;0;0;1;0;65566
33739;0;0;0;227;235;232;0.0000;0.0000;18.1818;7.3475;59.0917;0.0000;1;0;0;0;1;0;65566
33749;0;0;0;227;235;232;0.0000;0.0000;18.1818;7.3475;59.0917;0.0000;1;0;0;0;1;0;65566
33759;0;0;0;227;235;232;0.0000;0.0000;18.1818;7.3475;59.0917;0.0000;1;0;0;0;1;0;65566
33793;0;0;0;227;235;232;0.0000;0.0000;18.1818;7.3475;59.0917;0.0000;1;0;0;0;1;0;65566
33803;0;0;0;227;235;232;0.0000;0.0000;18.1818;7.3475;59.0917;0.0000;1;0;0;0;1;0;65566
33814;0;0;0;227;235;232;0.0000;0.0000;18.1818;7.3475;59.0917;0.0000;1;0;0;0;1;0;65566
33824;0;0;0;227;235;232;0.0000;0.0000;18.1818;7.3475;59.0917;0.0000;1;0;0;0;1;0;65566
33834;0;0;0;227;235;232;0.0000;0.0000;18.1818;7.3475;59.0917;0.0000;1;0;0;0;1;0;65566
33845;0;0;0;227;235;232;0.0000;0.0000;18.1818;7.3475;59.0917;0.0000;1;0;0;0;1;0;65566
33855;0;0;0;227;235;232;0.0000;0.0000;18.1818;7.3475;59.0917;0.0000;1;0;0;0;1;0;65566
33865;0;0;0;227;235;232;0.0000;0.0000;18.1818;7.3475;59.0917;0.0000;1;0;0;0;1;0;65566
33876;0;0;0;227;235;232;0.0000;0.0000;18.1818;7.3475;59.0917;0.0000;1;0;0;0;1;0;65566
33886;0;0;0;227;235;232;0.0000;0.0000;18.1818;7.3475;59.0917;0.0000;1;0;0;0;1;0;65566
33897;0;0;0;227;235;232;0.0000;0.0000;18.1818;7.3475;59.0917;0.0000;1;0;0;0;1;0;65566
33907;0;0;0;227;235;232;0.0000;0.0000;18.1818;7.3475;59.0917;0.0000;1;0;0;0;1;0;65566
33919;0;0;0;227;235;232;0.0000;0.0000;18.1818;7.3475;59.0917;0.0000;1;0;0;0;1;0;65566
33929;0;0;0;227;235;232;0.0000;0.0000;18.1818;7.3475;59.0917;0.0000;1;0;0;0;1;0;65566
33939;0;0;0;227;235;232;0.0000;0.0000;18.1818;7.3475;59.0917;0.0000;1;0;0;0;1;0;65566
33950;0;0;0;227;235;232;0.0000;0.0000;18.1818;7.3475;59.0917;0.0000;1;0;0;0;1;0;65566
33960;0;0;0;227;235;232;0.0000;0.0000;18.1818;7.3475;59.0917;0.0000;1;0;0;0;1;0;65566
33970;0;0;0;227;235;232;0.0000;0.0000;18.1818;7.3475;59.0917;0.0000;1;0;0;0;1;0;65566
33980;0;0;0;227;235;232;0.0000;0.0000;18.1818;7.3475;59.0917;0.0000;1;0;0;0;1;0;65566
33991;0;0;0;227;235;232;0.0000;0.0000;18.1818;7.3475;59.0917;0.0000;1;0;0;0;1;0;65566
34001;0;0;0;227;235;232;0.0000;0.0000;18.1818;7.3475;59.0917;0.0000;1;0;0;0;1;0;65566
34015;0;0;0;227;235;232;0.0000;0.0000;18.1818;7.3475;59.0917;0.0000;1;0;0;0;1;0;65566
34026;0;0;0;227;235;232;0.0000;0.0000;18.1818;7.3475;59.0917;0.0000;1;0;0;0;1;0;65536
34036;0;0;0;227;235;232;0.0000;0.0000;18.1818;7.3475;59.0917;0.0000;1;0;0;0;1;0;65536
34046;0;0;0;227;235;232;0.0000;0.0000;18.1818;7.3475;59.0917;0.0000;1;0;0;0;1;0;65536
34057;0;0;0;227;235;232;0.0000;0.0000;18.1818;7.3475;59.0917;0.0000;1;0;0;0;1;0;65536
34067;0;0;0;227;235;232;0.0000;0.0000;18.1818;7.3475;59.0917;0.0000;1;0;0;0;1;0;65536
34077;0;0;0;227;235;232;0.0000;0.0000;18.1818;7.3475;59.0917;0.0000;1;0;0;0;1;0;65536
34088;0;0;0;227;235;232;0.0000;0.0000;18.1818;7.3475;59.0917;0.0000;1;0;0;0;1;0;65536
34098;0;0;0;227;235;232;0.0000;0.0000;18.1818;7.3475;59.0917;0.0000;1;0;0;0;1;0;65536
34109;0;0;0;227;235;232;0.0000;0.0000;18.1818;7.3475;59.0917;0.0000;1;0;0;0;1;0;65536
34119;0;0;0;227;235;232;0.0000;0.0000;18.1818;7.3475;59.0917;0.0000;1;0;0;0;1;0;65536
34129;0;0;0;227;235;232;0.0000;0.0000;18.1818;7.3475;59.0917;0.0000;1;0;0;0;1;0;65536
34140;0;0;0;227;235;232;0.0000;0.0000;18.1818;7.3475;59.0917;0.0000;1;0;0;0;1;0;65536
34150;0;0;0;227;235;232;0.0000;0.0000;18.1818;7.3475;59.0917;0.0000;1;0;0;0;1;0;65536
34160;0;0;0;227;235;232;0.0000;0.0000;18.1818;7.3475;59.0917;0.0000;1;0;0;0;1;0;65536
34171;0;0;0;227;235;232;0.0000;0.0000;18.1818;7.3475;59.0917;0.0000;1;0;0;0;1;0;65536
34181;0;0;0;227;235;232;0.0000;0.0000;18.1818;7.3475;59.0917;0.0000;1;0;0;0;1;0;65536
34191;0;0;0;227;235;232;0.0000;0.0000;18.1818;7.3475;59.0917;0.0000;1;0;0;0;1;0;65536
34202;0;0;0;227;235;232;0.0000;0.0000;18.1818;7.3475;59.0917;0.0000;1;0;0;0;1;0;65536
34212;0;0;0;227;235;232;0.0000;0.0000;20.0000;7.3443;59.0929;0.0000;1;0;0;0;1;0;65536
34223;0;0;0;227;235;232;0.0000;0.0000;20.0000;7.3443;59.0929;0.0000;1;0;0;0;1;0;65536
34233;0;0;0;227;235;232;0.0000;0.0000;20.0000;7.3443;59.0929;0.0000;1;0;0;0;1;0;65536
34243;0;0;0;227;235;232;0.0000;0.0000;20.0000;7.3443;59.0929;0.0000;1;0;0;0;1;0;65536
34254;0;0;0;227;235;232;0.0000;0.0000;20.0000;7.3443;59.0929;0.0000;1;0;0;0;1;0;65536
34264;0;0;0;227;235;232;0.0000;0.0000;20.0000;7.3443;59.0929;0.0000;1;0;0;0;1;0;65536
34274;0;0;0;227;235;232;0.0000;0.0000;20.0000;7.3443;59.0929;0.0000;1;0;0;0;1;0;65536
34285;0;0;0;227;235;232;0.0000;0.0000;20.0000;7.3443;59.0929;0.0000;1;0;0;0;1;0;65536
34295;0;0;0;227;235;232;0.0000;0.0000;20.0000;7.3443;59.0929;0.0000;1;0;0;0;1;0;65536
34306;0;0;0;227;235;232;0.0000;0.0000;20.0000;7.3443;59.0929;0.0000;1;0;0;0;1;0;65536
34316;0;0;0;227;235;232;0.0000;0.0000;20.0000;7.3443;59.0929;0.0000;1;0;0;0;1;0;65536
34326;0;0;0;227;235;232;0.0000;0.0000;20.0000;7.3443;59.0929;0.0000;1;0;0;0;1;0;65536
34337;0;0;0;227;235;232;0.0000;0.0000;20.0000;7.3443;59.0929;0.0000;1;0;0;0;1;0;65540
34347;0;0;0;227;235;232;0.0000;0.0000;20.0000;7.3443;59.0929;0.0000;1;0;0;0;1;0;65540
34358;0;0;0;227;235;232;0.0000;0.0000;20.0000;7.3443;59.0929;0.0000;1;0;0;0;1;0;65540
34368;0;0;0;227;235;232;0.0000;0.0000;20.0000;7.3443;59.0929;0.0000;1;0;0;0;1;0;65540
34378;0;0;0;227;235;232;0.0000;0.0000;20.0000;7.3443;59.0929;0.0000;1;0;0;0;1;0;65540
34390;0;0;0;227;235;232;0.0000;0.0000;20.0000;7.3443;59.0929;0.0000;1;0;0;0;1;0;65540
34400;0;0;0;227;235;232;0.0000;0.0000;20.0000;7.3443;59.0929;0.0000;1;0;0;0;1;0;65540
34410;0;0;0;227;235;232;0.0000;0.0000;20.0000;7.3443;59.0929;0.0000;1;0;0;0;1;0;65540
34421;0;0;0;227;235;232;0.0000;0.0000;20.0000;7.3443;59.0929;0.0000;1;0;0;0;1;0;65540
34431;0;0;0;227;235;232;0.0000;0.0000;20.0000;7.3443;59.0929;0.0000;1;0;0;0;1;0;65540
34442;0;0;0;227;235;232;0.0000;0.0000;20.0000;7.3443;59.0929;0.0000;1;0;0;0;1;0;65542
34452;0;0;0;227;235;232;0.0000;0.0000;20.0000;7.3443;59.0929;0.0000;1;0;0;0;1;0;65542
34462;0;0;0;227;235;232;0.0000;0.0000;20.0000;7.3443;59.0929;0.0000;1;0;0;0;1;0;65542
34473;0;0;0;227;235;232;0.0000;0.0000;20.0000;7.3443;59.0929;0.0000;1;0;0;0;1;0;65542
34484;0;0;0;227;235;232;0.0000;0.0000;20.0000;7.3443;59.0929;0.0000;1;0;0;0;1;0;65542
34495;0;0;0;227;235;232;0.0000;0.0000;20.0000;7.3443;59.0929;0.0000;1;0;0;0;1;0;65542
34505;0;0;0;227;235;232;0.0000;0.0000;20.0000;7.3443;59.0929;0.0000;1;0;0;0;1;0;65542
34516;0;0;0;227;235;232;0.0000;0.0000;20.0000;7.3443;59.0929;0.0000;1;0;0;0;1;0;65542
34526;0;0;0;227;235;232;0.0000;0.0000;20.0000;7.3443;59.0929;0.0000;1;0;0;0;1;0;65542
34538;0;0;0;227;235;232;0.0000;0.0000;20.0000;7.3443;59.0929;0.0000;1;0;0;0;1;0;65542
34548;0;0;0;227;235;232;0.0000;0.0000;20.0000;7.3443;59.0929;0.0000;1;0;0;0;1;0;65566
34558;0;0;0;227;235;232;0.0000;0.0000;20.0000;7.3443;59.0929;0.0000;1;0;0;0;1;0;65566
34569;0;0;0;227;235;232;0.0000;0.0000;20.0000;7.3443;59.0929;0.0000;1;0;0;0;1;0;65566
34579;0;0;0;227;235;232;0.0000;0.0000;20.0000;7.3443;59.0929;0.0000;1;0;0;0;1;0;65566
34590;0;0;0;227;235;232;0.0000;0.0000;20.0000;7.3443;59.0929;0.0000;1;0;0;0;1;0;65566
34600;0;0;0;227;235;232;0.0000;0.0000;20.0000;7.3443;59.0929;0.0000;1;0;0;0;1;0;65566
34610;0;0;0;227;235;232;0.0000;0.0000;20.0000;7.3443;59.0929;0.0000;1;0;0;0;1;0;65566
34621;0;0;0;227;235;232;0.0000;0.0000;20.0000;7.3443;59.0929;0.0000;1;0;0;0;1;0;65566
34631;0;0;0;227;235;232;0.0000;0.0000;20.0000;7.3443;59.0929;0.0000;1;0;0;0;1;0;65566
34641;0;0;0;227;235;232;0.0000;0.0000;20.0000;7.3443;59.0929;0.0000;1;0;0;0;1;0;65566
34652;0;0;0;227;235;232;0.0000;0.0000;20.0000;7.3443;59.0929;0.0000;1;0;0;0;1;0;65566
34662;0;0;0;227;235;232;0.0000;0.0000;20.0000;7.3443;59.0929;0.0000;1;0;0;0;1;0;65566
34672;0;0;0;227;235;232;0.0000;0.0000;20.0000;7.3443;59.0929;0.0000;1;0;0;0;1;0;65566
34683;0;0;0;227;235;232;0.0000;0.0000;20.0000;7.3443;59.0929;0.0000;1;0;0;0;1;0;65566
34693;0;0;0;227;235;232;0.0000;0.0000;20.0000;7.3443;59.0929;0.0000;1;0;0;0;1;0;65566
34703;0;0;0;227;235;232;0.0000;0.0000;20.0000;7.3443;59.0929;0.0000;1;0;0;0;1;0;65566
34714;0;0;0;227;235;232;0.0000;0.0000;20.0000;7.3443;59.0929;0.0000;1;0;0;0;1;0;65566
34724;0;0;0;227;235;232;0.0000;0.0000;20.0000;7.3443;59.0929;0.0000;1;0;0;0;1;0;65566
34734;0;0;0;227;235;232;0.0000;0.0000;20.0000;7.3443;59.0929;0.0000;1;0;0;0;1;0;65566
34745;0;0;0;227;235;232;0.0000;0.0000;20.0000;7.3443;59.0929;0.0000;1;0;0;0;1;0;65566
34755;0;0;0;227;235;232;0.0000;0.0000;20.0000;7.3443;59.0929;0.0000;1;0;0;0;1;0;65566
34765;0;0;0;227;235;232;0.0000;0.0000;20.0000;7.3443;59.0929;0.0000;1;0;0;0;1;0;65566
34775;0;0;0;227;235;232;0.0000;0.0000;20.0000;7.3443;59.0929;0.0000;1;0;0;0;1;0;65566
34786;0;0;0;227;235;232;0.0000;0.0000;20.0000;7.3443;59.0929;0.0000;1;0;0;0;1;0;65566
34797;0;0;0;227;235;232;0.0000;0.0000;20.0000;7.3443;59.0929;0.0000;1;0;0;0;1;0;65566
34807;0;0;0;227;235;232;0.0000;0.0000;20.0000;7.3443;59.0929;0.0000;1;0;0;0;1;0;65566
34817;0;0;0;227;235;232;0.0000;0.0000;20.0000;7.3443;59.0929;0.0000;1;0;0;0;1;0;65566
34828;0;0;0;227;235;232;0.0000;0.0000;20.0000;7.3443;59.0929;0.0000;1;0;0;0;1;0;65566
34838;0;0;0;227;235;232;0.0000;0.0000;20.0000;7.3443;59.0929;0.0000;1;0;0;0;1;0;65566
34848;0;0;0;227;235;232;0.0000;0.0000;20.0000;7.3443;59.0929;0.0000;1;0;0;0;1;0;65566
34862;0;0;0;227;235;232;0.0000;0.0000;20.0000;7.3443;59.0929;0.0000;1;0;0;0;1;0;65566
34873;0;0;0;227;235;232;0.0000;0.0000;20.0000;7.3443;59.0929;0.0000;1;0;0;0;1;0;65566
34883;0;0;0;227;235;232;0.0000;0.0000;20.0000;7.3443;59.0929;0.0000;1;0;0;0;1;0;65566
34894;0;0;0;227;235;232;0.0000;0.0000;20.0000;7.3443;59.0929;0.0000;1;0;0;0;1;0;65566
34904;0;0;0;227;235;232;0.0000;0.0000;20.0000;7.3443;59.0929;0.0000;1;0;0;0;1;0;65566
34914;0;0;0;227;235;232;0.0000;0.0000;20.0000;7.3443;59.0929;0.0000;1;0;0;0;1;0;65566
34925;0;0;0;227;235;232;0.0000;0.0000;20.0000;7.3443;59.0929;0.0000;1;0;0;0;1;0;65566
34935;0;0;0;227;235;232;0.0000;0.0000;20.0000;7.3443;59.0929;0.0000;1;0;0;0;1;0;65566
34945;0;0;0;227;235;232;0.0000;0.0000;20.0000;7.3443;59.0929;0.0000;1;0;0;0;1;0;65566
34955;0;0;0;227;235;232;0.0000;0.0000;20.0000;7.3443;59.0929;0.0000;1;0;0;0;1;0;65566
34966;0;0;0;227;235;232;0.0000;0.0000;20.0000;7.3443;59.0929;0.0000;1;0;0;0;1;0;65566
34976;0;0;0;227;235;232;0.0000;0.0000;20.0000;7.3443;59.0929;0.0000;1;0;0;0;1;0;65566
34986;0;0;0;227;235;232;0.0000;0.0000;20.0000;7.3443;59.0929;0.0000;1;0;0;0;1;0;65566
34997;0;0;0;227;235;232;0.0000;0.0000;20.0000;7.3443;59.0929;0.0000;1;0;0;0;1;0;65566
35007;0;0;0;227;235;232;0.0000;0.0000;20.0000;7.3443;59.0929;0.0000;1;0;0;0;1;0;65566
35018;0;0;0;227;235;232;0.0000;0.0000;20.0000;7.3443;59.0929;0.0000;1;0;0;0;1;0;65566
35028;0;0;0;227;235;232;0.0000;0.0000;20.0000;7.3443;59.0929;0.0000;1;0;0;0;1;0;65566
35038;0;0;0;227;235;232;0.0000;0.0000;20.0000;7.3443;59.0929;0.0000;1;0;0;0;1;0;65566
35049;0;0;0;227;235;232;0.0000;0.0000;20.0000;7.3443;59.0929;0.0000;1;0;0;0;1;0;65566
35059;0;0;0;227;235;232;0.0000;0.0000;20.0000;7.3443;59.0929;0.0000;1;0;0;0;1;0;65560
35070;0;0;0;227;235;232;0.0000;0.0000;20.0000;7.3443;59.0929;0.0000;1;0;0;0;1;0;65536
35081;0;0;0;227;235;232;0.0000;0.0000;20.0000;7.3443;59.0929;0.0000;1;0;0;0;1;0;65536
35091;0;0;0;227;235;232;0.0000;0.0000;20.0000;7.3443;59.0929;0.0000;1;0;0;0;1;0;65536
35102;0;0;0;227;235;232;0.0000;0.0000;20.0000;7.3443;59.0929;0.0000;1;0;0;0;1;0;65536
35112;0;0;0;227;235;232;0.0000;0.0000;20.0000;7.3443;59.0929;0.0000;1;0;0;0;1;0;65536
35122;0;0;0;227;235;232;0.0000;0.0000;20.0000;7.3443;59.0929;0.0000;1;0;0;0;1;0;65536
35133;0;0;0;227;235;232;0.0000;0.0000;20.0000;7.3443;59.0929;0.0000;1;0;0;0;1;0;65536
35143;0;0;0;227;235;232;0.0000;0.0000;20.0000;7.3443;59.0929;0.0000;1;0;0;0;1;0;65536
35153;0;0;0;227;235;232;0.0000;0.0000;20.0000;7.3443;59.0929;0.0000;1;0;0;0;1;0;65536
35165;0;0;0;227;235;232;0.0000;0.0000;20.0000;7.3443;59.0929;0.0000;1;0;0;0;1;0;65536
35175;0;0;0;227;235;232;0.0000;0.0000;20.0000;7.3443;59.0929;0.0000;1;0;0;0;1;0;65536
35186;0;0;0;227;235;232;0.0000;0.0000;20.0000;7.3443;59.0929;0.0000;1;0;0;0;1;0;65536
35196;0;0;0;227;235;232;0.0000;0.0000;20.0000;7.3443;59.0929;0.0000;1;0;0;0;1;0;65536
35207;0;0;0;227;235;232;0.0000;0.0000;0.0000;7.3427;59.0941;0.0000;1;0;0;0;1;0;65536
35217;0;0;0;227;235;232;0.0000;0.0000;0.0000;7.3427;59.0941;0.0000;1;0;0;0;1;0;65536
35227;0;0;0;227;235;232;0.0000;0.0000;0.0000;7.3427;59.0941;0.0000;1;0;0;0;1;0;65536
35238;0;0;0;227;235;232;0.0000;0.0000;0.0000;7.3427;59.0941;0.0000;1;0;0;0;1;0;65536
35248;0;0;0;227;235;232;0.0000;0.0000;0.0000;7.3427;59.0941;0.0000;1;0;0;0;1;0;65536
35258;0;0;0;227;235;232;0.0000;0.0000;0.0000;7.3427;59.0941;0.0000;1;0;0;0;1;0;65536
35268;0;0;0;227;235;232;0.0000;0.0000;0.0000;7.3427;59.0941;0.0000;1;0;0;0;1;0;65536
35279;0;0;0;227;235;232;0.0000;0.0000;0.0000;7.3427;59.0941;0.0000;1;0;0;0;1;0;65536
35289;0;0;0;227;235;232;0.0000;0.0000;0.0000;7.3427;59.0941;0.0000;1;0;0;0;1;0;65536
35300;0;0;0;227;235;232;0.0000;0.0000;0.0000;7.3427;59.0941;0.0000;1;0;0;0;1;0;65536
35310;0;0;0;227;235;232;0.0000;0.0000;0.0000;7.3427;59.0941;0.0000;1;0;0;0;1;0;65536
35325;0;0;0;227;235;232;0.0000;0.0000;0.0000;7.3427;59.0941;0.0000;1;0;0;0;1;0;65536
35335;0;0;0;227;235;232;0.0000;0.0000;0.0000;7.3427;59.0941;0.0000;1;0;0;0;1;0;65536
35345;0;0;0;227;235;232;0.0000;0.0000;0.0000;7.3427;59.0941;0.0000;1;0;0;0;1;0;65536
35356;0;0;0;227;235;232;0.0000;0.0000;0.0000;7.3427;59.0941;0.0000;1;0;0;0;1;0;65536
35366;0;0;0;227;235;232;0.0000;0.0000;0.0000;7.3427;59.0941;0.0000;1;0;0;0;1;0;65536
35377;0;0;0;227;235;232;0.0000;0.0000;0.0000;7.3427;59.0941;0.0000;1;0;0;0;1;0;65540
35387;0;0;0;227;235;232;0.0000;0.0000;0.0000;7.3427;59.0941;0.0000;1;0;0;0;1;0;65540
35398;0;0;0;227;235;232;0.0000;0.0000;0.0000;7.3427;59.0941;0.0000;1;0;0;0;1;0;65540
35408;0;0;0;227;235;232;0.0000;0.0000;0.0000;7.3427;59.0941;0.0000;1;0;0;0;1;0;65540
35418;0;0;0;227;235;232;0.0000;0.0000;0.0000;7.3427;59.0941;0.0000;1;0;0;0;1;0;65540
35429;0;0;0;227;235;232;0.0000;0.0000;0.0000;7.3427;59.0941;0.0000;1;0;0;0;1;0;65540
35439;0;0;0;227;235;232;0.0000;0.0000;0.0000;7.3427;59.0941;0.0000;1;0;0;0;1;0;65540
35450;0;0;0;227;235;232;0.0000;0.0000;0.0000;7.3427;59.0941;0.0000;1;0;0;0;1;0;65540
35460;0;0;0;227;235;232;0.0000;0.0000;0.0000;7.3427;59.0941;0.0000;1;0;0;0;1;0;65540
35470;0;0;0;227;235;232;0.0000;0.0000;0.0000;7.3427;59.0941;0.0000;1;0;0;0;1;0;65540
35482;0;0;0;227;235;232;0.0000;0.0000;0.0000;7.3427;59.0941;0.0000;1;0;0;0;1;0;65566
35493;0;0;0;227;235;232;0.0000;0.0000;0.0000;7.3427;59.0941;0.0000;1;0;0;0;1;0;65566
35503;0;0;0;227;235;232;0.0000;0.0000;0.0000;7.3427;59.0941;0.0000;1;0;0;0;1;0;65566
35513;0;0;0;227;235;232;0.0000;0.0000;0.0000;7.3427;59.0941;0.0000;1;0;0;0;1;0;65566
35524;0;0;0;227;235;232;0.0000;0.0000;0.0000;7.3427;59.0941;0.0000;1;0;0;0;1;0;65566
35534;0;0;0;227;235;232;0.0000;0.0000;0.0000;7.3427;59.0941;0.0000;1;0;0;0;1;0;65566
35544;0;0;0;227;235;232;0.0000;0.0000;0.0000;7.3427;59.0941;0.0000;1;0;0;0;1;0;65566
35555;0;0;0;227;235;232;0.0000;0.0000;0.0000;7.3427;59.0941;0.0000;1;0;0;0;1;0;65566
35565;0;0;0;227;235;232;0.0000;0.0000;0.0000;7.3427;59.0941;0.0000;1;0;0;0;1;0;65566
35575;0;0;0;227;235;232;0.0000;0.0000;0.0000;7.3427;59.0941;0.0000;1;0;0;0;1;0;65566
35586;0;0;0;227;235;232;0.0000;0.0000;0.0000;7.3427;59.0941;0.0000;1;0;0;0;1;0;65566
35598;0;0;0;227;235;232;0.0000;0.0000;0.0000;7.3427;59.0941;0.0000;1;0;0;0;1;0;65566
35608;0;0;0;227;235;232;0.0000;0.0000;0.0000;7.3427;59.0941;0.0000;1;0;0;0;1;0;65566
35619;0;0;0;227;235;232;0.0000;0.0000;0.0000;7.3427;59.0941;0.0000;1;0;0;0;1;0;65566
35629;0;0;0;227;235;232;0.0000;0.0000;0.0000;7.3427;59.0941;0.0000;1;0;0;0;1;0;65566
35639;0;0;0;227;235;232;0.0000;0.0000;0.0000;7.3427;59.0941;0.0000;1;0;0;0;1;0;65566
35649;0;0;0;227;235;232;0.0000;0.0000;0.0000;7.3427;59.0941;0.0000;1;0;0;0;1;0;65566
35660;0;0;0;227;235;232;0.0000;0.0000;0.0000;7.3427;59.0941;0.0000;1;0;0;0;1;0;65566
35670;0;0;0;227;235;232;0.0000;0.0000;0.0000;7.3427;59.0941;0.0000;1;0;0;0;1;0;65566
35680;0;0;0;227;235;232;0.0000;0.0000;0.0000;7.3427;59.0941;0.0000;1;0;0;0;1;0;65566
35691;0;0;0;227;235;232;0.0000;0.0000;0.0000;7.3427;59.0941;0.0000;1;0;0;0;1;0;65566
35701;0;0;0;227;235;232;0.0000;0.0000;0.0000;7.3427;59.0941;0.0000;1;0;0;0;1;0;65566
35711;0;0;0;227;235;232;0.0000;0.0000;0.0000;7.3427;59.0941;0.0000;1;0;0;0;1;0;65566
35722;0;0;0;227;235;232;0.0000;0.0000;0.0000;7.3427;59.0941;0.0000;1;0;0;0;1;0;65566
35732;0;0;0;227;235;232;0.0000;0.0000;0.0000;7.3427;59.0941;0.0000;1;0;0;0;1;0;65566
35742;0;0;0;227;235;232;0.0000;0.0000;0.0000;7.3427;59.0941;0.0000;1;0;0;0;1;0;65566
35753;0;0;0;227;235;232;0.0000;0.0000;0.0000;7.3427;59.0941;0.0000;1;0;0;0;1;0;65566
35763;0;0;0;227;235;232;0.0000;0.0000;0.0000;7.3427;59.0941;0.0000;1;0;0;0;1;0;65566
35773;0;0;0;227;235;232;0.0000;0.0000;0.0000;7.3427;59.0941;0.0000;1;0;0;0;1;0;65566
35783;0;0;0;227;235;232;0.0000;0.0000;0.0000;7.3427;59.0941;0.0000;1;0;0;0;1;0;65566
35794;0;0;0;227;235;232;0.0000;0.0000;0.0000;7.3427;59.0941;0.0000;1;0;0;0;1;0;65566
35804;0;0;0;227;235;232;0.0000;0.0000;0.0000;7.3427;59.0941;0.0000;1;0;0;0;1;0;65566
35815;0;0;0;227;235;232;0.0000;0.0000;0.0000;7.3427;59.0941;0.0000;1;0;0;0;1;0;65566
35825;0;0;0;227;235;232;0.0000;0.0000;0.0000;7.3427;59.0941;0.0000;1;0;0;0;1;0;65566
35835;0;0;0;227;235;232;0.0000;0.0000;0.0000;7.3427;59.0941;0.0000;1;0;0;0;1;0;65566
35849;0;0;0;227;235;232;0.0000;0.0000;0.0000;7.3427;59.0941;0.0000;1;0;0;0;1;0;65566
35859;0;0;0;227;235;232;0.0000;0.0000;0.0000;7.3427;59.0941;0.0000;1;0;0;0;1;0;65566
35870;0;0;0;227;235;232;0.0000;0.0000;0.0000;7.3427;59.0941;0.0000;1;0;0;0;1;0;65566
35888;0;0;0;227;235;232;0.0000;0.0000;0.0000;7.3427;59.0941;0.0000;1;0;0;0;1;0;65566
35898;0;0;0;227;235;232;0.0000;0.0000;0.0000;7.3427;59.0941;0.0000;1;0;0;0;1;0;65566
35909;0;0;0;227;235;232;0.0000;0.0000;0.0000;7.3427;59.0941;0.0000;1;0;0;0;1;0;65566
35920;0;0;0;227;235;232;0.0000;0.0000;0.0000;7.3427;59.0941;0.0000;1;0;0;0;1;0;65566
35930;0;0;0;227;235;232;0.0000;0.0000;0.0000;7.3427;59.0941;0.0000;1;0;0;0;1;0;65566
35940;0;0;0;227;235;232;0.0000;0.0000;0.0000;7.3427;59.0941;0.0000;1;0;0;0;1;0;65566
35950;0;0;0;227;235;232;0.0000;0.0000;0.0000;7.3427;59.0941;0.0000;1;0;0;0;1;0;65566
35961;0;0;0;227;235;232;0.0000;0.0000;0.0000;7.3427;59.0941;0.0000;1;0;0;0;1;0;65566
35971;0;0;0;227;235;232;0.0000;0.0000;0.0000;7.3427;59.0941;0.0000;1;0;0;0;1;0;65566
35981;0;0;0;227;235;232;0.0000;0.0000;0.0000;7.3427;59.0941;0.0000;1;0;0;0;1;0;65566
35992;0;0;0;227;235;232;0.0000;0.0000;0.0000;7.3427;59.0941;0.0000;1;0;0;0;1;0;65564
36002;0;0;0;227;235;232;0.0000;0.0000;0.0000;7.3427;59.0941;0.0000;1;0;0;0;1;0;65536
36013;0;0;0;227;235;232;0.0000;0.0000;0.0000;7.3427;59.0941;0.0000;1;0;0;0;1;0;65536
36023;0;0;0;227;235;232;0.0000;0.0000;0.0000;7.3427;59.0941;0.0000;1;0;0;0;1;0;65536
36033;0;0;0;227;235;232;0.0000;0.0000;0.0000;7.3427;59.0941;0.0000;1;0;0;0;1;0;65536
36044;0;0;0;227;235;232;0.0000;0.0000;0.0000;7.3427;59.0941;0.0000;1;0;0;0;1;0;65536
36054;0;0;0;227;235;232;0.0000;0.0000;0.0000;7.3427;59.0941;0.0000;1;0;0;0;1;0;65536
36064;0;0;0;227;235;232;0.0000;0.0000;0.0000;7.3427;59.0941;0.0000;1;0;0;0;1;0;65536
36074;0;0;0;227;235;232;0.0000;0.0000;0.0000;7.3427;59.0941;0.0000;1;0;0;0;1;0;65536
36087;0;0;0;227;235;232;0.0000;0.0000;0.0000;7.3427;59.0941;0.0000;1;0;0;0;1;0;65536
36097;0;0;0;227;235;232;0.0000;0.0000;0.0000;7.3427;59.0941;0.0000;1;0;0;0;1;0;65536
36108;0;0;0;227;235;232;0.0000;0.0000;0.0000;7.3427;59.0941;0.0000;1;0;0;0;1;0;65536
36118;0;0;0;227;235;232;0.0000;0.0000;0.0000;7.3427;59.0941;0.0000;1;0;0;0;1;0;65536
36129;0;0;0;227;235;232;0.0000;0.0000;0.0000;7.3427;59.0941;0.0000;1;0;0;0;1;0;65536
36139;0;0;0;227;235;232;0.0000;0.0000;0.0000;7.3427;59.0941;0.0000;1;0;0;0;1;0;65536
36149;0;0;0;227;235;232;0.0000;0.0000;0.0000;7.3427;59.0941;0.0000;1;0;0;0;1;0;65536
36159;0;0;0;227;235;232;0.0000;0.0000;0.0000;7.3427;59.0941;0.0000;1;0;0;0;1;0;65536
36170;0;0;0;227;235;232;0.0000;0.0000;0.0000;7.3427;59.0941;0.0000;1;0;0;0;1;0;65536
36180;0;0;0;227;235;232;0.0000;0.0000;0.0000;7.3427;59.0941;0.0000;1;0;0;0;1;0;65536
36190;0;0;0;227;235;232;0.0000;0.0000;0.0000;7.3427;59.0941;0.0000;1;0;0;0;1;0;65536
36200;0;0;0;227;235;232;0.0000;0.0000;0.0000;7.3427;59.0941;0.0000;1;0;0;0;1;0;65536
36211;0;0;0;227;235;232;0.0000;0.0000;11.1111;7.3411;59.0953;0.0000;1;0;0;0;1;0;65536
36221;0;0;0;227;235;232;0.0000;0.0000;11.1111;7.3411;59.0953;0.0000;1;0;0;0;1;0;65536
36232;0;0;0;227;235;232;0.0000;0.0000;11.1111;7.3411;59.0953;0.0000;1;0;0;0;1;0;65536
36242;0;0;0;227;235;232;0.0000;0.0000;11.1111;7.3411;59.0953;0.0000;1;0;0;0;1;0;65536
36252;0;0;0;227;235;232;0.0000;0.0000;11.1111;7.3411;59.0953;0.0000;1;0;0;0;1;0;65536
36262;0;0;0;227;235;232;0.0000;0.0000;11.1111;7.3411;59.0953;0.0000;1;0;0;0;1;0;65536
36273;0;0;0;227;235;232;0.0000;0.0000;11.1111;7.3411;59.0953;0.0000;1;0;0;0;1;0;65536
36283;0;0;0;227;235;232;0.0000;0.0000;11.1111;7.3411;59.0953;0.0000;1;0;0;0;1;0;65536
36293;0;0;0;227;235;232;0.0000;0.0000;11.1111;7.3411;59.0953;0.0000;1;0;0;0;1;0;65536
36304;0;0;0;227;235;232;0.0000;0.0000;11.1111;7.3411;59.0953;0.0000;1;0;0;0;1;0;65536
36315;0;0;0;227;235;232;0.0000;0.0000;11.1111;7.3411;59.0953;0.0000;1;0;0;0;1;0;65540
36325;0;0;0;227;235;232;0.0000;0.0000;11.1111;7.3411;59.0953;0.0000;1;0;0;0;1;0;65540
36336;0;0;0;227;235;232;0.0000;0.0000;11.1111;7.3411;59.0953;0.0000;1;0;0;0;1;0;65540
36346;0;0;0;227;235;232;0.0000;0.0000;11.1111;7.3411;59.0953;0.0000;1;0;0;0;1;0;65540
36356;0;0;0;227;235;232;0.0000;0.0000;11.1111;7.3411;59.0953;0.0000;1;0;0;0;1;0;65540
36367;0;0;0;227;235;232;0.0000;0.0000;11.1111;7.3411;59.0953;0.0000;1;0;0;0;1;0;65540
36377;0;0;0;227;235;232;0.0000;0.0000;11.1111;7.3411;59.0953;0.0000;1;0;0;0;1;0;65540
36388;0;0;0;227;235;232;0.0000;0.0000;11.1111;7.3411;59.0953;0.0000;1;0;0;0;1;0;65540
36398;0;0;0;227;235;232;0.0000;0.0000;11.1111;7.3411;59.0953;0.0000;1;0;0;0;1;0;65540
36408;0;0;0;227;235;232;0.0000;0.0000;11.1111;7.3411;59.0953;0.0000;1;0;0;0;1;0;65540
36419;0;0;0;227;235;232;0.0000;0.0000;11.1111;7.3411;59.0953;0.0000;1;0;0;0;1;0;65540
36429;0;0;0;227;235;232;0.0000;0.0000;11.1111;7.3411;59.0953;0.0000;1;0;0;0;1;0;65540
36440;0;0;0;227;235;232;0.0000;0.0000;11.1111;7.3411;59.0953;0.0000;1;0;0;0;1;0;65540
36450;0;0;0;227;235;232;0.0000;0.0000;11.1111;7.3411;59.0953;0.0000;1;0;0;0;1;0;65540
36461;0;0;0;227;235;232;0.0000;0.0000;11.1111;7.3411;59.0953;0.0000;1;0;0;0;1;0;65540
36471;0;0;0;227;235;232;0.0000;0.0000;11.1111;7.3411;59.0953;0.0000;1;0;0;0;1;0;65540
36482;0;0;0;227;235;232;0.0000;0.0000;11.1111;7.3411;59.0953;0.0000;1;0;0;0;1;0;65540
36492;0;0;0;227;235;232;0.0000;0.0000;11.1111;7.3411;59.0953;0.0000;1;0;0;0;1;0;65540
36502;0;0;0;227;235;232;0.0000;0.0000;11.1111;7.3411;59.0953;0.0000;1;0;0;0;1;0;65540
36513;0;0;0;227;235;232;0.0000;0.0000;11.1111;7.3411;59.0953;0.0000;1;0;0;0;1;0;65540
36523;0;0;0;227;235;232;0.0000;0.0000;11.1111;7.3411;59.0953;0.0000;1;0;0;0;1;0;65566
36534;0;0;0;227;235;232;0.0000;0.0000;11.1111;7.3411;59.0953;0.0000;1;0;0;0;1;0;65566
36544;0;0;0;227;235;232;0.0000;0.0000;11.1111;7.3411;59.0953;0.0000;1;0;0;0;1;0;65566
36554;0;0;0;227;235;232;0.0000;0.0000;11.1111;7.3411;59.0953;0.0000;1;0;0;0;1;0;65566
36565;0;0;0;227;235;232;0.0000;0.0000;11.1111;7.3411;59.0953;0.0000;1;0;0;0;1;0;65566
36575;0;0;0;227;235;232;0.0000;0.0000;11.1111;7.3411;59.0953;0.0000;1;0;0;0;1;0;65566
36585;0;0;0;227;235;232;0.0000;0.0000;11.1111;7.3411;59.0953;0.0000;1;0;0;0;1;0;65566
36596;0;0;0;227;235;232;0.0000;0.0000;11.1111;7.3411;59.0953;0.0000;1;0;0;0;1;0;65566
36607;0;0;0;227;235;232;0.0000;0.0000;11.1111;7.3411;59.0953;0.0000;1;0;0;0;1;0;65566
36617;0;0;0;227;235;232;0.0000;0.0000;11.1111;7.3411;59.0953;0.0000;1;0;0;0;1;0;65566
36627;0;0;0;227;235;232;0.0000;0.0000;11.1111;7.3411;59.0953;0.0000;1;0;0;0;1;0;65566
36638;0;0;0;227;235;232;0.0000;0.0000;11.1111;7.3411;59.0953;0.0000;1;0;0;0;1;0;65566
36648;0;0;0;227;235;232;0.0000;0.0000;11.1111;7.3411;59.0953;0.0000;1;0;0;0;1;0;65566
36659;0;0;0;227;235;232;0.0000;0.0000;11.1111;7.3411;59.0953;0.0000;1;0;0;0;1;0;65566
36669;0;0;0;227;235;232;0.0000;0.0000;11.1111;7.3411;59.0953;0.0000;1;0;0;0;1;0;65566
36679;0;0;0;227;235;232;0.0000;0.0000;11.1111;7.3411;59.0953;0.0000;1;0;0;0;1;0;65566
36690;0;0;0;227;235;232;0.0000;0.0000;11.1111;7.3411;59.0953;0.0000;1;0;0;0;1;0;65566
36700;0;0;0;227;235;232;0.0000;0.0000;11.1111;7.3411;59.0953;0.0000;1;0;0;0;1;0;65566
36711;0;0;0;227;235;232;0.0000;0.0000;11.1111;7.3411;59.0953;0.0000;1;0;0;0;1;0;65566
36721;0;0;0;227;235;232;0.0000;0.0000;11.1111;7.3411;59.0953;0.0000;1;0;0;0;1;0;65566
36731;0;0;0;227;235;232;0.0000;0.0000;11.1111;7.3411;59.0953;0.0000;1;0;0;0;1;0;65566
36742;0;0;0;227;235;232;0.0000;0.0000;11.1111;7.3411;59.0953;0.0000;1;0;0;0;1;0;65566
36752;0;0;0;227;235;232;0.0000;0.0000;11.1111;7.3411;59.0953;0.0000;1;0;0;0;1;0;65566
36762;0;0;0;227;235;232;0.0000;0.0000;11.1111;7.3411;59.0953;0.0000;1;0;0;0;1;0;65566
36772;0;0;0;227;235;232;0.0000;0.0000;11.1111;7.3411;59.0953;0.0000;1;0;0;0;1;0;65566
36783;0;0;0;227;235;232;0.0000;0.0000;11.1111;7.3411;59.0953;0.0000;1;0;0;0;1;0;65566
36793;0;0;0;227;235;232;0.0000;0.0000;11.1111;7.3411;59.0953;0.0000;1;0;0;0;1;0;65566
36803;0;0;0;227;235;232;0.0000;0.0000;11.1111;7.3411;59.0953;0.0000;1;0;0;0;1;0;65566
36814;0;0;0;227;235;232;0.0000;0.0000;11.1111;7.3411;59.0953;0.0000;1;0;0;0;1;0;65566
36824;0;0;0;227;235;232;0.0000;0.0000;11.1111;7.3411;59.0953;0.0000;1;0;0;0;1;0;65566
36835;0;0;0;227;235;232;0.0000;0.0000;11.1111;7.3411;59.0953;0.0000;1;0;0;0;1;0;65566
36845;0;0;0;227;235;232;0.0000;0.0000;11.1111;7.3411;59.0953;0.0000;1;0;0;0;1;0;65566
36855;0;0;0;227;235;232;0.0000;0.0000;11.1111;7.3411;59.0953;0.0000;1;0;0;0;1;0;65566
36865;0;0;0;227;235;232;0.0000;0.0000;11.1111;7.3411;59.0953;0.0000;1;0;0;0;1;0;65566
36876;0;0;0;227;235;232;0.0000;0.0000;11.1111;7.3411;59.0953;0.0000;1;0;0;0;1;0;65566
36886;0;0;0;227;235;232;0.0000;0.0000;11.1111;7.3411;59.0953;0.0000;1;0;0;0;1;0;65566
36896;0;0;0;227;235;232;0.0000;0.0000;11.1111;7.3411;59.0953;0.0000;1;0;0;0;1;0;65566
36907;0;0;0;227;235;232;0.0000;0.0000;11.1111;7.3411;59.0953;0.0000;1;0;0;0;1;0;65566
36919;0;0;0;227;235;232;0.0000;0.0000;11.1111;7.3411;59.0953;0.0000;1;0;0;0;1;0;65566
36930;0;0;0;227;235;232;0.0000;0.0000;11.1111;7.3411;59.0953;0.0000;1;0;0;0;1;0;65566
36940;0;0;0;227;235;232;0.0000;0.0000;11.1111;7.3411;59.0953;0.0000;1;0;0;0;1;0;65566
36950;0;0;0;227;235;232;0.0000;0.0000;11.1111;7.3411;59.0953;0.0000;1;0;0;0;1;0;65566
36961;0;0;0;227;235;232;0.0000;0.0000;11.1111;7.3411;59.0953;0.0000;1;0;0;0;1;0;65566
36971;0;0;0;227;235;232;0.0000;0.0000;11.1111;7.3411;59.0953;0.0000;1;0;0;0;1;0;65566
36981;0;0;0;227;235;232;0.0000;0.0000;11.1111;7.3411;59.0953;0.0000;1;0;0;0;1;0;65566
36992;0;0;0;227;235;232;0.0000;0.0000;11.1111;7.3411;59.0953;0.0000;1;0;0;0;1;0;65566
37002;0;0;0;227;235;232;0.0000;0.0000;11.1111;7.3411;59.0953;0.0000;1;0;0;0;1;0;65566
37012;0;0;0;227;235;232;0.0000;0.0000;11.1111;7.3411;59.0953;0.0000;1;0;0;0;1;0;65566
37023;0;0;0;227;235;232;0.0000;0.0000;11.1111;7.3411;59.0953;0.0000;1;0;0;0;1;0;65566
37033;0;0;0;227;235;232;0.0000;0.0000;11.1111;7.3411;59.0953;0.0000;1;0;0;0;1;0;65552
37044;0;0;0;227;235;232;0.0000;0.0000;11.1111;7.3411;59.0953;0.0000;1;0;0;0;1;0;65536
37054;0;0;0;227;235;232;0.0000;0.0000;11.1111;7.3411;59.0953;0.0000;1;0;0;0;1;0;65536
37065;0;0;0;227;235;232;0.0000;0.0000;11.1111;7.3411;59.0953;0.0000;1;0;0;0;1;0;65536
37075;0;0;0;227;235;232;0.0000;0.0000;11.1111;7.3411;59.0953;0.0000;1;0;0;0;1;0;65536
37085;0;0;0;227;235;232;0.0000;0.0000;11.1111;7.3411;59.0953;0.0000;1;0;0;0;1;0;65536
37095;0;0;0;227;235;232;0.0000;0.0000;11.1111;7.3411;59.0953;0.0000;1;0;0;0;1;0;65536
37106;0;0;0;227;235;232;0.0000;0.0000;11.1111;7.3411;59.0953;0.0000;1;0;0;0;1;0;65536
37116;0;0;0;227;235;232;0.0000;0.0000;11.1111;7.3411;59.0953;0.0000;1;0;0;0;1;0;65536
37127;0;0;0;227;235;232;0.0000;0.0000;11.1111;7.3411;59.0953;0.0000;1;0;0;0;1;0;65536
37138;0;0;0;227;235;232;0.0000;0.0000;11.1111;7.3411;59.0953;0.0000;1;0;0;0;1;0;65536
37148;0;0;0;227;235;232;0.0000;0.0000;11.1111;7.3411;59.0953;0.0000;1;0;0;0;1;0;65536
37158;0;0;0;227;235;232;0.0000;0.0000;11.1111;7.3411;59.0953;0.0000;1;0;0;0;1;0;65536
37169;0;0;0;227;235;232;0.0000;0.0000;11.1111;7.3411;59.0953;0.0000;1;0;0;0;1;0;65536
37179;0;0;0;227;235;232;0.0000;0.0000;11.1111;7.3411;59.0953;0.0000;1;0;0;0;1;0;65536
37189;0;0;0;227;235;232;0.0000;0.0000;11.1111;7.3411;59.0953;0.0000;1;0;0;0;1;0;65536
37199;0;0;0;227;235;232;0.0000;0.0000;11.1111;7.3411;59.0953;0.0000;1;0;0;0;1;0;65536
37210;0;0;0;227;235;232;0.0000;0.0000;20.0000;7.3395;59.0966;0.0000;1;0;0;0;1;0;65536
37220;0;0;0;227;235;232;0.0000;0.0000;20.0000;7.3395;59.0966;0.0000;1;0;0;0;1;0;65536
37231;0;0;0;227;235;232;0.0000;0.0000;20.0000;7.3395;59.0966;0.0000;1;0;0;0;1;0;65536
37241;0;0;0;227;235;232;0.0000;0.0000;20.0000;7.3395;59.0966;0.0000;1;0;0;0;1;0;65536
37251;0;0;0;227;235;232;0.0000;0.0000;20.0000;7.3395;59.0966;0.0000;1;0;0;0;1;0;65536
37262;0;0;0;227;235;232;0.0000;0.0000;20.0000;7.3395;59.0966;0.0000;1;0;0;0;1;0;65536
37272;0;0;0;227;235;232;0.0000;0.0000;20.0000;7.3395;59.0966;0.0000;1;0;0;0;1;0;65536
37282;0;0;0;227;235;232;0.0000;0.0000;20.0000;7.3395;59.0966;0.0000;1;0;0;0;1;0;65536
37292;0;0;0;227;235;232;0.0000;0.0000;20.0000;7.3395;59.0966;0.0000;1;0;0;0;1;0;65536
37303;0;0;0;227;235;232;0.0000;0.0000;20.0000;7.3395;59.0966;0.0000;1;0;0;0;1;0;65536
37313;0;0;0;227;235;232;0.0000;0.0000;20.0000;7.3395;59.0966;0.0000;1;0;0;0;1;0;65536
37324;0;0;0;227;235;232;0.0000;0.0000;20.0000;7.3395;59.0966;0.0000;1;0;0;0;1;0;65536
37334;0;0;0;227;235;232;0.0000;0.0000;20.0000;7.3395;59.0966;0.0000;1;0;0;0;1;0;65536
37345;0;0;0;227;235;232;0.0000;0.0000;20.0000;7.3395;59.0966;0.0000;1;0;0;0;1;0;65540
37355;0;0;0;227;235;232;0.0000;0.0000;20.0000;7.3395;59.0966;0.0000;1;0;0;0;1;0;65540
37366;0;0;0;227;235;232;0.0000;0.0000;20.0000;7.3395;59.0966;0.0000;1;0;0;0;1;0;65540
37376;0;0;0;227;235;232;0.0000;0.0000;20.0000;7.3395;59.0966;0.0000;1;0;0;0;1;0;65540
37386;0;0;0;227;235;232;0.0000;0.0000;20.0000;7.3395;59.0966;0.0000;1;0;0;0;1;0;65540
37397;0;0;0;227;235;232;0.0000;0.0000;20.0000;7.3395;59.0966;0.0000;1;0;0;0;1;0;65540
37407;0;0;0;227;235;232;0.0000;0.0000;20.0000;7.3395;59.0966;0.0000;1;0;0;0;1;0;65540
37417;0;0;0;227;235;232;0.0000;0.0000;20.0000;7.3395;59.0966;0.0000;1;0;0;0;1;0;65540
37428;0;0;0;227;235;232;0.0000;0.0000;20.0000;7.3395;59.0966;0.0000;1;0;0;0;1;0;65540
37438;0;0;0;227;235;232;0.0000;0.0000;20.0000;7.3395;59.0966;0.0000;1;0;0;0;1;0;65540
37450;0;0;0;227;235;232;0.0000;0.0000;20.0000;7.3395;59.0966;0.0000;1;0;0;0;1;0;65542
37461;0;0;0;227;235;232;0.0000;0.0000;20.0000;7.3395;59.0966;0.0000;1;0;0;0;1;0;65542
37471;0;0;0;227;235;232;0.0000;0.0000;20.0000;7.3395;59.0966;0.0000;1;0;0;0;1;0;65542
37482;0;0;0;227;235;232;0.0000;0.0000;20.0000;7.3395;59.0966;0.0000;1;0;0;0;1;0;65542
37492;0;0;0;227;235;232;0.0000;0.0000;20.0000;7.3395;59.0966;0.0000;1;0;0;0;1;0;65542
37503;0;0;0;227;235;232;0.0000;0.0000;20.0000;7.3395;59.0966;0.0000;1;0;0;0;1;0;65542
37513;0;0;0;227;235;232;0.0000;0.0000;20.0000;7.3395;59.0966;0.0000;1;0;0;0;1;0;65542
37524;0;0;0;227;235;232;0.0000;0.0000;20.0000;7.3395;59.0966;0.0000;1;0;0;0;1;0;65542
37534;0;0;0;227;235;232;0.0000;0.0000;20.0000;7.3395;59.0966;0.0000;1;0;0;0;1;0;65542
37545;0;0;0;227;235;232;0.0000;0.0000;20.0000;7.3395;59.0966;0.0000;1;0;0;0;1;0;65542
37555;0;0;0;227;235;232;0.0000;0.0000;20.0000;7.3395;59.0966;0.0000;1;0;0;0;1;0;65566
37565;0;0;0;227;235;232;0.0000;0.0000;20.0000;7.3395;59.0966;0.0000;1;0;0;0;1;0;65566
37576;0;0;0;227;235;232;0.0000;0.0000;20.0000;7.3395;59.0966;0.0000;1;0;0;0;1;0;65566
37586;0;0;0;227;235;232;0.0000;0.0000;20.0000;7.3395;59.0966;0.0000;1;0;0;0;1;0;65566
37596;0;0;0;227;235;232;0.0000;0.0000;20.0000;7.3395;59.0966;0.0000;1;0;0;0;1;0;65566
37607;0;0;0;227;235;232;0.0000;0.0000;20.0000;7.3395;59.0966;0.0000;1;0;0;0;1;0;65566
37617;0;0;0;227;235;232;0.0000;0.0000;20.0000;7.3395;59.0966;0.0000;1;0;0;0;1;0;65566
37627;0;0;0;227;235;232;0.0000;0.0000;20.0000;7.3395;59.0966;0.0000;1;0;0;0;1;0;65566
37638;0;0;0;227;235;232;0.0000;0.0000;20.0000;7.3395;59.0966;0.0000;1;0;0;0;1;0;65566
37648;0;0;0;227;235;232;0.0000;0.0000;20.0000;7.3395;59.0966;0.0000;1;0;0;0;1;0;65566
37658;0;0;0;227;235;232;0.0000;0.0000;20.0000;7.3395;59.0966;0.0000;1;0;0;0;1;0;65566
37669;0;0;0;227;235;232;0.0000;0.0000;20.0000;7.3395;59.0966;0.0000;1;0;0;0;1;0;65566
37679;0;0;0;227;235;232;0.0000;0.0000;20.0000;7.3395;59.0966;0.0000;1;0;0;0;1;0;65566
37689;0;0;0;227;235;232;0.0000;0.0000;20.0000;7.3395;59.0966;0.0000;1;0;0;0;1;0;65566
37700;0;0;0;227;235;232;0.0000;0.0000;20.0000;7.3395;59.0966;0.0000;1;0;0;0;1;0;65566
37710;0;0;0;227;235;232;0.0000;0.0000;20.0000;7.3395;59.0966;0.0000;1;0;0;0;1;0;65566
37720;0;0;0;227;235;232;0.0000;0.0000;20.0000;7.3395;59.0966;0.0000;1;0;0;0;1;0;65566
37731;0;0;0;227;235;232;0.0000;0.0000;20.0000;7.3395;59.0966;0.0000;1;0;0;0;1;0;65566
37741;0;0;0;227;235;232;0.0000;0.0000;20.0000;7.3395;59.0966;0.0000;1;0;0;0;1;0;65566
37751;0;0;0;227;235;232;0.0000;0.0000;20.0000;7.3395;59.0966;0.0000;1;0;0;0;1;0;65566
37762;0;0;0;227;235;232;0.0000;0.0000;20.0000;7.3395;59.0966;0.0000;1;0;0;0;1;0;65566
37772;0;0;0;227;235;232;0.0000;0.0000;20.0000;7.3395;59.0966;0.0000;1;0;0;0;1;0;65566
37782;0;0;0;227;235;232;0.0000;0.0000;20.0000;7.3395;59.0966;0.0000;1;0;0;0;1;0;65566
37793;0;0;0;227;235;232;0.0000;0.0000;20.0000;7.3395;59.0966;0.0000;1;0;0;0;1;0;65566
37803;0;0;0;227;235;232;0.0000;0.0000;20.0000;7.3395;59.0966;0.0000;1;0;0;0;1;0;65566
37813;0;0;0;227;235;232;0.0000;0.0000;20.0000;7.3395;59.0966;0.0000;1;0;0;0;1;0;65566
37824;0;0;0;227;235;232;0.0000;0.0000;20.0000;7.3395;59.0966;0.0000;1;0;0;0;1;0;65566
37834;0;0;0;227;235;232;0.0000;0.0000;20.0000;7.3395;59.0966;0.0000;1;0;0;0;1;0;65566
37844;0;0;0;227;235;232;0.0000;0.0000;20.0000;7.3395;59.0966;0.0000;1;0;0;0;1;0;65566
37855;0;0;0;227;235;232;0.0000;0.0000;20.0000;7.3395;59.0966;0.0000;1;0;0;0;1;0;65566
37865;0;0;0;227;235;232;0.0000;0.0000;20.0000;7.3395;59.0966;0.0000;1;0;0;0;1;0;65566
37875;0;0;0;227;235;232;0.0000;0.0000;20.0000;7.3395;59.0966;0.0000;1;0;0;0;1;0;65566
37886;0;0;0;227;235;232;0.0000;0.0000;20.0000;7.3395;59.0966;0.0000;1;0;0;0;1;0;65566
37896;0;0;0;227;235;232;0.0000;0.0000;20.0000;7.3395;59.0966;0.0000;1;0;0;0;1;0;65566
37907;0;0;0;227;235;232;0.0000;0.0000;20.0000;7.3395;59.0966;0.0000;1;0;0;0;1;0;65566
37917;0;0;0;227;235;232;0.0000;0.0000;20.0000;7.3395;59.0966;0.0000;1;0;0;0;1;0;65566
37928;0;0;0;227;235;232;0.0000;0.0000;20.0000;7.3395;59.0966;0.0000;1;0;0;0;1;0;65566
37938;0;0;0;227;235;232;0.0000;0.0000;20.0000;7.3395;59.0966;0.0000;1;0;0;0;1;0;65566
37949;0;0;0;227;235;232;0.0000;0.0000;20.0000;7.3395;59.0966;0.0000;1;0;0;0;1;0;65566
37959;0;0;0;227;235;232;0.0000;0.0000;20.0000;7.3395;59.0966;0.0000;1;0;0;0;1;0;65566
37970;0;0;0;227;235;232;0.0000;0.0000;20.0000;7.3395;59.0966;0.0000;1;0;0;0;1;0;65566
37980;0;0;0;227;235;232;0.0000;0.0000;20.0000;7.3395;59.0966;0.0000;1;0;0;0;1;0;65566
37991;0;0;0;227;235;232;0.0000;0.0000;20.0000;7.3395;59.0966;0.0000;1;0;0;0;1;0;65566
38001;0;0;0;227;235;232;0.0000;0.0000;20.0000;7.3395;59.0966;0.0000;1;0;0;0;1;0;65566
38011;0;0;0;227;235;232;0.0000;0.0000;20.0000;7.3395;59.0966;0.0000;1;0;0;0;1;0;65566
38022;0;0;0;227;235;232;0.0000;0.0000;20.0000;7.3395;59.0966;0.0000;1;0;0;0;1;0;65566
38032;0;0;0;227;235;232;0.0000;0.0000;20.0000;7.3395;59.0966;0.0000;1;0;0;0;1;0;65566
38043;0;0;0;227;235;232;0.0000;0.0000;20.0000;7.3395;59.0966;0.0000;1;0;0;0;1;0;65566
38053;0;0;0;227;235;232;0.0000;0.0000;20.0000;7.3395;59.0966;0.0000;1;0;0;0;1;0;65566
38063;0;0;0;227;235;232;0.0000;0.0000;20.0000;7.3395;59.0966;0.0000;1;0;0;0;1;0;65552
38074;0;0;0;227;235;232;0.0000;0.0000;20.0000;7.3395;59.0966;0.0000;1;0;0;0;1;0;65536
38084;0;0;0;227;235;232;0.0000;0.0000;20.0000;7.3395;59.0966;0.0000;1;0;0;0;1;0;65536
38094;0;0;0;227;235;232;0.0000;0.0000;20.0000;7.3395;59.0966;0.0000;1;0;0;0;1;0;65536
38105;0;0;0;227;235;232;0.0000;0.0000;20.0000;7.3395;59.0966;0.0000;1;0;0;0;1;0;65536
38115;0;0;0;227;235;232;0.0000;0.0000;20.0000;7.3395;59.0966;0.0000;1;0;0;0;1;0;65536
38126;0;0;0;227;235;232;0.0000;0.0000;20.0000;7.3395;59.0966;0.0000;1;0;0;0;1;0;65536
38136;0;0;0;227;235;232;0.0000;0.0000;20.0000;7.3395;59.0966;0.0000;1;0;0;0;1;0;65536
38147;0;0;0;227;235;232;0.0000;0.0000;20.0000;7.3395;59.0966;0.0000;1;0;0;0;1;0;65536
38157;0;0;0;227;235;232;0.0000;0.0000;20.0000;7.3395;59.0966;0.0000;1;0;0;0;1;0;65536
38168;0;0;0;227;235;232;0.0000;0.0000;20.0000;7.3395;59.0966;0.0000;1;0;0;0;1;0;65536
38179;0;0;0;227;235;232;0.0000;0.0000;20.0000;7.3395;59.0966;0.0000;1;0;0;0;1;0;65536
38189;0;0;0;227;235;232;0.0000;0.0000;20.0000;7.3395;59.0966;0.0000;1;0;0;0;1;0;65536
38199;0;0;0;227;235;232;0.0000;0.0000;20.0000;7.3395;59.0966;0.0000;1;0;0;0;1;0;65536
38210;0;0;0;227;235;232;0.0000;0.0000;20.0000;7.3379;59.0978;0.0000;1;0;0;0;1;0;65536
38221;0;0;0;227;235;232;0.0000;0.0000;20.0000;7.3379;59.0978;0.0000;1;0;0;0;1;0;65536
38231;0;0;0;227;235;232;0.0000;0.0000;20.0000;7.3379;59.0978;0.0000;1;0;0;0;1;0;65536
38242;0;0;0;227;235;232;0.0000;0.0000;20.0000;7.3379;59.0978;0.0000;1;0;0;0;1;0;65536
38252;0;0;0;227;235;232;0.0000;0.0000;20.0000;7.3379;59.0978;0.0000;1;0;0;0;1;0;65536
38262;0;0;0;227;235;232;0.0000;0.0000;20.0000;7.3379;59.0978;0.0000;1;0;0;0;1;0;65536
38272;0;0;0;227;235;232;0.0000;0.0000;20.0000;7.3379;59.0978;0.0000;1;0;0;0;1;0;65536
38283;0;0;0;227;235;232;0.0000;0.0000;20.0000;7.3379;59.0978;0.0000;1;0;0;0;1;0;65536
38293;0;0;0;227;235;232;0.0000;0.0000;20.0000;7.3379;59.0978;0.0000;1;0;0;0;1;0;65536
38303;0;0;0;227;235;232;0.0000;0.0000;20.0000;7.3379;59.0978;0.0000;1;0;0;0;1;0;65536
38314;0;0;0;227;235;232;0.0000;0.0000;20.0000;7.3379;59.0978;0.0000;1;0;0;0;1;0;65536
38324;0;0;0;227;235;232;0.0000;0.0000;20.0000;7.3379;59.0978;0.0000;1;0;0;0;1;0;65536
38335;0;0;0;227;235;232;0.0000;0.0000;20.0000;7.3379;59.0978;0.0000;1;0;0;0;1;0;65536
38346;0;0;0;227;235;232;0.0000;0.0000;20.0000;7.3379;59.0978;0.0000;1;0;0;0;1;0;65536
38356;0;0;0;227;235;232;0.0000;0.0000;20.0000;7.3379;59.0978;0.0000;1;0;0;0;1;0;65536
38366;0;0;0;227;235;232;0.0000;0.0000;20.0000;7.3379;59.0978;0.0000;1;0;0;0;1;0;65536
38377;0;0;0;227;235;232;0.0000;0.0000;20.0000;7.3379;59.0978;0.0000;1;0;0;0;1;0;65540
38387;0;0;0;227;235;232;0.0000;0.0000;20.0000;7.3379;59.0978;0.0000;1;0;0;0;1;0;65540
38398;0;0;0;227;235;232;0.0000;0.0000;20.0000;7.3379;59.0978;0.0000;1;0;0;0;1;0;65540
38408;0;0;0;227;235;232;0.0000;0.0000;20.0000;7.3379;59.0978;0.0000;1;0;0;0;1;0;65540
38418;0;0;0;227;235;232;0.0000;0.0000;20.0000;7.3379;59.0978;0.0000;1;0;0;0;1;0;65540
38429;0;0;0;227;235;232;0.0000;0.0000;20.0000;7.3379;59.0978;0.0000;1;0;0;0;1;0;65540
38440;0;0;0;227;235;232;0.0000;0.0000;20.0000;7.3379;59.0978;0.0000;1;0;0;0;1;0;65540
38450;0;0;0;227;235;232;0.0000;0.0000;20.0000;7.3379;59.0978;0.0000;1;0;0;0;1;0;65540
38461;0;0;0;227;235;232;0.0000;0.0000;20.0000;7.3379;59.0978;0.0000;1;0;0;0;1;0;65540
38471;0;0;0;227;235;232;0.0000;0.0000;20.0000;7.3379;59.0978;0.0000;1;0;0;0;1;0;65540
38482;0;0;0;227;235;232;0.0000;0.0000;20.0000;7.3379;59.0978;0.0000;1;0;0;0;1;0;65550
38493;0;0;0;227;235;232;0.0000;0.0000;20.0000;7.3379;59.0978;0.0000;1;0;0;0;1;0;65550
38503;0;0;0;227;235;232;0.0000;0.0000;20.0000;7.3379;59.0978;0.0000;1;0;0;0;1;0;65550
38514;0;0;0;227;235;232;0.0000;0.0000;20.0000;7.3379;59.0978;0.0000;1;0;0;0;1;0;65550
38524;0;0;0;227;235;232;0.0000;0.0000;20.0000;7.3379;59.0978;0.0000;1;0;0;0;1;0;65550
38534;0;0;0;227;235;232;0.0000;0.0000;20.0000;7.3379;59.0978;0.0000;1;0;0;0;1;0;65550
38545;0;0;0;227;235;232;0.0000;0.0000;20.0000;7.3379;59.0978;0.0000;1;0;0;0;1;0;65550
38555;0;0;0;227;235;232;0.0000;0.0000;20.0000;7.3379;59.0978;0.0000;1;0;0;0;1;0;65550
38565;0;0;0;227;235;232;0.0000;0.0000;20.0000;7.3379;59.0978;0.0000;1;0;0;0;1;0;65550
38576;0;0;0;227;235;232;0.0000;0.0000;20.0000;7.3379;59.0978;0.0000;1;0;0;0;1;0;65550
38586;0;0;0;227;235;232;0.0000;0.0000;20.0000;7.3379;59.0978;0.0000;1;0;0;0;1;0;65566
38596;0;0;0;227;235;232;0.0000;0.0000;20.0000;7.3379;59.0978;0.0000;1;0;0;0;1;0;65566
38606;0;0;0;227;235;232;0.0000;0.0000;20.0000;7.3379;59.0978;0.0000;1;0;0;0;1;0;65566
38617;0;0;0;227;235;232;0.0000;0.0000;20.0000;7.3379;59.0978;0.0000;1;0;0;0;1;0;65566
38627;0;0;0;227;235;232;0.0000;0.0000;20.0000;7.3379;59.0978;0.0000;1;0;0;0;1;0;65566
38638;0;0;0;227;235;232;0.0000;0.0000;20.0000;7.3379;59.0978;0.0000;1;0;0;0;1;0;65566
38648;0;0;0;227;235;232;0.0000;0.0000;20.0000;7.3379;59.0978;0.0000;1;0;0;0;1;0;65566
38660;0;0;0;227;235;232;0.0000;0.0000;20.0000;7.3379;59.0978;0.0000;1;0;0;0;1;0;65566
38670;0;0;0;227;235;232;0.0000;0.0000;20.0000;7.3379;59.0978;0.0000;1;0;0;0;1;0;65566
38681;0;0;0;227;235;232;0.0000;0.0000;20.0000;7.3379;59.0978;0.0000;1;0;0;0;1;0;65566
38691;0;0;0;227;235;232;0.0000;0.0000;20.0000;7.3379;59.0978;0.0000;1;0;0;0;1;0;65566
38702;0;0;0;227;235;232;0.0000;0.0000;20.0000;7.3379;59.0978;0.0000;1;0;0;0;1;0;65566
38712;0;0;0;227;235;232;0.0000;0.0000;20.0000;7.3379;59.0978;0.0000;1;0;0;0;1;0;65566
38722;0;0;0;227;235;232;0.0000;0.0000;20.0000;7.3379;59.0978;0.0000;1;0;0;0;1;0;65566
38733;0;0;0;227;235;232;0.0000;0.0000;20.0000;7.3379;59.0978;0.0000;1;0;0;0;1;0;65566
38743;0;0;0;227;235;232;0.0000;0.0000;20.0000;7.3379;59.0978;0.0000;1;0;0;0;1;0;65566
38754;0;0;0;227;235;232;0.0000;0.0000;20.0000;7.3379;59.0978;0.0000;1;0;0;0;1;0;65566
38764;0;0;0;227;235;232;0.0000;0.0000;20.0000;7.3379;59.0978;0.0000;1;0;0;0;1;0;65566
38774;0;0;0;227;235;232;0.0000;0.0000;20.0000;7.3379;59.0978;0.0000;1;0;0;0;1;0;65566
38797;0;0;0;227;235;232;0.0000;0.0000;20.0000;7.3379;59.0978;0.0000;1;0;0;0;1;0;65566
38807;0;0;0;227;235;232;0.0000;0.0000;20.0000;7.3379;59.0978;0.0000;1;0;0;0;1;0;65566
38818;0;0;0;227;235;232;0.0000;0.0000;20.0000;7.3379;59.0978;0.0000;1;0;0;0;1;0;65566
38828;0;0;0;227;235;232;0.0000;0.0000;20.0000;7.3379;59.0978;0.0000;1;0;0;0;1;0;65566
38839;0;0;0;227;235;232;0.0000;0.0000;20.0000;7.3379;59.0978;0.0000;1;0;0;0;1;0;65566
38849;0;0;0;227;235;232;0.0000;0.0000;20.0000;7.3379;59.0978;0.0000;1;0;0;0;1;0;65566
38860;0;0;0;227;235;232;0.0000;0.0000;20.0000;7.3379;59.0978;0.0000;1;0;0;0;1;0;65566
38870;0;0;0;227;235;232;0.0000;0.0000;20.0000;7.3379;59.0978;0.0000;1;0;0;0;1;0;65566
38880;0;0;0;227;235;232;0.0000;0.0000;20.0000;7.3379;59.0978;0.0000;1;0;0;0;1;0;65566
38891;0;0;0;227;235;232;0.0000;0.0000;20.0000;7.3379;59.0978;0.0000;1;0;0;0;1;0;65566
38901;0;0;0;227;235;232;0.0000;0.0000;20.0000;7.3379;59.0978;0.0000;1;0;0;0;1;0;65566
38911;0;0;0;227;235;232;0.0000;0.0000;20.0000;7.3379;59.0978;0.0000;1;0;0;0;1;0;65566
38922;0;0;0;227;235;232;0.0000;0.0000;20.0000;7.3379;59.0978;0.0000;1;0;0;0;1;0;65566
38932;0;0;0;227;235;232;0.0000;0.0000;20.0000;7.3379;59.0978;0.0000;1;0;0;0;1;0;65566
38943;0;0;0;227;235;232;0.0000;0.0000;20.0000;7.3379;59.0978;0.0000;1;0;0;0;1;0;65566
38953;0;0;0;227;235;232;0.0000;0.0000;20.0000;7.3379;59.0978;0.0000;1;0;0;0;1;0;65566
38963;0;0;0;227;235;232;0.0000;0.0000;20.0000;7.3379;59.0978;0.0000;1;0;0;0;1;0;65566
38973;0;0;0;227;235;232;0.0000;0.0000;20.0000;7.3379;59.0978;0.0000;1;0;0;0;1;0;65566
38984;0;0;0;227;235;232;0.0000;0.0000;20.0000;7.3379;59.0978;0.0000;1;0;0;0;1;0;65566
38994;0;0;0;227;235;232;0.0000;0.0000;20.0000;7.3379;59.0978;0.0000;1;0;0;0;1;0;65566
39005;0;0;0;227;235;232;0.0000;0.0000;20.0000;7.3379;59.0978;0.0000;1;0;0;0;1;0;65536
39019;0;0;0;227;235;232;0.0000;0.0000;20.0000;7.3379;59.0978;0.0000;1;0;0;0;1;0;65536
39030;0;0;0;227;235;232;0.0000;0.0000;20.0000;7.3379;59.0978;0.0000;1;0;0;0;1;0;65536
39040;0;0;0;227;235;232;0.0000;0.0000;20.0000;7.3379;59.0978;0.0000;1;0;0;0;1;0;65536
39050;0;0;0;227;235;232;0.0000;0.0000;20.0000;7.3379;59.0978;0.0000;1;0;0;0;1;0;65536
39061;0;0;0;227;235;232;0.0000;0.0000;20.0000;7.3379;59.0978;0.0000;1;0;0;0;1;0;65536
39071;0;0;0;227;235;232;0.0000;0.0000;20.0000;7.3379;59.0978;0.0000;1;0;0;0;1;0;65536
39081;0;0;0;227;235;232;0.0000;0.0000;20.0000;7.3379;59.0978;0.0000;1;0;0;0;1;0;65536
39092;0;0;0;227;235;232;0.0000;0.0000;20.0000;7.3379;59.0978;0.0000;1;0;0;0;1;0;65536
39102;0;0;0;227;235;232;0.0000;0.0000;20.0000;7.3379;59.0978;0.0000;1;0;0;0;1;0;65536
39113;0;0;0;227;235;232;0.0000;0.0000;20.0000;7.3379;59.0978;0.0000;1;0;0;0;1;0;65536
39123;0;0;0;227;235;232;0.0000;0.0000;20.0000;7.3379;59.0978;0.0000;1;0;0;0;1;0;65536
39134;0;0;0;227;235;232;0.0000;0.0000;20.0000;7.3379;59.0978;0.0000;1;0;0;0;1;0;65536
39144;0;0;0;227;235;232;0.0000;0.0000;20.0000;7.3379;59.0978;0.0000;1;0;0;0;1;0;65536
39155;0;0;0;227;235;232;0.0000;0.0000;20.0000;7.3379;59.0978;0.0000;1;0;0;0;1;0;65536
39165;0;0;0;227;235;232;0.0000;0.0000;20.0000;7.3379;59.0978;0.0000;1;0;0;0;1;0;65536
39175;0;0;0;227;235;232;0.0000;0.0000;20.0000;7.3379;59.0978;0.0000;1;0;0;0;1;0;65536
39185;0;0;0;227;235;232;0.0000;0.0000;20.0000;7.3379;59.0978;0.0000;1;0;0;0;1;0;65536
39195;0;0;0;227;235;232;0.0000;0.0000;20.0000;7.3379;59.0978;0.0000;1;0;0;0;1;0;65536
39206;0;0;0;227;235;232;0.0000;0.0000;20.0000;7.3379;59.0978;0.0000;1;0;0;0;1;0;65536
39217;0;0;0;227;235;232;0.0000;0.0000;0.0000;7.3346;59.0990;0.0000;1;0;0;0;1;0;65536
39227;0;0;0;227;235;232;0.0000;0.0000;0.0000;7.3346;59.0990;0.0000;1;0;0;0;1;0;65536
39238;0;0;0;227;235;232;0.0000;0.0000;0.0000;7.3346;59.0990;0.0000;1;0;0;0;1;0;65536
39248;0;0;0;227;235;232;0.0000;0.0000;0.0000;7.3346;59.0990;0.0000;1;0;0;0;1;0;65536
39258;0;0;0;227;235;232;0.0000;0.0000;0.0000;7.3346;59.0990;0.0000;1;0;0;0;1;0;65536
39268;0;0;0;227;235;232;0.0000;0.0000;0.0000;7.3346;59.0990;0.0000;1;0;0;0;1;0;65536
39279;0;0;0;227;235;232;0.0000;0.0000;0.0000;7.3346;59.0990;0.0000;1;0;0;0;1;0;65536
39289;0;0;0;227;235;232;0.0000;0.0000;0.0000;7.3346;59.0990;0.0000;1;0;0;0;1;0;65536
39299;0;0;0;227;235;232;0.0000;0.0000;0.0000;7.3346;59.0990;0.0000;1;0;0;0;1;0;65536
39310;0;0;0;227;235;232;0.0000;0.0000;0.0000;7.3346;59.0990;0.0000;1;0;0;0;1;0;65540
39320;0;0;0;227;235;232;0.0000;0.0000;0.0000;7.3346;59.0990;0.0000;1;0;0;0;1;0;65540
39331;0;0;0;227;235;232;0.0000;0.0000;0.0000;7.3346;59.0990;0.0000;1;0;0;0;1;0;65540
39341;0;0;0;227;235;232;0.0000;0.0000;0.0000;7.3346;59.0990;0.0000;1;0;0;0;1;0;65540
39352;0;0;0;227;235;232;0.0000;0.0000;0.0000;7.3346;59.0990;0.0000;1;0;0;0;1;0;65540
39362;0;0;0;227;235;232;0.0000;0.0000;0.0000;7.3346;59.0990;0.0000;1;0;0;0;1;0;65540
39372;0;0;0;227;235;232;0.0000;0.0000;0.0000;7.3346;59.0990;0.0000;1;0;0;0;1;0;65540
39383;0;0;0;227;235;232;0.0000;0.0000;0.0000;7.3346;59.0990;0.0000;1;0;0;0;1;0;65540
39393;0;0;0;227;235;232;0.0000;0.0000;0.0000;7.3346;59.0990;0.0000;1;0;0;0;1;0;65540
39403;0;0;0;227;235;232;0.0000;0.0000;0.0000;7.3346;59.0990;0.0000;1;0;0;0;1;0;65540
39413;0;0;0;227;235;232;0.0000;0.0000;0.0000;7.3346;59.0990;0.0000;1;0;0;0;1;0;65540
39424;0;0;0;227;235;232;0.0000;0.0000;0.0000;7.3346;59.0990;0.0000;1;0;0;0;1;0;65540
39434;0;0;0;227;235;232;0.0000;0.0000;0.0000;7.3346;59.0990;0.0000;1;0;0;0;1;0;65540
39445;0;0;0;227;235;232;0.0000;0.0000;0.0000;7.3346;59.0990;0.0000;1;0;0;0;1;0;65540
39455;0;0;0;227;235;232;0.0000;0.0000;0.0000;7.3346;59.0990;0.0000;1;0;0;0;1;0;65540
39466;0;0;0;227;235;232;0.0000;0.0000;0.0000;7.3346;59.0990;0.0000;1;0;0;0;1;0;65540
39476;0;0;0;227;235;232;0.0000;0.0000;0.0000;7.3346;59.0990;0.0000;1;0;0;0;1;0;65540
39488;0;0;0;227;235;232;0.0000;0.0000;0.0000;7.3346;59.0990;0.0000;1;0;0;0;1;0;65540
39498;0;0;0;227;235;232;0.0000;0.0000;0.0000;7.3346;59.0990;0.0000;1;0;0;0;1;0;65540
39509;0;0;0;227;235;232;0.0000;0.0000;0.0000;7.3346;59.0990;0.0000;1;0;0;0;1;0;65540
39519;0;0;0;227;235;232;0.0000;0.0000;0.0000;7.3346;59.0990;0.0000;1;0;0;0;1;0;65566
39530;0;0;0;227;235;232;0.0000;0.0000;0.0000;7.3346;59.0990;0.0000;1;0;0;0;1;0;65566
39540;0;0;0;227;235;232;0.0000;0.0000;0.0000;7.3346;59.0990;0.0000;1;0;0;0;1;0;65566
39551;0;0;0;227;235;232;0.0000;0.0000;0.0000;7.3346;59.0990;0.0000;1;0;0;0;1;0;65566
39561;0;0;0;227;235;232;0.0000;0.0000;0.0000;7.3346;59.0990;0.0000;1;0;0;0;1;0;65566
39571;0;0;0;227;235;232;0.0000;0.0000;0.0000;7.3346;59.0990;0.0000;1;0;0;0;1;0;65566
39581;0;0;0;227;235;232;0.0000;0.0000;0.0000;7.3346;59.0990;0.0000;1;0;0;0;1;0;65566
39592;0;0;0;227;235;232;0.0000;0.0000;0.0000;7.3346;59.0990;0.0000;1;0;0;0;1;0;65566
39602;0;0;0;227;235;232;0.0000;0.0000;0.0000;7.3346;59.0990;0.0000;1;0;0;0;1;0;65566
39612;0;0;0;227;235;232;0.0000;0.0000;0.0000;7.3346;59.0990;0.0000;1;0;0;0;1;0;65566
39622;0;0;0;227;235;232;0.0000;0.0000;0.0000;7.3346;59.0990;0.0000;1;0;0;0;1;0;65566
39633;0;0;0;227;235;232;0.0000;0.0000;0.0000;7.3346;59.0990;0.0000;1;0;0;0;1;0;65566
39643;0;0;0;227;235;232;0.0000;0.0000;0.0000;7.3346;59.0990;0.0000;1;0;0;0;1;0;65566
39653;0;0;0;227;235;232;0.0000;0.0000;0.0000;7.3346;59.0990;0.0000;1;0;0;0;1;0;65566
39664;0;0;0;227;235;232;0.0000;0.0000;0.0000;7.3346;59.0990;0.0000;1;0;0;0;1;0;65566
39674;0;0;0;227;235;232;0.0000;0.0000;0.0000;7.3346;59.0990;0.0000;1;0;0;0;1;0;65566
39684;0;0;0;227;235;232;0.0000;0.0000;0.0000;7.3346;59.0990;0.0000;1;0;0;0;1;0;65566
39695;0;0;0;227;235;232;0.0000;0.0000;0.0000;7.3346;59.0990;0.0000;1;0;0;0;1;0;65566
39705;0;0;0;227;235;232;0.0000;0.0000;0.0000;7.3346;59.0990;0.0000;1;0;0;0;1;0;65566
39715;0;0;0;227;235;232;0.0000;0.0000;0.0000;7.3346;59.0990;0.0000;1;0;0;0;1;0;65566
39727;0;0;0;227;235;232;0.0000;0.0000;0.0000;7.3346;59.0990;0.0000;1;0;0;0;1;0;65566
39738;0;0;0;227;235;232;0.0000;0.0000;0.0000;7.3346;59.0990;0.0000;1;0;0;0;1;0;65566
39748;0;0;0;227;235;232;0.0000;0.0000;0.0000;7.3346;59.0990;0.0000;1;0;0;0;1;0;65566
39758;0;0;0;227;235;232;0.0000;0.0000;0.0000;7.3346;59.0990;0.0000;1;0;0;0;1;0;65566
39770;0;0;0;227;235;232;0.0000;0.0000;0.0000;7.3346;59.0990;0.0000;1;0;0;0;1;0;65566
39780;0;0;0;227;235;232;0.0000;0.0000;0.0000;7.3346;59.0990;0.0000;1;0;0;0;1;0;65566
39791;0;0;0;227;235;232;0.0000;0.0000;0.0000;7.3346;59.0990;0.0000;1;0;0;0;1;0;65566
39801;0;0;0;227;235;232;0.0000;0.0000;0.0000;7.3346;59.0990;0.0000;1;0;0;0;1;0;65566
39811;0;0;0;227;235;232;0.0000;0.0000;0.0000;7.3346;59.0990;0.0000;1;0;0;0;1;0;65566
39822;0;0;0;227;235;232;0.0000;0.0000;0.0000;7.3346;59.0990;0.0000;1;0;0;0;1;0;65566
39832;0;0;0;227;235;232;0.0000;0.0000;0.0000;7.3346;59.0990;0.0000;1;0;0;0;1;0;65566
39843;0;0;0;227;235;232;0.0000;0.0000;0.0000;7.3346;59.0990;0.0000;1;0;0;0;1;0;65566
39853;0;0;0;227;235;232;0.0000;0.0000;0.0000;7.3346;59.0990;0.0000;1;0;0;0;1;0;65566
39864;0;0;0;227;235;232;0.0000;0.0000;0.0000;7.3346;59.0990;0.0000;1;0;0;0;1;0;65566
39874;0;0;0;227;235;232;0.0000;0.0000;0.0000;7.3346;59.0990;0.0000;1;0;0;0;1;0;65566
39884;0;0;0;227;235;232;0.0000;0.0000;0.0000;7.3346;59.0990;0.0000;1;0;0;0;1;0;65566
39894;0;0;0;227;235;232;0.0000;0.0000;0.0000;7.3346;59.0990;0.0000;1;0;0;0;1;0;65566
39905;0;0;0;227;235;232;0.0000;0.0000;0.0000;7.3346;59.0990;0.0000;1;0;0;0;1;0;65566
39915;0;0;0;227;235;232;0.0000;0.0000;0.0000;7.3346;59.0990;0.0000;1;0;0;0;1;0;65566
39925;0;0;0;227;235;232;0.0000;0.0000;0.0000;7.3346;59.0990;0.0000;1;0;0;0;1;0;65566
39936;0;0;0;227;235;232;0.0000;0.0000;0.0000;7.3346;59.0990;0.0000;1;0;0;0;1;0;65566
39946;0;0;0;227;235;232;0.0000;0.0000;0.0000;7.3346;59.0990;0.0000;1;0;0;0;1;0;65566
39956;0;0;0;227;235;232;0.0000;0.0000;0.0000;7.3346;59.0990;0.0000;1;0;0;0;1;0;65566
39967;0;0;0;227;235;232;0.0000;0.0000;0.0000;7.3346;59.0990;0.0000;1;0;0;0;1;0;65566
39977;0;0;0;227;235;232;0.0000;0.0000;0.0000;7.3346;59.0990;0.0000;1;0;0;0;1;0;65566
39987;0;0;0;227;235;232;0.0000;0.0000;0.0000;7.3346;59.0990;0.0000;1;0;0;0;1;0;65566
39998;0;0;0;227;235;232;0.0000;0.0000;0.0000;7.3346;59.0990;0.0000;1;0;0;0;1;0;65566
40008;0;0;0;227;235;232;0.0000;0.0000;0.0000;7.3346;59.0990;0.0000;1;0;0;0;1;0;65566
40018;0;0;0;227;235;232;0.0000;0.0000;0.0000;7.3346;59.0990;0.0000;1;0;0;0;1;0;65566
40030;0;0;0;227;235;232;0.0000;0.0000;0.0000;7.3346;59.0990;0.0000;1;0;0;0;1;0;65536
40049;0;0;0;227;235;232;0.0000;0.0000;0.0000;7.3346;59.0990;0.0000;1;0;0;0;1;0;65536
40060;0;0;0;227;235;232;0.0000;0.0000;0.0000;7.3346;59.0990;0.0000;1;0;0;0;1;0;65536
40070;0;0;0;227;235;232;0.0000;0.0000;0.0000;7.3346;59.0990;0.0000;1;0;0;0;1;0;65536
40081;0;0;0;227;235;232;0.0000;0.0000;0.0000;7.3346;59.0990;0.0000;1;0;0;0;1;0;65536
40091;0;0;0;227;235;232;0.0000;0.0000;0.0000;7.3346;59.0990;0.0000;1;0;0;0;1;0;65536
40101;0;0;0;227;235;232;0.0000;0.0000;0.0000;7.3346;59.0990;0.0000;1;0;0;0;1;0;65536
40112;0;0;0;227;235;232;0.0000;0.0000;0.0000;7.3346;59.0990;0.0000;1;0;0;0;1;0;65536
40122;0;0;0;227;235;232;0.0000;0.0000;0.0000;7.3346;59.0990;0.0000;1;0;0;0;1;0;65536
40132;0;0;0;227;235;232;0.0000;0.0000;0.0000;7.3346;59.0990;0.0000;1;0;0;0;1;0;65536
40143;0;0;0;227;235;232;0.0000;0.0000;0.0000;7.3346;59.0990;0.0000;1;0;0;0;1;0;65536
40153;0;0;0;227;235;232;0.0000;0.0000;0.0000;7.3346;59.0990;0.0000;1;0;0;0;1;0;65536
40164;0;0;0;227;235;232;0.0000;0.0000;0.0000;7.3346;59.0990;0.0000;1;0;0;0;1;0;65536
40174;0;0;0;227;235;232;0.0000;0.0000;0.0000;7.3346;59.0990;0.0000;1;0;0;0;1;0;65536
40184;0;0;0;227;235;232;0.0000;0.0000;0.0000;7.3346;59.0990;0.0000;1;0;0;0;1;0;65536
40195;0;0;0;227;235;232;0.0000;0.0000;0.0000;7.3346;59.0990;0.0000;1;0;0;0;1;0;65536
40205;0;0;0;227;235;232;0.0000;0.0000;0.0000;7.3346;59.0990;0.0000;1;0;0;0;1;0;65536
40215;0;0;0;227;235;232;0.0000;0.0000;33.3333;7.3330;59.1003;0.0000;1;0;0;0;1;0;65536
40225;0;0;0;227;235;232;0.0000;0.0000;33.3333;7.3330;59.1003;0.0000;1;0;0;0;1;0;65536
40236;0;0;0;227;235;232;0.0000;0.0000;33.3333;7.3330;59.1003;0.0000;1;0;0;0;1;0;65536
40247;0;0;0;227;235;232;0.0000;0.0000;33.3333;7.3330;59.1003;0.0000;1;0;0;0;1;0;65536
40257;0;0;0;227;235;232;0.0000;0.0000;33.3333;7.3330;59.1003;0.0000;1;0;0;0;1;0;65536
40267;0;0;0;227;235;232;0.0000;0.0000;33.3333;7.3330;59.1003;0.0000;1;0;0;0;1;0;65536
40278;0;0;0;227;235;232;0.0000;0.0000;33.3333;7.3330;59.1003;0.0000;1;0;0;0;1;0;65536
40288;0;0;0;227;235;232;0.0000;0.0000;33.3333;7.3330;59.1003;0.0000;1;0;0;0;1;0;65536
40299;0;0;0;227;235;232;0.0000;0.0000;33.3333;7.3330;59.1003;0.0000;1;0;0;0;1;0;65536
40309;0;0;0;227;235;232;0.0000;0.0000;33.3333;7.3330;59.1003;0.0000;1;0;0;0;1;0;65536
40319;0;0;0;227;235;232;0.0000;0.0000;33.3333;7.3330;59.1003;0.0000;1;0;0;0;1;0;65536
40330;0;0;0;227;235;232;0.0000;0.0000;33.3333;7.3330;59.1003;0.0000;1;0;0;0;1;0;65536
40342;0;0;0;227;235;232;0.0000;0.0000;33.3333;7.3330;59.1003;0.0000;1;0;0;0;1;0;65540
40353;0;0;0;227;235;232;0.0000;0.0000;33.3333;7.3330;59.1003;0.0000;1;0;0;0;1;0;65540
40363;0;0;0;227;235;232;0.0000;0.0000;33.3333;7.3330;59.1003;0.0000;1;0;0;0;1;0;65540
40373;0;0;0;227;235;232;0.0000;0.0000;33.3333;7.3330;59.1003;0.0000;1;0;0;0;1;0;65540
40384;0;0;0;227;235;232;0.0000;0.0000;33.3333;7.3330;59.1003;0.0000;1;0;0;0;1;0;65540
40394;0;0;0;227;235;232;0.0000;0.0000;33.3333;7.3330;59.1003;0.0000;1;0;0;0;1;0;65540
40404;0;0;0;227;235;232;0.0000;0.0000;33.3333;7.3330;59.1003;0.0000;1;0;0;0;1;0;65540
40415;0;0;0;227;235;232;0.0000;0.0000;33.3333;7.3330;59.1003;0.0000;1;0;0;0;1;0;65540
40425;0;0;0;227;235;232;0.0000;0.0000;33.3333;7.3330;59.1003;0.0000;1;0;0;0;1;0;65540
40435;0;0;0;227;235;232;0.0000;0.0000;33.3333;7.3330;59.1003;0.0000;1;0;0;0;1;0;65540
40446;0;0;0;227;235;232;0.0000;0.0000;33.3333;7.3330;59.1003;0.0000;1;0;0;0;1;0;65540
40456;0;0;0;227;235;232;0.0000;0.0000;33.3333;7.3330;59.1003;0.0000;1;0;0;0;1;0;65540
40467;0;0;0;227;235;232;0.0000;0.0000;33.3333;7.3330;59.1003;0.0000;1;0;0;0;1;0;65540
40477;0;0;0;227;235;232;0.0000;0.0000;33.3333;7.3330;59.1003;0.0000;1;0;0;0;1;0;65540
40488;0;0;0;227;235;232;0.0000;0.0000;33.3333;7.3330;59.1003;0.0000;1;0;0;0;1;0;65540
40498;0;0;0;227;235;232;0.0000;0.0000;33.3333;7.3330;59.1003;0.0000;1;0;0;0;1;0;65540
40509;0;0;0;227;235;232;0.0000;0.0000;33.3333;7.3330;59.1003;0.0000;1;0;0;0;1;0;65540
40519;0;0;0;227;235;232;0.0000;0.0000;33.3333;7.3330;59.1003;0.0000;1;0;0;0;1;0;65540
40530;0;0;0;227;235;232;0.0000;0.0000;33.3333;7.3330;59.1003;0.0000;1;0;0;0;1;0;65540
40540;0;0;0;227;235;232;0.0000;0.0000;33.3333;7.3330;59.1003;0.0000;1;0;0;0;1;0;65540
40555;0;0;0;227;235;232;0.0000;0.0000;33.3333;7.3330;59.1003;0.0000;1;0;0;0;1;0;65566
40566;0;0;0;227;235;232;0.0000;0.0000;33.3333;7.3330;59.1003;0.0000;1;0;0;0;1;0;65566
40576;0;0;0;227;235;232;0.0000;0.0000;33.3333;7.3330;59.1003;0.0000;1;0;0;0;1;0;65566
40586;0;0;0;227;235;232;0.0000;0.0000;33.3333;7.3330;59.1003;0.0000;1;0;0;0;1;0;65566
40596;0;0;0;227;235;232;0.0000;0.0000;33.3333;7.3330;59.1003;0.0000;1;0;0;0;1;0;65566
40607;0;0;0;227;235;232;0.0000;0.0000;33.3333;7.3330;59.1003;0.0000;1;0;0;0;1;0;65566
40617;0;0;0;227;235;232;0.0000;0.0000;33.3333;7.3330;59.1003;0.0000;1;0;0;0;1;0;65566
40627;0;0;0;227;235;232;0.0000;0.0000;33.3333;7.3330;59.1003;0.0000;1;0;0;0;1;0;65566
40637;0;0;0;227;235;232;0.0000;0.0000;33.3333;7.3330;59.1003;0.0000;1;0;0;0;1;0;65566
40648;0;0;0;227;235;232;0.0000;0.0000;33.3333;7.3330;59.1003;0.0000;1;0;0;0;1;0;65566
40658;0;0;0;227;235;232;0.0000;0.0000;33.3333;7.3330;59.1003;0.0000;1;0;0;0;1;0;65566
40669;0;0;0;227;235;232;0.0000;0.0000;33.3333;7.3330;59.1003;0.0000;1;0;0;0;1;0;65566
40679;0;0;0;227;235;232;0.0000;0.0000;33.3333;7.3330;59.1003;0.0000;1;0;0;0;1;0;65566
40689;0;0;0;227;235;232;0.0000;0.0000;33.3333;7.3330;59.1003;0.0000;1;0;0;0;1;0;65566
40700;0;0;0;227;235;232;0.0000;0.0000;33.3333;7.3330;59.1003;0.0000;1;0;0;0;1;0;65566
40710;0;0;0;227;235;232;0.0000;0.0000;33.3333;7.3330;59.1003;0.0000;1;0;0;0;1;0;65566
40720;0;0;0;227;235;232;0.0000;0.0000;33.3333;7.3330;59.1003;0.0000;1;0;0;0;1;0;65566
40730;0;0;0;227;235;232;0.0000;0.0000;33.3333;7.3330;59.1003;0.0000;1;0;0;0;1;0;65566
40741;0;0;0;227;235;232;0.0000;0.0000;33.3333;7.3330;59.1003;0.0000;1;0;0;0;1;0;65566
40751;0;0;0;227;235;232;0.0000;0.0000;33.3333;7.3330;59.1003;0.0000;1;0;0;0;1;0;65566
40762;0;0;0;227;235;232;0.0000;0.0000;33.3333;7.3330;59.1003;0.0000;1;0;0;0;1;0;65566
40772;0;0;0;227;235;232;0.0000;0.0000;33.3333;7.3330;59.1003;0.0000;1;0;0;0;1;0;65566
40782;0;0;0;227;235;232;0.0000;0.0000;33.3333;7.3330;59.1003;0.0000;1;0;0;0;1;0;65566
40799;0;0;0;227;235;232;0.0000;0.0000;33.3333;7.3330;59.1003;0.0000;1;0;0;0;1;0;65566
40809;0;0;0;227;235;232;0.0000;0.0000;33.3333;7.3330;59.1003;0.0000;1;0;0;0;1;0;65566
40820;0;0;0;227;235;232;0.0000;0.0000;33.3333;7.3330;59.1003;0.0000;1;0;0;0;1;0;65566
40830;0;0;0;227;235;232;0.0000;0.0000;33.3333;7.3330;59.1003;0.0000;1;0;0;0;1;0;65566
40840;0;0;0;227;235;232;0.0000;0.0000;33.3333;7.3330;59.1003;0.0000;1;0;0;0;1;0;65566
40851;0;0;0;227;235;232;0.0000;0.0000;33.3333;7.3330;59.1003;0.0000;1;0;0;0;1;0;65566
40861;0;0;0;227;235;232;0.0000;0.0000;33.3333;7.3330;59.1003;0.0000;1;0;0;0;1;0;65566
40872;0;0;0;227;235;232;0.0000;0.0000;33.3333;7.3330;59.1003;0.0000;1;0;0;0;1;0;65566
40882;0;0;0;227;235;232;0.0000;0.0000;33.3333;7.3330;59.1003;0.0000;1;0;0;0;1;0;65566
40892;0;0;0;227;235;232;0.0000;0.0000;33.3333;7.3330;59.1003;0.0000;1;0;0;0;1;0;65566
40903;0;0;0;227;235;232;0.0000;0.0000;33.3333;7.3330;59.1003;0.0000;1;0;0;0;1;0;65566
40913;0;0;0;227;235;232;0.0000;0.0000;33.3333;7.3330;59.1003;0.0000;1;0;0;0;1;0;65566
40923;0;0;0;227;235;232;0.0000;0.0000;33.3333;7.3330;59.1003;0.0000;1;0;0;0;1;0;65566
40933;0;0;0;227;235;232;0.0000;0.0000;33.3333;7.3330;59.1003;0.0000;1;0;0;0;1;0;65566
40944;0;0;0;227;235;232;0.0000;0.0000;33.3333;7.3330;59.1003;0.0000;1;0;0;0;1;0;65566
40956;0;0;0;227;235;232;0.0000;0.0000;33.3333;7.3330;59.1003;0.0000;1;0;0;0;1;0;65566
40966;0;0;0;227;235;232;0.0000;0.0000;33.3333;7.3330;59.1003;0.0000;1;0;0;0;1;0;65566
40976;0;0;0;227;235;232;0.0000;0.0000;33.3333;7.3330;59.1003;0.0000;1;0;0;0;1;0;65566
40987;0;0;0;227;235;232;0.0000;0.0000;33.3333;7.3330;59.1003;0.0000;1;0;0;0;1;0;65566
40997;0;0;0;227;235;232;0.0000;0.0000;33.3333;7.3330;59.1003;0.0000;1;0;0;0;1;0;65566
41007;0;0;0;227;235;232;0.0000;0.0000;33.3333;7.3330;59.1003;0.0000;1;0;0;0;1;0;65566
41017;0;0;0;227;235;232;0.0000;0.0000;33.3333;7.3330;59.1003;0.0000;1;0;0;0;1;0;65566
41028;0;0;0;227;235;232;0.0000;0.0000;33.3333;7.3330;59.1003;0.0000;1;0;0;0;1;0;65566
41038;0;0;0;227;235;232;0.0000;0.0000;33.3333;7.3330;59.1003;0.0000;1;0;0;0;1;0;65566
41049;0;0;0;227;235;232;0.0000;0.0000;33.3333;7.3330;59.1003;0.0000;1;0;0;0;1;0;65566
41060;0;0;0;227;235;232;0.0000;0.0000;33.3333;7.3330;59.1003;0.0000;1;0;0;0;1;0;65552
41076;0;0;0;227;235;232;0.0000;0.0000;33.3333;7.3330;59.1003;0.0000;1;0;0;0;1;0;65536
41087;0;0;0;227;235;232;0.0000;0.0000;33.3333;7.3330;59.1003;0.0000;1;0;0;0;1;0;65536
41097;0;0;0;227;235;232;0.0000;0.0000;33.3333;7.3330;59.1003;0.0000;1;0;0;0;1;0;65536
41108;0;0;0;227;235;232;0.0000;0.0000;33.3333;7.3330;59.1003;0.0000;1;0;0;0;1;0;65536
41119;0;0;0;227;235;232;0.0000;0.0000;33.3333;7.3330;59.1003;0.0000;1;0;0;0;1;0;65536
41130;0;0;0;227;235;230;0.0000;0.0000;33.3333;7.3330;59.1003;0.0000;1;0;0;0;1;0;65536
41140;0;0;0;227;235;230;0.0000;0.0000;33.3333;7.3330;59.1003;0.0000;1;0;0;0;1;0;65536
41151;0;0;0;227;235;230;0.0000;0.0000;33.3333;7.3330;59.1003;0.0000;1;0;0;0;1;0;65536
41161;0;0;0;227;235;230;0.0000;0.0000;33.3333;7.3330;59.1003;0.0000;1;0;0;0;1;0;65536
41171;0;0;0;227;235;230;0.0000;0.0000;33.3333;7.3330;59.1003;0.0000;1;0;0;0;1;0;65536
41182;0;0;0;227;235;230;0.0000;0.0000;33.3333;7.3330;59.1003;0.0000;1;0;0;0;1;0;65536
41192;0;0;0;227;235;230;0.0000;0.0000;33.3333;7.3330;59.1003;0.0000;1;0;0;0;1;0;65536
41202;0;0;0;227;235;230;0.0000;0.0000;33.3333;7.3330;59.1003;0.0000;1;0;0;0;1;0;65536
41213;0;0;0;227;235;230;0.0000;0.0000;33.3333;7.3330;59.1003;0.0000;1;0;0;0;1;0;65536
41223;0;0;0;227;235;230;0.0000;0.0000;44.4444;7.3314;59.1015;0.0000;1;0;0;0;1;0;65536
41234;0;0;0;227;235;230;0.0000;0.0000;44.4444;7.3314;59.1015;0.0000;1;0;0;0;1;0;65536
41244;0;0;0;227;235;230;0.0000;0.0000;44.4444;7.3314;59.1015;0.0000;1;0;0;0;1;0;65536
41254;0;0;0;227;235;230;0.0000;0.0000;44.4444;7.3314;59.1015;0.0000;1;0;0;0;1;0;65536
41265;0;0;0;227;235;230;0.0000;0.0000;44.4444;7.3314;59.1015;0.0000;1;0;0;0;1;0;65536
41275;0;0;0;227;235;230;0.0000;0.0000;44.4444;7.3314;59.1015;0.0000;1;0;0;0;1;0;65536
41286;0;0;0;227;235;230;0.0000;0.0000;44.4444;7.3314;59.1015;0.0000;1;0;0;0;1;0;65536
41296;0;0;0;227;235;230;0.0000;0.0000;44.4444;7.3314;59.1015;0.0000;1;0;0;0;1;0;65536
41309;0;0;0;227;235;230;0.0000;0.0000;44.4444;7.3314;59.1015;0.0000;1;0;0;0;1;0;65536
41319;0;0;0;227;235;230;0.0000;0.0000;44.4444;7.3314;59.1015;0.0000;1;0;0;0;1;0;65536
41330;0;0;0;227;235;230;0.0000;0.0000;44.4444;7.3314;59.1015;0.0000;1;0;0;0;1;0;65536
41341;0;0;0;227;235;230;0.0000;0.0000;44.4444;7.3314;59.1015;0.0000;1;0;0;0;1;0;65536
41351;0;0;0;227;235;230;0.0000;0.0000;44.4444;7.3314;59.1015;0.0000;1;0;0;0;1;0;65536
41363;0;0;0;227;235;230;0.0000;0.0000;44.4444;7.3314;59.1015;0.0000;1;0;0;0;1;0;65536
41373;0;0;0;227;235;230;0.0000;0.0000;44.4444;7.3314;59.1015;0.0000;1;0;0;0;1;0;65540
41384;0;0;0;227;235;230;0.0000;0.0000;44.4444;7.3314;59.1015;0.0000;1;0;0;0;1;0;65540
41394;0;0;0;227;235;230;0.0000;0.0000;44.4444;7.3314;59.1015;0.0000;1;0;0;0;1;0;65540
41404;0;0;0;227;235;230;0.0000;0.0000;44.4444;7.3314;59.1015;0.0000;1;0;0;0;1;0;65540
41415;0;0;0;227;235;230;0.0000;0.0000;44.4444;7.3314;59.1015;0.0000;1;0;0;0;1;0;65540
41425;0;0;0;227;235;230;0.0000;0.0000;44.4444;7.3314;59.1015;0.0000;1;0;0;0;1;0;65540
41435;0;0;0;227;235;230;0.0000;0.0000;44.4444;7.3314;59.1015;0.0000;1;0;0;0;1;0;65540
41446;0;0;0;227;235;230;0.0000;0.0000;44.4444;7.3314;59.1015;0.0000;1;0;0;0;1;0;65540
41457;0;0;0;227;235;230;0.0000;0.0000;44.4444;7.3314;59.1015;0.0000;1;0;0;0;1;0;65540
41467;0;0;0;227;235;230;0.0000;0.0000;44.4444;7.3314;59.1015;0.0000;1;0;0;0;1;0;65540
41478;0;0;0;227;235;230;0.0000;0.0000;44.4444;7.3314;59.1015;0.0000;1;0;0;0;1;0;65550
41488;0;0;0;227;235;230;0.0000;0.0000;44.4444;7.3314;59.1015;0.0000;1;0;0;0;1;0;65550
41499;0;0;0;227;235;230;0.0000;0.0000;44.4444;7.3314;59.1015;0.0000;1;0;0;0;1;0;65550
41509;0;0;0;227;235;230;0.0000;0.0000;44.4444;7.3314;59.1015;0.0000;1;0;0;0;1;0;65550
41520;0;0;0;227;235;230;0.0000;0.0000;44.4444;7.3314;59.1015;0.0000;1;0;0;0;1;0;65550
41530;0;0;0;227;235;230;0.0000;0.0000;44.4444;7.3314;59.1015;0.0000;1;0;0;0;1;0;65550
41540;0;0;0;227;235;230;0.0000;0.0000;44.4444;7.3314;59.1015;0.0000;1;0;0;0;1;0;65550
41551;0;0;0;227;235;230;0.0000;0.0000;44.4444;7.3314;59.1015;0.0000;1;0;0;0;1;0;65550
41561;0;0;0;227;235;230;0.0000;0.0000;44.4444;7.3314;59.1015;0.0000;1;0;0;0;1;0;65550
41572;0;0;0;227;235;230;0.0000;0.0000;44.4444;7.3314;59.1015;0.0000;1;0;0;0;1;0;65550
41582;0;0;0;227;235;230;0.0000;0.0000;44.4444;7.3314;59.1015;0.0000;1;0;0;0;1;0;65566
41592;0;0;0;227;235;230;0.0000;0.0000;44.4444;7.3314;59.1015;0.0000;1;0;0;0;1;0;65566
41603;0;0;0;227;235;230;0.0000;0.0000;44.4444;7.3314;59.1015;0.0000;1;0;0;0;1;0;65566
41613;0;0;0;227;235;230;0.0000;0.0000;44.4444;7.3314;59.1015;0.0000;1;0;0;0;1;0;65566
41624;0;0;0;227;235;230;0.0000;0.0000;44.4444;7.3314;59.1015;0.0000;1;0;0;0;1;0;65566
41635;0;0;0;227;235;230;0.0000;0.0000;44.4444;7.3314;59.1015;0.0000;1;0;0;0;1;0;65566
41645;0;0;0;227;235;230;0.0000;0.0000;44.4444;7.3314;59.1015;0.0000;1;0;0;0;1;0;65566
41656;0;0;0;227;235;230;0.0000;0.0000;44.4444;7.3314;59.1015;0.0000;1;0;0;0;1;0;65566
41666;0;0;0;227;235;230;0.0000;0.0000;44.4444;7.3314;59.1015;0.0000;1;0;0;0;1;0;65566
41676;0;0;0;227;235;230;0.0000;0.0000;44.4444;7.3314;59.1015;0.0000;1;0;0;0;1;0;65566
41687;0;0;0;227;235;230;0.0000;0.0000;44.4444;7.3314;59.1015;0.0000;1;0;0;0;1;0;65566
41697;0;0;0;227;235;230;0.0000;0.0000;44.4444;7.3314;59.1015;0.0000;1;0;0;0;1;0;65566
41707;0;0;0;227;235;230;0.0000;0.0000;44.4444;7.3314;59.1015;0.0000;1;0;0;0;1;0;65566
41718;0;0;0;227;235;230;0.0000;0.0000;44.4444;7.3314;59.1015;0.0000;1;0;0;0;1;0;65566
41728;0;0;0;227;235;230;0.0000;0.0000;44.4444;7.3314;59.1015;0.0000;1;0;0;0;1;0;65566
41738;0;0;0;227;235;230;0.0000;0.0000;44.4444;7.3314;59.1015;0.0000;1;0;0;0;1;0;65566
41748;0;0;0;227;235;230;0.0000;0.0000;44.4444;7.3314;59.1015;0.0000;1;0;0;0;1;0;65566
41759;0;0;0;227;235;230;0.0000;0.0000;44.4444;7.3314;59.1015;0.0000;1;0;0;0;1;0;65566
41769;0;0;0;227;235;230;0.0000;0.0000;44.4444;7.3314;59.1015;0.0000;1;0;0;0;1;0;65566
41780;0;0;0;227;235;230;0.0000;0.0000;44.4444;7.3314;59.1015;0.0000;1;0;0;0;1;0;65566
41790;0;0;0;227;235;230;0.0000;0.0000;44.4444;7.3314;59.1015;0.0000;1;0;0;0;1;0;65566
41800;0;0;0;227;235;230;0.0000;0.0000;44.4444;7.3314;59.1015;0.0000;1;0;0;0;1;0;65566
41810;0;0;0;227;235;230;0.0000;0.0000;44.4444;7.3314;59.1015;0.0000;1;0;0;0;1;0;65566
41821;0;0;0;227;235;230;0.0000;0.0000;44.4444;7.3314;59.1015;0.0000;1;0;0;0;1;0;65566
41831;0;0;0;227;235;230;0.0000;0.0000;44.4444;7.3314;59.1015;0.0000;1;0;0;0;1;0;65566
41841;0;0;0;227;235;230;0.0000;0.0000;44.4444;7.3314;59.1015;0.0000;1;0;0;0;1;0;65566
41852;0;0;0;227;235;230;0.0000;0.0000;44.4444;7.3314;59.1015;0.0000;1;0;0;0;1;0;65566
41862;0;0;0;227;235;230;0.0000;0.0000;44.4444;7.3314;59.1015;0.0000;1;0;0;0;1;0;65566
41872;0;0;0;227;235;230;0.0000;0.0000;44.4444;7.3314;59.1015;0.0000;1;0;0;0;1;0;65566
41883;0;0;0;227;235;230;0.0000;0.0000;44.4444;7.3314;59.1015;0.0000;1;0;0;0;1;0;65566
41893;0;0;0;227;235;230;0.0000;0.0000;44.4444;7.3314;59.1015;0.0000;1;0;0;0;1;0;65566
41904;0;0;0;227;235;230;0.0000;0.0000;44.4444;7.3314;59.1015;0.0000;1;0;0;0;1;0;65566
41914;0;0;0;227;235;230;0.0000;0.0000;44.4444;7.3314;59.1015;0.0000;1;0;0;0;1;0;65566
41924;0;0;0;227;235;230;0.0000;0.0000;44.4444;7.3314;59.1015;0.0000;1;0;0;0;1;0;65566
41935;0;0;0;227;235;230;0.0000;0.0000;44.4444;7.3314;59.1015;0.0000;1;0;0;0;1;0;65566
41945;0;0;0;227;235;230;0.0000;0.0000;44.4444;7.3314;59.1015;0.0000;1;0;0;0;1;0;65566
41956;0;0;0;227;235;230;0.0000;0.0000;44.4444;7.3314;59.1015;0.0000;1;0;0;0;1;0;65566
41966;0;0;0;227;235;230;0.0000;0.0000;44.4444;7.3314;59.1015;0.0000;1;0;0;0;1;0;65566
41976;0;0;0;227;235;230;0.0000;0.0000;44.4444;7.3314;59.1015;0.0000;1;0;0;0;1;0;65566
41987;0;0;0;227;235;230;0.0000;0.0000;44.4444;7.3314;59.1015;0.0000;1;0;0;0;1;0;65566
41997;0;0;0;227;235;230;0.0000;0.0000;44.4444;7.3314;59.1015;0.0000;1;0;0;0;1;0;65566
42008;0;0;0;227;235;230;0.0000;0.0000;44.4444;7.3314;59.1015;0.0000;1;0;0;0;1;0;65566
42018;0;0;0;227;235;230;0.0000;0.0000;44.4444;7.3314;59.1015;0.0000;1;0;0;0;1;0;65566
42028;0;0;0;227;235;230;0.0000;0.0000;44.4444;7.3314;59.1015;0.0000;1;0;0;0;1;0;65566
42038;0;0;0;227;235;230;0.0000;0.0000;44.4444;7.3314;59.1015;0.0000;1;0;0;0;1;0;65566
42049;0;0;0;227;235;230;0.0000;0.0000;44.4444;7.3314;59.1015;0.0000;1;0;0;0;1;0;65566
42059;0;0;0;227;235;230;0.0000;0.0000;44.4444;7.3314;59.1015;0.0000;1;0;0;0;1;0;65566
42070;0;0;0;227;235;230;0.0000;0.0000;44.4444;7.3314;59.1015;0.0000;1;0;0;0;1;0;65566
42080;0;0;0;227;235;230;0.0000;0.0000;44.4444;7.3314;59.1015;0.0000;1;0;0;0;1;0;65566
42091;0;0;0;227;235;230;0.0000;0.0000;44.4444;7.3314;59.1015;0.0000;1;0;0;0;1;0;65560
42101;0;0;0;227;235;230;0.0000;0.0000;44.4444;7.3314;59.1015;0.0000;1;0;0;0;1;0;65536
42111;0;0;0;227;235;230;0.0000;0.0000;44.4444;7.3314;59.1015;0.0000;1;0;0;0;1;0;65536
42122;0;0;0;227;235;230;0.0000;0.0000;44.4444;7.3314;59.1015;0.0000;1;0;0;0;1;0;65536
42132;0;0;0;227;235;230;0.0000;0.0000;44.4444;7.3314;59.1015;0.0000;1;0;0;0;1;0;65536
42142;0;0;0;227;235;230;0.0000;0.0000;44.4444;7.3314;59.1015;0.0000;1;0;0;0;1;0;65536
42153;0;0;0;227;235;230;0.0000;0.0000;44.4444;7.3314;59.1015;0.0000;1;0;0;0;1;0;65536
42164;0;0;0;227;235;230;0.0000;0.0000;44.4444;7.3314;59.1015;0.0000;1;0;0;0;1;0;65536
42174;0;0;0;227;235;230;0.0000;0.0000;44.4444;7.3314;59.1015;0.0000;1;0;0;0;1;0;65536
42185;0;0;0;227;235;230;0.0000;0.0000;44.4444;7.3314;59.1015;0.0000;1;0;0;0;1;0;65536
42196;0;0;0;227;235;230;0.0000;0.0000;44.4444;7.3314;59.1015;0.0000;1;0;0;0;1;0;65536
42207;0;0;0;227;235;230;0.0000;0.0000;44.4444;7.3314;59.1015;0.0000;1;0;0;0;1;0;65536
42218;0;0;0;227;235;230;0.0000;0.0000;20.0000;7.3298;59.1027;0.0000;1;0;0;0;1;0;65536
42228;0;0;0;227;235;230;0.0000;0.0000;20.0000;7.3298;59.1027;0.0000;1;0;0;0;1;0;65536
42239;0;0;0;227;235;230;0.0000;0.0000;20.0000;7.3298;59.1027;0.0000;1;0;0;0;1;0;65536
42249;0;0;0;227;235;230;0.0000;0.0000;20.0000;7.3298;59.1027;0.0000;1;0;0;0;1;0;65536
42259;0;0;0;227;235;230;0.0000;0.0000;20.0000;7.3298;59.1027;0.0000;1;0;0;0;1;0;65536
42270;0;0;0;227;235;230;0.0000;0.0000;20.0000;7.3298;59.1027;0.0000;1;0;0;0;1;0;65536
42284;0;0;0;227;235;230;0.0000;0.0000;20.0000;7.3298;59.1027;0.0000;1;0;0;0;1;0;65536
42294;0;0;0;227;235;230;0.0000;0.0000;20.0000;7.3298;59.1027;0.0000;1;0;0;0;1;0;65536
42305;0;0;0;227;235;230;0.0000;0.0000;20.0000;7.3298;59.1027;0.0000;1;0;0;0;1;0;65540
42319;0;0;0;227;235;230;0.0000;0.0000;20.0000;7.3298;59.1027;0.0000;1;0;0;0;1;0;65540
42330;0;0;0;227;235;230;0.0000;0.0000;20.0000;7.3298;59.1027;0.0000;1;0;0;0;1;0;65540
42341;0;0;0;227;235;230;0.0000;0.0000;20.0000;7.3298;59.1027;0.0000;1;0;0;0;1;0;65540
42351;0;0;0;227;235;230;0.0000;0.0000;20.0000;7.3298;59.1027;0.0000;1;0;0;0;1;0;65540
42362;0;0;0;227;235;230;0.0000;0.0000;20.0000;7.3298;59.1027;0.0000;1;0;0;0;1;0;65540
42372;0;0;0;227;235;230;0.0000;0.0000;20.0000;7.3298;59.1027;0.0000;1;0;0;0;1;0;65540
42382;0;0;0;227;235;230;0.0000;0.0000;20.0000;7.3298;59.1027;0.0000;1;0;0;0;1;0;65540
42393;0;0;0;227;235;230;0.0000;0.0000;20.0000;7.3298;59.1027;0.0000;1;0;0;0;1;0;65540
42404;0;0;0;227;235;230;0.0000;0.0000;20.0000;7.3298;59.1027;0.0000;1;0;0;0;1;0;65540
42414;0;0;0;227;235;230;0.0000;0.0000;20.0000;7.3298;59.1027;0.0000;1;0;0;0;1;0;65540
42424;0;0;0;227;235;230;0.0000;0.0000;20.0000;7.3298;59.1027;0.0000;1;0;0;0;1;0;65540
42435;0;0;0;227;235;230;0.0000;0.0000;20.0000;7.3298;59.1027;0.0000;1;0;0;0;1;0;65540
42445;0;0;0;227;235;230;0.0000;0.0000;20.0000;7.3298;59.1027;0.0000;1;0;0;0;1;0;65540
42455;0;0;0;227;235;230;0.0000;0.0000;20.0000;7.3298;59.1027;0.0000;1;0;0;0;1;0;65540
42466;0;0;0;227;235;230;0.0000;0.0000;20.0000;7.3298;59.1027;0.0000;1;0;0;0;1;0;65540
42476;0;0;0;227;235;230;0.0000;0.0000;20.0000;7.3298;59.1027;0.0000;1;0;0;0;1;0;65540
42486;0;0;0;227;235;230;0.0000;0.0000;20.0000;7.3298;59.1027;0.0000;1;0;0;0;1;0;65540
42498;0;0;0;227;235;230;0.0000;0.0000;20.0000;7.3298;59.1027;0.0000;1;0;0;0;1;0;65540
42509;0;0;0;227;235;230;0.0000;0.0000;20.0000;7.3298;59.1027;0.0000;1;0;0;0;1;0;65566
42520;0;0;0;227;235;230;0.0000;0.0000;20.0000;7.3298;59.1027;0.0000;1;0;0;0;1;0;65566
42530;0;0;0;227;235;230;0.0000;0.0000;20.0000;7.3298;59.1027;0.0000;1;0;0;0;1;0;65566
42545;0;0;0;227;235;230;0.0000;0.0000;20.0000;7.3298;59.1027;0.0000;1;0;0;0;1;0;65566
42556;0;0;0;227;235;230;0.0000;0.0000;20.0000;7.3298;59.1027;0.0000;1;0;0;0;1;0;65566
42569;0;0;0;227;235;230;0.0000;0.0000;20.0000;7.3298;59.1027;0.0000;1;0;0;0;1;0;65566
42580;0;0;0;227;235;230;0.0000;0.0000;20.0000;7.3298;59.1027;0.0000;1;0;0;0;1;0;65566
42590;0;0;0;227;235;230;0.0000;0.0000;20.0000;7.3298;59.1027;0.0000;1;0;0;0;1;0;65566
42600;0;0;0;227;235;230;0.0000;0.0000;20.0000;7.3298;59.1027;0.0000;1;0;0;0;1;0;65566
42612;0;0;0;227;235;230;0.0000;0.0000;20.0000;7.3298;59.1027;0.0000;1;0;0;0;1;0;65566
42623;0;0;0;227;235;230;0.0000;0.0000;20.0000;7.3298;59.1027;0.0000;1;0;0;0;1;0;65566
42633;0;0;0;227;235;230;0.0000;0.0000;20.0000;7.3298;59.1027;0.0000;1;0;0;0;1;0;65566
42643;0;0;0;227;235;230;0.0000;0.0000;20.0000;7.3298;59.1027;0.0000;1;0;0;0;1;0;65566
42653;0;0;0;227;235;230;0.0000;0.0000;20.0000;7.3298;59.1027;0.0000;1;0;0;0;1;0;65566
42664;0;0;0;227;235;230;0.0000;0.0000;20.0000;7.3298;59.1027;0.0000;1;0;0;0;1;0;65566
42674;0;0;0;227;235;230;0.0000;0.0000;20.0000;7.3298;59.1027;0.0000;1;0;0;0;1;0;65566
42684;0;0;0;227;235;230;0.0000;0.0000;20.0000;7.3298;59.1027;0.0000;1;0;0;0;1;0;65566
42695;0;0;0;227;235;230;0.0000;0.0000;20.0000;7.3298;59.1027;0.0000;1;0;0;0;1;0;65566
42705;0;0;0;227;235;230;0.0000;0.0000;20.0000;7.3298;59.1027;0.0000;1;0;0;0;1;0;65566
42715;0;0;0;227;235;230;0.0000;0.0000;20.0000;7.3298;59.1027;0.0000;1;0;0;0;1;0;65566
42726;0;0;0;227;235;230;0.0000;0.0000;20.0000;7.3298;59.1027;0.0000;1;0;0;0;1;0;65566
42736;0;0;0;227;235;230;0.0000;0.0000;20.0000;7.3298;59.1027;0.0000;1;0;0;0;1;0;65566
42746;0;0;0;227;235;230;0.0000;0.0000;20.0000;7.3298;59.1027;0.0000;1;0;0;0;1;0;65566
42756;0;0;0;227;235;230;0.0000;0.0000;20.0000;7.3298;59.1027;0.0000;1;0;0;0;1;0;65566
42767;0;0;0;227;235;230;0.0000;0.0000;20.0000;7.3298;59.1027;0.0000;1;0;0;0;1;0;65566
42777;0;0;0;227;235;230;0.0000;0.0000;20.0000;7.3298;59.1027;0.0000;1;0;0;0;1;0;65566
42787;0;0;0;227;235;230;0.0000;0.0000;20.0000;7.3298;59.1027;0.0000;1;0;0;0;1;0;65566
42798;0;0;0;227;235;230;0.0000;0.0000;20.0000;7.3298;59.1027;0.0000;1;0;0;0;1;0;65566
42808;0;0;0;227;235;230;0.0000;0.0000;20.0000;7.3298;59.1027;0.0000;1;0;0;0;1;0;65566
42818;0;0;0;227;235;230;0.0000;0.0000;20.0000;7.3298;59.1027;0.0000;1;0;0;0;1;0;65566
42829;0;0;0;227;235;230;0.0000;0.0000;20.0000;7.3298;59.1027;0.0000;1;0;0;0;1;0;65566
42839;0;0;0;227;235;230;0.0000;0.0000;20.0000;7.3298;59.1027;0.0000;1;0;0;0;1;0;65566
42849;0;0;0;227;235;230;0.0000;0.0000;20.0000;7.3298;59.1027;0.0000;1;0;0;0;1;0;65566
42860;0;0;0;227;235;230;0.0000;0.0000;20.0000;7.3298;59.1027;0.0000;1;0;0;0;1;0;65566
42871;0;0;0;227;235;230;0.0000;0.0000;20.0000;7.3298;59.1027;0.0000;1;0;0;0;1;0;65566
42881;0;0;0;227;235;230;0.0000;0.0000;20.0000;7.3298;59.1027;0.0000;1;0;0;0;1;0;65566
42891;0;0;0;227;235;230;0.0000;0.0000;20.0000;7.3298;59.1027;0.0000;1;0;0;0;1;0;65566
42902;0;0;0;227;235;230;0.0000;0.0000;20.0000;7.3298;59.1027;0.0000;1;0;0;0;1;0;65566
42912;0;0;0;227;235;230;0.0000;0.0000;20.0000;7.3298;59.1027;0.0000;1;0;0;0;1;0;65566
42922;0;0;0;227;235;230;0.0000;0.0000;20.0000;7.3298;59.1027;0.0000;1;0;0;0;1;0;65566
42932;0;0;0;227;235;230;0.0000;0.0000;20.0000;7.3298;59.1027;0.0000;1;0;0;0;1;0;65566
42943;0;0;0;227;235;230;0.0000;0.0000;20.0000;7.3298;59.1027;0.0000;1;0;0;0;1;0;65566
42953;0;0;0;227;235;230;0.0000;0.0000;20.0000;7.3298;59.1027;0.0000;1;0;0;0;1;0;65566
42964;0;0;0;227;235;230;0.0000;0.0000;20.0000;7.3298;59.1027;0.0000;1;0;0;0;1;0;65566
42974;0;0;0;227;235;230;0.0000;0.0000;20.0000;7.3298;59.1027;0.0000;1;0;0;0;1;0;65566
42985;0;0;0;227;235;230;0.0000;0.0000;20.0000;7.3298;59.1027;0.0000;1;0;0;0;1;0;65566
42995;0;0;0;227;235;230;0.0000;0.0000;20.0000;7.3298;59.1027;0.0000;1;0;0;0;1;0;65566
43005;0;0;0;227;235;230;0.0000;0.0000;20.0000;7.3298;59.1027;0.0000;1;0;0;0;1;0;65566
43016;0;0;0;227;235;230;0.0000;0.0000;20.0000;7.3298;59.1027;0.0000;1;0;0;0;1;0;65566
43027;0;0;0;227;235;230;0.0000;0.0000;20.0000;7.3298;59.1027;0.0000;1;0;0;0;1;0;65560
43037;0;0;0;227;235;230;0.0000;0.0000;20.0000;7.3298;59.1027;0.0000;1;0;0;0;1;0;65536
43048;0;0;0;227;235;230;0.0000;0.0000;20.0000;7.3298;59.1027;0.0000;1;0;0;0;1;0;65536
43058;0;0;0;227;235;230;0.0000;0.0000;20.0000;7.3298;59.1027;0.0000;1;0;0;0;1;0;65536
43069;0;0;0;227;235;230;0.0000;0.0000;20.0000;7.3298;59.1027;0.0000;1;0;0;0;1;0;65536
43080;0;0;0;227;235;230;0.0000;0.0000;20.0000;7.3298;59.1027;0.0000;1;0;0;0;1;0;65536
43090;0;0;0;227;235;230;0.0000;0.0000;20.0000;7.3298;59.1027;0.0000;1;0;0;0;1;0;65536
43100;0;0;0;227;235;230;0.0000;0.0000;20.0000;7.3298;59.1027;0.0000;1;0;0;0;1;0;65536
43111;0;0;0;227;235;230;0.0000;0.0000;20.0000;7.3298;59.1027;0.0000;1;0;0;0;1;0;65536
43121;0;0;0;227;235;230;0.0000;0.0000;20.0000;7.3298;59.1027;0.0000;1;0;0;0;1;0;65536
43133;0;0;0;227;235;230;0.0000;0.0000;20.0000;7.3298;59.1027;0.0000;1;0;0;0;1;0;65536
43143;0;0;0;227;235;230;0.0000;0.0000;20.0000;7.3298;59.1027;0.0000;1;0;0;0;1;0;65536
43153;0;0;0;227;235;230;0.0000;0.0000;20.0000;7.3298;59.1027;0.0000;1;0;0;0;1;0;65536
43164;0;0;0;227;235;230;0.0000;0.0000;20.0000;7.3298;59.1027;0.0000;1;0;0;0;1;0;65536
43174;0;0;0;227;235;230;0.0000;0.0000;20.0000;7.3298;59.1027;0.0000;1;0;0;0;1;0;65536
43184;0;0;0;227;235;230;0.0000;0.0000;20.0000;7.3298;59.1027;0.0000;1;0;0;0;1;0;65536
43195;0;0;0;227;235;230;0.0000;0.0000;20.0000;7.3298;59.1027;0.0000;1;0;0;0;1;0;65536
43205;0;0;0;227;235;230;0.0000;0.0000;20.0000;7.3298;59.1027;0.0000;1;0;0;0;1;0;65536
43215;0;0;0;227;235;230;0.0000;0.0000;20.0000;7.3298;59.1027;0.0000;1;0;0;0;1;0;65536
43226;0;0;0;227;235;230;0.0000;0.0000;11.1111;7.3282;59.1040;0.0000;1;0;0;0;1;0;65536
43236;0;0;0;227;235;230;0.0000;0.0000;11.1111;7.3282;59.1040;0.0000;1;0;0;0;1;0;65536
43246;0;0;0;227;235;230;0.0000;0.0000;11.1111;7.3282;59.1040;0.0000;1;0;0;0;1;0;65536
43257;0;0;0;227;235;230;0.0000;0.0000;11.1111;7.3282;59.1040;0.0000;1;0;0;0;1;0;65536
43267;0;0;0;227;235;230;0.0000;0.0000;11.1111;7.3282;59.1040;0.0000;1;0;0;0;1;0;65536
43278;0;0;0;227;235;230;0.0000;0.0000;11.1111;7.3282;59.1040;0.0000;1;0;0;0;1;0;65536
43288;0;0;0;227;235;230;0.0000;0.0000;11.1111;7.3282;59.1040;0.0000;1;0;0;0;1;0;65536
43299;0;0;0;227;235;230;0.0000;0.0000;11.1111;7.3282;59.1040;0.0000;1;0;0;0;1;0;65536
43309;0;0;0;227;235;230;0.0000;0.0000;11.1111;7.3282;59.1040;0.0000;1;0;0;0;1;0;65536
43319;0;0;0;227;235;230;0.0000;0.0000;11.1111;7.3282;59.1040;0.0000;1;0;0;0;1;0;65536
43330;0;0;0;227;235;230;0.0000;0.0000;11.1111;7.3282;59.1040;0.0000;1;0;0;0;1;0;65536
43340;0;0;0;227;235;230;0.0000;0.0000;11.1111;7.3282;59.1040;0.0000;1;0;0;0;1;0;65540
43351;0;0;0;227;235;230;0.0000;0.0000;11.1111;7.3282;59.1040;0.0000;1;0;0;0;1;0;65540
43361;0;0;0;227;235;230;0.0000;0.0000;11.1111;7.3282;59.1040;0.0000;1;0;0;0;1;0;65540
43372;0;0;0;227;235;230;0.0000;0.0000;11.1111;7.3282;59.1040;0.0000;1;0;0;0;1;0;65540
43382;0;0;0;227;235;230;0.0000;0.0000;11.1111;7.3282;59.1040;0.0000;1;0;0;0;1;0;65540
43392;0;0;0;227;235;230;0.0000;0.0000;11.1111;7.3282;59.1040;0.0000;1;0;0;0;1;0;65540
43403;0;0;0;227;235;230;0.0000;0.0000;11.1111;7.3282;59.1040;0.0000;1;0;0;0;1;0;65540
43413;0;0;0;227;235;230;0.0000;0.0000;11.1111;7.3282;59.1040;0.0000;1;0;0;0;1;0;65540
43429;0;0;0;227;235;230;0.0000;0.0000;11.1111;7.3282;59.1040;0.0000;1;0;0;0;1;0;65540
43439;0;0;0;227;235;230;0.0000;0.0000;11.1111;7.3282;59.1040;0.0000;1;0;0;0;1;0;65540
43450;0;0;0;227;235;230;0.0000;0.0000;11.1111;7.3282;59.1040;0.0000;1;0;0;0;1;0;65540
43460;0;0;0;227;235;230;0.0000;0.0000;11.1111;7.3282;59.1040;0.0000;1;0;0;0;1;0;65540
43471;0;0;0;227;235;230;0.0000;0.0000;11.1111;7.3282;59.1040;0.0000;1;0;0;0;1;0;65540
43482;0;0;0;227;235;230;0.0000;0.0000;11.1111;7.3282;59.1040;0.0000;1;0;0;0;1;0;65540
43492;0;0;0;227;235;230;0.0000;0.0000;11.1111;7.3282;59.1040;0.0000;1;0;0;0;1;0;65540
43503;0;0;0;227;235;230;0.0000;0.0000;11.1111;7.3282;59.1040;0.0000;1;0;0;0;1;0;65540
43513;0;0;0;227;235;230;0.0000;0.0000;11.1111;7.3282;59.1040;0.0000;1;0;0;0;1;0;65540
43524;0;0;0;227;235;230;0.0000;0.0000;11.1111;7.3282;59.1040;0.0000;1;0;0;0;1;0;65540
43534;0;0;0;227;235;230;0.0000;0.0000;11.1111;7.3282;59.1040;0.0000;1;0;0;0;1;0;65540
43544;0;0;0;227;235;230;0.0000;0.0000;11.1111;7.3282;59.1040;0.0000;1;0;0;0;1;0;65542
43555;0;0;0;227;235;230;0.0000;0.0000;11.1111;7.3282;59.1040;0.0000;1;0;0;0;1;0;65566
43566;0;0;0;227;235;230;0.0000;0.0000;11.1111;7.3282;59.1040;0.0000;1;0;0;0;1;0;65566
43576;0;0;0;227;235;230;0.0000;0.0000;11.1111;7.3282;59.1040;0.0000;1;0;0;0;1;0;65566
43587;0;0;0;227;235;230;0.0000;0.0000;11.1111;7.3282;59.1040;0.0000;1;0;0;0;1;0;65566
43597;0;0;0;227;235;230;0.0000;0.0000;11.1111;7.3282;59.1040;0.0000;1;0;0;0;1;0;65566
43607;0;0;0;227;235;230;0.0000;0.0000;11.1111;7.3282;59.1040;0.0000;1;0;0;0;1;0;65566
43618;0;0;0;227;235;230;0.0000;0.0000;11.1111;7.3282;59.1040;0.0000;1;0;0;0;1;0;65566
43628;0;0;0;227;235;230;0.0000;0.0000;11.1111;7.3282;59.1040;0.0000;1;0;0;0;1;0;65566
43638;0;0;0;227;235;230;0.0000;0.0000;11.1111;7.3282;59.1040;0.0000;1;0;0;0;1;0;65566
43650;0;0;0;227;235;230;0.0000;0.0000;11.1111;7.3282;59.1040;0.0000;1;0;0;0;1;0;65566
43660;0;0;0;227;235;230;0.0000;0.0000;11.1111;7.3282;59.1040;0.0000;1;0;0;0;1;0;65566
43671;0;0;0;227;235;230;0.0000;0.0000;11.1111;7.3282;59.1040;0.0000;1;0;0;0;1;0;65566
43681;0;0;0;227;235;230;0.0000;0.0000;11.1111;7.3282;59.1040;0.0000;1;0;0;0;1;0;65566
43692;0;0;0;227;235;230;0.0000;0.0000;11.1111;7.3282;59.1040;0.0000;1;0;0;0;1;0;65566
43702;0;0;0;227;235;230;0.0000;0.0000;11.1111;7.3282;59.1040;0.0000;1;0;0;0;1;0;65566
43712;0;0;0;227;235;230;0.0000;0.0000;11.1111;7.3282;59.1040;0.0000;1;0;0;0;1;0;65566
43723;0;0;0;227;235;230;0.0000;0.0000;11.1111;7.3282;59.1040;0.0000;1;0;0;0;1;0;65566
43733;0;0;0;227;235;230;0.0000;0.0000;11.1111;7.3282;59.1040;0.0000;1;0;0;0;1;0;65566
43743;0;0;0;227;235;230;0.0000;0.0000;11.1111;7.3282;59.1040;0.0000;1;0;0;0;1;0;65566
43753;0;0;0;227;235;230;0.0000;0.0000;11.1111;7.3282;59.1040;0.0000;1;0;0;0;1;0;65566
43764;0;0;0;227;235;230;0.0000;0.0000;11.1111;7.3282;59.1040;0.0000;1;0;0;0;1;0;65566
43774;0;0;0;227;235;230;0.0000;0.0000;11.1111;7.3282;59.1040;0.0000;1;0;0;0;1;0;65566
43784;0;0;0;227;235;230;0.0000;0.0000;11.1111;7.3282;59.1040;0.0000;1;0;0;0;1;0;65566
43851;0;0;0;227;235;230;0.0000;0.0000;11.1111;7.3282;59.1040;0.0000;1;0;0;0;1;0;65566
43862;0;0;0;227;235;230;0.0000;0.0000;11.1111;7.3282;59.1040;0.0000;1;0;0;0;1;0;65566
43872;0;0;0;227;235;230;0.0000;0.0000;11.1111;7.3282;59.1040;0.0000;1;0;0;0;1;0;65566
43883;0;0;0;227;235;230;0.0000;0.0000;11.1111;7.3282;59.1040;0.0000;1;0;0;0;1;0;65566
43893;0;0;0;227;235;230;0.0000;0.0000;11.1111;7.3282;59.1040;0.0000;1;0;0;0;1;0;65566
43904;0;0;0;227;235;230;0.0000;0.0000;11.1111;7.3282;59.1040;0.0000;1;0;0;0;1;0;65566
43914;0;0;0;227;235;230;0.0000;0.0000;11.1111;7.3282;59.1040;0.0000;1;0;0;0;1;0;65566
43924;0;0;0;227;235;230;0.0000;0.0000;11.1111;7.3282;59.1040;0.0000;1;0;0;0;1;0;65566
43934;0;0;0;227;235;230;0.0000;0.0000;11.1111;7.3282;59.1040;0.0000;1;0;0;0;1;0;65566
43945;0;0;0;227;235;230;0.0000;0.0000;11.1111;7.3282;59.1040;0.0000;1;0;0;0;1;0;65566
43956;0;0;0;227;235;230;0.0000;0.0000;11.1111;7.3282;59.1040;0.0000;1;0;0;0;1;0;65566
43967;0;0;0;227;235;230;0.0000;0.0000;11.1111;7.3282;59.1040;0.0000;1;0;0;0;1;0;65566
43977;0;0;0;227;235;230;0.0000;0.0000;11.1111;7.3282;59.1040;0.0000;1;0;0;0;1;0;65566
43987;0;0;0;227;235;230;0.0000;0.0000;11.1111;7.3282;59.1040;0.0000;1;0;0;0;1;0;65566
43998;0;0;0;227;235;230;0.0000;0.0000;11.1111;7.3282;59.1040;0.0000;1;0;0;0;1;0;65566
44008;0;0;0;227;235;230;0.0000;0.0000;11.1111;7.3282;59.1040;0.0000;1;0;0;0;1;0;65566
44018;0;0;0;227;235;230;0.0000;0.0000;11.1111;7.3282;59.1040;0.0000;1;0;0;0;1;0;65566
44029;0;0;0;227;235;230;0.0000;0.0000;11.1111;7.3282;59.1040;0.0000;1;0;0;0;1;0;65566
44039;0;0;0;227;235;230;0.0000;0.0000;11.1111;7.3282;59.1040;0.0000;1;0;0;0;1;0;65566
44049;0;0;0;227;235;230;0.0000;0.0000;11.1111;7.3282;59.1040;0.0000;1;0;0;0;1;0;65566
44060;0;0;0;227;235;230;0.0000;0.0000;11.1111;7.3282;59.1040;0.0000;1;0;0;0;1;0;65560
44070;0;0;0;227;235;230;0.0000;0.0000;11.1111;7.3282;59.1040;0.0000;1;0;0;0;1;0;65536
44081;0;0;0;227;235;230;0.0000;0.0000;11.1111;7.3282;59.1040;0.0000;1;0;0;0;1;0;65536
44091;0;0;0;227;235;230;0.0000;0.0000;11.1111;7.3282;59.1040;0.0000;1;0;0;0;1;0;65536
44101;0;0;0;227;235;230;0.0000;0.0000;11.1111;7.3282;59.1040;0.0000;1;0;0;0;1;0;65536
44112;0;0;0;227;235;230;0.0000;0.0000;11.1111;7.3282;59.1040;0.0000;1;0;0;0;1;0;65536
44122;0;0;0;227;235;230;0.0000;0.0000;11.1111;7.3282;59.1040;0.0000;1;0;0;0;1;0;65536
44139;0;0;0;227;235;230;0.0000;0.0000;11.1111;7.3282;59.1040;0.0000;1;0;0;0;1;0;65536
44149;0;0;0;227;235;230;0.0000;0.0000;11.1111;7.3282;59.1040;0.0000;1;0;0;0;1;0;65536
44160;0;0;0;227;235;230;0.0000;0.0000;11.1111;7.3282;59.1040;0.0000;1;0;0;0;1;0;65536
44174;0;0;0;227;235;230;0.0000;0.0000;11.1111;7.3282;59.1040;0.0000;1;0;0;0;1;0;65536
44185;0;0;0;227;235;230;0.0000;0.0000;11.1111;7.3282;59.1040;0.0000;1;0;0;0;1;0;65536
44195;0;0;0;227;235;230;0.0000;0.0000;11.1111;7.3282;59.1040;0.0000;1;0;0;0;1;0;65536
44205;0;0;0;227;235;230;0.0000;0.0000;11.1111;7.3282;59.1040;0.0000;1;0;0;0;1;0;65536
44216;0;0;0;227;235;230;0.0000;0.0000;11.1111;7.3282;59.1040;0.0000;1;0;0;0;1;0;65536
44226;0;0;0;227;235;230;0.0000;0.0000;22.2222;7.3250;59.1052;0.0000;1;0;0;0;1;0;65536
44236;0;0;0;227;235;230;0.0000;0.0000;22.2222;7.3250;59.1052;0.0000;1;0;0;0;1;0;65536
44247;0;0;0;227;235;230;0.0000;0.0000;22.2222;7.3250;59.1052;0.0000;1;0;0;0;1;0;65536
44257;0;0;0;227;235;230;0.0000;0.0000;22.2222;7.3250;59.1052;0.0000;1;0;0;0;1;0;65536
44268;0;0;0;227;235;230;0.0000;0.0000;22.2222;7.3250;59.1052;0.0000;1;0;0;0;1;0;65536
44279;0;0;0;227;235;230;0.0000;0.0000;22.2222;7.3250;59.1052;0.0000;1;0;0;0;1;0;65536
44290;0;0;0;227;235;230;0.0000;0.0000;22.2222;7.3250;59.1052;0.0000;1;0;0;0;1;0;65536
44300;0;0;0;227;235;230;0.0000;0.0000;22.2222;7.3250;59.1052;0.0000;1;0;0;0;1;0;65536
44310;0;0;0;227;235;230;0.0000;0.0000;22.2222;7.3250;59.1052;0.0000;1;0;0;0;1;0;65536
44321;0;0;0;227;235;230;0.0000;0.0000;22.2222;7.3250;59.1052;0.0000;1;0;0;0;1;0;65536
44331;0;0;0;227;235;230;0.0000;0.0000;22.2222;7.3250;59.1052;0.0000;1;0;0;0;1;0;65536
44341;0;0;0;227;235;230;0.0000;0.0000;22.2222;7.3250;59.1052;0.0000;1;0;0;0;1;0;65536
44352;0;0;0;227;235;230;0.0000;0.0000;22.2222;7.3250;59.1052;0.0000;1;0;0;0;1;0;65536
44362;0;0;0;227;235;230;0.0000;0.0000;22.2222;7.3250;59.1052;0.0000;1;0;0;0;1;0;65536
44373;0;0;0;227;235;230;0.0000;0.0000;22.2222;7.3250;59.1052;0.0000;1;0;0;0;1;0;65540
44384;0;0;0;227;235;230;0.0000;0.0000;22.2222;7.3250;59.1052;0.0000;1;0;0;0;1;0;65540
44394;0;0;0;227;235;230;0.0000;0.0000;22.2222;7.3250;59.1052;0.0000;1;0;0;0;1;0;65540
44404;0;0;0;227;235;230;0.0000;0.0000;22.2222;7.3250;59.1052;0.0000;1;0;0;0;1;0;65540
44415;0;0;0;227;235;230;0.0000;0.0000;22.2222;7.3250;59.1052;0.0000;1;0;0;0;1;0;65540
44429;0;0;0;227;235;230;0.0000;0.0000;22.2222;7.3250;59.1052;0.0000;1;0;0;0;1;0;65540
44439;0;0;0;227;235;230;0.0000;0.0000;22.2222;7.3250;59.1052;0.0000;1;0;0;0;1;0;65540
44450;0;0;0;227;235;230;0.0000;0.0000;22.2222;7.3250;59.1052;0.0000;1;0;0;0;1;0;65540
44461;0;0;0;227;235;230;0.0000;0.0000;22.2222;7.3250;59.1052;0.0000;1;0;0;0;1;0;65540
44471;0;0;0;227;235;230;0.0000;0.0000;22.2222;7.3250;59.1052;0.0000;1;0;0;0;1;0;65540
44482;0;0;0;227;235;230;0.0000;0.0000;22.2222;7.3250;59.1052;0.0000;1;0;0;0;1;0;65540
44493;0;0;0;227;235;230;0.0000;0.0000;22.2222;7.3250;59.1052;0.0000;1;0;0;0;1;0;65550
44504;0;0;0;227;235;230;0.0000;0.0000;22.2222;7.3250;59.1052;0.0000;1;0;0;0;1;0;65550
44514;0;0;0;227;235;230;0.0000;0.0000;22.2222;7.3250;59.1052;0.0000;1;0;0;0;1;0;65550
44525;0;0;0;227;235;230;0.0000;0.0000;22.2222;7.3250;59.1052;0.0000;1;0;0;0;1;0;65550
44535;0;0;0;227;235;230;0.0000;0.0000;22.2222;7.3250;59.1052;0.0000;1;0;0;0;1;0;65550
44545;0;0;0;227;235;230;0.0000;0.0000;22.2222;7.3250;59.1052;0.0000;1;0;0;0;1;0;65550
44555;0;0;0;227;235;230;0.0000;0.0000;22.2222;7.3250;59.1052;0.0000;1;0;0;0;1;0;65550
44566;0;0;0;227;235;230;0.0000;0.0000;22.2222;7.3250;59.1052;0.0000;1;0;0;0;1;0;65550
44576;0;0;0;227;235;230;0.0000;0.0000;22.2222;7.3250;59.1052;0.0000;1;0;0;0;1;0;65550
44586;0;0;0;227;235;230;0.0000;0.0000;22.2222;7.3250;59.1052;0.0000;1;0;0;0;1;0;65550
44597;0;0;0;227;235;230;0.0000;0.0000;22.2222;7.3250;59.1052;0.0000;1;0;0;0;1;0;65566
44607;0;0;0;227;235;230;0.0000;0.0000;22.2222;7.3250;59.1052;0.0000;1;0;0;0;1;0;65566
44617;0;0;0;227;235;230;0.0000;0.0000;22.2222;7.3250;59.1052;0.0000;1;0;0;0;1;0;65566
44628;0;0;0;227;235;230;0.0000;0.0000;22.2222;7.3250;59.1052;0.0000;1;0;0;0;1;0;65566
44638;0;0;0;227;235;230;0.0000;0.0000;22.2222;7.3250;59.1052;0.0000;1;0;0;0;1;0;65566
44648;0;0;0;227;235;230;0.0000;0.0000;22.2222;7.3250;59.1052;0.0000;1;0;0;0;1;0;65566
44658;0;0;0;227;235;230;0.0000;0.0000;22.2222;7.3250;59.1052;0.0000;1;0;0;0;1;0;65566
44669;0;0;0;227;235;230;0.0000;0.0000;22.2222;7.3250;59.1052;0.0000;1;0;0;0;1;0;65566
44679;0;0;0;227;235;230;0.0000;0.0000;22.2222;7.3250;59.1052;0.0000;1;0;0;0;1;0;65566
44694;0;0;0;227;235;230;0.0000;0.0000;22.2222;7.3250;59.1052;0.0000;1;0;0;0;1;0;65566
44705;0;0;0;227;235;230;0.0000;0.0000;22.2222;7.3250;59.1052;0.0000;1;0;0;0;1;0;65566
44715;0;0;0;227;235;230;0.0000;0.0000;22.2222;7.3250;59.1052;0.0000;1;0;0;0;1;0;65566
44725;0;0;0;227;235;230;0.0000;0.0000;22.2222;7.3250;59.1052;0.0000;1;0;0;0;1;0;65566
44735;0;0;0;227;235;230;0.0000;0.0000;22.2222;7.3250;59.1052;0.0000;1;0;0;0;1;0;65566
44746;0;0;0;227;235;230;0.0000;0.0000;22.2222;7.3250;59.1052;0.0000;1;0;0;0;1;0;65566
44756;0;0;0;227;235;230;0.0000;0.0000;22.2222;7.3250;59.1052;0.0000;1;0;0;0;1;0;65566
44766;0;0;0;227;235;230;0.0000;0.0000;22.2222;7.3250;59.1052;0.0000;1;0;0;0;1;0;65566
44776;0;0;0;227;235;230;0.0000;0.0000;22.2222;7.3250;59.1052;0.0000;1;0;0;0;1;0;65566
44787;0;0;0;227;235;230;0.0000;0.0000;22.2222;7.3250;59.1052;0.0000;1;0;0;0;1;0;65566
44799;0;0;0;227;235;230;0.0000;0.0000;22.2222;7.3250;59.1052;0.0000;1;0;0;0;1;0;65566
44809;0;0;0;227;235;230;0.0000;0.0000;22.2222;7.3250;59.1052;0.0000;1;0;0;0;1;0;65566
44820;0;0;0;227;235;230;0.0000;0.0000;22.2222;7.3250;59.1052;0.0000;1;0;0;0;1;0;65566
44830;0;0;0;227;235;230;0.0000;0.0000;22.2222;7.3250;59.1052;0.0000;1;0;0;0;1;0;65566
44840;0;0;0;227;235;230;0.0000;0.0000;22.2222;7.3250;59.1052;0.0000;1;0;0;0;1;0;65566
44850;0;0;0;227;235;230;0.0000;0.0000;22.2222;7.3250;59.1052;0.0000;1;0;0;0;1;0;65566
44860;0;0;0;227;235;230;0.0000;0.0000;22.2222;7.3250;59.1052;0.0000;1;0;0;0;1;0;65566
44871;0;0;0;227;235;230;0.0000;0.0000;22.2222;7.3250;59.1052;0.0000;1;0;0;0;1;0;65566
44881;0;0;0;227;235;230;0.0000;0.0000;22.2222;7.3250;59.1052;0.0000;1;0;0;0;1;0;65566
44891;0;0;0;227;235;230;0.0000;0.0000;22.2222;7.3250;59.1052;0.0000;1;0;0;0;1;0;65566
44902;0;0;0;227;235;230;0.0000;0.0000;22.2222;7.3250;59.1052;0.0000;1;0;0;0;1;0;65566
44912;0;0;0;227;235;230;0.0000;0.0000;22.2222;7.3250;59.1052;0.0000;1;0;0;0;1;0;65566
44923;0;0;0;227;235;230;0.0000;0.0000;22.2222;7.3250;59.1052;0.0000;1;0;0;0;1;0;65566
44935;0;0;0;227;235;230;0.0000;0.0000;22.2222;7.3250;59.1052;0.0000;1;0;0;0;1;0;65566
44945;0;0;0;227;235;230;0.0000;0.0000;22.2222;7.3250;59.1052;0.0000;1;0;0;0;1;0;65566
44955;0;0;0;227;235;230;0.0000;0.0000;22.2222;7.3250;59.1052;0.0000;1;0;0;0;1;0;65566
44966;0;0;0;227;235;230;0.0000;0.0000;22.2222;7.3250;59.1052;0.0000;1;0;0;0;1;0;65566
44976;0;0;0;227;235;230;0.0000;0.0000;22.2222;7.3250;59.1052;0.0000;1;0;0;0;1;0;65566
44986;0;0;0;227;235;230;0.0000;0.0000;22.2222;7.3250;59.1052;0.0000;1;0;0;0;1;0;65566
44997;0;0;0;227;235;230;0.0000;0.0000;22.2222;7.3250;59.1052;0.0000;1;0;0;0;1;0;65566
45007;0;0;0;227;235;230;0.0000;0.0000;22.2222;7.3250;59.1052;0.0000;1;0;0;0;1;0;65536
45018;0;0;0;227;235;230;0.0000;0.0000;22.2222;7.3250;59.1052;0.0000;1;0;0;0;1;0;65536
45028;0;0;0;227;235;230;0.0000;0.0000;22.2222;7.3250;59.1052;0.0000;1;0;0;0;1;0;65536
45039;0;0;0;227;235;230;0.0000;0.0000;22.2222;7.3250;59.1052;0.0000;1;0;0;0;1;0;65536
45049;0;0;0;227;235;230;0.0000;0.0000;22.2222;7.3250;59.1052;0.0000;1;0;0;0;1;0;65536
45059;0;0;0;227;235;230;0.0000;0.0000;22.2222;7.3250;59.1052;0.0000;1;0;0;0;1;0;65536
45069;0;0;0;227;235;230;0.0000;0.0000;22.2222;7.3250;59.1052;0.0000;1;0;0;0;1;0;65536
45080;0;0;0;227;235;230;0.0000;0.0000;22.2222;7.3250;59.1052;0.0000;1;0;0;0;1;0;65536
45090;0;0;0;227;235;230;0.0000;0.0000;22.2222;7.3250;59.1052;0.0000;1;0;0;0;1;0;65536
45101;0;0;0;227;235;230;0.0000;0.0000;22.2222;7.3250;59.1052;0.0000;1;0;0;0;1;0;65536
45111;0;0;0;227;235;230;0.0000;0.0000;22.2222;7.3250;59.1052;0.0000;1;0;0;0;1;0;65536
45121;0;0;0;227;235;230;0.0000;0.0000;22.2222;7.3250;59.1052;0.0000;1;0;0;0;1;0;65536
45132;0;0;0;227;235;230;0.0000;0.0000;22.2222;7.3250;59.1052;0.0000;1;0;0;0;1;0;65536
45142;0;0;0;227;235;230;0.0000;0.0000;22.2222;7.3250;59.1052;0.0000;1;0;0;0;1;0;65536
45152;0;0;0;227;235;230;0.0000;0.0000;22.2222;7.3250;59.1052;0.0000;1;0;0;0;1;0;65536
45163;0;0;0;227;235;230;0.0000;0.0000;22.2222;7.3250;59.1052;0.0000;1;0;0;0;1;0;65536
45175;0;0;0;227;235;230;0.0000;0.0000;22.2222;7.3250;59.1052;0.0000;1;0;0;0;1;0;65536
45185;0;0;0;227;235;230;0.0000;0.0000;22.2222;7.3250;59.1052;0.0000;1;0;0;0;1;0;65536
45195;0;0;0;227;235;230;0.0000;0.0000;22.2222;7.3250;59.1052;0.0000;1;0;0;0;1;0;65536
45206;0;0;0;227;235;230;0.0000;0.0000;22.2222;7.3250;59.1052;0.0000;1;0;0;0;1;0;65536
45217;0;0;0;227;235;230;0.0000;0.0000;22.2222;7.3250;59.1052;0.0000;1;0;0;0;1;0;65536
45228;0;0;0;227;235;230;0.0000;0.0000;22.2222;7.3225;59.1064;0.0000;1;0;0;0;1;0;65536
45238;0;0;0;227;235;230;0.0000;0.0000;22.2222;7.3225;59.1064;0.0000;1;0;0;0;1;0;65536
45248;0;0;0;227;235;230;0.0000;0.0000;22.2222;7.3225;59.1064;0.0000;1;0;0;0;1;0;65536
45259;0;0;0;227;235;230;0.0000;0.0000;22.2222;7.3225;59.1064;0.0000;1;0;0;0;1;0;65536
45269;0;0;0;227;235;230;0.0000;0.0000;22.2222;7.3225;59.1064;0.0000;1;0;0;0;1;0;65536
45279;0;0;0;227;235;230;0.0000;0.0000;22.2222;7.3225;59.1064;0.0000;1;0;0;0;1;0;65536
45290;0;0;0;227;235;230;0.0000;0.0000;22.2222;7.3225;59.1064;0.0000;1;0;0;0;1;0;65536
45300;0;0;0;227;235;230;0.0000;0.0000;22.2222;7.3225;59.1064;0.0000;1;0;0;0;1;0;65536
45310;0;0;0;227;235;230;0.0000;0.0000;22.2222;7.3225;59.1064;0.0000;1;0;0;0;1;0;65536
45321;0;0;0;227;235;230;0.0000;0.0000;22.2222;7.3225;59.1064;0.0000;1;0;0;0;1;0;65540
45331;0;0;0;227;235;230;0.0000;0.0000;22.2222;7.3225;59.1064;0.0000;1;0;0;0;1;0;65540
45341;0;0;0;227;235;230;0.0000;0.0000;22.2222;7.3225;59.1064;0.0000;1;0;0;0;1;0;65540
45352;0;0;0;227;235;230;0.0000;0.0000;22.2222;7.3225;59.1064;0.0000;1;0;0;0;1;0;65540
45362;0;0;0;227;235;230;0.0000;0.0000;22.2222;7.3225;59.1064;0.0000;1;0;0;0;1;0;65540
45373;0;0;0;227;235;230;0.0000;0.0000;22.2222;7.3225;59.1064;0.0000;1;0;0;0;1;0;65540
45383;0;0;0;227;235;230;0.0000;0.0000;22.2222;7.3225;59.1064;0.0000;1;0;0;0;1;0;65540
45393;0;0;0;227;235;230;0.0000;0.0000;22.2222;7.3225;59.1064;0.0000;1;0;0;0;1;0;65540
45404;0;0;0;227;235;230;0.0000;0.0000;22.2222;7.3225;59.1064;0.0000;1;0;0;0;1;0;65540
45414;0;0;0;227;235;230;0.0000;0.0000;22.2222;7.3225;59.1064;0.0000;1;0;0;0;1;0;65540
45424;0;0;0;227;235;230;0.0000;0.0000;22.2222;7.3225;59.1064;0.0000;1;0;0;0;1;0;65540
45435;0;0;0;227;235;230;0.0000;0.0000;22.2222;7.3225;59.1064;0.0000;1;0;0;0;1;0;65540
45445;0;0;0;227;235;230;0.0000;0.0000;22.2222;7.3225;59.1064;0.0000;1;0;0;0;1;0;65540
45456;0;0;0;227;235;230;0.0000;0.0000;22.2222;7.3225;59.1064;0.0000;1;0;0;0;1;0;65540
45466;0;0;0;227;235;230;0.0000;0.0000;22.2222;7.3225;59.1064;0.0000;1;0;0;0;1;0;65540
45477;0;0;0;227;235;230;0.0000;0.0000;22.2222;7.3225;59.1064;0.0000;1;0;0;0;1;0;65540
45487;0;0;0;227;235;230;0.0000;0.0000;22.2222;7.3225;59.1064;0.0000;1;0;0;0;1;0;65540
45499;0;0;0;227;235;230;0.0000;0.0000;22.2222;7.3225;59.1064;0.0000;1;0;0;0;1;0;65540
45510;0;0;0;227;235;230;0.0000;0.0000;22.2222;7.3225;59.1064;0.0000;1;0;0;0;1;0;65540
45520;0;0;0;227;235;230;0.0000;0.0000;22.2222;7.3225;59.1064;0.0000;1;0;0;0;1;0;65550
45531;0;0;0;227;235;230;0.0000;0.0000;22.2222;7.3225;59.1064;0.0000;1;0;0;0;1;0;65566
45541;0;0;0;227;235;230;0.0000;0.0000;22.2222;7.3225;59.1064;0.0000;1;0;0;0;1;0;65566
45552;0;0;0;227;235;230;0.0000;0.0000;22.2222;7.3225;59.1064;0.0000;1;0;0;0;1;0;65566
45562;0;0;0;227;235;230;0.0000;0.0000;22.2222;7.3225;59.1064;0.0000;1;0;0;0;1;0;65566
45572;0;0;0;227;235;230;0.0000;0.0000;22.2222;7.3225;59.1064;0.0000;1;0;0;0;1;0;65566
45582;0;0;0;227;235;230;0.0000;0.0000;22.2222;7.3225;59.1064;0.0000;1;0;0;0;1;0;65566
45593;0;0;0;227;235;230;0.0000;0.0000;22.2222;7.3225;59.1064;0.0000;1;0;0;0;1;0;65566
45603;0;0;0;227;235;230;0.0000;0.0000;22.2222;7.3225;59.1064;0.0000;1;0;0;0;1;0;65566
45614;0;0;0;227;235;230;0.0000;0.0000;22.2222;7.3225;59.1064;0.0000;1;0;0;0;1;0;65566
45625;0;0;0;227;235;230;0.0000;0.0000;22.2222;7.3225;59.1064;0.0000;1;0;0;0;1;0;65566
45635;0;0;0;227;235;230;0.0000;0.0000;22.2222;7.3225;59.1064;0.0000;1;0;0;0;1;0;65566
45645;0;0;0;227;235;230;0.0000;0.0000;22.2222;7.3225;59.1064;0.0000;1;0;0;0;1;0;65566
45656;0;0;0;227;235;230;0.0000;0.0000;22.2222;7.3225;59.1064;0.0000;1;0;0;0;1;0;65566
45666;0;0;0;227;235;230;0.0000;0.0000;22.2222;7.3225;59.1064;0.0000;1;0;0;0;1;0;65566
45676;0;0;0;227;235;230;0.0000;0.0000;22.2222;7.3225;59.1064;0.0000;1;0;0;0;1;0;65566
45686;0;0;0;227;235;230;0.0000;0.0000;22.2222;7.3225;59.1064;0.0000;1;0;0;0;1;0;65566
45698;0;0;0;227;235;230;0.0000;0.0000;22.2222;7.3225;59.1064;0.0000;1;0;0;0;1;0;65566
45708;0;0;0;227;235;230;0.0000;0.0000;22.2222;7.3225;59.1064;0.0000;1;0;0;0;1;0;65566
45719;0;0;0;227;235;230;0.0000;0.0000;22.2222;7.3225;59.1064;0.0000;1;0;0;0;1;0;65566
45729;0;0;0;227;235;230;0.0000;0.0000;22.2222;7.3225;59.1064;0.0000;1;0;0;0;1;0;65566
45739;0;0;0;227;235;230;0.0000;0.0000;22.2222;7.3225;59.1064;0.0000;1;0;0;0;1;0;65566
45750;0;0;0;227;235;230;0.0000;0.0000;22.2222;7.3225;59.1064;0.0000;1;0;0;0;1;0;65566
45760;0;0;0;227;235;230;0.0000;0.0000;22.2222;7.3225;59.1064;0.0000;1;0;0;0;1;0;65566
45770;0;0;0;227;235;230;0.0000;0.0000;22.2222;7.3225;59.1064;0.0000;1;0;0;0;1;0;65566
45780;0;0;0;227;235;230;0.0000;0.0000;22.2222;7.3225;59.1064;0.0000;1;0;0;0;1;0;65566
45791;0;0;0;227;235;230;0.0000;0.0000;22.2222;7.3225;59.1064;0.0000;1;0;0;0;1;0;65566
45802;0;0;0;227;235;230;0.0000;0.0000;22.2222;7.3225;59.1064;0.0000;1;0;0;0;1;0;65566
45812;0;0;0;227;235;230;0.0000;0.0000;22.2222;7.3225;59.1064;0.0000;1;0;0;0;1;0;65566
45823;0;0;0;227;235;230;0.0000;0.0000;22.2222;7.3225;59.1064;0.0000;1;0;0;0;1;0;65566
45833;0;0;0;227;235;230;0.0000;0.0000;22.2222;7.3225;59.1064;0.0000;1;0;0;0;1;0;65566
45843;0;0;0;227;235;230;0.0000;0.0000;22.2222;7.3225;59.1064;0.0000;1;0;0;0;1;0;65566
45853;0;0;0;227;235;230;0.0000;0.0000;22.2222;7.3225;59.1064;0.0000;1;0;0;0;1;0;65566
45864;0;0;0;227;235;230;0.0000;0.0000;22.2222;7.3225;59.1064;0.0000;1;0;0;0;1;0;65566
45874;0;0;0;227;235;230;0.0000;0.0000;22.2222;7.3225;59.1064;0.0000;1;0;0;0;1;0;65566
45884;0;0;0;227;235;230;0.0000;0.0000;22.2222;7.3225;59.1064;0.0000;1;0;0;0;1;0;65566
45895;0;0;0;227;235;230;0.0000;0.0000;22.2222;7.3225;59.1064;0.0000;1;0;0;0;1;0;65566
45905;0;0;0;227;235;230;0.0000;0.0000;22.2222;7.3225;59.1064;0.0000;1;0;0;0;1;0;65566
45916;0;0;0;227;235;230;0.0000;0.0000;22.2222;7.3225;59.1064;0.0000;1;0;0;0;1;0;65566
45926;0;0;0;227;235;230;0.0000;0.0000;22.2222;7.3225;59.1064;0.0000;1;0;0;0;1;0;65566
45936;0;0;0;227;235;230;0.0000;0.0000;22.2222;7.3225;59.1064;0.0000;1;0;0;0;1;0;65566
45947;0;0;0;227;235;230;0.0000;0.0000;22.2222;7.3225;59.1064;0.0000;1;0;0;0;1;0;65566
45957;0;0;0;227;235;230;0.0000;0.0000;22.2222;7.3225;59.1064;0.0000;1;0;0;0;1;0;65566
45967;0;0;0;227;235;230;0.0000;0.0000;22.2222;7.3225;59.1064;0.0000;1;0;0;0;1;0;65566
45978;0;0;0;227;235;230;0.0000;0.0000;22.2222;7.3225;59.1064;0.0000;1;0;0;0;1;0;65566
45988;0;0;0;227;235;230;0.0000;0.0000;22.2222;7.3225;59.1064;0.0000;1;0;0;0;1;0;65566
45998;0;0;0;227;235;230;0.0000;0.0000;22.2222;7.3225;59.1064;0.0000;1;0;0;0;1;0;65566
46009;0;0;0;227;235;230;0.0000;0.0000;22.2222;7.3225;59.1064;0.0000;1;0;0;0;1;0;65566
46019;0;0;0;227;235;230;0.0000;0.0000;22.2222;7.3225;59.1064;0.0000;1;0;0;0;1;0;65566
46030;0;0;0;227;235;230;0.0000;0.0000;22.2222;7.3225;59.1064;0.0000;1;0;0;0;1;0;65566
46040;0;0;0;227;235;230;0.0000;0.0000;22.2222;7.3225;59.1064;0.0000;1;0;0;0;1;0;65536
46050;0;0;0;227;235;230;0.0000;0.0000;22.2222;7.3225;59.1064;0.0000;1;0;0;0;1;0;65536
46061;0;0;0;227;235;230;0.0000;0.0000;22.2222;7.3225;59.1064;0.0000;1;0;0;0;1;0;65536
46071;0;0;0;227;235;230;0.0000;0.0000;22.2222;7.3225;59.1064;0.0000;1;0;0;0;1;0;65536
46082;0;0;0;227;235;230;0.0000;0.0000;22.2222;7.3225;59.1064;0.0000;1;0;0;0;1;0;65536
46093;0;0;0;227;235;230;0.0000;0.0000;22.2222;7.3225;59.1064;0.0000;1;0;0;0;1;0;65536
46104;0;0;0;227;235;230;0.0000;0.0000;22.2222;7.3225;59.1064;0.0000;1;0;0;0;1;0;65536
46114;0;0;0;227;235;230;0.0000;0.0000;22.2222;7.3225;59.1064;0.0000;1;0;0;0;1;0;65536
46125;0;0;0;227;235;230;0.0000;0.0000;22.2222;7.3225;59.1064;0.0000;1;0;0;0;1;0;65536
46135;0;0;0;227;235;230;0.0000;0.0000;22.2222;7.3225;59.1064;0.0000;1;0;0;0;1;0;65536
46145;0;0;0;227;235;230;0.0000;0.0000;22.2222;7.3225;59.1064;0.0000;1;0;0;0;1;0;65536
46156;0;0;0;227;235;230;0.0000;0.0000;22.2222;7.3225;59.1064;0.0000;1;0;0;0;1;0;65536
46166;0;0;0;227;235;230;0.0000;0.0000;22.2222;7.3225;59.1064;0.0000;1;0;0;0;1;0;65536
46176;0;0;0;227;235;230;0.0000;0.0000;22.2222;7.3225;59.1064;0.0000;1;0;0;0;1;0;65536
46186;0;0;0;227;235;230;0.0000;0.0000;22.2222;7.3225;59.1064;0.0000;1;0;0;0;1;0;65536
46197;0;0;0;227;235;230;0.0000;0.0000;22.2222;7.3225;59.1064;0.0000;1;0;0;0;1;0;65536
46209;0;0;0;227;235;230;0.0000;0.0000;22.2222;7.3225;59.1064;0.0000;1;0;0;0;1;0;65536
46220;0;0;0;227;235;230;0.0000;0.0000;22.2222;7.3225;59.1064;0.0000;1;0;0;0;1;0;65536
46230;0;0;0;227;235;230;0.0000;0.0000;10.0000;7.3209;59.1076;0.0000;1;0;0;0;1;0;65536
46243;0;0;0;227;235;230;0.0000;0.0000;10.0000;7.3209;59.1076;0.0000;1;0;0;0;1;0;65536
46254;0;0;0;227;235;230;0.0000;0.0000;10.0000;7.3209;59.1076;0.0000;1;0;0;0;1;0;65536
46264;0;0;0;227;235;230;0.0000;0.0000;10.0000;7.3209;59.1076;0.0000;1;0;0;0;1;0;65536
46274;0;0;0;227;235;230;0.0000;0.0000;10.0000;7.3209;59.1076;0.0000;1;0;0;0;1;0;65536
46285;0;0;0;227;235;230;0.0000;0.0000;10.0000;7.3209;59.1076;0.0000;1;0;0;0;1;0;65536
46296;0;0;0;227;235;230;0.0000;0.0000;10.0000;7.3209;59.1076;0.0000;1;0;0;0;1;0;65536
46306;0;0;0;227;235;230;0.0000;0.0000;10.0000;7.3209;59.1076;0.0000;1;0;0;0;1;0;65536
46317;0;0;0;227;235;230;0.0000;0.0000;10.0000;7.3209;59.1076;0.0000;1;0;0;0;1;0;65536
46327;0;0;0;227;235;230;0.0000;0.0000;10.0000;7.3209;59.1076;0.0000;1;0;0;0;1;0;65536
46337;0;0;0;227;235;230;0.0000;0.0000;10.0000;7.3209;59.1076;0.0000;1;0;0;0;1;0;65536
46347;0;0;0;227;235;230;0.0000;0.0000;10.0000;7.3209;59.1076;0.0000;1;0;0;0;1;0;65540
46358;0;0;0;227;235;230;0.0000;0.0000;10.0000;7.3209;59.1076;0.0000;1;0;0;0;1;0;65540
46368;0;0;0;227;235;230;0.0000;0.0000;10.0000;7.3209;59.1076;0.0000;1;0;0;0;1;0;65540
46379;0;0;0;227;235;230;0.0000;0.0000;10.0000;7.3209;59.1076;0.0000;1;0;0;0;1;0;65540
46389;0;0;0;227;235;230;0.0000;0.0000;10.0000;7.3209;59.1076;0.0000;1;0;0;0;1;0;65540
46400;0;0;0;227;235;230;0.0000;0.0000;10.0000;7.3209;59.1076;0.0000;1;0;0;0;1;0;65540
46410;0;0;0;227;235;230;0.0000;0.0000;10.0000;7.3209;59.1076;0.0000;1;0;0;0;1;0;65540
46420;0;0;0;227;235;230;0.0000;0.0000;10.0000;7.3209;59.1076;0.0000;1;0;0;0;1;0;65540
46431;0;0;0;227;235;230;0.0000;0.0000;10.0000;7.3209;59.1076;0.0000;1;0;0;0;1;0;65540
46441;0;0;0;227;235;230;0.0000;0.0000;10.0000;7.3209;59.1076;0.0000;1;0;0;0;1;0;65540
46451;0;0;0;227;235;230;0.0000;0.0000;10.0000;7.3209;59.1076;0.0000;1;0;0;0;1;0;65540
46462;0;0;0;227;235;230;0.0000;0.0000;10.0000;7.3209;59.1076;0.0000;1;0;0;0;1;0;65540
46472;0;0;0;227;235;230;0.0000;0.0000;10.0000;7.3209;59.1076;0.0000;1;0;0;0;1;0;65540
46483;0;0;0;227;235;230;0.0000;0.0000;10.0000;7.3209;59.1076;0.0000;1;0;0;0;1;0;65540
46493;0;0;0;227;235;230;0.0000;0.0000;10.0000;7.3209;59.1076;0.0000;1;0;0;0;1;0;65540
46506;0;0;0;227;235;230;0.0000;0.0000;10.0000;7.3209;59.1076;0.0000;1;0;0;0;1;0;65540
46516;0;0;0;227;235;230;0.0000;0.0000;10.0000;7.3209;59.1076;0.0000;1;0;0;0;1;0;65540
46527;0;0;0;227;235;230;0.0000;0.0000;10.0000;7.3209;59.1076;0.0000;1;0;0;0;1;0;65540
46539;0;0;0;227;235;230;0.0000;0.0000;10.0000;7.3209;59.1076;0.0000;1;0;0;0;1;0;65540
46549;0;0;0;227;235;230;0.0000;0.0000;10.0000;7.3209;59.1076;0.0000;1;0;0;0;1;0;65542
46560;0;0;0;227;235;230;0.0000;0.0000;10.0000;7.3209;59.1076;0.0000;1;0;0;0;1;0;65566
46579;0;0;0;227;235;230;0.0000;0.0000;10.0000;7.3209;59.1076;0.0000;1;0;0;0;1;0;65566
46590;0;0;0;227;235;230;0.0000;0.0000;10.0000;7.3209;59.1076;0.0000;1;0;0;0;1;0;65566
46600;0;0;0;227;235;230;0.0000;0.0000;10.0000;7.3209;59.1076;0.0000;1;0;0;0;1;0;65566
46611;0;0;0;227;235;230;0.0000;0.0000;10.0000;7.3209;59.1076;0.0000;1;0;0;0;1;0;65566
46621;0;0;0;227;235;230;0.0000;0.0000;10.0000;7.3209;59.1076;0.0000;1;0;0;0;1;0;65566
46631;0;0;0;227;235;230;0.0000;0.0000;10.0000;7.3209;59.1076;0.0000;1;0;0;0;1;0;65566
46641;0;0;0;227;235;230;0.0000;0.0000;10.0000;7.3209;59.1076;0.0000;1;0;0;0;1;0;65566
46652;0;0;0;227;235;230;0.0000;0.0000;10.0000;7.3209;59.1076;0.0000;1;0;0;0;1;0;65566
46662;0;0;0;227;235;230;0.0000;0.0000;10.0000;7.3209;59.1076;0.0000;1;0;0;0;1;0;65566
46672;0;0;0;227;235;230;0.0000;0.0000;10.0000;7.3209;59.1076;0.0000;1;0;0;0;1;0;65566
46683;0;0;0;227;235;230;0.0000;0.0000;10.0000;7.3209;59.1076;0.0000;1;0;0;0;1;0;65566
46693;0;0;0;227;235;230;0.0000;0.0000;10.0000;7.3209;59.1076;0.0000;1;0;0;0;1;0;65566
46703;0;0;0;227;235;230;0.0000;0.0000;10.0000;7.3209;59.1076;0.0000;1;0;0;0;1;0;65566
46714;0;0;0;227;235;230;0.0000;0.0000;10.0000;7.3209;59.1076;0.0000;1;0;0;0;1;0;65566
46724;0;0;0;227;235;230;0.0000;0.0000;10.0000;7.3209;59.1076;0.0000;1;0;0;0;1;0;65566
46734;0;0;0;227;235;230;0.0000;0.0000;10.0000;7.3209;59.1076;0.0000;1;0;0;0;1;0;65566
46745;0;0;0;227;235;230;0.0000;0.0000;10.0000;7.3209;59.1076;0.0000;1;0;0;0;1;0;65566
46755;0;0;0;227;235;230;0.0000;0.0000;10.0000;7.3209;59.1076;0.0000;1;0;0;0;1;0;65566
46765;0;0;0;227;235;230;0.0000;0.0000;10.0000;7.3209;59.1076;0.0000;1;0;0;0;1;0;65566
46776;0;0;0;227;235;230;0.0000;0.0000;10.0000;7.3209;59.1076;0.0000;1;0;0;0;1;0;65566
46786;0;0;0;227;235;230;0.0000;0.0000;10.0000;7.3209;59.1076;0.0000;1;0;0;0;1;0;65566
46797;0;0;0;227;235;230;0.0000;0.0000;10.0000;7.3209;59.1076;0.0000;1;0;0;0;1;0;65566
46808;0;0;0;227;235;230;0.0000;0.0000;10.0000;7.3209;59.1076;0.0000;1;0;0;0;1;0;65566
46818;0;0;0;227;235;230;0.0000;0.0000;10.0000;7.3209;59.1076;0.0000;1;0;0;0;1;0;65566
46828;0;0;0;227;235;230;0.0000;0.0000;10.0000;7.3209;59.1076;0.0000;1;0;0;0;1;0;65566
46839;0;0;0;227;235;230;0.0000;0.0000;10.0000;7.3209;59.1076;0.0000;1;0;0;0;1;0;65566
46849;0;0;0;227;235;230;0.0000;0.0000;10.0000;7.3209;59.1076;0.0000;1;0;0;0;1;0;65566
46860;0;0;0;227;235;230;0.0000;0.0000;10.0000;7.3209;59.1076;0.0000;1;0;0;0;1;0;65566
46870;0;0;0;227;235;230;0.0000;0.0000;10.0000;7.3209;59.1076;0.0000;1;0;0;0;1;0;65566
46880;0;0;0;227;235;230;0.0000;0.0000;10.0000;7.3209;59.1076;0.0000;1;0;0;0;1;0;65566
46891;0;0;0;227;235;230;0.0000;0.0000;10.0000;7.3209;59.1076;0.0000;1;0;0;0;1;0;65566
46901;0;0;0;227;235;230;0.0000;0.0000;10.0000;7.3209;59.1076;0.0000;1;0;0;0;1;0;65566
46912;0;0;0;227;235;230;0.0000;0.0000;10.0000;7.3209;59.1076;0.0000;1;0;0;0;1;0;65566
46922;0;0;0;227;235;230;0.0000;0.0000;10.0000;7.3209;59.1076;0.0000;1;0;0;0;1;0;65566
46932;0;0;0;227;235;230;0.0000;0.0000;10.0000;7.3209;59.1076;0.0000;1;0;0;0;1;0;65566
46943;0;0;0;227;235;230;0.0000;0.0000;10.0000;7.3209;59.1076;0.0000;1;0;0;0;1;0;65566
46953;0;0;0;227;235;230;0.0000;0.0000;10.0000;7.3209;59.1076;0.0000;1;0;0;0;1;0;65566
46963;0;0;0;227;235;230;0.0000;0.0000;10.0000;7.3209;59.1076;0.0000;1;0;0;0;1;0;65566
46973;0;0;0;227;235;230;0.0000;0.0000;10.0000;7.3209;59.1076;0.0000;1;0;0;0;1;0;65566
46984;0;0;0;227;235;230;0.0000;0.0000;10.0000;7.3209;59.1076;0.0000;1;0;0;0;1;0;65566
46994;0;0;0;227;235;230;0.0000;0.0000;10.0000;7.3209;59.1076;0.0000;1;0;0;0;1;0;65566
47005;0;0;0;227;235;230;0.0000;0.0000;10.0000;7.3209;59.1076;0.0000;1;0;0;0;1;0;65566
47015;0;0;0;227;235;230;0.0000;0.0000;10.0000;7.3209;59.1076;0.0000;1;0;0;0;1;0;65566
47026;0;0;0;227;235;230;0.0000;0.0000;10.0000;7.3209;59.1076;0.0000;1;0;0;0;1;0;65566
47036;0;0;0;227;235;230;0.0000;0.0000;10.0000;7.3209;59.1076;0.0000;1;0;0;0;1;0;65566
47046;0;0;0;227;235;230;0.0000;0.0000;10.0000;7.3209;59.1076;0.0000;1;0;0;0;1;0;65566
47056;0;0;0;227;235;230;0.0000;0.0000;10.0000;7.3209;59.1076;0.0000;1;0;0;0;1;0;65566
47067;0;0;0;227;235;230;0.0000;0.0000;10.0000;7.3209;59.1076;0.0000;1;0;0;0;1;0;65536
47077;0;0;0;227;235;230;0.0000;0.0000;10.0000;7.3209;59.1076;0.0000;1;0;0;0;1;0;65536
47088;0;0;0;227;235;230;0.0000;0.0000;10.0000;7.3209;59.1076;0.0000;1;0;0;0;1;0;65536
47098;0;0;0;227;235;230;0.0000;0.0000;10.0000;7.3209;59.1076;0.0000;1;0;0;0;1;0;65536
47109;0;0;0;227;235;230;0.0000;0.0000;10.0000;7.3209;59.1076;0.0000;1;0;0;0;1;0;65536
47119;0;0;0;227;235;230;0.0000;0.0000;10.0000;7.3209;59.1076;0.0000;1;0;0;0;1;0;65536
47130;0;0;0;227;235;230;0.0000;0.0000;10.0000;7.3209;59.1076;0.0000;1;0;0;0;1;0;65536
47140;0;0;0;227;235;230;0.0000;0.0000;10.0000;7.3209;59.1076;0.0000;1;0;0;0;1;0;65536
47150;0;0;0;227;235;230;0.0000;0.0000;10.0000;7.3209;59.1076;0.0000;1;0;0;0;1;0;65536
47160;0;0;0;227;235;230;0.0000;0.0000;10.0000;7.3209;59.1076;0.0000;1;0;0;0;1;0;65536
47171;0;0;0;227;235;230;0.0000;0.0000;10.0000;7.3209;59.1076;0.0000;1;0;0;0;1;0;65536
47181;0;0;0;227;235;230;0.0000;0.0000;10.0000;7.3209;59.1076;0.0000;1;0;0;0;1;0;65536
47192;0;0;0;227;235;230;0.0000;0.0000;10.0000;7.3209;59.1076;0.0000;1;0;0;0;1;0;65536
47202;0;0;0;227;235;230;0.0000;0.0000;10.0000;7.3209;59.1076;0.0000;1;0;0;0;1;0;65536
47213;0;0;0;227;235;230;0.0000;0.0000;10.0000;7.3209;59.1076;0.0000;1;0;0;0;1;0;65536
47223;0;0;0;227;235;230;0.0000;0.0000;10.0000;7.3209;59.1076;0.0000;1;0;0;0;1;0;65536
47233;0;0;0;227;235;230;0.0000;0.0000;30.7692;7.3193;59.1089;0.0000;1;0;0;0;1;0;65536
47244;0;0;0;227;235;230;0.0000;0.0000;30.7692;7.3193;59.1089;0.0000;1;0;0;0;1;0;65536
47254;0;0;0;227;235;230;0.0000;0.0000;30.7692;7.3193;59.1089;0.0000;1;0;0;0;1;0;65536
47265;0;0;0;227;235;230;0.0000;0.0000;30.7692;7.3193;59.1089;0.0000;1;0;0;0;1;0;65536
47275;0;0;0;227;235;230;0.0000;0.0000;30.7692;7.3193;59.1089;0.0000;1;0;0;0;1;0;65536
47285;0;0;0;227;235;230;0.0000;0.0000;30.7692;7.3193;59.1089;0.0000;1;0;0;0;1;0;65536
47296;0;0;0;227;235;230;0.0000;0.0000;30.7692;7.3193;59.1089;0.0000;1;0;0;0;1;0;65536
47306;0;0;0;227;235;230;0.0000;0.0000;30.7692;7.3193;59.1089;0.0000;1;0;0;0;1;0;65536
47316;0;0;0;227;235;230;0.0000;0.0000;30.7692;7.3193;59.1089;0.0000;1;0;0;0;1;0;65536
47327;0;0;0;227;235;230;0.0000;0.0000;30.7692;7.3193;59.1089;0.0000;1;0;0;0;1;0;65536
47337;0;0;0;227;235;230;0.0000;0.0000;30.7692;7.3193;59.1089;0.0000;1;0;0;0;1;0;65536
47348;0;0;0;227;235;230;0.0000;0.0000;30.7692;7.3193;59.1089;0.0000;1;0;0;0;1;0;65536
47358;0;0;0;227;235;230;0.0000;0.0000;30.7692;7.3193;59.1089;0.0000;1;0;0;0;1;0;65536
47368;0;0;0;227;235;230;0.0000;0.0000;30.7692;7.3193;59.1089;0.0000;1;0;0;0;1;0;65536
47379;0;0;0;227;235;230;0.0000;0.0000;30.7692;7.3193;59.1089;0.0000;1;0;0;0;1;0;65540
47389;0;0;0;227;235;230;0.0000;0.0000;30.7692;7.3193;59.1089;0.0000;1;0;0;0;1;0;65540
47400;0;0;0;227;235;230;0.0000;0.0000;30.7692;7.3193;59.1089;0.0000;1;0;0;0;1;0;65540
47410;0;0;0;227;235;230;0.0000;0.0000;30.7692;7.3193;59.1089;0.0000;1;0;0;0;1;0;65540
47421;0;0;0;227;235;230;0.0000;0.0000;30.7692;7.3193;59.1089;0.0000;1;0;0;0;1;0;65540
47431;0;0;0;227;235;230;0.0000;0.0000;30.7692;7.3193;59.1089;0.0000;1;0;0;0;1;0;65540
47442;0;0;0;227;235;230;0.0000;0.0000;30.7692;7.3193;59.1089;0.0000;1;0;0;0;1;0;65540
47452;0;0;0;227;235;230;0.0000;0.0000;30.7692;7.3193;59.1089;0.0000;1;0;0;0;1;0;65540
47462;0;0;0;227;235;230;0.0000;0.0000;30.7692;7.3193;59.1089;0.0000;1;0;0;0;1;0;65540
47473;0;0;0;227;235;230;0.0000;0.0000;30.7692;7.3193;59.1089;0.0000;1;0;0;0;1;0;65540
47484;0;0;0;227;235;230;0.0000;0.0000;30.7692;7.3193;59.1089;0.0000;1;0;0;0;1;0;65542
47495;0;0;0;227;235;230;0.0000;0.0000;30.7692;7.3193;59.1089;0.0000;1;0;0;0;1;0;65542
47506;0;0;0;227;235;230;0.0000;0.0000;30.7692;7.3193;59.1089;0.0000;1;0;0;0;1;0;65542
47516;0;0;0;227;235;230;0.0000;0.0000;30.7692;7.3193;59.1089;0.0000;1;0;0;0;1;0;65542
47527;0;0;0;227;235;230;0.0000;0.0000;30.7692;7.3193;59.1089;0.0000;1;0;0;0;1;0;65542
47537;0;0;0;227;235;230;0.0000;0.0000;30.7692;7.3193;59.1089;0.0000;1;0;0;0;1;0;65542
47547;0;0;0;227;235;230;0.0000;0.0000;30.7692;7.3193;59.1089;0.0000;1;0;0;0;1;0;65542
47558;0;0;0;227;235;230;0.0000;0.0000;30.7692;7.3193;59.1089;0.0000;1;0;0;0;1;0;65542
47569;0;0;0;227;235;230;0.0000;0.0000;30.7692;7.3193;59.1089;0.0000;1;0;0;0;1;0;65542
47579;0;0;0;227;235;230;0.0000;0.0000;30.7692;7.3193;59.1089;0.0000;1;0;0;0;1;0;65542
47590;0;0;0;227;235;230;0.0000;0.0000;30.7692;7.3193;59.1089;0.0000;1;0;0;0;1;0;65566
47609;0;0;0;227;235;230;0.0000;0.0000;30.7692;7.3193;59.1089;0.0000;1;0;0;0;1;0;65566
47620;0;0;0;227;235;230;0.0000;0.0000;30.7692;7.3193;59.1089;0.0000;1;0;0;0;1;0;65566
47632;0;0;0;227;235;230;0.0000;0.0000;30.7692;7.3193;59.1089;0.0000;1;0;0;0;1;0;65566
47642;0;0;0;227;235;230;0.0000;0.0000;30.7692;7.3193;59.1089;0.0000;1;0;0;0;1;0;65566
47652;0;0;0;227;235;230;0.0000;0.0000;30.7692;7.3193;59.1089;0.0000;1;0;0;0;1;0;65566
47663;0;0;0;227;235;230;0.0000;0.0000;30.7692;7.3193;59.1089;0.0000;1;0;0;0;1;0;65566
47673;0;0;0;227;235;230;0.0000;0.0000;30.7692;7.3193;59.1089;0.0000;1;0;0;0;1;0;65566
47685;0;0;0;227;235;230;0.0000;0.0000;30.7692;7.3193;59.1089;0.0000;1;0;0;0;1;0;65566
47696;0;0;0;227;235;230;0.0000;0.0000;30.7692;7.3193;59.1089;0.0000;1;0;0;0;1;0;65566
47706;0;0;0;227;235;230;0.0000;0.0000;30.7692;7.3193;59.1089;0.0000;1;0;0;0;1;0;65566
47717;0;0;0;227;235;230;0.0000;0.0000;30.7692;7.3193;59.1089;0.0000;1;0;0;0;1;0;65566
47727;0;0;0;227;235;230;0.0000;0.0000;30.7692;7.3193;59.1089;0.0000;1;0;0;0;1;0;65566
47738;0;0;0;227;235;230;0.0000;0.0000;30.7692;7.3193;59.1089;0.0000;1;0;0;0;1;0;65566
47748;0;0;0;227;235;230;0.0000;0.0000;30.7692;7.3193;59.1089;0.0000;1;0;0;0;1;0;65566
47758;0;0;0;227;235;230;0.0000;0.0000;30.7692;7.3193;59.1089;0.0000;1;0;0;0;1;0;65566
47768;0;0;0;227;235;230;0.0000;0.0000;30.7692;7.3193;59.1089;0.0000;1;0;0;0;1;0;65566
47779;0;0;0;227;235;230;0.0000;0.0000;30.7692;7.3193;59.1089;0.0000;1;0;0;0;1;0;65566
47789;0;0;0;227;235;230;0.0000;0.0000;30.7692;7.3193;59.1089;0.0000;1;0;0;0;1;0;65566
47799;0;0;0;227;235;230;0.0000;0.0000;30.7692;7.3193;59.1089;0.0000;1;0;0;0;1;0;65566
47810;0;0;0;227;235;230;0.0000;0.0000;30.7692;7.3193;59.1089;0.0000;1;0;0;0;1;0;65566
47820;0;0;0;227;235;230;0.0000;0.0000;30.7692;7.3193;59.1089;0.0000;1;0;0;0;1;0;65566
47831;0;0;0;227;235;230;0.0000;0.0000;30.7692;7.3193;59.1089;0.0000;1;0;0;0;1;0;65566
47841;0;0;0;227;235;230;0.0000;0.0000;30.7692;7.3193;59.1089;0.0000;1;0;0;0;1;0;65566
47851;0;0;0;227;235;230;0.0000;0.0000;30.7692;7.3193;59.1089;0.0000;1;0;0;0;1;0;65566
47861;0;0;0;227;235;230;0.0000;0.0000;30.7692;7.3193;59.1089;0.0000;1;0;0;0;1;0;65566
47872;0;0;0;227;235;230;0.0000;0.0000;30.7692;7.3193;59.1089;0.0000;1;0;0;0;1;0;65566
47882;0;0;0;227;235;230;0.0000;0.0000;30.7692;7.3193;59.1089;0.0000;1;0;0;0;1;0;65566
47892;0;0;0;227;235;230;0.0000;0.0000;30.7692;7.3193;59.1089;0.0000;1;0;0;0;1;0;65566
47903;0;0;0;227;235;230;0.0000;0.0000;30.7692;7.3193;59.1089;0.0000;1;0;0;0;1;0;65566
47914;0;0;0;227;235;230;0.0000;0.0000;30.7692;7.3193;59.1089;0.0000;1;0;0;0;1;0;65566
47924;0;0;0;227;235;230;0.0000;0.0000;30.7692;7.3193;59.1089;0.0000;1;0;0;0;1;0;65566
47945;0;0;0;227;235;230;0.0000;0.0000;30.7692;7.3193;59.1089;0.0000;1;0;0;0;1;0;65566
47956;0;0;0;227;235;230;0.0000;0.0000;30.7692;7.3193;59.1089;0.0000;1;0;0;0;1;0;65566
47966;0;0;0;227;235;230;0.0000;0.0000;30.7692;7.3193;59.1089;0.0000;1;0;0;0;1;0;65566
47976;0;0;0;227;235;230;0.0000;0.0000;30.7692;7.3193;59.1089;0.0000;1;0;0;0;1;0;65566
47987;0;0;0;227;235;230;0.0000;0.0000;30.7692;7.3193;59.1089;0.0000;1;0;0;0;1;0;65566
47997;0;0;0;227;235;230;0.0000;0.0000;30.7692;7.3193;59.1089;0.0000;1;0;0;0;1;0;65566
48008;0;0;0;227;235;230;0.0000;0.0000;30.7692;7.3193;59.1089;0.0000;1;0;0;0;1;0;65566
48018;0;0;0;227;235;230;0.0000;0.0000;30.7692;7.3193;59.1089;0.0000;1;0;0;0;1;0;65566
48030;0;0;0;227;235;230;0.0000;0.0000;30.7692;7.3193;59.1089;0.0000;1;0;0;0;1;0;65566
48040;0;0;0;227;235;230;0.0000;0.0000;30.7692;7.3193;59.1089;0.0000;1;0;0;0;1;0;65566
48051;0;0;0;227;235;230;0.0000;0.0000;30.7692;7.3193;59.1089;0.0000;1;0;0;0;1;0;65566
48062;0;0;0;227;235;230;0.0000;0.0000;30.7692;7.3193;59.1089;0.0000;1;0;0;0;1;0;65566
48072;0;0;0;227;235;230;0.0000;0.0000;30.7692;7.3193;59.1089;0.0000;1;0;0;0;1;0;65566
48089;0;0;0;227;235;230;0.0000;0.0000;30.7692;7.3193;59.1089;0.0000;1;0;0;0;1;0;65566
48100;0;0;0;227;235;230;0.0000;0.0000;30.7692;7.3193;59.1089;0.0000;1;0;0;0;1;0;65552
48110;0;0;0;227;235;230;0.0000;0.0000;30.7692;7.3193;59.1089;0.0000;1;0;0;0;1;0;65536
48121;0;0;0;227;235;230;0.0000;0.0000;30.7692;7.3193;59.1089;0.0000;1;0;0;0;1;0;65536
48132;0;0;0;227;235;230;0.0000;0.0000;30.7692;7.3193;59.1089;0.0000;1;0;0;0;1;0;65536
48142;0;0;0;227;235;230;0.0000;0.0000;30.7692;7.3193;59.1089;0.0000;1;0;0;0;1;0;65536
48153;0;0;0;227;235;230;0.0000;0.0000;30.7692;7.3193;59.1089;0.0000;1;0;0;0;1;0;65536
48163;0;0;0;227;235;230;0.0000;0.0000;30.7692;7.3193;59.1089;0.0000;1;0;0;0;1;0;65536
48173;0;0;0;227;235;230;0.0000;0.0000;30.7692;7.3193;59.1089;0.0000;1;0;0;0;1;0;65536
48184;0;0;0;227;235;230;0.0000;0.0000;30.7692;7.3193;59.1089;0.0000;1;0;0;0;1;0;65536
48194;0;0;0;227;235;230;0.0000;0.0000;30.7692;7.3193;59.1089;0.0000;1;0;0;0;1;0;65536
48204;0;0;0;227;235;230;0.0000;0.0000;30.7692;7.3193;59.1089;0.0000;1;0;0;0;1;0;65536
48215;0;0;0;227;235;230;0.0000;0.0000;30.7692;7.3193;59.1089;0.0000;1;0;0;0;1;0;65536
48225;0;0;0;227;235;230;0.0000;0.0000;30.7692;7.3193;59.1089;0.0000;1;0;0;0;1;0;65536
48236;0;0;0;227;235;230;0.0000;0.0000;100.0000;7.3814;59.1101;0.0000;1;0;0;0;1;0;65536
48257;0;0;0;227;235;230;0.0000;0.0000;100.0000;7.3814;59.1101;0.0000;1;0;0;0;1;0;65536
48268;0;0;0;227;235;230;0.0000;0.0000;100.0000;7.3814;59.1101;0.0000;1;0;0;0;1;0;65536
48278;0;0;0;227;235;230;0.0000;0.0000;100.0000;7.3814;59.1101;0.0000;1;0;0;0;1;0;65536
48291;0;0;0;227;235;230;0.0000;0.0000;100.0000;7.3814;59.1101;0.0000;1;0;0;0;1;0;65536
48305;0;0;0;227;235;230;0.0000;0.0000;100.0000;7.3814;59.1101;0.0000;1;0;0;0;1;0;65536
48318;0;0;0;227;235;230;0.0000;0.0000;100.0000;7.3814;59.1101;0.0000;1;0;0;0;1;0;65536
48329;0;0;0;227;235;230;0.0000;0.0000;100.0000;7.3814;59.1101;0.0000;1;0;0;0;1;0;65540
48339;0;0;0;227;235;230;0.0000;0.0000;100.0000;7.3814;59.1101;0.0000;1;0;0;0;1;0;65540
48350;0;0;0;227;235;230;0.0000;0.0000;100.0000;7.3814;59.1101;0.0000;1;0;0;0;1;0;65540
48361;0;0;0;227;235;230;0.0000;0.0000;100.0000;7.3814;59.1101;0.0000;1;0;0;0;1;0;65540
48371;0;0;0;227;235;230;0.0000;0.0000;100.0000;7.3814;59.1101;0.0000;1;0;0;0;1;0;65540
48387;0;0;0;227;235;230;0.0000;0.0000;100.0000;7.3814;59.1101;0.0000;1;0;0;0;1;0;65540
48398;0;0;0;227;235;230;0.0000;0.0000;100.0000;7.3814;59.1101;0.0000;1;0;0;0;1;0;65540
48409;0;0;0;227;235;230;0.0000;0.0000;100.0000;7.3814;59.1101;0.0000;1;0;0;0;1;0;65540
48419;0;0;0;227;235;230;0.0000;0.0000;100.0000;7.3814;59.1101;0.0000;1;0;0;0;1;0;65540
48432;0;0;0;227;235;230;0.0000;0.0000;100.0000;7.3814;59.1101;0.0000;1;0;0;0;1;0;65540
48442;0;0;0;227;235;230;0.0000;0.0000;100.0000;7.3814;59.1101;0.0000;1;0;0;0;1;0;65540
48453;0;0;0;227;235;230;0.0000;0.0000;100.0000;7.3814;59.1101;0.0000;1;0;0;0;1;0;65540
48468;0;0;0;227;235;230;0.0000;0.0000;100.0000;7.3814;59.1101;0.0000;1;0;0;0;1;0;65540
48478;0;0;0;227;235;230;0.0000;0.0000;100.0000;7.3814;59.1101;0.0000;1;0;0;0;1;0;65540
48490;0;0;0;227;235;230;0.0000;0.0000;100.0000;7.3814;59.1101;0.0000;1;0;0;0;1;0;65540
48501;0;0;0;227;235;230;0.0000;0.0000;100.0000;7.3814;59.1101;0.0000;1;0;0;0;1;0;65540
48518;0;0;0;227;235;230;0.0000;0.0000;100.0000;7.3814;59.1101;0.0000;1;0;0;0;1;0;65540
48528;0;0;0;227;235;230;0.0000;0.0000;100.0000;7.3814;59.1101;0.0000;1;0;0;0;1;0;65540
48539;0;0;0;227;235;230;0.0000;0.0000;100.0000;7.3814;59.1101;0.0000;1;0;0;0;1;0;65550
48560;0;0;0;227;235;230;0.0000;0.0000;100.0000;7.3814;59.1101;0.0000;1;0;0;0;1;0;65566
48570;0;0;0;227;235;230;0.0000;0.0000;100.0000;7.3814;59.1101;0.0000;1;0;0;0;1;0;65566
48580;0;0;0;227;235;230;0.0000;0.0000;100.0000;7.3814;59.1101;0.0000;1;0;0;0;1;0;65566
48591;0;0;0;227;235;230;0.0000;0.0000;100.0000;7.3814;59.1101;0.0000;1;0;0;0;1;0;65566
48601;0;0;0;227;235;230;0.0000;0.0000;100.0000;7.3814;59.1101;0.0000;1;0;0;0;1;0;65566
48612;0;0;0;227;235;230;0.0000;0.0000;100.0000;7.3814;59.1101;0.0000;1;0;0;0;1;0;65566
48622;0;0;0;227;235;230;0.0000;0.0000;100.0000;7.3814;59.1101;0.0000;1;0;0;0;1;0;65566
48633;0;0;0;227;235;230;0.0000;0.0000;100.0000;7.3814;59.1101;0.0000;1;0;0;0;1;0;65566
48643;0;0;0;227;235;230;0.0000;0.0000;100.0000;7.3814;59.1101;0.0000;1;0;0;0;1;0;65566
48656;0;0;0;227;235;230;0.0000;0.0000;100.0000;7.3814;59.1101;0.0000;1;0;0;0;1;0;65566
48667;0;0;0;227;235;230;0.0000;0.0000;100.0000;7.3814;59.1101;0.0000;1;0;0;0;1;0;65566
48678;0;0;0;227;235;230;0.0000;0.0000;100.0000;7.3814;59.1101;0.0000;1;0;0;0;1;0;65566
48689;0;0;0;227;235;230;0.0000;0.0000;100.0000;7.3814;59.1101;0.0000;1;0;0;0;1;0;65566
48699;0;0;0;227;235;230;0.0000;0.0000;100.0000;7.3814;59.1101;0.0000;1;0;0;0;1;0;65566
48710;0;0;0;227;235;230;0.0000;0.0000;100.0000;7.3814;59.1101;0.0000;1;0;0;0;1;0;65566
48720;0;0;0;227;235;230;0.0000;0.0000;100.0000;7.3814;59.1101;0.0000;1;0;0;0;1;0;65566
48731;0;0;0;227;235;230;0.0000;0.0000;100.0000;7.3814;59.1101;0.0000;1;0;0;0;1;0;65566
48741;0;0;0;227;235;230;0.0000;0.0000;100.0000;7.3814;59.1101;0.0000;1;0;0;0;1;0;65566
48779;0;0;0;227;235;230;0.0000;0.0000;100.0000;7.3814;59.1101;0.0000;1;0;0;0;1;0;65566
48789;0;0;0;227;235;230;0.0000;0.0000;100.0000;7.3814;59.1101;0.0000;1;0;0;0;1;0;65566
48806;0;0;0;227;235;230;0.0000;0.0000;100.0000;7.3814;59.1101;0.0000;1;0;0;0;1;0;65566
48816;0;0;0;227;235;230;0.0000;0.0000;100.0000;7.3814;59.1101;0.0000;1;0;0;0;1;0;65566
48827;0;0;0;227;235;230;0.0000;0.0000;100.0000;7.3814;59.1101;0.0000;1;0;0;0;1;0;65566
48837;0;0;0;227;235;230;0.0000;0.0000;100.0000;7.3814;59.1101;0.0000;1;0;0;0;1;0;65566
48848;0;0;0;227;235;230;0.0000;0.0000;100.0000;7.3814;59.1101;0.0000;1;0;0;0;1;0;65566
48870;0;0;0;227;235;230;0.0000;0.0000;100.0000;7.3814;59.1101;0.0000;1;0;0;0;1;0;65566
48880;0;0;0;227;235;230;0.0000;0.0000;100.0000;7.3814;59.1101;0.0000;1;0;0;0;1;0;65566
48891;0;0;0;227;235;230;0.0000;0.0000;100.0000;7.3814;59.1101;0.0000;1;0;0;0;1;0;65566
48902;0;0;0;227;235;230;0.0000;0.0000;100.0000;7.3814;59.1101;0.0000;1;0;0;0;1;0;65566
48912;0;0;0;227;235;230;0.0000;0.0000;100.0000;7.3814;59.1101;0.0000;1;0;0;0;1;0;65566
48923;0;0;0;227;235;230;0.0000;0.0000;100.0000;7.3814;59.1101;0.0000;1;0;0;0;1;0;65566
48933;0;0;0;227;235;230;0.0000;0.0000;100.0000;7.3814;59.1101;0.0000;1;0;0;0;1;0;65566
48944;0;0;0;227;235;230;0.0000;0.0000;100.0000;7.3814;59.1101;0.0000;1;0;0;0;1;0;65566
48954;0;0;0;227;235;230;0.0000;0.0000;100.0000;7.3814;59.1101;0.0000;1;0;0;0;1;0;65566
48964;0;0;0;227;235;230;0.0000;0.0000;100.0000;7.3814;59.1101;0.0000;1;0;0;0;1;0;65566
48975;0;0;0;227;235;230;0.0000;0.0000;100.0000;7.3814;59.1101;0.0000;1;0;0;0;1;0;65566
48987;0;0;0;227;235;230;0.0000;0.0000;100.0000;7.3814;59.1101;0.0000;1;0;0;0;1;0;65566
48998;0;0;0;227;235;230;0.0000;0.0000;100.0000;7.3814;59.1101;0.0000;1;0;0;0;1;0;65566
49013;0;0;0;227;235;230;0.0000;0.0000;100.0000;7.3814;59.1101;0.0000;1;0;0;0;1;0;65566
49023;0;0;0;227;235;230;0.0000;0.0000;100.0000;7.3814;59.1101;0.0000;1;0;0;0;1;0;65566
49034;0;0;0;227;235;230;0.0000;0.0000;100.0000;7.3814;59.1101;0.0000;1;0;0;0;1;0;65566
49044;0;0;0;227;235;230;0.0000;0.0000;100.0000;7.3814;59.1101;0.0000;1;0;0;0;1;0;65566
49054;0;0;0;227;235;230;0.0000;0.0000;100.0000;7.3814;59.1101;0.0000;1;0;0;0;1;0;65566
49065;0;0;0;227;235;230;0.0000;0.0000;100.0000;7.3814;59.1101;0.0000;1;0;0;0;1;0;65566
49076;0;0;0;227;235;230;0.0000;0.0000;100.0000;7.3814;59.1101;0.0000;1;0;0;0;1;0;65566
49087;0;0;0;227;235;230;0.0000;0.0000;100.0000;7.3814;59.1101;0.0000;1;0;0;0;1;0;65566
49104;0;0;0;227;235;230;0.0000;0.0000;100.0000;7.3814;59.1101;0.0000;1;0;0;0;1;0;65536
49115;0;0;0;227;235;230;0.0000;0.0000;100.0000;7.3814;59.1101;0.0000;1;0;0;0;1;0;65536
49125;0;0;0;227;235;230;0.0000;0.0000;100.0000;7.3814;59.1101;0.0000;1;0;0;0;1;0;65536
49136;0;0;0;227;235;230;0.0000;0.0000;100.0000;7.3814;59.1101;0.0000;1;0;0;0;1;0;65536
49146;0;0;0;227;235;230;0.0000;0.0000;100.0000;7.3814;59.1101;0.0000;1;0;0;0;1;0;65536
49157;0;0;0;227;235;230;0.0000;0.0000;100.0000;7.3814;59.1101;0.0000;1;0;0;0;1;0;65536
49167;0;0;0;227;235;230;0.0000;0.0000;100.0000;7.3814;59.1101;0.0000;1;0;0;0;1;0;65536
49178;0;0;0;227;235;230;0.0000;0.0000;100.0000;7.3814;59.1101;0.0000;1;0;0;0;1;0;65536
49188;0;0;0;227;235;230;0.0000;0.0000;100.0000;7.3814;59.1101;0.0000;1;0;0;0;1;0;65536
49200;0;0;0;227;235;230;0.0000;0.0000;100.0000;7.3814;59.1101;0.0000;1;0;0;0;1;0;65536
49212;0;0;0;227;235;230;0.0000;0.0000;100.0000;7.3814;59.1101;0.0000;1;0;0;0;1;0;65536
49229;0;0;0;227;235;230;0.0000;0.0000;100.0000;7.3814;59.1101;0.0000;1;0;0;0;1;0;65536
49240;0;0;0;227;235;230;0.0000;0.0000;80.0000;7.6183;59.0708;0.0000;1;0;0;0;1;0;65536
49251;0;0;0;227;235;230;0.0000;0.0000;80.0000;7.6183;59.0708;0.0000;1;0;0;0;1;0;65536
49261;0;0;0;227;235;230;0.0000;0.0000;80.0000;7.6183;59.0708;0.0000;1;0;0;0;1;0;65536
49272;0;0;0;227;235;230;0.0000;0.0000;80.0000;7.6183;59.0708;0.0000;1;0;0;0;1;0;65536
49282;0;0;0;227;235;230;0.0000;0.0000;80.0000;7.6183;59.0708;0.0000;1;0;0;0;1;0;65536
49296;0;0;0;227;235;230;0.0000;0.0000;80.0000;7.6183;59.0708;0.0000;1;0;0;0;1;0;65536
49306;0;0;0;227;235;230;0.0000;0.0000;80.0000;7.6183;59.0708;0.0000;1;0;0;0;1;0;65536
49320;0;0;0;227;235;230;0.0000;0.0000;80.0000;7.6183;59.0708;0.0000;1;0;0;0;1;0;65540
49332;0;0;0;227;235;230;0.0000;0.0000;80.0000;7.6183;59.0708;0.0000;1;0;0;0;1;0;65540
49350;0;0;0;227;235;230;0.0000;0.0000;80.0000;7.6183;59.0708;0.0000;1;0;0;0;1;0;65540
49370;0;0;0;227;235;230;0.0000;0.0000;80.0000;7.6183;59.0708;0.0000;1;0;0;0;1;0;65540
49382;0;0;0;227;235;230;0.0000;0.0000;80.0000;7.6183;59.0708;0.0000;1;0;0;0;1;0;65540
49393;0;0;0;227;235;230;0.0000;0.0000;80.0000;7.6183;59.0708;0.0000;1;0;0;0;1;0;65540
49404;0;0;0;227;235;230;0.0000;0.0000;80.0000;7.6183;59.0708;0.0000;1;0;0;0;1;0;65540
49414;0;0;0;227;235;230;0.0000;0.0000;80.0000;7.6183;59.0708;0.0000;1;0;0;0;1;0;65540
49425;0;0;0;227;235;230;0.0000;0.0000;80.0000;7.6183;59.0708;0.0000;1;0;0;0;1;0;65540
49435;0;0;0;227;235;230;0.0000;0.0000;80.0000;7.6183;59.0708;0.0000;1;0;0;0;1;0;65540
49446;0;0;0;227;235;230;0.0000;0.0000;80.0000;7.6183;59.0708;0.0000;1;0;0;0;1;0;65540
49458;0;0;0;227;235;230;0.0000;0.0000;80.0000;7.6183;59.0708;0.0000;1;0;0;0;1;0;65540
49469;0;0;0;227;235;230;0.0000;0.0000;80.0000;7.6183;59.0708;0.0000;1;0;0;0;1;0;65540
49481;0;0;0;227;235;230;0.0000;0.0000;80.0000;7.6183;59.0708;0.0000;1;0;0;0;1;0;65540
49492;0;0;0;227;235;230;0.0000;0.0000;80.0000;7.6183;59.0708;0.0000;1;0;0;0;1;0;65540
49502;0;0;0;227;235;230;0.0000;0.0000;80.0000;7.6183;59.0708;0.0000;1;0;0;0;1;0;65540
49514;0;0;0;227;235;230;0.0000;0.0000;80.0000;7.6183;59.0708;0.0000;1;0;0;0;1;0;65540
49527;0;0;0;227;235;230;0.0000;0.0000;80.0000;7.6183;59.0708;0.0000;1;0;0;0;1;0;65540
49538;0;0;0;227;235;230;0.0000;0.0000;80.0000;7.6183;59.0708;0.0000;1;0;0;0;1;0;65540
49549;0;0;0;227;235;230;0.0000;0.0000;80.0000;7.6183;59.0708;0.0000;1;0;0;0;1;0;65566
49560;0;0;0;227;235;230;0.0000;0.0000;80.0000;7.6183;59.0708;0.0000;1;0;0;0;1;0;65566
49574;0;0;0;227;235;230;0.0000;0.0000;80.0000;7.6183;59.0708;0.0000;1;0;0;0;1;0;65566
49585;0;0;0;227;235;230;0.0000;0.0000;80.0000;7.6183;59.0708;0.0000;1;0;0;0;1;0;65566
49596;0;0;0;227;235;230;0.0000;0.0000;80.0000;7.6183;59.0708;0.0000;1;0;0;0;1;0;65566
49610;0;0;0;227;235;230;0.0000;0.0000;80.0000;7.6183;59.0708;0.0000;1;0;0;0;1;0;65566
49630;0;0;0;227;235;230;0.0000;0.0000;80.0000;7.6183;59.0708;0.0000;1;0;0;0;1;0;65566
49641;0;0;0;227;235;230;0.0000;0.0000;80.0000;7.6183;59.0708;0.0000;1;0;0;0;1;0;65566
49652;0;0;0;227;235;230;0.0000;0.0000;80.0000;7.6183;59.0708;0.0000;1;0;0;0;1;0;65566
49662;0;0;0;227;235;230;0.0000;0.0000;80.0000;7.6183;59.0708;0.0000;1;0;0;0;1;0;65566
49673;0;0;0;227;235;230;0.0000;0.0000;80.0000;7.6183;59.0708;0.0000;1;0;0;0;1;0;65566
49684;0;0;0;227;235;230;0.0000;0.0000;80.0000;7.6183;59.0708;0.0000;1;0;0;0;1;0;65566
49695;0;0;0;227;235;230;0.0000;0.0000;80.0000;7.6183;59.0708;0.0000;1;0;0;0;1;0;65566
49710;0;0;0;227;235;230;0.0000;0.0000;80.0000;7.6183;59.0708;0.0000;1;0;0;0;1;0;65566
49720;0;0;0;227;235;230;0.0000;0.0000;80.0000;7.6183;59.0708;0.0000;1;0;0;0;1;0;65566
49731;0;0;0;227;235;230;0.0000;0.0000;80.0000;7.6183;59.0708;0.0000;1;0;0;0;1;0;65566
49742;0;0;0;227;235;230;0.0000;0.0000;80.0000;7.6183;59.0708;0.0000;1;0;0;0;1;0;65566
49760;0;0;0;227;235;230;0.0000;0.0000;80.0000;7.6183;59.0708;0.0000;1;0;0;0;1;0;65566
49771;0;0;0;227;235;230;0.0000;0.0000;80.0000;7.6183;59.0708;0.0000;1;0;0;0;1;0;65566
49781;0;0;0;227;235;230;0.0000;0.0000;80.0000;7.6183;59.0708;0.0000;1;0;0;0;1;0;65566
49792;0;0;0;227;235;230;0.0000;0.0000;80.0000;7.6183;59.0708;0.0000;1;0;0;0;1;0;65566
49803;0;0;0;227;235;230;0.0000;0.0000;80.0000;7.6183;59.0708;0.0000;1;0;0;0;1;0;65566
49814;0;0;0;227;235;230;0.0000;0.0000;80.0000;7.6183;59.0708;0.0000;1;0;0;0;1;0;65566
49825;0;0;0;227;235;230;0.0000;0.0000;80.0000;7.6183;59.0708;0.0000;1;0;0;0;1;0;65566
49836;0;0;0;227;235;230;0.0000;0.0000;80.0000;7.6183;59.0708;0.0000;1;0;0;0;1;0;65566
49848;0;0;0;227;235;230;0.0000;0.0000;80.0000;7.6183;59.0708;0.0000;1;0;0;0;1;0;65566
49859;0;0;0;227;235;230;0.0000;0.0000;80.0000;7.6183;59.0708;0.0000;1;0;0;0;1;0;65566
49872;0;0;0;227;235;230;0.0000;0.0000;80.0000;7.6183;59.0708;0.0000;1;0;0;0;1;0;65566
49882;0;0;0;227;235;230;0.0000;0.0000;80.0000;7.6183;59.0708;0.0000;1;0;0;0;1;0;65566
49899;0;0;0;227;235;230;0.0000;0.0000;80.0000;7.6183;59.0708;0.0000;1;0;0;0;1;0;65566
49910;0;0;0;227;235;230;0.0000;0.0000;80.0000;7.6183;59.0708;0.0000;1;0;0;0;1;0;65566
49921;0;0;0;227;235;230;0.0000;0.0000;80.0000;7.6183;59.0708;0.0000;1;0;0;0;1;0;65566
49932;0;0;0;227;235;230;0.0000;0.0000;80.0000;7.6183;59.0708;0.0000;1;0;0;0;1;0;65566
49942;0;0;0;227;235;230;0.0000;0.0000;80.0000;7.6183;59.0708;0.0000;1;0;0;0;1;0;65566
49953;0;0;0;227;235;230;0.0000;0.0000;80.0000;7.6183;59.0708;0.0000;1;0;0;0;1;0;65566
49964;0;0;0;227;235;230;0.0000;0.0000;80.0000;7.6183;59.0708;0.0000;1;0;0;0;1;0;65566
49976;0;0;0;227;235;230;0.0000;0.0000;80.0000;7.6183;59.0708;0.0000;1;0;0;0;1;0;65566
49988;0;0;0;227;235;230;0.0000;0.0000;80.0000;7.6183;59.0708;0.0000;1;0;0;0;1;0;65566
49999;0;0;0;227;235;230;0.0000;0.0000;80.0000;7.6183;59.0708;0.0000;1;0;0;0;1;0;65566
50010;0;0;0;227;235;230;0.0000;0.0000;80.0000;7.6183;59.0708;0.0000;1;0;0;0;1;0;65566
50021;0;0;0;227;235;230;0.0000;0.0000;80.0000;7.6183;59.0708;0.0000;1;0;0;0;1;0;65566
50032;0;0;0;227;235;230;0.0000;0.0000;80.0000;7.6183;59.0708;0.0000;1;0;0;0;1;0;65566
50042;0;0;0;227;235;230;0.0000;0.0000;80.0000;7.6183;59.0708;0.0000;1;0;0;0;1;0;65566
50053;0;0;0;227;235;230;0.0000;0.0000;80.0000;7.6183;59.0708;0.0000;1;0;0;0;1;0;65566
50064;0;0;0;227;235;230;0.0000;0.0000;80.0000;7.6183;59.0708;0.0000;1;0;0;0;1;0;65566
50076;0;0;0;227;235;230;0.0000;0.0000;80.0000;7.6183;59.0708;0.0000;1;0;0;0;1;0;65566
50087;0;0;0;227;235;230;0.0000;0.0000;80.0000;7.6183;59.0708;0.0000;1;0;0;0;1;0;65566
50101;0;0;0;227;235;230;0.0000;0.0000;80.0000;7.6183;59.0708;0.0000;1;0;0;0;1;0;65552
50112;0;0;0;227;235;230;0.0000;0.0000;80.0000;7.6183;59.0708;0.0000;1;0;0;0;1;0;65536
50130;0;0;0;227;235;230;0.0000;0.0000;80.0000;7.6183;59.0708;0.0000;1;0;0;0;1;0;65536
50140;0;0;0;227;235;230;0.0000;0.0000;80.0000;7.6183;59.0708;0.0000;1;0;0;0;1;0;65536
50151;0;0;0;227;235;230;0.0000;0.0000;80.0000;7.6183;59.0708;0.0000;1;0;0;0;1;0;65536
50161;0;0;0;227;235;230;0.0000;0.0000;80.0000;7.6183;59.0708;0.0000;1;0;0;0;1;0;65536
50172;0;0;0;227;235;230;0.0000;0.0000;80.0000;7.6183;59.0708;0.0000;1;0;0;0;1;0;65536
50183;0;0;0;227;235;230;0.0000;0.0000;80.0000;7.6183;59.0708;0.0000;1;0;0;0;1;0;65536
50193;0;0;0;227;235;230;0.0000;0.0000;80.0000;7.6183;59.0708;0.0000;1;0;0;0;1;0;65536
50204;0;0;0;227;235;230;0.0000;0.0000;80.0000;7.6183;59.0708;0.0000;1;0;0;0;1;0;65536
50215;0;0;0;227;235;230;0.0000;0.0000;80.0000;7.6183;59.0708;0.0000;1;0;0;0;1;0;65536
50225;0;0;0;227;235;230;0.0000;0.0000;80.0000;7.6183;59.0708;0.0000;1;0;0;0;1;0;65536
50236;0;0;0;227;235;230;0.0000;0.0000;80.0000;7.6183;59.0708;0.0000;1;0;0;0;1;0;65536
50247;0;0;0;227;235;230;0.0000;0.0000;100.0000;8.8064;59.2680;0.0000;1;0;0;0;1;0;65536
50259;0;0;0;227;235;230;0.0000;0.0000;100.0000;8.8064;59.2680;0.0000;1;0;0;0;1;0;65536
50273;0;0;0;227;235;230;0.0000;0.0000;100.0000;8.8064;59.2680;0.0000;1;0;0;0;1;0;65536
50283;0;0;0;227;235;230;0.0000;0.0000;100.0000;8.8064;59.2680;0.0000;1;0;0;0;1;0;65536
50294;0;0;0;227;235;230;0.0000;0.0000;100.0000;8.8064;59.2680;0.0000;1;0;0;0;1;0;65536
50304;0;0;0;227;235;230;0.0000;0.0000;100.0000;8.8064;59.2680;0.0000;1;0;0;0;1;0;65536
50315;0;0;0;227;235;230;0.0000;0.0000;100.0000;8.8064;59.2680;0.0000;1;0;0;0;1;0;65536
50326;0;0;0;227;235;230;0.0000;0.0000;100.0000;8.8064;59.2680;0.0000;1;0;0;0;1;0;65540
50336;0;0;0;227;235;230;0.0000;0.0000;100.0000;8.8064;59.2680;0.0000;1;0;0;0;1;0;65540
50347;0;0;0;227;235;230;0.0000;0.0000;100.0000;8.8064;59.2680;0.0000;1;0;0;0;1;0;65540
50357;0;0;0;227;235;230;0.0000;0.0000;100.0000;8.8064;59.2680;0.0000;1;0;0;0;1;0;65540
50368;0;0;0;227;235;230;0.0000;0.0000;100.0000;8.8064;59.2680;0.0000;1;0;0;0;1;0;65540
50379;0;0;0;227;235;230;0.0000;0.0000;100.0000;8.8064;59.2680;0.0000;1;0;0;0;1;0;65540
50390;0;0;0;227;235;230;0.0000;0.0000;100.0000;8.8064;59.2680;0.0000;1;0;0;0;1;0;65540
50409;0;0;0;227;235;230;0.0000;0.0000;100.0000;8.8064;59.2680;0.0000;1;0;0;0;1;0;65540
50420;0;0;0;227;235;230;0.0000;0.0000;100.0000;8.8064;59.2680;0.0000;1;0;0;0;1;0;65540
50431;0;0;0;227;235;230;0.0000;0.0000;100.0000;8.8064;59.2680;0.0000;1;0;0;0;1;0;65540
50442;0;0;0;227;235;230;0.0000;0.0000;100.0000;8.8064;59.2680;0.0000;1;0;0;0;1;0;65540
50452;0;0;0;227;235;230;0.0000;0.0000;100.0000;8.8064;59.2680;0.0000;1;0;0;0;1;0;65540
50463;0;0;0;227;235;230;0.0000;0.0000;100.0000;8.8064;59.2680;0.0000;1;0;0;0;1;0;65540
50473;0;0;0;227;235;230;0.0000;0.0000;100.0000;8.8064;59.2680;0.0000;1;0;0;0;1;0;65540
50484;0;0;0;227;235;230;0.0000;0.0000;100.0000;8.8064;59.2680;0.0000;1;0;0;0;1;0;65540
50495;0;0;0;227;235;230;0.0000;0.0000;100.0000;8.8064;59.2680;0.0000;1;0;0;0;1;0;65540
50510;0;0;0;227;235;230;0.0000;0.0000;100.0000;8.8064;59.2680;0.0000;1;0;0;0;1;0;65540
50525;0;0;0;227;235;230;0.0000;0.0000;100.0000;8.8064;59.2680;0.0000;1;0;0;0;1;0;65540
50535;0;0;0;227;235;230;0.0000;0.0000;100.0000;8.8064;59.2680;0.0000;1;0;0;0;1;0;65540
50546;0;0;0;227;235;230;0.0000;0.0000;100.0000;8.8064;59.2680;0.0000;1;0;0;0;1;0;65540
50557;0;0;0;227;235;230;0.0000;0.0000;100.0000;8.8064;59.2680;0.0000;1;0;0;0;1;0;65566
50567;0;0;0;227;235;230;0.0000;0.0000;100.0000;8.8064;59.2680;0.0000;1;0;0;0;1;0;65566
50584;0;0;0;227;235;230;0.0000;0.0000;100.0000;8.8064;59.2680;0.0000;1;0;0;0;1;0;65566
50595;0;0;0;227;235;230;0.0000;0.0000;100.0000;8.8064;59.2680;0.0000;1;0;0;0;1;0;65566
50605;0;0;0;227;235;230;0.0000;0.0000;100.0000;8.8064;59.2680;0.0000;1;0;0;0;1;0;65566
50616;0;0;0;227;235;230;0.0000;0.0000;100.0000;8.8064;59.2680;0.0000;1;0;0;0;1;0;65566
50626;0;0;0;227;235;230;0.0000;0.0000;100.0000;8.8064;59.2680;0.0000;1;0;0;0;1;0;65566
50637;0;0;0;227;235;230;0.0000;0.0000;100.0000;8.8064;59.2680;0.0000;1;0;0;0;1;0;65566
50648;0;0;0;227;235;230;0.0000;0.0000;100.0000;8.8064;59.2680;0.0000;1;0;0;0;1;0;65566
50661;0;0;0;227;235;230;0.0000;0.0000;100.0000;8.8064;59.2680;0.0000;1;0;0;0;1;0;65566
50671;0;0;0;227;235;230;0.0000;0.0000;100.0000;8.8064;59.2680;0.0000;1;0;0;0;1;0;65566
50682;0;0;0;227;235;230;0.0000;0.0000;100.0000;8.8064;59.2680;0.0000;1;0;0;0;1;0;65566
50692;0;0;0;227;235;230;0.0000;0.0000;100.0000;8.8064;59.2680;0.0000;1;0;0;0;1;0;65566
50703;0;0;0;227;235;230;0.0000;0.0000;100.0000;8.8064;59.2680;0.0000;1;0;0;0;1;0;65566
50719;0;0;0;227;235;230;0.0000;0.0000;100.0000;8.8064;59.2680;0.0000;1;0;0;0;1;0;65566
50730;0;0;0;227;235;230;0.0000;0.0000;100.0000;8.8064;59.2680;0.0000;1;0;0;0;1;0;65566
50742;0;0;0;227;235;230;0.0000;0.0000;100.0000;8.8064;59.2680;0.0000;1;0;0;0;1;0;65566
50751;0;0;0;227;235;230;0.0000;0.0000;100.0000;8.8064;59.2680;0.0000;1;0;0;0;1;0;65566
50764;0;0;0;227;235;230;0.0000;0.0000;100.0000;8.8064;59.2680;0.0000;1;0;0;0;1;0;65566
50775;0;0;0;227;235;230;0.0000;0.0000;100.0000;8.8064;59.2680;0.0000;1;0;0;0;1;0;65566
50790;0;0;0;227;235;230;0.0000;0.0000;100.0000;8.8064;59.2680;0.0000;1;0;0;0;1;0;65566
50800;0;0;0;227;235;230;0.0000;0.0000;100.0000;8.8064;59.2680;0.0000;1;0;0;0;1;0;65566
50811;0;0;0;227;235;230;0.0000;0.0000;100.0000;8.8064;59.2680;0.0000;1;0;0;0;1;0;65566
50821;0;0;0;227;235;230;0.0000;0.0000;100.0000;8.8064;59.2680;0.0000;1;0;0;0;1;0;65566
50839;0;0;0;227;235;230;0.0000;0.0000;100.0000;8.8064;59.2680;0.0000;1;0;0;0;1;0;65566
50850;0;0;0;227;235;230;0.0000;0.0000;100.0000;8.8064;59.2680;0.0000;1;0;0;0;1;0;65566
50864;0;0;0;227;235;230;0.0000;0.0000;100.0000;8.8064;59.2680;0.0000;1;0;0;0;1;0;65566
50878;0;0;0;227;235;230;0.0000;0.0000;100.0000;8.8064;59.2680;0.0000;1;0;0;0;1;0;65566
50888;0;0;0;227;235;230;0.0000;0.0000;100.0000;8.8064;59.2680;0.0000;1;0;0;0;1;0;65566
50909;0;0;0;227;235;230;0.0000;0.0000;100.0000;8.8064;59.2680;0.0000;1;0;0;0;1;0;65566
50920;0;0;0;227;235;230;0.0000;0.0000;100.0000;8.8064;59.2680;0.0000;1;0;0;0;1;0;65566
50931;0;0;0;227;235;230;0.0000;0.0000;100.0000;8.8064;59.2680;0.0000;1;0;0;0;1;0;65566
50941;0;0;0;227;235;230;0.0000;0.0000;100.0000;8.8064;59.2680;0.0000;1;0;0;0;1;0;65566
50952;0;0;0;227;235;230;0.0000;0.0000;100.0000;8.8064;59.2680;0.0000;1;0;0;0;1;0;65566
50962;0;0;0;227;235;230;0.0000;0.0000;100.0000;8.8064;59.2680;0.0000;1;0;0;0;1;0;65566
50973;0;0;0;227;235;230;0.0000;0.0000;100.0000;8.8064;59.2680;0.0000;1;0;0;0;1;0;65566
50984;0;0;0;227;235;230;0.0000;0.0000;100.0000;8.8064;59.2680;0.0000;1;0;0;0;1;0;65566
50994;0;0;0;227;235;230;0.0000;0.0000;100.0000;8.8064;59.2680;0.0000;1;0;0;0;1;0;65566
51005;0;0;0;227;235;230;0.0000;0.0000;100.0000;8.8064;59.2680;0.0000;1;0;0;0;1;0;65566
51016;0;0;0;227;235;230;0.0000;0.0000;100.0000;8.8064;59.2680;0.0000;1;0;0;0;1;0;65566
51029;0;0;0;227;235;230;0.0000;0.0000;100.0000;8.8064;59.2680;0.0000;1;0;0;0;1;0;65566
51040;0;0;0;227;235;230;0.0000;0.0000;100.0000;8.8064;59.2680;0.0000;1;0;0;0;1;0;65566
51051;0;0;0;227;235;230;0.0000;0.0000;100.0000;8.8064;59.2680;0.0000;1;0;0;0;1;0;65566
51062;0;0;0;227;235;230;0.0000;0.0000;100.0000;8.8064;59.2680;0.0000;1;0;0;0;1;0;65566
51079;0;0;0;227;235;230;0.0000;0.0000;100.0000;8.8064;59.2680;0.0000;1;0;0;0;1;0;65566
51090;0;0;0;227;235;230;0.0000;0.0000;100.0000;8.8064;59.2680;0.0000;1;0;0;0;1;0;65566
51101;0;0;0;227;235;230;0.0000;0.0000;100.0000;8.8064;59.2680;0.0000;1;0;0;0;1;0;65536
51112;0;0;0;227;235;230;0.0000;0.0000;100.0000;8.8064;59.2680;0.0000;1;0;0;0;1;0;65536
51123;0;0;0;227;235;230;0.0000;0.0000;100.0000;8.8064;59.2680;0.0000;1;0;0;0;1;0;65536
51133;0;0;0;227;235;230;0.0000;0.0000;100.0000;8.8064;59.2680;0.0000;1;0;0;0;1;0;65536
51148;0;0;0;227;235;230;0.0000;0.0000;100.0000;8.8064;59.2680;0.0000;1;0;0;0;1;0;65536
51159;0;0;0;227;235;230;0.0000;0.0000;100.0000;8.8064;59.2680;0.0000;1;0;0;0;1;0;65536
51170;0;0;0;227;235;230;0.0000;0.0000;100.0000;8.8064;59.2680;0.0000;1;0;0;0;1;0;65536
51180;0;0;0;227;235;230;0.0000;0.0000;100.0000;8.8064;59.2680;0.0000;1;0;0;0;1;0;65536
51199;0;0;0;227;235;230;0.0000;0.0000;100.0000;8.8064;59.2680;0.0000;1;0;0;0;1;0;65536
51210;0;0;0;227;235;230;0.0000;0.0000;100.0000;8.8064;59.2680;0.0000;1;0;0;0;1;0;65536
51220;0;0;0;227;235;230;0.0000;0.0000;100.0000;8.8064;59.2680;0.0000;1;0;0;0;1;0;65536
51231;0;0;0;227;235;230;0.0000;0.0000;100.0000;8.8064;59.2680;0.0000;1;0;0;0;1;0;65536
51250;0;0;0;227;235;230;0.0000;0.0000;100.0000;8.8064;59.2680;0.0000;1;0;0;0;1;0;65536
51261;0;0;0;227;235;230;0.0000;0.0000;100.0000;9.0014;59.3473;0.0000;1;0;0;0;1;0;65536
51271;0;0;0;227;232;230;0.0000;0.0000;100.0000;9.0014;59.3473;0.0000;1;0;0;0;1;0;65536
51282;0;0;0;227;232;230;0.0000;0.0000;100.0000;9.0014;59.3473;0.0000;1;0;0;0;1;0;65536
51293;0;0;0;227;232;230;0.0000;0.0000;100.0000;9.0014;59.3473;0.0000;1;0;0;0;1;0;65536
51304;0;0;0;227;232;230;0.0000;0.0000;100.0000;9.0014;59.3473;0.0000;1;0;0;0;1;0;65536
51314;0;0;0;227;232;230;0.0000;0.0000;100.0000;9.0014;59.3473;0.0000;1;0;0;0;1;0;65536
51329;0;0;0;227;232;230;0.0000;0.0000;100.0000;9.0014;59.3473;0.0000;1;0;0;0;1;0;65536
51340;0;0;0;227;232;230;0.0000;0.0000;100.0000;9.0014;59.3473;0.0000;1;0;0;0;1;0;65536
51351;0;0;0;227;232;230;0.0000;0.0000;100.0000;9.0014;59.3473;0.0000;1;0;0;0;1;0;65536
51361;0;0;0;227;232;230;0.0000;0.0000;100.0000;9.0014;59.3473;0.0000;1;0;0;0;1;0;65536
51372;0;0;0;227;232;230;0.0000;0.0000;100.0000;9.0014;59.3473;0.0000;1;0;0;0;1;0;65536
51382;0;0;0;227;232;230;0.0000;0.0000;100.0000;9.0014;59.3473;0.0000;1;0;0;0;1;0;65536
51393;0;0;0;227;232;230;0.0000;0.0000;100.0000;9.0014;59.3473;0.0000;1;0;0;0;1;0;65536
51406;0;0;0;227;232;230;0.0000;0.0000;100.0000;9.0014;59.3473;0.0000;1;0;0;0;1;0;65536
51419;0;0;0;227;232;230;0.0000;0.0000;100.0000;9.0014;59.3473;0.0000;1;0;0;0;1;0;65540
51430;0;0;0;227;232;230;0.0000;0.0000;100.0000;9.0014;59.3473;0.0000;1;0;0;0;1;0;65540
51441;0;0;0;227;232;230;0.0000;0.0000;100.0000;9.0014;59.3473;0.0000;1;0;0;0;1;0;65540
51451;0;0;0;227;232;230;0.0000;0.0000;100.0000;9.0014;59.3473;0.0000;1;0;0;0;1;0;65540
51462;0;0;0;227;232;230;0.0000;0.0000;100.0000;9.0014;59.3473;0.0000;1;0;0;0;1;0;65540
51473;0;0;0;227;232;230;0.0000;0.0000;100.0000;9.0014;59.3473;0.0000;1;0;0;0;1;0;65540
51486;0;0;0;227;232;230;0.0000;0.0000;100.0000;9.0014;59.3473;0.0000;1;0;0;0;1;0;65540
51496;0;0;0;227;232;230;0.0000;0.0000;100.0000;9.0014;59.3473;0.0000;1;0;0;0;1;0;65540
51507;0;0;0;227;232;230;0.0000;0.0000;100.0000;9.0014;59.3473;0.0000;1;0;0;0;1;0;65540
51518;0;0;0;227;232;230;0.0000;0.0000;100.0000;9.0014;59.3473;0.0000;1;0;0;0;1;0;65540
51531;0;0;0;227;232;230;0.0000;0.0000;100.0000;9.0014;59.3473;0.0000;1;0;0;0;1;0;65550
51542;0;0;0;227;232;230;0.0000;0.0000;100.0000;9.0014;59.3473;0.0000;1;0;0;0;1;0;65550
51552;0;0;0;227;232;230;0.0000;0.0000;100.0000;9.0014;59.3473;0.0000;1;0;0;0;1;0;65550
51563;0;0;0;227;232;230;0.0000;0.0000;100.0000;9.0014;59.3473;0.0000;1;0;0;0;1;0;65550
51573;0;0;0;227;232;230;0.0000;0.0000;100.0000;9.0014;59.3473;0.0000;1;0;0;0;1;0;65550
51588;0;0;0;227;232;230;0.0000;0.0000;100.0000;9.0014;59.3473;0.0000;1;0;0;0;1;0;65550
51599;0;0;0;227;232;230;0.0000;0.0000;100.0000;9.0014;59.3473;0.0000;1;0;0;0;1;0;65550
51610;0;0;0;227;232;230;0.0000;0.0000;100.0000;9.0014;59.3473;0.0000;1;0;0;0;1;0;65550
51620;0;0;0;227;232;230;0.0000;0.0000;100.0000;9.0014;59.3473;0.0000;1;0;0;0;1;0;65550
51631;0;0;0;227;232;230;0.0000;0.0000;100.0000;9.0014;59.3473;0.0000;1;0;0;0;1;0;65550
51643;0;0;0;227;232;230;0.0000;0.0000;100.0000;9.0014;59.3473;0.0000;1;0;0;0;1;0;65566
51653;0;0;0;227;232;230;0.0000;0.0000;100.0000;9.0014;59.3473;0.0000;1;0;0;0;1;0;65566
51664;0;0;0;227;232;230;0.0000;0.0000;100.0000;9.0014;59.3473;0.0000;1;0;0;0;1;0;65566
51674;0;0;0;227;232;230;0.0000;0.0000;100.0000;9.0014;59.3473;0.0000;1;0;0;0;1;0;65566
51685;0;0;0;227;232;230;0.0000;0.0000;100.0000;9.0014;59.3473;0.0000;1;0;0;0;1;0;65566
51697;0;0;0;227;232;230;0.0000;0.0000;100.0000;9.0014;59.3473;0.0000;1;0;0;0;1;0;65566
51710;0;0;0;227;232;230;0.0000;0.0000;100.0000;9.0014;59.3473;0.0000;1;0;0;0;1;0;65566
51721;0;0;0;227;232;230;0.0000;0.0000;100.0000;9.0014;59.3473;0.0000;1;0;0;0;1;0;65566
51731;0;0;0;227;232;230;0.0000;0.0000;100.0000;9.0014;59.3473;0.0000;1;0;0;0;1;0;65566
51749;0;0;0;227;232;230;0.0000;0.0000;100.0000;9.0014;59.3473;0.0000;1;0;0;0;1;0;65566
51760;0;0;0;227;232;230;0.0000;0.0000;100.0000;9.0014;59.3473;0.0000;1;0;0;0;1;0;65566
51771;0;0;0;227;232;230;0.0000;0.0000;100.0000;9.0014;59.3473;0.0000;1;0;0;0;1;0;65566
51789;0;0;0;227;232;230;0.0000;0.0000;100.0000;9.0014;59.3473;0.0000;1;0;0;0;1;0;65566
51805;0;0;0;227;232;230;0.0000;0.0000;100.0000;9.0014;59.3473;0.0000;1;0;0;0;1;0;65566
51815;0;0;0;227;232;230;0.0000;0.0000;100.0000;9.0014;59.3473;0.0000;1;0;0;0;1;0;65566
51826;0;0;0;227;232;230;0.0000;0.0000;100.0000;9.0014;59.3473;0.0000;1;0;0;0;1;0;65566
51837;0;0;0;227;232;230;0.0000;0.0000;100.0000;9.0014;59.3473;0.0000;1;0;0;0;1;0;65566
51847;0;0;0;227;232;230;0.0000;0.0000;100.0000;9.0014;59.3473;0.0000;1;0;0;0;1;0;65566
51858;0;0;0;227;232;230;0.0000;0.0000;100.0000;9.0014;59.3473;0.0000;1;0;0;0;1;0;65566
51869;0;0;0;227;232;230;0.0000;0.0000;100.0000;9.0014;59.3473;0.0000;1;0;0;0;1;0;65566
51879;0;0;0;227;232;230;0.0000;0.0000;100.0000;9.0014;59.3473;0.0000;1;0;0;0;1;0;65566
51890;0;0;0;227;232;230;0.0000;0.0000;100.0000;9.0014;59.3473;0.0000;1;0;0;0;1;0;65566
51901;0;0;0;227;232;230;0.0000;0.0000;100.0000;9.0014;59.3473;0.0000;1;0;0;0;1;0;65566
51919;0;0;0;227;232;230;0.0000;0.0000;100.0000;9.0014;59.3473;0.0000;1;0;0;0;1;0;65566
51930;0;0;0;227;232;230;0.0000;0.0000;100.0000;9.0014;59.3473;0.0000;1;0;0;0;1;0;65566
51941;0;0;0;227;232;230;0.0000;0.0000;100.0000;9.0014;59.3473;0.0000;1;0;0;0;1;0;65566
51951;0;0;0;227;232;230;0.0000;0.0000;100.0000;9.0014;59.3473;0.0000;1;0;0;0;1;0;65566
51962;0;0;0;227;232;230;0.0000;0.0000;100.0000;9.0014;59.3473;0.0000;1;0;0;0;1;0;65566
51973;0;0;0;227;232;230;0.0000;0.0000;100.0000;9.0014;59.3473;0.0000;1;0;0;0;1;0;65566
51983;0;0;0;227;232;230;0.0000;0.0000;100.0000;9.0014;59.3473;0.0000;1;0;0;0;1;0;65566
51999;0;0;0;227;232;230;0.0000;0.0000;100.0000;9.0014;59.3473;0.0000;1;0;0;0;1;0;65566
52010;0;0;0;227;232;230;0.0000;0.0000;100.0000;9.0014;59.3473;0.0000;1;0;0;0;1;0;65566
52021;0;0;0;227;232;230;0.0000;0.0000;100.0000;9.0014;59.3473;0.0000;1;0;0;0;1;0;65566
52031;0;0;0;227;232;230;0.0000;0.0000;100.0000;9.0014;59.3473;0.0000;1;0;0;0;1;0;65566
52042;0;0;0;227;232;230;0.0000;0.0000;100.0000;9.0014;59.3473;0.0000;1;0;0;0;1;0;65566
52052;0;0;0;227;232;230;0.0000;0.0000;100.0000;9.0014;59.3473;0.0000;1;0;0;0;1;0;65566
52063;0;0;0;227;232;230;0.0000;0.0000;100.0000;9.0014;59.3473;0.0000;1;0;0;0;1;0;65566
52075;0;0;0;227;232;230;0.0000;0.0000;100.0000;9.0014;59.3473;0.0000;1;0;0;0;1;0;65560
52086;0;0;0;227;232;230;0.0000;0.0000;100.0000;9.0014;59.3473;0.0000;1;0;0;0;1;0;65536
52096;0;0;0;227;232;230;0.0000;0.0000;100.0000;9.0014;59.3473;0.0000;1;0;0;0;1;0;65536
52107;0;0;0;227;232;230;0.0000;0.0000;100.0000;9.0014;59.3473;0.0000;1;0;0;0;1;0;65536
52119;0;0;0;227;232;230;0.0000;0.0000;100.0000;9.0014;59.3473;0.0000;1;0;0;0;1;0;65536
52140;0;0;0;227;232;230;0.0000;0.0000;100.0000;9.0014;59.3473;0.0000;1;0;0;0;1;0;65536
52152;0;0;0;227;232;230;0.0000;0.0000;100.0000;9.0014;59.3473;0.0000;1;0;0;0;1;0;65536
52162;0;0;0;227;232;230;0.0000;0.0000;100.0000;9.0014;59.3473;0.0000;1;0;0;0;1;0;65536
52173;0;0;0;227;232;230;0.0000;0.0000;100.0000;9.0014;59.3473;0.0000;1;0;0;0;1;0;65536
52183;0;0;0;227;232;230;0.0000;0.0000;100.0000;9.0014;59.3473;0.0000;1;0;0;0;1;0;65536
52194;0;0;0;227;232;230;0.0000;0.0000;100.0000;9.0014;59.3473;0.0000;1;0;0;0;1;0;65536
52205;0;0;0;227;232;230;0.0000;0.0000;100.0000;9.0014;59.3473;0.0000;1;0;0;0;1;0;65536
52215;0;0;0;227;232;230;0.0000;0.0000;100.0000;9.0014;59.3473;0.0000;1;0;0;0;1;0;65536
52226;0;0;0;227;232;230;0.0000;0.0000;100.0000;9.0014;59.3473;0.0000;1;0;0;0;1;0;65536
52237;0;0;0;227;232;230;0.0000;0.0000;100.0000;9.0014;59.3473;0.0000;1;0;0;0;1;0;65536
52247;0;0;0;227;232;230;0.0000;0.0000;100.0000;9.0014;59.3473;0.0000;1;0;0;0;1;0;65536
52259;0;0;0;227;232;230;0.0000;0.0000;100.0000;9.2465;59.4265;0.0000;1;0;0;0;1;0;65536
52270;0;0;0;227;232;230;0.0000;0.0000;100.0000;9.2465;59.4265;0.0000;1;0;0;0;1;0;65536
52281;0;0;0;227;232;230;0.0000;0.0000;100.0000;9.2465;59.4265;0.0000;1;0;0;0;1;0;65536
52294;0;0;0;227;232;230;0.0000;0.0000;100.0000;9.2465;59.4265;0.0000;1;0;0;0;1;0;65536
52309;0;0;0;227;232;230;0.0000;0.0000;100.0000;9.2465;59.4265;0.0000;1;0;0;0;1;0;65536
52321;0;0;0;227;232;230;0.0000;0.0000;100.0000;9.2465;59.4265;0.0000;1;0;0;0;1;0;65536
52331;0;0;0;227;232;230;0.0000;0.0000;100.0000;9.2465;59.4265;0.0000;1;0;0;0;1;0;65536
52342;0;0;0;227;232;230;0.0000;0.0000;100.0000;9.2465;59.4265;0.0000;1;0;0;0;1;0;65536
52353;0;0;0;227;232;230;0.0000;0.0000;100.0000;9.2465;59.4265;0.0000;1;0;0;0;1;0;65536
52369;0;0;0;227;232;230;0.0000;0.0000;100.0000;9.2465;59.4265;0.0000;1;0;0;0;1;0;65536
52380;0;0;0;227;232;230;0.0000;0.0000;100.0000;9.2465;59.4265;0.0000;1;0;0;0;1;0;65536
52391;0;0;0;227;232;230;0.0000;0.0000;100.0000;9.2465;59.4265;0.0000;1;0;0;0;1;0;65536
52402;0;0;0;227;232;230;0.0000;0.0000;100.0000;9.2465;59.4265;0.0000;1;0;0;0;1;0;65536
52412;0;0;0;227;232;230;0.0000;0.0000;100.0000;9.2465;59.4265;0.0000;1;0;0;0;1;0;65540
52423;0;0;0;227;232;230;0.0000;0.0000;100.0000;9.2465;59.4265;0.0000;1;0;0;0;1;0;65540
52434;0;0;0;227;232;230;0.0000;0.0000;100.0000;9.2465;59.4265;0.0000;1;0;0;0;1;0;65540
52449;0;0;0;227;232;230;0.0000;0.0000;100.0000;9.2465;59.4265;0.0000;1;0;0;0;1;0;65540
52460;0;0;0;227;232;230;0.0000;0.0000;100.0000;9.2465;59.4265;0.0000;1;0;0;0;1;0;65540
52471;0;0;0;227;232;230;0.0000;0.0000;100.0000;9.2465;59.4265;0.0000;1;0;0;0;1;0;65540
52482;0;0;0;227;232;230;0.0000;0.0000;100.0000;9.2465;59.4265;0.0000;1;0;0;0;1;0;65540
52493;0;0;0;227;232;230;0.0000;0.0000;100.0000;9.2465;59.4265;0.0000;1;0;0;0;1;0;65540
52504;0;0;0;227;232;230;0.0000;0.0000;100.0000;9.2465;59.4265;0.0000;1;0;0;0;1;0;65540
52515;0;0;0;227;232;230;0.0000;0.0000;100.0000;9.2465;59.4265;0.0000;1;0;0;0;1;0;65540
52526;0;0;0;227;232;230;0.0000;0.0000;100.0000;9.2465;59.4265;0.0000;1;0;0;0;1;0;65550
52536;0;0;0;227;232;230;0.0000;0.0000;100.0000;9.2465;59.4265;0.0000;1;0;0;0;1;0;65550
52551;0;0;0;227;232;230;0.0000;0.0000;100.0000;9.2465;59.4265;0.0000;1;0;0;0;1;0;65550
52567;0;0;0;227;232;230;0.0000;0.0000;100.0000;9.2465;59.4265;0.0000;1;0;0;0;1;0;65550
52577;0;0;0;227;232;230;0.0000;0.0000;100.0000;9.2465;59.4265;0.0000;1;0;0;0;1;0;65550
52588;0;0;0;227;232;230;0.0000;0.0000;100.0000;9.2465;59.4265;0.0000;1;0;0;0;1;0;65550
52600;0;0;0;227;232;230;0.0000;0.0000;100.0000;9.2465;59.4265;0.0000;1;0;0;0;1;0;65550
52617;0;0;0;227;232;230;0.0000;0.0000;100.0000;9.2465;59.4265;0.0000;1;0;0;0;1;0;65550
52631;0;0;0;227;232;230;0.0000;0.0000;100.0000;9.2465;59.4265;0.0000;1;0;0;0;1;0;65550
52646;0;0;0;227;232;230;0.0000;0.0000;100.0000;9.2465;59.4265;0.0000;1;0;0;0;1;0;65566
52656;0;0;0;227;232;230;0.0000;0.0000;100.0000;9.2465;59.4265;0.0000;1;0;0;0;1;0;65566
52670;0;0;0;227;232;230;0.0000;0.0000;100.0000;9.2465;59.4265;0.0000;1;0;0;0;1;0;65566
52682;0;0;0;227;232;230;0.0000;0.0000;100.0000;9.2465;59.4265;0.0000;1;0;0;0;1;0;65566
52692;0;0;0;227;232;230;0.0000;0.0000;100.0000;9.2465;59.4265;0.0000;1;0;0;0;1;0;65566
52703;0;0;0;227;232;230;0.0000;0.0000;100.0000;9.2465;59.4265;0.0000;1;0;0;0;1;0;65566
52714;0;0;0;227;232;230;0.0000;0.0000;100.0000;9.2465;59.4265;0.0000;1;0;0;0;1;0;65566
52725;0;0;0;227;232;230;0.0000;0.0000;100.0000;9.2465;59.4265;0.0000;1;0;0;0;1;0;65566
52736;0;0;0;227;232;230;0.0000;0.0000;100.0000;9.2465;59.4265;0.0000;1;0;0;0;1;0;65566
52748;0;0;0;227;232;230;0.0000;0.0000;100.0000;9.2465;59.4265;0.0000;1;0;0;0;1;0;65566
52760;0;0;0;227;232;230;0.0000;0.0000;100.0000;9.2465;59.4265;0.0000;1;0;0;0;1;0;65566
52770;0;0;0;227;232;230;0.0000;0.0000;100.0000;9.2465;59.4265;0.0000;1;0;0;0;1;0;65566
52781;0;0;0;227;232;230;0.0000;0.0000;100.0000;9.2465;59.4265;0.0000;1;0;0;0;1;0;65566
52799;0;0;0;227;232;230;0.0000;0.0000;100.0000;9.2465;59.4265;0.0000;1;0;0;0;1;0;65566
52810;0;0;0;227;232;230;0.0000;0.0000;100.0000;9.2465;59.4265;0.0000;1;0;0;0;1;0;65566
52820;0;0;0;227;232;230;0.0000;0.0000;100.0000;9.2465;59.4265;0.0000;1;0;0;0;1;0;65566
52833;0;0;0;227;232;230;0.0000;0.0000;100.0000;9.2465;59.4265;0.0000;1;0;0;0;1;0;65566
52849;0;0;0;227;232;230;0.0000;0.0000;100.0000;9.2465;59.4265;0.0000;1;0;0;0;1;0;65566
52860;0;0;0;227;232;230;0.0000;0.0000;100.0000;9.2465;59.4265;0.0000;1;0;0;0;1;0;65566
52871;0;0;0;227;232;230;0.0000;0.0000;100.0000;9.2465;59.4265;0.0000;1;0;0;0;1;0;65566
52881;0;0;0;227;232;230;0.0000;0.0000;100.0000;9.2465;59.4265;0.0000;1;0;0;0;1;0;65566
52892;0;0;0;227;232;230;0.0000;0.0000;100.0000;9.2465;59.4265;0.0000;1;0;0;0;1;0;65566
52906;0;0;0;227;232;230;0.0000;0.0000;100.0000;9.2465;59.4265;0.0000;1;0;0;0;1;0;65566
52917;0;0;0;227;232;230;0.0000;0.0000;100.0000;9.2465;59.4265;0.0000;1;0;0;0;1;0;65566
52928;0;0;0;227;232;230;0.0000;0.0000;100.0000;9.2465;59.4265;0.0000;1;0;0;0;1;0;65566
52949;0;0;0;227;232;230;0.0000;0.0000;100.0000;9.2465;59.4265;0.0000;1;0;0;0;1;0;65566
52969;0;0;0;227;232;230;0.0000;0.0000;100.0000;9.2465;59.4265;0.0000;1;0;0;0;1;0;65566
52980;0;0;0;227;232;230;0.0000;0.0000;100.0000;9.2465;59.4265;0.0000;1;0;0;0;1;0;65566
52991;0;0;0;227;232;230;0.0000;0.0000;100.0000;9.2465;59.4265;0.0000;1;0;0;0;1;0;65566
53001;0;0;0;227;232;230;0.0000;0.0000;100.0000;9.2465;59.4265;0.0000;1;0;0;0;1;0;65566
53012;0;0;0;227;232;230;0.0000;0.0000;100.0000;9.2465;59.4265;0.0000;1;0;0;0;1;0;65566
53022;0;0;0;227;232;230;0.0000;0.0000;100.0000;9.2465;59.4265;0.0000;1;0;0;0;1;0;65566
53033;0;0;0;227;232;230;0.0000;0.0000;100.0000;9.2465;59.4265;0.0000;1;0;0;0;1;0;65566
53044;0;0;0;227;232;230;0.0000;0.0000;100.0000;9.2465;59.4265;0.0000;1;0;0;0;1;0;65566
53055;0;0;0;227;232;230;0.0000;0.0000;100.0000;9.2465;59.4265;0.0000;1;0;0;0;1;0;65566
53065;0;0;0;227;232;230;0.0000;0.0000;100.0000;9.2465;59.4265;0.0000;1;0;0;0;1;0;65552
53076;0;0;0;227;232;230;0.0000;0.0000;100.0000;9.2465;59.4265;0.0000;1;0;0;0;1;0;65536
53086;0;0;0;227;232;230;0.0000;0.0000;100.0000;9.2465;59.4265;0.0000;1;0;0;0;1;0;65536
53100;0;0;0;227;232;230;0.0000;0.0000;100.0000;9.2465;59.4265;0.0000;1;0;0;0;1;0;65536
53111;0;0;0;227;232;230;0.0000;0.0000;100.0000;9.2465;59.4265;0.0000;1;0;0;0;1;0;65536
53122;0;0;0;227;232;230;0.0000;0.0000;100.0000;9.2465;59.4265;0.0000;1;0;0;0;1;0;65536
53133;0;0;0;227;232;230;0.0000;0.0000;100.0000;9.2465;59.4265;0.0000;1;0;0;0;1;0;65536
53144;0;0;0;227;232;230;0.0000;0.0000;100.0000;9.2465;59.4265;0.0000;1;0;0;0;1;0;65536
53156;0;0;0;227;232;230;0.0000;0.0000;100.0000;9.2465;59.4265;0.0000;1;0;0;0;1;0;65536
53169;0;0;0;227;232;230;0.0000;0.0000;100.0000;9.2465;59.4265;0.0000;1;0;0;0;1;0;65536
53180;0;0;0;227;232;230;0.0000;0.0000;100.0000;9.2465;59.4265;0.0000;1;0;0;0;1;0;65536
53190;0;0;0;227;232;230;0.0000;0.0000;100.0000;9.2465;59.4265;0.0000;1;0;0;0;1;0;65536
53201;0;0;0;227;232;230;0.0000;0.0000;100.0000;9.2465;59.4265;0.0000;1;0;0;0;1;0;65536
53220;0;0;0;227;232;230;0.0000;0.0000;100.0000;9.2465;59.4265;0.0000;1;0;0;0;1;0;65536
53230;0;0;0;227;232;230;0.0000;0.0000;100.0000;9.2465;59.4265;0.0000;1;0;0;0;1;0;65536
53241;0;0;0;227;232;230;0.0000;0.0000;100.0000;9.2465;59.4265;0.0000;1;0;0;0;1;0;65536
53251;0;0;0;227;232;230;0.0000;0.0000;100.0000;9.2465;59.4265;0.0000;1;0;0;0;1;0;65536
53262;0;0;0;227;232;230;0.0000;0.0000;100.0000;9.2465;59.4265;0.0000;1;0;0;0;1;0;65536
53272;0;0;0;227;232;230;0.0000;0.0000;100.0000;7.4313;60.1472;0.0000;1;0;0;0;1;0;65536
53283;0;0;0;227;232;230;0.0000;0.0000;100.0000;7.4313;60.1472;0.0000;1;0;0;0;1;0;65536
53293;0;0;0;227;232;230;0.0000;0.0000;100.0000;7.4313;60.1472;0.0000;1;0;0;0;1;0;65536
53309;0;0;0;227;232;230;0.0000;0.0000;100.0000;7.4313;60.1472;0.0000;1;0;0;0;1;0;65536
53321;0;0;0;227;232;230;0.0000;0.0000;100.0000;7.4313;60.1472;0.0000;1;0;0;0;1;0;65536
53331;0;0;0;227;232;230;0.0000;0.0000;100.0000;7.4313;60.1472;0.0000;1;0;0;0;1;0;65536
53342;0;0;0;227;232;230;0.0000;0.0000;100.0000;7.4313;60.1472;0.0000;1;0;0;0;1;0;65536
53352;0;0;0;227;232;230;0.0000;0.0000;100.0000;7.4313;60.1472;0.0000;1;0;0;0;1;0;65536
53363;0;0;0;227;232;230;0.0000;0.0000;100.0000;7.4313;60.1472;0.0000;1;0;0;0;1;0;65536
53373;0;0;0;227;232;230;0.0000;0.0000;100.0000;7.4313;60.1472;0.0000;1;0;0;0;1;0;65536
53387;0;0;0;227;232;230;0.0000;0.0000;100.0000;7.4313;60.1472;0.0000;1;0;0;0;1;0;65540
53398;0;0;0;227;232;230;0.0000;0.0000;100.0000;7.4313;60.1472;0.0000;1;0;0;0;1;0;65540
53409;0;0;0;227;232;230;0.0000;0.0000;100.0000;7.4313;60.1472;0.0000;1;0;0;0;1;0;65540
53420;0;0;0;227;232;230;0.0000;0.0000;100.0000;7.4313;60.1472;0.0000;1;0;0;0;1;0;65540
53431;0;0;0;227;232;230;0.0000;0.0000;100.0000;7.4313;60.1472;0.0000;1;0;0;0;1;0;65540
53441;0;0;0;227;232;230;0.0000;0.0000;100.0000;7.4313;60.1472;0.0000;1;0;0;0;1;0;65540
53452;0;0;0;227;232;230;0.0000;0.0000;100.0000;7.4313;60.1472;0.0000;1;0;0;0;1;0;65540
53462;0;0;0;227;232;230;0.0000;0.0000;100.0000;7.4313;60.1472;0.0000;1;0;0;0;1;0;65540
53479;0;0;0;227;232;230;0.0000;0.0000;100.0000;7.4313;60.1472;0.0000;1;0;0;0;1;0;65540
53490;0;0;0;227;232;230;0.0000;0.0000;100.0000;7.4313;60.1472;0.0000;1;0;0;0;1;0;65540
53500;0;0;0;227;232;230;0.0000;0.0000;100.0000;7.4313;60.1472;0.0000;1;0;0;0;1;0;65540
53511;0;0;0;227;232;230;0.0000;0.0000;100.0000;7.4313;60.1472;0.0000;1;0;0;0;1;0;65540
53522;0;0;0;227;232;230;0.0000;0.0000;100.0000;7.4313;60.1472;0.0000;1;0;0;0;1;0;65540
53532;0;0;0;227;232;230;0.0000;0.0000;100.0000;7.4313;60.1472;0.0000;1;0;0;0;1;0;65540
53543;0;0;0;227;232;230;0.0000;0.0000;100.0000;7.4313;60.1472;0.0000;1;0;0;0;1;0;65540
53553;0;0;0;227;232;230;0.0000;0.0000;100.0000;7.4313;60.1472;0.0000;1;0;0;0;1;0;65540
53564;0;0;0;227;232;230;0.0000;0.0000;100.0000;7.4313;60.1472;0.0000;1;0;0;0;1;0;65540
53574;0;0;0;227;232;230;0.0000;0.0000;100.0000;7.4313;60.1472;0.0000;1;0;0;0;1;0;65540
53585;0;0;0;227;232;230;0.0000;0.0000;100.0000;7.4313;60.1472;0.0000;1;0;0;0;1;0;65540
53599;0;0;0;227;232;230;0.0000;0.0000;100.0000;7.4313;60.1472;0.0000;1;0;0;0;1;0;65540
53610;0;0;0;227;232;230;0.0000;0.0000;100.0000;7.4313;60.1472;0.0000;1;0;0;0;1;0;65550
53621;0;0;0;227;232;230;0.0000;0.0000;100.0000;7.4313;60.1472;0.0000;1;0;0;0;1;0;65566
53631;0;0;0;227;232;230;0.0000;0.0000;100.0000;7.4313;60.1472;0.0000;1;0;0;0;1;0;65566
53647;0;0;0;227;232;230;0.0000;0.0000;100.0000;7.4313;60.1472;0.0000;1;0;0;0;1;0;65566
53658;0;0;0;227;232;230;0.0000;0.0000;100.0000;7.4313;60.1472;0.0000;1;0;0;0;1;0;65566
53668;0;0;0;227;232;230;0.0000;0.0000;100.0000;7.4313;60.1472;0.0000;1;0;0;0;1;0;65566
53679;0;0;0;227;232;230;0.0000;0.0000;100.0000;7.4313;60.1472;0.0000;1;0;0;0;1;0;65566
53690;0;0;0;227;232;230;0.0000;0.0000;100.0000;7.4313;60.1472;0.0000;1;0;0;0;1;0;65566
53700;0;0;0;227;232;230;0.0000;0.0000;100.0000;7.4313;60.1472;0.0000;1;0;0;0;1;0;65566
53711;0;0;0;227;232;230;0.0000;0.0000;100.0000;7.4313;60.1472;0.0000;1;0;0;0;1;0;65566
53722;0;0;0;227;232;230;0.0000;0.0000;100.0000;7.4313;60.1472;0.0000;1;0;0;0;1;0;65566
53732;0;0;0;227;232;230;0.0000;0.0000;100.0000;7.4313;60.1472;0.0000;1;0;0;0;1;0;65566
53743;0;0;0;227;232;230;0.0000;0.0000;100.0000;7.4313;60.1472;0.0000;1;0;0;0;1;0;65566
53753;0;0;0;227;232;230;0.0000;0.0000;100.0000;7.4313;60.1472;0.0000;1;0;0;0;1;0;65566
53764;0;0;0;227;232;230;0.0000;0.0000;100.0000;7.4313;60.1472;0.0000;1;0;0;0;1;0;65566
53774;0;0;0;227;232;230;0.0000;0.0000;100.0000;7.4313;60.1472;0.0000;1;0;0;0;1;0;65566
53785;0;0;0;227;232;230;0.0000;0.0000;100.0000;7.4313;60.1472;0.0000;1;0;0;0;1;0;65566
53841;0;0;0;227;232;230;0.0000;0.0000;100.0000;7.4313;60.1472;0.0000;1;0;0;0;1;0;65566
53852;0;0;0;227;232;230;0.0000;0.0000;100.0000;7.4313;60.1472;0.0000;1;0;0;0;1;0;65566
53867;0;0;0;227;232;230;0.0000;0.0000;100.0000;7.4313;60.1472;0.0000;1;0;0;0;1;0;65566
53877;0;0;0;227;232;230;0.0000;0.0000;100.0000;7.4313;60.1472;0.0000;1;0;0;0;1;0;65566
53898;0;0;0;227;232;230;0.0000;0.0000;100.0000;7.4313;60.1472;0.0000;1;0;0;0;1;0;65566
53909;0;0;0;227;232;230;0.0000;0.0000;100.0000;7.4313;60.1472;0.0000;1;0;0;0;1;0;65566
53920;0;0;0;227;232;230;0.0000;0.0000;100.0000;7.4313;60.1472;0.0000;1;0;0;0;1;0;65566
53930;0;0;0;227;232;230;0.0000;0.0000;100.0000;7.4313;60.1472;0.0000;1;0;0;0;1;0;65566
53941;0;0;0;227;232;230;0.0000;0.0000;100.0000;7.4313;60.1472;0.0000;1;0;0;0;1;0;65566
53952;0;0;0;227;232;230;0.0000;0.0000;100.0000;7.4313;60.1472;0.0000;1;0;0;0;1;0;65566
53962;0;0;0;227;232;230;0.0000;0.0000;100.0000;7.4313;60.1472;0.0000;1;0;0;0;1;0;65566
53972;0;0;0;227;232;230;0.0000;0.0000;100.0000;7.4313;60.1472;0.0000;1;0;0;0;1;0;65566
53983;0;0;0;227;232;230;0.0000;0.0000;100.0000;7.4313;60.1472;0.0000;1;0;0;0;1;0;65566
53999;0;0;0;227;232;230;0.0000;0.0000;100.0000;7.4313;60.1472;0.0000;1;0;0;0;1;0;65566
54009;0;0;0;227;232;230;0.0000;0.0000;100.0000;7.4313;60.1472;0.0000;1;0;0;0;1;0;65566
54020;0;0;0;227;232;230;0.0000;0.0000;100.0000;7.4313;60.1472;0.0000;1;0;0;0;1;0;65566
54030;0;0;0;227;232;230;0.0000;0.0000;100.0000;7.4313;60.1472;0.0000;1;0;0;0;1;0;65566
54041;0;0;0;227;232;230;0.0000;0.0000;100.0000;7.4313;60.1472;0.0000;1;0;0;0;1;0;65566
54052;0;0;0;227;232;230;0.0000;0.0000;100.0000;7.4313;60.1472;0.0000;1;0;0;0;1;0;65566
54062;0;0;0;227;232;230;0.0000;0.0000;100.0000;7.4313;60.1472;0.0000;1;0;0;0;1;0;65566
54073;0;0;0;227;232;230;0.0000;0.0000;100.0000;7.4313;60.1472;0.0000;1;0;0;0;1;0;65566
54084;0;0;0;227;232;230;0.0000;0.0000;100.0000;7.4313;60.1472;0.0000;1;0;0;0;1;0;65566
54095;0;0;0;227;232;230;0.0000;0.0000;100.0000;7.4313;60.1472;0.0000;1;0;0;0;1;0;65566
54105;0;0;0;227;232;230;0.0000;0.0000;100.0000;7.4313;60.1472;0.0000;1;0;0;0;1;0;65566
54116;0;0;0;227;232;230;0.0000;0.0000;100.0000;7.4313;60.1472;0.0000;1;0;0;0;1;0;65566
54126;0;0;0;227;232;230;0.0000;0.0000;100.0000;7.4313;60.1472;0.0000;1;0;0;0;1;0;65566
54137;0;0;0;227;232;230;0.0000;0.0000;100.0000;7.4313;60.1472;0.0000;1;0;0;0;1;0;65552
54148;0;0;0;227;232;230;0.0000;0.0000;100.0000;7.4313;60.1472;0.0000;1;0;0;0;1;0;65536
54160;0;0;0;227;232;230;0.0000;0.0000;100.0000;7.4313;60.1472;0.0000;1;0;0;0;1;0;65536
54170;0;0;0;227;232;230;0.0000;0.0000;100.0000;7.4313;60.1472;0.0000;1;0;0;0;1;0;65536
54184;0;0;0;227;232;230;0.0000;0.0000;100.0000;7.4313;60.1472;0.0000;1;0;0;0;1;0;65536
54196;0;0;0;227;232;230;0.0000;0.0000;100.0000;7.4313;60.1472;0.0000;1;0;0;0;1;0;65536
54207;0;0;0;227;232;230;0.0000;0.0000;100.0000;7.4313;60.1472;0.0000;1;0;0;0;1;0;65536
54217;0;0;0;227;232;230;0.0000;0.0000;100.0000;7.4313;60.1472;0.0000;1;0;0;0;1;0;65536
54228;0;0;0;227;232;230;0.0000;0.0000;100.0000;7.4313;60.1472;0.0000;1;0;0;0;1;0;65536
54238;0;0;0;227;232;230;0.0000;0.0000;100.0000;7.4313;60.1472;0.0000;1;0;0;0;1;0;65536
54248;0;0;0;227;232;230;0.0000;0.0000;100.0000;7.4313;60.1472;0.0000;1;0;0;0;1;0;65536
54259;0;0;0;227;232;230;0.0000;0.0000;100.0000;7.4313;60.1472;0.0000;1;0;0;0;1;0;65536
54270;0;0;0;227;232;230;0.0000;0.0000;54.5455;7.4120;60.1853;0.0000;1;0;0;0;1;0;65536
54280;0;0;0;227;232;230;0.0000;0.0000;54.5455;7.4120;60.1853;0.0000;1;0;0;0;1;0;65536
54290;0;0;0;227;232;230;0.0000;0.0000;54.5455;7.4120;60.1853;0.0000;1;0;0;0;1;0;65536
54301;0;0;0;227;232;230;0.0000;0.0000;54.5455;7.4120;60.1853;0.0000;1;0;0;0;1;0;65536
54311;0;0;0;227;232;230;0.0000;0.0000;54.5455;7.4120;60.1853;0.0000;1;0;0;0;1;0;65536
54323;0;0;0;227;232;230;0.0000;0.0000;54.5455;7.4120;60.1853;0.0000;1;0;0;0;1;0;65536
54333;0;0;0;227;232;230;0.0000;0.0000;54.5455;7.4120;60.1853;0.0000;1;0;0;0;1;0;65536
54344;0;0;0;227;232;230;0.0000;0.0000;54.5455;7.4120;60.1853;0.0000;1;0;0;0;1;0;65536
54354;0;0;0;227;232;230;0.0000;0.0000;54.5455;7.4120;60.1853;0.0000;1;0;0;0;1;0;65540
54365;0;0;0;227;232;230;0.0000;0.0000;54.5455;7.4120;60.1853;0.0000;1;0;0;0;1;0;65540
54375;0;0;0;227;232;230;0.0000;0.0000;54.5455;7.4120;60.1853;0.0000;1;0;0;0;1;0;65540
54385;0;0;0;227;232;230;0.0000;0.0000;54.5455;7.4120;60.1853;0.0000;1;0;0;0;1;0;65540
54396;0;0;0;227;232;230;0.0000;0.0000;54.5455;7.4120;60.1853;0.0000;1;0;0;0;1;0;65540
54406;0;0;0;227;232;230;0.0000;0.0000;54.5455;7.4120;60.1853;0.0000;1;0;0;0;1;0;65540
54417;0;0;0;227;232;230;0.0000;0.0000;54.5455;7.4120;60.1853;0.0000;1;0;0;0;1;0;65540
54427;0;0;0;227;232;230;0.0000;0.0000;54.5455;7.4120;60.1853;0.0000;1;0;0;0;1;0;65540
54439;0;0;0;227;232;230;0.0000;0.0000;54.5455;7.4120;60.1853;0.0000;1;0;0;0;1;0;65540
54449;0;0;0;227;232;230;0.0000;0.0000;54.5455;7.4120;60.1853;0.0000;1;0;0;0;1;0;65540
54460;0;0;0;227;232;230;0.0000;0.0000;54.5455;7.4120;60.1853;0.0000;1;0;0;0;1;0;65540
54470;0;0;0;227;232;230;0.0000;0.0000;54.5455;7.4120;60.1853;0.0000;1;0;0;0;1;0;65540
54481;0;0;0;227;232;230;0.0000;0.0000;54.5455;7.4120;60.1853;0.0000;1;0;0;0;1;0;65540
54491;0;0;0;227;232;230;0.0000;0.0000;54.5455;7.4120;60.1853;0.0000;1;0;0;0;1;0;65540
54501;0;0;0;227;232;230;0.0000;0.0000;54.5455;7.4120;60.1853;0.0000;1;0;0;0;1;0;65540
54512;0;0;0;227;232;230;0.0000;0.0000;54.5455;7.4120;60.1853;0.0000;1;0;0;0;1;0;65540
54522;0;0;0;227;232;230;0.0000;0.0000;54.5455;7.4120;60.1853;0.0000;1;0;0;0;1;0;65540
54532;0;0;0;227;232;230;0.0000;0.0000;54.5455;7.4120;60.1853;0.0000;1;0;0;0;1;0;65540
54543;0;0;0;227;232;230;0.0000;0.0000;54.5455;7.4120;60.1853;0.0000;1;0;0;0;1;0;65540
54553;0;0;0;227;232;230;0.0000;0.0000;54.5455;7.4120;60.1853;0.0000;1;0;0;0;1;0;65540
54564;0;0;0;227;232;230;0.0000;0.0000;54.5455;7.4120;60.1853;0.0000;1;0;0;0;1;0;65542
54575;0;0;0;227;232;230;0.0000;0.0000;54.5455;7.4120;60.1853;0.0000;1;0;0;0;1;0;65566
54585;0;0;0;227;232;230;0.0000;0.0000;54.5455;7.4120;60.1853;0.0000;1;0;0;0;1;0;65566
54596;0;0;0;227;232;230;0.0000;0.0000;54.5455;7.4120;60.1853;0.0000;1;0;0;0;1;0;65566
54607;0;0;0;227;232;230;0.0000;0.0000;54.5455;7.4120;60.1853;0.0000;1;0;0;0;1;0;65566
54617;0;0;0;227;232;230;0.0000;0.0000;54.5455;7.4120;60.1853;0.0000;1;0;0;0;1;0;65566
54627;0;0;0;227;232;230;0.0000;0.0000;54.5455;7.4120;60.1853;0.0000;1;0;0;0;1;0;65566
54638;0;0;0;227;232;230;0.0000;0.0000;54.5455;7.4120;60.1853;0.0000;1;0;0;0;1;0;65566
54648;0;0;0;227;232;230;0.0000;0.0000;54.5455;7.4120;60.1853;0.0000;1;0;0;0;1;0;65566
54659;0;0;0;227;232;230;0.0000;0.0000;54.5455;7.4120;60.1853;0.0000;1;0;0;0;1;0;65566
54671;0;0;0;227;232;230;0.0000;0.0000;54.5455;7.4120;60.1853;0.0000;1;0;0;0;1;0;65566
54681;0;0;0;227;232;230;0.0000;0.0000;54.5455;7.4120;60.1853;0.0000;1;0;0;0;1;0;65566
54691;0;0;0;227;232;230;0.0000;0.0000;54.5455;7.4120;60.1853;0.0000;1;0;0;0;1;0;65566
54702;0;0;0;227;232;230;0.0000;0.0000;54.5455;7.4120;60.1853;0.0000;1;0;0;0;1;0;65566
54719;0;0;0;227;232;230;0.0000;0.0000;54.5455;7.4120;60.1853;0.0000;1;0;0;0;1;0;65566
54730;0;0;0;227;232;230;0.0000;0.0000;54.5455;7.4120;60.1853;0.0000;1;0;0;0;1;0;65566
54740;0;0;0;227;232;230;0.0000;0.0000;54.5455;7.4120;60.1853;0.0000;1;0;0;0;1;0;65566
54751;0;0;0;227;232;230;0.0000;0.0000;54.5455;7.4120;60.1853;0.0000;1;0;0;0;1;0;65566
54762;0;0;0;227;232;230;0.0000;0.0000;54.5455;7.4120;60.1853;0.0000;1;0;0;0;1;0;65566
54773;0;0;0;227;232;230;0.0000;0.0000;54.5455;7.4120;60.1853;0.0000;1;0;0;0;1;0;65566
54783;0;0;0;227;232;230;0.0000;0.0000;54.5455;7.4120;60.1853;0.0000;1;0;0;0;1;0;65566
54793;0;0;0;227;232;230;0.0000;0.0000;54.5455;7.4120;60.1853;0.0000;1;0;0;0;1;0;65566
54804;0;0;0;227;232;230;0.0000;0.0000;54.5455;7.4120;60.1853;0.0000;1;0;0;0;1;0;65566
54814;0;0;0;227;232;230;0.0000;0.0000;54.5455;7.4120;60.1853;0.0000;1;0;0;0;1;0;65566
54824;0;0;0;227;232;230;0.0000;0.0000;54.5455;7.4120;60.1853;0.0000;1;0;0;0;1;0;65566
54835;0;0;0;227;232;230;0.0000;0.0000;54.5455;7.4120;60.1853;0.0000;1;0;0;0;1;0;65566
54845;0;0;0;227;232;230;0.0000;0.0000;54.5455;7.4120;60.1853;0.0000;1;0;0;0;1;0;65566
54855;0;0;0;227;232;230;0.0000;0.0000;54.5455;7.4120;60.1853;0.0000;1;0;0;0;1;0;65566
54866;0;0;0;227;232;230;0.0000;0.0000;54.5455;7.4120;60.1853;0.0000;1;0;0;0;1;0;65566
54876;0;0;0;227;232;230;0.0000;0.0000;54.5455;7.4120;60.1853;0.0000;1;0;0;0;1;0;65566
54887;0;0;0;227;232;230;0.0000;0.0000;54.5455;7.4120;60.1853;0.0000;1;0;0;0;1;0;65566
54897;0;0;0;227;232;230;0.0000;0.0000;54.5455;7.4120;60.1853;0.0000;1;0;0;0;1;0;65566
54907;0;0;0;227;232;230;0.0000;0.0000;54.5455;7.4120;60.1853;0.0000;1;0;0;0;1;0;65566
54918;0;0;0;227;232;230;0.0000;0.0000;54.5455;7.4120;60.1853;0.0000;1;0;0;0;1;0;65566
54928;0;0;0;227;232;230;0.0000;0.0000;54.5455;7.4120;60.1853;0.0000;1;0;0;0;1;0;65566
54939;0;0;0;227;232;230;0.0000;0.0000;54.5455;7.4120;60.1853;0.0000;1;0;0;0;1;0;65566
54949;0;0;0;227;232;230;0.0000;0.0000;54.5455;7.4120;60.1853;0.0000;1;0;0;0;1;0;65566
54959;0;0;0;227;232;230;0.0000;0.0000;54.5455;7.4120;60.1853;0.0000;1;0;0;0;1;0;65566
54970;0;0;0;227;232;230;0.0000;0.0000;54.5455;7.4120;60.1853;0.0000;1;0;0;0;1;0;65566
54980;0;0;0;227;232;230;0.0000;0.0000;54.5455;7.4120;60.1853;0.0000;1;0;0;0;1;0;65566
54991;0;0;0;227;232;230;0.0000;0.0000;54.5455;7.4120;60.1853;0.0000;1;0;0;0;1;0;65566
55001;0;0;0;227;232;230;0.0000;0.0000;54.5455;7.4120;60.1853;0.0000;1;0;0;0;1;0;65566
55012;0;0;0;227;232;230;0.0000;0.0000;54.5455;7.4120;60.1853;0.0000;1;0;0;0;1;0;65566
55022;0;0;0;227;232;230;0.0000;0.0000;54.5455;7.4120;60.1853;0.0000;1;0;0;0;1;0;65566
55033;0;0;0;227;232;230;0.0000;0.0000;54.5455;7.4120;60.1853;0.0000;1;0;0;0;1;0;65566
55043;0;0;0;227;232;230;0.0000;0.0000;54.5455;7.4120;60.1853;0.0000;1;0;0;0;1;0;65566
55053;0;0;0;227;232;230;0.0000;0.0000;54.5455;7.4120;60.1853;0.0000;1;0;0;0;1;0;65566
55064;0;0;0;227;232;230;0.0000;0.0000;54.5455;7.4120;60.1853;0.0000;1;0;0;0;1;0;65566
55074;0;0;0;227;232;230;0.0000;0.0000;54.5455;7.4120;60.1853;0.0000;1;0;0;0;1;0;65566
55085;0;0;0;227;232;230;0.0000;0.0000;54.5455;7.4120;60.1853;0.0000;1;0;0;0;1;0;65552
55095;0;0;0;227;232;230;0.0000;0.0000;54.5455;7.4120;60.1853;0.0000;1;0;0;0;1;0;65536
55106;0;0;0;227;232;230;0.0000;0.0000;54.5455;7.4120;60.1853;0.0000;1;0;0;0;1;0;65536
55116;0;0;0;227;232;230;0.0000;0.0000;54.5455;7.4120;60.1853;0.0000;1;0;0;0;1;0;65536
55129;0;0;0;227;232;230;0.0000;0.0000;54.5455;7.4120;60.1853;0.0000;1;0;0;0;1;0;65536
55140;0;0;0;227;232;230;0.0000;0.0000;54.5455;7.4120;60.1853;0.0000;1;0;0;0;1;0;65536
55150;0;0;0;227;232;230;0.0000;0.0000;54.5455;7.4120;60.1853;0.0000;1;0;0;0;1;0;65536
55161;0;0;0;227;232;230;0.0000;0.0000;54.5455;7.4120;60.1853;0.0000;1;0;0;0;1;0;65536
55171;0;0;0;227;232;230;0.0000;0.0000;54.5455;7.4120;60.1853;0.0000;1;0;0;0;1;0;65536
55181;0;0;0;227;232;230;0.0000;0.0000;54.5455;7.4120;60.1853;0.0000;1;0;0;0;1;0;65536
55193;0;0;0;227;232;230;0.0000;0.0000;54.5455;7.4120;60.1853;0.0000;1;0;0;0;1;0;65536
55204;0;0;0;227;232;230;0.0000;0.0000;54.5455;7.4120;60.1853;0.0000;1;0;0;0;1;0;65536
55214;0;0;0;227;232;230;0.0000;0.0000;54.5455;7.4120;60.1853;0.0000;1;0;0;0;1;0;65536
55225;0;0;0;227;232;230;0.0000;0.0000;54.5455;7.4120;60.1853;0.0000;1;0;0;0;1;0;65536
55235;0;0;0;227;232;230;0.0000;0.0000;54.5455;7.4120;60.1853;0.0000;1;0;0;0;1;0;65536
55246;0;0;0;227;232;230;0.0000;0.0000;54.5455;7.4120;60.1853;0.0000;1;0;0;0;1;0;65536
55256;0;0;0;227;232;230;0.0000;0.0000;54.5455;7.4120;60.1853;0.0000;1;0;0;0;1;0;65536
55267;0;0;0;227;232;230;0.0000;0.0000;54.5455;7.4120;60.1853;0.0000;1;0;0;0;1;0;65536
55277;0;0;0;227;232;230;0.0000;0.0000;55.5556;7.4604;60.1865;0.0000;1;0;0;0;1;0;65536
55288;0;0;0;227;232;230;0.0000;0.0000;55.5556;7.4604;60.1865;0.0000;1;0;0;0;1;0;65536
55298;0;0;0;227;232;230;0.0000;0.0000;55.5556;7.4604;60.1865;0.0000;1;0;0;0;1;0;65536
55308;0;0;0;227;232;230;0.0000;0.0000;55.5556;7.4604;60.1865;0.0000;1;0;0;0;1;0;65536
55319;0;0;0;227;232;230;0.0000;0.0000;55.5556;7.4604;60.1865;0.0000;1;0;0;0;1;0;65536
55329;0;0;0;227;232;230;0.0000;0.0000;55.5556;7.4604;60.1865;0.0000;1;0;0;0;1;0;65536
55340;0;0;0;227;232;230;0.0000;0.0000;55.5556;7.4604;60.1865;0.0000;1;0;0;0;1;0;65536
55350;0;0;0;227;232;230;0.0000;0.0000;55.5556;7.4604;60.1865;0.0000;1;0;0;0;1;0;65536
55360;0;0;0;227;232;230;0.0000;0.0000;55.5556;7.4604;60.1865;0.0000;1;0;0;0;1;0;65536
55371;0;0;0;227;232;230;0.0000;0.0000;55.5556;7.4604;60.1865;0.0000;1;0;0;0;1;0;65536
55381;0;0;0;227;232;230;0.0000;0.0000;55.5556;7.4604;60.1865;0.0000;1;0;0;0;1;0;65536
55392;0;0;0;227;232;230;0.0000;0.0000;55.5556;7.4604;60.1865;0.0000;1;0;0;0;1;0;65536
55402;0;0;0;227;232;230;0.0000;0.0000;55.5556;7.4604;60.1865;0.0000;1;0;0;0;1;0;65540
55413;0;0;0;227;232;230;0.0000;0.0000;55.5556;7.4604;60.1865;0.0000;1;0;0;0;1;0;65540
55423;0;0;0;227;232;230;0.0000;0.0000;55.5556;7.4604;60.1865;0.0000;1;0;0;0;1;0;65540
55434;0;0;0;227;232;230;0.0000;0.0000;55.5556;7.4604;60.1865;0.0000;1;0;0;0;1;0;65540
55444;0;0;0;227;232;230;0.0000;0.0000;55.5556;7.4604;60.1865;0.0000;1;0;0;0;1;0;65540
55455;0;0;0;227;232;230;0.0000;0.0000;55.5556;7.4604;60.1865;0.0000;1;0;0;0;1;0;65540
55465;0;0;0;227;232;230;0.0000;0.0000;55.5556;7.4604;60.1865;0.0000;1;0;0;0;1;0;65540
55476;0;0;0;227;232;230;0.0000;0.0000;55.5556;7.4604;60.1865;0.0000;1;0;0;0;1;0;65540
55486;0;0;0;227;232;230;0.0000;0.0000;55.5556;7.4604;60.1865;0.0000;1;0;0;0;1;0;65540
55497;0;0;0;227;232;230;0.0000;0.0000;55.5556;7.4604;60.1865;0.0000;1;0;0;0;1;0;65540
55507;0;0;0;227;232;230;0.0000;0.0000;55.5556;7.4604;60.1865;0.0000;1;0;0;0;1;0;65540
55517;0;0;0;227;232;230;0.0000;0.0000;55.5556;7.4604;60.1865;0.0000;1;0;0;0;1;0;65540
55528;0;0;0;227;232;230;0.0000;0.0000;55.5556;7.4604;60.1865;0.0000;1;0;0;0;1;0;65540
55539;0;0;0;227;232;230;0.0000;0.0000;55.5556;7.4604;60.1865;0.0000;1;0;0;0;1;0;65540
55549;0;0;0;227;232;230;0.0000;0.0000;55.5556;7.4604;60.1865;0.0000;1;0;0;0;1;0;65540
55560;0;0;0;227;232;230;0.0000;0.0000;55.5556;7.4604;60.1865;0.0000;1;0;0;0;1;0;65540
55570;0;0;0;227;232;230;0.0000;0.0000;55.5556;7.4604;60.1865;0.0000;1;0;0;0;1;0;65540
55581;0;0;0;227;232;230;0.0000;0.0000;55.5556;7.4604;60.1865;0.0000;1;0;0;0;1;0;65540
55591;0;0;0;227;232;230;0.0000;0.0000;55.5556;7.4604;60.1865;0.0000;1;0;0;0;1;0;65540
55602;0;0;0;227;232;230;0.0000;0.0000;55.5556;7.4604;60.1865;0.0000;1;0;0;0;1;0;65566
55612;0;0;0;227;232;230;0.0000;0.0000;55.5556;7.4604;60.1865;0.0000;1;0;0;0;1;0;65566
55623;0;0;0;227;232;230;0.0000;0.0000;55.5556;7.4604;60.1865;0.0000;1;0;0;0;1;0;65566
55633;0;0;0;227;232;230;0.0000;0.0000;55.5556;7.4604;60.1865;0.0000;1;0;0;0;1;0;65566
55644;0;0;0;227;232;230;0.0000;0.0000;55.5556;7.4604;60.1865;0.0000;1;0;0;0;1;0;65566
55654;0;0;0;227;232;230;0.0000;0.0000;55.5556;7.4604;60.1865;0.0000;1;0;0;0;1;0;65566
55664;0;0;0;227;232;230;0.0000;0.0000;55.5556;7.4604;60.1865;0.0000;1;0;0;0;1;0;65566
55675;0;0;0;227;232;230;0.0000;0.0000;55.5556;7.4604;60.1865;0.0000;1;0;0;0;1;0;65566
55685;0;0;0;227;232;230;0.0000;0.0000;55.5556;7.4604;60.1865;0.0000;1;0;0;0;1;0;65566
55695;0;0;0;227;232;230;0.0000;0.0000;55.5556;7.4604;60.1865;0.0000;1;0;0;0;1;0;65566
55706;0;0;0;227;232;230;0.0000;0.0000;55.5556;7.4604;60.1865;0.0000;1;0;0;0;1;0;65566
55716;0;0;0;227;232;230;0.0000;0.0000;55.5556;7.4604;60.1865;0.0000;1;0;0;0;1;0;65566
55726;0;0;0;227;232;230;0.0000;0.0000;55.5556;7.4604;60.1865;0.0000;1;0;0;0;1;0;65566
55737;0;0;0;227;232;230;0.0000;0.0000;55.5556;7.4604;60.1865;0.0000;1;0;0;0;1;0;65566
55749;0;0;0;227;232;230;0.0000;0.0000;55.5556;7.4604;60.1865;0.0000;1;0;0;0;1;0;65566
55759;0;0;0;227;232;230;0.0000;0.0000;55.5556;7.4604;60.1865;0.0000;1;0;0;0;1;0;65566
55770;0;0;0;227;232;230;0.0000;0.0000;55.5556;7.4604;60.1865;0.0000;1;0;0;0;1;0;65566
55780;0;0;0;227;232;230;0.0000;0.0000;55.5556;7.4604;60.1865;0.0000;1;0;0;0;1;0;65566
55791;0;0;0;227;232;230;0.0000;0.0000;55.5556;7.4604;60.1865;0.0000;1;0;0;0;1;0;65566
55801;0;0;0;227;232;230;0.0000;0.0000;55.5556;7.4604;60.1865;0.0000;1;0;0;0;1;0;65566
55811;0;0;0;227;232;230;0.0000;0.0000;55.5556;7.4604;60.1865;0.0000;1;0;0;0;1;0;65566
55822;0;0;0;227;232;230;0.0000;0.0000;55.5556;7.4604;60.1865;0.0000;1;0;0;0;1;0;65566
55832;0;0;0;227;232;230;0.0000;0.0000;55.5556;7.4604;60.1865;0.0000;1;0;0;0;1;0;65566
55842;0;0;0;227;232;230;0.0000;0.0000;55.5556;7.4604;60.1865;0.0000;1;0;0;0;1;0;65566
55853;0;0;0;227;232;230;0.0000;0.0000;55.5556;7.4604;60.1865;0.0000;1;0;0;0;1;0;65566
55863;0;0;0;227;232;230;0.0000;0.0000;55.5556;7.4604;60.1865;0.0000;1;0;0;0;1;0;65566
55873;0;0;0;227;232;230;0.0000;0.0000;55.5556;7.4604;60.1865;0.0000;1;0;0;0;1;0;65566
55884;0;0;0;227;232;230;0.0000;0.0000;55.5556;7.4604;60.1865;0.0000;1;0;0;0;1;0;65566
55894;0;0;0;227;232;230;0.0000;0.0000;55.5556;7.4604;60.1865;0.0000;1;0;0;0;1;0;65566
55904;0;0;0;227;232;230;0.0000;0.0000;55.5556;7.4604;60.1865;0.0000;1;0;0;0;1;0;65566
55915;0;0;0;227;232;230;0.0000;0.0000;55.5556;7.4604;60.1865;0.0000;1;0;0;0;1;0;65566
55925;0;0;0;227;232;230;0.0000;0.0000;55.5556;7.4604;60.1865;0.0000;1;0;0;0;1;0;65566
55936;0;0;0;227;232;230;0.0000;0.0000;55.5556;7.4604;60.1865;0.0000;1;0;0;0;1;0;65566
55946;0;0;0;227;232;230;0.0000;0.0000;55.5556;7.4604;60.1865;0.0000;1;0;0;0;1;0;65566
55956;0;0;0;227;232;230;0.0000;0.0000;55.5556;7.4604;60.1865;0.0000;1;0;0;0;1;0;65566
55967;0;0;0;227;232;230;0.0000;0.0000;55.5556;7.4604;60.1865;0.0000;1;0;0;0;1;0;65566
55977;0;0;0;227;232;230;0.0000;0.0000;55.5556;7.4604;60.1865;0.0000;1;0;0;0;1;0;65566
55987;0;0;0;227;232;230;0.0000;0.0000;55.5556;7.4604;60.1865;0.0000;1;0;0;0;1;0;65566
55998;0;0;0;227;232;230;0.0000;0.0000;55.5556;7.4604;60.1865;0.0000;1;0;0;0;1;0;65566
56008;0;0;0;227;232;230;0.0000;0.0000;55.5556;7.4604;60.1865;0.0000;1;0;0;0;1;0;65566
56018;0;0;0;227;232;230;0.0000;0.0000;55.5556;7.4604;60.1865;0.0000;1;0;0;0;1;0;65566
56029;0;0;0;227;232;230;0.0000;0.0000;55.5556;7.4604;60.1865;0.0000;1;0;0;0;1;0;65566
56039;0;0;0;227;232;230;0.0000;0.0000;55.5556;7.4604;60.1865;0.0000;1;0;0;0;1;0;65566
56050;0;0;0;227;232;230;0.0000;0.0000;55.5556;7.4604;60.1865;0.0000;1;0;0;0;1;0;65566
56060;0;0;0;227;232;230;0.0000;0.0000;55.5556;7.4604;60.1865;0.0000;1;0;0;0;1;0;65566
56071;0;0;0;227;232;230;0.0000;0.0000;55.5556;7.4604;60.1865;0.0000;1;0;0;0;1;0;65566
56081;0;0;0;227;232;230;0.0000;0.0000;55.5556;7.4604;60.1865;0.0000;1;0;0;0;1;0;65566
56091;0;0;0;227;232;230;0.0000;0.0000;55.5556;7.4604;60.1865;0.0000;1;0;0;0;1;0;65566
56102;0;0;0;227;232;230;0.0000;0.0000;55.5556;7.4604;60.1865;0.0000;1;0;0;0;1;0;65566
56112;0;0;0;227;232;230;0.0000;0.0000;55.5556;7.4604;60.1865;0.0000;1;0;0;0;1;0;65566
56123;0;0;0;227;232;230;0.0000;0.0000;55.5556;7.4604;60.1865;0.0000;1;0;0;0;1;0;65536
56133;0;0;0;227;232;230;0.0000;0.0000;55.5556;7.4604;60.1865;0.0000;1;0;0;0;1;0;65536
56144;0;0;0;227;232;230;0.0000;0.0000;55.5556;7.4604;60.1865;0.0000;1;0;0;0;1;0;65536
56154;0;0;0;227;232;230;0.0000;0.0000;55.5556;7.4604;60.1865;0.0000;1;0;0;0;1;0;65536
56164;0;0;0;227;232;230;0.0000;0.0000;55.5556;7.4604;60.1865;0.0000;1;0;0;0;1;0;65536
56175;0;0;0;227;232;230;0.0000;0.0000;55.5556;7.4604;60.1865;0.0000;1;0;0;0;1;0;65536
56186;0;0;0;227;232;230;0.0000;0.0000;55.5556;7.4604;60.1865;0.0000;1;0;0;0;1;0;65536
56197;0;0;0;227;232;230;0.0000;0.0000;55.5556;7.4604;60.1865;0.0000;1;0;0;0;1;0;65536
56209;0;0;0;227;232;230;0.0000;0.0000;55.5556;7.4604;60.1865;0.0000;1;0;0;0;1;0;65536
56220;0;0;0;227;232;230;0.0000;0.0000;55.5556;7.4604;60.1865;0.0000;1;0;0;0;1;0;65536
56231;0;0;0;227;232;230;0.0000;0.0000;55.5556;7.4604;60.1865;0.0000;1;0;0;0;1;0;65536
56241;0;0;0;227;232;230;0.0000;0.0000;55.5556;7.4604;60.1865;0.0000;1;0;0;0;1;0;65536
56258;0;0;0;227;232;230;0.0000;0.0000;55.5556;7.4604;60.1865;0.0000;1;0;0;0;1;0;65536
56268;0;0;0;227;232;230;0.0000;0.0000;55.5556;7.4604;60.1865;0.0000;1;0;0;0;1;0;65536
56279;0;0;0;227;232;230;0.0000;0.0000;22.2222;7.4588;60.1878;0.0000;1;0;0;0;1;0;65536
56289;0;0;0;227;232;230;0.0000;0.0000;22.2222;7.4588;60.1878;0.0000;1;0;0;0;1;0;65536
56300;0;0;0;227;232;230;0.0000;0.0000;22.2222;7.4588;60.1878;0.0000;1;0;0;0;1;0;65536
56310;0;0;0;227;232;230;0.0000;0.0000;22.2222;7.4588;60.1878;0.0000;1;0;0;0;1;0;65536
56320;0;0;0;227;232;230;0.0000;0.0000;22.2222;7.4588;60.1878;0.0000;1;0;0;0;1;0;65536
56331;0;0;0;227;232;230;0.0000;0.0000;22.2222;7.4588;60.1878;0.0000;1;0;0;0;1;0;65536
56341;0;0;0;227;232;230;0.0000;0.0000;22.2222;7.4588;60.1878;0.0000;1;0;0;0;1;0;65540
56352;0;0;0;227;232;230;0.0000;0.0000;22.2222;7.4588;60.1878;0.0000;1;0;0;0;1;0;65540
56363;0;0;0;227;232;230;0.0000;0.0000;22.2222;7.4588;60.1878;0.0000;1;0;0;0;1;0;65540
56373;0;0;0;227;232;230;0.0000;0.0000;22.2222;7.4588;60.1878;0.0000;1;0;0;0;1;0;65540
56384;0;0;0;227;232;230;0.0000;0.0000;22.2222;7.4588;60.1878;0.0000;1;0;0;0;1;0;65540
56394;0;0;0;227;232;230;0.0000;0.0000;22.2222;7.4588;60.1878;0.0000;1;0;0;0;1;0;65540
56405;0;0;0;227;232;230;0.0000;0.0000;22.2222;7.4588;60.1878;0.0000;1;0;0;0;1;0;65540
56415;0;0;0;227;232;230;0.0000;0.0000;22.2222;7.4588;60.1878;0.0000;1;0;0;0;1;0;65540
56426;0;0;0;227;232;230;0.0000;0.0000;22.2222;7.4588;60.1878;0.0000;1;0;0;0;1;0;65540
56436;0;0;0;227;232;230;0.0000;0.0000;22.2222;7.4588;60.1878;0.0000;1;0;0;0;1;0;65540
56447;0;0;0;227;232;230;0.0000;0.0000;22.2222;7.4588;60.1878;0.0000;1;0;0;0;1;0;65540
56458;0;0;0;227;232;230;0.0000;0.0000;22.2222;7.4588;60.1878;0.0000;1;0;0;0;1;0;65540
56469;0;0;0;227;232;230;0.0000;0.0000;22.2222;7.4588;60.1878;0.0000;1;0;0;0;1;0;65540
56485;0;0;0;227;232;230;0.0000;0.0000;22.2222;7.4588;60.1878;0.0000;1;0;0;0;1;0;65540
56495;0;0;0;227;232;230;0.0000;0.0000;22.2222;7.4588;60.1878;0.0000;1;0;0;0;1;0;65540
56505;0;0;0;227;232;230;0.0000;0.0000;22.2222;7.4588;60.1878;0.0000;1;0;0;0;1;0;65540
56518;0;0;0;227;232;230;0.0000;0.0000;22.2222;7.4588;60.1878;0.0000;1;0;0;0;1;0;65540
56532;0;0;0;227;232;230;0.0000;0.0000;22.2222;7.4588;60.1878;0.0000;1;0;0;0;1;0;65540
56542;0;0;0;227;232;230;0.0000;0.0000;22.2222;7.4588;60.1878;0.0000;1;0;0;0;1;0;65540
56553;0;0;0;227;232;230;0.0000;0.0000;22.2222;7.4588;60.1878;0.0000;1;0;0;0;1;0;65540
56563;0;0;0;227;232;230;0.0000;0.0000;22.2222;7.4588;60.1878;0.0000;1;0;0;0;1;0;65550
56574;0;0;0;227;232;230;0.0000;0.0000;22.2222;7.4588;60.1878;0.0000;1;0;0;0;1;0;65550
56585;0;0;0;227;232;230;0.0000;0.0000;22.2222;7.4588;60.1878;0.0000;1;0;0;0;1;0;65550
56595;0;0;0;227;232;230;0.0000;0.0000;22.2222;7.4588;60.1878;0.0000;1;0;0;0;1;0;65550
56606;0;0;0;227;232;230;0.0000;0.0000;22.2222;7.4588;60.1878;0.0000;1;0;0;0;1;0;65550
56616;0;0;0;227;232;230;0.0000;0.0000;22.2222;7.4588;60.1878;0.0000;1;0;0;0;1;0;65550
56626;0;0;0;227;232;230;0.0000;0.0000;22.2222;7.4588;60.1878;0.0000;1;0;0;0;1;0;65550
56640;0;0;0;227;232;230;0.0000;0.0000;22.2222;7.4588;60.1878;0.0000;1;0;0;0;1;0;65550
56650;0;0;0;227;232;230;0.0000;0.0000;22.2222;7.4588;60.1878;0.0000;1;0;0;0;1;0;65550
56661;0;0;0;227;232;230;0.0000;0.0000;22.2222;7.4588;60.1878;0.0000;1;0;0;0;1;0;65550
56671;0;0;0;227;232;230;0.0000;0.0000;22.2222;7.4588;60.1878;0.0000;1;0;0;0;1;0;65566
56682;0;0;0;227;232;230;0.0000;0.0000;22.2222;7.4588;60.1878;0.0000;1;0;0;0;1;0;65566
56692;0;0;0;227;232;230;0.0000;0.0000;22.2222;7.4588;60.1878;0.0000;1;0;0;0;1;0;65566
56702;0;0;0;227;232;230;0.0000;0.0000;22.2222;7.4588;60.1878;0.0000;1;0;0;0;1;0;65566
56713;0;0;0;227;232;230;0.0000;0.0000;22.2222;7.4588;60.1878;0.0000;1;0;0;0;1;0;65566
56723;0;0;0;227;232;230;0.0000;0.0000;22.2222;7.4588;60.1878;0.0000;1;0;0;0;1;0;65566
56733;0;0;0;227;232;230;0.0000;0.0000;22.2222;7.4588;60.1878;0.0000;1;0;0;0;1;0;65566
56744;0;0;0;227;232;230;0.0000;0.0000;22.2222;7.4588;60.1878;0.0000;1;0;0;0;1;0;65566
56754;0;0;0;227;232;230;0.0000;0.0000;22.2222;7.4588;60.1878;0.0000;1;0;0;0;1;0;65566
56765;0;0;0;227;232;230;0.0000;0.0000;22.2222;7.4588;60.1878;0.0000;1;0;0;0;1;0;65566
56775;0;0;0;227;232;230;0.0000;0.0000;22.2222;7.4588;60.1878;0.0000;1;0;0;0;1;0;65566
56785;0;0;0;227;232;230;0.0000;0.0000;22.2222;7.4588;60.1878;0.0000;1;0;0;0;1;0;65566
56796;0;0;0;227;232;230;0.0000;0.0000;22.2222;7.4588;60.1878;0.0000;1;0;0;0;1;0;65566
56809;0;0;0;227;232;230;0.0000;0.0000;22.2222;7.4588;60.1878;0.0000;1;0;0;0;1;0;65566
56820;0;0;0;227;232;230;0.0000;0.0000;22.2222;7.4588;60.1878;0.0000;1;0;0;0;1;0;65566
56830;0;0;0;227;232;230;0.0000;0.0000;22.2222;7.4588;60.1878;0.0000;1;0;0;0;1;0;65566
56840;0;0;0;227;232;230;0.0000;0.0000;22.2222;7.4588;60.1878;0.0000;1;0;0;0;1;0;65566
56851;0;0;0;227;232;230;0.0000;0.0000;22.2222;7.4588;60.1878;0.0000;1;0;0;0;1;0;65566
56861;0;0;0;227;232;230;0.0000;0.0000;22.2222;7.4588;60.1878;0.0000;1;0;0;0;1;0;65566
56872;0;0;0;227;232;230;0.0000;0.0000;22.2222;7.4588;60.1878;0.0000;1;0;0;0;1;0;65566
56882;0;0;0;227;232;230;0.0000;0.0000;22.2222;7.4588;60.1878;0.0000;1;0;0;0;1;0;65566
56893;0;0;0;227;232;230;0.0000;0.0000;22.2222;7.4588;60.1878;0.0000;1;0;0;0;1;0;65566
56903;0;0;0;227;232;230;0.0000;0.0000;22.2222;7.4588;60.1878;0.0000;1;0;0;0;1;0;65566
56913;0;0;0;227;232;230;0.0000;0.0000;22.2222;7.4588;60.1878;0.0000;1;0;0;0;1;0;65566
56924;0;0;0;227;232;230;0.0000;0.0000;22.2222;7.4588;60.1878;0.0000;1;0;0;0;1;0;65566
56934;0;0;0;227;232;230;0.0000;0.0000;22.2222;7.4588;60.1878;0.0000;1;0;0;0;1;0;65566
56945;0;0;0;227;232;230;0.0000;0.0000;22.2222;7.4588;60.1878;0.0000;1;0;0;0;1;0;65566
56955;0;0;0;227;232;230;0.0000;0.0000;22.2222;7.4588;60.1878;0.0000;1;0;0;0;1;0;65566
56966;0;0;0;227;232;230;0.0000;0.0000;22.2222;7.4588;60.1878;0.0000;1;0;0;0;1;0;65566
56976;0;0;0;227;232;230;0.0000;0.0000;22.2222;7.4588;60.1878;0.0000;1;0;0;0;1;0;65566
56987;0;0;0;227;232;230;0.0000;0.0000;22.2222;7.4588;60.1878;0.0000;1;0;0;0;1;0;65566
56997;0;0;0;227;232;230;0.0000;0.0000;22.2222;7.4588;60.1878;0.0000;1;0;0;0;1;0;65566
57007;0;0;0;227;232;230;0.0000;0.0000;22.2222;7.4588;60.1878;0.0000;1;0;0;0;1;0;65566
57018;0;0;0;227;232;230;0.0000;0.0000;22.2222;7.4588;60.1878;0.0000;1;0;0;0;1;0;65566
57028;0;0;0;227;232;230;0.0000;0.0000;22.2222;7.4588;60.1878;0.0000;1;0;0;0;1;0;65566
57038;0;0;0;227;232;230;0.0000;0.0000;22.2222;7.4588;60.1878;0.0000;1;0;0;0;1;0;65566
57049;0;0;0;227;232;230;0.0000;0.0000;22.2222;7.4588;60.1878;0.0000;1;0;0;0;1;0;65566
57059;0;0;0;227;232;230;0.0000;0.0000;22.2222;7.4588;60.1878;0.0000;1;0;0;0;1;0;65566
57070;0;0;0;227;232;230;0.0000;0.0000;22.2222;7.4588;60.1878;0.0000;1;0;0;0;1;0;65566
57086;0;0;0;227;232;230;0.0000;0.0000;22.2222;7.4588;60.1878;0.0000;1;0;0;0;1;0;65560
57097;0;0;0;227;232;230;0.0000;0.0000;22.2222;7.4588;60.1878;0.0000;1;0;0;0;1;0;65536
57107;0;0;0;227;232;230;0.0000;0.0000;22.2222;7.4588;60.1878;0.0000;1;0;0;0;1;0;65536
57118;0;0;0;227;232;230;0.0000;0.0000;22.2222;7.4588;60.1878;0.0000;1;0;0;0;1;0;65536
57130;0;0;0;227;232;230;0.0000;0.0000;22.2222;7.4588;60.1878;0.0000;1;0;0;0;1;0;65536
57141;0;0;0;227;232;230;0.0000;0.0000;22.2222;7.4588;60.1878;0.0000;1;0;0;0;1;0;65536
57151;0;0;0;227;232;230;0.0000;0.0000;22.2222;7.4588;60.1878;0.0000;1;0;0;0;1;0;65536
57162;0;0;0;227;232;230;0.0000;0.0000;22.2222;7.4588;60.1878;0.0000;1;0;0;0;1;0;65536
57172;0;0;0;227;232;230;0.0000;0.0000;22.2222;7.4588;60.1878;0.0000;1;0;0;0;1;0;65536
57183;0;0;0;227;232;230;0.0000;0.0000;22.2222;7.4588;60.1878;0.0000;1;0;0;0;1;0;65536
57193;0;0;0;227;232;230;0.0000;0.0000;22.2222;7.4588;60.1878;0.0000;1;0;0;0;1;0;65536
57204;0;0;0;227;232;230;0.0000;0.0000;22.2222;7.4588;60.1878;0.0000;1;0;0;0;1;0;65536
57214;0;0;0;227;232;230;0.0000;0.0000;22.2222;7.4588;60.1878;0.0000;1;0;0;0;1;0;65536
57224;0;0;0;227;232;230;0.0000;0.0000;22.2222;7.4588;60.1878;0.0000;1;0;0;0;1;0;65536
57235;0;0;0;227;232;230;0.0000;0.0000;22.2222;7.4588;60.1878;0.0000;1;0;0;0;1;0;65536
57245;0;0;0;227;232;230;0.0000;0.0000;22.2222;7.4588;60.1878;0.0000;1;0;0;0;1;0;65536
57259;0;0;0;227;232;230;0.0000;0.0000;22.2222;7.4588;60.1878;0.0000;1;0;0;0;1;0;65536
57269;0;0;0;227;232;230;0.0000;0.0000;22.2222;7.4588;60.1878;0.0000;1;0;0;0;1;0;65536
57280;0;0;0;227;232;230;0.0000;0.0000;40.0000;7.6030;60.1890;0.0000;1;0;0;0;1;0;65536
57291;0;0;0;227;232;230;0.0000;0.0000;40.0000;7.6030;60.1890;0.0000;1;0;0;0;1;0;65536
57304;0;0;0;227;232;230;0.0000;0.0000;40.0000;7.6030;60.1890;0.0000;1;0;0;0;1;0;65536
57315;0;0;0;227;232;230;0.0000;0.0000;40.0000;7.6030;60.1890;0.0000;1;0;0;0;1;0;65536
57325;0;0;0;227;232;230;0.0000;0.0000;40.0000;7.6030;60.1890;0.0000;1;0;0;0;1;0;65536
57336;0;0;0;227;232;230;0.0000;0.0000;40.0000;7.6030;60.1890;0.0000;1;0;0;0;1;0;65536
57349;0;0;0;227;232;230;0.0000;0.0000;40.0000;7.6030;60.1890;0.0000;1;0;0;0;1;0;65536
57360;0;0;0;227;232;230;0.0000;0.0000;40.0000;7.6030;60.1890;0.0000;1;0;0;0;1;0;65536
57374;0;0;0;227;232;230;0.0000;0.0000;40.0000;7.6030;60.1890;0.0000;1;0;0;0;1;0;65536
57385;0;0;0;227;232;230;0.0000;0.0000;40.0000;7.6030;60.1890;0.0000;1;0;0;0;1;0;65536
57396;0;0;0;227;232;230;0.0000;0.0000;40.0000;7.6030;60.1890;0.0000;1;0;0;0;1;0;65536
57407;0;0;0;227;232;230;0.0000;0.0000;40.0000;7.6030;60.1890;0.0000;1;0;0;0;1;0;65536
57418;0;0;0;227;232;230;0.0000;0.0000;40.0000;7.6030;60.1890;0.0000;1;0;0;0;1;0;65540
57429;0;0;0;227;232;230;0.0000;0.0000;40.0000;7.6030;60.1890;0.0000;1;0;0;0;1;0;65540
57441;0;0;0;227;232;230;0.0000;0.0000;40.0000;7.6030;60.1890;0.0000;1;0;0;0;1;0;65540
57454;0;0;0;227;232;230;0.0000;0.0000;40.0000;7.6030;60.1890;0.0000;1;0;0;0;1;0;65540
57464;0;0;0;227;232;230;0.0000;0.0000;40.0000;7.6030;60.1890;0.0000;1;0;0;0;1;0;65540
57476;0;0;0;227;232;230;0.0000;0.0000;40.0000;7.6030;60.1890;0.0000;1;0;0;0;1;0;65540
57487;0;0;0;227;232;230;0.0000;0.0000;40.0000;7.6030;60.1890;0.0000;1;0;0;0;1;0;65540
57499;0;0;0;227;232;230;0.0000;0.0000;40.0000;7.6030;60.1890;0.0000;1;0;0;0;1;0;65540
57510;0;0;0;227;232;230;0.0000;0.0000;40.0000;7.6030;60.1890;0.0000;1;0;0;0;1;0;65540
57520;0;0;0;227;232;230;0.0000;0.0000;40.0000;7.6030;60.1890;0.0000;1;0;0;0;1;0;65540
57531;0;0;0;227;232;230;0.0000;0.0000;40.0000;7.6030;60.1890;0.0000;1;0;0;0;1;0;65540
57544;0;0;0;227;232;230;0.0000;0.0000;40.0000;7.6030;60.1890;0.0000;1;0;0;0;1;0;65540
57559;0;0;0;227;232;230;0.0000;0.0000;40.0000;7.6030;60.1890;0.0000;1;0;0;0;1;0;65540
57570;0;0;0;227;232;230;0.0000;0.0000;40.0000;7.6030;60.1890;0.0000;1;0;0;0;1;0;65540
57581;0;0;0;227;232;230;0.0000;0.0000;40.0000;7.6030;60.1890;0.0000;1;0;0;0;1;0;65540
57591;0;0;0;227;232;230;0.0000;0.0000;40.0000;7.6030;60.1890;0.0000;1;0;0;0;1;0;65540
57602;0;0;0;227;232;230;0.0000;0.0000;40.0000;7.6030;60.1890;0.0000;1;0;0;0;1;0;65540
57612;0;0;0;227;232;230;0.0000;0.0000;40.0000;7.6030;60.1890;0.0000;1;0;0;0;1;0;65540
57622;0;0;0;227;232;230;0.0000;0.0000;40.0000;7.6030;60.1890;0.0000;1;0;0;0;1;0;65540
57633;0;0;0;227;232;230;0.0000;0.0000;40.0000;7.6030;60.1890;0.0000;1;0;0;0;1;0;65566
57643;0;0;0;227;232;230;0.0000;0.0000;40.0000;7.6030;60.1890;0.0000;1;0;0;0;1;0;65566
57654;0;0;0;227;232;230;0.0000;0.0000;40.0000;7.6030;60.1890;0.0000;1;0;0;0;1;0;65566
57669;0;0;0;227;232;230;0.0000;0.0000;40.0000;7.6030;60.1890;0.0000;1;0;0;0;1;0;65566
57680;0;0;0;227;232;230;0.0000;0.0000;40.0000;7.6030;60.1890;0.0000;1;0;0;0;1;0;65566
57690;0;0;0;227;232;230;0.0000;0.0000;40.0000;7.6030;60.1890;0.0000;1;0;0;0;1;0;65566
57700;0;0;0;227;232;230;0.0000;0.0000;40.0000;7.6030;60.1890;0.0000;1;0;0;0;1;0;65566
57711;0;0;0;227;232;230;0.0000;0.0000;40.0000;7.6030;60.1890;0.0000;1;0;0;0;1;0;65566
57721;0;0;0;227;232;230;0.0000;0.0000;40.0000;7.6030;60.1890;0.0000;1;0;0;0;1;0;65566
57731;0;0;0;227;232;230;0.0000;0.0000;40.0000;7.6030;60.1890;0.0000;1;0;0;0;1;0;65566
57742;0;0;0;227;232;230;0.0000;0.0000;40.0000;7.6030;60.1890;0.0000;1;0;0;0;1;0;65566
57752;0;0;0;227;232;230;0.0000;0.0000;40.0000;7.6030;60.1890;0.0000;1;0;0;0;1;0;65566
57762;0;0;0;227;232;230;0.0000;0.0000;40.0000;7.6030;60.1890;0.0000;1;0;0;0;1;0;65566
57773;0;0;0;227;232;230;0.0000;0.0000;40.0000;7.6030;60.1890;0.0000;1;0;0;0;1;0;65566
57783;0;0;0;227;232;230;0.0000;0.0000;40.0000;7.6030;60.1890;0.0000;1;0;0;0;1;0;65566
57793;0;0;0;227;232;230;0.0000;0.0000;40.0000;7.6030;60.1890;0.0000;1;0;0;0;1;0;65566
57804;0;0;0;227;232;230;0.0000;0.0000;40.0000;7.6030;60.1890;0.0000;1;0;0;0;1;0;65566
57814;0;0;0;227;232;230;0.0000;0.0000;40.0000;7.6030;60.1890;0.0000;1;0;0;0;1;0;65566
57824;0;0;0;227;232;230;0.0000;0.0000;40.0000;7.6030;60.1890;0.0000;1;0;0;0;1;0;65566
57837;0;0;0;227;232;230;0.0000;0.0000;40.0000;7.6030;60.1890;0.0000;1;0;0;0;1;0;65566
57847;0;0;0;227;232;230;0.0000;0.0000;40.0000;7.6030;60.1890;0.0000;1;0;0;0;1;0;65566
57857;0;0;0;227;232;230;0.0000;0.0000;40.0000;7.6030;60.1890;0.0000;1;0;0;0;1;0;65566
57868;0;0;0;227;232;230;0.0000;0.0000;40.0000;7.6030;60.1890;0.0000;1;0;0;0;1;0;65566
57878;0;0;0;227;232;230;0.0000;0.0000;40.0000;7.6030;60.1890;0.0000;1;0;0;0;1;0;65566
57889;0;0;0;227;232;230;0.0000;0.0000;40.0000;7.6030;60.1890;0.0000;1;0;0;0;1;0;65566
57899;0;0;0;227;232;230;0.0000;0.0000;40.0000;7.6030;60.1890;0.0000;1;0;0;0;1;0;65566
57919;0;0;0;227;232;230;0.0000;0.0000;40.0000;7.6030;60.1890;0.0000;1;0;0;0;1;0;65566
57930;0;0;0;227;232;230;0.0000;0.0000;40.0000;7.6030;60.1890;0.0000;1;0;0;0;1;0;65566
57940;0;0;0;227;232;230;0.0000;0.0000;40.0000;7.6030;60.1890;0.0000;1;0;0;0;1;0;65566
57951;0;0;0;227;232;230;0.0000;0.0000;40.0000;7.6030;60.1890;0.0000;1;0;0;0;1;0;65566
57961;0;0;0;227;232;230;0.0000;0.0000;40.0000;7.6030;60.1890;0.0000;1;0;0;0;1;0;65566
57973;0;0;0;227;232;230;0.0000;0.0000;40.0000;7.6030;60.1890;0.0000;1;0;0;0;1;0;65566
57984;0;0;0;227;232;230;0.0000;0.0000;40.0000;7.6030;60.1890;0.0000;1;0;0;0;1;0;65566
57994;0;0;0;227;232;230;0.0000;0.0000;40.0000;7.6030;60.1890;0.0000;1;0;0;0;1;0;65566
58007;0;0;0;227;232;230;0.0000;0.0000;40.0000;7.6030;60.1890;0.0000;1;0;0;0;1;0;65566
58018;0;0;0;227;232;230;0.0000;0.0000;40.0000;7.6030;60.1890;0.0000;1;0;0;0;1;0;65566
58029;0;0;0;227;232;230;0.0000;0.0000;40.0000;7.6030;60.1890;0.0000;1;0;0;0;1;0;65566
58040;0;0;0;227;232;230;0.0000;0.0000;40.0000;7.6030;60.1890;0.0000;1;0;0;0;1;0;65566
58051;0;0;0;227;232;230;0.0000;0.0000;40.0000;7.6030;60.1890;0.0000;1;0;0;0;1;0;65566
58079;0;0;0;227;232;230;0.0000;0.0000;40.0000;7.6030;60.1890;0.0000;1;0;0;0;1;0;65566
58093;0;0;0;227;232;230;0.0000;0.0000;40.0000;7.6030;60.1890;0.0000;1;0;0;0;1;0;65566
58104;0;0;0;227;232;230;0.0000;0.0000;40.0000;7.6030;60.1890;0.0000;1;0;0;0;1;0;65566
58120;0;0;0;227;232;230;0.0000;0.0000;40.0000;7.6030;60.1890;0.0000;1;0;0;0;1;0;65566
58130;0;0;0;227;232;230;0.0000;0.0000;40.0000;7.6030;60.1890;0.0000;1;0;0;0;1;0;65566
58141;0;0;0;227;232;230;0.0000;0.0000;40.0000;7.6030;60.1890;0.0000;1;0;0;0;1;0;65566
58152;0;0;0;227;232;230;0.0000;0.0000;40.0000;7.6030;60.1890;0.0000;1;0;0;0;1;0;65566
58164;0;0;0;227;232;230;0.0000;0.0000;40.0000;7.6030;60.1890;0.0000;1;0;0;0;1;0;65536
58189;0;0;0;227;232;230;0.0000;0.0000;40.0000;7.6030;60.1890;0.0000;1;0;0;0;1;0;65536
58201;0;0;0;227;232;230;0.0000;0.0000;40.0000;7.6030;60.1890;0.0000;1;0;0;0;1;0;65536
58212;0;0;0;227;232;230;0.0000;0.0000;40.0000;7.6030;60.1890;0.0000;1;0;0;0;1;0;65536
58223;0;0;0;227;232;230;0.0000;0.0000;40.0000;7.6030;60.1890;0.0000;1;0;0;0;1;0;65536
58234;0;0;0;227;232;230;0.0000;0.0000;40.0000;7.6030;60.1890;0.0000;1;0;0;0;1;0;65536
58245;0;0;0;227;232;230;0.0000;0.0000;40.0000;7.6030;60.1890;0.0000;1;0;0;0;1;0;65536
58255;0;0;0;227;232;230;0.0000;0.0000;40.0000;7.6030;60.1890;0.0000;1;0;0;0;1;0;65536
58268;0;0;0;227;232;230;0.0000;0.0000;40.0000;7.6030;60.1890;0.0000;1;0;0;0;1;0;65536
58278;0;0;0;227;232;230;0.0000;0.0000;40.0000;7.6030;60.1890;0.0000;1;0;0;0;1;0;65536
58290;0;0;0;227;232;230;0.0000;0.0000;100.0000;7.6707;60.1902;0.0000;1;0;0;0;1;0;65536
58301;0;0;0;227;232;230;0.0000;0.0000;100.0000;7.6707;60.1902;0.0000;1;0;0;0;1;0;65536
58312;0;0;0;227;232;230;0.0000;0.0000;100.0000;7.6707;60.1902;0.0000;1;0;0;0;1;0;65536
58322;0;0;0;227;232;230;0.0000;0.0000;100.0000;7.6707;60.1902;0.0000;1;0;0;0;1;0;65536
58333;0;0;0;227;232;230;0.0000;0.0000;100.0000;7.6707;60.1902;0.0000;1;0;0;0;1;0;65536
58344;0;0;0;227;232;230;0.0000;0.0000;100.0000;7.6707;60.1902;0.0000;1;0;0;0;1;0;65536
58356;0;0;0;227;232;230;0.0000;0.0000;100.0000;7.6707;60.1902;0.0000;1;0;0;0;1;0;65536
58368;0;0;0;227;232;230;0.0000;0.0000;100.0000;7.6707;60.1902;0.0000;1;0;0;0;1;0;65536
58380;0;0;0;227;232;230;0.0000;0.0000;100.0000;7.6707;60.1902;0.0000;1;0;0;0;1;0;65536
58390;0;0;0;227;232;230;0.0000;0.0000;100.0000;7.6707;60.1902;0.0000;1;0;0;0;1;0;65540
58441;0;0;0;227;232;230;0.0000;0.0000;100.0000;7.6707;60.1902;0.0000;1;0;0;0;1;0;65540
