TIMESTAMP;TEMP1;TEMP2;TEMP3;BOARD_TEMP1;BOARD_TEMP2;BOARD_TEMP3;OXIDIZER_PRESS;PRESSURE_FEED_PRESS;CHAMBER_PRESS1;CPU_USAGE;MEM_USAGE;DISK_UTILIZATION;PRIMER_STATUS;OXIDIZER_MAIN_VALVE;OXIDIZER_VENT_VALVE;OXIDIZER_DUMP_VALVE;PRESSURE_FEED_MAIN_VALVE;PRESSURE_FEED_VENT_VALVE;ENGINE_MODE;ETHANOL_PRESS;CHAMBER_PRESS2;CHAMBER_PRESS3;SEC_BOARD_TEMP1;SEC_BOARD_TEMP2;SEC_BOARD_TEMP3;ETHANOL_MAIN_VALVE;ETHANOL_VENT_VALVE;GPIO_STATE
1273;0;0;0;0;0;0;162.0000;211.0000;88.0000;0.0000;0.0000;0.0000;0;0;0;0;0;0;0;0.0000;0.0000;0.0000;0;0;0;0;0;0
1283;0;0;0;0;0;0;162.0000;211.0000;88.0000;0.0000;0.0000;0.0000;0;0;0;0;0;0;0;0.0000;0.0000;0.0000;0;0;0;0;0;0
1294;0;0;0;0;0;0;162.0000;211.0000;88.0000;0.0000;0.0000;0.0000;0;0;0;0;0;0;0;0.0000;0.0000;0.0000;0;0;0;0;0;0
1305;0;0;0;0;0;0;162.0000;211.0000;88.0000;0.0000;0.0000;0.0000;0;0;0;0;0;0;0;0.0000;0.0000;0.0000;0;0;0;0;0;0
1315;0;0;0;0;0;0;162.0000;211.0000;88.0000;0.0000;0.0000;0.0000;0;0;0;0;0;0;0;0.0000;0.0000;0.0000;0;0;0;0;0;232452
1326;0;0;0;0;0;0;162.0000;211.0000;88.0000;0.0000;0.0000;0.0000;1;0;0;0;0;0;0;0.0000;0.0000;0.0000;0;0;0;0;0;232452
1336;0;0;0;0;0;0;162.0000;211.0000;88.0000;0.0000;0.0000;0.0000;1;0;0;0;0;0;0;0.0000;0.0000;0.0000;0;0;0;0;0;232452
1348;0;0;0;0;0;0;162.0000;211.0000;88.0000;0.0000;0.0000;0.0000;1;0;0;0;0;0;0;0.0000;0.0000;0.0000;0;0;0;0;0;232452
1360;0;0;0;0;0;0;162.0000;211.0000;88.0000;0.0000;0.0000;0.0000;1;0;0;0;0;0;0;0.0000;0.0000;0.0000;0;0;0;0;0;232452
1370;0;0;0;0;0;0;142.0000;211.0000;88.0000;0.0000;0.0000;0.0000;1;0;0;0;0;0;0;0.0000;0.0000;0.0000;0;0;0;0;0;232452
1381;0;0;0;0;0;0;142.0000;211.0000;135.0000;0.0000;0.0000;0.0000;1;0;0;0;0;0;0;0.0000;0.0000;0.0000;0;0;0;0;0;232452
1392;0;0;0;0;0;0;142.0000;211.0000;135.0000;0.0000;0.0000;0.0000;1;0;0;0;0;0;0;0.0000;0.0000;0.0000;0;0;0;0;0;232452
1402;0;0;0;0;0;0;142.0000;211.0000;135.0000;0.0000;0.0000;0.0000;1;0;0;0;0;0;0;0.0000;0.0000;0.0000;0;0;0;0;0;232452
1412;0;0;0;0;0;0;142.0000;211.0000;135.0000;0.0000;0.0000;0.0000;1;0;0;0;0;0;0;0.0000;0.0000;0.0000;0;0;0;0;0;232452
1427;0;0;0;0;0;0;142.0000;211.0000;135.0000;0.0000;0.0000;0.0000;1;0;0;0;0;0;0;0.0000;0.0000;0.0000;0;0;0;0;0;232460
1437;0;0;0;0;0;0;142.0000;211.0000;135.0000;0.0000;0.0000;0.0000;1;0;0;0;0;0;0;0.0000;0.0000;0.0000;0;0;0;0;0;232460
1450;0;0;0;0;0;0;142.0000;211.0000;135.0000;0.0000;0.0000;0.0000;1;0;0;0;0;0;0;0.0000;0.0000;0.0000;0;0;0;0;0;232460
1461;0;0;0;0;0;0;166.0000;197.0000;135.0000;0.0000;0.0000;0.0000;1;0;0;0;0;0;0;0.0000;0.0000;0.0000;0;0;0;0;0;232460
1472;0;0;0;0;0;0;166.0000;197.0000;142.0000;0.0000;0.0000;0.0000;1;0;0;0;0;0;0;0.0000;0.0000;0.0000;0;0;0;0;0;232460
1486;0;0;0;0;0;0;166.0000;197.0000;142.0000;0.0000;0.0000;0.0000;1;0;0;0;0;0;0;0.0000;0.0000;0.0000;0;0;0;0;0;232460
1500;0;0;0;0;0;0;166.0000;197.0000;142.0000;0.0000;0.0000;0.0000;1;0;0;0;0;0;0;0.0000;0.0000;0.0000;0;0;0;0;0;232460
1511;0;0;0;0;0;0;166.0000;197.0000;142.0000;0.0000;0.0000;0.0000;1;0;0;0;0;0;0;0.0000;0.0000;0.0000;0;0;0;0;0;232460
1522;0;0;0;0;0;0;166.0000;197.0000;142.0000;0.0000;0.0000;0.0000;1;0;0;0;0;0;0;0.0000;0.0000;0.0000;0;0;0;0;0;232460
1532;0;0;0;0;0;0;166.0000;197.0000;142.0000;0.0000;0.0000;0.0000;1;0;0;0;0;0;0;0.0000;0.0000;0.0000;0;0;0;0;0;232476
1543;0;0;0;0;0;0;166.0000;197.0000;142.0000;0.0000;0.0000;0.0000;1;0;0;0;0;0;0;0.0000;0.0000;0.0000;0;0;0;0;0;232476
1558;0;0;0;0;0;0;135.0000;197.0000;142.0000;0.0000;0.0000;0.0000;1;0;0;0;0;0;0;0.0000;0.0000;0.0000;0;0;0;0;0;232476
1569;0;0;0;0;0;0;135.0000;63.0000;139.0000;0.0000;0.0000;0.0000;1;0;0;0;0;0;0;0.0000;0.0000;0.0000;0;0;0;0;0;232476
1581;0;0;0;0;0;0;135.0000;63.0000;139.0000;0.0000;0.0000;0.0000;1;0;0;0;0;0;0;0.0000;0.0000;0.0000;0;0;0;0;0;232476
1592;0;0;0;0;0;0;135.0000;63.0000;139.0000;0.0000;0.0000;0.0000;1;0;0;0;0;0;0;0.0000;0.0000;0.0000;0;0;0;0;0;232476
1603;0;0;0;0;0;0;135.0000;63.0000;139.0000;0.0000;0.0000;0.0000;1;0;0;0;0;0;0;0.0000;0.0000;0.0000;0;0;0;0;0;232476
1616;0;0;0;0;0;0;135.0000;63.0000;139.0000;0.0000;0.0000;0.0000;1;0;0;0;0;0;0;0.0000;0.0000;0.0000;0;0;0;0;0;232476
1628;0;0;0;0;0;0;135.0000;63.0000;139.0000;0.0000;0.0000;0.0000;1;0;0;0;0;0;0;0.0000;0.0000;0.0000;0;0;0;0;0;232476
1638;0;0;0;0;0;0;135.0000;63.0000;139.0000;0.0000;0.0000;0.0000;1;0;0;0;0;0;0;0.0000;0.0000;0.0000;0;0;0;0;0;232476
1649;0;0;0;0;0;0;135.0000;63.0000;139.0000;0.0000;0.0000;0.0000;1;0;0;0;0;0;0;0.0000;0.0000;0.0000;0;0;0;0;0;232476
1660;0;0;0;0;0;0;135.0000;63.0000;139.0000;0.0000;0.0000;0.0000;1;0;0;0;0;0;0;0.0000;0.0000;0.0000;0;0;0;0;0;232476
1671;0;0;0;0;0;0;159.0000;9.0000;135.0000;0.0000;0.0000;0.0000;1;0;0;0;0;0;0;0.0000;0.0000;0.0000;0;0;0;0;0;232476
1688;0;0;0;0;0;0;159.0000;9.0000;135.0000;0.0000;0.0000;0.0000;1;0;0;0;0;0;0;0.0000;0.0000;0.0000;0;0;0;0;0;232476
1698;0;0;0;0;0;0;159.0000;9.0000;135.0000;0.0000;0.0000;0.0000;1;0;0;0;0;0;0;0.0000;0.0000;0.0000;0;0;0;0;0;232476
1709;0;0;0;0;0;0;159.0000;9.0000;135.0000;0.0000;0.0000;0.0000;1;0;0;0;0;0;0;0.0000;0.0000;0.0000;0;0;0;0;0;232476
1720;0;0;0;0;0;0;159.0000;9.0000;135.0000;0.0000;0.0000;0.0000;1;0;0;0;0;0;0;0.0000;0.0000;0.0000;0;0;0;0;0;232476
1730;0;0;0;0;0;0;159.0000;9.0000;135.0000;0.0000;0.0000;0.0000;1;0;0;0;0;0;0;0.0000;0.0000;0.0000;0;0;0;0;0;232476
1741;0;0;0;0;0;0;159.0000;9.0000;135.0000;0.0000;0.0000;0.0000;1;0;0;0;0;0;0;0.0000;0.0000;0.0000;0;0;0;0;0;232476
1758;0;0;0;0;0;0;159.0000;9.0000;135.0000;0.0000;0.0000;0.0000;1;0;0;0;0;0;0;0.0000;0.0000;0.0000;0;0;0;0;0;232476
1769;0;0;0;0;0;0;169.0000;143.0000;119.0000;0.0000;0.0000;0.0000;1;0;0;0;0;0;0;0.0000;0.0000;0.0000;0;0;0;0;0;232476
1779;0;0;0;0;0;0;169.0000;143.0000;119.0000;0.0000;0.0000;0.0000;1;0;0;0;0;0;0;0.0000;0.0000;0.0000;0;0;0;0;0;232476
1798;0;0;0;0;0;0;169.0000;143.0000;119.0000;0.0000;0.0000;0.0000;1;0;0;0;0;0;0;0.0000;0.0000;0.0000;0;0;0;0;0;232476
1808;0;0;0;0;0;0;169.0000;143.0000;119.0000;0.0000;0.0000;0.0000;1;0;0;0;0;0;0;0.0000;0.0000;0.0000;0;0;0;0;0;232476
1819;0;0;0;0;0;0;169.0000;143.0000;119.0000;0.0000;0.0000;0.0000;1;0;0;0;0;0;0;0.0000;0.0000;0.0000;0;0;0;0;0;232476
1830;0;0;0;0;0;0;169.0000;143.0000;119.0000;0.0000;0.0000;0.0000;1;0;0;0;0;0;0;0.0000;0.0000;0.0000;0;0;0;0;0;232476
1840;0;0;0;0;0;0;169.0000;143.0000;119.0000;0.0000;0.0000;0.0000;1;0;0;0;0;0;0;0.0000;0.0000;0.0000;0;0;0;0;0;232476
1851;0;0;0;0;0;0;169.0000;143.0000;119.0000;0.0000;0.0000;0.0000;1;0;0;0;0;0;0;0.0000;0.0000;0.0000;0;0;0;0;0;232476
1862;0;0;0;0;0;0;169.0000;143.0000;119.0000;0.0000;0.0000;0.0000;1;0;0;0;0;0;0;0.0000;0.0000;0.0000;0;0;0;0;0;232476
1873;0;0;0;0;0;0;169.0000;143.0000;119.0000;0.0000;0.0000;0.0000;1;0;0;0;0;0;0;0.0000;0.0000;0.0000;0;0;0;0;0;232476
1883;0;0;0;0;0;0;169.0000;143.0000;88.0000;0.0000;0.0000;0.0000;1;0;0;0;0;0;0;0.0000;0.0000;0.0000;0;0;0;0;0;232476
1894;0;0;0;0;0;0;169.0000;143.0000;88.0000;0.0000;0.0000;0.0000;1;0;0;0;0;0;0;0.0000;0.0000;0.0000;0;0;0;0;0;232476
1908;0;0;0;0;0;0;169.0000;143.0000;88.0000;0.0000;0.0000;0.0000;1;0;0;0;0;0;0;0.0000;0.0000;0.0000;0;0;0;0;0;232476
1918;0;0;0;0;0;0;169.0000;143.0000;88.0000;0.0000;0.0000;0.0000;1;0;0;0;0;0;0;0.0000;0.0000;0.0000;0;0;0;0;0;232476
1929;0;0;0;0;0;0;169.0000;143.0000;88.0000;0.0000;0.0000;0.0000;1;0;0;0;0;0;0;0.0000;0.0000;0.0000;0;0;0;0;0;232476
1940;0;0;0;0;0;0;169.0000;143.0000;88.0000;0.0000;0.0000;0.0000;1;0;0;0;0;0;0;0.0000;0.0000;0.0000;0;0;0;0;0;232476
1950;0;0;0;0;0;0;169.0000;143.0000;88.0000;0.0000;0.0000;0.0000;1;0;0;0;0;0;0;0.0000;0.0000;0.0000;0;0;0;0;0;232476
1972;0;0;0;0;0;0;169.0000;143.0000;88.0000;0.0000;0.0000;0.0000;1;0;0;0;0;0;0;0.0000;0.0000;0.0000;0;0;0;0;0;232476
1983;0;0;0;0;0;0;166.0000;143.0000;88.0000;0.0000;0.0000;0.0000;1;0;0;0;0;0;0;0.0000;0.0000;0.0000;0;0;0;0;0;232476
1993;0;0;0;0;0;0;166.0000;143.0000;129.0000;0.0000;0.0000;0.0000;1;0;0;0;0;0;0;0.0000;0.0000;0.0000;0;0;0;0;0;232476
2005;0;0;0;0;0;0;166.0000;143.0000;129.0000;0.0000;0.0000;0.0000;1;0;0;0;0;0;0;0.0000;0.0000;0.0000;0;0;0;0;0;232476
2016;0;0;0;0;0;0;166.0000;143.0000;129.0000;0.0000;0.0000;0.0000;1;0;0;0;0;0;0;0.0000;0.0000;0.0000;0;0;0;0;0;232476
2028;0;0;0;0;0;0;166.0000;143.0000;129.0000;0.0000;0.0000;0.0000;1;0;0;0;0;0;0;0.0000;0.0000;0.0000;0;0;0;0;0;232476
2038;0;0;0;0;0;0;166.0000;143.0000;129.0000;0.0000;0.0000;0.0000;1;0;0;0;0;0;0;0.0000;0.0000;0.0000;0;0;0;0;0;232476
2049;0;0;0;0;0;0;166.0000;143.0000;129.0000;0.0000;0.0000;0.0000;1;0;0;0;0;0;0;0.0000;0.0000;0.0000;0;0;0;0;0;232476
2060;0;0;0;0;0;0;166.0000;143.0000;129.0000;0.0000;0.0000;0.0000;1;0;0;0;0;0;0;0.0000;0.0000;0.0000;0;0;0;0;0;232476
2071;0;0;0;0;0;0;166.0000;143.0000;129.0000;0.0000;0.0000;0.0000;1;0;0;0;0;0;0;0.0000;0.0000;0.0000;0;0;0;0;0;232476
2089;0;0;0;0;0;0;139.0000;143.0000;129.0000;0.0000;0.0000;0.0000;1;0;0;0;0;0;0;0.0000;0.0000;0.0000;0;0;0;0;0;232476
2100;0;0;0;0;0;0;139.0000;76.0000;92.0000;0.0000;0.0000;0.0000;1;0;0;0;0;0;0;0.0000;0.0000;0.0000;0;0;0;0;0;232476
2118;0;0;0;0;0;0;139.0000;76.0000;92.0000;0.0000;0.0000;0.0000;1;0;0;0;0;0;0;0.0000;0.0000;0.0000;0;0;0;0;0;232476
2129;0;0;0;0;0;0;139.0000;76.0000;92.0000;0.0000;0.0000;0.0000;1;0;0;0;0;0;0;0.0000;0.0000;0.0000;0;0;0;0;0;232476
2140;0;0;0;0;0;0;139.0000;76.0000;92.0000;0.0000;0.0000;0.0000;1;0;0;0;0;0;0;0.0000;0.0000;0.0000;0;0;0;0;0;232476
2150;0;0;0;0;0;0;139.0000;76.0000;92.0000;0.0000;0.0000;0.0000;1;0;0;0;0;0;0;0.0000;0.0000;0.0000;0;0;0;0;0;232476
2162;0;0;0;0;0;0;139.0000;76.0000;92.0000;0.0000;0.0000;0.0000;1;0;0;0;0;0;0;0.0000;0.0000;0.0000;0;0;0;0;0;232476
2182;0;0;0;0;0;0;132.0000;184.0000;92.0000;0.0000;0.0000;0.0000;1;0;0;0;0;0;0;0.0000;0.0000;0.0000;0;0;0;0;0;232476
2198;0;0;0;0;0;0;132.0000;184.0000;108.0000;0.0000;0.0000;0.0000;1;0;0;0;0;0;0;0.0000;0.0000;0.0000;0;0;0;0;0;232476
2209;0;0;0;0;0;0;132.0000;184.0000;108.0000;0.0000;0.0000;0.0000;1;0;0;0;0;0;0;0.0000;0.0000;0.0000;0;0;0;0;0;232476
2223;0;0;0;0;0;0;132.0000;184.0000;108.0000;0.0000;0.0000;0.0000;1;0;0;0;0;0;0;0.0000;0.0000;0.0000;0;0;0;0;0;232448
2233;0;0;0;0;0;0;132.0000;184.0000;108.0000;100.0000;8.0000;69.0000;1;0;0;0;0;0;0;0.0000;0.0000;0.0000;0;0;0;0;0;232448
2244;0;0;0;0;0;0;132.0000;184.0000;108.0000;100.0000;8.0000;69.0000;1;0;0;0;0;0;0;0.0000;0.0000;0.0000;0;0;0;0;0;232448
2258;0;0;0;0;0;0;132.0000;184.0000;108.0000;100.0000;8.0000;69.0000;1;0;0;0;0;0;0;0.0000;0.0000;0.0000;0;0;0;0;0;232448
2268;0;0;0;0;0;0;132.0000;184.0000;108.0000;100.0000;8.0000;69.0000;1;0;0;0;0;0;0;0.0000;0.0000;0.0000;0;0;0;0;0;232448
2279;0;0;0;0;0;0;159.0000;157.0000;108.0000;100.0000;8.0000;69.0000;1;0;0;0;0;0;0;0.0000;0.0000;0.0000;0;0;0;0;0;232448
2293;0;0;0;0;0;0;159.0000;157.0000;108.0000;100.0000;8.0000;69.0000;1;0;0;0;0;0;0;0.0000;0.0000;0.0000;0;0;0;0;0;232448
2304;0;0;0;0;0;0;159.0000;157.0000;125.0000;100.0000;8.0000;69.0000;1;0;0;0;0;0;0;0.0000;0.0000;0.0000;0;0;0;0;0;232448
2314;0;0;0;0;0;0;159.0000;157.0000;125.0000;100.0000;8.0000;69.0000;1;0;0;0;0;0;0;0.0000;0.0000;0.0000;0;0;0;0;0;232448
2325;0;0;0;0;0;0;159.0000;157.0000;125.0000;100.0000;8.0000;69.0000;1;0;0;0;0;0;0;0.0000;0.0000;0.0000;0;0;0;0;0;232448
2335;0;0;0;0;0;0;159.0000;157.0000;125.0000;100.0000;8.0000;69.0000;1;0;0;0;0;0;0;0.0000;0.0000;0.0000;0;0;0;0;0;232460
2346;0;0;0;0;0;0;159.0000;157.0000;125.0000;100.0000;8.0000;69.0000;1;0;0;0;0;0;0;0.0000;0.0000;0.0000;0;0;0;0;0;232460
2357;0;0;0;0;0;0;159.0000;157.0000;125.0000;100.0000;8.0000;69.0000;1;0;0;0;0;0;0;0.0000;0.0000;0.0000;0;0;0;0;0;232460
2367;0;0;0;0;0;0;159.0000;157.0000;125.0000;100.0000;8.0000;69.0000;1;0;0;0;0;0;0;0.0000;0.0000;0.0000;0;0;0;0;0;232460
2378;0;0;0;0;0;0;129.0000;197.0000;125.0000;100.0000;8.0000;69.0000;1;0;0;0;0;0;0;0.0000;0.0000;0.0000;0;0;0;0;0;232460
2389;0;0;0;0;0;0;129.0000;197.0000;125.0000;100.0000;8.0000;69.0000;1;0;0;0;0;0;0;0.0000;0.0000;0.0000;0;0;0;0;0;232460
2400;0;0;0;0;0;0;129.0000;197.0000;129.0000;100.0000;8.0000;69.0000;1;0;0;0;0;0;0;0.0000;0.0000;0.0000;0;0;0;0;0;232460
2418;0;0;0;0;0;0;129.0000;197.0000;129.0000;100.0000;8.0000;69.0000;1;0;0;0;0;0;0;0.0000;0.0000;0.0000;0;0;0;0;0;232460
2428;0;0;0;0;0;0;129.0000;197.0000;129.0000;100.0000;8.0000;69.0000;1;0;0;0;0;0;0;0.0000;0.0000;0.0000;0;0;0;0;0;232460
2440;0;0;0;0;0;0;129.0000;197.0000;129.0000;100.0000;8.0000;69.0000;1;0;0;0;0;0;0;0.0000;0.0000;0.0000;0;0;0;0;0;232460
2450;0;0;0;0;0;0;129.0000;197.0000;129.0000;100.0000;8.0000;69.0000;1;0;0;0;0;0;0;0.0000;0.0000;0.0000;0;0;0;0;0;68620
2461;0;0;0;0;0;0;129.0000;197.0000;129.0000;100.0000;8.0000;69.0000;1;0;0;0;0;0;0;0.0000;0.0000;0.0000;0;0;0;0;0;67596
2472;0;0;0;0;0;0;129.0000;197.0000;129.0000;100.0000;8.0000;69.0000;1;0;0;0;0;0;0;0.0000;0.0000;0.0000;0;0;0;0;0;67596
2483;0;0;0;0;0;0;149.0000;197.0000;129.0000;100.0000;8.0000;69.0000;1;0;0;0;0;0;0;0.0000;0.0000;0.0000;0;0;0;0;0;67596
2495;0;0;0;0;0;0;149.0000;130.0000;108.0000;100.0000;8.0000;69.0000;1;0;0;0;0;0;0;0.0000;0.0000;0.0000;0;0;0;0;0;67596
2506;0;0;0;0;0;0;149.0000;130.0000;108.0000;100.0000;8.0000;69.0000;1;0;0;0;0;0;0;0.0000;0.0000;0.0000;0;0;0;0;0;67596
2516;0;0;0;0;0;0;149.0000;130.0000;108.0000;100.0000;8.0000;69.0000;1;0;0;0;0;0;0;0.0000;0.0000;0.0000;0;0;0;0;0;67596
2527;0;0;0;0;0;0;149.0000;130.0000;108.0000;100.0000;8.0000;69.0000;1;0;0;0;0;0;0;0.0000;0.0000;0.0000;0;0;0;0;0;67596
2538;0;0;0;0;0;0;149.0000;130.0000;108.0000;100.0000;8.0000;69.0000;1;0;0;0;0;0;0;0.0000;0.0000;0.0000;0;0;0;0;0;67596
2548;0;0;0;0;0;0;149.0000;130.0000;108.0000;100.0000;8.0000;69.0000;1;0;0;0;0;0;0;0.0000;0.0000;0.0000;0;0;0;0;0;67596
2559;0;0;0;0;0;0;149.0000;130.0000;108.0000;100.0000;8.0000;69.0000;1;0;0;0;0;0;0;0.0000;0.0000;0.0000;0;0;0;0;0;67612
2569;0;0;0;0;0;0;149.0000;130.0000;108.0000;100.0000;8.0000;69.0000;1;0;0;0;0;0;0;0.0000;0.0000;0.0000;0;0;0;0;0;67612
2580;0;0;0;0;0;0;152.0000;23.0000;108.0000;100.0000;8.0000;69.0000;1;0;0;0;0;0;0;0.0000;0.0000;0.0000;0;0;0;0;0;67612
2590;0;0;0;0;0;0;152.0000;23.0000;108.0000;100.0000;8.0000;69.0000;1;0;0;0;0;0;0;0.0000;0.0000;0.0000;0;0;0;0;0;67612
2601;0;0;0;0;0;0;152.0000;23.0000;129.0000;100.0000;8.0000;69.0000;1;0;0;0;0;0;0;0.0000;0.0000;0.0000;0;0;0;0;0;67612
2612;0;0;0;0;0;0;152.0000;23.0000;129.0000;100.0000;8.0000;69.0000;1;0;0;0;0;0;0;0.0000;0.0000;0.0000;0;0;0;0;0;67612
2680;0;0;0;0;0;0;166.0000;23.0000;129.0000;100.0000;8.0000;69.0000;1;0;0;0;0;0;0;0.0000;0.0000;0.0000;0;0;0;0;0;67612
2691;0;0;0;0;0;0;166.0000;197.0000;129.0000;100.0000;8.0000;69.0000;1;0;0;0;0;0;0;0.0000;0.0000;0.0000;0;0;0;0;0;67612
2701;0;0;0;0;0;0;166.0000;197.0000;119.0000;100.0000;8.0000;69.0000;1;0;0;0;0;0;0;0.0000;0.0000;0.0000;0;0;0;0;0;67612
2712;0;0;0;0;0;0;166.0000;197.0000;119.0000;100.0000;8.0000;69.0000;1;0;0;0;0;0;0;0.0000;0.0000;0.0000;0;0;0;0;0;67612
2723;0;0;0;0;0;0;166.0000;197.0000;119.0000;100.0000;8.0000;69.0000;1;0;0;0;0;0;0;0.0000;0.0000;0.0000;0;0;0;0;0;67612
2733;0;0;0;0;0;0;166.0000;197.0000;119.0000;100.0000;8.0000;69.0000;1;0;0;0;0;0;0;0.0000;0.0000;0.0000;0;0;0;0;0;67612
2748;0;0;0;0;0;0;166.0000;197.0000;119.0000;100.0000;8.0000;69.0000;1;0;0;0;0;0;0;0.0000;0.0000;0.0000;0;0;0;0;0;67612
2758;0;0;0;0;0;0;166.0000;197.0000;119.0000;100.0000;8.0000;69.0000;1;0;0;0;0;0;0;0.0000;0.0000;0.0000;0;0;0;0;0;67612
2769;0;0;0;0;0;0;166.0000;197.0000;119.0000;100.0000;8.0000;69.0000;1;0;0;0;0;0;0;0.0000;0.0000;0.0000;0;0;0;0;0;67608
2780;0;0;0;0;0;0;149.0000;197.0000;119.0000;100.0000;8.0000;69.0000;1;0;0;0;0;0;0;0.0000;0.0000;0.0000;0;0;0;0;0;67608
2791;0;0;0;0;0;0;149.0000;237.0000;119.0000;100.0000;8.0000;69.0000;1;0;0;0;0;0;0;0.0000;0.0000;0.0000;0;0;0;0;0;67608
2805;0;0;0;0;0;0;149.0000;237.0000;92.0000;100.0000;8.0000;69.0000;1;0;0;0;0;0;0;0.0000;0.0000;0.0000;0;0;0;0;0;67608
2816;0;0;0;0;0;0;149.0000;237.0000;92.0000;100.0000;8.0000;69.0000;1;0;0;0;0;0;0;0.0000;0.0000;0.0000;0;0;0;0;0;67608
2826;0;0;0;0;0;0;149.0000;237.0000;92.0000;100.0000;8.0000;69.0000;1;0;0;0;0;0;0;0.0000;0.0000;0.0000;0;0;0;0;0;67608
2837;0;0;0;0;0;0;149.0000;237.0000;92.0000;100.0000;8.0000;69.0000;1;0;0;0;0;0;0;0.0000;0.0000;0.0000;0;0;0;0;0;67608
2848;0;0;0;0;0;0;149.0000;237.0000;92.0000;100.0000;8.0000;69.0000;1;0;0;0;0;0;0;0.0000;0.0000;0.0000;0;0;0;0;0;67608
2858;0;0;0;0;0;0;149.0000;237.0000;92.0000;100.0000;8.0000;69.0000;1;0;0;0;0;0;0;0.0000;0.0000;0.0000;0;0;0;0;0;67608
2871;0;0;0;0;0;0;149.0000;237.0000;92.0000;100.0000;8.0000;69.0000;1;0;0;0;0;0;0;0.0000;0.0000;0.0000;0;0;0;0;0;67608
2884;0;0;0;0;0;0;149.0000;237.0000;92.0000;100.0000;8.0000;69.0000;1;0;0;0;0;0;0;0.0000;0.0000;0.0000;0;0;0;0;0;67600
2894;0;0;0;0;0;0;149.0000;197.0000;92.0000;100.0000;8.0000;69.0000;1;0;0;0;0;0;0;0.0000;0.0000;0.0000;0;0;0;0;0;67600
2905;0;0;0;0;0;0;149.0000;197.0000;129.0000;100.0000;8.0000;69.0000;1;0;0;0;0;0;0;0.0000;0.0000;0.0000;0;0;0;0;0;67600
2918;0;0;0;0;0;0;149.0000;197.0000;129.0000;100.0000;8.0000;69.0000;1;0;0;0;0;0;0;0.0000;0.0000;0.0000;0;0;0;0;0;67600
2928;0;0;0;0;0;0;149.0000;197.0000;129.0000;100.0000;8.0000;69.0000;1;0;0;0;0;0;0;0.0000;0.0000;0.0000;0;0;0;0;0;67600
2939;0;0;0;0;0;0;149.0000;197.0000;129.0000;100.0000;8.0000;69.0000;1;0;0;0;0;0;0;0.0000;0.0000;0.0000;0;0;0;0;0;67600
2958;0;0;0;0;0;0;149.0000;197.0000;129.0000;100.0000;8.0000;69.0000;1;0;0;0;0;0;0;0.0000;0.0000;0.0000;0;0;0;0;0;67600
2968;0;0;0;0;0;0;149.0000;197.0000;129.0000;100.0000;8.0000;69.0000;1;0;0;0;0;0;0;0.0000;0.0000;0.0000;0;0;0;0;0;67600
2979;0;0;0;0;0;0;149.0000;197.0000;129.0000;100.0000;8.0000;69.0000;1;0;0;0;0;0;0;0.0000;0.0000;0.0000;0;0;0;0;0;67600
2989;0;0;0;0;0;0;152.0000;197.0000;129.0000;100.0000;8.0000;69.0000;1;0;0;0;0;0;0;0.0000;0.0000;0.0000;0;0;0;0;0;67600
3000;0;0;0;0;0;0;152.0000;143.0000;132.0000;100.0000;8.0000;69.0000;1;0;0;0;0;0;0;0.0000;0.0000;0.0000;0;0;0;0;0;67584
3010;0;0;0;0;0;0;152.0000;143.0000;132.0000;100.0000;8.0000;69.0000;1;0;0;0;0;0;0;0.0000;0.0000;0.0000;0;0;0;0;0;67584
3021;0;0;0;0;0;0;152.0000;143.0000;132.0000;100.0000;8.0000;69.0000;1;0;0;0;0;0;0;0.0000;0.0000;0.0000;0;0;0;0;0;67584
3032;0;0;0;0;0;0;152.0000;143.0000;132.0000;100.0000;8.0000;69.0000;1;0;0;0;0;0;0;0.0000;0.0000;0.0000;0;0;0;0;0;67584
3042;0;0;0;0;0;0;152.0000;143.0000;132.0000;100.0000;8.0000;69.0000;1;0;0;0;0;0;0;0.0000;0.0000;0.0000;0;0;0;0;0;67584
3053;0;0;0;0;0;0;152.0000;143.0000;132.0000;100.0000;8.0000;69.0000;1;0;0;0;0;0;0;0.0000;0.0000;0.0000;0;0;0;0;0;67584
3063;0;0;0;0;0;0;152.0000;143.0000;132.0000;100.0000;8.0000;69.0000;1;0;0;0;0;0;0;0.0000;0.0000;0.0000;0;0;0;0;0;67584
3078;0;0;0;0;0;0;152.0000;143.0000;132.0000;100.0000;8.0000;69.0000;1;0;0;0;0;0;0;0.0000;0.0000;0.0000;0;0;0;0;0;67584
3089;0;0;0;0;0;0;166.0000;143.0000;132.0000;100.0000;8.0000;69.0000;1;0;0;0;0;0;0;0.0000;0.0000;0.0000;0;0;0;0;0;67584
3100;0;0;0;0;0;0;166.0000;184.0000;132.0000;100.0000;8.0000;69.0000;1;0;0;0;0;0;0;0.0000;0.0000;0.0000;0;0;0;0;0;67584
3110;0;0;0;0;0;0;166.0000;184.0000;88.0000;100.0000;8.0000;69.0000;1;0;0;0;0;0;0;0.0000;0.0000;0.0000;0;0;0;0;0;67584
3121;0;0;0;0;0;0;166.0000;184.0000;88.0000;100.0000;8.0000;69.0000;1;0;0;0;0;0;0;0.0000;0.0000;0.0000;0;0;0;0;0;67584
3138;0;0;0;0;0;0;166.0000;184.0000;88.0000;100.0000;8.0000;69.0000;1;0;0;0;0;0;0;0.0000;0.0000;0.0000;0;0;0;0;0;67584
3148;0;0;0;0;0;0;166.0000;184.0000;88.0000;100.0000;8.0000;69.0000;1;0;0;0;0;0;0;0.0000;0.0000;0.0000;0;0;0;0;0;67584
3159;0;0;0;0;0;0;166.0000;184.0000;88.0000;100.0000;8.0000;69.0000;1;0;0;0;0;0;0;0.0000;0.0000;0.0000;0;0;0;0;0;67584
3170;0;0;0;0;0;0;166.0000;184.0000;88.0000;100.0000;8.0000;69.0000;1;0;0;0;0;0;0;0.0000;0.0000;0.0000;0;0;0;0;0;67584
3180;0;0;0;0;0;0;166.0000;184.0000;88.0000;100.0000;8.0000;69.0000;1;0;0;0;0;0;0;0.0000;0.0000;0.0000;0;0;0;0;0;67584
3191;0;0;0;0;0;0;119.0000;184.0000;88.0000;100.0000;8.0000;69.0000;1;0;0;0;0;0;0;0.0000;0.0000;0.0000;0;0;0;0;0;67584
3202;0;0;0;0;0;0;119.0000;23.0000;132.0000;100.0000;8.0000;69.0000;1;0;0;0;0;0;0;0.0000;0.0000;0.0000;0;0;0;0;0;67584
3212;0;0;0;0;0;0;119.0000;23.0000;132.0000;100.0000;8.0000;69.0000;1;0;0;0;0;0;0;0.0000;0.0000;0.0000;0;0;0;0;0;67584
3223;0;0;0;0;0;0;119.0000;23.0000;132.0000;100.0000;8.0000;69.0000;1;0;0;0;0;0;0;0.0000;0.0000;92.0000;0;0;0;0;0;67584
3238;0;0;0;0;0;0;119.0000;23.0000;132.0000;100.0000;8.0000;69.0000;1;0;0;0;0;0;0;88.0000;-2391.0000;92.0000;0;0;0;0;0;67584
3249;0;0;0;0;0;0;119.0000;23.0000;132.0000;100.0000;8.0000;69.0000;1;0;0;0;0;0;0;88.0000;-2391.0000;92.0000;0;0;0;0;0;67584
3259;0;0;0;0;0;0;119.0000;23.0000;132.0000;100.0000;8.0000;69.0000;1;0;0;0;0;0;0;88.0000;-2391.0000;92.0000;0;0;0;0;0;67584
3270;0;0;0;0;0;0;119.0000;23.0000;132.0000;100.0000;8.0000;69.0000;1;0;0;0;0;0;0;88.0000;-2391.0000;92.0000;0;0;0;0;0;67584
3285;0;0;0;0;0;0;119.0000;23.0000;132.0000;100.0000;8.0000;69.0000;1;0;0;0;0;0;0;88.0000;-2391.0000;92.0000;0;0;0;0;0;67584
3295;0;0;0;0;0;0;139.0000;197.0000;132.0000;100.0000;8.0000;69.0000;1;0;0;0;0;0;0;88.0000;-2391.0000;92.0000;0;0;0;0;0;67584
3306;0;0;0;0;0;0;139.0000;197.0000;129.0000;100.0000;8.0000;69.0000;1;0;0;0;0;0;0;88.0000;-2391.0000;92.0000;0;315;0;0;0;67584
3319;0;0;0;0;0;0;139.0000;197.0000;129.0000;100.0000;8.0000;69.0000;1;0;0;0;0;0;0;88.0000;-2391.0000;92.0000;0;315;0;0;0;67588
3330;0;0;0;0;0;0;139.0000;197.0000;129.0000;100.0000;8.0000;69.0000;1;0;0;0;0;0;0;55.0000;-2391.0000;72.0000;0;315;0;0;0;67588
3341;0;0;0;0;0;0;139.0000;197.0000;129.0000;100.0000;8.0000;69.0000;1;0;0;0;0;0;0;55.0000;-2391.0000;72.0000;0;315;0;0;0;67588
3352;0;0;0;0;0;0;139.0000;197.0000;129.0000;100.0000;8.0000;69.0000;1;0;0;0;0;0;0;55.0000;-2391.0000;72.0000;0;315;0;0;0;67588
3368;0;0;0;0;0;0;139.0000;197.0000;129.0000;100.0000;8.0000;69.0000;1;0;0;0;0;0;0;55.0000;-2391.0000;72.0000;0;315;0;0;0;67588
3379;0;0;0;0;0;0;139.0000;197.0000;129.0000;100.0000;8.0000;69.0000;1;0;0;0;0;0;0;55.0000;-2391.0000;72.0000;0;315;0;0;0;67588
3390;0;0;0;0;0;0;139.0000;197.0000;129.0000;100.0000;8.0000;69.0000;1;0;0;0;0;0;0;55.0000;-2391.0000;72.0000;0;315;0;0;0;67588
3401;0;0;0;0;0;0;139.0000;211.0000;129.0000;100.0000;8.0000;69.0000;1;0;0;0;0;0;0;55.0000;-2391.0000;72.0000;0;315;0;0;0;67588
3412;0;0;0;0;0;0;139.0000;211.0000;119.0000;100.0000;8.0000;69.0000;1;0;0;0;0;0;0;55.0000;-2391.0000;72.0000;0;315;0;0;0;67588
3427;0;0;0;0;0;0;139.0000;211.0000;119.0000;100.0000;8.0000;69.0000;1;0;0;0;0;0;0;55.0000;-2391.0000;122.0000;0;315;0;0;0;2052
3439;0;0;0;0;0;0;139.0000;211.0000;119.0000;100.0000;8.0000;69.0000;1;0;0;0;0;0;0;55.0000;-2391.0000;122.0000;0;315;0;0;0;12
3449;0;0;0;0;0;0;139.0000;211.0000;119.0000;100.0000;8.0000;69.0000;1;0;0;0;0;0;0;55.0000;-2391.0000;122.0000;0;315;0;0;0;12
3460;0;0;0;0;0;0;139.0000;211.0000;119.0000;100.0000;8.0000;69.0000;1;0;0;0;0;0;0;55.0000;-2391.0000;122.0000;0;315;0;0;0;12
3473;0;0;0;0;0;0;139.0000;211.0000;119.0000;100.0000;8.0000;69.0000;1;0;0;0;0;0;0;55.0000;-2391.0000;122.0000;0;315;0;0;0;12
3485;0;0;0;0;0;0;139.0000;211.0000;119.0000;100.0000;8.0000;69.0000;1;0;0;0;0;0;0;55.0000;-2391.0000;122.0000;0;315;0;0;0;12
3495;0;0;0;0;0;0;159.0000;211.0000;119.0000;100.0000;8.0000;69.0000;1;0;0;0;0;0;0;55.0000;-2391.0000;122.0000;0;315;0;0;0;12
3506;0;0;0;0;0;0;159.0000;63.0000;119.0000;100.0000;8.0000;69.0000;1;0;0;0;0;0;0;55.0000;-2391.0000;122.0000;0;315;0;0;0;12
3518;0;0;0;0;0;0;159.0000;63.0000;105.0000;100.0000;8.0000;69.0000;1;0;0;0;0;0;0;55.0000;-2391.0000;122.0000;0;315;0;0;0;12
3528;0;0;0;0;0;0;159.0000;63.0000;105.0000;100.0000;8.0000;69.0000;1;0;0;0;0;0;0;51.0000;-2391.0000;119.0000;0;315;0;0;0;12
3540;0;0;0;0;0;0;159.0000;63.0000;105.0000;100.0000;8.0000;69.0000;1;0;0;0;0;0;0;51.0000;-2391.0000;119.0000;0;315;0;0;0;12
3551;0;0;0;0;0;0;159.0000;63.0000;105.0000;100.0000;8.0000;69.0000;1;0;0;0;0;0;0;51.0000;-2391.0000;119.0000;0;315;0;0;0;28
3561;0;0;0;0;0;0;159.0000;63.0000;105.0000;100.0000;8.0000;69.0000;1;0;0;0;0;0;0;51.0000;-2391.0000;119.0000;0;315;0;0;0;28
3578;0;0;0;0;0;0;159.0000;63.0000;105.0000;100.0000;8.0000;69.0000;1;0;0;0;0;0;0;51.0000;-2391.0000;119.0000;0;315;0;0;0;28
3588;0;0;0;0;0;0;159.0000;63.0000;105.0000;100.0000;8.0000;69.0000;1;0;0;0;0;0;0;51.0000;-2391.0000;119.0000;312;315;0;0;0;28
3599;0;0;0;0;0;0;169.0000;170.0000;105.0000;100.0000;8.0000;69.0000;1;0;0;0;0;0;0;51.0000;-2391.0000;119.0000;312;315;0;0;0;28
3610;0;0;0;0;0;0;169.0000;170.0000;85.0000;100.0000;8.0000;69.0000;1;0;0;0;0;0;0;51.0000;-2391.0000;119.0000;312;315;0;0;0;28
3624;0;0;0;0;0;0;169.0000;170.0000;85.0000;100.0000;8.0000;69.0000;1;0;0;0;0;0;0;51.0000;-2391.0000;119.0000;312;315;0;0;0;28
3635;0;0;0;0;0;0;169.0000;170.0000;85.0000;100.0000;8.0000;69.0000;1;0;0;0;0;0;0;51.0000;-2391.0000;119.0000;312;315;0;0;0;28
3646;0;0;0;0;0;0;169.0000;170.0000;85.0000;100.0000;8.0000;69.0000;1;0;0;0;0;0;0;78.0000;-2391.0000;98.0000;312;315;0;0;0;28
3657;0;0;0;0;0;0;169.0000;170.0000;85.0000;100.0000;8.0000;69.0000;1;0;0;0;0;0;0;78.0000;-2391.0000;98.0000;312;315;0;0;0;28
3668;0;0;0;0;0;0;169.0000;170.0000;85.0000;100.0000;8.0000;69.0000;1;0;0;0;0;0;0;78.0000;-2391.0000;98.0000;312;315;0;0;0;28
3679;0;0;0;0;0;0;169.0000;170.0000;85.0000;100.0000;8.0000;69.0000;1;0;0;0;0;0;0;78.0000;-2391.0000;98.0000;312;315;0;0;0;28
3689;0;0;0;0;0;0;169.0000;170.0000;85.0000;100.0000;8.0000;69.0000;1;0;0;0;0;0;0;78.0000;-2391.0000;98.0000;312;315;0;0;0;28
3700;0;0;0;0;0;0;155.0000;211.0000;85.0000;100.0000;8.0000;69.0000;1;0;0;0;0;0;0;78.0000;-2391.0000;98.0000;312;315;0;0;0;28
3711;0;0;0;0;0;0;155.0000;211.0000;122.0000;100.0000;8.0000;69.0000;1;0;0;0;0;0;0;78.0000;-2391.0000;98.0000;312;315;0;0;0;28
3722;0;0;0;0;0;0;155.0000;211.0000;122.0000;100.0000;8.0000;69.0000;1;0;0;0;0;0;0;78.0000;-2391.0000;102.0000;312;315;0;0;0;28
3738;0;0;0;0;0;0;155.0000;211.0000;122.0000;100.0000;8.0000;69.0000;1;0;0;0;0;0;0;82.0000;-2391.0000;102.0000;312;315;0;0;0;28
3748;0;0;0;0;0;0;155.0000;211.0000;122.0000;100.0000;8.0000;69.0000;1;0;0;0;0;0;0;82.0000;-2391.0000;102.0000;312;315;0;0;0;28
3759;0;0;0;0;0;0;155.0000;211.0000;122.0000;100.0000;8.0000;69.0000;1;0;0;0;0;0;0;82.0000;-2391.0000;102.0000;312;315;0;0;0;28
3769;0;0;0;0;0;0;155.0000;211.0000;122.0000;100.0000;8.0000;69.0000;1;0;0;0;0;0;0;82.0000;-2391.0000;102.0000;312;315;0;0;0;24
3780;0;0;0;0;0;0;155.0000;211.0000;122.0000;100.0000;8.0000;69.0000;1;0;0;0;0;0;0;82.0000;-2391.0000;102.0000;312;315;0;0;0;24
3791;0;0;0;0;0;0;155.0000;211.0000;122.0000;100.0000;8.0000;69.0000;1;0;0;0;0;0;0;82.0000;-2391.0000;102.0000;312;315;0;0;0;24
3801;0;0;0;0;0;0;129.0000;197.0000;122.0000;100.0000;8.0000;69.0000;1;0;0;0;0;0;0;82.0000;-2391.0000;102.0000;312;315;0;0;0;24
3812;0;0;0;0;0;0;129.0000;197.0000;139.0000;100.0000;8.0000;69.0000;1;0;0;0;0;0;0;82.0000;-2391.0000;102.0000;312;315;0;0;0;24
3823;0;0;0;0;0;0;129.0000;197.0000;139.0000;100.0000;8.0000;69.0000;1;0;0;0;0;0;0;82.0000;-2391.0000;102.0000;312;315;0;0;0;24
3838;0;0;0;0;0;0;129.0000;197.0000;139.0000;100.0000;8.0000;69.0000;1;0;0;0;0;0;0;75.0000;-2391.0000;102.0000;312;315;0;0;0;24
3848;0;0;0;0;0;0;129.0000;197.0000;139.0000;100.0000;8.0000;69.0000;1;0;0;0;0;0;0;75.0000;-2391.0000;102.0000;312;315;0;0;0;24
3859;0;0;0;0;0;0;129.0000;197.0000;139.0000;100.0000;8.0000;69.0000;1;0;0;0;0;0;0;75.0000;-2391.0000;102.0000;312;315;0;0;0;24
3870;0;0;0;0;0;0;129.0000;197.0000;139.0000;100.0000;8.0000;69.0000;1;0;0;0;0;0;0;75.0000;-2391.0000;102.0000;312;315;0;0;0;16
3880;0;0;0;0;0;0;129.0000;197.0000;139.0000;100.0000;8.0000;69.0000;1;0;0;0;0;0;0;75.0000;-2391.0000;102.0000;312;315;0;0;0;16
3891;0;0;0;0;0;0;129.0000;197.0000;139.0000;100.0000;8.0000;69.0000;1;0;0;0;0;0;0;75.0000;-2391.0000;102.0000;312;315;0;0;0;16
3902;0;0;0;0;0;0;139.0000;197.0000;139.0000;100.0000;8.0000;69.0000;1;0;0;0;0;0;0;75.0000;-2391.0000;102.0000;312;315;0;0;0;16
3914;0;0;0;0;0;0;139.0000;170.0000;139.0000;100.0000;8.0000;69.0000;1;0;0;0;0;0;0;75.0000;-2391.0000;102.0000;312;315;0;1;0;16
3925;0;0;0;0;0;0;139.0000;170.0000;142.0000;100.0000;8.0000;69.0000;1;0;0;0;0;0;0;75.0000;-2391.0000;135.0000;312;315;0;1;0;16
3936;0;0;0;0;0;0;139.0000;170.0000;142.0000;100.0000;8.0000;69.0000;1;0;0;0;0;0;0;112.0000;-2391.0000;135.0000;312;315;0;1;0;16
3947;0;0;0;0;0;0;139.0000;170.0000;142.0000;100.0000;8.0000;69.0000;1;0;0;0;0;0;0;112.0000;-2391.0000;135.0000;312;315;0;1;0;16
3958;0;0;0;0;0;0;139.0000;170.0000;142.0000;100.0000;8.0000;69.0000;1;0;0;0;0;0;0;112.0000;-2391.0000;135.0000;312;315;0;1;0;16
3969;0;0;0;0;0;0;139.0000;170.0000;142.0000;100.0000;8.0000;69.0000;1;0;0;0;0;0;0;112.0000;-2391.0000;135.0000;312;315;0;1;0;16
3979;0;0;0;0;0;0;139.0000;170.0000;142.0000;100.0000;8.0000;69.0000;1;0;0;0;0;0;0;112.0000;-2391.0000;135.0000;312;315;0;1;0;16
3990;0;0;0;0;0;0;139.0000;170.0000;142.0000;100.0000;8.0000;69.0000;1;0;0;0;0;0;0;112.0000;-2391.0000;135.0000;312;315;0;1;0;16
4001;0;0;0;0;0;0;139.0000;170.0000;142.0000;100.0000;8.0000;69.0000;1;0;0;0;0;0;0;112.0000;-2391.0000;135.0000;312;315;0;1;0;16
4011;0;0;0;0;0;0;139.0000;117.0000;135.0000;100.0000;8.0000;69.0000;1;0;0;0;0;0;0;112.0000;-2391.0000;135.0000;312;315;0;1;0;16
4022;0;0;0;0;0;0;139.0000;117.0000;135.0000;100.0000;8.0000;69.0000;1;0;0;0;0;0;0;112.0000;-2391.0000;135.0000;312;315;0;1;0;16
4032;0;0;0;0;0;0;139.0000;117.0000;135.0000;100.0000;8.0000;69.0000;1;0;0;0;0;0;0;102.0000;-2391.0000;78.0000;312;315;0;1;0;16
4044;0;0;0;0;0;0;139.0000;117.0000;135.0000;100.0000;8.0000;69.0000;1;0;0;0;0;0;0;102.0000;-2391.0000;78.0000;312;315;0;1;0;16
4054;0;0;0;0;0;0;139.0000;117.0000;135.0000;100.0000;8.0000;69.0000;1;0;0;0;0;0;0;102.0000;-2391.0000;78.0000;312;315;370;1;0;16
4068;0;0;0;0;0;0;139.0000;117.0000;135.0000;100.0000;8.0000;69.0000;1;0;0;0;0;0;0;102.0000;-2391.0000;78.0000;312;315;370;1;0;16
4079;0;0;0;0;0;0;139.0000;117.0000;135.0000;100.0000;8.0000;69.0000;1;0;0;0;0;0;0;102.0000;-2391.0000;78.0000;312;315;370;1;0;16
4090;0;0;0;0;0;0;139.0000;117.0000;135.0000;100.0000;8.0000;69.0000;1;0;0;0;0;0;0;102.0000;-2391.0000;78.0000;312;315;370;1;0;0
4101;0;0;0;0;0;0;139.0000;117.0000;135.0000;100.0000;8.0000;69.0000;1;0;0;0;0;0;0;102.0000;-2391.0000;78.0000;312;315;370;1;0;0
4113;0;0;0;0;0;0;129.0000;184.0000;135.0000;100.0000;8.0000;69.0000;1;0;0;0;0;0;0;102.0000;-2391.0000;78.0000;312;315;370;1;0;0
4123;0;0;0;0;0;0;129.0000;184.0000;135.0000;100.0000;8.0000;69.0000;1;0;0;0;0;0;0;102.0000;-2391.0000;78.0000;312;315;370;1;0;0
4135;0;0;0;0;0;0;129.0000;184.0000;135.0000;100.0000;8.0000;69.0000;1;0;0;0;0;0;0;112.0000;-2391.0000;72.0000;312;315;370;1;0;0
4146;0;0;0;0;0;0;129.0000;184.0000;135.0000;100.0000;8.0000;69.0000;1;0;0;0;0;0;0;112.0000;-2391.0000;72.0000;312;315;370;1;0;0
4157;0;0;0;0;0;0;129.0000;184.0000;135.0000;100.0000;8.0000;69.0000;1;0;0;0;0;0;0;112.0000;-2391.0000;72.0000;312;315;370;1;0;0
4168;0;0;0;0;0;0;129.0000;184.0000;135.0000;100.0000;8.0000;69.0000;1;0;0;0;0;0;0;112.0000;-2391.0000;72.0000;312;315;370;1;0;0
4179;0;0;0;0;0;0;129.0000;184.0000;135.0000;100.0000;8.0000;69.0000;1;0;0;0;0;0;0;112.0000;-2391.0000;72.0000;312;315;370;1;0;0
4190;0;0;0;0;0;0;129.0000;184.0000;135.0000;100.0000;8.0000;69.0000;1;0;0;0;0;0;0;112.0000;-2391.0000;72.0000;312;315;370;1;0;0
4200;0;0;0;0;0;0;129.0000;184.0000;135.0000;100.0000;8.0000;69.0000;1;0;0;0;0;0;0;112.0000;-2391.0000;72.0000;312;315;370;1;0;0
4213;0;0;0;0;0;0;145.0000;184.0000;135.0000;100.0000;8.0000;69.0000;1;0;0;0;0;0;0;112.0000;-2391.0000;72.0000;312;315;370;1;0;0
4223;0;0;0;0;0;0;145.0000;184.0000;132.0000;100.0000;8.0000;69.0000;1;0;0;0;0;0;0;112.0000;-2391.0000;72.0000;312;315;370;1;0;0
4234;0;0;0;0;0;0;145.0000;184.0000;132.0000;100.0000;8.0000;69.0000;1;0;0;0;0;0;0;58.0000;-2391.0000;129.0000;312;315;370;1;0;0
4245;0;0;0;0;0;0;145.0000;184.0000;132.0000;100.0000;8.0000;69.0000;1;0;0;0;0;0;0;58.0000;-2391.0000;129.0000;312;315;370;1;0;0
4255;0;0;0;0;0;0;145.0000;184.0000;132.0000;100.0000;8.0000;69.0000;1;0;0;0;0;0;0;58.0000;-2391.0000;129.0000;312;315;370;1;0;0
4268;0;0;0;0;0;0;145.0000;184.0000;132.0000;100.0000;8.0000;69.0000;1;0;0;0;0;0;0;58.0000;-2391.0000;129.0000;312;315;370;1;0;0
4284;0;0;0;0;0;0;145.0000;184.0000;132.0000;100.0000;8.0000;69.0000;1;0;0;0;0;0;0;58.0000;-2391.0000;129.0000;312;315;370;1;0;0
4295;0;0;0;0;0;0;145.0000;184.0000;132.0000;100.0000;8.0000;69.0000;1;0;0;0;0;0;0;58.0000;-2391.0000;129.0000;312;315;370;1;0;0
4306;0;0;0;0;0;0;162.0000;184.0000;132.0000;100.0000;8.0000;69.0000;1;0;0;0;0;0;0;58.0000;-2391.0000;129.0000;312;315;370;1;0;4
4317;0;0;0;0;0;0;162.0000;197.0000;132.0000;100.0000;8.0000;69.0000;1;0;0;0;0;0;0;58.0000;-2391.0000;129.0000;312;315;370;1;0;4
4328;0;0;0;0;0;0;162.0000;197.0000;139.0000;100.0000;8.0000;69.0000;1;0;0;0;0;0;0;58.0000;-2391.0000;129.0000;312;315;370;1;0;4
4338;0;0;0;0;0;0;162.0000;197.0000;139.0000;100.0000;8.0000;69.0000;1;0;0;0;0;0;0;105.0000;-2391.0000;75.0000;312;315;370;1;0;4
4349;0;0;0;0;0;0;162.0000;197.0000;139.0000;100.0000;8.0000;69.0000;1;0;0;0;0;0;0;105.0000;-2391.0000;75.0000;312;315;370;1;0;4
4360;0;0;0;0;0;0;162.0000;197.0000;139.0000;100.0000;8.0000;69.0000;1;0;0;0;0;0;0;105.0000;-2391.0000;75.0000;312;315;370;1;0;4
4370;0;0;0;0;0;0;162.0000;197.0000;139.0000;100.0000;8.0000;69.0000;1;0;0;0;0;0;0;105.0000;-2391.0000;75.0000;312;315;370;1;0;4
4381;0;0;0;0;0;0;162.0000;197.0000;139.0000;100.0000;8.0000;69.0000;1;0;0;0;0;0;0;105.0000;-2391.0000;75.0000;312;315;370;1;0;4
4392;0;0;0;0;0;0;162.0000;197.0000;139.0000;100.0000;8.0000;69.0000;1;0;0;0;0;0;0;105.0000;-2391.0000;75.0000;312;315;370;1;0;4
4403;0;0;0;0;0;0;162.0000;197.0000;139.0000;100.0000;8.0000;69.0000;1;0;0;0;0;0;0;105.0000;-2391.0000;75.0000;312;315;370;1;0;12
4414;0;0;0;0;0;0;155.0000;197.0000;139.0000;100.0000;8.0000;69.0000;1;0;0;0;0;0;0;105.0000;-2391.0000;75.0000;312;315;370;1;0;12
4427;0;0;0;0;0;0;155.0000;-17.0000;135.0000;100.0000;8.0000;69.0000;1;0;0;0;0;0;0;105.0000;-2391.0000;75.0000;312;315;370;1;0;12
4438;0;0;0;0;0;0;155.0000;-17.0000;135.0000;100.0000;8.0000;69.0000;1;0;0;0;0;0;0;108.0000;-2391.0000;129.0000;312;315;370;1;0;12
4448;0;0;0;0;0;0;155.0000;-17.0000;135.0000;100.0000;8.0000;69.0000;1;0;0;0;0;0;0;108.0000;-2391.0000;129.0000;312;315;370;1;0;12
4466;0;0;0;0;0;0;155.0000;-17.0000;135.0000;100.0000;8.0000;69.0000;1;0;0;0;0;0;0;108.0000;-2391.0000;129.0000;312;315;370;1;0;12
4477;0;0;0;0;0;0;155.0000;-17.0000;135.0000;100.0000;8.0000;69.0000;1;0;0;0;0;0;0;108.0000;-2391.0000;129.0000;312;315;370;1;0;12
4490;0;0;0;0;0;0;155.0000;-17.0000;135.0000;100.0000;8.0000;69.0000;1;0;0;0;0;0;0;108.0000;-2391.0000;129.0000;312;315;370;1;0;12
4500;0;0;0;0;0;0;155.0000;-17.0000;135.0000;100.0000;8.0000;69.0000;1;0;0;0;0;0;0;108.0000;-2391.0000;129.0000;312;315;370;1;0;12
4511;0;0;0;0;0;0;125.0000;-17.0000;135.0000;100.0000;8.0000;69.0000;1;0;0;0;0;0;0;108.0000;-2391.0000;129.0000;312;315;370;1;0;12
4522;0;0;0;0;0;0;125.0000;130.0000;122.0000;100.0000;8.0000;69.0000;1;0;0;0;0;0;0;108.0000;-2391.0000;129.0000;312;315;370;1;0;28
4533;0;0;0;0;0;0;125.0000;130.0000;122.0000;100.0000;8.0000;69.0000;1;0;0;0;0;0;0;108.0000;-2391.0000;135.0000;312;315;370;1;0;28
4544;0;0;0;0;0;0;125.0000;130.0000;122.0000;100.0000;8.0000;69.0000;1;0;0;0;0;0;0;65.0000;-2391.0000;135.0000;312;315;370;1;0;28
4554;0;0;0;0;0;0;125.0000;130.0000;122.0000;100.0000;8.0000;69.0000;1;0;0;0;0;0;0;65.0000;-2391.0000;135.0000;312;315;370;1;0;28
4565;0;0;0;0;0;0;125.0000;130.0000;122.0000;100.0000;8.0000;69.0000;1;0;0;0;0;0;0;65.0000;-2391.0000;135.0000;312;315;370;1;0;28
4576;0;0;0;0;0;0;125.0000;130.0000;122.0000;100.0000;8.0000;69.0000;1;0;0;0;0;0;0;65.0000;-2391.0000;135.0000;312;315;370;1;0;28
4586;0;0;0;0;0;0;125.0000;130.0000;122.0000;100.0000;8.0000;69.0000;1;0;0;0;0;0;0;65.0000;-2391.0000;135.0000;312;315;370;1;0;28
4598;0;0;0;0;0;0;125.0000;130.0000;122.0000;100.0000;8.0000;69.0000;1;0;0;0;0;0;0;65.0000;-2391.0000;135.0000;312;315;370;1;0;28
4612;0;0;0;0;0;0;155.0000;130.0000;122.0000;100.0000;8.0000;69.0000;1;0;0;0;0;0;0;65.0000;-2391.0000;135.0000;312;315;370;1;0;28
4631;0;0;0;0;0;0;155.0000;184.0000;122.0000;100.0000;8.0000;69.0000;1;0;0;0;0;0;0;65.0000;-2391.0000;135.0000;312;315;370;1;0;28
4643;0;0;0;0;0;0;155.0000;184.0000;85.0000;100.0000;8.0000;69.0000;1;0;0;0;0;0;0;65.0000;-2391.0000;115.0000;312;315;370;1;0;28
4654;0;0;0;0;0;0;155.0000;184.0000;85.0000;100.0000;8.0000;69.0000;1;0;0;0;0;0;0;95.0000;-2391.0000;115.0000;312;315;370;1;0;28
4665;0;0;0;0;0;0;155.0000;184.0000;85.0000;100.0000;8.0000;69.0000;1;0;0;0;0;0;0;95.0000;-2391.0000;115.0000;312;315;370;1;0;28
4676;0;0;0;0;0;0;155.0000;184.0000;85.0000;100.0000;8.0000;69.0000;1;0;0;0;0;0;0;95.0000;-2391.0000;115.0000;312;315;370;1;0;28
4688;0;0;0;0;0;0;155.0000;184.0000;85.0000;100.0000;8.0000;69.0000;1;0;0;0;0;0;0;95.0000;-2391.0000;115.0000;312;315;370;1;0;28
4701;0;0;0;0;0;0;155.0000;184.0000;85.0000;100.0000;8.0000;69.0000;1;0;0;0;0;0;0;95.0000;-2391.0000;115.0000;312;315;370;1;0;28
4711;0;0;0;0;0;0;155.0000;184.0000;85.0000;100.0000;8.0000;69.0000;1;0;0;0;0;0;0;95.0000;-2391.0000;115.0000;312;315;370;1;0;28
4722;0;0;0;0;0;0;159.0000;184.0000;85.0000;100.0000;8.0000;69.0000;1;0;0;0;0;0;0;95.0000;-2391.0000;115.0000;312;315;370;1;0;28
4733;0;0;0;0;0;0;159.0000;170.0000;85.0000;100.0000;8.0000;69.0000;1;0;0;0;0;0;0;95.0000;-2391.0000;75.0000;312;315;370;1;0;28
4745;0;0;0;0;0;0;159.0000;170.0000;95.0000;100.0000;8.0000;69.0000;1;0;0;0;0;0;0;98.0000;-2391.0000;75.0000;312;315;370;1;0;28
4756;0;0;0;0;0;0;159.0000;170.0000;95.0000;100.0000;8.0000;69.0000;1;0;0;0;0;0;0;98.0000;-2391.0000;75.0000;312;315;370;1;0;28
4773;0;0;0;0;0;0;159.0000;170.0000;95.0000;100.0000;8.0000;69.0000;1;0;0;0;0;0;0;98.0000;-2391.0000;75.0000;312;315;370;1;0;28
4784;0;0;0;0;0;0;159.0000;170.0000;95.0000;100.0000;8.0000;69.0000;1;0;0;0;0;0;0;98.0000;-2391.0000;75.0000;312;315;370;1;0;28
4795;0;0;0;0;0;0;159.0000;170.0000;95.0000;100.0000;8.0000;69.0000;1;0;0;0;0;0;0;98.0000;-2391.0000;75.0000;312;315;370;1;0;28
4806;0;0;0;0;0;0;159.0000;170.0000;95.0000;100.0000;8.0000;69.0000;1;0;0;0;0;0;0;98.0000;-2391.0000;75.0000;312;315;370;1;0;28
4817;0;0;0;0;0;0;129.0000;170.0000;95.0000;100.0000;8.0000;69.0000;1;0;0;0;0;0;0;98.0000;-2391.0000;75.0000;312;315;370;1;0;28
4828;0;0;0;0;0;0;129.0000;117.0000;95.0000;100.0000;8.0000;69.0000;1;0;0;0;0;0;0;98.0000;-2391.0000;75.0000;312;315;370;1;0;28
4839;0;0;0;0;0;0;129.0000;117.0000;119.0000;100.0000;8.0000;69.0000;1;0;0;0;0;0;0;68.0000;-2391.0000;125.0000;312;315;370;1;0;28
4858;0;0;0;0;0;0;129.0000;117.0000;119.0000;100.0000;8.0000;69.0000;1;0;0;0;0;0;0;68.0000;-2391.0000;125.0000;312;315;370;1;0;28
4869;0;0;0;0;0;0;129.0000;117.0000;119.0000;100.0000;8.0000;69.0000;1;0;0;0;0;0;0;68.0000;-2391.0000;125.0000;312;315;370;1;0;28
4879;0;0;0;0;0;0;129.0000;117.0000;119.0000;100.0000;8.0000;69.0000;1;0;0;0;0;0;0;68.0000;-2391.0000;125.0000;312;315;370;1;0;28
4891;0;0;0;0;0;0;129.0000;117.0000;119.0000;100.0000;8.0000;69.0000;1;0;0;0;0;0;0;68.0000;-2391.0000;125.0000;312;315;370;1;0;28
4906;0;0;0;0;0;0;129.0000;117.0000;119.0000;100.0000;8.0000;69.0000;1;0;0;0;0;0;0;68.0000;-2391.0000;125.0000;312;315;370;1;0;28
4916;0;0;0;0;0;0;129.0000;103.0000;119.0000;100.0000;8.0000;69.0000;1;0;0;0;0;0;0;68.0000;-2391.0000;125.0000;312;315;370;1;0;28
4927;0;0;0;0;0;0;129.0000;103.0000;119.0000;100.0000;8.0000;69.0000;1;0;0;0;0;0;0;68.0000;-2391.0000;125.0000;312;315;370;1;0;28
4939;0;0;0;0;0;0;129.0000;103.0000;119.0000;100.0000;8.0000;69.0000;1;0;0;0;0;0;0;68.0000;-2391.0000;125.0000;312;315;370;1;0;28
4954;0;0;0;0;0;0;129.0000;103.0000;112.0000;100.0000;8.0000;69.0000;1;0;0;0;0;0;0;88.0000;-2391.0000;135.0000;312;315;370;1;0;28
4975;0;0;0;0;0;0;129.0000;103.0000;112.0000;100.0000;8.0000;69.0000;1;0;0;0;0;0;0;88.0000;-2391.0000;135.0000;312;315;370;1;0;28
4986;0;0;0;0;0;0;129.0000;103.0000;112.0000;100.0000;8.0000;69.0000;1;0;0;0;0;0;0;88.0000;-2391.0000;135.0000;312;315;370;1;0;28
4997;0;0;0;0;0;0;129.0000;103.0000;112.0000;100.0000;8.0000;69.0000;1;0;0;0;0;0;0;88.0000;-2391.0000;135.0000;312;315;370;1;0;28
5008;0;0;0;0;0;0;129.0000;103.0000;112.0000;100.0000;8.0000;69.0000;1;0;0;0;0;0;0;88.0000;-2391.0000;135.0000;312;315;370;1;0;28
5019;0;0;0;0;0;0;119.0000;103.0000;112.0000;100.0000;8.0000;69.0000;1;0;0;0;0;0;0;88.0000;-2391.0000;135.0000;312;315;370;1;0;28
5035;0;0;0;0;0;0;119.0000;170.0000;112.0000;100.0000;8.0000;69.0000;1;0;0;0;0;0;0;88.0000;-2391.0000;65.0000;312;315;370;1;0;28
5048;0;0;0;0;0;0;119.0000;170.0000;88.0000;100.0000;8.0000;69.0000;1;0;0;0;0;0;0;108.0000;-2391.0000;65.0000;312;315;370;1;0;28
5059;0;0;0;0;0;0;119.0000;170.0000;88.0000;100.0000;8.0000;69.0000;1;0;0;0;0;0;0;108.0000;-2391.0000;65.0000;312;315;370;1;0;28
5070;0;0;0;0;0;0;119.0000;170.0000;88.0000;100.0000;8.0000;69.0000;1;0;0;0;0;0;0;108.0000;-2391.0000;65.0000;312;315;370;1;0;28
5081;0;0;0;0;0;0;119.0000;170.0000;88.0000;100.0000;8.0000;69.0000;1;0;0;0;0;0;0;108.0000;-2391.0000;65.0000;312;315;370;1;0;0
5092;0;0;0;0;0;0;119.0000;170.0000;88.0000;100.0000;8.0000;69.0000;1;0;0;0;0;0;0;108.0000;-2391.0000;65.0000;312;315;370;1;0;0
5108;0;0;0;0;0;0;119.0000;170.0000;88.0000;100.0000;8.0000;69.0000;1;0;0;0;0;0;0;108.0000;-2391.0000;65.0000;312;315;370;1;0;0
5118;0;0;0;0;0;0;119.0000;170.0000;88.0000;100.0000;8.0000;69.0000;1;0;0;0;0;0;0;108.0000;-2391.0000;65.0000;312;315;370;1;0;0
5129;0;0;0;0;0;0;152.0000;63.0000;88.0000;100.0000;8.0000;69.0000;1;0;0;0;0;0;0;108.0000;-2391.0000;65.0000;312;315;370;1;0;0
5140;0;0;0;0;0;0;152.0000;63.0000;125.0000;100.0000;8.0000;69.0000;1;0;0;0;0;0;0;92.0000;-2391.0000;125.0000;312;315;370;1;0;0
5150;0;0;0;0;0;0;152.0000;63.0000;125.0000;100.0000;8.0000;69.0000;1;0;0;0;0;0;0;92.0000;-2391.0000;125.0000;312;315;370;1;0;0
5163;0;0;0;0;0;0;152.0000;63.0000;125.0000;100.0000;8.0000;69.0000;1;0;0;0;0;0;0;92.0000;-2391.0000;125.0000;312;315;370;1;0;0
5174;0;0;0;0;0;0;152.0000;63.0000;125.0000;100.0000;8.0000;69.0000;1;0;0;0;0;0;0;92.0000;-2391.0000;125.0000;312;315;370;1;0;0
5185;0;0;0;0;0;0;152.0000;63.0000;125.0000;100.0000;8.0000;69.0000;1;0;0;0;0;0;0;92.0000;-2391.0000;125.0000;312;315;370;1;0;0
5196;0;0;0;0;0;0;152.0000;63.0000;125.0000;100.0000;8.0000;69.0000;1;0;0;0;0;0;0;92.0000;-2391.0000;125.0000;312;315;367;1;0;0
5206;0;0;0;0;0;0;152.0000;63.0000;125.0000;100.0000;8.0000;69.0000;1;0;0;0;0;0;0;92.0000;-2391.0000;125.0000;312;315;367;1;0;0
5217;0;0;0;0;0;0;139.0000;63.0000;125.0000;100.0000;8.0000;69.0000;1;0;0;0;0;0;0;92.0000;-2391.0000;125.0000;312;315;367;1;0;0
5228;0;0;0;0;0;0;139.0000;184.0000;125.0000;100.0000;8.0000;69.0000;1;0;0;0;0;0;0;92.0000;-2391.0000;125.0000;312;315;367;1;0;0
5238;0;0;0;0;0;0;139.0000;184.0000;92.0000;100.0000;8.0000;69.0000;1;0;0;0;0;0;0;92.0000;-2391.0000;82.0000;312;315;367;1;0;0
5251;0;0;0;0;0;0;139.0000;184.0000;92.0000;100.0000;8.0000;69.0000;1;0;0;0;0;0;0;98.0000;-2391.0000;82.0000;312;315;367;1;0;0
5262;0;0;0;0;0;0;139.0000;184.0000;92.0000;100.0000;9.0000;69.0000;1;0;0;0;0;0;0;98.0000;-2391.0000;82.0000;312;315;367;1;0;0
5272;0;0;0;0;0;0;139.0000;184.0000;92.0000;100.0000;9.0000;69.0000;1;0;0;0;0;0;0;98.0000;-2391.0000;82.0000;312;315;367;1;0;0
5283;0;0;0;0;0;0;139.0000;184.0000;92.0000;100.0000;9.0000;69.0000;1;0;0;0;0;0;0;98.0000;-2391.0000;82.0000;312;315;367;1;0;0
5294;0;0;0;0;0;0;139.0000;184.0000;92.0000;100.0000;9.0000;69.0000;1;0;0;0;0;0;0;98.0000;-2391.0000;82.0000;312;315;367;1;0;4
5306;0;0;0;0;0;0;139.0000;184.0000;92.0000;100.0000;9.0000;69.0000;1;0;0;0;0;0;0;98.0000;-2391.0000;82.0000;312;315;367;1;0;4
5318;0;0;0;0;0;0;166.0000;184.0000;92.0000;100.0000;9.0000;69.0000;1;0;0;0;0;0;0;98.0000;-2391.0000;82.0000;312;315;367;1;0;4
5330;0;0;0;0;0;0;166.0000;197.0000;92.0000;100.0000;9.0000;69.0000;1;0;0;0;0;0;0;98.0000;-2391.0000;82.0000;312;315;367;1;0;4
5341;0;0;0;0;0;0;166.0000;197.0000;92.0000;100.0000;9.0000;69.0000;1;0;0;0;0;0;0;51.0000;-2391.0000;122.0000;312;315;367;1;0;4
5352;0;0;0;0;0;0;166.0000;197.0000;88.0000;100.0000;9.0000;69.0000;1;0;0;0;0;0;0;51.0000;-2391.0000;122.0000;312;315;367;1;0;4
5362;0;0;0;0;0;0;166.0000;197.0000;88.0000;100.0000;9.0000;69.0000;1;0;0;0;0;0;0;51.0000;-2391.0000;122.0000;312;315;367;1;0;4
5378;0;0;0;0;0;0;166.0000;197.0000;88.0000;100.0000;9.0000;69.0000;1;0;0;0;0;0;0;51.0000;-2391.0000;122.0000;312;315;367;1;0;4
5388;0;0;0;0;0;0;166.0000;197.0000;88.0000;100.0000;9.0000;69.0000;1;0;0;0;0;0;0;51.0000;-2391.0000;122.0000;312;315;367;1;0;4
5399;0;0;0;0;0;0;166.0000;197.0000;88.0000;100.0000;9.0000;69.0000;1;0;0;0;0;0;0;51.0000;-2391.0000;122.0000;312;315;367;1;0;4
5409;0;0;0;0;0;0;166.0000;197.0000;88.0000;100.0000;9.0000;69.0000;1;0;0;0;0;0;0;51.0000;-2391.0000;122.0000;312;315;367;1;0;14
5420;0;0;0;0;0;0;166.0000;197.0000;88.0000;100.0000;9.0000;69.0000;1;0;0;0;0;0;0;51.0000;-2391.0000;122.0000;312;315;367;1;0;14
5438;0;0;0;0;0;0;112.0000;197.0000;88.0000;100.0000;9.0000;69.0000;1;0;0;0;0;0;0;51.0000;-2391.0000;122.0000;312;315;367;1;0;14
5455;0;0;0;0;0;0;112.0000;211.0000;95.0000;100.0000;9.0000;69.0000;1;0;0;0;0;0;0;105.0000;-2391.0000;75.0000;312;315;367;1;0;14
5466;0;0;0;0;0;0;112.0000;211.0000;95.0000;100.0000;9.0000;69.0000;1;0;0;0;0;0;0;105.0000;-2391.0000;75.0000;312;315;367;1;0;14
5476;0;0;0;0;0;0;112.0000;211.0000;95.0000;100.0000;9.0000;69.0000;1;0;0;0;0;0;0;105.0000;-2391.0000;75.0000;312;315;367;1;0;14
5487;0;0;0;0;0;0;112.0000;211.0000;95.0000;100.0000;9.0000;69.0000;1;0;0;0;0;0;0;105.0000;-2391.0000;75.0000;312;315;367;1;0;14
5498;0;0;0;0;0;0;112.0000;211.0000;95.0000;100.0000;9.0000;69.0000;1;0;0;0;0;0;0;105.0000;-2391.0000;75.0000;312;315;367;1;0;14
5514;0;0;0;0;0;0;112.0000;211.0000;95.0000;100.0000;9.0000;69.0000;1;0;0;0;0;0;0;105.0000;-2391.0000;75.0000;312;315;367;1;0;30
5528;0;0;0;0;0;0;155.0000;211.0000;95.0000;100.0000;9.0000;69.0000;1;0;0;0;0;0;0;105.0000;-2391.0000;75.0000;312;315;367;1;0;30
5538;0;0;0;0;0;0;155.0000;-3.0000;95.0000;100.0000;9.0000;69.0000;1;0;0;0;0;0;0;105.0000;-2391.0000;139.0000;312;315;367;1;0;30
5549;0;0;0;0;0;0;155.0000;-3.0000;92.0000;100.0000;9.0000;69.0000;1;0;0;0;0;0;0;51.0000;-2391.0000;139.0000;312;315;367;1;0;30
5560;0;0;0;0;0;0;155.0000;-3.0000;92.0000;100.0000;9.0000;69.0000;1;0;0;0;0;0;0;51.0000;-2391.0000;139.0000;312;315;367;1;0;30
5577;0;0;0;0;0;0;155.0000;-3.0000;92.0000;100.0000;9.0000;69.0000;1;0;0;0;0;0;0;51.0000;-2391.0000;139.0000;312;315;367;1;0;30
5588;0;0;0;0;0;0;155.0000;-3.0000;92.0000;100.0000;9.0000;69.0000;1;0;0;0;0;0;0;51.0000;-2391.0000;139.0000;312;315;367;1;0;30
5599;0;0;0;0;0;0;155.0000;-3.0000;92.0000;100.0000;9.0000;69.0000;1;0;0;0;0;0;0;51.0000;-2391.0000;139.0000;312;315;367;1;0;30
5610;0;0;0;0;0;0;155.0000;-3.0000;92.0000;100.0000;9.0000;69.0000;1;0;0;0;0;0;0;51.0000;-2391.0000;139.0000;312;315;367;1;0;30
5621;0;0;0;0;0;0;155.0000;-3.0000;92.0000;100.0000;9.0000;69.0000;1;0;0;0;0;0;0;51.0000;-2391.0000;139.0000;312;315;367;1;0;30
5633;0;0;0;0;0;0;166.0000;-3.0000;92.0000;100.0000;9.0000;69.0000;1;0;0;0;0;0;0;51.0000;-2391.0000;139.0000;312;315;367;1;0;30
5645;0;0;0;0;0;0;166.0000;76.0000;92.0000;100.0000;9.0000;69.0000;1;0;0;0;0;0;0;61.0000;-2391.0000;68.0000;312;315;367;1;0;30
5656;0;0;0;0;0;0;166.0000;76.0000;135.0000;100.0000;9.0000;69.0000;1;0;0;0;0;0;0;61.0000;-2391.0000;68.0000;312;315;367;1;0;30
5667;0;0;0;0;0;0;166.0000;76.0000;135.0000;100.0000;9.0000;69.0000;1;0;0;0;0;0;0;61.0000;-2391.0000;68.0000;312;315;367;1;0;30
5677;0;0;0;0;0;0;166.0000;76.0000;135.0000;100.0000;9.0000;69.0000;1;0;0;0;0;0;0;61.0000;-2391.0000;68.0000;312;315;367;1;0;30
5688;0;0;0;0;0;0;166.0000;76.0000;135.0000;100.0000;9.0000;69.0000;1;0;0;0;0;0;0;61.0000;-2391.0000;68.0000;312;315;367;1;0;30
5699;0;0;0;0;0;0;166.0000;76.0000;135.0000;100.0000;9.0000;69.0000;1;0;0;0;0;0;0;61.0000;-2391.0000;68.0000;312;315;367;1;0;30
5709;0;0;0;0;0;0;166.0000;76.0000;135.0000;100.0000;9.0000;69.0000;1;0;0;0;0;0;0;61.0000;-2391.0000;68.0000;312;315;367;1;0;30
5720;0;0;0;0;0;0;166.0000;76.0000;135.0000;100.0000;9.0000;69.0000;1;0;0;0;0;0;0;61.0000;-2391.0000;68.0000;312;315;367;1;0;30
5732;0;0;0;0;0;0;135.0000;76.0000;135.0000;100.0000;9.0000;69.0000;1;0;0;0;0;0;0;61.0000;-2391.0000;68.0000;312;315;367;1;0;30
5744;0;0;0;0;0;0;135.0000;76.0000;135.0000;100.0000;9.0000;69.0000;1;0;0;0;0;0;0;68.0000;-2391.0000;78.0000;312;315;367;1;0;30
5758;0;0;0;0;0;0;135.0000;143.0000;92.0000;100.0000;9.0000;69.0000;1;0;0;0;0;0;0;68.0000;-2391.0000;78.0000;312;315;367;1;0;30
5769;0;0;0;0;0;0;135.0000;143.0000;92.0000;100.0000;9.0000;69.0000;1;0;0;0;0;0;0;68.0000;-2391.0000;78.0000;312;315;367;1;0;30
5779;0;0;0;0;0;0;135.0000;143.0000;92.0000;100.0000;9.0000;69.0000;1;0;0;0;0;0;0;68.0000;-2391.0000;78.0000;312;315;367;1;0;30
5793;0;0;0;0;0;0;135.0000;143.0000;92.0000;100.0000;9.0000;69.0000;1;0;0;0;0;0;0;68.0000;-2391.0000;78.0000;312;315;367;1;0;30
5803;0;0;0;0;0;0;135.0000;143.0000;92.0000;100.0000;9.0000;69.0000;1;0;0;0;0;0;0;68.0000;-2391.0000;78.0000;312;315;367;1;0;30
5814;0;0;0;0;0;0;135.0000;143.0000;92.0000;100.0000;9.0000;69.0000;1;0;0;0;0;0;0;68.0000;-2391.0000;78.0000;312;315;367;1;0;30
5828;0;0;0;0;0;0;135.0000;143.0000;92.0000;100.0000;9.0000;69.0000;1;0;0;0;0;0;0;68.0000;-2391.0000;78.0000;312;315;367;1;0;30
5839;0;0;0;0;0;0;112.0000;143.0000;92.0000;100.0000;9.0000;69.0000;1;0;0;0;0;0;0;68.0000;-2391.0000;78.0000;312;315;367;1;0;30
5850;0;0;0;0;0;0;112.0000;197.0000;92.0000;100.0000;9.0000;69.0000;1;0;0;0;0;0;0;115.0000;-2391.0000;78.0000;312;315;367;1;0;30
5861;0;0;0;0;0;0;112.0000;197.0000;92.0000;100.0000;9.0000;69.0000;1;0;0;0;0;0;0;115.0000;-2391.0000;78.0000;312;315;367;1;0;30
5872;0;0;0;0;0;0;112.0000;197.0000;129.0000;100.0000;9.0000;69.0000;1;0;0;0;0;0;0;115.0000;-2391.0000;78.0000;312;315;367;1;0;30
5882;0;0;0;0;0;0;112.0000;197.0000;129.0000;100.0000;9.0000;69.0000;1;0;0;0;0;0;0;115.0000;-2391.0000;78.0000;312;315;367;1;0;30
5893;0;0;0;0;0;0;112.0000;197.0000;129.0000;100.0000;9.0000;69.0000;1;0;0;0;0;0;0;115.0000;-2391.0000;78.0000;312;315;367;1;0;30
5904;0;0;0;0;0;0;112.0000;197.0000;129.0000;100.0000;9.0000;69.0000;1;0;0;0;0;0;0;115.0000;-2391.0000;78.0000;312;315;367;1;0;30
5915;0;0;0;0;0;0;112.0000;197.0000;129.0000;100.0000;9.0000;69.0000;1;0;0;0;0;0;0;115.0000;-2391.0000;78.0000;312;315;367;1;0;30
5926;0;0;0;0;0;0;172.0000;197.0000;129.0000;100.0000;9.0000;69.0000;1;0;0;0;0;0;0;115.0000;-2391.0000;78.0000;312;315;367;1;0;30
5937;0;0;0;0;0;0;172.0000;197.0000;129.0000;100.0000;9.0000;69.0000;1;0;0;0;0;0;0;65.0000;-2391.0000;125.0000;312;315;367;1;0;30
5947;0;0;0;0;0;0;172.0000;197.0000;129.0000;100.0000;9.0000;69.0000;1;0;0;0;0;0;0;65.0000;-2391.0000;125.0000;312;315;367;1;0;30
5959;0;0;0;0;0;0;172.0000;197.0000;129.0000;100.0000;9.0000;69.0000;1;0;0;0;0;0;0;65.0000;-2391.0000;125.0000;312;315;367;1;0;30
5969;0;0;0;0;0;0;172.0000;197.0000;92.0000;100.0000;9.0000;69.0000;1;0;0;0;0;0;0;65.0000;-2391.0000;125.0000;312;315;367;1;0;30
5988;0;0;0;0;0;0;172.0000;197.0000;92.0000;100.0000;9.0000;69.0000;1;0;0;0;0;0;0;65.0000;-2391.0000;125.0000;312;315;367;1;0;30
5998;0;0;0;0;0;0;172.0000;197.0000;92.0000;100.0000;9.0000;69.0000;1;0;0;0;0;0;0;65.0000;-2391.0000;125.0000;312;315;367;1;0;30
6009;0;0;0;0;0;0;172.0000;197.0000;92.0000;100.0000;9.0000;69.0000;1;0;0;0;0;0;0;65.0000;-2391.0000;125.0000;312;315;367;1;0;30
6019;0;0;0;0;0;0;172.0000;197.0000;92.0000;100.0000;9.0000;69.0000;1;0;0;0;0;0;0;65.0000;-2391.0000;125.0000;312;315;367;1;0;30
6032;0;0;0;0;0;0;152.0000;197.0000;92.0000;100.0000;9.0000;69.0000;1;0;0;0;0;0;0;65.0000;-2391.0000;125.0000;312;315;367;1;0;30
6043;0;0;0;0;0;0;152.0000;197.0000;92.0000;100.0000;9.0000;69.0000;1;0;0;0;0;0;0;112.0000;-2391.0000;88.0000;312;315;367;1;0;30
6053;0;0;0;0;0;0;152.0000;184.0000;92.0000;100.0000;9.0000;69.0000;1;0;0;0;0;0;0;112.0000;-2391.0000;88.0000;312;315;367;1;0;30
6064;0;0;0;0;0;0;152.0000;184.0000;95.0000;100.0000;9.0000;69.0000;1;0;0;0;0;0;0;112.0000;-2391.0000;88.0000;312;315;367;1;0;30
6076;0;0;0;0;0;0;152.0000;184.0000;95.0000;100.0000;9.0000;69.0000;1;0;0;0;0;0;0;112.0000;-2391.0000;88.0000;312;315;367;1;0;24
6087;0;0;0;0;0;0;152.0000;184.0000;95.0000;100.0000;9.0000;69.0000;1;0;0;0;0;0;0;112.0000;-2391.0000;88.0000;312;315;367;1;0;0
6098;0;0;0;0;0;0;152.0000;184.0000;95.0000;100.0000;9.0000;69.0000;1;0;0;0;0;0;0;112.0000;-2391.0000;88.0000;312;315;367;1;0;0
6109;0;0;0;0;0;0;152.0000;184.0000;95.0000;100.0000;9.0000;69.0000;1;0;0;0;0;0;0;112.0000;-2391.0000;88.0000;312;315;367;1;0;0
6119;0;0;0;0;0;0;152.0000;184.0000;95.0000;100.0000;9.0000;69.0000;1;0;0;0;0;0;0;112.0000;-2391.0000;88.0000;312;315;367;1;0;0
6134;0;0;0;0;0;0;115.0000;184.0000;95.0000;100.0000;9.0000;69.0000;1;0;0;0;0;0;0;112.0000;-2391.0000;88.0000;312;315;367;1;0;0
6145;0;0;0;0;0;0;115.0000;184.0000;95.0000;100.0000;9.0000;69.0000;1;0;0;0;0;0;0;55.0000;-2391.0000;125.0000;312;315;367;1;0;0
6156;0;0;0;0;0;0;115.0000;130.0000;95.0000;100.0000;9.0000;69.0000;1;0;0;0;0;0;0;55.0000;-2391.0000;125.0000;312;315;367;1;0;0
6166;0;0;0;0;0;0;115.0000;130.0000;95.0000;100.0000;9.0000;69.0000;1;0;0;0;0;0;0;55.0000;-2391.0000;125.0000;312;315;367;1;0;0
6177;0;0;0;0;0;0;115.0000;130.0000;98.0000;100.0000;9.0000;69.0000;1;0;0;0;0;0;0;55.0000;-2391.0000;125.0000;312;315;367;1;0;0
6190;0;0;0;0;0;0;115.0000;130.0000;98.0000;100.0000;9.0000;69.0000;1;0;0;0;0;0;0;55.0000;-2391.0000;125.0000;312;315;367;1;0;0
6200;0;0;0;0;0;0;115.0000;130.0000;98.0000;100.0000;9.0000;69.0000;1;0;0;0;0;0;0;55.0000;-2391.0000;125.0000;312;315;367;1;0;0
6210;0;0;0;0;0;0;115.0000;130.0000;98.0000;100.0000;9.0000;69.0000;1;0;0;0;0;0;0;55.0000;-2391.0000;125.0000;312;315;367;1;0;0
6221;0;0;0;0;0;0;115.0000;130.0000;98.0000;100.0000;9.0000;69.0000;1;0;0;0;0;0;0;55.0000;-2391.0000;125.0000;312;315;367;1;0;0
6232;0;0;0;0;0;0;155.0000;130.0000;98.0000;100.0000;9.0000;69.0000;1;0;0;0;0;0;0;55.0000;-2391.0000;125.0000;312;315;370;1;0;0
6243;0;0;0;0;0;0;155.0000;130.0000;98.0000;100.0000;9.0000;69.0000;1;0;0;0;0;0;0;55.0000;-2391.0000;98.0000;312;315;370;1;0;0
6253;0;0;0;0;0;0;155.0000;130.0000;98.0000;72.0000;7.0000;70.0000;1;0;0;0;0;0;0;55.0000;-2391.0000;98.0000;312;315;370;1;0;0
6264;0;0;0;0;0;0;155.0000;-3.0000;98.0000;72.0000;7.0000;70.0000;1;0;0;0;0;0;0;55.0000;-2391.0000;98.0000;312;315;370;1;0;0
6275;0;0;0;0;0;0;155.0000;-3.0000;129.0000;72.0000;7.0000;70.0000;1;0;0;0;0;0;0;55.0000;-2391.0000;98.0000;312;315;370;1;0;0
6286;0;0;0;0;0;0;155.0000;-3.0000;129.0000;72.0000;7.0000;70.0000;1;0;0;0;0;0;0;55.0000;-2391.0000;98.0000;312;315;370;1;0;0
6297;0;0;0;0;0;0;155.0000;-3.0000;129.0000;72.0000;7.0000;70.0000;1;0;0;0;0;0;0;55.0000;-2391.0000;98.0000;312;315;370;1;0;0
6307;0;0;0;0;0;0;155.0000;-3.0000;129.0000;72.0000;7.0000;70.0000;1;0;0;0;0;0;0;55.0000;-2391.0000;98.0000;312;315;370;1;0;4
6318;0;0;0;0;0;0;155.0000;-3.0000;129.0000;72.0000;7.0000;70.0000;1;0;0;0;0;0;0;55.0000;-2391.0000;98.0000;312;315;370;1;0;4
6329;0;0;0;0;0;0;155.0000;-3.0000;129.0000;72.0000;7.0000;70.0000;1;0;0;0;0;0;0;55.0000;-2391.0000;98.0000;312;315;370;1;0;4
6339;0;0;0;0;0;0;155.0000;-3.0000;129.0000;72.0000;7.0000;70.0000;1;0;0;0;0;0;0;55.0000;-2391.0000;102.0000;312;315;370;1;0;4
6350;0;0;0;0;0;0;155.0000;-3.0000;129.0000;72.0000;7.0000;70.0000;1;0;0;0;0;0;0;55.0000;-2391.0000;102.0000;312;315;370;1;0;4
6360;0;0;0;0;0;0;155.0000;117.0000;129.0000;72.0000;7.0000;70.0000;1;0;0;0;0;0;0;55.0000;-2391.0000;102.0000;312;315;370;1;0;4
6371;0;0;0;0;0;0;155.0000;117.0000;129.0000;72.0000;7.0000;70.0000;1;0;0;0;0;0;0;55.0000;-2391.0000;102.0000;312;315;370;1;0;4
6383;0;0;0;0;0;0;155.0000;117.0000;135.0000;72.0000;7.0000;70.0000;1;0;0;0;0;0;0;55.0000;-2391.0000;102.0000;312;315;370;1;0;4
6394;0;0;0;0;0;0;155.0000;117.0000;135.0000;72.0000;7.0000;70.0000;1;0;0;0;0;0;0;55.0000;-2391.0000;102.0000;312;315;370;1;0;4
6408;0;0;0;0;0;0;155.0000;117.0000;135.0000;72.0000;7.0000;70.0000;1;0;0;0;0;0;0;55.0000;-2391.0000;102.0000;312;315;370;1;0;12
6418;0;0;0;0;0;0;155.0000;117.0000;135.0000;72.0000;7.0000;70.0000;1;0;0;0;0;0;0;55.0000;-2391.0000;102.0000;312;315;370;1;0;12
6429;0;0;0;0;0;0;155.0000;117.0000;135.0000;72.0000;7.0000;70.0000;1;0;0;0;0;0;0;55.0000;-2391.0000;102.0000;312;315;370;1;0;12
6440;0;0;0;0;0;0;112.0000;117.0000;135.0000;72.0000;7.0000;70.0000;1;0;0;0;0;0;0;55.0000;-2391.0000;139.0000;312;315;370;1;0;12
6458;0;0;0;0;0;0;112.0000;117.0000;135.0000;72.0000;7.0000;70.0000;1;0;0;0;0;0;0;92.0000;-2391.0000;139.0000;312;315;370;1;0;12
6469;0;0;0;0;0;0;112.0000;130.0000;135.0000;72.0000;7.0000;70.0000;1;0;0;0;0;0;0;92.0000;-2391.0000;139.0000;312;315;370;1;0;12
6480;0;0;0;0;0;0;112.0000;130.0000;95.0000;72.0000;7.0000;70.0000;1;0;0;0;0;0;0;92.0000;-2391.0000;139.0000;312;315;370;1;0;12
6490;0;0;0;0;0;0;112.0000;130.0000;95.0000;72.0000;7.0000;70.0000;1;0;0;0;0;0;0;92.0000;-2391.0000;139.0000;312;315;370;1;0;12
6501;0;0;0;0;0;0;112.0000;130.0000;95.0000;72.0000;7.0000;70.0000;1;0;0;0;0;0;0;92.0000;-2391.0000;139.0000;312;315;370;1;0;12
6511;0;0;0;0;0;0;112.0000;130.0000;95.0000;72.0000;7.0000;70.0000;1;0;0;0;0;0;0;92.0000;-2391.0000;139.0000;312;315;370;1;0;12
6522;0;0;0;0;0;0;112.0000;130.0000;95.0000;72.0000;7.0000;70.0000;1;0;0;0;0;0;0;92.0000;-2391.0000;139.0000;312;315;370;1;0;28
6532;0;0;0;0;0;0;112.0000;130.0000;95.0000;72.0000;7.0000;70.0000;1;0;0;0;0;0;0;92.0000;-2391.0000;139.0000;312;315;370;1;0;28
6543;0;0;0;0;0;0;166.0000;130.0000;95.0000;72.0000;7.0000;70.0000;1;0;0;0;0;0;0;45.0000;-2391.0000;95.0000;312;315;370;1;0;28
6554;0;0;0;0;0;0;166.0000;49.0000;95.0000;72.0000;7.0000;70.0000;1;0;0;0;0;0;0;45.0000;-2391.0000;95.0000;312;315;370;1;0;28
6565;0;0;0;0;0;0;166.0000;49.0000;95.0000;72.0000;7.0000;70.0000;1;0;0;0;0;0;0;45.0000;-2391.0000;95.0000;312;315;370;1;0;28
6577;0;0;0;0;0;0;166.0000;49.0000;112.0000;72.0000;7.0000;70.0000;1;0;0;0;0;0;0;45.0000;-2391.0000;95.0000;312;315;370;1;0;28
6588;0;0;0;0;0;0;166.0000;49.0000;112.0000;72.0000;7.0000;70.0000;1;0;0;0;0;0;0;45.0000;-2391.0000;95.0000;312;315;370;1;0;28
6607;0;0;0;0;0;0;166.0000;49.0000;112.0000;72.0000;7.0000;70.0000;1;0;0;0;0;0;0;45.0000;-2391.0000;95.0000;312;315;370;1;0;28
6618;0;0;0;0;0;0;166.0000;49.0000;112.0000;72.0000;7.0000;70.0000;1;0;0;0;0;0;0;45.0000;-2391.0000;95.0000;312;315;370;1;0;28
6628;0;0;0;0;0;0;166.0000;49.0000;112.0000;72.0000;7.0000;70.0000;1;0;0;0;0;0;0;45.0000;-2391.0000;95.0000;312;315;370;1;0;28
6639;0;0;0;0;0;0;166.0000;49.0000;112.0000;72.0000;7.0000;70.0000;1;0;0;0;0;0;0;45.0000;-2391.0000;95.0000;312;315;370;1;0;28
6649;0;0;0;0;0;0;162.0000;49.0000;112.0000;72.0000;7.0000;70.0000;1;0;0;0;0;0;0;78.0000;-2391.0000;132.0000;312;315;370;1;0;28
6660;0;0;0;0;0;0;162.0000;157.0000;112.0000;72.0000;7.0000;70.0000;1;0;0;0;0;0;0;78.0000;-2391.0000;132.0000;312;315;370;1;0;28
6670;0;0;0;0;0;0;162.0000;157.0000;88.0000;72.0000;7.0000;70.0000;1;0;0;0;0;0;0;78.0000;-2391.0000;132.0000;312;315;370;1;0;28
6681;0;0;0;0;0;0;162.0000;157.0000;88.0000;72.0000;7.0000;70.0000;1;0;0;0;0;0;0;78.0000;-2391.0000;132.0000;312;315;370;1;0;28
6691;0;0;0;0;0;0;162.0000;157.0000;88.0000;72.0000;7.0000;70.0000;1;0;0;0;0;0;0;78.0000;-2391.0000;132.0000;312;315;370;1;0;28
6708;0;0;0;0;0;0;162.0000;157.0000;88.0000;72.0000;7.0000;70.0000;1;0;0;0;0;0;0;78.0000;-2391.0000;132.0000;312;315;370;1;0;28
6720;0;0;0;0;0;0;162.0000;157.0000;88.0000;72.0000;7.0000;70.0000;1;0;0;0;0;0;0;78.0000;-2391.0000;132.0000;312;315;370;1;0;28
6730;0;0;0;0;0;0;162.0000;157.0000;88.0000;72.0000;7.0000;70.0000;1;0;0;0;0;0;0;78.0000;-2391.0000;132.0000;312;315;370;1;0;28
6741;0;0;0;0;0;0;162.0000;157.0000;88.0000;72.0000;7.0000;70.0000;1;0;0;0;0;0;0;78.0000;-2391.0000;75.0000;312;315;370;1;0;28
6751;0;0;0;0;0;0;145.0000;157.0000;88.0000;72.0000;7.0000;70.0000;1;0;0;0;0;0;0;51.0000;-2391.0000;75.0000;312;315;370;1;0;28
6766;0;0;0;0;0;0;145.0000;36.0000;88.0000;72.0000;7.0000;70.0000;1;0;0;0;0;0;0;51.0000;-2391.0000;75.0000;312;315;370;1;0;28
6777;0;0;0;0;0;0;145.0000;36.0000;139.0000;72.0000;7.0000;70.0000;1;0;0;0;0;0;0;51.0000;-2391.0000;75.0000;312;315;370;1;0;28
6787;0;0;0;0;0;0;145.0000;36.0000;139.0000;72.0000;7.0000;70.0000;1;0;0;0;0;0;0;51.0000;-2391.0000;75.0000;312;315;370;1;0;28
6798;0;0;0;0;0;0;145.0000;36.0000;139.0000;72.0000;7.0000;70.0000;1;0;0;0;0;0;0;51.0000;-2391.0000;75.0000;312;315;370;1;0;28
6808;0;0;0;0;0;0;145.0000;36.0000;139.0000;72.0000;7.0000;70.0000;1;0;0;0;0;0;0;51.0000;-2391.0000;75.0000;312;315;370;1;0;28
6819;0;0;0;0;0;0;145.0000;36.0000;139.0000;72.0000;7.0000;70.0000;1;0;0;0;0;0;0;51.0000;-2391.0000;75.0000;312;315;370;1;0;28
6830;0;0;0;0;0;0;145.0000;36.0000;139.0000;72.0000;7.0000;70.0000;1;0;0;0;0;0;0;51.0000;-2391.0000;75.0000;312;315;370;1;0;28
6841;0;0;0;0;0;0;145.0000;36.0000;139.0000;72.0000;7.0000;70.0000;1;0;0;0;0;0;0;51.0000;-2391.0000;125.0000;312;315;370;1;0;28
6851;0;0;0;0;0;0;125.0000;36.0000;139.0000;72.0000;7.0000;70.0000;1;0;0;0;0;0;0;45.0000;-2391.0000;125.0000;312;315;370;1;0;28
6862;0;0;0;0;0;0;125.0000;9.0000;139.0000;72.0000;7.0000;70.0000;1;0;0;0;0;0;0;45.0000;-2391.0000;125.0000;312;315;370;1;0;28
6872;0;0;0;0;0;0;125.0000;9.0000;135.0000;72.0000;7.0000;70.0000;1;0;0;0;0;0;0;45.0000;-2391.0000;125.0000;312;315;370;1;0;28
6883;0;0;0;0;0;0;125.0000;9.0000;135.0000;72.0000;7.0000;70.0000;1;0;0;0;0;0;0;45.0000;-2391.0000;125.0000;312;315;370;1;0;28
6893;0;0;0;0;0;0;125.0000;9.0000;135.0000;72.0000;7.0000;70.0000;1;0;0;0;0;0;0;45.0000;-2391.0000;125.0000;312;315;370;1;0;28
6904;0;0;0;0;0;0;125.0000;9.0000;135.0000;72.0000;7.0000;70.0000;1;0;0;0;0;0;0;45.0000;-2391.0000;125.0000;312;315;370;1;0;28
6915;0;0;0;0;0;0;125.0000;9.0000;135.0000;72.0000;7.0000;70.0000;1;0;0;0;0;0;0;45.0000;-2391.0000;125.0000;312;315;370;1;0;28
6925;0;0;0;0;0;0;125.0000;9.0000;135.0000;72.0000;7.0000;70.0000;1;0;0;0;0;0;0;45.0000;-2391.0000;125.0000;312;315;370;1;0;28
6937;0;0;0;0;0;0;125.0000;9.0000;135.0000;72.0000;7.0000;70.0000;1;0;0;0;0;0;0;45.0000;-2391.0000;125.0000;312;315;370;1;0;28
6947;0;0;0;0;0;0;152.0000;9.0000;135.0000;72.0000;7.0000;70.0000;1;0;0;0;0;0;0;72.0000;-2391.0000;82.0000;312;315;370;1;0;28
6958;0;0;0;0;0;0;152.0000;23.0000;135.0000;72.0000;7.0000;70.0000;1;0;0;0;0;0;0;72.0000;-2391.0000;82.0000;312;315;370;1;0;28
6968;0;0;0;0;0;0;152.0000;23.0000;135.0000;72.0000;7.0000;70.0000;1;0;0;0;0;0;0;72.0000;-2391.0000;82.0000;312;315;370;1;0;28
6979;0;0;0;0;0;0;152.0000;23.0000;132.0000;72.0000;7.0000;70.0000;1;0;0;0;0;0;0;72.0000;-2391.0000;82.0000;312;315;370;1;0;28
6990;0;0;0;0;0;0;152.0000;23.0000;132.0000;72.0000;7.0000;70.0000;1;0;0;0;0;0;0;72.0000;-2391.0000;82.0000;312;315;370;1;0;28
7001;0;0;0;0;0;0;152.0000;23.0000;132.0000;72.0000;7.0000;70.0000;1;0;0;0;0;0;0;72.0000;-2391.0000;82.0000;312;315;370;1;0;28
7011;0;0;0;0;0;0;152.0000;23.0000;132.0000;72.0000;7.0000;70.0000;1;0;0;0;0;0;0;72.0000;-2391.0000;82.0000;312;315;370;1;0;28
7022;0;0;0;0;0;0;152.0000;23.0000;132.0000;72.0000;7.0000;70.0000;1;0;0;0;0;0;0;72.0000;-2391.0000;82.0000;312;315;370;1;0;28
7032;0;0;0;0;0;0;152.0000;23.0000;132.0000;72.0000;7.0000;70.0000;1;0;0;0;0;0;0;72.0000;-2391.0000;82.0000;312;315;370;1;0;28
7044;0;0;0;0;0;0;152.0000;23.0000;132.0000;72.0000;7.0000;70.0000;1;0;0;0;0;0;0;72.0000;-2391.0000;115.0000;312;315;370;1;0;16
7055;0;0;0;0;0;0;135.0000;23.0000;132.0000;72.0000;7.0000;70.0000;1;0;0;0;0;0;0;85.0000;-2391.0000;115.0000;312;315;370;1;0;0
7065;0;0;0;0;0;0;135.0000;197.0000;132.0000;72.0000;7.0000;70.0000;1;0;0;0;0;0;0;85.0000;-2391.0000;115.0000;312;315;370;1;0;0
7076;0;0;0;0;0;0;135.0000;197.0000;125.0000;72.0000;7.0000;70.0000;1;0;0;0;0;0;0;85.0000;-2391.0000;115.0000;312;315;370;1;0;0
7086;0;0;0;0;0;0;135.0000;197.0000;125.0000;72.0000;7.0000;70.0000;1;0;0;0;0;0;0;85.0000;-2391.0000;115.0000;312;315;370;1;0;0
7096;0;0;0;0;0;0;135.0000;197.0000;125.0000;72.0000;7.0000;70.0000;1;0;0;0;0;0;0;85.0000;-2391.0000;115.0000;312;315;370;1;0;0
7107;0;0;0;0;0;0;135.0000;197.0000;125.0000;72.0000;7.0000;70.0000;1;0;0;0;0;0;0;85.0000;-2391.0000;115.0000;312;315;370;1;0;0
7117;0;0;0;0;0;0;135.0000;197.0000;125.0000;72.0000;7.0000;70.0000;1;0;0;0;0;0;0;85.0000;-2391.0000;115.0000;312;315;370;1;0;0
7127;0;0;0;0;0;0;135.0000;197.0000;125.0000;72.0000;7.0000;70.0000;1;0;0;0;0;0;0;85.0000;-2391.0000;115.0000;312;315;370;1;0;0
7138;0;0;0;0;0;0;135.0000;197.0000;125.0000;72.0000;7.0000;70.0000;1;0;0;0;0;0;0;85.0000;-2391.0000;115.0000;312;315;370;1;0;0
7149;0;0;0;0;0;0;159.0000;197.0000;125.0000;72.0000;7.0000;70.0000;1;0;0;0;0;0;0;51.0000;-2391.0000;75.0000;312;315;370;1;0;0
7159;0;0;0;0;0;0;159.0000;23.0000;125.0000;72.0000;7.0000;70.0000;1;0;0;0;0;0;0;51.0000;-2391.0000;75.0000;312;315;370;1;0;0
7170;0;0;0;0;0;0;159.0000;23.0000;125.0000;72.0000;7.0000;70.0000;1;0;0;0;0;0;0;51.0000;-2391.0000;75.0000;312;315;370;1;0;0
7180;0;0;0;0;0;0;159.0000;23.0000;129.0000;72.0000;7.0000;70.0000;1;0;0;0;0;0;0;51.0000;-2391.0000;75.0000;312;315;370;1;0;0
7191;0;0;0;0;0;0;159.0000;23.0000;129.0000;72.0000;7.0000;70.0000;1;0;0;0;0;0;0;51.0000;-2391.0000;75.0000;312;315;370;1;0;0
7201;0;0;0;0;0;0;159.0000;23.0000;129.0000;72.0000;7.0000;70.0000;1;0;0;0;0;0;0;51.0000;-2391.0000;75.0000;312;315;370;1;0;0
7212;0;0;0;0;0;0;159.0000;23.0000;129.0000;72.0000;7.0000;70.0000;1;0;0;0;0;0;0;51.0000;-2391.0000;75.0000;312;315;370;1;0;0
7222;0;0;0;0;0;0;159.0000;23.0000;129.0000;72.0000;7.0000;70.0000;1;0;0;0;0;0;0;51.0000;-2391.0000;75.0000;312;315;370;1;0;0
7232;0;0;0;0;0;0;159.0000;23.0000;129.0000;72.0000;7.0000;70.0000;1;0;0;0;0;0;0;51.0000;-2391.0000;75.0000;312;315;370;1;0;0
7242;0;0;0;0;0;0;159.0000;23.0000;129.0000;72.0000;7.0000;70.0000;1;0;0;0;0;0;0;51.0000;-2391.0000;75.0000;312;315;370;1;0;0
7253;0;0;0;0;0;0;135.0000;23.0000;129.0000;72.0000;7.0000;70.0000;1;0;0;0;0;0;0;115.0000;-2391.0000;85.0000;312;315;370;1;0;0
7264;0;0;0;0;0;0;135.0000;23.0000;129.0000;22.0000;7.0000;70.0000;1;0;0;0;0;0;0;115.0000;-2391.0000;85.0000;312;315;370;1;0;4
7275;0;0;0;0;0;0;135.0000;49.0000;129.0000;22.0000;7.0000;70.0000;1;0;0;0;0;0;0;115.0000;-2391.0000;85.0000;312;315;370;1;0;4
7285;0;0;0;0;0;0;135.0000;49.0000;129.0000;22.0000;7.0000;70.0000;1;0;0;0;0;0;0;115.0000;-2391.0000;85.0000;312;315;370;1;0;4
7296;0;0;0;0;0;0;135.0000;49.0000;129.0000;22.0000;7.0000;70.0000;1;0;0;0;0;0;0;115.0000;-2391.0000;85.0000;312;315;370;1;0;4
7306;0;0;0;0;0;0;135.0000;49.0000;129.0000;22.0000;7.0000;70.0000;1;0;0;0;0;0;0;115.0000;-2391.0000;85.0000;312;315;370;1;0;4
7316;0;0;0;0;0;0;135.0000;49.0000;129.0000;22.0000;7.0000;70.0000;1;0;0;0;0;0;0;115.0000;-2391.0000;85.0000;312;315;370;1;0;4
7327;0;0;0;0;0;0;135.0000;49.0000;129.0000;22.0000;7.0000;70.0000;1;0;0;0;0;0;0;115.0000;-2391.0000;85.0000;312;315;370;1;0;4
7337;0;0;0;0;0;0;135.0000;49.0000;129.0000;22.0000;7.0000;70.0000;1;0;0;0;0;0;0;115.0000;-2391.0000;85.0000;312;315;370;1;0;4
7348;0;0;0;0;0;0;135.0000;49.0000;129.0000;22.0000;7.0000;70.0000;1;0;0;0;0;0;0;72.0000;-2391.0000;98.0000;312;315;370;1;0;4
7360;0;0;0;0;0;0;135.0000;49.0000;129.0000;22.0000;7.0000;70.0000;1;0;0;0;0;0;0;72.0000;-2391.0000;98.0000;312;315;370;1;0;4
7371;0;0;0;0;0;0;135.0000;36.0000;129.0000;22.0000;7.0000;70.0000;1;0;0;0;0;0;0;72.0000;-2391.0000;98.0000;312;315;370;1;0;12
7383;0;0;0;0;0;0;135.0000;36.0000;125.0000;22.0000;7.0000;70.0000;1;0;0;0;0;0;0;72.0000;-2391.0000;98.0000;312;315;370;1;0;12
7393;0;0;0;0;0;0;135.0000;36.0000;125.0000;22.0000;7.0000;70.0000;1;0;0;0;0;0;0;72.0000;-2391.0000;98.0000;312;315;370;1;0;12
7404;0;0;0;0;0;0;135.0000;36.0000;125.0000;22.0000;7.0000;70.0000;1;0;0;0;0;0;0;72.0000;-2391.0000;98.0000;312;315;370;1;0;12
7414;0;0;0;0;0;0;135.0000;36.0000;125.0000;22.0000;7.0000;70.0000;1;0;0;0;0;0;0;72.0000;-2391.0000;98.0000;312;315;370;1;0;12
7424;0;0;0;0;0;0;135.0000;36.0000;125.0000;22.0000;7.0000;70.0000;1;0;0;0;0;0;0;72.0000;-2391.0000;98.0000;312;315;370;1;0;12
7435;0;0;0;0;0;0;135.0000;36.0000;125.0000;22.0000;7.0000;70.0000;1;0;0;0;0;0;0;72.0000;-2391.0000;98.0000;312;315;370;1;0;12
7445;0;0;0;0;0;0;135.0000;36.0000;125.0000;22.0000;7.0000;70.0000;1;0;0;0;0;0;0;72.0000;-2391.0000;135.0000;312;315;370;1;0;12
7456;0;0;0;0;0;0;129.0000;36.0000;125.0000;22.0000;7.0000;70.0000;1;0;0;0;0;0;0;48.0000;-2391.0000;135.0000;312;315;370;1;0;12
7466;0;0;0;0;0;0;129.0000;143.0000;125.0000;22.0000;7.0000;70.0000;1;0;0;0;0;0;0;48.0000;-2391.0000;135.0000;312;315;370;1;0;12
7477;0;0;0;0;0;0;129.0000;143.0000;88.0000;22.0000;7.0000;70.0000;1;0;0;0;0;0;0;48.0000;-2391.0000;135.0000;312;315;370;1;0;12
7487;0;0;0;0;0;0;129.0000;143.0000;88.0000;22.0000;7.0000;70.0000;1;0;0;0;0;0;0;48.0000;-2391.0000;135.0000;312;315;370;1;0;12
7498;0;0;0;0;0;0;129.0000;143.0000;88.0000;22.0000;7.0000;70.0000;1;0;0;0;0;0;0;48.0000;-2391.0000;135.0000;312;315;370;1;0;12
7509;0;0;0;0;0;0;129.0000;143.0000;88.0000;22.0000;7.0000;70.0000;1;0;0;0;0;0;0;48.0000;-2391.0000;135.0000;312;315;370;1;0;12
7519;0;0;0;0;0;0;129.0000;143.0000;88.0000;22.0000;7.0000;70.0000;1;0;0;0;0;0;0;48.0000;-2391.0000;135.0000;312;315;370;1;0;12
7530;0;0;0;0;0;0;129.0000;143.0000;88.0000;22.0000;7.0000;70.0000;1;0;0;0;0;0;0;48.0000;-2391.0000;135.0000;312;315;370;1;0;12
7540;0;0;0;0;0;0;129.0000;143.0000;88.0000;22.0000;7.0000;70.0000;1;0;0;0;0;0;0;48.0000;-2391.0000;135.0000;312;315;370;1;0;12
7550;0;0;0;0;0;0;119.0000;143.0000;88.0000;22.0000;7.0000;70.0000;1;0;0;0;0;0;0;85.0000;-2391.0000;85.0000;312;315;370;1;0;12
7561;0;0;0;0;0;0;119.0000;143.0000;88.0000;22.0000;7.0000;70.0000;1;0;0;0;0;0;0;85.0000;-2391.0000;85.0000;312;315;370;1;0;12
7572;0;0;0;0;0;0;119.0000;157.0000;88.0000;22.0000;7.0000;70.0000;1;0;0;0;0;0;0;85.0000;-2391.0000;85.0000;312;315;370;1;0;12
7582;0;0;0;0;0;0;119.0000;157.0000;135.0000;22.0000;7.0000;70.0000;1;0;0;0;0;0;0;85.0000;-2391.0000;85.0000;312;315;370;1;0;28
7593;0;0;0;0;0;0;119.0000;157.0000;135.0000;22.0000;7.0000;70.0000;1;0;0;0;0;0;0;85.0000;-2391.0000;85.0000;312;315;370;1;0;28
7603;0;0;0;0;0;0;119.0000;157.0000;135.0000;22.0000;7.0000;70.0000;1;0;0;0;0;0;0;85.0000;-2391.0000;85.0000;312;315;370;1;0;28
7613;0;0;0;0;0;0;119.0000;157.0000;135.0000;22.0000;7.0000;70.0000;1;0;0;0;0;0;0;85.0000;-2391.0000;85.0000;312;315;370;1;0;28
7624;0;0;0;0;0;0;119.0000;157.0000;135.0000;22.0000;7.0000;70.0000;1;0;0;0;0;0;0;85.0000;-2391.0000;85.0000;312;315;370;1;0;28
7634;0;0;0;0;0;0;119.0000;157.0000;135.0000;22.0000;7.0000;70.0000;1;0;0;0;0;0;0;85.0000;-2391.0000;85.0000;312;315;370;1;0;28
7667;0;0;0;0;0;0;112.0000;76.0000;135.0000;22.0000;7.0000;70.0000;1;0;0;0;0;0;0;115.0000;-2391.0000;132.0000;312;315;370;1;0;28
7678;0;0;0;0;0;0;112.0000;76.0000;135.0000;22.0000;7.0000;70.0000;1;0;0;0;0;0;0;115.0000;-2391.0000;132.0000;312;315;370;1;0;28
7689;0;0;0;0;0;0;112.0000;76.0000;92.0000;22.0000;7.0000;70.0000;1;0;0;0;0;0;0;115.0000;-2391.0000;132.0000;312;315;370;1;0;28
7699;0;0;0;0;0;0;112.0000;76.0000;92.0000;22.0000;7.0000;70.0000;1;0;0;0;0;0;0;115.0000;-2391.0000;132.0000;312;315;370;1;0;28
7710;0;0;0;0;0;0;112.0000;76.0000;92.0000;22.0000;7.0000;70.0000;1;0;0;0;0;0;0;115.0000;-2391.0000;132.0000;312;315;370;1;0;28
7720;0;0;0;0;0;0;112.0000;76.0000;92.0000;22.0000;7.0000;70.0000;1;0;0;0;0;0;0;115.0000;-2391.0000;132.0000;312;315;370;1;0;28
7730;0;0;0;0;0;0;112.0000;76.0000;92.0000;22.0000;7.0000;70.0000;1;0;0;0;0;0;0;115.0000;-2391.0000;132.0000;312;315;370;1;0;28
7740;0;0;0;0;0;0;112.0000;76.0000;92.0000;22.0000;7.0000;70.0000;1;0;0;0;0;0;0;115.0000;-2391.0000;132.0000;312;315;370;1;0;28
7751;0;0;0;0;0;0;112.0000;76.0000;92.0000;22.0000;7.0000;70.0000;1;0;0;0;0;0;0;51.0000;-2391.0000;135.0000;312;315;370;1;0;28
7761;0;0;0;0;0;0;152.0000;76.0000;92.0000;22.0000;7.0000;70.0000;1;0;0;0;0;0;0;51.0000;-2391.0000;135.0000;312;315;370;1;0;28
7772;0;0;0;0;0;0;152.0000;117.0000;92.0000;22.0000;7.0000;70.0000;1;0;0;0;0;0;0;51.0000;-2391.0000;135.0000;312;315;370;1;0;28
7782;0;0;0;0;0;0;152.0000;117.0000;119.0000;22.0000;7.0000;70.0000;1;0;0;0;0;0;0;51.0000;-2391.0000;135.0000;312;315;370;1;0;28
7793;0;0;0;0;0;0;152.0000;117.0000;119.0000;22.0000;7.0000;70.0000;1;0;0;0;0;0;0;51.0000;-2391.0000;135.0000;312;315;370;1;0;28
7803;0;0;0;0;0;0;152.0000;117.0000;119.0000;22.0000;7.0000;70.0000;1;0;0;0;0;0;0;51.0000;-2391.0000;135.0000;312;315;370;1;0;28
7814;0;0;0;0;0;0;152.0000;117.0000;119.0000;22.0000;7.0000;70.0000;1;0;0;0;0;0;0;51.0000;-2391.0000;135.0000;312;315;370;1;0;28
7824;0;0;0;0;0;0;152.0000;117.0000;119.0000;22.0000;7.0000;70.0000;1;0;0;0;0;0;0;51.0000;-2391.0000;135.0000;312;315;370;1;0;28
7834;0;0;0;0;0;0;152.0000;117.0000;119.0000;22.0000;7.0000;70.0000;1;0;0;0;0;0;0;51.0000;-2391.0000;135.0000;312;315;370;1;0;28
7845;0;0;0;0;0;0;152.0000;117.0000;119.0000;22.0000;7.0000;70.0000;1;0;0;0;0;0;0;51.0000;-2391.0000;135.0000;312;315;370;1;0;28
7855;0;0;0;0;0;0;142.0000;117.0000;119.0000;22.0000;7.0000;70.0000;1;0;0;0;0;0;0;98.0000;-2391.0000;139.0000;312;315;370;1;0;28
7866;0;0;0;0;0;0;142.0000;117.0000;119.0000;22.0000;7.0000;70.0000;1;0;0;0;0;0;0;98.0000;-2391.0000;139.0000;312;315;370;1;0;28
7876;0;0;0;0;0;0;142.0000;63.0000;119.0000;22.0000;7.0000;70.0000;1;0;0;0;0;0;0;98.0000;-2391.0000;139.0000;312;315;370;1;0;28
7887;0;0;0;0;0;0;142.0000;63.0000;98.0000;22.0000;7.0000;70.0000;1;0;0;0;0;0;0;98.0000;-2391.0000;139.0000;312;315;370;1;0;28
7907;0;0;0;0;0;0;142.0000;63.0000;98.0000;22.0000;7.0000;70.0000;1;0;0;0;0;0;0;98.0000;-2391.0000;139.0000;312;315;370;1;0;28
7918;0;0;0;0;0;0;142.0000;63.0000;98.0000;22.0000;7.0000;70.0000;1;0;0;0;0;0;0;98.0000;-2391.0000;139.0000;312;315;370;1;0;28
7928;0;0;0;0;0;0;142.0000;63.0000;98.0000;22.0000;7.0000;70.0000;1;0;0;0;0;0;0;98.0000;-2391.0000;139.0000;312;315;370;1;0;28
7939;0;0;0;0;0;0;142.0000;63.0000;98.0000;22.0000;7.0000;70.0000;1;0;0;0;0;0;0;98.0000;-2391.0000;139.0000;312;315;370;1;0;28
7950;0;0;0;0;0;0;142.0000;63.0000;98.0000;22.0000;7.0000;70.0000;1;0;0;0;0;0;0;98.0000;-2391.0000;139.0000;312;315;370;1;0;28
7961;0;0;0;0;0;0;135.0000;63.0000;98.0000;22.0000;7.0000;70.0000;1;0;0;0;0;0;0;108.0000;-2391.0000;129.0000;312;315;370;1;0;28
7971;0;0;0;0;0;0;135.0000;157.0000;98.0000;22.0000;7.0000;70.0000;1;0;0;0;0;0;0;108.0000;-2391.0000;129.0000;312;315;370;1;0;28
7982;0;0;0;0;0;0;135.0000;157.0000;129.0000;22.0000;7.0000;70.0000;1;0;0;0;0;0;0;108.0000;-2391.0000;129.0000;312;315;370;1;0;28
7993;0;0;0;0;0;0;135.0000;157.0000;129.0000;22.0000;7.0000;70.0000;1;0;0;0;0;0;0;108.0000;-2391.0000;129.0000;312;315;370;1;0;28
8003;0;0;0;0;0;0;135.0000;157.0000;129.0000;22.0000;7.0000;70.0000;1;0;0;0;0;0;0;108.0000;-2391.0000;129.0000;312;315;370;1;0;28
8014;0;0;0;0;0;0;135.0000;157.0000;129.0000;22.0000;7.0000;70.0000;1;0;0;0;0;0;0;108.0000;-2391.0000;129.0000;312;315;370;1;0;28
8024;0;0;0;0;0;0;135.0000;157.0000;129.0000;22.0000;7.0000;70.0000;1;0;0;0;0;0;0;108.0000;-2391.0000;129.0000;312;315;370;1;0;28
8035;0;0;0;0;0;0;135.0000;157.0000;129.0000;22.0000;7.0000;70.0000;1;0;0;0;0;0;0;108.0000;-2391.0000;129.0000;312;315;370;1;0;28
8045;0;0;0;0;0;0;135.0000;157.0000;129.0000;22.0000;7.0000;70.0000;1;0;0;0;0;0;0;108.0000;-2391.0000;129.0000;312;315;370;1;0;28
8056;0;0;0;0;0;0;139.0000;157.0000;129.0000;22.0000;7.0000;70.0000;1;0;0;0;0;0;0;108.0000;-2391.0000;75.0000;312;315;370;1;0;28
8069;0;0;0;0;0;0;139.0000;76.0000;129.0000;22.0000;7.0000;70.0000;1;0;0;0;0;0;0;108.0000;-2391.0000;75.0000;312;315;370;1;0;28
8079;0;0;0;0;0;0;139.0000;76.0000;129.0000;22.0000;7.0000;70.0000;1;0;0;0;0;0;0;108.0000;-2391.0000;75.0000;312;315;370;1;0;28
8089;0;0;0;0;0;0;139.0000;76.0000;129.0000;22.0000;7.0000;70.0000;1;0;0;0;0;0;0;108.0000;-2391.0000;75.0000;312;315;370;1;0;28
8100;0;0;0;0;0;0;139.0000;76.0000;129.0000;22.0000;7.0000;70.0000;1;0;0;0;0;0;0;108.0000;-2391.0000;75.0000;312;315;370;1;0;0
8110;0;0;0;0;0;0;139.0000;76.0000;129.0000;22.0000;7.0000;70.0000;1;0;0;0;0;0;0;108.0000;-2391.0000;75.0000;312;315;370;1;0;0
8121;0;0;0;0;0;0;139.0000;76.0000;129.0000;22.0000;7.0000;70.0000;1;0;0;0;0;0;0;108.0000;-2391.0000;75.0000;312;315;370;1;0;0
8131;0;0;0;0;0;0;139.0000;76.0000;129.0000;22.0000;7.0000;70.0000;1;0;0;0;0;0;0;108.0000;-2391.0000;75.0000;312;315;370;1;0;0
8141;0;0;0;0;0;0;139.0000;76.0000;129.0000;22.0000;7.0000;70.0000;1;0;0;0;0;0;0;108.0000;-2391.0000;75.0000;312;315;370;1;0;0
8153;0;0;0;0;0;0;155.0000;76.0000;129.0000;22.0000;7.0000;70.0000;1;0;0;0;0;0;0;108.0000;-2391.0000;75.0000;312;315;370;1;0;0
8163;0;0;0;0;0;0;155.0000;76.0000;129.0000;22.0000;7.0000;70.0000;1;0;0;0;0;0;0;51.0000;-2391.0000;75.0000;312;315;370;1;0;0
8174;0;0;0;0;0;0;155.0000;36.0000;129.0000;22.0000;7.0000;70.0000;1;0;0;0;0;0;0;51.0000;-2391.0000;75.0000;312;315;370;1;0;0
8184;0;0;0;0;0;0;155.0000;36.0000;129.0000;22.0000;7.0000;70.0000;1;0;0;0;0;0;0;51.0000;-2391.0000;75.0000;312;315;370;1;0;0
8197;0;0;0;0;0;0;155.0000;36.0000;129.0000;22.0000;7.0000;70.0000;1;0;0;0;0;0;0;51.0000;-2391.0000;75.0000;312;315;370;1;0;0
8207;0;0;0;0;0;0;155.0000;36.0000;129.0000;22.0000;7.0000;70.0000;1;0;0;0;0;0;0;51.0000;-2391.0000;75.0000;312;315;370;1;0;0
8218;0;0;0;0;0;0;155.0000;36.0000;129.0000;22.0000;7.0000;70.0000;1;0;0;0;0;0;0;51.0000;-2391.0000;75.0000;312;315;370;1;0;0
8228;0;0;0;0;0;0;155.0000;36.0000;129.0000;22.0000;7.0000;70.0000;1;0;0;0;0;0;0;51.0000;-2391.0000;75.0000;312;315;370;1;0;0
8238;0;0;0;0;0;0;155.0000;36.0000;129.0000;22.0000;7.0000;70.0000;1;0;0;0;0;0;0;51.0000;-2391.0000;75.0000;312;315;370;1;0;0
8249;0;0;0;0;0;0;155.0000;36.0000;129.0000;22.0000;7.0000;70.0000;1;0;0;0;0;0;0;51.0000;-2391.0000;75.0000;312;315;370;1;0;0
8261;0;0;0;0;0;0;142.0000;36.0000;129.0000;22.0000;7.0000;70.0000;1;0;0;0;0;0;0;45.0000;-2391.0000;132.0000;312;315;370;1;0;0
8271;0;0;0;0;0;0;142.0000;63.0000;129.0000;25.0000;7.0000;70.0000;1;0;0;0;0;0;0;45.0000;-2391.0000;132.0000;312;315;370;1;0;0
8283;0;0;0;0;0;0;142.0000;63.0000;129.0000;25.0000;7.0000;70.0000;1;0;0;0;0;0;0;45.0000;-2391.0000;132.0000;312;315;370;1;0;0
8293;0;0;0;0;0;0;142.0000;63.0000;129.0000;25.0000;7.0000;70.0000;1;0;0;0;0;0;0;45.0000;-2391.0000;132.0000;312;315;370;1;0;0
8304;0;0;0;0;0;0;142.0000;63.0000;129.0000;25.0000;7.0000;70.0000;1;0;0;0;0;0;0;45.0000;-2391.0000;132.0000;312;315;370;1;0;4
8314;0;0;0;0;0;0;142.0000;63.0000;129.0000;25.0000;7.0000;70.0000;1;0;0;0;0;0;0;45.0000;-2391.0000;132.0000;312;315;370;1;0;4
8324;0;0;0;0;0;0;142.0000;63.0000;129.0000;25.0000;7.0000;70.0000;1;0;0;0;0;0;0;45.0000;-2391.0000;132.0000;312;315;370;1;0;4
8335;0;0;0;0;0;0;142.0000;63.0000;129.0000;25.0000;7.0000;70.0000;1;0;0;0;0;0;0;45.0000;-2391.0000;132.0000;312;315;370;1;0;4
8345;0;0;0;0;0;0;142.0000;63.0000;129.0000;25.0000;7.0000;70.0000;1;0;0;0;0;0;0;45.0000;-2391.0000;132.0000;312;315;370;1;0;4
8355;0;0;0;0;0;0;129.0000;63.0000;129.0000;25.0000;7.0000;70.0000;1;0;0;0;0;0;0;45.0000;-2391.0000;132.0000;312;315;370;1;0;4
8368;0;0;0;0;0;0;129.0000;63.0000;129.0000;25.0000;7.0000;70.0000;1;0;0;0;0;0;0;78.0000;-2391.0000;142.0000;312;315;370;1;0;4
8378;0;0;0;0;0;0;129.0000;49.0000;129.0000;25.0000;7.0000;70.0000;1;0;0;0;0;0;0;78.0000;-2391.0000;142.0000;312;315;370;1;0;4
8389;0;0;0;0;0;0;129.0000;49.0000;129.0000;25.0000;7.0000;70.0000;1;0;0;0;0;0;0;78.0000;-2391.0000;142.0000;312;315;370;1;0;4
8399;0;0;0;0;0;0;129.0000;49.0000;129.0000;25.0000;7.0000;70.0000;1;0;0;0;0;0;0;78.0000;-2391.0000;142.0000;312;315;370;1;0;4
8410;0;0;0;0;0;0;129.0000;49.0000;129.0000;25.0000;7.0000;70.0000;1;0;0;0;0;0;0;78.0000;-2391.0000;142.0000;312;315;370;1;0;12
8420;0;0;0;0;0;0;129.0000;49.0000;129.0000;25.0000;7.0000;70.0000;1;0;0;0;0;0;0;78.0000;-2391.0000;142.0000;312;315;370;1;0;12
8431;0;0;0;0;0;0;129.0000;49.0000;129.0000;25.0000;7.0000;70.0000;1;0;0;0;0;0;0;78.0000;-2391.0000;142.0000;312;315;370;1;0;12
8441;0;0;0;0;0;0;129.0000;49.0000;129.0000;25.0000;7.0000;70.0000;1;0;0;0;0;0;0;78.0000;-2391.0000;142.0000;312;315;370;1;0;12
8451;0;0;0;0;0;0;129.0000;49.0000;129.0000;25.0000;7.0000;70.0000;1;0;0;0;0;0;0;78.0000;-2391.0000;142.0000;312;315;370;1;0;12
8461;0;0;0;0;0;0;155.0000;49.0000;129.0000;25.0000;7.0000;70.0000;1;0;0;0;0;0;0;75.0000;-2391.0000;82.0000;312;315;370;1;0;12
8473;0;0;0;0;0;0;155.0000;49.0000;129.0000;25.0000;7.0000;70.0000;1;0;0;0;0;0;0;75.0000;-2391.0000;82.0000;312;315;370;1;0;12
8484;0;0;0;0;0;0;155.0000;197.0000;139.0000;25.0000;7.0000;70.0000;1;0;0;0;0;0;0;75.0000;-2391.0000;82.0000;312;315;370;1;0;12
8495;0;0;0;0;0;0;155.0000;197.0000;139.0000;25.0000;7.0000;70.0000;1;0;0;0;0;0;0;75.0000;-2391.0000;82.0000;312;315;370;1;0;12
8505;0;0;0;0;0;0;155.0000;197.0000;139.0000;25.0000;7.0000;70.0000;1;0;0;0;0;0;0;75.0000;-2391.0000;82.0000;312;315;370;1;0;12
8516;0;0;0;0;0;0;155.0000;197.0000;139.0000;25.0000;7.0000;70.0000;1;0;0;0;0;0;0;75.0000;-2391.0000;82.0000;312;315;370;1;0;12
8526;0;0;0;0;0;0;155.0000;197.0000;139.0000;25.0000;7.0000;70.0000;1;0;0;0;0;0;0;75.0000;-2391.0000;82.0000;312;315;370;1;0;12
8536;0;0;0;0;0;0;155.0000;197.0000;139.0000;25.0000;7.0000;70.0000;1;0;0;0;0;0;0;75.0000;-2391.0000;82.0000;312;315;370;1;0;12
8547;0;0;0;0;0;0;155.0000;197.0000;139.0000;25.0000;7.0000;70.0000;1;0;0;0;0;0;0;75.0000;-2391.0000;82.0000;312;315;370;1;0;12
8559;0;0;0;0;0;0;115.0000;197.0000;139.0000;25.0000;7.0000;70.0000;1;0;0;0;0;0;0;75.0000;-2391.0000;82.0000;312;315;370;1;0;12
8569;0;0;0;0;0;0;115.0000;197.0000;139.0000;25.0000;7.0000;70.0000;1;0;0;0;0;0;0;95.0000;-2391.0000;82.0000;312;315;370;1;0;12
8580;0;0;0;0;0;0;115.0000;103.0000;139.0000;25.0000;7.0000;70.0000;1;0;0;0;0;0;0;95.0000;-2391.0000;82.0000;312;315;370;1;0;12
8591;0;0;0;0;0;0;115.0000;103.0000;88.0000;25.0000;7.0000;70.0000;1;0;0;0;0;0;0;95.0000;-2391.0000;82.0000;312;315;370;1;0;12
8602;0;0;0;0;0;0;115.0000;103.0000;88.0000;25.0000;7.0000;70.0000;1;0;0;0;0;0;0;95.0000;-2391.0000;82.0000;312;315;370;1;0;12
8612;0;0;0;0;0;0;115.0000;103.0000;88.0000;25.0000;7.0000;70.0000;1;0;0;0;0;0;0;95.0000;-2391.0000;82.0000;312;315;370;1;0;28
8622;0;0;0;0;0;0;115.0000;103.0000;88.0000;25.0000;7.0000;70.0000;1;0;0;0;0;0;0;95.0000;-2391.0000;82.0000;312;315;370;1;0;28
8633;0;0;0;0;0;0;115.0000;103.0000;88.0000;25.0000;7.0000;70.0000;1;0;0;0;0;0;0;95.0000;-2391.0000;82.0000;312;315;370;1;0;28
8643;0;0;0;0;0;0;115.0000;103.0000;88.0000;25.0000;7.0000;70.0000;1;0;0;0;0;0;0;95.0000;-2391.0000;82.0000;312;315;370;1;0;28
8654;0;0;0;0;0;0;115.0000;103.0000;88.0000;25.0000;7.0000;70.0000;1;0;0;0;0;0;0;95.0000;-2391.0000;82.0000;312;315;370;1;0;28
8664;0;0;0;0;0;0;135.0000;103.0000;88.0000;25.0000;7.0000;70.0000;1;0;0;0;0;0;0;78.0000;-2391.0000;119.0000;312;315;370;1;0;28
8675;0;0;0;0;0;0;135.0000;9.0000;88.0000;25.0000;7.0000;70.0000;1;0;0;0;0;0;0;78.0000;-2391.0000;119.0000;312;315;370;1;0;28
8686;0;0;0;0;0;0;135.0000;9.0000;92.0000;25.0000;7.0000;70.0000;1;0;0;0;0;0;0;78.0000;-2391.0000;119.0000;312;315;370;1;0;28
8696;0;0;0;0;0;0;135.0000;9.0000;92.0000;25.0000;7.0000;70.0000;1;0;0;0;0;0;0;78.0000;-2391.0000;119.0000;312;315;370;1;0;28
8707;0;0;0;0;0;0;135.0000;9.0000;92.0000;25.0000;7.0000;70.0000;1;0;0;0;0;0;0;78.0000;-2391.0000;119.0000;312;315;370;1;0;28
8717;0;0;0;0;0;0;135.0000;9.0000;92.0000;25.0000;7.0000;70.0000;1;0;0;0;0;0;0;78.0000;-2391.0000;119.0000;312;315;370;1;0;28
8728;0;0;0;0;0;0;135.0000;9.0000;92.0000;25.0000;7.0000;70.0000;1;0;0;0;0;0;0;78.0000;-2391.0000;119.0000;312;315;370;1;0;28
8738;0;0;0;0;0;0;135.0000;9.0000;92.0000;25.0000;7.0000;70.0000;1;0;0;0;0;0;0;78.0000;-2391.0000;119.0000;312;315;370;1;0;28
8748;0;0;0;0;0;0;135.0000;9.0000;92.0000;25.0000;7.0000;70.0000;1;0;0;0;0;0;0;78.0000;-2391.0000;119.0000;312;315;370;1;0;28
8760;0;0;0;0;0;0;135.0000;9.0000;92.0000;25.0000;7.0000;70.0000;1;0;0;0;0;0;0;78.0000;-2391.0000;115.0000;312;315;370;1;0;28
8771;0;0;0;0;0;0;125.0000;9.0000;92.0000;25.0000;7.0000;70.0000;1;0;0;0;0;0;0;92.0000;-2391.0000;115.0000;312;315;370;1;0;28
8781;0;0;0;0;0;0;125.0000;36.0000;92.0000;25.0000;7.0000;70.0000;1;0;0;0;0;0;0;92.0000;-2391.0000;115.0000;312;315;370;1;0;28
8792;0;0;0;0;0;0;125.0000;36.0000;129.0000;25.0000;7.0000;70.0000;1;0;0;0;0;0;0;92.0000;-2391.0000;115.0000;312;315;370;1;0;28
8802;0;0;0;0;0;0;125.0000;36.0000;129.0000;25.0000;7.0000;70.0000;1;0;0;0;0;0;0;92.0000;-2391.0000;115.0000;312;315;370;1;0;28
8817;0;0;0;0;0;0;125.0000;36.0000;129.0000;25.0000;7.0000;70.0000;1;0;0;0;0;0;0;92.0000;-2391.0000;115.0000;312;315;370;1;0;28
8831;0;0;0;0;0;0;125.0000;36.0000;129.0000;25.0000;7.0000;70.0000;1;0;0;0;0;0;0;92.0000;-2391.0000;115.0000;312;315;370;1;0;28
8842;0;0;0;0;0;0;125.0000;36.0000;129.0000;25.0000;7.0000;70.0000;1;0;0;0;0;0;0;92.0000;-2391.0000;115.0000;312;315;370;1;0;28
8853;0;0;0;0;0;0;125.0000;36.0000;129.0000;25.0000;7.0000;70.0000;1;0;0;0;0;0;0;92.0000;-2391.0000;115.0000;312;315;370;1;0;28
8863;0;0;0;0;0;0;125.0000;36.0000;129.0000;25.0000;7.0000;70.0000;1;0;0;0;0;0;0;92.0000;-2391.0000;108.0000;312;315;370;1;0;28
8874;0;0;0;0;0;0;105.0000;36.0000;129.0000;25.0000;7.0000;70.0000;1;0;0;0;0;0;0;108.0000;-2391.0000;108.0000;312;315;370;1;0;28
8887;0;0;0;0;0;0;105.0000;9.0000;129.0000;25.0000;7.0000;70.0000;1;0;0;0;0;0;0;108.0000;-2391.0000;108.0000;312;315;370;1;0;28
8907;0;0;0;0;0;0;105.0000;9.0000;135.0000;25.0000;7.0000;70.0000;1;0;0;0;0;0;0;108.0000;-2391.0000;108.0000;312;315;370;1;0;28
8918;0;0;0;0;0;0;105.0000;9.0000;135.0000;25.0000;7.0000;70.0000;1;0;0;0;0;0;0;108.0000;-2391.0000;108.0000;312;315;370;1;0;28
8929;0;0;0;0;0;0;105.0000;9.0000;135.0000;25.0000;7.0000;70.0000;1;0;0;0;0;0;0;108.0000;-2391.0000;108.0000;312;315;370;1;0;28
8939;0;0;0;0;0;0;105.0000;9.0000;135.0000;25.0000;7.0000;70.0000;1;0;0;0;0;0;0;108.0000;-2391.0000;108.0000;312;315;370;1;0;28
8949;0;0;0;0;0;0;105.0000;9.0000;135.0000;25.0000;7.0000;70.0000;1;0;0;0;0;0;0;108.0000;-2391.0000;108.0000;312;315;370;1;0;28
8960;0;0;0;0;0;0;105.0000;9.0000;135.0000;25.0000;7.0000;70.0000;1;0;0;0;0;0;0;108.0000;-2391.0000;82.0000;312;315;370;1;0;28
8970;0;0;0;0;0;0;149.0000;9.0000;135.0000;25.0000;7.0000;70.0000;1;0;0;0;0;0;0;105.0000;-2391.0000;82.0000;312;315;370;1;0;28
8981;0;0;0;0;0;0;149.0000;143.0000;135.0000;25.0000;7.0000;70.0000;1;0;0;0;0;0;0;105.0000;-2391.0000;82.0000;312;315;370;1;0;28
8992;0;0;0;0;0;0;149.0000;143.0000;135.0000;25.0000;7.0000;70.0000;1;0;0;0;0;0;0;105.0000;-2391.0000;82.0000;312;315;370;1;0;28
9007;0;0;0;0;0;0;149.0000;143.0000;135.0000;25.0000;7.0000;70.0000;1;0;0;0;0;0;0;105.0000;-2391.0000;82.0000;312;315;370;1;0;28
9021;0;0;0;0;0;0;149.0000;143.0000;135.0000;25.0000;7.0000;70.0000;1;0;0;0;0;0;0;105.0000;-2391.0000;82.0000;312;315;370;1;0;28
9031;0;0;0;0;0;0;149.0000;143.0000;135.0000;25.0000;7.0000;70.0000;1;0;0;0;0;0;0;105.0000;-2391.0000;82.0000;312;315;370;1;0;24
9042;0;0;0;0;0;0;149.0000;143.0000;135.0000;25.0000;7.0000;70.0000;1;0;0;0;0;0;0;105.0000;-2391.0000;82.0000;312;315;370;1;0;0
9053;0;0;0;0;0;0;149.0000;143.0000;135.0000;25.0000;7.0000;70.0000;1;0;0;0;0;0;0;105.0000;-2391.0000;82.0000;312;315;370;1;0;0
9064;0;0;0;0;0;0;166.0000;143.0000;135.0000;25.0000;7.0000;70.0000;1;0;0;0;0;0;0;105.0000;-2391.0000;72.0000;312;315;370;1;0;0
9075;0;0;0;0;0;0;166.0000;143.0000;135.0000;25.0000;7.0000;70.0000;1;0;0;0;0;0;0;105.0000;-2391.0000;72.0000;312;315;370;1;0;0
9085;0;0;0;0;0;0;166.0000;23.0000;135.0000;25.0000;7.0000;70.0000;1;0;0;0;0;0;0;105.0000;-2391.0000;72.0000;312;315;370;1;0;0
9097;0;0;0;0;0;0;166.0000;23.0000;132.0000;25.0000;7.0000;70.0000;1;0;0;0;0;0;0;105.0000;-2391.0000;72.0000;312;315;370;1;0;0
9111;0;0;0;0;0;0;166.0000;23.0000;132.0000;25.0000;7.0000;70.0000;1;0;0;0;0;0;0;105.0000;-2391.0000;72.0000;312;315;370;1;0;0
9122;0;0;0;0;0;0;166.0000;23.0000;132.0000;25.0000;7.0000;70.0000;1;0;0;0;0;0;0;105.0000;-2391.0000;72.0000;312;315;370;1;0;0
9132;0;0;0;0;0;0;166.0000;23.0000;132.0000;25.0000;7.0000;70.0000;1;0;0;0;0;0;0;105.0000;-2391.0000;72.0000;312;315;370;1;0;0
9143;0;0;0;0;0;0;166.0000;23.0000;132.0000;25.0000;7.0000;70.0000;1;0;0;0;0;0;0;105.0000;-2391.0000;72.0000;312;315;370;1;0;0
9153;0;0;0;0;0;0;166.0000;23.0000;132.0000;25.0000;7.0000;70.0000;1;0;0;0;0;0;0;105.0000;-2391.0000;72.0000;312;315;370;1;0;0
9164;0;0;0;0;0;0;166.0000;23.0000;132.0000;25.0000;7.0000;70.0000;1;0;0;0;0;0;0;108.0000;-2391.0000;105.0000;312;315;370;1;0;0
9178;0;0;0;0;0;0;152.0000;23.0000;132.0000;25.0000;7.0000;70.0000;1;0;0;0;0;0;0;108.0000;-2391.0000;105.0000;312;315;370;1;0;0
9191;0;0;0;0;0;0;152.0000;130.0000;132.0000;25.0000;7.0000;70.0000;1;0;0;0;0;0;0;108.0000;-2391.0000;105.0000;312;315;370;1;0;0
9202;0;0;0;0;0;0;152.0000;130.0000;132.0000;25.0000;7.0000;70.0000;1;0;0;0;0;0;0;108.0000;-2391.0000;105.0000;312;315;370;1;0;0
9212;0;0;0;0;0;0;152.0000;130.0000;132.0000;25.0000;7.0000;70.0000;1;0;0;0;0;0;0;108.0000;-2391.0000;105.0000;312;315;370;1;0;0
9223;0;0;0;0;0;0;152.0000;130.0000;132.0000;25.0000;7.0000;70.0000;1;0;0;0;0;0;0;108.0000;-2391.0000;105.0000;312;315;370;1;0;0
9233;0;0;0;0;0;0;152.0000;130.0000;132.0000;25.0000;7.0000;70.0000;1;0;0;0;0;0;0;108.0000;-2391.0000;105.0000;312;315;370;1;0;0
9245;0;0;0;0;0;0;152.0000;130.0000;132.0000;25.0000;7.0000;70.0000;1;0;0;0;0;0;0;108.0000;-2391.0000;105.0000;312;315;370;1;0;0
9255;0;0;0;0;0;0;152.0000;130.0000;132.0000;25.0000;7.0000;70.0000;1;0;0;0;0;0;0;108.0000;-2391.0000;105.0000;312;315;370;1;0;0
9268;0;0;0;0;0;0;152.0000;130.0000;132.0000;25.0000;7.0000;70.0000;1;0;0;0;0;0;0;72.0000;-2391.0000;119.0000;312;315;370;1;0;0
9278;0;0;0;0;0;0;159.0000;130.0000;132.0000;100.0000;7.0000;70.0000;1;0;0;0;0;0;0;72.0000;-2391.0000;119.0000;312;315;370;1;0;0
9290;0;0;0;0;0;0;159.0000;184.0000;132.0000;100.0000;7.0000;70.0000;1;0;0;0;0;0;0;72.0000;-2391.0000;119.0000;312;315;370;1;0;0
9302;0;0;0;0;0;0;159.0000;184.0000;132.0000;100.0000;7.0000;70.0000;1;0;0;0;0;0;0;72.0000;-2391.0000;119.0000;312;315;370;1;0;0
9313;0;0;0;0;0;0;159.0000;184.0000;132.0000;100.0000;7.0000;70.0000;1;0;0;0;0;0;0;72.0000;-2391.0000;119.0000;312;315;370;1;0;0
9323;0;0;0;0;0;0;159.0000;184.0000;132.0000;100.0000;7.0000;70.0000;1;0;0;0;0;0;0;72.0000;-2391.0000;119.0000;312;315;370;1;0;0
9333;0;0;0;0;0;0;159.0000;184.0000;132.0000;100.0000;7.0000;70.0000;1;0;0;0;0;0;0;72.0000;-2391.0000;119.0000;312;315;370;1;0;0
9344;0;0;0;0;0;0;159.0000;184.0000;132.0000;100.0000;7.0000;70.0000;1;0;0;0;0;0;0;72.0000;-2391.0000;119.0000;312;315;370;1;0;0
9355;0;0;0;0;0;0;159.0000;184.0000;132.0000;100.0000;7.0000;70.0000;1;0;0;0;0;0;0;72.0000;-2391.0000;119.0000;312;315;370;1;0;4
9365;0;0;0;0;0;0;159.0000;184.0000;132.0000;100.0000;7.0000;70.0000;1;0;0;0;0;0;0;108.0000;-2391.0000;78.0000;312;315;370;1;0;4
9378;0;0;0;0;0;0;125.0000;184.0000;132.0000;100.0000;7.0000;70.0000;1;0;0;0;0;0;0;108.0000;-2391.0000;78.0000;312;315;370;1;0;4
9388;0;0;0;0;0;0;125.0000;211.0000;132.0000;100.0000;7.0000;70.0000;1;0;0;0;0;0;0;108.0000;-2391.0000;78.0000;312;315;370;1;0;4
9399;0;0;0;0;0;0;125.0000;211.0000;108.0000;100.0000;7.0000;70.0000;1;0;0;0;0;0;0;108.0000;-2391.0000;78.0000;312;315;370;1;0;4
9410;0;0;0;0;0;0;125.0000;211.0000;108.0000;100.0000;7.0000;70.0000;1;0;0;0;0;0;0;108.0000;-2391.0000;78.0000;312;315;370;1;0;4
9420;0;0;0;0;0;0;125.0000;211.0000;108.0000;100.0000;7.0000;70.0000;1;0;0;0;0;0;0;108.0000;-2391.0000;78.0000;312;315;370;1;0;4
9430;0;0;0;0;0;0;125.0000;211.0000;108.0000;100.0000;7.0000;70.0000;1;0;0;0;0;0;0;108.0000;-2391.0000;78.0000;312;315;370;1;0;4
9441;0;0;0;0;0;0;125.0000;211.0000;108.0000;100.0000;7.0000;70.0000;1;0;0;0;0;0;0;108.0000;-2391.0000;78.0000;312;315;370;1;0;4
9452;0;0;0;0;0;0;125.0000;211.0000;108.0000;100.0000;7.0000;70.0000;1;0;0;0;0;0;0;108.0000;-2391.0000;78.0000;312;315;370;1;0;12
9463;0;0;0;0;0;0;125.0000;211.0000;108.0000;100.0000;7.0000;70.0000;1;0;0;0;0;0;0;98.0000;-2391.0000;139.0000;312;315;370;1;0;12
9474;0;0;0;0;0;0;166.0000;211.0000;108.0000;100.0000;7.0000;70.0000;1;0;0;0;0;0;0;98.0000;-2391.0000;139.0000;312;315;370;1;0;12
9485;0;0;0;0;0;0;166.0000;23.0000;108.0000;100.0000;7.0000;70.0000;1;0;0;0;0;0;0;98.0000;-2391.0000;139.0000;312;315;370;1;0;12
9497;0;0;0;0;0;0;166.0000;23.0000;139.0000;100.0000;7.0000;70.0000;1;0;0;0;0;0;0;98.0000;-2391.0000;139.0000;312;315;370;1;0;12
9507;0;0;0;0;0;0;166.0000;23.0000;139.0000;100.0000;7.0000;70.0000;1;0;0;0;0;0;0;98.0000;-2391.0000;139.0000;312;315;370;1;0;12
9518;0;0;0;0;0;0;166.0000;23.0000;139.0000;100.0000;7.0000;70.0000;1;0;0;0;0;0;0;98.0000;-2391.0000;139.0000;312;315;370;1;0;12
9529;0;0;0;0;0;0;166.0000;23.0000;139.0000;100.0000;7.0000;70.0000;1;0;0;0;0;0;0;98.0000;-2391.0000;139.0000;312;315;370;1;0;12
9539;0;0;0;0;0;0;166.0000;23.0000;139.0000;100.0000;7.0000;70.0000;1;0;0;0;0;0;0;98.0000;-2391.0000;139.0000;312;315;370;1;0;12
9549;0;0;0;0;0;0;166.0000;23.0000;139.0000;100.0000;7.0000;70.0000;1;0;0;0;0;0;0;98.0000;-2391.0000;139.0000;312;315;370;1;0;12
9560;0;0;0;0;0;0;166.0000;23.0000;139.0000;100.0000;7.0000;70.0000;1;0;0;0;0;0;0;98.0000;-2391.0000;139.0000;312;315;370;1;0;28
9573;0;0;0;0;0;0;155.0000;23.0000;139.0000;100.0000;7.0000;70.0000;1;0;0;0;0;0;0;85.0000;-2391.0000;119.0000;312;315;370;1;0;28
9585;0;0;0;0;0;0;155.0000;170.0000;139.0000;100.0000;7.0000;70.0000;1;0;0;0;0;0;0;85.0000;-2391.0000;119.0000;312;315;370;1;0;28
9597;0;0;0;0;0;0;155.0000;170.0000;115.0000;100.0000;7.0000;70.0000;1;0;0;0;0;0;0;85.0000;-2391.0000;119.0000;312;315;370;1;0;28
9607;0;0;0;0;0;0;155.0000;170.0000;115.0000;100.0000;7.0000;70.0000;1;0;0;0;0;0;0;85.0000;-2391.0000;119.0000;312;315;370;1;0;28
9618;0;0;0;0;0;0;155.0000;170.0000;115.0000;100.0000;7.0000;70.0000;1;0;0;0;0;0;0;85.0000;-2391.0000;119.0000;312;315;370;1;0;28
9628;0;0;0;0;0;0;155.0000;170.0000;115.0000;100.0000;7.0000;70.0000;1;0;0;0;0;0;0;85.0000;-2391.0000;119.0000;312;315;370;1;0;28
9639;0;0;0;0;0;0;155.0000;170.0000;115.0000;100.0000;7.0000;70.0000;1;0;0;0;0;0;0;85.0000;-2391.0000;119.0000;312;315;370;1;0;28
9649;0;0;0;0;0;0;155.0000;170.0000;115.0000;100.0000;7.0000;70.0000;1;0;0;0;0;0;0;85.0000;-2391.0000;119.0000;312;315;370;1;0;28
9660;0;0;0;0;0;0;155.0000;170.0000;115.0000;100.0000;7.0000;70.0000;1;0;0;0;0;0;0;85.0000;-2391.0000;119.0000;312;315;370;1;0;28
9671;0;0;0;0;0;0;155.0000;170.0000;115.0000;100.0000;7.0000;70.0000;1;0;0;0;0;0;0;45.0000;-2391.0000;119.0000;312;315;370;1;0;28
9681;0;0;0;0;0;0;162.0000;170.0000;115.0000;100.0000;7.0000;70.0000;1;0;0;0;0;0;0;45.0000;-2391.0000;119.0000;312;315;370;1;0;28
9692;0;0;0;0;0;0;162.0000;9.0000;115.0000;100.0000;7.0000;70.0000;1;0;0;0;0;0;0;45.0000;-2391.0000;119.0000;312;315;370;1;0;28
9702;0;0;0;0;0;0;162.0000;9.0000;98.0000;100.0000;7.0000;70.0000;1;0;0;0;0;0;0;45.0000;-2391.0000;119.0000;312;315;370;1;0;28
9713;0;0;0;0;0;0;162.0000;9.0000;98.0000;100.0000;7.0000;70.0000;1;0;0;0;0;0;0;45.0000;-2391.0000;119.0000;312;315;370;1;0;28
9723;0;0;0;0;0;0;162.0000;9.0000;98.0000;100.0000;7.0000;70.0000;1;0;0;0;0;0;0;45.0000;-2391.0000;119.0000;312;315;370;1;0;28
9734;0;0;0;0;0;0;162.0000;9.0000;98.0000;100.0000;7.0000;70.0000;1;0;0;0;0;0;0;45.0000;-2391.0000;119.0000;312;315;370;1;0;28
9744;0;0;0;0;0;0;162.0000;9.0000;98.0000;100.0000;7.0000;70.0000;1;0;0;0;0;0;0;45.0000;-2391.0000;119.0000;312;315;370;1;0;28
9754;0;0;0;0;0;0;162.0000;9.0000;98.0000;100.0000;7.0000;70.0000;1;0;0;0;0;0;0;45.0000;-2391.0000;119.0000;312;315;370;1;0;28
9765;0;0;0;0;0;0;162.0000;9.0000;98.0000;100.0000;7.0000;70.0000;1;0;0;0;0;0;0;98.0000;-2391.0000;82.0000;312;315;370;1;0;28
9776;0;0;0;0;0;0;169.0000;9.0000;98.0000;100.0000;7.0000;70.0000;1;0;0;0;0;0;0;98.0000;-2391.0000;82.0000;312;315;370;1;0;28
9787;0;0;0;0;0;0;169.0000;9.0000;98.0000;100.0000;7.0000;70.0000;1;0;0;0;0;0;0;98.0000;-2391.0000;82.0000;312;315;370;1;0;28
9797;0;0;0;0;0;0;169.0000;9.0000;98.0000;100.0000;7.0000;70.0000;1;0;0;0;0;0;0;98.0000;-2391.0000;82.0000;312;315;370;1;0;28
9808;0;0;0;0;0;0;169.0000;9.0000;129.0000;100.0000;7.0000;70.0000;1;0;0;0;0;0;0;98.0000;-2391.0000;82.0000;312;315;370;1;0;28
9819;0;0;0;0;0;0;169.0000;9.0000;129.0000;100.0000;7.0000;70.0000;1;0;0;0;0;0;0;98.0000;-2391.0000;82.0000;312;315;370;1;0;28
9829;0;0;0;0;0;0;169.0000;9.0000;129.0000;100.0000;7.0000;70.0000;1;0;0;0;0;0;0;98.0000;-2391.0000;82.0000;312;315;370;1;0;28
9839;0;0;0;0;0;0;169.0000;9.0000;129.0000;100.0000;7.0000;70.0000;1;0;0;0;0;0;0;98.0000;-2391.0000;82.0000;312;315;370;1;0;28
9850;0;0;0;0;0;0;169.0000;9.0000;129.0000;100.0000;7.0000;70.0000;1;0;0;0;0;0;0;98.0000;-2391.0000;82.0000;312;315;370;1;0;28
9860;0;0;0;0;0;0;169.0000;9.0000;129.0000;100.0000;7.0000;70.0000;1;0;0;0;0;0;0;98.0000;-2391.0000;82.0000;312;315;370;1;0;28
9871;0;0;0;0;0;0;169.0000;9.0000;129.0000;100.0000;7.0000;70.0000;1;0;0;0;0;0;0;55.0000;-2391.0000;115.0000;312;315;370;1;0;28
9881;0;0;0;0;0;0;119.0000;9.0000;129.0000;100.0000;7.0000;70.0000;1;0;0;0;0;0;0;55.0000;-2391.0000;115.0000;312;315;370;1;0;28
9892;0;0;0;0;0;0;119.0000;197.0000;129.0000;100.0000;7.0000;70.0000;1;0;0;0;0;0;0;55.0000;-2391.0000;115.0000;312;315;370;1;0;28
9902;0;0;0;0;0;0;119.0000;197.0000;92.0000;100.0000;7.0000;70.0000;1;0;0;0;0;0;0;55.0000;-2391.0000;115.0000;312;315;370;1;0;28
9913;0;0;0;0;0;0;119.0000;197.0000;92.0000;100.0000;7.0000;70.0000;1;0;0;0;0;0;0;55.0000;-2391.0000;115.0000;312;315;370;1;0;28
9924;0;0;0;0;0;0;119.0000;197.0000;92.0000;100.0000;7.0000;70.0000;1;0;0;0;0;0;0;55.0000;-2391.0000;115.0000;312;315;370;1;0;28
9935;0;0;0;0;0;0;119.0000;197.0000;92.0000;100.0000;7.0000;70.0000;1;0;0;0;0;0;0;55.0000;-2391.0000;115.0000;312;315;370;1;0;28
9945;0;0;0;0;0;0;119.0000;197.0000;92.0000;100.0000;7.0000;70.0000;1;0;0;0;0;0;0;55.0000;-2391.0000;115.0000;312;315;370;1;0;28
9956;0;0;0;0;0;0;119.0000;197.0000;92.0000;100.0000;7.0000;70.0000;1;0;0;0;0;0;0;55.0000;-2391.0000;115.0000;312;315;370;1;0;28
9967;0;0;0;0;0;0;119.0000;197.0000;92.0000;100.0000;7.0000;70.0000;1;0;0;0;0;0;0;95.0000;-2391.0000;105.0000;312;315;370;1;0;28
9978;0;0;0;0;0;0;166.0000;197.0000;92.0000;100.0000;7.0000;70.0000;1;0;0;0;0;0;0;95.0000;-2391.0000;105.0000;312;315;370;1;0;28
9992;0;0;0;0;0;0;166.0000;184.0000;92.0000;100.0000;7.0000;70.0000;1;0;0;0;0;0;0;95.0000;-2391.0000;105.0000;312;315;370;1;0;28
10004;0;0;0;0;0;0;166.0000;184.0000;112.0000;100.0000;7.0000;70.0000;1;0;0;0;0;0;0;95.0000;-2391.0000;105.0000;312;315;370;1;0;28
10015;0;0;0;0;0;0;166.0000;184.0000;112.0000;100.0000;7.0000;70.0000;1;0;0;0;0;0;0;95.0000;-2391.0000;105.0000;312;315;370;1;0;28
10026;0;0;0;0;0;0;166.0000;184.0000;112.0000;100.0000;7.0000;70.0000;1;0;0;0;0;0;0;95.0000;-2391.0000;105.0000;312;315;370;1;0;28
10037;0;0;0;0;0;0;166.0000;184.0000;112.0000;100.0000;7.0000;70.0000;1;0;0;0;0;0;0;95.0000;-2391.0000;105.0000;312;315;370;1;0;28
10058;0;0;0;0;0;0;166.0000;184.0000;112.0000;100.0000;7.0000;70.0000;1;0;0;0;0;0;0;95.0000;-2391.0000;105.0000;312;315;370;1;0;28
10068;0;0;0;0;0;0;166.0000;184.0000;112.0000;100.0000;7.0000;70.0000;1;0;0;0;0;0;0;95.0000;-2391.0000;125.0000;312;315;370;1;0;28
10079;0;0;0;0;0;0;166.0000;184.0000;112.0000;100.0000;7.0000;70.0000;1;0;0;0;0;0;0;61.0000;-2391.0000;125.0000;312;315;370;1;0;16
10090;0;0;0;0;0;0;112.0000;184.0000;112.0000;100.0000;7.0000;70.0000;1;0;0;0;0;0;0;61.0000;-2391.0000;125.0000;312;315;370;1;0;0
10100;0;0;0;0;0;0;112.0000;143.0000;112.0000;100.0000;7.0000;70.0000;1;0;0;0;0;0;0;61.0000;-2391.0000;125.0000;312;315;370;1;0;0
10111;0;0;0;0;0;0;112.0000;143.0000;112.0000;100.0000;7.0000;70.0000;1;0;0;0;0;0;0;61.0000;-2391.0000;125.0000;312;315;370;1;0;0
10121;0;0;0;0;0;0;112.0000;143.0000;112.0000;100.0000;7.0000;70.0000;1;0;0;0;0;0;0;61.0000;-2391.0000;125.0000;312;315;370;1;0;0
10131;0;0;0;0;0;0;112.0000;143.0000;112.0000;100.0000;7.0000;70.0000;1;0;0;0;0;0;0;61.0000;-2391.0000;125.0000;312;315;370;1;0;0
10142;0;0;0;0;0;0;112.0000;143.0000;98.0000;100.0000;7.0000;70.0000;1;0;0;0;0;0;0;61.0000;-2391.0000;125.0000;312;315;370;1;0;0
10158;0;0;0;0;0;0;112.0000;143.0000;98.0000;100.0000;7.0000;70.0000;1;0;0;0;0;0;0;61.0000;-2391.0000;125.0000;312;315;370;1;0;0
10168;0;0;0;0;0;0;112.0000;143.0000;98.0000;100.0000;7.0000;70.0000;1;0;0;0;0;0;0;61.0000;-2391.0000;82.0000;312;315;370;1;0;0
10179;0;0;0;0;0;0;112.0000;143.0000;98.0000;100.0000;7.0000;70.0000;1;0;0;0;0;0;0;102.0000;-2391.0000;82.0000;312;315;370;1;0;0
10191;0;0;0;0;0;0;122.0000;143.0000;98.0000;100.0000;7.0000;70.0000;1;0;0;0;0;0;0;102.0000;-2391.0000;82.0000;312;315;370;1;0;0
10203;0;0;0;0;0;0;122.0000;130.0000;98.0000;100.0000;7.0000;70.0000;1;0;0;0;0;0;0;102.0000;-2391.0000;82.0000;312;315;370;1;0;0
10215;0;0;0;0;0;0;122.0000;130.0000;98.0000;100.0000;7.0000;70.0000;1;0;0;0;0;0;0;102.0000;-2391.0000;82.0000;312;315;370;1;0;0
10227;0;0;0;0;0;0;122.0000;130.0000;98.0000;100.0000;7.0000;70.0000;1;0;0;0;0;0;0;102.0000;-2391.0000;82.0000;312;315;370;1;0;0
10239;0;0;0;0;0;0;122.0000;130.0000;142.0000;100.0000;7.0000;70.0000;1;0;0;0;0;0;0;102.0000;-2391.0000;82.0000;312;315;370;1;0;0
10257;0;0;0;0;0;0;122.0000;130.0000;142.0000;100.0000;7.0000;70.0000;1;0;0;0;0;0;0;102.0000;-2391.0000;82.0000;312;315;370;1;0;0
10268;0;0;0;0;0;0;122.0000;130.0000;142.0000;100.0000;7.0000;70.0000;1;0;0;0;0;0;0;102.0000;-2391.0000;75.0000;312;315;370;1;0;0
10278;0;0;0;0;0;0;122.0000;130.0000;142.0000;100.0000;7.0000;70.0000;1;0;0;0;0;0;0;75.0000;-2391.0000;75.0000;312;315;370;1;0;0
10289;0;0;0;0;0;0;122.0000;130.0000;142.0000;100.0000;7.0000;70.0000;1;0;0;0;0;0;0;75.0000;-2391.0000;75.0000;312;315;370;1;0;0
10300;0;0;0;0;0;0;108.0000;49.0000;142.0000;100.0000;7.0000;70.0000;1;0;0;0;0;0;0;75.0000;-2391.0000;75.0000;312;315;370;1;0;0
10312;0;0;0;0;0;0;108.0000;49.0000;142.0000;100.0000;7.0000;70.0000;1;0;0;0;0;0;0;75.0000;-2391.0000;75.0000;312;315;370;1;0;4
10323;0;0;0;0;0;0;108.0000;49.0000;142.0000;100.0000;7.0000;70.0000;1;0;0;0;0;0;0;75.0000;-2391.0000;75.0000;312;315;370;1;0;4
10334;0;0;0;0;0;0;108.0000;49.0000;142.0000;100.0000;7.0000;70.0000;1;0;0;0;0;0;0;75.0000;-2391.0000;75.0000;312;315;370;1;0;4
10344;0;0;0;0;0;0;108.0000;49.0000;85.0000;100.0000;7.0000;70.0000;1;0;0;0;0;0;0;75.0000;-2391.0000;75.0000;312;315;370;1;0;4
10355;0;0;0;0;0;0;108.0000;49.0000;85.0000;100.0000;7.0000;70.0000;1;0;0;0;0;0;0;75.0000;-2391.0000;75.0000;312;315;370;1;0;4
10366;0;0;0;0;0;0;108.0000;49.0000;85.0000;100.0000;7.0000;70.0000;1;0;0;0;0;0;0;75.0000;-2391.0000;125.0000;312;315;370;1;0;4
10376;0;0;0;0;0;0;108.0000;49.0000;85.0000;100.0000;7.0000;70.0000;1;0;0;0;0;0;0;51.0000;-2391.0000;125.0000;312;315;370;1;0;4
10390;0;0;0;0;0;0;108.0000;49.0000;85.0000;100.0000;7.0000;70.0000;1;0;0;0;0;0;0;51.0000;-2391.0000;125.0000;312;315;370;1;0;4
10402;0;0;0;0;0;0;129.0000;36.0000;85.0000;100.0000;7.0000;70.0000;1;0;0;0;0;0;0;51.0000;-2391.0000;125.0000;312;315;370;1;0;4
10414;0;0;0;0;0;0;129.0000;36.0000;85.0000;100.0000;7.0000;70.0000;1;0;0;0;0;0;0;51.0000;-2391.0000;125.0000;312;315;370;1;0;12
10425;0;0;0;0;0;0;129.0000;36.0000;85.0000;100.0000;7.0000;70.0000;1;0;0;0;0;0;0;51.0000;-2391.0000;125.0000;312;315;370;1;0;12
10435;0;0;0;0;0;0;129.0000;36.0000;85.0000;100.0000;7.0000;70.0000;1;0;0;0;0;0;0;51.0000;-2391.0000;125.0000;312;315;370;1;0;12
10447;0;0;0;0;0;0;129.0000;36.0000;119.0000;100.0000;7.0000;70.0000;1;0;0;0;0;0;0;51.0000;-2391.0000;125.0000;312;315;370;1;0;12
10458;0;0;0;0;0;0;129.0000;36.0000;119.0000;100.0000;7.0000;70.0000;1;0;0;0;0;0;0;51.0000;-2391.0000;125.0000;312;315;370;1;0;12
10469;0;0;0;0;0;0;129.0000;36.0000;119.0000;100.0000;7.0000;70.0000;1;0;0;0;0;0;0;51.0000;-2391.0000;132.0000;312;315;370;1;0;12
10479;0;0;0;0;0;0;129.0000;36.0000;119.0000;100.0000;7.0000;70.0000;1;0;0;0;0;0;0;82.0000;-2391.0000;132.0000;312;315;370;1;0;12
10490;0;0;0;0;0;0;112.0000;36.0000;119.0000;100.0000;7.0000;70.0000;1;0;0;0;0;0;0;82.0000;-2391.0000;132.0000;312;315;370;1;0;12
10501;0;0;0;0;0;0;112.0000;197.0000;119.0000;100.0000;7.0000;70.0000;1;0;0;0;0;0;0;82.0000;-2391.0000;132.0000;312;315;370;1;0;12
10511;0;0;0;0;0;0;112.0000;197.0000;119.0000;100.0000;7.0000;70.0000;1;0;0;0;0;0;0;82.0000;-2391.0000;132.0000;312;315;370;1;0;12
10523;0;0;0;0;0;0;112.0000;197.0000;119.0000;100.0000;7.0000;70.0000;1;0;0;0;0;0;0;82.0000;-2391.0000;132.0000;312;315;370;1;0;28
10533;0;0;0;0;0;0;112.0000;197.0000;119.0000;100.0000;7.0000;70.0000;1;0;0;0;0;0;0;82.0000;-2391.0000;132.0000;312;315;370;1;0;28
10545;0;0;0;0;0;0;112.0000;197.0000;125.0000;100.0000;7.0000;70.0000;1;0;0;0;0;0;0;82.0000;-2391.0000;132.0000;312;315;370;1;0;28
10555;0;0;0;0;0;0;112.0000;197.0000;125.0000;100.0000;7.0000;70.0000;1;0;0;0;0;0;0;82.0000;-2391.0000;132.0000;312;315;370;1;0;28
10566;0;0;0;0;0;0;112.0000;197.0000;125.0000;100.0000;7.0000;70.0000;1;0;0;0;0;0;0;82.0000;-2391.0000;132.0000;312;315;370;1;0;28
10576;0;0;0;0;0;0;112.0000;197.0000;125.0000;100.0000;7.0000;70.0000;1;0;0;0;0;0;0;82.0000;-2391.0000;135.0000;312;315;370;1;0;28
10587;0;0;0;0;0;0;112.0000;197.0000;125.0000;100.0000;7.0000;70.0000;1;0;0;0;0;0;0;95.0000;-2391.0000;135.0000;312;315;370;1;0;28
10597;0;0;0;0;0;0;162.0000;197.0000;125.0000;100.0000;7.0000;70.0000;1;0;0;0;0;0;0;95.0000;-2391.0000;135.0000;312;315;370;1;0;28
10608;0;0;0;0;0;0;162.0000;197.0000;125.0000;100.0000;7.0000;70.0000;1;0;0;0;0;0;0;95.0000;-2391.0000;135.0000;312;315;370;1;0;28
10619;0;0;0;0;0;0;162.0000;143.0000;125.0000;100.0000;7.0000;70.0000;1;0;0;0;0;0;0;95.0000;-2391.0000;135.0000;312;315;370;1;0;28
10630;0;0;0;0;0;0;162.0000;143.0000;125.0000;100.0000;7.0000;70.0000;1;0;0;0;0;0;0;95.0000;-2391.0000;135.0000;312;315;370;1;0;28
10640;0;0;0;0;0;0;162.0000;143.0000;139.0000;100.0000;7.0000;70.0000;1;0;0;0;0;0;0;95.0000;-2391.0000;135.0000;312;315;370;1;0;28
10651;0;0;0;0;0;0;162.0000;143.0000;139.0000;100.0000;7.0000;70.0000;1;0;0;0;0;0;0;95.0000;-2391.0000;135.0000;312;315;370;1;0;28
10661;0;0;0;0;0;0;162.0000;143.0000;139.0000;100.0000;7.0000;70.0000;1;0;0;0;0;0;0;95.0000;-2391.0000;135.0000;312;315;370;1;0;28
10672;0;0;0;0;0;0;162.0000;143.0000;139.0000;100.0000;7.0000;70.0000;1;0;0;0;0;0;0;95.0000;-2391.0000;65.0000;312;315;370;1;0;28
10682;0;0;0;0;0;0;162.0000;143.0000;139.0000;100.0000;7.0000;70.0000;1;0;0;0;0;0;0;98.0000;-2391.0000;65.0000;312;315;370;1;0;28
10695;0;0;0;0;0;0;115.0000;143.0000;139.0000;100.0000;7.0000;70.0000;1;0;0;0;0;0;0;98.0000;-2391.0000;65.0000;312;315;370;1;0;28
10706;0;0;0;0;0;0;115.0000;49.0000;139.0000;100.0000;7.0000;70.0000;1;0;0;0;0;0;0;98.0000;-2391.0000;65.0000;312;315;370;1;0;28
10716;0;0;0;0;0;0;115.0000;49.0000;139.0000;100.0000;7.0000;70.0000;1;0;0;0;0;0;0;98.0000;-2391.0000;65.0000;312;315;370;1;0;28
10727;0;0;0;0;0;0;115.0000;49.0000;139.0000;100.0000;7.0000;70.0000;1;0;0;0;0;0;0;98.0000;-2391.0000;65.0000;312;315;370;1;0;28
10738;0;0;0;0;0;0;115.0000;49.0000;119.0000;100.0000;7.0000;70.0000;1;0;0;0;0;0;0;98.0000;-2391.0000;65.0000;312;315;370;1;0;28
10749;0;0;0;0;0;0;115.0000;49.0000;119.0000;100.0000;7.0000;70.0000;1;0;0;0;0;0;0;98.0000;-2391.0000;65.0000;312;315;370;1;0;28
10767;0;0;0;0;0;0;115.0000;49.0000;119.0000;100.0000;7.0000;70.0000;1;0;0;0;0;0;0;98.0000;-2391.0000;65.0000;312;315;370;1;0;28
10778;0;0;0;0;0;0;115.0000;49.0000;119.0000;100.0000;7.0000;70.0000;1;0;0;0;0;0;0;58.0000;-2391.0000;85.0000;312;315;370;1;0;28
10788;0;0;0;0;0;0;115.0000;49.0000;119.0000;100.0000;7.0000;70.0000;1;0;0;0;0;0;0;58.0000;-2391.0000;85.0000;312;315;370;1;0;28
10799;0;0;0;0;0;0;155.0000;49.0000;119.0000;100.0000;7.0000;70.0000;1;0;0;0;0;0;0;58.0000;-2391.0000;85.0000;312;315;370;1;0;28
10809;0;0;0;0;0;0;155.0000;9.0000;119.0000;100.0000;7.0000;70.0000;1;0;0;0;0;0;0;58.0000;-2391.0000;85.0000;312;315;370;1;0;28
10820;0;0;0;0;0;0;155.0000;9.0000;119.0000;100.0000;7.0000;70.0000;1;0;0;0;0;0;0;58.0000;-2391.0000;85.0000;312;315;370;1;0;28
10830;0;0;0;0;0;0;155.0000;9.0000;119.0000;100.0000;7.0000;70.0000;1;0;0;0;0;0;0;58.0000;-2391.0000;85.0000;312;315;370;1;0;28
10840;0;0;0;0;0;0;155.0000;9.0000;119.0000;100.0000;7.0000;70.0000;1;0;0;0;0;0;0;58.0000;-2391.0000;85.0000;312;315;370;1;0;28
10851;0;0;0;0;0;0;155.0000;9.0000;92.0000;100.0000;7.0000;70.0000;1;0;0;0;0;0;0;58.0000;-2391.0000;85.0000;312;315;370;1;0;28
10861;0;0;0;0;0;0;155.0000;9.0000;92.0000;100.0000;7.0000;70.0000;1;0;0;0;0;0;0;58.0000;-2391.0000;85.0000;312;315;370;1;0;28
10872;0;0;0;0;0;0;155.0000;9.0000;92.0000;100.0000;7.0000;70.0000;1;0;0;0;0;0;0;58.0000;-2391.0000;85.0000;312;315;370;1;0;28
10882;0;0;0;0;0;0;155.0000;9.0000;92.0000;100.0000;7.0000;70.0000;1;0;0;0;0;0;0;85.0000;-2391.0000;122.0000;312;315;370;1;0;28
10893;0;0;0;0;0;0;155.0000;9.0000;92.0000;100.0000;7.0000;70.0000;1;0;0;0;0;0;0;85.0000;-2391.0000;122.0000;312;315;370;1;0;28
10903;0;0;0;0;0;0;155.0000;9.0000;92.0000;100.0000;7.0000;70.0000;1;0;0;0;0;0;0;85.0000;-2391.0000;122.0000;312;315;370;1;0;28
10914;0;0;0;0;0;0;155.0000;197.0000;92.0000;100.0000;7.0000;70.0000;1;0;0;0;0;0;0;85.0000;-2391.0000;122.0000;312;315;370;1;0;28
10925;0;0;0;0;0;0;155.0000;197.0000;92.0000;100.0000;7.0000;70.0000;1;0;0;0;0;0;0;85.0000;-2391.0000;122.0000;312;315;370;1;0;28
10938;0;0;0;0;0;0;155.0000;197.0000;92.0000;100.0000;7.0000;70.0000;1;0;0;0;0;0;0;85.0000;-2391.0000;122.0000;312;315;370;1;0;28
10949;0;0;0;0;0;0;155.0000;197.0000;92.0000;100.0000;7.0000;70.0000;1;0;0;0;0;0;0;85.0000;-2391.0000;122.0000;312;315;370;1;0;28
10960;0;0;0;0;0;0;155.0000;197.0000;108.0000;100.0000;7.0000;70.0000;1;0;0;0;0;0;0;85.0000;-2391.0000;122.0000;312;315;370;1;0;28
10970;0;0;0;0;0;0;155.0000;197.0000;108.0000;100.0000;7.0000;70.0000;1;0;0;0;0;0;0;85.0000;-2391.0000;122.0000;312;315;370;1;0;28
11001;0;0;0;0;0;0;155.0000;197.0000;108.0000;100.0000;7.0000;70.0000;1;0;0;0;0;0;0;85.0000;-2391.0000;122.0000;312;315;370;1;0;28
11015;0;0;0;0;0;0;108.0000;197.0000;108.0000;100.0000;7.0000;70.0000;1;0;0;0;0;0;0;75.0000;-2391.0000;142.0000;312;315;370;1;0;28
11028;0;0;0;0;0;0;108.0000;143.0000;108.0000;100.0000;7.0000;70.0000;1;0;0;0;0;0;0;75.0000;-2391.0000;142.0000;312;315;370;1;0;28
11039;0;0;0;0;0;0;108.0000;143.0000;108.0000;100.0000;7.0000;70.0000;1;0;0;0;0;0;0;75.0000;-2391.0000;142.0000;312;315;370;1;0;28
11052;0;0;0;0;0;0;108.0000;143.0000;108.0000;100.0000;7.0000;70.0000;1;0;0;0;0;0;0;75.0000;-2391.0000;142.0000;312;315;370;1;0;28
11063;0;0;0;0;0;0;108.0000;143.0000;92.0000;100.0000;7.0000;70.0000;1;0;0;0;0;0;0;75.0000;-2391.0000;142.0000;312;315;370;1;0;16
11074;0;0;0;0;0;0;108.0000;143.0000;92.0000;100.0000;7.0000;70.0000;1;0;0;0;0;0;0;75.0000;-2391.0000;142.0000;312;315;370;1;0;0
11084;0;0;0;0;0;0;108.0000;143.0000;92.0000;100.0000;7.0000;70.0000;1;0;0;0;0;0;0;65.0000;-2391.0000;142.0000;312;315;370;1;0;0
11095;0;0;0;0;0;0;108.0000;143.0000;92.0000;100.0000;7.0000;70.0000;1;0;0;0;0;0;0;65.0000;-2391.0000;75.0000;312;315;370;1;0;0
11106;0;0;0;0;0;0;162.0000;143.0000;92.0000;100.0000;7.0000;70.0000;1;0;0;0;0;0;0;65.0000;-2391.0000;75.0000;312;315;370;1;0;0
11118;0;0;0;0;0;0;162.0000;157.0000;92.0000;100.0000;7.0000;70.0000;1;0;0;0;0;0;0;65.0000;-2391.0000;75.0000;312;315;370;1;0;0
11129;0;0;0;0;0;0;162.0000;157.0000;92.0000;100.0000;7.0000;70.0000;1;0;0;0;0;0;0;65.0000;-2391.0000;75.0000;312;315;370;1;0;0
11166;0;0;0;0;0;0;162.0000;157.0000;92.0000;100.0000;7.0000;70.0000;1;0;0;0;0;0;0;65.0000;-2391.0000;75.0000;312;315;370;1;0;0
11179;0;0;0;0;0;0;162.0000;157.0000;135.0000;100.0000;7.0000;70.0000;1;0;0;0;0;0;0;65.0000;-2391.0000;75.0000;312;315;370;1;0;0
11190;0;0;0;0;0;0;162.0000;157.0000;135.0000;100.0000;7.0000;70.0000;1;0;0;0;0;0;0;112.0000;-2391.0000;95.0000;312;315;370;1;0;0
11202;0;0;0;0;0;0;159.0000;157.0000;135.0000;100.0000;7.0000;70.0000;1;0;0;0;0;0;0;112.0000;-2391.0000;95.0000;312;315;370;1;0;0
11213;0;0;0;0;0;0;159.0000;157.0000;135.0000;100.0000;7.0000;70.0000;1;0;0;0;0;0;0;112.0000;-2391.0000;95.0000;312;315;370;1;0;0
11224;0;0;0;0;0;0;159.0000;157.0000;135.0000;100.0000;7.0000;70.0000;1;0;0;0;0;0;0;112.0000;-2391.0000;95.0000;312;315;370;1;0;0
11235;0;0;0;0;0;0;159.0000;157.0000;135.0000;100.0000;7.0000;70.0000;1;0;0;0;0;0;0;112.0000;-2391.0000;95.0000;312;315;370;1;0;0
11245;0;0;0;0;0;0;159.0000;157.0000;135.0000;100.0000;7.0000;70.0000;1;0;0;0;0;0;0;112.0000;-2391.0000;95.0000;312;315;370;1;0;0
11258;0;0;0;0;0;0;159.0000;157.0000;135.0000;100.0000;7.0000;70.0000;1;0;0;0;0;0;0;112.0000;-2391.0000;95.0000;312;315;370;1;0;0
11270;0;0;0;0;0;0;159.0000;157.0000;135.0000;100.0000;7.0000;70.0000;1;0;0;0;0;0;0;112.0000;-2391.0000;95.0000;312;315;370;1;0;0
11287;0;0;0;0;0;0;159.0000;157.0000;132.0000;100.0000;7.0000;70.0000;1;0;0;0;0;0;0;112.0000;-2391.0000;95.0000;312;315;370;1;0;0
11298;0;0;0;0;0;0;159.0000;157.0000;132.0000;100.0000;7.0000;70.0000;1;0;0;0;0;0;0;112.0000;-2391.0000;95.0000;312;315;370;1;0;0
11309;0;0;0;0;0;0;162.0000;157.0000;132.0000;100.0000;6.0000;70.0000;1;0;0;0;0;0;0;112.0000;-2391.0000;95.0000;312;315;370;1;0;0
11319;0;0;0;0;0;0;162.0000;23.0000;132.0000;100.0000;6.0000;70.0000;1;0;0;0;0;0;0;112.0000;-2391.0000;95.0000;312;315;370;1;0;0
11330;0;0;0;0;0;0;162.0000;23.0000;132.0000;100.0000;6.0000;70.0000;1;0;0;0;0;0;0;112.0000;-2391.0000;95.0000;312;315;370;1;0;0
11347;0;0;0;0;0;0;162.0000;23.0000;132.0000;100.0000;6.0000;70.0000;1;0;0;0;0;0;0;112.0000;-2391.0000;95.0000;312;315;370;1;0;0
11358;0;0;0;0;0;0;162.0000;23.0000;132.0000;100.0000;6.0000;70.0000;1;0;0;0;0;0;0;112.0000;-2391.0000;95.0000;312;315;370;1;0;0
11368;0;0;0;0;0;0;162.0000;23.0000;132.0000;100.0000;6.0000;70.0000;1;0;0;0;0;0;0;112.0000;-2391.0000;95.0000;312;315;370;1;0;0
11379;0;0;0;0;0;0;162.0000;23.0000;108.0000;100.0000;6.0000;70.0000;1;0;0;0;0;0;0;112.0000;-2391.0000;95.0000;312;315;370;1;0;0
