TIMESTAMP;TEMP1;TEMP2;TEMP3;BOARD_TEMP1;BOARD_TEMP2;BOARD_TEMP3;OXIDIZER_PRESS;PRESSURE_FEED_PRESS;CHAMBER_PRESS1;CPU_USAGE;MEM_USAGE;DISK_UTILIZATION;PRIMER_STATUS;OXIDIZER_MAIN_VALVE;OXIDIZER_VENT_VALVE;OXIDIZER_DUMP_VALVE;PRESSURE_FEED_MAIN_VALVE;PRESSURE_FEED_VENT_VALVE;ENGINE_MODE;ETHANOL_PRESS;CHAMBER_PRESS2;CHAMBER_PRESS3;SEC_BOARD_TEMP1;SEC_BOARD_TEMP2;SEC_BOARD_TEMP3;ETHANOL_MAIN_VALVE;ETHANOL_VENT_VALVE;GPIO_STATE
1244;0;0;0;0;0;0;0.0000;0.0000;0.0000;0.0000;0.0000;0.0000;1;0;0;0;0;0;0;0.0000;0.0000;0.0000;0;0;0;0;0;131072
1255;0;0;0;0;0;0;0.0000;0.0000;0.0000;0.0000;0.0000;0.0000;1;0;0;0;0;0;0;0.0000;0.0000;0.0000;0;0;0;0;0;232452
1265;0;0;0;0;0;0;0.0000;0.0000;0.0000;0.0000;0.0000;0.0000;1;0;0;0;0;0;0;0.0000;0.0000;0.0000;0;0;0;0;0;232452
1276;0;0;0;0;0;0;0.0000;0.0000;0.0000;0.0000;0.0000;0.0000;1;0;0;0;0;0;0;0.0000;0.0000;0.0000;0;0;0;0;0;232452
1286;0;0;0;0;0;0;0.0000;0.0000;0.0000;0.0000;0.0000;0.0000;1;0;0;0;0;0;0;0.0000;0.0000;0.0000;0;0;0;0;0;232452
1296;0;0;0;0;0;0;0.0000;0.0000;0.0000;0.0000;0.0000;0.0000;1;0;0;0;0;0;0;0.0000;0.0000;0.0000;0;0;0;0;0;232452
1308;0;0;0;0;0;0;0.0000;0.0000;0.0000;0.0000;0.0000;0.0000;1;0;0;0;0;0;0;0.0000;0.0000;0.0000;0;0;0;0;0;232452
1318;0;0;0;0;0;0;0.0000;0.0000;0.0000;0.0000;0.0000;0.0000;1;0;0;0;0;0;0;0.0000;0.0000;0.0000;0;0;0;0;0;232452
1329;0;0;0;0;0;0;0.0000;0.0000;0.0000;0.0000;0.0000;0.0000;1;0;0;0;0;0;0;0.0000;0.0000;0.0000;0;0;0;0;0;232452
1339;0;0;0;0;0;0;0.0000;0.0000;0.0000;0.0000;0.0000;0.0000;1;0;0;0;0;0;0;0.0000;0.0000;0.0000;0;0;0;0;0;232452
1350;0;0;0;0;0;0;0.0000;0.0000;0.0000;0.0000;0.0000;0.0000;1;0;0;0;0;0;0;0.0000;0.0000;0.0000;0;0;0;0;0;232452
1361;0;0;0;0;0;0;0.0000;0.0000;0.0000;0.0000;0.0000;0.0000;1;0;0;0;0;0;0;0.0000;0.0000;0.0000;0;0;0;0;0;232460
1371;0;0;0;0;0;0;0.0000;0.0000;0.0000;0.0000;0.0000;0.0000;1;0;0;0;0;0;0;0.0000;0.0000;0.0000;0;0;0;0;0;232476
1381;0;0;0;0;0;0;0.0000;0.0000;0.0000;0.0000;0.0000;0.0000;1;0;0;0;0;0;0;0.0000;0.0000;0.0000;0;0;0;0;0;232476
1392;0;0;0;0;0;0;0.0000;0.0000;0.0000;0.0000;0.0000;0.0000;1;0;0;0;0;0;0;0.0000;0.0000;0.0000;0;0;0;0;0;232476
1402;0;0;0;0;0;0;0.0000;0.0000;0.0000;0.0000;0.0000;0.0000;1;0;0;0;0;0;0;0.0000;0.0000;0.0000;0;0;0;0;0;232476
1412;0;0;0;0;0;0;0.0000;0.0000;0.0000;0.0000;0.0000;0.0000;1;0;0;0;0;0;0;0.0000;0.0000;0.0000;0;0;0;0;0;232476
1423;0;0;0;0;0;0;0.0000;0.0000;0.0000;0.0000;0.0000;0.0000;1;0;0;0;0;0;0;0.0000;0.0000;0.0000;0;0;0;0;0;232476
1435;0;0;0;0;0;0;0.0000;0.0000;0.0000;0.0000;0.0000;0.0000;1;0;0;0;0;0;0;0.0000;0.0000;0.0000;0;0;0;0;0;232476
1446;0;0;0;0;0;0;0.0000;0.0000;0.0000;0.0000;0.0000;0.0000;1;0;0;0;0;0;0;0.0000;0.0000;0.0000;0;0;0;0;0;232476
1456;0;0;0;0;0;0;0.0000;0.0000;0.0000;0.0000;0.0000;0.0000;1;0;0;0;0;0;0;0.0000;0.0000;0.0000;0;0;0;0;0;232476
1467;0;0;0;0;0;0;0.0000;0.0000;0.0000;0.0000;0.0000;0.0000;1;0;0;0;0;0;0;0.0000;0.0000;0.0000;0;0;0;0;0;232476
1477;0;0;0;0;0;0;0.0000;0.0000;0.0000;0.0000;0.0000;0.0000;1;0;0;0;0;0;0;0.0000;0.0000;0.0000;0;0;0;0;0;232476
1487;0;0;0;0;0;0;0.0000;0.0000;0.0000;0.0000;0.0000;0.0000;1;0;0;0;0;0;0;0.0000;0.0000;0.0000;0;0;0;0;0;232476
1498;0;0;0;0;0;0;0.0000;0.0000;0.0000;0.0000;0.0000;0.0000;1;0;0;0;0;0;0;0.0000;0.0000;0.0000;0;0;0;0;0;232476
1508;0;0;0;0;0;0;0.0000;0.0000;0.0000;0.0000;0.0000;0.0000;1;0;0;0;0;0;0;0.0000;0.0000;0.0000;0;0;0;0;0;232476
1518;0;0;0;0;0;0;0.0000;0.0000;0.0000;0.0000;0.0000;0.0000;1;0;0;0;0;0;0;0.0000;0.0000;0.0000;0;0;0;0;0;232476
1529;0;0;0;0;0;0;0.0000;0.0000;0.0000;0.0000;0.0000;0.0000;1;0;0;0;0;0;0;0.0000;0.0000;0.0000;0;0;0;0;0;232476
1539;0;0;0;0;0;0;0.0000;0.0000;0.0000;0.0000;0.0000;0.0000;1;0;0;0;0;0;0;0.0000;0.0000;0.0000;0;0;0;0;0;232476
1554;0;0;0;0;0;0;0.0000;0.0000;0.0000;0.0000;0.0000;0.0000;1;0;0;0;0;0;0;0.0000;0.0000;0.0000;0;0;0;0;0;232476
1564;0;0;0;0;0;0;0.0000;0.0000;0.0000;0.0000;0.0000;0.0000;1;0;0;0;0;0;0;0.0000;0.0000;0.0000;0;0;0;0;0;232476
1575;0;0;0;0;0;0;0.0000;0.0000;0.0000;0.0000;0.0000;0.0000;1;0;0;0;0;0;0;0.0000;0.0000;0.0000;0;0;0;0;0;232476
1585;0;0;0;0;0;0;0.0000;0.0000;0.0000;0.0000;0.0000;0.0000;1;0;0;0;0;0;0;0.0000;0.0000;0.0000;0;0;0;0;0;232476
1595;0;0;0;0;0;0;0.0000;0.0000;0.0000;0.0000;0.0000;0.0000;1;0;0;0;0;0;0;0.0000;0.0000;0.0000;0;0;0;0;0;232476
1606;0;0;0;0;0;0;0.0000;0.0000;0.0000;0.0000;0.0000;0.0000;1;0;0;0;0;0;0;0.0000;0.0000;0.0000;0;0;0;0;0;232476
1624;0;0;0;0;0;0;0.0000;0.0000;0.0000;0.0000;0.0000;0.0000;1;0;0;0;0;0;0;0.0000;0.0000;0.0000;0;0;0;0;0;232476
1634;0;0;0;0;0;0;0.0000;0.0000;0.0000;0.0000;0.0000;0.0000;1;0;0;0;0;0;0;0.0000;0.0000;0.0000;0;0;0;0;0;232476
1645;0;0;0;0;0;0;0.0000;0.0000;0.0000;0.0000;0.0000;0.0000;1;0;0;0;0;0;0;0.0000;0.0000;0.0000;0;0;0;0;0;232476
1655;0;0;0;0;0;0;0.0000;0.0000;0.0000;0.0000;0.0000;0.0000;1;0;0;0;0;0;0;0.0000;0.0000;0.0000;0;0;0;0;0;232476
1666;0;0;0;0;0;0;0.0000;0.0000;0.0000;0.0000;0.0000;0.0000;1;0;0;0;0;0;0;0.0000;0.0000;0.0000;0;0;0;0;0;232476
1676;0;0;0;0;0;0;0.0000;0.0000;0.0000;0.0000;0.0000;0.0000;1;0;0;0;0;0;0;0.0000;0.0000;0.0000;0;0;0;0;0;232476
1686;0;0;0;0;0;0;0.0000;0.0000;0.0000;0.0000;0.0000;0.0000;1;0;0;0;0;0;0;0.0000;0.0000;0.0000;0;0;0;0;0;232476
1697;0;0;0;0;0;0;0.0000;0.0000;0.0000;0.0000;0.0000;0.0000;1;0;0;0;0;0;0;0.0000;0.0000;0.0000;0;0;0;0;0;232476
1707;0;0;0;0;0;0;0.0000;0.0000;0.0000;0.0000;0.0000;0.0000;1;0;0;0;0;0;0;0.0000;0.0000;0.0000;0;0;0;0;0;232476
1717;0;0;0;0;0;0;0.0000;0.0000;0.0000;0.0000;0.0000;0.0000;1;0;0;0;0;0;0;0.0000;0.0000;0.0000;0;0;0;0;0;232476
1728;0;0;0;0;0;0;0.0000;0.0000;0.0000;0.0000;0.0000;0.0000;1;0;0;0;0;0;0;0.0000;0.0000;0.0000;0;0;0;0;0;232476
1742;0;0;0;0;0;0;0.0000;0.0000;0.0000;0.0000;0.0000;0.0000;1;0;0;0;0;0;0;0.0000;0.0000;0.0000;0;0;0;0;0;232476
1752;0;0;0;0;0;0;0.0000;0.0000;0.0000;0.0000;0.0000;0.0000;1;0;0;0;0;0;0;0.0000;0.0000;0.0000;0;0;0;0;0;232476
1762;0;0;0;0;0;0;0.0000;0.0000;0.0000;0.0000;0.0000;0.0000;1;0;0;0;0;0;0;0.0000;0.0000;0.0000;0;0;0;0;0;232476
1774;0;0;0;0;0;0;0.0000;0.0000;0.0000;0.0000;0.0000;0.0000;1;0;0;0;0;0;0;0.0000;0.0000;0.0000;0;0;0;0;0;232476
1785;0;0;0;0;0;0;0.0000;0.0000;0.0000;0.0000;0.0000;0.0000;1;0;0;0;0;0;0;0.0000;0.0000;0.0000;0;0;0;0;0;232472
1795;0;0;0;0;0;0;0.0000;0.0000;0.0000;0.0000;0.0000;0.0000;1;0;0;0;0;0;0;0.0000;0.0000;0.0000;0;0;0;0;0;232472
1806;0;0;0;0;0;0;0.0000;0.0000;0.0000;0.0000;0.0000;0.0000;1;0;0;0;0;0;0;0.0000;0.0000;0.0000;0;0;0;0;0;232472
1816;0;0;0;0;0;0;0.0000;0.0000;0.0000;0.0000;0.0000;0.0000;1;0;0;0;0;0;0;0.0000;0.0000;0.0000;0;0;0;0;0;232472
1827;0;0;0;0;0;0;0.0000;0.0000;0.0000;0.0000;0.0000;0.0000;1;0;0;0;0;0;0;0.0000;0.0000;0.0000;0;0;0;0;0;232472
1837;0;0;0;0;0;0;0.0000;0.0000;0.0000;0.0000;0.0000;0.0000;1;0;0;0;0;0;0;0.0000;0.0000;0.0000;0;0;0;0;0;232472
1847;0;0;0;0;0;0;0.0000;0.0000;0.0000;0.0000;0.0000;0.0000;1;0;0;0;0;0;0;0.0000;0.0000;0.0000;0;0;0;0;0;232472
1858;0;0;0;0;0;0;0.0000;0.0000;0.0000;0.0000;0.0000;0.0000;1;0;0;0;0;0;0;0.0000;0.0000;0.0000;0;0;0;0;0;232472
1869;0;0;0;0;0;0;0.0000;0.0000;0.0000;0.0000;0.0000;0.0000;1;0;0;0;0;0;0;0.0000;0.0000;0.0000;0;0;0;0;0;232472
1880;0;0;0;0;0;0;0.0000;0.0000;0.0000;0.0000;0.0000;0.0000;1;0;0;0;0;0;0;0.0000;0.0000;0.0000;0;0;0;0;0;232472
1893;0;0;0;0;0;0;0.0000;0.0000;0.0000;0.0000;0.0000;0.0000;1;0;0;0;0;0;0;0.0000;0.0000;0.0000;0;0;0;0;0;232448
1903;0;0;0;0;0;0;0.0000;0.0000;0.0000;0.0000;0.0000;0.0000;1;0;0;0;0;0;0;0.0000;0.0000;0.0000;0;0;0;0;0;232448
1914;0;0;0;0;0;0;0.0000;0.0000;0.0000;0.0000;0.0000;0.0000;1;0;0;0;0;0;0;0.0000;0.0000;0.0000;0;0;0;0;0;232448
1924;0;0;0;0;0;0;0.0000;0.0000;0.0000;0.0000;0.0000;0.0000;1;0;0;0;0;0;0;0.0000;0.0000;0.0000;0;0;0;0;0;232448
1935;0;0;0;0;0;0;0.0000;0.0000;0.0000;0.0000;0.0000;0.0000;1;0;0;0;0;0;0;0.0000;0.0000;0.0000;0;0;0;0;0;232448
1945;0;0;0;0;0;0;0.0000;0.0000;0.0000;0.0000;0.0000;0.0000;1;0;0;0;0;0;0;0.0000;0.0000;0.0000;0;0;0;0;0;232448
1955;0;0;0;0;0;0;0.0000;0.0000;0.0000;0.0000;0.0000;0.0000;1;0;0;0;0;0;0;0.0000;0.0000;0.0000;0;0;0;0;0;232448
1965;0;0;0;0;0;0;0.0000;0.0000;0.0000;0.0000;0.0000;0.0000;1;0;0;0;0;0;0;0.0000;0.0000;0.0000;0;0;0;0;0;232448
1979;0;0;0;0;0;0;0.0000;0.0000;0.0000;0.0000;0.0000;0.0000;1;0;0;0;0;0;0;0.0000;0.0000;0.0000;0;0;0;0;0;232448
1989;0;0;0;0;0;0;0.0000;0.0000;0.0000;0.0000;0.0000;0.0000;1;0;0;0;0;0;0;0.0000;0.0000;0.0000;0;0;0;0;0;232448
2000;0;0;0;0;0;0;0.0000;0.0000;0.0000;0.0000;0.0000;0.0000;1;0;0;0;0;0;0;0.0000;0.0000;0.0000;0;0;0;0;0;232448
2010;0;0;0;0;0;0;0.0000;0.0000;0.0000;0.0000;0.0000;0.0000;1;0;0;0;0;0;0;0.0000;0.0000;0.0000;0;0;0;0;0;232448
2021;0;0;0;0;0;0;0.0000;0.0000;0.0000;0.0000;0.0000;0.0000;1;0;0;0;0;0;0;0.0000;0.0000;0.0000;0;0;0;0;0;232448
2031;0;0;0;0;0;0;0.0000;0.0000;0.0000;0.0000;0.0000;0.0000;1;0;0;0;0;0;0;0.0000;0.0000;0.0000;0;0;0;0;0;232448
2041;0;0;0;0;0;0;0.0000;0.0000;0.0000;0.0000;0.0000;0.0000;1;0;0;0;0;0;0;0.0000;0.0000;0.0000;0;0;0;0;0;232448
2052;0;0;0;0;0;0;0.0000;0.0000;0.0000;0.0000;0.0000;0.0000;1;0;0;0;0;0;0;0.0000;0.0000;0.0000;0;0;0;0;0;232448
2062;0;0;0;0;0;0;0.0000;0.0000;0.0000;0.0000;0.0000;0.0000;1;0;0;0;0;0;0;0.0000;0.0000;0.0000;0;0;0;0;0;232448
2072;0;0;0;0;0;0;0.0000;0.0000;0.0000;0.0000;0.0000;0.0000;1;0;0;0;0;0;0;0.0000;0.0000;0.0000;0;0;0;0;0;232448
2083;0;0;0;0;0;0;0.0000;0.0000;0.0000;0.0000;0.0000;0.0000;1;0;0;0;0;0;0;0.0000;0.0000;0.0000;0;0;0;0;0;232448
2093;0;0;0;0;0;0;0.0000;0.0000;0.0000;0.0000;0.0000;0.0000;1;0;0;0;0;0;0;0.0000;0.0000;0.0000;0;0;0;0;0;232448
2104;0;0;0;0;0;0;0.0000;0.0000;0.0000;0.0000;0.0000;0.0000;1;0;0;0;0;0;0;0.0000;0.0000;0.0000;0;0;0;0;0;232448
2114;0;0;0;0;0;0;0.0000;0.0000;0.0000;0.0000;0.0000;0.0000;1;0;0;0;0;0;0;0.0000;0.0000;0.0000;0;0;0;0;0;232448
2134;0;0;0;0;0;0;0.0000;0.0000;0.0000;0.0000;0.0000;0.0000;1;0;0;0;0;0;0;0.0000;0.0000;0.0000;0;0;0;0;0;232448
2144;0;0;0;0;0;0;0.0000;0.0000;0.0000;0.0000;0.0000;0.0000;1;0;0;0;0;0;0;0.0000;0.0000;0.0000;0;0;0;0;0;232448
2155;0;0;0;0;0;0;0.0000;0.0000;0.0000;33.0000;7.0000;70.0000;1;0;0;0;0;0;0;0.0000;0.0000;0.0000;0;0;0;0;0;232448
2172;0;0;0;0;0;0;0.0000;0.0000;0.0000;33.0000;7.0000;70.0000;1;0;0;0;0;0;0;0.0000;0.0000;0.0000;0;0;0;0;0;232448
2182;0;0;0;0;0;0;0.0000;0.0000;0.0000;33.0000;7.0000;70.0000;1;0;0;0;0;0;0;0.0000;0.0000;0.0000;0;0;0;0;0;232448
2193;0;0;0;0;0;0;0.0000;0.0000;0.0000;33.0000;7.0000;70.0000;1;0;0;0;0;0;0;0.0000;0.0000;0.0000;0;0;0;0;0;232448
2204;0;0;0;0;0;0;112.0000;161.0000;132.0000;33.0000;7.0000;70.0000;1;0;0;0;0;0;0;0.0000;0.0000;0.0000;0;0;0;0;0;232448
2215;0;0;0;0;0;0;112.0000;161.0000;132.0000;33.0000;7.0000;70.0000;1;0;0;0;0;0;0;0.0000;0.0000;0.0000;0;0;0;0;0;232448
2225;0;0;0;0;0;0;112.0000;161.0000;132.0000;33.0000;7.0000;70.0000;1;0;0;0;0;0;0;0.0000;0.0000;0.0000;0;0;0;0;0;232448
2235;0;0;0;0;0;0;112.0000;161.0000;132.0000;33.0000;7.0000;70.0000;1;0;0;0;0;0;0;0.0000;0.0000;0.0000;0;0;0;0;0;232448
2246;0;0;0;0;0;0;112.0000;161.0000;132.0000;33.0000;7.0000;70.0000;1;0;0;0;0;0;0;0.0000;0.0000;0.0000;0;0;0;0;0;232448
2256;0;0;0;0;0;0;112.0000;161.0000;132.0000;33.0000;7.0000;70.0000;1;0;0;0;0;0;0;0.0000;0.0000;0.0000;0;0;0;0;0;232448
2266;0;0;0;0;0;0;112.0000;161.0000;132.0000;33.0000;7.0000;70.0000;1;0;0;0;0;0;0;0.0000;0.0000;0.0000;0;0;0;0;0;232448
2276;0;0;0;0;0;0;112.0000;161.0000;132.0000;33.0000;7.0000;70.0000;1;0;0;0;0;0;0;0.0000;0.0000;0.0000;0;0;0;0;0;232448
2287;0;0;0;0;0;0;112.0000;161.0000;132.0000;33.0000;7.0000;70.0000;1;0;0;0;0;0;0;0.0000;0.0000;0.0000;0;0;0;0;0;232448
2330;0;0;0;0;0;0;72.0000;161.0000;139.0000;33.0000;7.0000;70.0000;1;0;0;0;0;0;0;0.0000;0.0000;0.0000;0;0;0;0;0;232452
2340;0;0;0;0;0;0;72.0000;161.0000;139.0000;33.0000;7.0000;70.0000;1;0;0;0;0;0;0;0.0000;0.0000;0.0000;0;0;0;0;0;232452
2350;0;0;0;0;0;0;72.0000;161.0000;139.0000;33.0000;7.0000;70.0000;1;0;0;0;0;0;0;0.0000;0.0000;0.0000;0;0;0;0;0;232452
2361;0;0;0;0;0;0;72.0000;161.0000;139.0000;33.0000;7.0000;70.0000;1;0;0;0;0;0;0;0.0000;0.0000;0.0000;0;0;0;0;0;232452
2372;0;0;0;0;0;0;72.0000;161.0000;139.0000;33.0000;7.0000;70.0000;1;0;0;0;0;0;0;0.0000;0.0000;0.0000;0;0;0;0;0;232452
2382;0;0;0;0;0;0;72.0000;161.0000;139.0000;33.0000;7.0000;70.0000;1;0;0;0;0;0;0;0.0000;0.0000;0.0000;0;0;0;0;0;232452
2393;0;0;0;0;0;0;72.0000;161.0000;139.0000;33.0000;7.0000;70.0000;1;0;0;0;0;0;0;0.0000;0.0000;0.0000;0;0;0;0;0;232452
2405;0;0;0;0;0;0;79.0000;161.0000;139.0000;33.0000;7.0000;70.0000;1;0;0;0;0;0;0;0.0000;0.0000;0.0000;0;0;0;0;0;232452
2417;0;0;0;0;0;0;79.0000;161.0000;92.0000;33.0000;7.0000;70.0000;1;0;0;0;0;0;0;0.0000;0.0000;0.0000;0;0;0;0;0;68636
2429;0;0;0;0;0;0;79.0000;161.0000;92.0000;33.0000;7.0000;70.0000;1;0;0;0;0;0;0;0.0000;0.0000;0.0000;0;0;0;0;0;65564
2440;0;0;0;0;0;0;79.0000;161.0000;92.0000;33.0000;7.0000;70.0000;1;0;0;0;0;0;0;0.0000;0.0000;0.0000;0;0;0;0;0;65564
2450;0;0;0;0;0;0;79.0000;161.0000;92.0000;33.0000;7.0000;70.0000;1;0;0;0;0;0;0;0.0000;0.0000;0.0000;0;0;0;0;0;65564
2461;0;0;0;0;0;0;79.0000;161.0000;92.0000;33.0000;7.0000;70.0000;1;0;0;0;0;0;0;75.0000;-2391.0000;102.0000;0;0;0;0;0;65564
2474;0;0;0;0;0;0;79.0000;161.0000;92.0000;33.0000;7.0000;70.0000;1;0;0;0;0;0;0;75.0000;-2391.0000;102.0000;0;0;0;0;0;65564
2484;0;0;0;240;0;0;79.0000;161.0000;92.0000;33.0000;7.0000;70.0000;1;0;0;0;0;0;0;75.0000;-2391.0000;102.0000;0;0;0;0;0;65564
2495;0;0;0;240;0;0;79.0000;161.0000;92.0000;33.0000;7.0000;70.0000;1;0;0;0;0;0;0;75.0000;-2391.0000;102.0000;0;0;0;0;0;65564
2506;0;0;0;240;0;0;75.0000;80.0000;132.0000;33.0000;7.0000;70.0000;1;0;0;0;0;0;0;75.0000;-2391.0000;102.0000;0;0;0;0;0;65564
2516;0;0;0;240;0;0;75.0000;80.0000;132.0000;33.0000;7.0000;70.0000;1;0;0;0;0;0;0;75.0000;-2391.0000;102.0000;0;0;0;0;0;65564
2527;0;0;0;240;0;0;75.0000;80.0000;132.0000;33.0000;7.0000;70.0000;1;0;0;0;0;0;0;75.0000;-2391.0000;102.0000;0;0;0;0;0;65564
2537;0;0;0;240;0;0;75.0000;80.0000;132.0000;33.0000;7.0000;70.0000;1;0;0;0;0;0;0;75.0000;-2391.0000;102.0000;0;0;0;0;0;65564
2547;0;0;0;240;0;0;75.0000;80.0000;132.0000;33.0000;7.0000;70.0000;1;0;0;0;0;0;0;75.0000;-2391.0000;102.0000;0;0;0;0;0;65564
2558;0;0;0;240;0;0;75.0000;80.0000;132.0000;33.0000;7.0000;70.0000;1;0;0;0;0;0;0;75.0000;-2391.0000;85.0000;0;0;0;0;0;65564
2569;0;0;0;240;0;0;75.0000;80.0000;132.0000;33.0000;7.0000;70.0000;1;0;0;0;0;0;0;115.0000;-2391.0000;85.0000;0;0;0;0;0;65564
2579;0;0;0;240;0;0;75.0000;80.0000;132.0000;33.0000;7.0000;70.0000;1;0;0;0;0;0;0;115.0000;-2391.0000;85.0000;0;0;0;0;0;65564
2589;0;0;0;240;0;0;75.0000;80.0000;132.0000;33.0000;7.0000;70.0000;1;0;0;0;0;0;0;115.0000;-2391.0000;85.0000;0;0;0;0;0;65564
2600;0;0;0;240;0;0;112.0000;80.0000;132.0000;33.0000;7.0000;70.0000;1;0;0;0;0;0;0;115.0000;-2391.0000;85.0000;0;0;0;0;0;65564
2611;0;0;0;240;0;0;112.0000;93.0000;102.0000;33.0000;7.0000;70.0000;1;0;0;0;0;0;0;115.0000;-2391.0000;85.0000;0;0;0;0;0;65564
2621;0;0;0;240;0;0;112.0000;93.0000;102.0000;33.0000;7.0000;70.0000;1;0;0;0;0;0;0;115.0000;-2391.0000;85.0000;0;0;0;0;0;65564
2631;0;0;0;240;0;0;112.0000;93.0000;102.0000;33.0000;7.0000;70.0000;1;0;0;0;0;0;0;115.0000;-2391.0000;85.0000;0;0;0;0;0;65564
2642;0;0;0;240;0;0;112.0000;93.0000;102.0000;33.0000;7.0000;70.0000;1;0;0;0;0;0;0;115.0000;-2391.0000;85.0000;0;0;0;0;0;65564
2652;0;0;0;240;0;0;112.0000;93.0000;102.0000;33.0000;7.0000;70.0000;1;0;0;0;0;0;0;115.0000;-2391.0000;85.0000;0;0;0;0;0;65564
2662;0;0;0;240;0;0;112.0000;93.0000;102.0000;33.0000;7.0000;70.0000;1;0;0;0;0;0;0;132.0000;-2391.0000;85.0000;0;0;0;0;0;65564
2673;0;0;0;240;0;0;112.0000;93.0000;102.0000;33.0000;7.0000;70.0000;1;0;0;0;0;0;0;132.0000;-2391.0000;85.0000;0;0;0;0;0;65564
2683;0;0;0;240;0;0;112.0000;93.0000;102.0000;33.0000;7.0000;70.0000;1;0;0;0;0;0;0;132.0000;-2391.0000;85.0000;0;0;0;0;0;65564
2694;0;0;0;240;0;0;112.0000;93.0000;102.0000;33.0000;7.0000;70.0000;1;0;0;0;0;0;0;132.0000;-2391.0000;85.0000;0;0;0;0;0;65564
2705;0;0;0;240;0;0;99.0000;174.0000;102.0000;33.0000;7.0000;70.0000;1;0;0;0;0;0;0;132.0000;-2391.0000;85.0000;0;0;0;0;0;65564
2715;0;0;0;240;0;0;99.0000;174.0000;78.0000;33.0000;7.0000;70.0000;1;0;0;0;0;0;0;132.0000;-2391.0000;85.0000;0;0;0;0;0;65564
2726;0;0;0;240;0;0;99.0000;174.0000;78.0000;33.0000;7.0000;70.0000;1;0;0;0;0;0;0;132.0000;-2391.0000;85.0000;0;0;0;0;0;65564
2736;0;0;0;240;0;0;99.0000;174.0000;78.0000;33.0000;7.0000;70.0000;1;0;0;0;0;0;0;132.0000;-2391.0000;85.0000;0;0;0;0;0;65560
2747;0;0;0;240;0;0;99.0000;174.0000;78.0000;33.0000;7.0000;70.0000;1;0;0;0;0;0;0;132.0000;-2391.0000;85.0000;0;0;0;0;0;65560
2757;0;0;0;240;0;0;99.0000;174.0000;78.0000;33.0000;7.0000;70.0000;1;0;0;0;0;0;0;132.0000;-2391.0000;85.0000;0;0;0;0;0;65560
2768;0;0;0;240;850;0;99.0000;174.0000;78.0000;33.0000;7.0000;70.0000;1;0;0;0;0;0;0;115.0000;-2391.0000;115.0000;0;0;0;0;0;65560
2778;0;0;0;240;850;0;99.0000;174.0000;78.0000;33.0000;7.0000;70.0000;1;0;0;0;0;0;0;115.0000;-2391.0000;115.0000;0;0;0;0;0;65560
2789;0;0;0;240;850;0;99.0000;174.0000;78.0000;33.0000;7.0000;70.0000;1;0;0;0;0;0;0;115.0000;-2391.0000;115.0000;0;0;0;0;0;65560
2799;0;0;0;240;850;0;119.0000;174.0000;78.0000;33.0000;7.0000;70.0000;1;0;0;0;0;0;0;115.0000;-2391.0000;115.0000;0;0;0;0;0;65560
2810;0;0;0;240;850;0;119.0000;120.0000;122.0000;33.0000;7.0000;70.0000;1;0;0;0;0;0;0;115.0000;-2391.0000;115.0000;0;0;0;0;0;65560
2820;0;0;0;240;850;0;119.0000;120.0000;122.0000;33.0000;7.0000;70.0000;1;0;0;0;0;0;0;115.0000;-2391.0000;115.0000;0;0;0;0;0;65560
2832;0;0;0;240;850;0;119.0000;120.0000;122.0000;33.0000;7.0000;70.0000;1;0;0;0;0;0;0;115.0000;-2391.0000;115.0000;0;0;0;0;0;65560
2842;0;0;0;240;850;0;119.0000;120.0000;122.0000;33.0000;7.0000;70.0000;1;0;0;0;0;0;0;115.0000;-2391.0000;115.0000;0;0;0;0;0;65552
2853;0;0;0;240;850;0;119.0000;120.0000;122.0000;33.0000;7.0000;70.0000;1;0;0;0;0;0;0;115.0000;-2391.0000;115.0000;0;0;0;0;0;65552
2863;0;0;0;240;850;0;119.0000;120.0000;122.0000;33.0000;7.0000;70.0000;1;0;0;0;0;0;0;122.0000;-2391.0000;105.0000;0;0;0;0;0;65552
2874;0;0;0;240;850;0;119.0000;120.0000;122.0000;33.0000;7.0000;70.0000;1;0;0;0;0;0;0;122.0000;-2391.0000;105.0000;0;0;0;0;0;65552
2884;0;0;0;240;850;0;119.0000;120.0000;122.0000;33.0000;7.0000;70.0000;1;0;0;0;0;0;0;122.0000;-2391.0000;105.0000;0;0;310;0;0;65552
2895;0;0;0;240;850;0;119.0000;120.0000;122.0000;33.0000;7.0000;70.0000;1;0;0;0;0;0;0;122.0000;-2391.0000;105.0000;0;0;310;0;0;65552
2906;0;0;0;240;850;0;105.0000;-40.0000;122.0000;33.0000;7.0000;70.0000;1;0;0;0;0;0;0;122.0000;-2391.0000;105.0000;0;0;310;0;0;65552
2916;0;0;0;240;850;0;105.0000;-40.0000;105.0000;33.0000;7.0000;70.0000;1;0;0;0;0;0;0;122.0000;-2391.0000;105.0000;0;0;310;0;0;65552
2926;0;0;0;240;850;0;105.0000;-40.0000;105.0000;33.0000;7.0000;70.0000;1;0;0;0;0;0;0;122.0000;-2391.0000;105.0000;0;0;310;0;0;65552
2938;0;0;0;240;850;0;105.0000;-40.0000;105.0000;33.0000;7.0000;70.0000;1;0;0;0;0;0;0;122.0000;-2391.0000;105.0000;0;0;310;0;0;65536
2949;0;0;0;240;850;0;105.0000;-40.0000;105.0000;33.0000;7.0000;70.0000;1;0;0;0;0;0;0;122.0000;-2391.0000;105.0000;0;0;310;0;0;65536
2959;0;0;0;240;850;0;105.0000;-40.0000;105.0000;33.0000;7.0000;70.0000;1;0;0;0;0;0;0;122.0000;-2391.0000;132.0000;0;0;310;0;0;65536
2970;0;0;0;240;850;0;105.0000;-40.0000;105.0000;33.0000;7.0000;70.0000;1;0;0;0;0;0;0;118.0000;-2391.0000;132.0000;0;0;310;0;0;65536
2980;0;0;0;240;850;0;105.0000;-40.0000;105.0000;33.0000;7.0000;70.0000;1;0;0;0;0;0;0;118.0000;-2391.0000;132.0000;0;0;310;0;0;65536
2991;0;0;0;240;850;0;105.0000;-40.0000;105.0000;33.0000;7.0000;70.0000;1;0;0;0;0;0;0;118.0000;-2391.0000;132.0000;0;0;310;0;0;65536
3003;0;0;0;240;850;0;75.0000;-40.0000;105.0000;33.0000;7.0000;70.0000;1;0;0;0;0;0;0;118.0000;-2391.0000;132.0000;0;0;310;0;0;65536
3015;0;0;0;240;850;0;75.0000;-26.0000;105.0000;33.0000;7.0000;70.0000;1;0;0;0;0;0;0;118.0000;-2391.0000;132.0000;0;0;310;0;0;65536
3029;0;0;0;240;850;0;75.0000;-26.0000;105.0000;33.0000;7.0000;70.0000;1;0;0;0;0;0;0;118.0000;-2391.0000;132.0000;0;0;310;0;0;65536
3039;0;0;0;240;850;0;75.0000;-26.0000;105.0000;33.0000;7.0000;70.0000;1;0;0;0;0;0;0;118.0000;-2391.0000;132.0000;0;0;310;0;0;65536
3050;0;0;0;240;850;0;75.0000;-26.0000;105.0000;33.0000;7.0000;70.0000;1;0;0;0;0;0;0;118.0000;-2391.0000;132.0000;0;0;310;0;0;65536
3060;0;0;0;240;850;0;75.0000;-26.0000;105.0000;33.0000;7.0000;70.0000;1;0;0;0;0;0;0;118.0000;-2391.0000;82.0000;0;0;310;0;0;65536
3074;0;0;0;240;850;0;75.0000;-26.0000;105.0000;33.0000;7.0000;70.0000;1;0;0;0;0;0;0;71.0000;-2391.0000;82.0000;0;0;310;0;0;65536
3084;850;0;0;240;850;0;75.0000;-26.0000;105.0000;33.0000;7.0000;70.0000;1;0;0;0;0;0;0;71.0000;-2391.0000;82.0000;0;0;310;0;0;65536
3095;850;0;0;240;850;0;75.0000;-26.0000;105.0000;33.0000;7.0000;70.0000;1;0;0;0;0;0;0;71.0000;-2391.0000;82.0000;0;0;310;0;0;65536
3105;850;0;0;240;850;0;105.0000;-26.0000;105.0000;33.0000;7.0000;70.0000;1;0;0;0;0;0;0;71.0000;-2391.0000;82.0000;0;0;310;0;0;65536
3116;850;0;0;240;850;0;105.0000;93.0000;88.0000;33.0000;7.0000;70.0000;1;0;0;0;0;0;0;71.0000;-2391.0000;82.0000;0;0;310;0;0;65536
3126;850;0;0;240;850;0;105.0000;93.0000;88.0000;33.0000;7.0000;70.0000;1;0;0;0;0;0;0;71.0000;-2391.0000;82.0000;0;0;310;0;0;65536
3137;850;0;0;240;850;0;105.0000;93.0000;88.0000;33.0000;7.0000;70.0000;1;0;0;0;0;0;0;71.0000;-2391.0000;82.0000;0;0;310;0;0;65536
3147;850;0;0;240;850;0;105.0000;93.0000;88.0000;33.0000;7.0000;70.0000;1;0;0;0;0;0;0;71.0000;-2391.0000;82.0000;0;0;310;0;0;65536
3158;850;0;0;240;850;0;105.0000;93.0000;88.0000;50.0000;7.0000;70.0000;1;0;0;0;0;0;0;71.0000;-2391.0000;82.0000;0;0;310;0;0;65536
3168;850;0;0;240;850;0;105.0000;93.0000;88.0000;50.0000;7.0000;70.0000;1;0;0;0;0;0;0;65.0000;-2391.0000;129.0000;0;267;310;0;0;65536
3179;850;0;0;240;850;0;105.0000;93.0000;88.0000;50.0000;7.0000;70.0000;1;0;0;0;0;0;0;65.0000;-2391.0000;129.0000;0;267;310;0;0;65536
3189;850;0;0;240;850;0;105.0000;93.0000;88.0000;50.0000;7.0000;70.0000;1;0;0;0;0;0;0;65.0000;-2391.0000;129.0000;0;267;310;0;0;65536
3200;850;0;0;240;850;0;105.0000;93.0000;88.0000;50.0000;7.0000;70.0000;1;0;0;0;0;0;0;65.0000;-2391.0000;129.0000;0;267;310;0;0;65536
3210;850;0;0;240;850;0;115.0000;80.0000;88.0000;50.0000;7.0000;70.0000;1;0;0;0;0;0;0;65.0000;-2391.0000;129.0000;0;267;310;0;0;65536
3221;850;0;0;240;850;0;115.0000;80.0000;125.0000;50.0000;7.0000;70.0000;1;0;0;0;0;0;0;65.0000;-2391.0000;129.0000;0;267;310;0;0;65536
3231;850;0;0;240;850;0;115.0000;80.0000;125.0000;50.0000;7.0000;70.0000;1;0;0;0;0;0;0;65.0000;-2391.0000;129.0000;0;267;310;0;0;65536
3242;850;0;0;240;850;0;115.0000;80.0000;125.0000;50.0000;7.0000;70.0000;1;0;0;0;0;0;0;65.0000;-2391.0000;129.0000;0;267;310;0;0;65536
3252;850;0;0;240;850;0;115.0000;80.0000;125.0000;50.0000;7.0000;70.0000;1;0;0;0;0;0;0;65.0000;-2391.0000;129.0000;0;267;310;0;0;65540
3263;850;0;0;240;850;0;115.0000;80.0000;125.0000;50.0000;7.0000;70.0000;1;0;0;0;0;0;0;65.0000;-2391.0000;102.0000;0;267;310;0;0;65540
3273;850;0;0;240;850;0;115.0000;80.0000;125.0000;50.0000;7.0000;70.0000;1;0;0;0;0;0;0;75.0000;-2391.0000;102.0000;0;267;310;0;0;65540
3284;850;0;0;240;850;0;115.0000;80.0000;125.0000;50.0000;7.0000;70.0000;1;0;0;0;0;0;0;75.0000;-2391.0000;102.0000;0;267;310;0;0;65540
3300;850;0;0;240;850;0;115.0000;80.0000;125.0000;50.0000;7.0000;70.0000;1;0;0;0;0;0;0;75.0000;-2391.0000;102.0000;0;267;310;0;0;65540
3310;850;0;0;240;850;0;115.0000;80.0000;125.0000;50.0000;7.0000;70.0000;1;0;0;0;0;0;0;75.0000;-2391.0000;102.0000;0;267;310;0;0;65540
3322;850;0;0;240;850;0;115.0000;13.0000;135.0000;50.0000;7.0000;70.0000;1;0;0;0;0;0;0;75.0000;-2391.0000;102.0000;0;267;310;0;0;65540
3332;850;0;0;240;850;0;115.0000;13.0000;135.0000;50.0000;7.0000;70.0000;1;0;0;0;0;0;0;75.0000;-2391.0000;102.0000;0;267;310;0;0;65540
3342;850;0;0;240;850;0;115.0000;13.0000;135.0000;50.0000;7.0000;70.0000;1;0;0;0;0;0;0;75.0000;-2391.0000;102.0000;0;267;310;0;0;65540
3353;850;0;0;240;850;0;115.0000;13.0000;135.0000;50.0000;7.0000;70.0000;1;0;0;0;0;0;0;75.0000;-2391.0000;102.0000;0;267;310;0;0;12
3365;850;0;0;240;850;0;115.0000;13.0000;135.0000;50.0000;7.0000;70.0000;1;0;0;0;0;0;0;75.0000;-2391.0000;72.0000;0;267;310;0;0;12
3375;850;0;0;240;850;0;115.0000;13.0000;135.0000;50.0000;7.0000;70.0000;1;0;0;0;0;0;0;132.0000;-2391.0000;72.0000;0;267;310;0;0;12
3386;850;0;0;240;850;0;115.0000;13.0000;135.0000;50.0000;7.0000;70.0000;1;0;0;0;0;0;0;132.0000;-2391.0000;72.0000;0;267;310;0;0;12
3396;850;0;0;240;850;0;115.0000;13.0000;135.0000;50.0000;7.0000;70.0000;1;0;0;0;0;0;0;132.0000;-2391.0000;72.0000;0;267;310;0;0;12
3406;850;0;0;240;850;0;92.0000;13.0000;135.0000;50.0000;7.0000;70.0000;1;0;0;0;0;0;0;132.0000;-2391.0000;72.0000;0;267;310;0;0;12
3417;850;0;0;240;850;0;92.0000;107.0000;129.0000;50.0000;7.0000;70.0000;1;0;0;0;0;0;0;132.0000;-2391.0000;72.0000;0;267;310;0;0;12
3428;850;0;0;240;850;0;92.0000;107.0000;129.0000;50.0000;7.0000;70.0000;1;0;0;0;0;0;0;132.0000;-2391.0000;72.0000;0;267;310;0;0;12
3438;850;0;0;240;850;0;92.0000;107.0000;129.0000;50.0000;7.0000;70.0000;1;0;0;0;0;0;0;132.0000;-2391.0000;72.0000;0;267;310;0;0;12
3449;850;0;0;240;850;0;92.0000;107.0000;129.0000;50.0000;7.0000;70.0000;1;0;0;0;0;0;0;132.0000;-2391.0000;72.0000;270;267;310;0;0;12
3459;850;0;0;240;850;0;92.0000;107.0000;129.0000;50.0000;7.0000;70.0000;1;0;0;0;0;0;0;132.0000;-2391.0000;72.0000;270;267;310;0;0;28
3470;850;0;0;240;850;0;92.0000;107.0000;129.0000;50.0000;7.0000;70.0000;1;0;0;0;0;0;0;92.0000;-2391.0000;125.0000;270;267;310;0;0;28
3480;850;0;0;240;850;0;92.0000;107.0000;129.0000;50.0000;7.0000;70.0000;1;0;0;0;0;0;0;92.0000;-2391.0000;125.0000;270;267;310;0;0;28
3490;850;0;0;240;850;0;92.0000;107.0000;129.0000;50.0000;7.0000;70.0000;1;0;0;0;0;0;0;92.0000;-2391.0000;125.0000;270;267;310;0;0;28
3501;850;0;0;240;850;0;92.0000;107.0000;129.0000;50.0000;7.0000;70.0000;1;0;0;0;0;0;0;92.0000;-2391.0000;125.0000;270;267;310;0;0;28
3511;850;0;0;240;850;0;115.0000;107.0000;129.0000;50.0000;7.0000;70.0000;1;0;0;0;0;0;0;92.0000;-2391.0000;125.0000;270;267;310;0;0;28
3522;850;0;0;240;850;0;115.0000;0.0000;115.0000;50.0000;7.0000;70.0000;1;0;0;0;0;0;0;92.0000;-2391.0000;125.0000;270;267;310;0;0;28
3532;850;0;0;240;850;0;115.0000;0.0000;115.0000;50.0000;7.0000;70.0000;1;0;0;0;0;0;0;92.0000;-2391.0000;125.0000;270;267;310;0;0;28
3543;850;0;0;240;850;0;115.0000;0.0000;115.0000;50.0000;7.0000;70.0000;1;0;0;0;0;0;0;92.0000;-2391.0000;125.0000;270;267;310;0;0;28
3553;850;0;0;240;850;232;115.0000;0.0000;115.0000;50.0000;7.0000;70.0000;1;0;0;0;0;0;0;92.0000;-2391.0000;125.0000;270;267;310;0;0;28
3564;850;0;0;240;850;232;115.0000;0.0000;115.0000;50.0000;7.0000;70.0000;1;0;0;0;0;0;0;92.0000;-2391.0000;125.0000;270;267;310;0;0;28
3574;850;0;0;240;850;232;115.0000;0.0000;115.0000;50.0000;7.0000;70.0000;1;0;0;0;0;0;0;108.0000;-2391.0000;125.0000;270;267;310;0;0;28
3585;850;0;0;240;850;232;115.0000;0.0000;115.0000;50.0000;7.0000;70.0000;1;0;0;0;0;0;0;108.0000;-2391.0000;125.0000;270;267;310;0;0;28
3595;850;0;0;240;850;232;115.0000;0.0000;115.0000;50.0000;7.0000;70.0000;1;0;0;0;0;0;0;108.0000;-2391.0000;125.0000;270;267;310;0;0;28
3606;850;0;0;240;850;232;115.0000;0.0000;115.0000;50.0000;7.0000;70.0000;1;0;0;0;0;0;0;108.0000;-2391.0000;125.0000;270;267;310;0;0;28
3616;850;0;0;240;850;232;79.0000;93.0000;115.0000;50.0000;7.0000;70.0000;1;0;0;0;0;0;0;108.0000;-2391.0000;125.0000;270;267;310;0;0;28
3627;850;0;0;240;850;232;79.0000;93.0000;98.0000;50.0000;7.0000;70.0000;1;0;0;0;0;0;0;108.0000;-2391.0000;125.0000;270;267;310;0;0;28
3637;850;0;0;240;850;232;79.0000;93.0000;98.0000;50.0000;7.0000;70.0000;1;0;0;0;0;0;0;108.0000;-2391.0000;125.0000;270;267;310;0;0;28
3648;850;0;0;240;850;232;79.0000;93.0000;98.0000;50.0000;7.0000;70.0000;1;0;0;0;0;0;0;108.0000;-2391.0000;125.0000;270;267;310;0;0;28
3658;850;0;0;240;850;232;79.0000;93.0000;98.0000;50.0000;7.0000;70.0000;1;0;0;0;0;0;0;108.0000;-2391.0000;125.0000;270;267;310;0;0;28
3669;850;0;0;240;850;232;79.0000;93.0000;98.0000;50.0000;7.0000;70.0000;1;0;0;0;0;0;0;108.0000;-2391.0000;142.0000;270;267;310;0;0;28
3679;850;0;0;240;850;232;79.0000;93.0000;98.0000;50.0000;7.0000;70.0000;1;0;0;0;0;0;0;98.0000;-2391.0000;142.0000;270;267;310;0;0;28
3690;850;0;0;240;850;232;79.0000;93.0000;98.0000;50.0000;7.0000;70.0000;1;0;0;0;0;0;0;98.0000;-2391.0000;142.0000;270;267;310;0;0;28
3700;850;0;0;240;850;232;79.0000;93.0000;98.0000;50.0000;7.0000;70.0000;1;0;0;0;0;0;0;98.0000;-2391.0000;142.0000;270;267;310;0;0;28
3710;850;0;0;240;850;232;115.0000;93.0000;98.0000;50.0000;7.0000;70.0000;1;0;0;0;0;0;0;98.0000;-2391.0000;142.0000;270;267;310;0;0;28
3721;850;0;0;240;850;232;115.0000;13.0000;115.0000;50.0000;7.0000;70.0000;1;0;0;0;0;0;0;98.0000;-2391.0000;142.0000;270;267;310;0;0;28
3731;850;0;0;240;850;232;115.0000;13.0000;115.0000;50.0000;7.0000;70.0000;1;0;0;0;0;0;0;98.0000;-2391.0000;142.0000;270;267;310;0;0;28
3742;850;0;0;240;850;232;115.0000;13.0000;115.0000;50.0000;7.0000;70.0000;1;0;0;0;0;0;0;98.0000;-2391.0000;142.0000;270;267;310;0;0;28
3752;850;0;0;240;850;232;115.0000;13.0000;115.0000;50.0000;7.0000;70.0000;1;0;0;0;0;0;0;98.0000;-2391.0000;142.0000;270;267;310;0;0;28
3762;850;0;0;240;850;232;115.0000;13.0000;115.0000;50.0000;7.0000;70.0000;1;0;0;0;0;0;0;98.0000;-2391.0000;142.0000;270;267;310;0;0;24
3776;850;0;0;240;850;232;115.0000;13.0000;115.0000;50.0000;7.0000;70.0000;1;0;0;0;0;0;0;98.0000;-2391.0000;85.0000;270;267;310;0;0;24
3786;850;0;0;240;850;232;115.0000;13.0000;115.0000;50.0000;7.0000;70.0000;1;0;0;0;0;0;0;98.0000;-2391.0000;85.0000;270;267;310;0;0;24
3797;850;0;0;240;850;232;115.0000;13.0000;115.0000;50.0000;7.0000;70.0000;1;0;0;0;0;0;0;98.0000;-2391.0000;85.0000;270;267;310;0;0;24
3807;850;0;0;240;850;232;79.0000;13.0000;115.0000;50.0000;7.0000;70.0000;1;0;0;0;0;0;0;98.0000;-2391.0000;85.0000;270;267;310;0;0;24
3824;850;0;0;240;850;232;79.0000;-13.0000;115.0000;50.0000;7.0000;70.0000;1;0;0;0;0;0;0;98.0000;-2391.0000;85.0000;270;267;310;0;0;24
3835;850;0;0;240;850;232;79.0000;-13.0000;122.0000;50.0000;7.0000;70.0000;1;0;0;0;0;0;0;98.0000;-2391.0000;85.0000;270;267;310;0;0;24
3845;850;0;0;240;850;232;79.0000;-13.0000;122.0000;50.0000;7.0000;70.0000;1;0;0;0;0;0;0;98.0000;-2391.0000;85.0000;270;267;310;0;0;24
3860;850;0;0;240;850;232;79.0000;-13.0000;122.0000;50.0000;7.0000;70.0000;1;0;0;0;0;0;0;98.0000;-2391.0000;85.0000;270;267;310;0;0;24
3870;850;0;0;240;850;232;79.0000;-13.0000;122.0000;50.0000;7.0000;70.0000;1;0;0;0;0;0;0;98.0000;-2391.0000;129.0000;270;267;310;0;0;24
3881;850;0;0;240;850;232;79.0000;-13.0000;122.0000;50.0000;7.0000;70.0000;1;0;0;0;0;0;0;98.0000;-2391.0000;129.0000;270;267;310;0;0;0
3891;850;0;0;240;850;232;79.0000;-13.0000;122.0000;50.0000;7.0000;70.0000;1;0;0;0;0;0;0;98.0000;-2391.0000;129.0000;270;267;310;0;0;0
3902;850;0;0;240;850;232;79.0000;-13.0000;122.0000;50.0000;7.0000;70.0000;1;0;0;0;0;0;0;98.0000;-2391.0000;129.0000;270;267;310;0;0;0
3912;850;0;0;240;850;232;75.0000;-13.0000;122.0000;50.0000;7.0000;70.0000;1;0;0;0;0;0;0;98.0000;-2391.0000;129.0000;270;267;310;0;0;0
3923;850;0;0;240;850;232;75.0000;107.0000;95.0000;50.0000;7.0000;70.0000;1;0;0;0;0;0;0;98.0000;-2391.0000;129.0000;270;267;310;0;0;0
3934;850;0;0;240;850;232;75.0000;107.0000;95.0000;50.0000;7.0000;70.0000;1;0;0;0;0;0;0;98.0000;-2391.0000;129.0000;270;267;310;0;0;0
3944;850;0;0;240;850;232;75.0000;107.0000;95.0000;50.0000;7.0000;70.0000;1;0;0;0;0;0;0;98.0000;-2391.0000;129.0000;270;267;310;0;0;0
3954;850;0;0;240;850;232;75.0000;107.0000;95.0000;50.0000;7.0000;70.0000;1;0;0;0;0;0;0;98.0000;-2391.0000;129.0000;270;267;310;0;0;0
3965;850;0;0;240;850;232;75.0000;107.0000;95.0000;50.0000;7.0000;70.0000;1;0;0;0;0;0;0;98.0000;-2391.0000;129.0000;270;267;310;0;0;0
3975;850;0;0;240;850;232;75.0000;107.0000;95.0000;50.0000;7.0000;70.0000;1;0;0;0;0;0;0;105.0000;-2391.0000;68.0000;270;267;310;0;0;0
3986;850;0;0;240;850;232;75.0000;107.0000;95.0000;50.0000;7.0000;70.0000;1;0;0;0;0;0;0;105.0000;-2391.0000;68.0000;270;267;310;0;0;0
3997;850;0;0;240;850;232;75.0000;107.0000;95.0000;50.0000;7.0000;70.0000;1;0;0;0;0;0;0;105.0000;-2391.0000;68.0000;270;267;310;0;0;0
4007;850;0;0;240;850;232;75.0000;107.0000;95.0000;50.0000;7.0000;70.0000;1;0;0;0;0;0;0;105.0000;-2391.0000;68.0000;270;267;310;0;0;0
4018;850;0;0;240;850;232;85.0000;134.0000;95.0000;50.0000;7.0000;70.0000;1;0;0;0;0;0;0;105.0000;-2391.0000;68.0000;270;267;310;0;0;0
4029;850;0;0;240;850;232;85.0000;134.0000;132.0000;50.0000;7.0000;70.0000;1;0;0;0;0;0;0;105.0000;-2391.0000;68.0000;270;267;310;0;0;0
4040;850;0;0;240;850;232;85.0000;134.0000;132.0000;50.0000;7.0000;70.0000;1;0;0;0;0;0;0;105.0000;-2391.0000;68.0000;270;267;310;0;0;0
4050;850;0;0;240;850;232;85.0000;134.0000;132.0000;50.0000;7.0000;70.0000;1;0;0;0;0;0;0;105.0000;-2391.0000;68.0000;270;267;310;0;0;0
4061;850;0;0;240;850;232;85.0000;134.0000;132.0000;50.0000;7.0000;70.0000;1;0;0;0;0;0;0;105.0000;-2391.0000;68.0000;270;267;310;0;0;0
4072;850;0;0;240;850;232;85.0000;134.0000;132.0000;50.0000;7.0000;70.0000;1;0;0;0;0;0;0;132.0000;-2391.0000;95.0000;270;267;310;0;0;0
4082;850;0;0;240;850;232;85.0000;134.0000;132.0000;50.0000;7.0000;70.0000;1;0;0;0;0;0;0;132.0000;-2391.0000;95.0000;270;267;310;0;0;0
4092;850;0;0;240;850;232;85.0000;134.0000;132.0000;50.0000;7.0000;70.0000;1;0;0;0;0;0;0;132.0000;-2391.0000;95.0000;270;267;310;0;0;0
4103;850;0;0;240;850;232;85.0000;134.0000;132.0000;50.0000;7.0000;70.0000;1;0;0;0;0;0;0;132.0000;-2391.0000;95.0000;270;267;310;0;0;0
4113;850;0;0;240;850;232;79.0000;134.0000;132.0000;50.0000;7.0000;70.0000;1;0;0;0;0;0;0;132.0000;-2391.0000;95.0000;270;267;310;0;0;0
4124;850;0;0;240;850;232;79.0000;-26.0000;125.0000;50.0000;7.0000;70.0000;1;0;0;0;0;0;0;132.0000;-2391.0000;95.0000;270;267;310;0;0;0
4134;850;0;0;240;850;232;79.0000;-26.0000;125.0000;50.0000;7.0000;70.0000;1;0;0;0;0;0;0;132.0000;-2391.0000;95.0000;270;267;310;0;0;0
4144;850;0;0;240;850;232;79.0000;-26.0000;125.0000;50.0000;7.0000;70.0000;1;0;0;0;0;0;0;132.0000;-2391.0000;95.0000;270;267;310;0;0;0
4155;850;0;0;240;850;232;79.0000;-26.0000;125.0000;33.0000;7.0000;70.0000;1;0;0;0;0;0;0;132.0000;-2391.0000;95.0000;270;267;310;0;0;0
4167;850;0;0;240;850;232;79.0000;-26.0000;125.0000;33.0000;7.0000;70.0000;1;0;0;0;0;0;0;132.0000;-2391.0000;95.0000;270;267;310;0;0;0
4178;850;0;0;240;850;232;79.0000;-26.0000;125.0000;33.0000;7.0000;70.0000;1;0;0;0;0;0;0;142.0000;-2391.0000;75.0000;270;267;310;0;0;0
4188;850;0;0;240;850;232;79.0000;-26.0000;125.0000;33.0000;7.0000;70.0000;1;0;0;0;0;0;0;142.0000;-2391.0000;75.0000;270;267;310;0;0;0
4199;850;0;0;240;850;232;79.0000;-26.0000;125.0000;33.0000;7.0000;70.0000;1;0;0;0;0;0;0;142.0000;-2391.0000;75.0000;270;267;310;0;0;0
4209;850;0;0;240;850;232;79.0000;-26.0000;125.0000;33.0000;7.0000;70.0000;1;0;0;0;0;0;0;142.0000;-2391.0000;75.0000;270;267;310;0;0;0
4220;850;0;0;240;850;232;109.0000;-26.0000;125.0000;33.0000;7.0000;70.0000;1;0;0;0;0;0;0;142.0000;-2391.0000;75.0000;270;267;310;0;0;0
4230;850;0;0;240;850;232;109.0000;161.0000;122.0000;33.0000;7.0000;70.0000;1;0;0;0;0;0;0;142.0000;-2391.0000;75.0000;270;267;310;0;0;0
4241;850;0;0;240;850;232;109.0000;161.0000;122.0000;33.0000;7.0000;70.0000;1;0;0;0;0;0;0;142.0000;-2391.0000;75.0000;270;267;310;0;0;0
4251;850;0;0;240;850;232;109.0000;161.0000;122.0000;33.0000;7.0000;70.0000;1;0;0;0;0;0;0;142.0000;-2391.0000;75.0000;270;267;310;0;0;0
4262;850;0;0;240;850;232;109.0000;161.0000;122.0000;33.0000;7.0000;70.0000;1;0;0;0;0;0;0;142.0000;-2391.0000;75.0000;270;267;310;0;0;0
4272;850;0;0;240;850;232;109.0000;161.0000;122.0000;33.0000;7.0000;70.0000;1;0;0;0;0;0;0;142.0000;-2391.0000;72.0000;270;267;310;0;0;0
4284;850;0;0;240;850;232;109.0000;161.0000;122.0000;33.0000;7.0000;70.0000;1;0;0;0;0;0;0;115.0000;-2391.0000;72.0000;270;267;310;0;0;0
4295;850;0;0;240;850;232;109.0000;161.0000;122.0000;33.0000;7.0000;70.0000;1;0;0;0;0;0;0;115.0000;-2391.0000;72.0000;270;267;310;0;0;4
4305;850;0;0;240;850;232;109.0000;161.0000;122.0000;33.0000;7.0000;70.0000;1;0;0;0;0;0;0;115.0000;-2391.0000;72.0000;270;267;310;0;0;4
4316;850;0;0;240;850;232;126.0000;161.0000;122.0000;33.0000;7.0000;70.0000;1;0;0;0;0;0;0;115.0000;-2391.0000;72.0000;270;267;310;0;0;4
4327;850;0;0;240;850;232;126.0000;161.0000;135.0000;33.0000;7.0000;70.0000;1;0;0;0;0;0;0;115.0000;-2391.0000;72.0000;270;267;310;0;0;4
4337;850;0;0;240;850;232;126.0000;161.0000;135.0000;33.0000;7.0000;70.0000;1;0;0;0;0;0;0;115.0000;-2391.0000;72.0000;270;267;310;0;0;4
4348;850;0;0;240;850;232;126.0000;161.0000;135.0000;33.0000;7.0000;70.0000;1;0;0;0;0;0;0;115.0000;-2391.0000;72.0000;270;267;310;0;0;4
4358;850;0;0;240;850;232;126.0000;161.0000;135.0000;33.0000;7.0000;70.0000;1;0;0;0;0;0;0;115.0000;-2391.0000;72.0000;270;267;310;0;0;4
4370;850;0;0;240;850;232;126.0000;161.0000;135.0000;33.0000;7.0000;70.0000;1;0;0;0;0;0;0;115.0000;-2391.0000;72.0000;270;267;310;0;0;4
4380;850;0;0;240;850;232;126.0000;161.0000;135.0000;33.0000;7.0000;70.0000;1;0;0;0;0;0;0;95.0000;-2391.0000;72.0000;270;267;310;0;0;4
4391;850;0;0;240;850;232;126.0000;161.0000;135.0000;33.0000;7.0000;70.0000;1;0;0;0;0;0;0;95.0000;-2391.0000;72.0000;270;267;310;0;0;28
4402;850;0;0;240;850;232;126.0000;161.0000;135.0000;33.0000;7.0000;70.0000;1;0;0;0;0;0;0;95.0000;-2391.0000;72.0000;270;267;310;0;0;28
4413;850;0;0;240;850;232;126.0000;161.0000;135.0000;33.0000;7.0000;70.0000;1;0;0;0;0;0;0;95.0000;-2391.0000;72.0000;270;267;310;0;0;28
4425;850;0;0;240;850;232;115.0000;-26.0000;135.0000;33.0000;7.0000;70.0000;1;0;0;0;0;0;0;95.0000;-2391.0000;72.0000;270;267;310;0;0;28
4444;850;0;0;240;850;232;115.0000;-26.0000;122.0000;33.0000;7.0000;70.0000;1;0;0;0;0;0;0;95.0000;-2391.0000;72.0000;270;267;310;0;0;28
4455;275;0;0;240;850;232;115.0000;-26.0000;122.0000;33.0000;7.0000;70.0000;1;0;0;0;0;0;0;95.0000;-2391.0000;72.0000;270;267;310;0;0;28
4465;275;0;0;240;850;232;115.0000;-26.0000;122.0000;33.0000;7.0000;70.0000;1;0;0;0;0;0;0;95.0000;-2391.0000;72.0000;270;267;310;0;0;28
4475;275;0;0;240;850;232;115.0000;-26.0000;122.0000;33.0000;7.0000;70.0000;1;0;0;0;0;0;0;122.0000;-2391.0000;125.0000;270;267;310;0;0;28
4486;275;0;0;240;850;232;115.0000;-26.0000;122.0000;33.0000;7.0000;70.0000;1;0;0;0;0;0;0;122.0000;-2391.0000;125.0000;270;267;310;0;0;28
4496;275;0;0;240;850;232;115.0000;-26.0000;122.0000;33.0000;7.0000;70.0000;1;0;0;0;0;0;0;122.0000;-2391.0000;125.0000;270;267;310;0;0;28
4507;275;0;0;240;850;232;115.0000;-26.0000;122.0000;33.0000;7.0000;70.0000;1;0;0;0;0;0;0;122.0000;-2391.0000;125.0000;270;267;310;0;0;28
4518;275;0;0;240;850;232;102.0000;-26.0000;122.0000;33.0000;7.0000;70.0000;1;0;0;0;0;0;0;122.0000;-2391.0000;125.0000;270;267;310;0;0;28
4529;275;0;0;240;850;232;102.0000;-26.0000;132.0000;33.0000;7.0000;70.0000;1;0;0;0;0;0;0;122.0000;-2391.0000;125.0000;270;267;310;0;0;28
4539;275;0;0;240;850;232;102.0000;-26.0000;132.0000;33.0000;7.0000;70.0000;1;0;0;0;0;0;0;122.0000;-2391.0000;125.0000;270;267;310;0;0;28
4549;275;0;0;240;850;232;102.0000;-26.0000;132.0000;33.0000;7.0000;70.0000;1;0;0;0;0;0;0;122.0000;-2391.0000;125.0000;270;267;310;0;0;28
4560;275;0;0;240;850;232;102.0000;-26.0000;132.0000;33.0000;7.0000;70.0000;1;0;0;0;0;0;0;122.0000;-2391.0000;125.0000;270;267;310;0;0;28
4570;275;0;0;240;850;232;102.0000;-26.0000;132.0000;33.0000;7.0000;70.0000;1;0;0;0;0;0;0;122.0000;-2391.0000;125.0000;270;267;310;0;0;28
4581;275;0;0;240;850;232;102.0000;-26.0000;132.0000;33.0000;7.0000;70.0000;1;0;0;0;0;0;0;92.0000;-2391.0000;102.0000;270;267;310;0;0;28
4591;275;0;0;240;850;232;102.0000;-26.0000;132.0000;33.0000;7.0000;70.0000;1;0;0;0;0;0;0;92.0000;-2391.0000;102.0000;270;267;310;0;0;28
4602;275;0;0;240;850;232;102.0000;-26.0000;132.0000;33.0000;7.0000;70.0000;1;0;0;0;0;0;0;92.0000;-2391.0000;102.0000;270;267;310;0;0;28
4612;275;0;0;240;850;232;102.0000;-26.0000;132.0000;33.0000;7.0000;70.0000;1;0;0;0;0;0;0;92.0000;-2391.0000;102.0000;270;267;310;0;0;28
4623;275;0;0;240;850;232;72.0000;93.0000;132.0000;33.0000;7.0000;70.0000;1;0;0;0;0;0;0;92.0000;-2391.0000;102.0000;270;267;310;0;0;28
4633;275;0;0;240;850;232;72.0000;93.0000;105.0000;33.0000;7.0000;70.0000;1;0;0;0;0;0;0;92.0000;-2391.0000;102.0000;270;267;310;0;0;28
4644;275;0;0;240;850;232;72.0000;93.0000;105.0000;33.0000;7.0000;70.0000;1;0;0;0;0;0;0;92.0000;-2391.0000;102.0000;270;267;310;0;0;28
4655;275;0;0;240;850;232;72.0000;93.0000;105.0000;33.0000;7.0000;70.0000;1;0;0;0;0;0;0;92.0000;-2391.0000;102.0000;270;267;310;0;0;28
4669;275;0;0;240;850;232;72.0000;93.0000;105.0000;33.0000;7.0000;70.0000;1;0;0;0;0;0;0;92.0000;-2391.0000;102.0000;270;267;310;0;0;28
4680;275;0;0;240;850;232;72.0000;93.0000;105.0000;33.0000;7.0000;70.0000;1;0;0;0;0;0;0;75.0000;-2391.0000;85.0000;270;267;310;0;0;28
4690;275;0;0;240;850;232;72.0000;93.0000;105.0000;33.0000;7.0000;70.0000;1;0;0;0;0;0;0;75.0000;-2391.0000;85.0000;270;267;310;0;0;28
4701;275;0;0;240;850;232;72.0000;93.0000;105.0000;33.0000;7.0000;70.0000;1;0;0;0;0;0;0;75.0000;-2391.0000;85.0000;270;267;310;0;0;28
4711;275;0;0;240;850;232;72.0000;93.0000;105.0000;33.0000;7.0000;70.0000;1;0;0;0;0;0;0;75.0000;-2391.0000;85.0000;270;267;310;0;0;28
4722;275;0;0;240;850;232;89.0000;67.0000;105.0000;33.0000;7.0000;70.0000;1;0;0;0;0;0;0;75.0000;-2391.0000;85.0000;270;267;310;0;0;28
4732;275;0;0;240;850;232;89.0000;67.0000;115.0000;33.0000;7.0000;70.0000;1;0;0;0;0;0;0;75.0000;-2391.0000;85.0000;270;267;310;0;0;28
4743;275;0;0;240;850;232;89.0000;67.0000;115.0000;33.0000;7.0000;70.0000;1;0;0;0;0;0;0;75.0000;-2391.0000;85.0000;270;267;310;0;0;28
4753;275;0;0;240;850;232;89.0000;67.0000;115.0000;33.0000;7.0000;70.0000;1;0;0;0;0;0;0;75.0000;-2391.0000;85.0000;270;267;310;0;0;28
4764;275;0;0;240;850;232;89.0000;67.0000;115.0000;33.0000;7.0000;70.0000;1;0;0;0;0;0;0;75.0000;-2391.0000;85.0000;270;267;310;0;0;28
4774;275;0;0;240;850;232;89.0000;67.0000;115.0000;33.0000;7.0000;70.0000;1;0;0;0;0;0;0;75.0000;-2391.0000;112.0000;270;267;310;0;0;28
4785;275;0;0;240;850;232;89.0000;67.0000;115.0000;33.0000;7.0000;70.0000;1;0;0;0;0;0;0;88.0000;-2391.0000;112.0000;270;267;310;0;0;28
4795;275;0;0;240;850;232;89.0000;67.0000;115.0000;33.0000;7.0000;70.0000;1;0;0;0;0;0;0;88.0000;-2391.0000;112.0000;270;267;310;0;0;28
4806;275;0;0;240;850;232;89.0000;67.0000;115.0000;33.0000;7.0000;70.0000;1;0;0;0;0;0;0;88.0000;-2391.0000;112.0000;270;267;310;0;0;28
4817;275;0;0;240;850;232;119.0000;67.0000;115.0000;33.0000;7.0000;70.0000;1;0;0;0;0;0;0;88.0000;-2391.0000;112.0000;270;267;310;0;0;28
4827;275;0;0;240;850;232;119.0000;161.0000;115.0000;33.0000;7.0000;70.0000;1;0;0;0;0;0;0;88.0000;-2391.0000;112.0000;270;267;310;0;0;28
4837;275;0;0;240;850;232;119.0000;161.0000;85.0000;33.0000;7.0000;70.0000;1;0;0;0;0;0;0;88.0000;-2391.0000;112.0000;270;267;310;0;0;28
4848;275;0;0;240;850;232;119.0000;161.0000;85.0000;33.0000;7.0000;70.0000;1;0;0;0;0;0;0;88.0000;-2391.0000;112.0000;270;267;310;0;0;28
4858;275;0;0;240;850;232;119.0000;161.0000;85.0000;33.0000;7.0000;70.0000;1;0;0;0;0;0;0;88.0000;-2391.0000;112.0000;270;267;310;0;0;28
4868;275;0;0;240;850;232;119.0000;161.0000;85.0000;33.0000;7.0000;70.0000;1;0;0;0;0;0;0;88.0000;-2391.0000;112.0000;270;267;310;0;0;28
4879;275;0;0;240;850;232;119.0000;161.0000;85.0000;33.0000;7.0000;70.0000;1;0;0;0;0;0;0;102.0000;-2391.0000;98.0000;270;267;310;0;0;28
4890;275;0;0;240;850;232;119.0000;161.0000;85.0000;33.0000;7.0000;70.0000;1;0;0;0;0;0;0;102.0000;-2391.0000;98.0000;270;267;310;0;0;28
4901;275;0;0;240;850;232;119.0000;161.0000;85.0000;33.0000;7.0000;70.0000;1;0;0;0;0;0;0;102.0000;-2391.0000;98.0000;270;267;310;0;0;28
4911;275;0;0;240;850;232;119.0000;161.0000;85.0000;33.0000;7.0000;70.0000;1;0;0;0;0;0;0;102.0000;-2391.0000;98.0000;270;267;310;0;0;0
4922;275;0;0;240;850;232;119.0000;161.0000;85.0000;33.0000;7.0000;70.0000;1;0;0;0;0;0;0;102.0000;-2391.0000;98.0000;270;267;310;0;0;0
4933;275;0;0;240;850;232;119.0000;26.0000;88.0000;33.0000;7.0000;70.0000;1;0;0;0;0;0;0;102.0000;-2391.0000;98.0000;270;267;310;0;0;0
4943;275;0;0;240;850;232;119.0000;26.0000;88.0000;33.0000;7.0000;70.0000;1;0;0;0;0;0;0;102.0000;-2391.0000;98.0000;270;267;310;0;0;0
4953;275;0;0;240;850;232;119.0000;26.0000;88.0000;33.0000;7.0000;70.0000;1;0;0;0;0;0;0;102.0000;-2391.0000;98.0000;270;267;310;0;0;0
4964;275;0;0;240;850;232;119.0000;26.0000;88.0000;33.0000;7.0000;70.0000;1;0;0;0;0;0;0;102.0000;-2391.0000;98.0000;270;267;310;0;0;0
4974;275;0;0;240;850;232;119.0000;26.0000;88.0000;33.0000;7.0000;70.0000;1;0;0;0;0;0;0;102.0000;-2391.0000;98.0000;270;267;310;0;0;0
4985;275;0;0;240;850;232;119.0000;26.0000;88.0000;33.0000;7.0000;70.0000;1;0;0;0;0;0;0;98.0000;-2391.0000;68.0000;270;267;310;0;0;0
4996;275;0;0;240;850;232;119.0000;26.0000;88.0000;33.0000;7.0000;70.0000;1;0;0;0;0;0;0;98.0000;-2391.0000;68.0000;270;267;310;0;0;0
5008;275;0;0;240;850;232;119.0000;26.0000;88.0000;33.0000;7.0000;70.0000;1;0;0;0;0;0;0;98.0000;-2391.0000;68.0000;270;267;310;0;0;0
5019;275;0;0;240;850;232;68.0000;26.0000;88.0000;33.0000;7.0000;70.0000;1;0;0;0;0;0;0;98.0000;-2391.0000;68.0000;270;267;310;0;0;0
5030;275;0;0;240;850;232;68.0000;147.0000;88.0000;33.0000;7.0000;70.0000;1;0;0;0;0;0;0;98.0000;-2391.0000;68.0000;270;267;310;0;0;0
5040;275;0;0;240;850;232;68.0000;147.0000;122.0000;33.0000;7.0000;70.0000;1;0;0;0;0;0;0;98.0000;-2391.0000;68.0000;270;267;310;0;0;0
5051;275;0;0;240;850;232;68.0000;147.0000;122.0000;33.0000;7.0000;70.0000;1;0;0;0;0;0;0;98.0000;-2391.0000;68.0000;270;267;310;0;0;0
5061;275;0;0;240;850;232;68.0000;147.0000;122.0000;33.0000;7.0000;70.0000;1;0;0;0;0;0;0;98.0000;-2391.0000;68.0000;270;267;310;0;0;0
5071;275;0;0;240;850;232;68.0000;147.0000;122.0000;33.0000;7.0000;70.0000;1;0;0;0;0;0;0;98.0000;-2391.0000;68.0000;270;267;310;0;0;0
5082;275;0;0;240;850;232;68.0000;147.0000;122.0000;33.0000;7.0000;70.0000;1;0;0;0;0;0;0;98.0000;-2391.0000;82.0000;270;267;310;0;0;0
5093;275;0;0;240;850;232;68.0000;147.0000;122.0000;33.0000;7.0000;70.0000;1;0;0;0;0;0;0;105.0000;-2391.0000;82.0000;270;267;310;0;0;0
5103;275;0;0;240;850;232;68.0000;147.0000;122.0000;33.0000;7.0000;70.0000;1;0;0;0;0;0;0;105.0000;-2391.0000;82.0000;270;267;310;0;0;0
5113;275;0;0;240;850;232;68.0000;147.0000;122.0000;33.0000;7.0000;70.0000;1;0;0;0;0;0;0;105.0000;-2391.0000;82.0000;270;267;310;0;0;0
5124;275;0;0;240;850;232;79.0000;147.0000;122.0000;33.0000;7.0000;70.0000;1;0;0;0;0;0;0;105.0000;-2391.0000;82.0000;270;267;310;0;0;0
5134;275;0;0;240;850;232;79.0000;-26.0000;92.0000;33.0000;7.0000;70.0000;1;0;0;0;0;0;0;105.0000;-2391.0000;82.0000;270;267;310;0;0;0
5145;275;0;0;240;850;232;79.0000;-26.0000;92.0000;33.0000;7.0000;70.0000;1;0;0;0;0;0;0;105.0000;-2391.0000;82.0000;270;267;310;0;0;0
5165;275;0;0;240;850;232;79.0000;-26.0000;92.0000;33.0000;7.0000;70.0000;1;0;0;0;0;0;0;105.0000;-2391.0000;82.0000;270;267;310;0;0;0
5175;275;0;0;240;850;232;79.0000;-26.0000;92.0000;40.0000;7.0000;70.0000;1;0;0;0;0;0;0;105.0000;-2391.0000;82.0000;270;267;310;0;0;0
5185;275;0;0;240;850;232;79.0000;-26.0000;92.0000;40.0000;7.0000;70.0000;1;0;0;0;0;0;0;92.0000;-2391.0000;135.0000;270;267;310;0;0;0
5200;275;0;0;240;850;232;79.0000;-26.0000;92.0000;40.0000;7.0000;70.0000;1;0;0;0;0;0;0;92.0000;-2391.0000;135.0000;270;267;310;0;0;0
5211;275;0;0;240;850;232;79.0000;-26.0000;92.0000;40.0000;7.0000;70.0000;1;0;0;0;0;0;0;92.0000;-2391.0000;135.0000;270;267;310;0;0;0
5222;275;0;0;240;850;232;115.0000;-26.0000;92.0000;40.0000;7.0000;70.0000;1;0;0;0;0;0;0;92.0000;-2391.0000;135.0000;270;267;310;0;0;4
5233;275;0;0;240;850;232;115.0000;67.0000;92.0000;40.0000;7.0000;70.0000;1;0;0;0;0;0;0;92.0000;-2391.0000;135.0000;270;267;310;0;0;4
5243;275;0;0;240;850;232;115.0000;67.0000;125.0000;40.0000;7.0000;70.0000;1;0;0;0;0;0;0;92.0000;-2391.0000;135.0000;270;267;310;0;0;4
5254;275;0;0;240;850;232;115.0000;67.0000;125.0000;40.0000;7.0000;70.0000;1;0;0;0;0;0;0;92.0000;-2391.0000;135.0000;270;267;310;0;0;4
5264;275;0;0;240;850;232;115.0000;67.0000;125.0000;40.0000;7.0000;70.0000;1;0;0;0;0;0;0;92.0000;-2391.0000;135.0000;270;267;310;0;0;4
5275;275;0;0;240;850;232;115.0000;67.0000;125.0000;40.0000;7.0000;70.0000;1;0;0;0;0;0;0;92.0000;-2391.0000;135.0000;270;267;310;0;0;4
5286;275;0;0;240;850;232;115.0000;67.0000;125.0000;40.0000;7.0000;70.0000;1;0;0;0;0;0;0;92.0000;-2391.0000;75.0000;270;267;310;0;0;4
5304;275;0;0;240;850;232;115.0000;67.0000;125.0000;40.0000;7.0000;70.0000;1;0;0;0;0;0;0;68.0000;-2391.0000;75.0000;270;267;310;0;0;4
5315;275;0;0;240;850;232;115.0000;67.0000;125.0000;40.0000;7.0000;70.0000;1;0;0;0;0;0;0;68.0000;-2391.0000;75.0000;270;267;310;0;0;4
5325;275;0;0;240;850;232;109.0000;67.0000;125.0000;40.0000;7.0000;70.0000;1;0;0;0;0;0;0;68.0000;-2391.0000;75.0000;270;267;310;0;0;4
5336;275;0;0;240;850;232;109.0000;-40.0000;125.0000;40.0000;7.0000;70.0000;1;0;0;0;0;0;0;68.0000;-2391.0000;75.0000;270;267;310;0;0;4
5346;275;0;0;240;850;232;109.0000;-40.0000;125.0000;40.0000;7.0000;70.0000;1;0;0;0;0;0;0;68.0000;-2391.0000;75.0000;270;267;310;0;0;4
5357;275;0;0;240;850;232;109.0000;-40.0000;132.0000;40.0000;7.0000;70.0000;1;0;0;0;0;0;0;68.0000;-2391.0000;75.0000;270;267;310;0;0;4
5368;275;0;0;240;850;232;109.0000;-40.0000;132.0000;40.0000;7.0000;70.0000;1;0;0;0;0;0;0;68.0000;-2391.0000;75.0000;270;267;310;0;0;4
5378;275;0;0;240;850;232;109.0000;-40.0000;132.0000;40.0000;7.0000;70.0000;1;0;0;0;0;0;0;68.0000;-2391.0000;75.0000;270;267;310;0;0;4
5389;275;0;0;240;850;232;109.0000;-40.0000;132.0000;40.0000;7.0000;70.0000;1;0;0;0;0;0;0;68.0000;-2391.0000;75.0000;270;267;310;0;0;4
5401;275;0;0;240;850;232;109.0000;-40.0000;132.0000;40.0000;7.0000;70.0000;1;0;0;0;0;0;0;125.0000;-2391.0000;139.0000;270;267;310;0;0;4
5412;275;0;0;240;850;232;109.0000;-40.0000;132.0000;40.0000;7.0000;70.0000;1;0;0;0;0;0;0;125.0000;-2391.0000;139.0000;270;267;310;0;0;4
5423;275;0;0;240;850;232;85.0000;-40.0000;132.0000;40.0000;7.0000;70.0000;1;0;0;0;0;0;0;125.0000;-2391.0000;139.0000;270;267;310;0;0;4
5444;275;0;0;240;850;232;85.0000;80.0000;132.0000;40.0000;7.0000;70.0000;1;0;0;0;0;0;0;125.0000;-2391.0000;139.0000;270;267;310;0;0;30
5455;275;0;0;240;850;232;85.0000;80.0000;132.0000;40.0000;7.0000;70.0000;1;0;0;0;0;0;0;125.0000;-2391.0000;139.0000;270;267;310;0;0;30
5465;275;0;0;240;850;232;85.0000;80.0000;132.0000;40.0000;7.0000;70.0000;1;0;0;0;0;0;0;125.0000;-2391.0000;139.0000;270;267;310;0;0;30
5476;275;0;0;240;850;232;85.0000;80.0000;132.0000;40.0000;7.0000;70.0000;1;0;0;0;0;0;0;125.0000;-2391.0000;139.0000;270;267;310;0;0;30
5487;275;0;0;240;850;232;85.0000;80.0000;132.0000;40.0000;7.0000;70.0000;1;0;0;0;0;0;0;125.0000;-2391.0000;105.0000;270;267;310;0;0;30
5497;275;0;0;240;850;232;85.0000;80.0000;132.0000;40.0000;7.0000;70.0000;1;0;0;0;0;0;0;85.0000;-2391.0000;105.0000;270;267;310;0;0;30
5507;275;0;0;240;850;232;85.0000;80.0000;132.0000;40.0000;7.0000;70.0000;1;0;0;0;0;0;0;85.0000;-2391.0000;105.0000;270;267;310;0;0;30
5518;275;0;0;240;850;232;85.0000;80.0000;132.0000;40.0000;7.0000;70.0000;1;0;0;0;0;0;0;85.0000;-2391.0000;105.0000;270;267;310;0;0;30
5528;275;0;0;240;850;232;112.0000;80.0000;132.0000;40.0000;7.0000;70.0000;1;0;0;0;0;0;0;85.0000;-2391.0000;105.0000;270;267;310;0;0;30
5539;275;0;0;240;850;232;112.0000;147.0000;132.0000;40.0000;7.0000;70.0000;1;0;0;0;0;0;0;85.0000;-2391.0000;105.0000;270;267;310;0;0;30
5549;275;0;0;240;850;232;112.0000;147.0000;132.0000;40.0000;7.0000;70.0000;1;0;0;0;0;0;0;85.0000;-2391.0000;105.0000;270;267;310;0;0;30
5560;275;0;0;240;850;232;112.0000;147.0000;132.0000;40.0000;7.0000;70.0000;1;0;0;0;0;0;0;85.0000;-2391.0000;105.0000;270;267;310;0;0;30
5570;275;0;0;240;850;232;112.0000;147.0000;132.0000;40.0000;7.0000;70.0000;1;0;0;0;0;0;0;85.0000;-2391.0000;105.0000;270;267;310;0;0;30
5582;275;0;0;240;850;232;112.0000;147.0000;132.0000;40.0000;7.0000;70.0000;1;0;0;0;0;0;0;85.0000;-2391.0000;105.0000;270;267;310;0;0;30
5593;275;0;0;240;850;232;112.0000;147.0000;132.0000;40.0000;7.0000;70.0000;1;0;0;0;0;0;0;125.0000;-2391.0000;132.0000;270;267;310;0;0;30
5603;275;0;0;240;850;232;112.0000;147.0000;132.0000;40.0000;7.0000;70.0000;1;0;0;0;0;0;0;125.0000;-2391.0000;132.0000;270;267;310;0;0;30
5614;275;0;0;240;850;232;112.0000;147.0000;132.0000;40.0000;7.0000;70.0000;1;0;0;0;0;0;0;125.0000;-2391.0000;132.0000;270;267;310;0;0;30
5624;275;0;0;240;850;232;122.0000;147.0000;132.0000;40.0000;7.0000;70.0000;1;0;0;0;0;0;0;125.0000;-2391.0000;132.0000;270;267;310;0;0;30
5634;275;0;0;240;850;232;122.0000;-13.0000;132.0000;40.0000;7.0000;70.0000;1;0;0;0;0;0;0;125.0000;-2391.0000;132.0000;270;267;310;0;0;30
5645;275;0;0;240;850;232;122.0000;-13.0000;129.0000;40.0000;7.0000;70.0000;1;0;0;0;0;0;0;125.0000;-2391.0000;132.0000;270;267;310;0;0;30
5655;275;0;0;240;850;232;122.0000;-13.0000;129.0000;40.0000;7.0000;70.0000;1;0;0;0;0;0;0;125.0000;-2391.0000;132.0000;270;267;310;0;0;30
5666;275;0;0;240;850;232;122.0000;-13.0000;129.0000;40.0000;7.0000;70.0000;1;0;0;0;0;0;0;125.0000;-2391.0000;132.0000;270;267;310;0;0;30
5676;275;0;0;240;850;232;122.0000;-13.0000;129.0000;40.0000;7.0000;70.0000;1;0;0;0;0;0;0;125.0000;-2391.0000;132.0000;270;267;310;0;0;30
5687;275;0;0;240;850;232;122.0000;-13.0000;129.0000;40.0000;7.0000;70.0000;1;0;0;0;0;0;1;132.0000;-2391.0000;119.0000;270;267;310;0;0;30
5697;275;0;0;240;850;232;122.0000;-13.0000;129.0000;40.0000;7.0000;70.0000;1;0;0;0;0;0;1;132.0000;-2391.0000;119.0000;270;267;310;0;0;30
5708;275;0;0;240;850;232;122.0000;-13.0000;129.0000;40.0000;7.0000;70.0000;1;0;0;0;0;0;1;132.0000;-2391.0000;119.0000;270;267;310;0;0;30
5718;275;0;0;240;850;232;122.0000;-13.0000;129.0000;40.0000;7.0000;70.0000;1;0;0;0;0;0;1;132.0000;-2391.0000;119.0000;270;267;310;0;0;30
5730;275;0;0;240;850;232;105.0000;-13.0000;129.0000;40.0000;7.0000;70.0000;1;0;0;0;0;0;1;132.0000;-2391.0000;119.0000;270;267;310;0;0;30
5741;275;0;0;240;850;232;105.0000;93.0000;129.0000;40.0000;7.0000;70.0000;1;0;0;0;0;0;1;132.0000;-2391.0000;119.0000;270;267;310;0;0;30
5751;275;0;0;240;850;232;105.0000;93.0000;95.0000;40.0000;7.0000;70.0000;1;0;0;0;0;0;1;132.0000;-2391.0000;119.0000;270;267;310;0;0;30
5762;275;0;0;240;850;232;105.0000;93.0000;95.0000;40.0000;7.0000;70.0000;1;0;0;0;0;0;1;132.0000;-2391.0000;119.0000;270;267;310;0;0;30
5772;275;0;0;240;850;232;105.0000;93.0000;95.0000;40.0000;7.0000;70.0000;1;0;0;0;0;0;1;132.0000;-2391.0000;119.0000;270;267;310;0;0;30
5783;275;0;0;240;850;232;105.0000;93.0000;95.0000;40.0000;7.0000;70.0000;1;0;0;0;0;0;1;132.0000;-2391.0000;119.0000;270;267;310;0;0;30
5793;275;0;0;240;850;232;105.0000;93.0000;95.0000;40.0000;7.0000;70.0000;1;0;0;0;0;0;1;132.0000;-2391.0000;129.0000;270;267;310;0;0;30
5804;275;0;0;240;850;232;105.0000;93.0000;95.0000;40.0000;7.0000;70.0000;1;0;0;0;0;0;1;132.0000;-2391.0000;129.0000;270;267;310;0;0;30
5814;275;0;0;240;850;232;105.0000;93.0000;95.0000;40.0000;7.0000;70.0000;1;0;0;0;0;0;1;132.0000;-2391.0000;129.0000;270;267;310;0;0;30
5832;275;0;0;240;850;232;105.0000;93.0000;95.0000;40.0000;7.0000;70.0000;1;0;0;0;0;0;1;132.0000;-2391.0000;129.0000;270;267;310;0;0;30
5842;275;0;0;240;850;232;105.0000;107.0000;95.0000;40.0000;7.0000;70.0000;1;0;0;0;0;0;1;132.0000;-2391.0000;129.0000;270;267;310;0;0;30
5853;275;0;0;240;850;232;105.0000;107.0000;122.0000;40.0000;7.0000;70.0000;1;0;0;0;0;0;1;132.0000;-2391.0000;129.0000;270;267;310;0;0;30
5863;275;0;0;240;850;232;105.0000;107.0000;122.0000;40.0000;7.0000;70.0000;1;0;0;0;0;0;1;132.0000;-2391.0000;129.0000;270;267;310;0;0;30
5874;275;0;0;240;850;232;105.0000;107.0000;122.0000;40.0000;7.0000;70.0000;1;0;0;0;0;0;1;132.0000;-2391.0000;129.0000;270;267;310;0;0;30
5884;275;0;0;240;850;232;105.0000;107.0000;122.0000;40.0000;7.0000;70.0000;1;0;0;0;0;0;1;132.0000;-2391.0000;129.0000;270;267;310;0;0;30
5895;275;0;0;240;850;232;105.0000;107.0000;122.0000;40.0000;7.0000;70.0000;1;0;0;0;0;0;1;68.0000;-2391.0000;135.0000;270;267;310;0;0;30
5906;275;0;0;240;250;232;105.0000;107.0000;122.0000;40.0000;7.0000;70.0000;1;0;0;0;0;0;1;68.0000;-2391.0000;135.0000;270;267;310;0;0;30
5916;275;0;0;240;250;232;105.0000;107.0000;122.0000;40.0000;7.0000;70.0000;1;0;0;0;0;0;1;68.0000;-2391.0000;135.0000;270;267;310;0;0;30
5927;275;0;0;240;250;232;72.0000;107.0000;122.0000;40.0000;7.0000;70.0000;1;0;0;0;0;0;1;68.0000;-2391.0000;135.0000;270;267;310;0;0;30
5937;275;0;0;240;250;232;72.0000;147.0000;122.0000;40.0000;7.0000;70.0000;1;0;0;0;0;0;1;68.0000;-2391.0000;135.0000;270;267;310;0;0;30
5948;275;0;0;240;250;232;72.0000;147.0000;98.0000;40.0000;7.0000;70.0000;1;0;0;0;0;0;1;68.0000;-2391.0000;135.0000;270;267;310;0;0;30
5958;275;0;0;240;250;232;72.0000;147.0000;98.0000;40.0000;7.0000;70.0000;1;0;0;0;0;0;1;68.0000;-2391.0000;135.0000;270;267;310;0;0;30
5969;275;0;0;240;250;232;72.0000;147.0000;98.0000;40.0000;7.0000;70.0000;1;0;0;0;0;0;1;68.0000;-2391.0000;135.0000;270;267;310;0;0;0
5979;275;0;0;240;250;232;72.0000;147.0000;98.0000;40.0000;7.0000;70.0000;1;0;0;0;0;0;1;68.0000;-2391.0000;135.0000;270;267;310;0;0;0
5990;275;0;0;240;250;232;72.0000;147.0000;98.0000;40.0000;7.0000;70.0000;1;0;0;0;0;0;1;139.0000;-2391.0000;135.0000;270;267;310;0;0;0
6000;275;0;0;240;250;232;72.0000;147.0000;98.0000;40.0000;7.0000;70.0000;1;0;0;0;0;0;1;139.0000;-2391.0000;135.0000;270;267;310;0;0;0
6013;275;0;0;240;250;232;72.0000;147.0000;98.0000;40.0000;7.0000;70.0000;1;0;0;0;0;0;1;139.0000;-2391.0000;135.0000;270;267;310;0;0;0
6023;275;0;0;240;250;232;72.0000;147.0000;98.0000;40.0000;7.0000;70.0000;1;0;0;0;0;0;1;139.0000;-2391.0000;135.0000;270;267;310;0;0;0
6034;275;0;0;240;250;232;99.0000;147.0000;98.0000;40.0000;7.0000;70.0000;1;0;0;0;0;0;1;139.0000;-2391.0000;135.0000;270;267;310;0;0;0
6046;275;0;0;240;250;232;99.0000;-26.0000;98.0000;40.0000;7.0000;70.0000;1;0;0;0;0;0;1;139.0000;-2391.0000;135.0000;270;267;310;0;0;0
6057;275;0;0;240;250;232;99.0000;-26.0000;105.0000;40.0000;7.0000;70.0000;1;0;0;0;0;0;1;139.0000;-2391.0000;135.0000;270;267;310;0;0;0
6067;275;0;0;240;250;232;99.0000;-26.0000;105.0000;40.0000;7.0000;70.0000;1;0;0;0;0;0;1;139.0000;-2391.0000;135.0000;270;267;310;0;0;0
6078;275;0;0;240;250;232;99.0000;-26.0000;105.0000;40.0000;7.0000;70.0000;1;0;0;0;0;0;1;139.0000;-2391.0000;135.0000;270;267;310;0;0;0
6090;275;0;0;240;250;232;99.0000;-26.0000;105.0000;40.0000;7.0000;70.0000;1;0;0;0;0;0;1;139.0000;-2391.0000;58.0000;270;267;310;0;0;0
6100;275;0;0;240;250;232;99.0000;-26.0000;105.0000;40.0000;7.0000;70.0000;1;0;0;0;0;0;1;75.0000;-2391.0000;58.0000;270;267;310;0;0;0
6111;275;0;0;240;250;232;99.0000;-26.0000;105.0000;40.0000;7.0000;70.0000;1;0;0;0;0;0;1;75.0000;-2391.0000;58.0000;270;267;310;0;0;0
6121;275;0;0;240;250;232;99.0000;-26.0000;105.0000;40.0000;7.0000;70.0000;1;0;0;0;0;0;1;75.0000;-2391.0000;58.0000;270;267;310;0;0;0
6131;275;0;0;240;250;232;122.0000;-26.0000;105.0000;40.0000;7.0000;70.0000;1;0;0;0;0;0;1;75.0000;-2391.0000;58.0000;270;267;310;0;0;0
6142;275;0;0;240;250;232;122.0000;-26.0000;105.0000;40.0000;7.0000;70.0000;1;0;0;0;0;0;1;75.0000;-2391.0000;58.0000;270;267;310;0;0;0
6152;275;0;0;240;250;232;122.0000;-26.0000;85.0000;40.0000;7.0000;70.0000;1;0;0;0;0;0;1;75.0000;-2391.0000;58.0000;270;267;310;0;0;0
6163;275;0;0;240;250;232;122.0000;-26.0000;85.0000;40.0000;7.0000;70.0000;1;0;0;0;0;0;1;75.0000;-2391.0000;58.0000;270;267;310;0;0;0
6173;275;0;0;240;250;232;122.0000;-26.0000;85.0000;54.0000;7.0000;70.0000;1;0;0;0;0;0;1;75.0000;-2391.0000;58.0000;270;267;310;0;0;0
6184;275;0;0;240;250;232;122.0000;-26.0000;85.0000;54.0000;7.0000;70.0000;1;0;0;0;0;0;1;75.0000;-2391.0000;58.0000;270;267;310;0;0;0
6195;275;0;0;240;250;232;122.0000;-26.0000;85.0000;54.0000;7.0000;70.0000;1;0;0;0;0;0;1;75.0000;-2391.0000;132.0000;270;267;310;0;0;0
6205;275;0;0;240;250;232;122.0000;-26.0000;85.0000;54.0000;7.0000;70.0000;1;0;0;0;0;0;1;75.0000;-2391.0000;132.0000;270;267;310;0;0;0
6215;275;0;0;240;250;232;122.0000;-26.0000;85.0000;54.0000;7.0000;70.0000;1;0;0;0;0;0;1;75.0000;-2391.0000;132.0000;270;267;310;0;0;0
6227;275;0;0;240;250;232;122.0000;-26.0000;85.0000;54.0000;7.0000;70.0000;1;0;0;0;0;0;1;75.0000;-2391.0000;132.0000;270;267;310;0;0;0
6239;275;0;0;240;250;232;85.0000;161.0000;85.0000;54.0000;7.0000;70.0000;1;0;0;0;0;0;1;75.0000;-2391.0000;132.0000;270;267;310;0;0;0
6250;275;0;0;240;250;232;85.0000;161.0000;135.0000;54.0000;7.0000;70.0000;1;0;0;0;0;0;1;75.0000;-2391.0000;132.0000;270;267;310;0;0;0
6260;275;0;0;240;250;232;85.0000;161.0000;135.0000;54.0000;7.0000;70.0000;1;0;0;0;0;0;1;75.0000;-2391.0000;132.0000;270;267;310;0;0;0
6272;275;0;0;240;250;232;85.0000;161.0000;135.0000;54.0000;7.0000;70.0000;1;0;0;0;0;0;1;75.0000;-2391.0000;132.0000;270;267;310;0;0;4
6283;275;0;0;240;250;232;85.0000;161.0000;135.0000;54.0000;7.0000;70.0000;1;0;0;0;0;0;1;75.0000;-2391.0000;132.0000;270;267;310;0;0;4
6293;275;0;0;240;250;232;85.0000;161.0000;135.0000;54.0000;7.0000;70.0000;1;0;0;0;0;0;1;75.0000;-2391.0000;125.0000;270;267;310;0;0;4
6304;275;0;0;240;250;232;85.0000;161.0000;135.0000;54.0000;7.0000;70.0000;1;0;0;0;0;0;1;135.0000;-2391.0000;125.0000;270;267;310;0;0;4
6314;275;0;0;240;250;232;85.0000;161.0000;135.0000;54.0000;7.0000;70.0000;1;0;0;0;0;0;1;135.0000;-2391.0000;125.0000;270;267;310;0;0;4
6325;275;0;0;240;250;232;85.0000;161.0000;135.0000;54.0000;7.0000;70.0000;1;0;0;0;0;0;1;135.0000;-2391.0000;125.0000;270;267;310;0;0;4
6335;275;0;0;240;250;232;105.0000;161.0000;135.0000;54.0000;7.0000;70.0000;1;0;0;0;0;0;1;135.0000;-2391.0000;125.0000;270;267;310;0;0;4
6346;275;0;0;240;250;232;105.0000;80.0000;135.0000;54.0000;7.0000;70.0000;1;0;0;0;0;0;1;135.0000;-2391.0000;125.0000;270;267;310;0;0;4
6362;275;0;0;240;250;232;105.0000;80.0000;82.0000;54.0000;7.0000;70.0000;1;0;0;0;0;0;1;135.0000;-2391.0000;125.0000;270;267;310;0;0;4
6373;275;0;0;240;250;232;105.0000;80.0000;82.0000;54.0000;7.0000;70.0000;1;0;0;0;0;0;1;135.0000;-2391.0000;125.0000;270;267;310;0;0;4
6384;275;0;0;240;250;232;105.0000;80.0000;82.0000;54.0000;7.0000;70.0000;1;0;0;0;0;0;1;135.0000;-2391.0000;125.0000;270;267;310;0;0;28
6395;275;0;0;240;250;232;105.0000;80.0000;82.0000;54.0000;7.0000;70.0000;1;0;0;0;0;0;1;135.0000;-2391.0000;108.0000;270;267;310;0;0;28
6405;275;0;0;240;250;232;105.0000;80.0000;82.0000;54.0000;7.0000;70.0000;1;0;0;0;0;0;1;135.0000;-2391.0000;108.0000;270;267;310;0;0;28
6416;275;0;0;240;250;232;105.0000;80.0000;82.0000;54.0000;7.0000;70.0000;1;0;0;0;0;0;1;135.0000;-2391.0000;108.0000;270;267;310;0;0;28
6427;275;0;0;240;250;232;105.0000;80.0000;82.0000;54.0000;7.0000;70.0000;1;0;0;0;0;0;1;135.0000;-2391.0000;108.0000;270;267;310;0;0;28
6438;275;0;0;240;250;232;85.0000;80.0000;82.0000;54.0000;7.0000;70.0000;1;0;0;0;0;0;1;135.0000;-2391.0000;108.0000;270;267;310;0;0;28
6449;275;0;0;240;250;232;85.0000;107.0000;129.0000;54.0000;7.0000;70.0000;1;0;0;0;0;0;1;135.0000;-2391.0000;108.0000;270;267;310;0;0;28
6460;275;0;0;240;250;232;85.0000;107.0000;129.0000;54.0000;7.0000;70.0000;1;0;0;0;0;0;1;135.0000;-2391.0000;108.0000;270;267;310;0;0;28
6470;275;0;0;240;250;232;85.0000;107.0000;129.0000;54.0000;7.0000;70.0000;1;0;0;0;0;0;1;135.0000;-2391.0000;108.0000;270;267;310;0;0;28
6481;275;0;0;240;250;232;85.0000;107.0000;129.0000;54.0000;7.0000;70.0000;1;0;0;0;0;0;1;135.0000;-2391.0000;108.0000;270;267;310;0;0;28
6491;275;0;0;240;250;232;85.0000;107.0000;129.0000;54.0000;7.0000;70.0000;1;0;0;0;0;0;1;135.0000;-2391.0000;122.0000;270;267;310;0;0;30
6502;275;0;0;240;250;232;85.0000;107.0000;129.0000;54.0000;7.0000;70.0000;1;0;0;0;0;0;1;118.0000;-2391.0000;122.0000;270;267;310;0;0;30
6512;275;0;0;240;250;232;85.0000;107.0000;129.0000;54.0000;7.0000;70.0000;1;0;0;0;0;0;1;118.0000;-2391.0000;122.0000;270;267;310;0;0;30
6522;275;0;0;240;250;232;85.0000;107.0000;129.0000;54.0000;7.0000;70.0000;1;0;0;0;0;0;1;118.0000;-2391.0000;122.0000;270;267;310;0;0;30
6533;275;0;0;240;250;232;75.0000;107.0000;129.0000;54.0000;7.0000;70.0000;1;0;0;0;0;0;1;118.0000;-2391.0000;122.0000;270;267;310;0;0;30
6543;275;0;0;240;250;232;75.0000;-26.0000;129.0000;54.0000;7.0000;70.0000;1;0;0;0;0;0;1;118.0000;-2391.0000;122.0000;270;267;310;0;0;30
6554;275;0;0;240;250;232;75.0000;-26.0000;108.0000;54.0000;7.0000;70.0000;1;0;0;0;0;0;1;118.0000;-2391.0000;122.0000;270;267;310;0;0;30
6565;275;0;0;240;250;232;75.0000;-26.0000;108.0000;54.0000;7.0000;70.0000;1;0;0;0;0;0;1;118.0000;-2391.0000;122.0000;270;267;310;0;0;30
6575;275;0;0;240;250;232;75.0000;-26.0000;108.0000;54.0000;7.0000;70.0000;1;0;0;0;0;0;1;118.0000;-2391.0000;122.0000;270;267;310;0;0;30
6588;275;0;0;240;250;232;75.0000;-26.0000;108.0000;54.0000;7.0000;70.0000;1;0;0;0;0;0;1;118.0000;-2391.0000;122.0000;270;267;310;0;0;30
6604;275;0;0;240;250;232;75.0000;-26.0000;108.0000;54.0000;7.0000;70.0000;1;0;0;0;0;0;1;78.0000;-2391.0000;88.0000;270;267;310;0;0;30
6615;275;0;0;240;250;232;75.0000;-26.0000;108.0000;54.0000;7.0000;70.0000;1;0;0;0;0;0;1;78.0000;-2391.0000;88.0000;270;267;310;0;0;30
6625;275;0;0;240;250;232;75.0000;-26.0000;108.0000;54.0000;7.0000;70.0000;1;0;0;0;0;0;1;78.0000;-2391.0000;88.0000;270;267;310;0;0;30
6636;275;0;0;240;250;232;109.0000;-26.0000;108.0000;54.0000;7.0000;70.0000;1;0;0;0;0;0;1;78.0000;-2391.0000;88.0000;270;267;310;0;0;30
6646;275;0;0;240;250;232;109.0000;26.0000;108.0000;54.0000;7.0000;70.0000;1;0;0;0;0;0;1;78.0000;-2391.0000;88.0000;270;267;310;0;0;30
6657;275;0;0;240;250;232;109.0000;26.0000;129.0000;54.0000;7.0000;70.0000;1;0;0;0;0;0;1;78.0000;-2391.0000;88.0000;270;267;310;0;0;30
6667;275;0;0;240;250;232;109.0000;26.0000;129.0000;54.0000;7.0000;70.0000;1;0;0;0;0;0;1;78.0000;-2391.0000;88.0000;270;267;310;0;0;30
6678;275;0;0;240;250;232;109.0000;26.0000;129.0000;54.0000;7.0000;70.0000;1;0;0;0;0;0;1;78.0000;-2391.0000;88.0000;270;267;310;0;0;30
6688;275;0;0;240;250;232;109.0000;26.0000;129.0000;54.0000;7.0000;70.0000;1;0;0;0;0;0;1;78.0000;-2391.0000;88.0000;270;267;310;0;0;30
6699;275;0;0;240;250;232;109.0000;26.0000;129.0000;54.0000;7.0000;70.0000;1;0;0;0;0;0;1;132.0000;-2391.0000;112.0000;270;267;310;0;0;30
6709;275;0;0;240;250;232;109.0000;26.0000;129.0000;54.0000;7.0000;70.0000;1;0;0;0;0;0;1;132.0000;-2391.0000;112.0000;270;267;310;0;0;30
6720;275;0;0;240;250;232;109.0000;26.0000;129.0000;54.0000;7.0000;70.0000;1;0;0;0;0;0;1;132.0000;-2391.0000;112.0000;270;267;310;0;0;30
6730;275;0;0;240;250;232;109.0000;26.0000;129.0000;54.0000;7.0000;70.0000;1;0;0;0;0;0;1;132.0000;-2391.0000;112.0000;270;267;310;0;0;30
6740;275;0;0;240;250;232;95.0000;26.0000;129.0000;54.0000;7.0000;70.0000;1;0;0;0;0;0;1;132.0000;-2391.0000;112.0000;270;267;310;0;0;30
6752;275;0;0;240;250;232;95.0000;147.0000;122.0000;54.0000;7.0000;70.0000;1;0;0;0;0;0;1;132.0000;-2391.0000;112.0000;270;267;310;0;0;30
6762;275;0;0;240;250;232;95.0000;147.0000;122.0000;54.0000;7.0000;70.0000;1;0;0;0;0;0;1;132.0000;-2391.0000;112.0000;270;267;310;0;0;30
6773;275;0;0;240;250;232;95.0000;147.0000;122.0000;54.0000;7.0000;70.0000;1;0;0;0;0;0;1;132.0000;-2391.0000;112.0000;270;267;310;0;0;30
6783;275;0;0;240;250;232;95.0000;147.0000;122.0000;54.0000;7.0000;70.0000;1;0;0;0;0;0;1;132.0000;-2391.0000;112.0000;270;267;310;0;0;30
6794;275;0;0;240;250;232;95.0000;147.0000;122.0000;54.0000;7.0000;70.0000;1;0;0;0;0;0;1;132.0000;-2391.0000;112.0000;270;267;310;0;0;30
6804;275;0;0;240;250;232;95.0000;147.0000;122.0000;54.0000;7.0000;70.0000;1;0;0;0;0;0;1;65.0000;-2391.0000;122.0000;270;267;310;0;0;30
6815;275;0;0;240;250;232;95.0000;147.0000;122.0000;54.0000;7.0000;70.0000;1;0;0;0;0;0;1;65.0000;-2391.0000;122.0000;270;267;310;0;0;30
6825;275;0;0;240;250;232;95.0000;147.0000;122.0000;54.0000;7.0000;70.0000;1;0;0;0;0;0;1;65.0000;-2391.0000;122.0000;270;267;310;0;0;30
6835;275;0;0;240;250;232;95.0000;147.0000;122.0000;54.0000;7.0000;70.0000;1;0;0;0;0;0;1;65.0000;-2391.0000;122.0000;270;267;310;0;0;30
6846;275;0;0;240;250;232;95.0000;120.0000;122.0000;54.0000;7.0000;70.0000;1;0;0;0;0;0;1;65.0000;-2391.0000;122.0000;270;267;310;0;0;30
6857;275;0;0;240;250;232;95.0000;120.0000;132.0000;54.0000;7.0000;70.0000;1;0;0;0;0;0;1;65.0000;-2391.0000;122.0000;270;267;310;0;0;30
6867;275;0;0;240;250;232;95.0000;120.0000;132.0000;54.0000;7.0000;70.0000;1;0;0;0;0;0;1;65.0000;-2391.0000;122.0000;270;267;310;0;0;30
6884;275;0;0;240;250;232;95.0000;120.0000;132.0000;54.0000;7.0000;70.0000;1;0;0;0;0;0;1;65.0000;-2391.0000;122.0000;270;267;310;0;0;30
6894;275;0;0;240;250;232;95.0000;120.0000;132.0000;54.0000;7.0000;70.0000;1;0;0;0;0;0;1;65.0000;-2391.0000;98.0000;270;267;310;0;0;30
6905;275;0;0;240;250;232;95.0000;120.0000;132.0000;54.0000;7.0000;70.0000;1;0;0;0;0;0;1;78.0000;-2391.0000;98.0000;270;267;310;0;0;30
6916;275;0;0;240;250;232;95.0000;120.0000;132.0000;54.0000;7.0000;70.0000;1;0;0;0;0;0;1;78.0000;-2391.0000;98.0000;270;267;310;0;0;30
6926;275;0;0;240;250;232;95.0000;120.0000;132.0000;54.0000;7.0000;70.0000;1;0;0;0;0;0;1;78.0000;-2391.0000;98.0000;270;267;310;0;0;30
6937;275;0;0;240;250;232;79.0000;120.0000;132.0000;54.0000;7.0000;70.0000;1;0;0;0;0;0;1;78.0000;-2391.0000;98.0000;270;267;310;0;0;30
6947;275;0;0;240;250;232;79.0000;147.0000;132.0000;54.0000;7.0000;70.0000;1;0;0;0;0;0;1;78.0000;-2391.0000;98.0000;270;267;310;0;0;30
6958;275;0;0;240;250;232;79.0000;147.0000;139.0000;54.0000;7.0000;70.0000;1;0;0;0;0;0;1;78.0000;-2391.0000;98.0000;270;267;310;0;0;30
6968;275;0;0;240;250;232;79.0000;147.0000;139.0000;54.0000;7.0000;70.0000;1;0;0;0;0;0;1;78.0000;-2391.0000;98.0000;270;267;310;0;0;30
6978;275;0;0;240;250;232;79.0000;147.0000;139.0000;54.0000;7.0000;70.0000;1;0;0;0;0;0;1;78.0000;-2391.0000;98.0000;270;267;310;0;0;30
6989;275;0;0;240;250;232;79.0000;147.0000;139.0000;54.0000;7.0000;70.0000;1;0;0;0;0;0;1;78.0000;-2391.0000;98.0000;270;267;310;0;0;30
7000;275;0;0;240;250;232;79.0000;147.0000;139.0000;54.0000;7.0000;70.0000;1;0;0;0;0;0;1;132.0000;-2391.0000;82.0000;270;267;310;0;0;30
7010;275;0;0;240;250;232;79.0000;147.0000;139.0000;54.0000;7.0000;70.0000;1;0;0;0;0;0;1;132.0000;-2391.0000;82.0000;270;267;310;0;0;24
7021;275;0;0;240;250;232;79.0000;147.0000;139.0000;54.0000;7.0000;70.0000;1;0;0;0;0;0;1;132.0000;-2391.0000;82.0000;270;267;310;0;0;0
7032;275;0;0;240;250;232;79.0000;147.0000;139.0000;54.0000;7.0000;70.0000;1;0;0;0;0;0;1;132.0000;-2391.0000;82.0000;270;267;310;0;0;0
7043;275;0;0;240;250;232;82.0000;147.0000;139.0000;54.0000;7.0000;70.0000;1;0;0;0;0;0;1;132.0000;-2391.0000;82.0000;270;267;310;0;0;0
7053;275;0;0;240;250;232;82.0000;93.0000;115.0000;54.0000;7.0000;70.0000;1;0;0;0;0;0;1;132.0000;-2391.0000;82.0000;270;267;310;0;0;0
7064;275;0;0;240;250;232;82.0000;93.0000;115.0000;54.0000;7.0000;70.0000;1;0;0;0;0;0;1;132.0000;-2391.0000;82.0000;270;267;310;0;0;0
7075;275;0;0;240;250;232;82.0000;93.0000;115.0000;54.0000;7.0000;70.0000;1;0;0;0;0;0;1;132.0000;-2391.0000;82.0000;270;267;310;0;0;0
7085;275;0;0;240;250;232;82.0000;93.0000;115.0000;54.0000;7.0000;70.0000;1;0;0;0;0;0;1;132.0000;-2391.0000;82.0000;270;267;310;0;0;0
7095;275;0;0;240;250;232;82.0000;93.0000;115.0000;54.0000;7.0000;70.0000;1;0;0;0;0;0;1;132.0000;-2391.0000;92.0000;270;267;310;0;0;0
7106;275;0;0;240;250;232;82.0000;93.0000;115.0000;54.0000;7.0000;70.0000;1;0;0;0;0;0;1;85.0000;-2391.0000;92.0000;270;267;310;0;0;0
7117;275;0;0;240;250;232;82.0000;93.0000;115.0000;54.0000;7.0000;70.0000;1;0;0;0;0;0;1;85.0000;-2391.0000;92.0000;270;267;310;0;0;0
7128;275;0;0;240;250;232;82.0000;93.0000;115.0000;54.0000;7.0000;70.0000;1;0;0;0;0;0;1;85.0000;-2391.0000;92.0000;270;267;310;0;0;0
7138;275;0;0;240;250;232;79.0000;93.0000;115.0000;54.0000;7.0000;70.0000;1;0;0;0;0;0;1;85.0000;-2391.0000;92.0000;270;267;310;0;0;0
7149;275;0;0;240;250;232;79.0000;161.0000;115.0000;54.0000;7.0000;70.0000;1;0;0;0;0;0;1;85.0000;-2391.0000;92.0000;270;267;310;0;0;0
7164;275;0;0;240;250;232;79.0000;161.0000;129.0000;54.0000;7.0000;70.0000;1;0;0;0;0;0;1;85.0000;-2391.0000;92.0000;270;267;310;0;0;0
7174;275;0;0;240;250;232;79.0000;161.0000;129.0000;50.0000;7.0000;70.0000;1;0;0;0;0;0;1;85.0000;-2391.0000;92.0000;270;267;310;0;0;0
7186;275;0;0;240;250;232;79.0000;161.0000;129.0000;50.0000;7.0000;70.0000;1;0;0;0;0;0;1;85.0000;-2391.0000;92.0000;270;267;310;0;0;0
7197;275;0;0;240;250;232;79.0000;161.0000;129.0000;50.0000;7.0000;70.0000;1;0;0;0;0;0;1;85.0000;-2391.0000;112.0000;270;267;310;0;0;0
7207;275;0;0;240;250;232;79.0000;161.0000;129.0000;50.0000;7.0000;70.0000;1;0;0;0;0;0;1;92.0000;-2391.0000;112.0000;270;267;310;0;0;0
7218;277;0;0;240;250;232;79.0000;161.0000;129.0000;50.0000;7.0000;70.0000;1;0;0;0;0;0;1;92.0000;-2391.0000;112.0000;270;267;310;0;0;0
7228;277;0;0;240;250;232;79.0000;161.0000;129.0000;50.0000;7.0000;70.0000;1;0;0;0;0;0;1;92.0000;-2391.0000;112.0000;270;267;310;0;0;4
7239;277;0;0;240;250;232;82.0000;161.0000;129.0000;50.0000;7.0000;70.0000;1;0;0;0;0;0;1;92.0000;-2391.0000;112.0000;270;267;310;0;0;4
7250;277;0;0;240;250;232;82.0000;-13.0000;129.0000;50.0000;7.0000;70.0000;1;0;0;0;0;0;1;92.0000;-2391.0000;112.0000;270;267;310;0;0;4
7260;277;0;0;240;250;232;82.0000;-13.0000;125.0000;50.0000;7.0000;70.0000;1;0;0;0;0;0;1;92.0000;-2391.0000;112.0000;270;267;310;0;0;4
7270;277;0;0;240;250;232;82.0000;-13.0000;125.0000;50.0000;7.0000;70.0000;1;0;0;0;0;0;1;92.0000;-2391.0000;112.0000;270;267;310;0;0;4
7281;277;0;0;240;250;232;82.0000;-13.0000;125.0000;50.0000;7.0000;70.0000;1;0;0;0;0;0;1;92.0000;-2391.0000;112.0000;270;267;310;0;0;4
7292;277;0;0;240;250;232;82.0000;-13.0000;125.0000;50.0000;7.0000;70.0000;1;0;0;0;0;0;1;92.0000;-2391.0000;112.0000;270;267;310;0;0;4
7303;277;0;0;240;250;232;82.0000;-13.0000;125.0000;50.0000;7.0000;70.0000;1;0;0;0;0;0;1;71.0000;-2391.0000;112.0000;270;267;310;0;0;4
7334;277;0;0;240;250;232;82.0000;-13.0000;125.0000;50.0000;7.0000;70.0000;1;0;0;0;0;0;1;71.0000;-2391.0000;112.0000;270;267;310;0;0;4
7345;277;0;0;240;250;232;119.0000;-13.0000;125.0000;50.0000;7.0000;70.0000;1;0;0;0;0;0;1;71.0000;-2391.0000;112.0000;270;267;310;0;0;4
7356;277;0;0;240;250;232;119.0000;-26.0000;92.0000;50.0000;7.0000;70.0000;1;0;0;0;0;0;1;71.0000;-2391.0000;112.0000;270;267;310;0;0;4
7367;277;0;0;240;250;232;119.0000;-26.0000;92.0000;50.0000;7.0000;70.0000;1;0;0;0;0;0;1;71.0000;-2391.0000;112.0000;270;267;310;0;0;4
7379;277;0;0;240;250;232;119.0000;-26.0000;92.0000;50.0000;7.0000;70.0000;1;0;0;0;0;0;1;71.0000;-2391.0000;112.0000;270;267;310;0;0;4
7390;277;0;0;240;250;232;119.0000;-26.0000;92.0000;50.0000;7.0000;70.0000;1;0;0;0;0;0;1;71.0000;-2391.0000;112.0000;270;267;310;0;0;4
7401;277;0;0;240;250;232;119.0000;-26.0000;92.0000;50.0000;7.0000;70.0000;1;0;0;0;0;0;1;75.0000;-2391.0000;125.0000;270;267;310;0;0;4
7411;277;0;0;240;250;232;119.0000;-26.0000;92.0000;50.0000;7.0000;70.0000;1;0;0;0;0;0;1;75.0000;-2391.0000;125.0000;270;267;310;0;0;4
7422;277;0;0;240;250;232;119.0000;-26.0000;92.0000;50.0000;7.0000;70.0000;1;0;0;0;0;0;1;75.0000;-2391.0000;125.0000;270;267;310;0;0;4
7433;277;0;0;240;250;232;119.0000;-26.0000;92.0000;50.0000;7.0000;70.0000;1;0;0;0;0;0;1;75.0000;-2391.0000;125.0000;270;267;310;0;0;6
7445;277;0;0;240;250;232;119.0000;-26.0000;92.0000;50.0000;7.0000;70.0000;1;0;0;0;0;0;1;75.0000;-2391.0000;125.0000;270;267;310;0;0;30
7457;277;0;0;240;250;232;119.0000;-40.0000;92.0000;50.0000;7.0000;70.0000;1;0;0;0;0;0;1;75.0000;-2391.0000;125.0000;270;267;310;0;0;30
7467;277;0;0;240;250;232;119.0000;-40.0000;92.0000;50.0000;7.0000;70.0000;1;0;0;0;0;0;1;75.0000;-2391.0000;125.0000;270;267;310;0;0;30
7478;277;0;0;240;250;232;119.0000;-40.0000;92.0000;50.0000;7.0000;70.0000;1;0;0;0;0;0;1;75.0000;-2391.0000;125.0000;270;267;310;0;0;30
7488;277;0;0;240;250;232;119.0000;-40.0000;92.0000;50.0000;7.0000;70.0000;1;0;0;0;0;0;1;75.0000;-2391.0000;125.0000;270;267;310;0;0;30
7499;277;0;0;240;250;232;119.0000;-40.0000;92.0000;50.0000;7.0000;70.0000;1;0;0;0;0;0;1;75.0000;-2391.0000;115.0000;270;267;310;0;0;30
7509;277;0;0;240;250;232;119.0000;-40.0000;92.0000;50.0000;7.0000;70.0000;1;0;0;0;0;0;1;95.0000;-2391.0000;115.0000;270;267;310;0;0;30
7520;277;0;0;240;250;232;119.0000;-40.0000;92.0000;50.0000;7.0000;70.0000;1;0;0;0;0;0;1;95.0000;-2391.0000;115.0000;270;267;310;0;0;30
7530;277;0;0;240;250;232;119.0000;-40.0000;92.0000;50.0000;7.0000;70.0000;1;0;0;0;0;0;1;95.0000;-2391.0000;115.0000;270;267;310;0;0;30
7541;277;0;0;240;250;232;85.0000;-40.0000;92.0000;50.0000;7.0000;70.0000;1;0;0;0;0;0;1;95.0000;-2391.0000;115.0000;270;267;310;0;0;30
7551;277;0;0;240;250;232;85.0000;147.0000;92.0000;50.0000;7.0000;70.0000;1;0;0;0;0;0;1;95.0000;-2391.0000;115.0000;270;267;310;0;0;30
7562;277;0;0;240;250;232;85.0000;147.0000;85.0000;50.0000;7.0000;70.0000;1;0;0;0;0;0;1;95.0000;-2391.0000;115.0000;270;267;310;0;0;30
7572;277;0;0;240;250;232;85.0000;147.0000;85.0000;50.0000;7.0000;70.0000;1;0;0;0;0;0;1;95.0000;-2391.0000;115.0000;270;267;310;0;0;30
7583;277;0;0;240;250;232;85.0000;147.0000;85.0000;50.0000;7.0000;70.0000;1;0;0;0;0;0;1;95.0000;-2391.0000;115.0000;270;267;310;0;0;30
7593;277;0;0;240;250;232;85.0000;147.0000;85.0000;50.0000;7.0000;70.0000;1;0;0;0;0;0;1;95.0000;-2391.0000;115.0000;270;267;310;0;0;30
7604;277;0;0;240;250;232;85.0000;147.0000;85.0000;50.0000;7.0000;70.0000;1;0;0;0;0;0;1;95.0000;-2391.0000;102.0000;270;267;310;0;0;30
7615;277;0;0;240;250;232;85.0000;147.0000;85.0000;50.0000;7.0000;70.0000;1;0;0;0;0;0;1;115.0000;-2391.0000;102.0000;270;267;310;0;0;30
7625;277;0;0;240;250;232;85.0000;147.0000;85.0000;50.0000;7.0000;70.0000;1;0;0;0;0;0;1;115.0000;-2391.0000;102.0000;270;267;310;0;0;30
7636;277;0;0;240;250;232;85.0000;147.0000;85.0000;50.0000;7.0000;70.0000;1;0;0;0;0;0;1;115.0000;-2391.0000;102.0000;270;267;310;0;0;30
7647;277;0;0;240;250;232;85.0000;147.0000;85.0000;50.0000;7.0000;70.0000;1;0;0;0;0;0;1;115.0000;-2391.0000;102.0000;270;267;310;0;0;30
7658;277;0;0;240;250;232;85.0000;67.0000;105.0000;50.0000;7.0000;70.0000;1;0;0;0;0;0;1;115.0000;-2391.0000;102.0000;270;267;310;0;0;30
7669;277;0;0;240;250;232;85.0000;67.0000;105.0000;50.0000;7.0000;70.0000;1;0;0;0;0;0;1;115.0000;-2391.0000;102.0000;270;267;310;0;0;30
7679;277;0;0;240;250;232;85.0000;67.0000;105.0000;50.0000;7.0000;70.0000;1;0;0;0;0;0;1;115.0000;-2391.0000;102.0000;270;267;310;0;0;30
7689;277;0;0;240;250;232;85.0000;67.0000;105.0000;50.0000;7.0000;70.0000;1;0;0;0;0;0;1;115.0000;-2391.0000;102.0000;270;267;310;0;0;30
7700;277;0;0;240;250;232;85.0000;67.0000;105.0000;50.0000;7.0000;70.0000;1;0;0;0;0;0;1;115.0000;-2391.0000;82.0000;270;267;310;0;0;30
7711;277;0;0;240;250;232;85.0000;67.0000;105.0000;50.0000;7.0000;70.0000;1;0;0;0;0;0;1;128.0000;-2391.0000;82.0000;270;267;310;0;0;30
7721;277;0;0;240;250;232;85.0000;67.0000;105.0000;50.0000;7.0000;70.0000;1;0;0;0;0;0;1;128.0000;-2391.0000;82.0000;270;267;310;0;0;30
7731;277;0;0;240;250;232;85.0000;67.0000;105.0000;50.0000;7.0000;70.0000;1;0;0;0;0;0;1;128.0000;-2391.0000;82.0000;270;267;310;0;0;30
7742;277;0;0;240;250;232;75.0000;67.0000;105.0000;50.0000;7.0000;70.0000;1;0;0;0;0;0;1;128.0000;-2391.0000;82.0000;270;267;310;0;0;30
7753;277;0;0;240;250;232;75.0000;67.0000;105.0000;50.0000;7.0000;70.0000;1;0;0;0;0;0;1;128.0000;-2391.0000;82.0000;270;267;310;0;0;30
7764;277;0;0;240;250;232;75.0000;67.0000;92.0000;50.0000;7.0000;70.0000;1;0;0;0;0;0;1;128.0000;-2391.0000;82.0000;270;267;310;0;0;30
7774;277;0;0;240;250;232;75.0000;67.0000;92.0000;50.0000;7.0000;70.0000;1;0;0;0;0;0;1;128.0000;-2391.0000;82.0000;270;267;310;0;0;30
7785;277;0;0;240;250;232;75.0000;67.0000;92.0000;50.0000;7.0000;70.0000;1;0;0;0;0;0;1;128.0000;-2391.0000;82.0000;270;267;310;0;0;30
7796;277;0;0;240;250;232;75.0000;67.0000;92.0000;50.0000;7.0000;70.0000;1;0;0;0;0;0;1;128.0000;-2391.0000;82.0000;270;267;310;0;0;30
7806;277;0;0;240;250;232;75.0000;67.0000;92.0000;50.0000;7.0000;70.0000;1;0;0;0;0;0;1;85.0000;-2391.0000;78.0000;270;267;310;0;0;30
7817;277;0;0;240;250;232;75.0000;67.0000;92.0000;50.0000;7.0000;70.0000;1;0;0;0;0;0;1;85.0000;-2391.0000;78.0000;270;267;310;0;0;30
7827;277;0;0;240;250;232;75.0000;67.0000;92.0000;50.0000;7.0000;70.0000;1;0;0;0;0;0;1;85.0000;-2391.0000;78.0000;270;267;310;0;0;30
7838;277;0;0;240;250;232;75.0000;67.0000;92.0000;50.0000;7.0000;70.0000;1;0;0;0;0;0;1;85.0000;-2391.0000;78.0000;270;267;310;0;0;30
7848;277;0;0;240;250;232;85.0000;67.0000;92.0000;50.0000;7.0000;70.0000;1;0;0;0;0;0;1;85.0000;-2391.0000;78.0000;270;267;310;0;0;30
7859;277;0;0;240;250;232;85.0000;93.0000;125.0000;50.0000;7.0000;70.0000;1;0;0;0;0;0;1;85.0000;-2391.0000;78.0000;270;267;310;0;0;30
7869;277;0;0;240;250;232;85.0000;93.0000;125.0000;50.0000;7.0000;70.0000;1;0;0;0;0;0;1;85.0000;-2391.0000;78.0000;270;267;310;0;0;30
7880;277;0;0;240;250;232;85.0000;93.0000;125.0000;50.0000;7.0000;70.0000;1;0;0;0;0;0;1;85.0000;-2391.0000;78.0000;270;267;310;0;0;30
7890;277;0;0;240;250;232;85.0000;93.0000;125.0000;50.0000;7.0000;70.0000;1;0;0;0;0;0;1;85.0000;-2391.0000;78.0000;270;267;310;0;0;30
7901;277;0;0;240;250;232;85.0000;93.0000;125.0000;50.0000;7.0000;70.0000;1;0;0;0;0;0;1;85.0000;-2391.0000;102.0000;270;267;310;0;0;30
7914;277;0;0;240;250;232;85.0000;93.0000;125.0000;50.0000;7.0000;70.0000;1;0;0;0;0;0;1;122.0000;-2391.0000;102.0000;270;267;310;0;0;30
7924;277;0;0;240;250;232;85.0000;93.0000;125.0000;50.0000;7.0000;70.0000;1;0;0;0;0;0;1;122.0000;-2391.0000;102.0000;270;267;310;0;0;30
7935;277;0;0;240;250;232;85.0000;93.0000;125.0000;50.0000;7.0000;70.0000;1;0;0;0;0;0;1;122.0000;-2391.0000;102.0000;270;267;310;0;0;30
7945;277;0;0;240;250;232;75.0000;93.0000;125.0000;50.0000;7.0000;70.0000;1;0;0;0;0;0;1;122.0000;-2391.0000;102.0000;270;267;310;0;0;30
7957;277;0;0;240;250;232;75.0000;93.0000;125.0000;50.0000;7.0000;70.0000;1;0;0;0;0;0;1;122.0000;-2391.0000;102.0000;270;267;310;0;0;24
7967;277;0;0;240;250;232;75.0000;120.0000;129.0000;50.0000;7.0000;70.0000;1;0;0;0;0;0;1;122.0000;-2391.0000;102.0000;270;267;310;0;0;0
7978;277;0;0;240;250;232;75.0000;120.0000;129.0000;50.0000;7.0000;70.0000;1;0;0;0;0;0;1;122.0000;-2391.0000;102.0000;270;267;310;0;0;0
7988;277;0;0;240;250;232;75.0000;120.0000;129.0000;50.0000;7.0000;70.0000;1;0;0;0;0;0;1;122.0000;-2391.0000;102.0000;270;267;310;0;0;0
7999;277;0;0;240;250;232;75.0000;120.0000;129.0000;50.0000;7.0000;70.0000;1;0;0;0;0;0;1;122.0000;-2391.0000;102.0000;270;267;310;0;0;0
8010;277;0;0;240;250;232;75.0000;120.0000;129.0000;50.0000;7.0000;70.0000;1;0;0;0;0;0;1;85.0000;-2391.0000;98.0000;270;267;310;0;0;0
8021;277;0;0;240;250;232;75.0000;120.0000;129.0000;50.0000;7.0000;70.0000;1;0;0;0;0;0;1;85.0000;-2391.0000;98.0000;270;267;310;0;0;0
8032;277;0;0;240;250;232;75.0000;120.0000;129.0000;50.0000;7.0000;70.0000;1;0;0;0;0;0;1;85.0000;-2391.0000;98.0000;270;267;310;0;0;0
8044;277;0;0;240;250;232;82.0000;120.0000;129.0000;50.0000;7.0000;70.0000;1;0;0;0;0;0;1;85.0000;-2391.0000;98.0000;270;267;310;0;0;0
8054;277;0;0;240;250;232;82.0000;120.0000;129.0000;50.0000;7.0000;70.0000;1;0;0;0;0;0;1;85.0000;-2391.0000;98.0000;270;267;310;0;0;0
8065;277;0;0;240;250;232;82.0000;-13.0000;105.0000;50.0000;7.0000;70.0000;1;0;0;0;0;0;1;85.0000;-2391.0000;98.0000;270;267;310;0;0;0
8075;277;0;0;240;250;232;82.0000;-13.0000;105.0000;50.0000;7.0000;70.0000;1;0;0;0;0;0;1;85.0000;-2391.0000;98.0000;270;267;310;0;0;0
8086;277;0;0;240;250;232;82.0000;-13.0000;105.0000;50.0000;7.0000;70.0000;1;0;0;0;0;0;1;85.0000;-2391.0000;98.0000;270;267;310;0;0;0
8096;277;0;0;240;250;232;82.0000;-13.0000;105.0000;50.0000;7.0000;70.0000;1;0;0;0;0;0;1;85.0000;-2391.0000;98.0000;270;267;310;0;0;0
8107;277;0;0;240;250;232;82.0000;-13.0000;105.0000;50.0000;7.0000;70.0000;1;0;0;0;0;0;1;132.0000;-2391.0000;108.0000;270;267;310;0;0;0
8118;277;0;0;240;250;232;82.0000;-13.0000;105.0000;50.0000;7.0000;70.0000;1;0;0;0;0;0;1;132.0000;-2391.0000;108.0000;270;267;310;0;0;0
8129;277;0;0;240;250;232;82.0000;-13.0000;105.0000;50.0000;7.0000;70.0000;1;0;0;0;0;0;1;132.0000;-2391.0000;108.0000;270;267;310;0;0;0
8139;277;0;0;240;250;232;82.0000;-13.0000;105.0000;50.0000;7.0000;70.0000;1;0;0;0;0;0;1;132.0000;-2391.0000;108.0000;270;267;310;0;0;0
8149;277;0;0;240;250;232;85.0000;-13.0000;105.0000;50.0000;7.0000;70.0000;1;0;0;0;0;0;1;132.0000;-2391.0000;108.0000;270;267;310;0;0;0
8160;277;0;0;240;250;232;85.0000;26.0000;105.0000;50.0000;7.0000;70.0000;1;0;0;0;0;0;1;132.0000;-2391.0000;108.0000;270;267;310;0;0;0
8171;277;0;0;240;250;232;85.0000;26.0000;88.0000;50.0000;7.0000;70.0000;1;0;0;0;0;0;1;132.0000;-2391.0000;108.0000;270;267;310;0;0;0
8181;277;0;0;240;250;232;85.0000;26.0000;88.0000;30.0000;7.0000;70.0000;1;0;0;0;0;0;1;132.0000;-2391.0000;108.0000;270;267;310;0;0;0
8194;277;0;0;240;250;232;85.0000;26.0000;88.0000;30.0000;7.0000;70.0000;1;0;0;0;0;0;1;132.0000;-2391.0000;108.0000;270;267;310;0;0;0
8204;277;0;0;240;250;232;85.0000;26.0000;88.0000;30.0000;7.0000;70.0000;1;0;0;0;0;0;1;132.0000;-2391.0000;75.0000;270;267;310;0;0;0
8215;277;0;0;240;250;232;85.0000;26.0000;88.0000;30.0000;7.0000;70.0000;1;0;0;0;0;0;1;81.0000;-2391.0000;75.0000;270;267;310;0;0;0
8230;277;0;0;240;250;232;85.0000;26.0000;88.0000;30.0000;7.0000;70.0000;1;0;0;0;0;0;1;81.0000;-2391.0000;75.0000;270;267;310;0;0;0
8240;277;0;0;240;250;232;85.0000;26.0000;88.0000;30.0000;7.0000;70.0000;1;0;0;0;0;0;1;81.0000;-2391.0000;75.0000;270;267;310;0;0;0
8251;277;0;0;240;250;232;112.0000;26.0000;88.0000;30.0000;7.0000;70.0000;1;0;0;0;0;0;1;81.0000;-2391.0000;75.0000;270;267;310;0;0;0
8262;277;0;0;240;250;232;112.0000;93.0000;88.0000;30.0000;7.0000;70.0000;1;0;0;0;0;0;1;81.0000;-2391.0000;75.0000;270;267;310;0;0;0
8274;277;0;0;240;250;232;112.0000;93.0000;125.0000;30.0000;7.0000;70.0000;1;0;0;0;0;0;1;81.0000;-2391.0000;75.0000;270;267;310;0;0;4
8285;277;0;0;240;250;232;112.0000;93.0000;125.0000;30.0000;7.0000;70.0000;1;0;0;0;0;0;1;81.0000;-2391.0000;75.0000;270;267;310;0;0;4
8295;277;0;0;240;250;232;112.0000;93.0000;125.0000;30.0000;7.0000;70.0000;1;0;0;0;0;0;1;81.0000;-2391.0000;75.0000;270;267;310;0;0;4
8305;277;0;0;240;250;232;112.0000;93.0000;125.0000;30.0000;7.0000;70.0000;1;0;0;0;0;0;1;75.0000;-2391.0000;119.0000;270;267;310;0;0;4
8316;277;0;0;240;250;232;112.0000;93.0000;125.0000;30.0000;7.0000;70.0000;1;0;0;0;0;0;1;75.0000;-2391.0000;119.0000;270;267;310;0;0;4
8326;277;0;0;240;250;232;112.0000;93.0000;125.0000;30.0000;7.0000;70.0000;1;0;0;0;0;0;1;75.0000;-2391.0000;119.0000;270;267;310;0;0;4
8337;277;0;0;240;250;232;112.0000;93.0000;125.0000;30.0000;7.0000;70.0000;1;0;0;0;0;0;1;75.0000;-2391.0000;119.0000;270;267;310;0;0;4
8347;277;0;0;240;250;232;119.0000;93.0000;125.0000;30.0000;7.0000;70.0000;1;0;0;0;0;0;1;75.0000;-2391.0000;119.0000;270;267;310;0;0;4
8358;277;0;0;240;250;232;119.0000;93.0000;125.0000;30.0000;7.0000;70.0000;1;0;0;0;0;0;1;75.0000;-2391.0000;119.0000;270;267;310;0;0;4
8369;277;0;0;240;250;232;119.0000;107.0000;105.0000;30.0000;7.0000;70.0000;1;0;0;0;0;0;1;75.0000;-2391.0000;119.0000;270;267;310;0;0;4
8380;277;0;0;240;250;232;119.0000;107.0000;105.0000;30.0000;7.0000;70.0000;1;0;0;0;0;0;1;75.0000;-2391.0000;119.0000;270;267;310;0;0;12
8391;277;0;0;240;250;232;119.0000;107.0000;105.0000;30.0000;7.0000;70.0000;1;0;0;0;0;0;1;75.0000;-2391.0000;119.0000;270;267;310;0;0;12
8402;277;0;0;240;250;232;119.0000;107.0000;105.0000;30.0000;7.0000;70.0000;1;0;0;0;0;0;1;75.0000;-2391.0000;119.0000;270;267;310;0;0;12
8412;277;0;0;240;250;232;119.0000;107.0000;105.0000;30.0000;7.0000;70.0000;1;0;0;0;0;0;1;125.0000;-2391.0000;65.0000;270;267;310;0;0;12
8423;277;0;0;240;250;232;119.0000;107.0000;105.0000;30.0000;7.0000;70.0000;1;0;0;0;0;0;1;125.0000;-2391.0000;65.0000;270;267;310;0;0;12
8433;277;0;0;240;250;232;119.0000;107.0000;105.0000;30.0000;7.0000;70.0000;1;0;0;0;0;0;1;125.0000;-2391.0000;65.0000;270;267;310;0;0;12
8444;277;0;0;240;250;232;119.0000;107.0000;105.0000;30.0000;7.0000;70.0000;1;0;0;0;0;0;1;125.0000;-2391.0000;65.0000;270;267;310;0;0;12
8454;277;0;0;240;250;232;126.0000;107.0000;105.0000;30.0000;7.0000;70.0000;1;0;0;0;0;0;1;125.0000;-2391.0000;65.0000;270;267;310;0;0;12
8466;277;0;0;240;250;232;126.0000;-40.0000;132.0000;30.0000;7.0000;70.0000;1;0;0;0;0;0;1;125.0000;-2391.0000;65.0000;270;267;310;0;0;12
8477;277;0;0;240;250;232;126.0000;-40.0000;132.0000;30.0000;7.0000;70.0000;1;0;0;0;0;0;1;125.0000;-2391.0000;65.0000;270;267;310;0;0;12
8487;277;0;0;240;250;232;126.0000;-40.0000;132.0000;30.0000;7.0000;70.0000;1;0;0;0;0;0;1;125.0000;-2391.0000;65.0000;270;267;310;0;0;30
8498;277;0;0;240;250;232;126.0000;-40.0000;132.0000;30.0000;7.0000;70.0000;1;0;0;0;0;0;1;125.0000;-2391.0000;65.0000;270;267;310;0;0;30
8509;277;0;0;240;250;232;126.0000;-40.0000;132.0000;30.0000;7.0000;70.0000;1;0;0;0;0;0;1;122.0000;-2391.0000;108.0000;270;267;310;0;0;30
8520;277;0;0;240;250;232;126.0000;-40.0000;132.0000;30.0000;7.0000;70.0000;1;0;0;0;0;0;1;122.0000;-2391.0000;108.0000;270;267;310;0;0;30
8530;277;0;0;240;250;232;126.0000;-40.0000;132.0000;30.0000;7.0000;70.0000;1;0;0;0;0;0;1;122.0000;-2391.0000;108.0000;270;267;310;0;0;30
8540;277;0;0;240;250;232;126.0000;-40.0000;132.0000;30.0000;7.0000;70.0000;1;0;0;0;0;0;1;122.0000;-2391.0000;108.0000;270;267;310;0;0;30
8551;277;0;0;240;250;232;126.0000;-40.0000;132.0000;30.0000;7.0000;70.0000;1;0;0;0;0;0;1;122.0000;-2391.0000;108.0000;270;267;310;0;0;30
8562;277;0;0;240;250;232;79.0000;161.0000;132.0000;30.0000;7.0000;70.0000;1;0;0;0;0;0;1;122.0000;-2391.0000;108.0000;270;267;310;0;0;30
8572;277;0;0;240;250;235;79.0000;161.0000;108.0000;30.0000;7.0000;70.0000;1;0;0;0;0;0;1;122.0000;-2391.0000;108.0000;270;267;310;0;0;30
8583;275;0;0;240;250;235;79.0000;161.0000;108.0000;30.0000;7.0000;70.0000;1;0;0;0;0;0;1;122.0000;-2391.0000;108.0000;270;267;310;0;0;30
8594;275;0;0;240;250;235;79.0000;161.0000;108.0000;30.0000;7.0000;70.0000;1;0;0;0;0;0;1;122.0000;-2391.0000;108.0000;270;267;310;0;0;30
8605;275;0;0;240;250;235;79.0000;161.0000;108.0000;30.0000;7.0000;70.0000;1;0;0;0;0;0;1;122.0000;-2391.0000;108.0000;270;267;310;0;0;30
8615;275;0;0;240;250;235;79.0000;161.0000;108.0000;30.0000;7.0000;70.0000;1;0;0;0;0;0;1;68.0000;-2391.0000;72.0000;270;267;310;0;0;30
8626;275;0;0;240;250;235;79.0000;161.0000;108.0000;30.0000;7.0000;70.0000;1;0;0;0;0;0;1;68.0000;-2391.0000;72.0000;270;267;310;0;0;30
8636;275;0;0;240;250;235;79.0000;161.0000;108.0000;30.0000;7.0000;70.0000;1;0;0;0;0;0;1;68.0000;-2391.0000;72.0000;270;267;310;0;0;30
8646;275;0;0;240;250;235;79.0000;161.0000;108.0000;30.0000;7.0000;70.0000;1;0;0;0;0;0;1;68.0000;-2391.0000;72.0000;270;267;310;0;0;30
8657;275;0;0;240;250;235;112.0000;161.0000;108.0000;30.0000;7.0000;70.0000;1;0;0;0;0;0;1;68.0000;-2391.0000;72.0000;270;267;310;0;0;30
8668;275;0;0;240;250;235;112.0000;13.0000;132.0000;30.0000;7.0000;70.0000;1;0;0;0;0;0;1;68.0000;-2391.0000;72.0000;270;267;310;0;0;30
8679;275;0;0;240;250;235;112.0000;13.0000;132.0000;30.0000;7.0000;70.0000;1;0;0;0;0;0;1;68.0000;-2391.0000;72.0000;270;267;310;0;0;30
8692;275;0;0;240;250;235;112.0000;13.0000;132.0000;30.0000;7.0000;70.0000;1;0;0;0;0;0;1;68.0000;-2391.0000;72.0000;270;267;310;0;0;30
8702;275;0;0;240;250;235;112.0000;13.0000;132.0000;30.0000;7.0000;70.0000;1;0;0;0;0;0;1;68.0000;-2391.0000;72.0000;270;267;310;0;0;30
8712;275;0;0;240;250;235;112.0000;13.0000;132.0000;30.0000;7.0000;70.0000;1;0;0;0;0;0;1;125.0000;-2391.0000;68.0000;270;267;310;0;0;30
8723;275;0;0;240;250;235;112.0000;13.0000;132.0000;30.0000;7.0000;70.0000;1;0;0;0;0;0;1;125.0000;-2391.0000;68.0000;270;267;310;0;0;30
8733;275;0;0;240;250;235;112.0000;13.0000;132.0000;30.0000;7.0000;70.0000;1;0;0;0;0;0;1;125.0000;-2391.0000;68.0000;270;267;310;0;0;30
8744;275;0;0;240;250;235;112.0000;13.0000;132.0000;30.0000;7.0000;70.0000;1;0;0;0;0;0;1;125.0000;-2391.0000;68.0000;270;267;310;0;0;30
8755;275;0;0;240;250;235;112.0000;13.0000;132.0000;30.0000;7.0000;70.0000;1;0;0;0;0;0;1;125.0000;-2391.0000;68.0000;270;267;310;0;0;30
8767;275;0;0;240;250;235;122.0000;0.0000;132.0000;30.0000;7.0000;70.0000;1;0;0;0;0;0;1;125.0000;-2391.0000;68.0000;270;267;310;0;0;30
8783;275;0;0;240;250;235;122.0000;0.0000;108.0000;30.0000;7.0000;70.0000;1;0;0;0;0;0;1;125.0000;-2391.0000;68.0000;270;267;310;0;0;30
8793;275;0;0;240;250;235;122.0000;0.0000;108.0000;30.0000;7.0000;70.0000;1;0;0;0;0;0;1;125.0000;-2391.0000;68.0000;270;267;310;0;0;30
8804;275;0;0;240;250;235;122.0000;0.0000;108.0000;30.0000;7.0000;70.0000;1;0;0;0;0;0;1;125.0000;-2391.0000;68.0000;270;267;310;0;0;30
8814;275;0;0;240;250;235;122.0000;0.0000;108.0000;30.0000;7.0000;70.0000;1;0;0;0;0;0;1;85.0000;-2391.0000;72.0000;270;267;310;0;0;30
8825;275;0;0;240;250;235;122.0000;0.0000;108.0000;30.0000;7.0000;70.0000;1;0;0;0;0;0;1;85.0000;-2391.0000;72.0000;270;267;310;0;0;30
8835;275;0;0;240;250;235;122.0000;0.0000;108.0000;30.0000;7.0000;70.0000;1;0;0;0;0;0;1;85.0000;-2391.0000;72.0000;270;267;310;0;0;30
8846;275;0;0;240;250;235;122.0000;0.0000;108.0000;30.0000;7.0000;70.0000;1;0;0;0;0;0;1;85.0000;-2391.0000;72.0000;270;267;310;0;0;30
8856;275;0;0;240;250;235;122.0000;0.0000;108.0000;30.0000;7.0000;70.0000;1;0;0;0;0;0;1;85.0000;-2391.0000;72.0000;270;267;310;0;0;30
8866;275;0;0;240;250;235;122.0000;134.0000;108.0000;30.0000;7.0000;70.0000;1;0;0;0;0;0;1;85.0000;-2391.0000;72.0000;270;267;310;0;0;30
8877;275;0;0;240;250;235;122.0000;134.0000;119.0000;30.0000;7.0000;70.0000;1;0;0;0;0;0;1;85.0000;-2391.0000;72.0000;270;267;310;0;0;30
8887;275;0;0;240;250;235;122.0000;134.0000;119.0000;30.0000;7.0000;70.0000;1;0;0;0;0;0;1;85.0000;-2391.0000;72.0000;270;267;310;0;0;30
8898;275;0;0;240;250;235;122.0000;134.0000;119.0000;30.0000;7.0000;70.0000;1;0;0;0;0;0;1;85.0000;-2391.0000;72.0000;270;267;310;0;0;30
8909;275;0;0;240;250;235;122.0000;134.0000;119.0000;30.0000;7.0000;70.0000;1;0;0;0;0;0;1;85.0000;-2391.0000;68.0000;270;267;310;0;0;30
8920;275;0;0;240;250;235;122.0000;134.0000;119.0000;30.0000;7.0000;70.0000;1;0;0;0;0;0;1;125.0000;-2391.0000;68.0000;270;267;310;0;0;30
8930;275;0;0;240;250;235;122.0000;134.0000;119.0000;30.0000;7.0000;70.0000;1;0;0;0;0;0;1;125.0000;-2391.0000;68.0000;270;267;310;0;0;30
8941;275;0;0;240;250;235;122.0000;134.0000;119.0000;30.0000;7.0000;70.0000;1;0;0;0;0;0;1;125.0000;-2391.0000;68.0000;270;267;310;0;0;30
8951;275;0;0;240;250;235;122.0000;134.0000;119.0000;30.0000;7.0000;70.0000;1;0;0;0;0;0;1;125.0000;-2391.0000;68.0000;270;267;310;0;0;30
8961;275;0;0;240;250;235;82.0000;134.0000;119.0000;30.0000;7.0000;70.0000;1;0;0;0;0;0;1;125.0000;-2391.0000;68.0000;270;267;310;0;0;30
8972;275;0;0;240;250;235;82.0000;-40.0000;98.0000;30.0000;7.0000;70.0000;1;0;0;0;0;0;1;125.0000;-2391.0000;68.0000;270;267;310;0;0;30
8982;275;0;0;240;250;235;82.0000;-40.0000;98.0000;30.0000;7.0000;70.0000;1;0;0;0;0;0;1;125.0000;-2391.0000;68.0000;270;267;310;0;0;30
8993;275;0;0;240;250;235;82.0000;-40.0000;98.0000;30.0000;7.0000;70.0000;1;0;0;0;0;0;1;125.0000;-2391.0000;68.0000;270;267;310;0;0;30
9004;275;0;0;240;250;235;82.0000;-40.0000;98.0000;30.0000;7.0000;70.0000;1;0;0;0;0;0;1;125.0000;-2391.0000;68.0000;270;267;310;0;0;16
9017;275;0;0;240;250;235;82.0000;-40.0000;98.0000;30.0000;7.0000;70.0000;1;0;0;0;0;0;1;68.0000;-2391.0000;88.0000;270;267;310;0;0;0
9028;275;0;0;240;250;235;82.0000;-40.0000;98.0000;30.0000;7.0000;70.0000;1;0;0;0;0;0;1;68.0000;-2391.0000;88.0000;270;267;310;0;0;0
9038;275;0;0;240;250;235;82.0000;-40.0000;98.0000;30.0000;7.0000;70.0000;1;0;0;0;0;0;1;68.0000;-2391.0000;88.0000;270;267;310;0;0;0
9049;275;0;0;240;250;235;82.0000;-40.0000;98.0000;30.0000;7.0000;70.0000;1;0;0;0;0;0;1;68.0000;-2391.0000;88.0000;270;267;310;0;0;0
9059;275;0;0;240;250;235;99.0000;-40.0000;98.0000;30.0000;7.0000;70.0000;1;0;0;0;0;0;1;68.0000;-2391.0000;88.0000;270;267;310;0;0;0
9071;275;0;0;240;250;235;99.0000;-40.0000;98.0000;30.0000;7.0000;70.0000;1;0;0;0;0;0;1;68.0000;-2391.0000;88.0000;270;267;310;0;0;0
9081;275;0;0;240;250;235;99.0000;-40.0000;95.0000;30.0000;7.0000;70.0000;1;0;0;0;0;0;1;68.0000;-2391.0000;88.0000;270;267;310;0;0;0
9092;275;0;0;240;250;235;99.0000;-40.0000;95.0000;30.0000;7.0000;70.0000;1;0;0;0;0;0;1;68.0000;-2391.0000;88.0000;270;267;310;0;0;0
9102;275;0;0;240;250;235;99.0000;-40.0000;95.0000;30.0000;7.0000;70.0000;1;0;0;0;0;0;1;68.0000;-2391.0000;88.0000;270;267;310;0;0;0
9115;275;0;0;240;250;235;99.0000;-40.0000;95.0000;30.0000;7.0000;70.0000;1;0;0;0;0;0;1;118.0000;-2391.0000;82.0000;270;267;310;0;0;0
9125;275;0;0;240;250;235;99.0000;-40.0000;95.0000;30.0000;7.0000;70.0000;1;0;0;0;0;0;1;118.0000;-2391.0000;82.0000;270;267;310;0;0;0
9136;275;0;0;240;250;235;99.0000;-40.0000;95.0000;30.0000;7.0000;70.0000;1;0;0;0;0;0;2;118.0000;-2391.0000;82.0000;270;267;310;0;0;0
9146;275;0;0;240;250;235;99.0000;-40.0000;95.0000;30.0000;7.0000;70.0000;1;0;0;0;0;0;2;118.0000;-2391.0000;82.0000;270;267;310;0;0;0
9156;275;0;0;240;250;235;99.0000;-40.0000;95.0000;30.0000;7.0000;70.0000;1;0;0;0;0;0;2;118.0000;-2391.0000;82.0000;270;267;312;0;0;0
9168;275;0;0;240;250;235;115.0000;67.0000;95.0000;30.0000;7.0000;70.0000;1;0;0;0;0;0;2;118.0000;-2391.0000;82.0000;270;267;312;0;0;0
9179;275;0;0;240;250;235;115.0000;67.0000;132.0000;40.0000;7.0000;70.0000;1;0;0;0;0;0;2;118.0000;-2391.0000;82.0000;270;267;312;0;0;0
9189;275;0;0;240;250;235;115.0000;67.0000;132.0000;40.0000;7.0000;70.0000;1;0;0;0;0;0;2;118.0000;-2391.0000;82.0000;270;267;312;0;0;0
9200;275;0;0;240;250;235;115.0000;67.0000;132.0000;40.0000;7.0000;70.0000;1;0;0;0;0;0;2;118.0000;-2391.0000;82.0000;270;267;312;0;0;0
9210;275;0;0;240;250;235;115.0000;67.0000;132.0000;40.0000;7.0000;70.0000;1;0;0;0;0;0;2;118.0000;-2391.0000;82.0000;270;267;312;0;0;0
9223;275;0;0;240;250;235;115.0000;67.0000;132.0000;40.0000;7.0000;70.0000;1;0;0;0;0;0;2;78.0000;-2391.0000;112.0000;270;267;312;0;0;16864
9233;275;0;0;240;250;235;115.0000;67.0000;132.0000;40.0000;7.0000;70.0000;1;0;0;0;0;0;2;78.0000;-2391.0000;112.0000;270;267;312;0;0;17376
9244;275;0;0;240;250;235;115.0000;67.0000;132.0000;40.0000;7.0000;70.0000;1;0;0;0;0;0;2;78.0000;-2391.0000;112.0000;270;267;312;0;0;17376
9254;275;0;0;240;250;235;115.0000;67.0000;132.0000;40.0000;7.0000;70.0000;1;0;0;0;0;0;2;78.0000;-2391.0000;112.0000;270;267;312;0;0;17376
9265;275;0;0;240;250;235;115.0000;67.0000;132.0000;40.0000;7.0000;70.0000;1;0;0;0;0;0;2;78.0000;-2391.0000;112.0000;270;267;312;0;0;17376
9275;275;0;0;240;250;235;115.0000;13.0000;119.0000;40.0000;7.0000;70.0000;1;0;0;0;0;0;2;78.0000;-2391.0000;112.0000;270;267;312;0;0;17376
9286;275;0;0;240;250;235;115.0000;13.0000;119.0000;40.0000;7.0000;70.0000;1;0;0;0;0;0;2;78.0000;-2391.0000;112.0000;270;267;312;0;0;17376
9296;275;0;0;240;250;235;115.0000;13.0000;119.0000;40.0000;7.0000;70.0000;1;0;0;0;0;0;2;78.0000;-2391.0000;112.0000;270;267;312;0;0;17376
9307;275;0;0;240;250;235;115.0000;13.0000;119.0000;40.0000;7.0000;70.0000;1;0;0;0;0;0;2;78.0000;-2391.0000;112.0000;270;267;312;0;0;17376
9322;275;0;0;240;250;235;115.0000;13.0000;119.0000;40.0000;7.0000;70.0000;1;0;0;0;0;0;2;78.0000;-2391.0000;119.0000;270;267;312;0;0;17376
9332;275;0;0;240;250;235;115.0000;13.0000;119.0000;40.0000;7.0000;70.0000;1;0;0;0;0;0;2;78.0000;-2391.0000;119.0000;270;267;312;0;0;17380
9343;275;0;0;240;250;235;115.0000;13.0000;119.0000;40.0000;7.0000;70.0000;1;0;0;0;0;0;2;78.0000;-2391.0000;119.0000;270;267;312;0;0;17380
9353;275;0;0;240;250;235;115.0000;13.0000;119.0000;40.0000;7.0000;70.0000;1;0;0;0;0;0;2;78.0000;-2391.0000;119.0000;270;267;312;0;0;17380
9363;275;0;0;240;250;235;79.0000;13.0000;119.0000;40.0000;7.0000;70.0000;1;0;0;0;0;0;2;78.0000;-2391.0000;119.0000;270;267;312;0;0;17380
9374;275;0;0;240;250;235;79.0000;93.0000;119.0000;40.0000;7.0000;70.0000;1;0;0;0;0;0;2;78.0000;-2391.0000;119.0000;270;267;312;0;0;17380
9386;275;0;0;240;250;235;79.0000;93.0000;108.0000;40.0000;7.0000;70.0000;1;0;0;0;0;0;2;78.0000;-2391.0000;119.0000;270;267;312;0;0;17380
9396;275;0;0;240;250;235;79.0000;93.0000;108.0000;40.0000;7.0000;70.0000;1;0;0;0;0;0;2;78.0000;-2391.0000;119.0000;270;267;312;0;0;17380
9407;275;0;0;240;250;235;79.0000;93.0000;108.0000;40.0000;7.0000;70.0000;1;0;0;0;0;0;2;78.0000;-2391.0000;119.0000;270;267;312;0;0;17380
9418;275;0;0;240;250;235;79.0000;93.0000;108.0000;40.0000;7.0000;70.0000;1;0;0;0;0;0;2;122.0000;-2391.0000;92.0000;270;267;312;0;0;17380
9429;275;0;0;240;250;235;79.0000;93.0000;108.0000;40.0000;7.0000;70.0000;1;0;0;0;0;0;2;122.0000;-2391.0000;92.0000;270;267;312;0;0;17380
9442;275;0;0;240;250;235;79.0000;93.0000;108.0000;40.0000;7.0000;70.0000;1;0;0;0;0;0;2;122.0000;-2391.0000;92.0000;270;267;312;0;0;17406
9452;275;0;0;240;250;235;79.0000;93.0000;108.0000;40.0000;7.0000;70.0000;1;0;0;0;0;0;2;122.0000;-2391.0000;92.0000;270;267;312;0;0;17406
9463;275;0;0;240;250;235;75.0000;93.0000;108.0000;40.0000;7.0000;70.0000;1;0;0;0;0;0;2;122.0000;-2391.0000;92.0000;270;267;312;0;0;17406
9473;275;0;0;240;250;235;75.0000;161.0000;108.0000;40.0000;7.0000;70.0000;1;0;0;0;0;0;2;122.0000;-2391.0000;92.0000;270;267;312;0;0;17406
9484;275;0;0;240;250;235;75.0000;161.0000;98.0000;40.0000;7.0000;70.0000;1;0;0;0;0;0;2;122.0000;-2391.0000;92.0000;270;267;312;0;0;17406
9494;275;0;0;240;250;235;75.0000;161.0000;98.0000;40.0000;7.0000;70.0000;1;0;0;0;0;0;2;122.0000;-2391.0000;92.0000;270;267;312;0;0;17406
9505;275;0;0;240;250;235;75.0000;161.0000;98.0000;40.0000;7.0000;70.0000;1;0;0;0;0;0;2;122.0000;-2391.0000;92.0000;270;267;312;0;0;17406
9515;275;0;0;240;250;235;75.0000;161.0000;98.0000;40.0000;7.0000;70.0000;1;0;0;0;0;0;2;132.0000;-2391.0000;68.0000;270;267;312;0;0;17406
9526;275;0;0;240;250;235;75.0000;161.0000;98.0000;40.0000;7.0000;70.0000;1;0;0;0;0;0;2;132.0000;-2391.0000;68.0000;270;267;312;0;0;17406
9536;275;0;0;240;250;235;75.0000;161.0000;98.0000;40.0000;7.0000;70.0000;1;0;0;0;0;0;2;132.0000;-2391.0000;68.0000;270;267;312;0;0;17406
9546;275;0;0;240;250;235;75.0000;161.0000;98.0000;40.0000;7.0000;70.0000;1;0;0;0;0;0;2;132.0000;-2391.0000;68.0000;270;267;312;0;0;17406
9557;275;0;0;240;250;235;75.0000;161.0000;98.0000;40.0000;7.0000;70.0000;1;0;0;0;0;0;2;132.0000;-2391.0000;68.0000;270;267;312;0;0;17406
9567;275;0;0;240;250;235;72.0000;161.0000;98.0000;40.0000;7.0000;70.0000;1;0;0;0;0;0;2;132.0000;-2391.0000;68.0000;270;267;312;0;0;17406
9578;275;0;0;240;250;235;72.0000;80.0000;95.0000;40.0000;7.0000;70.0000;1;0;0;0;0;0;2;132.0000;-2391.0000;68.0000;270;267;312;0;0;17406
9588;275;0;0;240;250;235;72.0000;80.0000;95.0000;40.0000;7.0000;70.0000;1;0;0;0;0;0;2;132.0000;-2391.0000;68.0000;270;267;312;0;0;17406
9599;275;0;0;240;250;235;72.0000;80.0000;95.0000;40.0000;7.0000;70.0000;1;0;0;0;0;0;2;132.0000;-2391.0000;68.0000;270;267;312;0;0;17406
9609;275;0;0;240;250;235;72.0000;80.0000;95.0000;40.0000;7.0000;70.0000;1;0;0;0;0;0;2;132.0000;-2391.0000;68.0000;270;267;312;0;0;17406
9619;275;0;0;240;250;235;72.0000;80.0000;95.0000;40.0000;7.0000;70.0000;1;0;0;0;0;0;2;95.0000;-2391.0000;105.0000;270;267;312;0;0;17406
9630;275;0;0;240;250;235;72.0000;80.0000;95.0000;40.0000;7.0000;70.0000;1;0;0;0;0;0;2;95.0000;-2391.0000;105.0000;270;267;312;0;0;17406
9640;275;0;0;240;250;235;72.0000;80.0000;95.0000;40.0000;7.0000;70.0000;1;0;0;0;0;0;2;95.0000;-2391.0000;105.0000;270;267;312;0;0;17406
9651;275;0;0;240;250;235;72.0000;80.0000;95.0000;40.0000;7.0000;70.0000;1;0;0;0;0;0;2;95.0000;-2391.0000;105.0000;270;267;312;0;0;17406
9662;275;0;0;240;250;235;72.0000;80.0000;95.0000;40.0000;7.0000;70.0000;1;0;0;0;0;0;2;95.0000;-2391.0000;105.0000;270;267;312;0;0;17406
9672;275;0;0;240;250;235;89.0000;0.0000;95.0000;40.0000;7.0000;70.0000;1;0;0;0;0;0;2;95.0000;-2391.0000;105.0000;270;267;312;0;0;17406
9683;275;0;0;240;250;235;89.0000;0.0000;129.0000;40.0000;7.0000;70.0000;1;0;0;0;0;0;2;95.0000;-2391.0000;105.0000;270;267;312;0;0;17406
9694;275;0;0;240;250;235;89.0000;0.0000;129.0000;40.0000;7.0000;70.0000;1;0;0;0;0;0;2;95.0000;-2391.0000;105.0000;270;267;312;0;0;17406
9704;275;0;0;240;250;235;89.0000;0.0000;129.0000;40.0000;7.0000;70.0000;1;0;0;0;0;0;2;95.0000;-2391.0000;105.0000;270;267;312;0;0;17406
9715;275;0;0;240;250;235;89.0000;0.0000;129.0000;40.0000;7.0000;70.0000;1;0;0;0;0;0;2;95.0000;-2391.0000;119.0000;270;267;312;0;0;17406
9726;275;0;0;240;250;235;89.0000;0.0000;129.0000;40.0000;7.0000;70.0000;1;0;0;0;0;0;2;88.0000;-2391.0000;119.0000;270;267;312;0;0;17406
9737;275;0;0;240;250;235;89.0000;0.0000;129.0000;40.0000;7.0000;70.0000;1;0;0;0;0;0;2;88.0000;-2391.0000;119.0000;270;267;312;0;0;17406
9748;275;0;0;240;250;235;89.0000;0.0000;129.0000;40.0000;7.0000;70.0000;1;0;0;0;0;0;2;88.0000;-2391.0000;119.0000;270;267;312;0;0;17406
9759;275;0;0;240;250;235;89.0000;0.0000;129.0000;40.0000;7.0000;70.0000;1;0;0;0;0;0;2;88.0000;-2391.0000;119.0000;270;267;312;0;0;17406
9769;275;0;0;240;250;235;119.0000;0.0000;129.0000;40.0000;7.0000;70.0000;1;0;0;0;0;0;2;88.0000;-2391.0000;119.0000;270;267;312;0;0;17406
9780;275;0;0;240;250;235;119.0000;0.0000;129.0000;40.0000;7.0000;70.0000;1;0;0;0;0;0;2;88.0000;-2391.0000;119.0000;270;267;312;0;0;17406
9790;275;0;0;240;250;235;119.0000;0.0000;119.0000;40.0000;7.0000;70.0000;1;0;0;0;0;0;2;88.0000;-2391.0000;119.0000;270;267;312;0;0;17406
9801;275;0;0;240;250;235;119.0000;0.0000;119.0000;40.0000;7.0000;70.0000;1;0;0;0;0;0;2;88.0000;-2391.0000;119.0000;270;267;312;0;0;17406
9811;275;0;0;240;250;235;119.0000;0.0000;119.0000;40.0000;7.0000;70.0000;1;0;0;0;0;0;2;88.0000;-2391.0000;119.0000;270;267;312;0;0;17406
9822;275;0;0;240;250;235;119.0000;0.0000;119.0000;40.0000;7.0000;70.0000;1;0;0;0;0;0;2;128.0000;-2391.0000;75.0000;270;267;312;0;0;17406
9832;275;0;0;240;250;235;119.0000;0.0000;119.0000;40.0000;7.0000;70.0000;1;0;0;0;0;0;2;128.0000;-2391.0000;75.0000;270;267;312;0;0;17406
9843;275;0;0;240;250;235;119.0000;0.0000;119.0000;40.0000;7.0000;70.0000;1;0;0;0;0;0;2;128.0000;-2391.0000;75.0000;270;267;312;0;0;17406
9853;275;0;0;240;250;235;119.0000;0.0000;119.0000;40.0000;7.0000;70.0000;1;0;0;0;0;0;2;128.0000;-2391.0000;75.0000;270;267;312;0;0;17406
9864;275;0;0;240;250;235;119.0000;0.0000;119.0000;40.0000;7.0000;70.0000;1;0;0;0;0;0;2;128.0000;-2391.0000;75.0000;270;267;312;0;0;17406
9874;275;0;0;240;250;235;89.0000;-26.0000;119.0000;40.0000;7.0000;70.0000;1;0;0;0;0;0;2;128.0000;-2391.0000;75.0000;270;267;312;0;0;17406
9885;275;0;0;240;250;235;89.0000;-26.0000;102.0000;40.0000;7.0000;70.0000;1;0;0;0;0;0;2;128.0000;-2391.0000;75.0000;270;267;312;0;0;17406
9896;275;0;0;240;250;235;89.0000;-26.0000;102.0000;40.0000;7.0000;70.0000;1;0;0;0;0;0;2;128.0000;-2391.0000;75.0000;270;267;312;0;0;17406
9906;275;0;0;240;250;235;89.0000;-26.0000;102.0000;40.0000;7.0000;70.0000;1;0;0;0;0;0;2;128.0000;-2391.0000;75.0000;270;267;312;0;0;17406
9916;275;0;0;240;250;235;89.0000;-26.0000;102.0000;40.0000;7.0000;70.0000;1;0;0;0;0;0;2;128.0000;-2391.0000;135.0000;270;267;312;0;0;17406
9930;275;0;0;240;250;235;89.0000;-26.0000;102.0000;40.0000;7.0000;70.0000;1;0;0;0;0;0;2;92.0000;-2391.0000;135.0000;270;267;312;0;0;17406
9940;275;0;0;240;250;235;89.0000;-26.0000;102.0000;40.0000;7.0000;70.0000;1;0;0;0;0;0;2;92.0000;-2391.0000;135.0000;270;267;312;0;0;17406
9951;275;0;0;240;250;235;89.0000;-26.0000;102.0000;40.0000;7.0000;70.0000;1;0;0;0;0;0;2;92.0000;-2391.0000;135.0000;270;267;312;0;0;17406
9964;275;0;0;240;250;235;89.0000;-26.0000;102.0000;40.0000;7.0000;70.0000;1;0;0;0;0;0;2;92.0000;-2391.0000;135.0000;270;267;312;0;0;17376
9975;275;0;0;240;250;235;102.0000;-26.0000;102.0000;40.0000;7.0000;70.0000;1;0;0;0;0;0;2;92.0000;-2391.0000;135.0000;270;267;312;0;0;17376
9986;275;0;0;240;250;235;102.0000;161.0000;108.0000;40.0000;7.0000;70.0000;1;0;0;0;0;0;2;92.0000;-2391.0000;135.0000;270;267;312;0;0;17376
10001;275;0;0;240;250;235;102.0000;161.0000;108.0000;40.0000;7.0000;70.0000;1;0;0;0;0;0;2;92.0000;-2391.0000;135.0000;270;267;312;0;0;17376
10011;275;0;0;240;250;235;102.0000;161.0000;108.0000;40.0000;7.0000;70.0000;1;0;0;0;0;0;2;92.0000;-2391.0000;135.0000;270;267;312;0;0;17376
10022;275;0;0;240;250;235;102.0000;161.0000;108.0000;40.0000;7.0000;70.0000;1;0;0;0;0;0;2;75.0000;-2391.0000;61.0000;270;267;312;0;0;17376
10032;277;0;0;240;250;235;102.0000;161.0000;108.0000;40.0000;7.0000;70.0000;1;0;0;0;0;0;2;75.0000;-2391.0000;61.0000;270;267;312;0;0;17376
10043;277;0;0;240;250;235;102.0000;161.0000;108.0000;40.0000;7.0000;70.0000;1;0;0;0;0;0;2;75.0000;-2391.0000;61.0000;270;267;312;0;0;17376
10053;277;0;0;240;250;235;102.0000;161.0000;108.0000;40.0000;7.0000;70.0000;1;0;0;0;0;0;2;75.0000;-2391.0000;61.0000;270;267;312;0;0;17376
10064;277;0;0;240;250;235;102.0000;161.0000;108.0000;40.0000;7.0000;70.0000;1;0;0;0;0;0;2;75.0000;-2391.0000;61.0000;270;267;312;0;0;17376
10075;277;0;0;240;250;235;105.0000;53.0000;108.0000;40.0000;7.0000;70.0000;1;0;0;0;0;0;2;75.0000;-2391.0000;61.0000;270;267;312;0;0;17376
10086;277;0;0;240;250;235;105.0000;53.0000;88.0000;40.0000;7.0000;70.0000;1;0;0;0;0;0;2;75.0000;-2391.0000;61.0000;270;267;312;0;0;17376
10097;277;0;0;240;250;235;105.0000;53.0000;88.0000;40.0000;7.0000;70.0000;1;0;0;0;0;0;2;75.0000;-2391.0000;61.0000;270;267;312;0;0;17376
10107;277;0;0;240;250;235;105.0000;53.0000;88.0000;40.0000;7.0000;70.0000;1;0;0;0;0;0;2;75.0000;-2391.0000;61.0000;270;267;312;0;0;17376
10118;277;0;0;240;250;235;105.0000;53.0000;88.0000;40.0000;7.0000;70.0000;1;0;0;0;0;0;2;75.0000;-2391.0000;82.0000;270;267;312;0;0;17376
10128;277;0;0;240;250;235;105.0000;53.0000;88.0000;40.0000;7.0000;70.0000;1;0;0;0;0;0;2;135.0000;-2391.0000;82.0000;270;267;312;0;0;17376
10139;277;0;0;240;250;235;105.0000;53.0000;88.0000;40.0000;7.0000;70.0000;1;0;0;0;0;0;2;135.0000;-2391.0000;82.0000;270;267;312;0;0;17376
10149;277;0;0;240;250;235;105.0000;53.0000;88.0000;40.0000;7.0000;70.0000;1;0;0;0;0;0;2;135.0000;-2391.0000;82.0000;270;267;312;0;0;17376
10161;277;0;0;240;250;235;105.0000;53.0000;88.0000;40.0000;7.0000;70.0000;1;0;0;0;0;0;2;135.0000;-2391.0000;82.0000;270;267;312;0;0;17376
10171;277;0;0;240;250;235;109.0000;53.0000;88.0000;40.0000;7.0000;70.0000;1;0;0;0;0;0;2;135.0000;-2391.0000;82.0000;270;267;312;0;0;17376
10182;277;0;0;240;250;235;109.0000;93.0000;88.0000;45.0000;7.0000;70.0000;1;0;0;0;0;0;2;135.0000;-2391.0000;82.0000;270;267;312;0;0;17376
10192;277;0;0;240;250;235;109.0000;93.0000;108.0000;45.0000;7.0000;70.0000;1;0;0;0;0;0;2;135.0000;-2391.0000;82.0000;270;267;312;0;0;17376
10203;277;0;0;240;250;235;109.0000;93.0000;108.0000;45.0000;7.0000;70.0000;1;0;0;0;0;0;2;135.0000;-2391.0000;82.0000;270;267;312;0;0;17376
10213;277;0;0;240;250;235;109.0000;93.0000;108.0000;45.0000;7.0000;70.0000;1;0;0;0;0;0;2;135.0000;-2391.0000;82.0000;270;267;312;0;0;17376
10225;277;0;0;240;250;235;109.0000;93.0000;108.0000;45.0000;7.0000;70.0000;1;0;0;0;0;0;2;125.0000;-2391.0000;125.0000;270;267;312;0;0;17376
10235;277;0;0;240;250;235;109.0000;93.0000;108.0000;45.0000;7.0000;70.0000;1;0;0;0;0;0;2;125.0000;-2391.0000;125.0000;270;267;312;0;0;17376
10250;277;0;0;240;250;235;109.0000;93.0000;108.0000;45.0000;7.0000;70.0000;1;0;0;0;0;0;2;125.0000;-2391.0000;125.0000;270;267;312;0;0;17376
10260;277;0;0;240;250;235;109.0000;93.0000;108.0000;45.0000;7.0000;70.0000;1;0;0;0;0;0;2;125.0000;-2391.0000;125.0000;270;267;312;0;0;17376
10270;277;0;0;240;250;235;92.0000;93.0000;108.0000;45.0000;7.0000;70.0000;1;0;0;0;0;0;2;125.0000;-2391.0000;125.0000;270;267;312;0;0;17380
10281;277;0;0;240;250;235;92.0000;0.0000;108.0000;45.0000;7.0000;70.0000;1;0;0;0;0;0;2;125.0000;-2391.0000;125.0000;270;267;312;0;0;17380
10291;277;0;0;240;250;235;92.0000;0.0000;125.0000;45.0000;7.0000;70.0000;1;0;0;0;0;0;2;125.0000;-2391.0000;125.0000;270;267;312;0;0;17380
10302;277;0;0;240;250;235;92.0000;0.0000;125.0000;45.0000;7.0000;70.0000;1;0;0;0;0;0;2;125.0000;-2391.0000;125.0000;270;267;312;0;0;17380
10313;277;0;0;240;250;235;92.0000;0.0000;125.0000;45.0000;7.0000;70.0000;1;0;0;0;0;0;2;125.0000;-2391.0000;125.0000;270;267;312;0;0;17380
10324;277;0;0;240;250;235;92.0000;0.0000;125.0000;45.0000;7.0000;70.0000;1;0;0;0;0;0;2;122.0000;-2391.0000;102.0000;270;267;312;0;0;17380
10334;277;0;0;240;250;235;92.0000;0.0000;125.0000;45.0000;7.0000;70.0000;1;0;0;0;0;0;2;122.0000;-2391.0000;102.0000;270;267;312;0;0;17380
10345;277;0;0;240;250;235;92.0000;0.0000;125.0000;45.0000;7.0000;70.0000;1;0;0;0;0;0;2;122.0000;-2391.0000;102.0000;270;267;312;0;0;17380
10355;277;0;0;240;250;235;92.0000;0.0000;125.0000;45.0000;7.0000;70.0000;1;0;0;0;0;0;2;122.0000;-2391.0000;102.0000;270;267;312;0;0;17380
10367;277;0;0;240;250;235;92.0000;0.0000;125.0000;45.0000;7.0000;70.0000;1;0;0;0;0;0;2;122.0000;-2391.0000;102.0000;270;267;312;0;0;17380
10378;277;0;0;240;250;235;72.0000;147.0000;125.0000;45.0000;7.0000;70.0000;1;0;0;0;0;0;2;122.0000;-2391.0000;102.0000;270;267;312;0;0;17380
10390;277;0;0;240;250;235;72.0000;147.0000;85.0000;45.0000;7.0000;70.0000;1;0;0;0;0;0;2;122.0000;-2391.0000;102.0000;270;267;312;0;0;17380
10401;277;0;0;240;250;235;72.0000;147.0000;85.0000;45.0000;7.0000;70.0000;1;0;0;0;0;0;2;122.0000;-2391.0000;102.0000;270;267;312;0;0;17380
10412;277;0;0;240;250;235;72.0000;147.0000;85.0000;45.0000;7.0000;70.0000;1;0;0;0;0;0;2;122.0000;-2391.0000;102.0000;270;267;312;0;0;17380
10422;277;0;0;240;250;235;72.0000;147.0000;85.0000;45.0000;7.0000;70.0000;1;0;0;0;0;0;2;81.0000;-2391.0000;68.0000;270;267;312;0;0;17380
10433;277;0;0;240;250;235;72.0000;147.0000;85.0000;45.0000;7.0000;70.0000;1;0;0;0;0;0;2;81.0000;-2391.0000;68.0000;270;267;312;0;0;17380
10443;277;0;0;240;250;235;72.0000;147.0000;85.0000;45.0000;7.0000;70.0000;1;0;0;0;0;0;2;81.0000;-2391.0000;68.0000;270;267;312;0;0;17380
10454;277;0;0;240;250;235;72.0000;147.0000;85.0000;45.0000;7.0000;70.0000;1;0;0;0;0;0;2;81.0000;-2391.0000;68.0000;270;267;312;0;0;17380
10464;277;0;0;240;250;235;72.0000;147.0000;85.0000;45.0000;7.0000;70.0000;1;0;0;0;0;0;2;81.0000;-2391.0000;68.0000;270;267;312;0;0;17380
10476;277;0;0;240;250;235;102.0000;147.0000;85.0000;45.0000;7.0000;70.0000;1;0;0;0;0;0;2;81.0000;-2391.0000;68.0000;270;267;312;0;0;17406
10491;277;0;0;240;250;235;102.0000;147.0000;85.0000;45.0000;7.0000;70.0000;1;0;0;0;0;0;2;81.0000;-2391.0000;68.0000;270;267;312;0;0;17406
10501;277;0;0;240;250;235;102.0000;147.0000;125.0000;45.0000;7.0000;70.0000;1;0;0;0;0;0;2;81.0000;-2391.0000;68.0000;270;267;312;0;0;17406
10512;277;0;0;240;250;235;102.0000;147.0000;125.0000;45.0000;7.0000;70.0000;1;0;0;0;0;0;2;81.0000;-2391.0000;68.0000;270;267;312;0;0;17406
10522;277;0;0;240;250;235;102.0000;147.0000;125.0000;45.0000;7.0000;70.0000;1;0;0;0;0;0;2;81.0000;-2391.0000;95.0000;270;267;312;0;0;17406
10532;277;0;0;240;250;235;102.0000;147.0000;125.0000;45.0000;7.0000;70.0000;1;0;0;0;0;0;2;128.0000;-2391.0000;95.0000;270;267;312;0;0;17406
10543;277;0;0;240;250;235;102.0000;147.0000;125.0000;45.0000;7.0000;70.0000;1;0;0;0;0;0;2;128.0000;-2391.0000;95.0000;270;267;312;0;0;17406
10553;277;0;0;240;250;235;102.0000;147.0000;125.0000;45.0000;7.0000;70.0000;1;0;0;0;0;0;2;128.0000;-2391.0000;95.0000;270;267;312;0;0;17406
10564;277;0;0;240;250;235;102.0000;147.0000;125.0000;45.0000;7.0000;70.0000;1;0;0;0;0;0;2;128.0000;-2391.0000;95.0000;270;267;312;0;0;17406
10574;277;0;0;240;250;235;75.0000;147.0000;125.0000;45.0000;7.0000;70.0000;1;0;0;0;0;0;2;128.0000;-2391.0000;95.0000;270;267;312;0;0;17406
10585;277;0;0;240;250;235;75.0000;107.0000;125.0000;45.0000;7.0000;70.0000;1;0;0;0;0;0;2;128.0000;-2391.0000;95.0000;270;267;312;0;0;17406
10595;277;0;0;240;250;235;75.0000;107.0000;132.0000;45.0000;7.0000;70.0000;1;0;0;0;0;0;2;128.0000;-2391.0000;95.0000;270;267;312;0;0;17406
10606;277;0;0;240;250;235;75.0000;107.0000;132.0000;45.0000;7.0000;70.0000;1;0;0;0;0;0;2;128.0000;-2391.0000;95.0000;270;267;312;0;0;17406
10616;277;0;0;240;250;235;75.0000;107.0000;132.0000;45.0000;7.0000;70.0000;1;0;0;0;0;0;2;128.0000;-2391.0000;95.0000;270;267;312;0;0;17406
10626;277;0;0;240;250;235;75.0000;107.0000;132.0000;45.0000;7.0000;70.0000;1;0;0;0;0;0;2;92.0000;-2391.0000;108.0000;270;267;312;0;0;17406
10637;277;0;0;240;250;235;75.0000;107.0000;132.0000;45.0000;7.0000;70.0000;1;0;0;0;0;0;2;92.0000;-2391.0000;108.0000;270;267;312;0;0;17406
10647;277;0;0;240;250;235;75.0000;107.0000;132.0000;45.0000;7.0000;70.0000;1;0;0;0;0;0;2;92.0000;-2391.0000;108.0000;270;267;312;0;0;17406
10658;277;0;0;240;250;235;75.0000;107.0000;132.0000;45.0000;7.0000;70.0000;1;0;0;0;0;0;2;92.0000;-2391.0000;108.0000;270;267;312;0;0;17406
10668;277;0;0;240;250;235;75.0000;107.0000;132.0000;45.0000;7.0000;70.0000;1;0;0;0;0;0;2;92.0000;-2391.0000;108.0000;270;267;312;0;0;17406
10678;277;0;0;240;250;235;68.0000;107.0000;132.0000;45.0000;7.0000;70.0000;1;0;0;0;0;0;2;92.0000;-2391.0000;108.0000;270;267;312;0;0;17406
10689;277;0;0;240;250;235;68.0000;0.0000;132.0000;45.0000;7.0000;70.0000;1;0;0;0;0;0;2;92.0000;-2391.0000;108.0000;270;267;312;0;0;17406
10699;277;0;0;240;250;235;68.0000;0.0000;98.0000;45.0000;7.0000;70.0000;1;0;0;0;0;0;2;92.0000;-2391.0000;108.0000;270;267;312;0;0;17406
10710;277;0;0;240;250;235;68.0000;0.0000;98.0000;45.0000;7.0000;70.0000;1;0;0;0;0;0;2;92.0000;-2391.0000;108.0000;270;267;312;0;0;17406
10720;277;0;0;240;250;235;68.0000;0.0000;98.0000;45.0000;7.0000;70.0000;1;0;0;0;0;0;2;92.0000;-2391.0000;75.0000;270;267;312;0;0;17406
10734;277;0;0;240;250;235;68.0000;0.0000;98.0000;45.0000;7.0000;70.0000;1;0;0;0;0;0;2;88.0000;-2391.0000;75.0000;270;267;312;0;0;17406
10744;277;0;0;240;250;235;68.0000;0.0000;98.0000;45.0000;7.0000;70.0000;1;0;0;0;0;0;2;88.0000;-2391.0000;75.0000;270;267;312;0;0;17406
10755;277;0;0;240;250;235;68.0000;0.0000;98.0000;45.0000;7.0000;70.0000;1;0;0;0;0;0;2;88.0000;-2391.0000;75.0000;270;267;312;0;0;17406
10766;277;0;0;240;250;235;68.0000;0.0000;98.0000;45.0000;7.0000;70.0000;1;0;0;0;0;0;2;88.0000;-2391.0000;75.0000;270;267;312;0;0;17406
10777;277;0;0;240;250;235;89.0000;0.0000;98.0000;45.0000;7.0000;70.0000;1;0;0;0;0;0;2;88.0000;-2391.0000;75.0000;270;267;312;0;0;17406
10787;277;0;0;240;250;235;89.0000;0.0000;98.0000;45.0000;7.0000;70.0000;1;0;0;0;0;0;2;88.0000;-2391.0000;75.0000;270;267;312;0;0;17406
10798;277;0;0;240;250;235;89.0000;-13.0000;92.0000;45.0000;7.0000;70.0000;1;0;0;0;0;0;2;88.0000;-2391.0000;75.0000;270;267;312;0;0;17406
10808;277;0;0;240;250;235;89.0000;-13.0000;92.0000;45.0000;7.0000;70.0000;1;0;0;0;0;0;2;88.0000;-2391.0000;75.0000;270;267;312;0;0;17406
10819;277;0;0;240;250;235;89.0000;-13.0000;92.0000;45.0000;7.0000;70.0000;1;0;0;0;0;0;2;88.0000;-2391.0000;75.0000;270;267;312;0;0;17406
10829;277;0;0;240;250;235;89.0000;-13.0000;92.0000;45.0000;7.0000;70.0000;1;0;0;0;0;0;2;135.0000;-2391.0000;125.0000;270;267;312;0;0;17406
10840;277;0;0;240;250;235;89.0000;-13.0000;92.0000;45.0000;7.0000;70.0000;1;0;0;0;0;0;2;135.0000;-2391.0000;125.0000;270;267;312;0;0;17406
10850;277;0;0;240;250;235;89.0000;-13.0000;92.0000;45.0000;7.0000;70.0000;1;0;0;0;0;0;2;135.0000;-2391.0000;125.0000;270;267;312;0;0;17406
10861;277;0;0;240;250;235;89.0000;-13.0000;92.0000;45.0000;7.0000;70.0000;1;0;0;0;0;0;2;135.0000;-2391.0000;125.0000;270;267;312;0;0;17406
10871;277;0;0;240;250;235;89.0000;-13.0000;92.0000;45.0000;7.0000;70.0000;1;0;0;0;0;0;2;135.0000;-2391.0000;125.0000;270;267;312;0;0;17406
10881;277;0;0;240;250;235;126.0000;-13.0000;92.0000;45.0000;7.0000;70.0000;1;0;0;0;0;0;2;135.0000;-2391.0000;125.0000;270;267;312;0;0;17406
10892;277;0;0;240;250;235;126.0000;-26.0000;92.0000;45.0000;7.0000;70.0000;1;0;0;0;0;0;2;135.0000;-2391.0000;125.0000;270;267;312;0;0;17406
10902;277;0;0;240;250;235;126.0000;-26.0000;102.0000;45.0000;7.0000;70.0000;1;0;0;0;0;0;2;135.0000;-2391.0000;125.0000;270;267;312;0;0;17406
10913;277;0;0;240;250;235;126.0000;-26.0000;102.0000;45.0000;7.0000;70.0000;1;0;0;0;0;0;2;135.0000;-2391.0000;125.0000;270;267;312;0;0;17406
10924;277;0;0;240;250;235;126.0000;-26.0000;102.0000;45.0000;7.0000;70.0000;1;0;0;0;0;0;2;95.0000;-2391.0000;135.0000;270;267;312;0;0;17406
10934;277;0;0;240;250;235;126.0000;-26.0000;102.0000;45.0000;7.0000;70.0000;1;0;0;0;0;0;2;95.0000;-2391.0000;135.0000;270;267;312;0;0;17406
10945;277;0;0;240;250;235;126.0000;-26.0000;102.0000;45.0000;7.0000;70.0000;1;0;0;0;0;0;2;95.0000;-2391.0000;135.0000;270;267;312;0;0;17406
10955;277;0;0;240;250;235;126.0000;-26.0000;102.0000;45.0000;7.0000;70.0000;1;0;0;0;0;0;2;95.0000;-2391.0000;135.0000;270;267;312;0;0;17406
10965;277;0;0;240;250;235;126.0000;-26.0000;102.0000;45.0000;7.0000;70.0000;1;0;0;0;0;0;2;95.0000;-2391.0000;135.0000;270;267;312;0;0;17406
10976;277;0;0;240;250;235;126.0000;-26.0000;102.0000;45.0000;7.0000;70.0000;1;0;0;0;0;0;2;95.0000;-2391.0000;135.0000;270;267;312;0;0;17406
10990;277;0;0;240;250;235;119.0000;107.0000;102.0000;45.0000;7.0000;70.0000;1;0;0;0;0;0;2;95.0000;-2391.0000;135.0000;270;267;312;0;0;17400
11000;277;0;0;240;250;235;119.0000;107.0000;135.0000;45.0000;7.0000;70.0000;1;0;0;0;0;0;2;95.0000;-2391.0000;135.0000;270;267;312;0;0;17376
11011;277;0;0;240;250;235;119.0000;107.0000;135.0000;45.0000;7.0000;70.0000;1;0;0;0;0;0;2;95.0000;-2391.0000;135.0000;270;267;312;0;0;17376
11022;277;0;0;240;250;235;119.0000;107.0000;135.0000;45.0000;7.0000;70.0000;1;0;0;0;0;0;2;95.0000;-2391.0000;135.0000;270;267;312;0;0;17376
11033;277;0;0;240;250;235;119.0000;107.0000;135.0000;45.0000;7.0000;70.0000;1;0;0;0;0;0;2;128.0000;-2391.0000;135.0000;270;267;312;0;0;17376
11043;277;0;0;240;250;235;119.0000;107.0000;135.0000;45.0000;7.0000;70.0000;1;0;0;0;0;0;2;128.0000;-2391.0000;135.0000;270;267;312;0;0;17376
11054;277;0;0;240;250;235;119.0000;107.0000;135.0000;45.0000;7.0000;70.0000;1;0;0;0;0;0;2;128.0000;-2391.0000;135.0000;270;267;312;0;0;17376
11064;277;0;0;240;250;235;119.0000;107.0000;135.0000;45.0000;7.0000;70.0000;1;0;0;0;0;0;2;128.0000;-2391.0000;135.0000;270;267;312;0;0;17376
11075;277;0;0;240;250;235;119.0000;107.0000;135.0000;45.0000;7.0000;70.0000;1;0;0;0;0;0;2;128.0000;-2391.0000;135.0000;270;267;312;0;0;17376
11094;277;0;0;240;250;235;105.0000;107.0000;135.0000;45.0000;7.0000;70.0000;1;0;0;0;0;0;2;128.0000;-2391.0000;135.0000;270;267;312;0;0;17376
11105;277;0;0;240;250;235;105.0000;134.0000;129.0000;45.0000;7.0000;70.0000;1;0;0;0;0;0;2;128.0000;-2391.0000;135.0000;270;267;312;0;0;17376
11116;277;0;0;240;250;235;105.0000;134.0000;129.0000;45.0000;7.0000;70.0000;1;0;0;0;0;0;2;128.0000;-2391.0000;135.0000;270;267;312;0;0;17376
11126;277;0;0;240;250;235;105.0000;134.0000;129.0000;45.0000;7.0000;70.0000;1;0;0;0;0;0;2;95.0000;-2391.0000;125.0000;270;267;312;0;0;17376
11136;277;0;0;240;250;235;105.0000;134.0000;129.0000;45.0000;7.0000;70.0000;1;0;0;0;0;0;2;95.0000;-2391.0000;125.0000;270;267;312;0;0;17376
11147;277;0;0;240;250;235;105.0000;134.0000;129.0000;45.0000;7.0000;70.0000;1;0;0;0;0;0;2;95.0000;-2391.0000;125.0000;270;267;312;0;0;17376
11157;277;0;0;240;250;235;105.0000;134.0000;129.0000;45.0000;7.0000;70.0000;1;0;0;0;0;0;2;95.0000;-2391.0000;125.0000;270;267;312;0;0;17376
11167;277;0;0;240;250;235;105.0000;134.0000;129.0000;45.0000;7.0000;70.0000;1;0;0;0;0;0;2;95.0000;-2391.0000;125.0000;270;267;312;0;0;17376
11178;277;0;0;240;250;235;75.0000;134.0000;129.0000;45.0000;7.0000;70.0000;1;0;0;0;0;0;2;95.0000;-2391.0000;125.0000;270;267;312;0;0;17376
11190;277;0;0;240;250;235;75.0000;107.0000;129.0000;55.0000;7.0000;70.0000;1;0;0;0;0;0;2;95.0000;-2391.0000;125.0000;270;267;312;0;0;17376
11200;277;0;0;240;250;235;75.0000;107.0000;135.0000;55.0000;7.0000;70.0000;1;0;0;0;0;0;2;95.0000;-2391.0000;125.0000;270;267;312;0;0;17376
11211;277;0;0;240;250;235;75.0000;107.0000;135.0000;55.0000;7.0000;70.0000;1;0;0;0;0;0;2;95.0000;-2391.0000;125.0000;270;267;312;0;0;17376
11222;277;0;0;240;250;235;75.0000;107.0000;135.0000;55.0000;7.0000;70.0000;1;0;0;0;0;0;2;95.0000;-2391.0000;85.0000;270;267;312;0;0;17376
11233;277;0;0;240;250;235;75.0000;107.0000;135.0000;55.0000;7.0000;70.0000;1;0;0;0;0;0;2;122.0000;-2391.0000;85.0000;270;267;312;0;0;17376
11243;277;0;0;240;250;235;75.0000;107.0000;135.0000;55.0000;7.0000;70.0000;1;0;0;0;0;0;2;122.0000;-2391.0000;85.0000;270;267;312;0;0;17376
11254;277;0;0;240;250;235;75.0000;107.0000;135.0000;55.0000;7.0000;70.0000;1;0;0;0;0;0;2;122.0000;-2391.0000;85.0000;270;267;312;0;0;17376
11264;277;0;0;240;250;235;75.0000;107.0000;135.0000;55.0000;7.0000;70.0000;1;0;0;0;0;0;2;122.0000;-2391.0000;85.0000;270;267;312;0;0;17376
11275;277;0;0;240;250;235;75.0000;107.0000;135.0000;55.0000;7.0000;70.0000;1;0;0;0;0;0;2;122.0000;-2391.0000;85.0000;270;267;312;0;0;17376
11287;277;0;0;240;250;235;95.0000;107.0000;135.0000;55.0000;7.0000;70.0000;1;0;0;0;0;0;2;122.0000;-2391.0000;85.0000;270;267;312;0;0;17376
11297;277;0;0;240;250;235;95.0000;-40.0000;135.0000;55.0000;7.0000;70.0000;1;0;0;0;0;0;2;122.0000;-2391.0000;85.0000;270;267;312;0;0;17376
11308;277;0;0;240;250;235;95.0000;-40.0000;122.0000;55.0000;7.0000;70.0000;1;0;0;0;0;0;2;122.0000;-2391.0000;85.0000;270;267;312;0;0;17380
11319;277;0;0;240;250;235;95.0000;-40.0000;122.0000;55.0000;7.0000;70.0000;1;0;0;0;0;0;2;122.0000;-2391.0000;85.0000;270;267;312;0;0;17380
11329;277;0;0;240;250;235;95.0000;-40.0000;122.0000;55.0000;7.0000;70.0000;1;0;0;0;0;0;2;135.0000;-2391.0000;95.0000;270;267;312;0;0;17380
11340;277;0;0;240;250;235;95.0000;-40.0000;122.0000;55.0000;7.0000;70.0000;1;0;0;0;0;0;2;135.0000;-2391.0000;95.0000;270;267;312;0;0;17380
11350;277;0;0;240;250;235;95.0000;-40.0000;122.0000;55.0000;7.0000;70.0000;1;0;0;0;0;0;2;135.0000;-2391.0000;95.0000;270;267;312;0;0;17380
11361;277;0;0;240;250;235;95.0000;-40.0000;122.0000;55.0000;7.0000;70.0000;1;0;0;0;0;0;2;135.0000;-2391.0000;95.0000;270;267;312;0;0;17380
11374;277;0;0;240;250;235;95.0000;-40.0000;122.0000;55.0000;7.0000;70.0000;1;0;0;0;0;0;2;135.0000;-2391.0000;95.0000;270;267;312;0;0;17380
11384;277;0;0;240;250;235;112.0000;-40.0000;122.0000;55.0000;7.0000;70.0000;1;0;0;0;0;0;2;135.0000;-2391.0000;95.0000;270;267;312;0;0;17380
11395;275;0;0;240;250;235;112.0000;-26.0000;122.0000;55.0000;7.0000;70.0000;1;0;0;0;0;0;2;135.0000;-2391.0000;95.0000;270;267;312;0;0;17380
11405;275;0;0;240;250;235;112.0000;-26.0000;82.0000;55.0000;7.0000;70.0000;1;0;0;0;0;0;2;135.0000;-2391.0000;95.0000;270;267;312;0;0;17380
11416;275;0;0;240;250;235;112.0000;-26.0000;82.0000;55.0000;7.0000;70.0000;1;0;0;0;0;0;2;135.0000;-2391.0000;95.0000;270;267;312;0;0;17404
11426;275;0;0;240;250;235;112.0000;-26.0000;82.0000;55.0000;7.0000;70.0000;1;0;0;0;0;0;2;88.0000;-2391.0000;129.0000;270;267;312;0;0;17404
11437;275;0;0;240;250;235;112.0000;-26.0000;82.0000;55.0000;7.0000;70.0000;1;0;0;0;0;0;2;88.0000;-2391.0000;129.0000;270;267;312;0;0;17404
11448;275;0;0;240;250;235;112.0000;-26.0000;82.0000;55.0000;7.0000;70.0000;1;0;0;0;0;0;2;88.0000;-2391.0000;129.0000;270;267;312;0;0;17404
11458;275;0;0;240;250;235;112.0000;-26.0000;82.0000;55.0000;7.0000;70.0000;1;0;0;0;0;0;2;88.0000;-2391.0000;129.0000;270;267;312;0;0;17404
11468;275;0;0;240;250;235;112.0000;-26.0000;82.0000;55.0000;7.0000;70.0000;1;0;0;0;0;0;2;88.0000;-2391.0000;129.0000;270;267;312;0;0;17404
11479;275;0;0;240;250;235;112.0000;-26.0000;82.0000;55.0000;7.0000;70.0000;1;0;0;0;0;0;2;88.0000;-2391.0000;129.0000;270;267;312;0;0;17404
11489;275;0;0;240;250;235;126.0000;-26.0000;82.0000;55.0000;7.0000;70.0000;1;0;0;0;0;0;2;88.0000;-2391.0000;129.0000;270;267;312;0;0;17404
11500;275;0;0;240;250;235;126.0000;53.0000;82.0000;55.0000;7.0000;70.0000;1;0;0;0;0;0;2;88.0000;-2391.0000;129.0000;270;267;312;0;0;17404
11510;275;0;0;240;250;235;126.0000;53.0000;125.0000;55.0000;7.0000;70.0000;1;0;0;0;0;0;2;88.0000;-2391.0000;129.0000;270;267;312;0;0;17404
11521;275;0;0;240;250;235;126.0000;53.0000;125.0000;55.0000;7.0000;70.0000;1;0;0;0;0;0;2;88.0000;-2391.0000;129.0000;270;267;312;0;0;17406
11532;275;0;0;240;250;235;126.0000;53.0000;125.0000;55.0000;7.0000;70.0000;1;0;0;0;0;0;2;132.0000;-2391.0000;132.0000;270;267;312;0;0;17406
11542;275;0;0;240;250;235;126.0000;53.0000;125.0000;55.0000;7.0000;70.0000;1;0;0;0;0;0;2;132.0000;-2391.0000;132.0000;270;267;312;0;0;17406
11553;275;0;0;240;250;235;126.0000;53.0000;125.0000;55.0000;7.0000;70.0000;1;0;0;0;0;0;2;132.0000;-2391.0000;132.0000;270;267;312;0;0;17406
11563;275;0;0;240;250;235;126.0000;53.0000;125.0000;55.0000;7.0000;70.0000;1;0;0;0;0;0;2;132.0000;-2391.0000;132.0000;270;267;312;0;0;17406
11573;275;0;0;240;250;235;126.0000;53.0000;125.0000;55.0000;7.0000;70.0000;1;0;0;0;0;0;2;132.0000;-2391.0000;132.0000;270;267;312;0;0;17406
11584;275;0;0;240;250;235;126.0000;53.0000;125.0000;55.0000;7.0000;70.0000;1;0;0;0;0;0;2;132.0000;-2391.0000;132.0000;270;267;312;0;0;17406
11600;275;0;0;240;250;235;126.0000;107.0000;125.0000;55.0000;7.0000;70.0000;1;0;0;0;0;0;2;132.0000;-2391.0000;132.0000;270;267;312;0;0;17406
11610;275;0;0;240;250;235;126.0000;107.0000;108.0000;55.0000;7.0000;70.0000;1;0;0;0;0;0;2;132.0000;-2391.0000;132.0000;270;267;312;0;0;17406
11621;275;0;0;240;250;235;126.0000;107.0000;108.0000;55.0000;7.0000;70.0000;1;0;0;0;0;0;2;132.0000;-2391.0000;132.0000;270;267;312;0;0;17406
11632;275;0;0;240;250;235;126.0000;107.0000;108.0000;55.0000;7.0000;70.0000;1;0;0;0;0;0;2;139.0000;-2391.0000;129.0000;270;267;312;0;0;17406
11642;275;0;0;240;250;235;126.0000;107.0000;108.0000;55.0000;7.0000;70.0000;1;0;0;0;0;0;2;139.0000;-2391.0000;129.0000;270;267;312;0;0;17406
11653;275;0;0;240;250;235;126.0000;107.0000;108.0000;55.0000;7.0000;70.0000;1;0;0;0;0;0;2;139.0000;-2391.0000;129.0000;270;267;312;0;0;17406
11663;275;0;0;240;250;235;126.0000;107.0000;108.0000;55.0000;7.0000;70.0000;1;0;0;0;0;0;2;139.0000;-2391.0000;129.0000;270;267;312;0;0;17406
11673;275;0;0;240;250;235;126.0000;107.0000;108.0000;55.0000;7.0000;70.0000;1;0;0;0;0;0;2;139.0000;-2391.0000;129.0000;270;267;312;0;0;17406
11684;275;0;0;240;250;235;109.0000;107.0000;108.0000;55.0000;7.0000;70.0000;1;0;0;0;0;0;2;139.0000;-2391.0000;129.0000;270;267;312;0;0;17406
11694;275;0;0;240;250;235;109.0000;147.0000;108.0000;55.0000;7.0000;70.0000;1;0;0;0;0;0;2;139.0000;-2391.0000;129.0000;270;267;312;0;0;17406
11705;275;0;0;240;250;235;109.0000;147.0000;108.0000;55.0000;7.0000;70.0000;1;0;0;0;0;0;2;139.0000;-2391.0000;129.0000;270;267;312;0;0;17406
11716;275;0;0;240;250;235;109.0000;147.0000;108.0000;55.0000;7.0000;70.0000;1;0;0;0;0;0;2;139.0000;-2391.0000;129.0000;270;267;312;0;0;17406
11727;275;0;0;240;250;235;109.0000;147.0000;108.0000;55.0000;7.0000;70.0000;1;0;0;0;0;0;2;139.0000;-2391.0000;132.0000;270;267;312;0;0;17406
11737;275;0;0;240;250;235;109.0000;147.0000;108.0000;55.0000;7.0000;70.0000;1;0;0;0;0;0;2;75.0000;-2391.0000;132.0000;270;267;312;0;0;17406
11748;275;0;0;240;250;235;109.0000;147.0000;108.0000;55.0000;7.0000;70.0000;1;0;0;0;0;0;2;75.0000;-2391.0000;132.0000;270;267;312;0;0;17406
11758;275;0;0;240;250;235;109.0000;147.0000;108.0000;55.0000;7.0000;70.0000;1;0;0;0;0;0;2;75.0000;-2391.0000;132.0000;270;267;312;0;0;17406
11768;275;0;0;240;250;235;109.0000;147.0000;108.0000;55.0000;7.0000;70.0000;1;0;0;0;0;0;2;75.0000;-2391.0000;132.0000;270;267;312;0;0;17406
11779;275;0;0;240;250;235;109.0000;147.0000;108.0000;55.0000;7.0000;70.0000;1;0;0;0;0;0;2;75.0000;-2391.0000;132.0000;270;267;312;0;0;17406
11789;275;0;0;240;250;235;72.0000;147.0000;108.0000;55.0000;7.0000;70.0000;1;0;0;0;0;0;2;75.0000;-2391.0000;132.0000;270;267;312;0;0;17406
11800;275;0;0;240;250;235;72.0000;134.0000;108.0000;55.0000;7.0000;70.0000;1;0;0;0;0;0;2;75.0000;-2391.0000;132.0000;270;267;312;0;0;17406
11811;275;0;0;240;250;235;72.0000;134.0000;105.0000;55.0000;7.0000;70.0000;1;0;0;0;0;0;2;75.0000;-2391.0000;132.0000;270;267;312;0;0;17406
11822;275;0;0;240;250;235;72.0000;134.0000;105.0000;55.0000;7.0000;70.0000;1;0;0;0;0;0;2;75.0000;-2391.0000;132.0000;270;267;312;0;0;17406
11833;275;0;0;240;250;235;72.0000;134.0000;105.0000;55.0000;7.0000;70.0000;1;0;0;0;0;0;2;102.0000;-2391.0000;119.0000;270;267;312;0;0;17406
11843;275;0;0;240;250;235;72.0000;134.0000;105.0000;55.0000;7.0000;70.0000;1;0;0;0;0;0;2;102.0000;-2391.0000;119.0000;270;267;312;0;0;17406
11854;275;0;0;240;250;235;72.0000;134.0000;105.0000;55.0000;7.0000;70.0000;1;0;0;0;0;0;2;102.0000;-2391.0000;119.0000;270;267;312;0;0;17406
11864;275;0;0;240;250;235;72.0000;134.0000;105.0000;55.0000;7.0000;70.0000;1;0;0;0;0;0;2;102.0000;-2391.0000;119.0000;270;267;312;0;0;17406
11875;275;0;0;240;250;235;72.0000;134.0000;105.0000;55.0000;7.0000;70.0000;1;0;0;0;0;0;2;102.0000;-2391.0000;119.0000;270;267;312;0;0;17406
11885;275;0;0;240;250;235;68.0000;134.0000;105.0000;55.0000;7.0000;70.0000;1;0;0;0;0;0;2;102.0000;-2391.0000;119.0000;270;267;312;0;0;17406
11895;275;0;0;240;250;235;68.0000;-26.0000;105.0000;55.0000;7.0000;70.0000;1;0;0;0;0;0;2;102.0000;-2391.0000;119.0000;270;267;312;0;0;17406
11907;275;0;0;240;250;235;68.0000;-26.0000;85.0000;55.0000;7.0000;70.0000;1;0;0;0;0;0;2;102.0000;-2391.0000;119.0000;270;267;312;0;0;17406
11917;275;0;0;240;250;235;68.0000;-26.0000;85.0000;55.0000;7.0000;70.0000;1;0;0;0;0;0;2;102.0000;-2391.0000;119.0000;270;267;312;0;0;17406
11928;275;0;0;240;250;235;68.0000;-26.0000;85.0000;55.0000;7.0000;70.0000;1;0;0;0;0;0;2;102.0000;-2391.0000;85.0000;270;267;312;0;0;17406
11938;275;0;0;240;250;235;68.0000;-26.0000;85.0000;55.0000;7.0000;70.0000;1;0;0;0;0;0;2;122.0000;-2391.0000;85.0000;270;267;312;0;0;17376
11949;275;0;0;240;250;235;68.0000;-26.0000;85.0000;55.0000;7.0000;70.0000;1;0;0;0;0;0;2;122.0000;-2391.0000;85.0000;270;267;312;0;0;17376
11959;275;0;0;240;250;235;68.0000;-26.0000;85.0000;55.0000;7.0000;70.0000;1;0;0;0;0;0;2;122.0000;-2391.0000;85.0000;270;267;312;0;0;17376
11969;275;0;0;240;250;235;68.0000;-26.0000;85.0000;55.0000;7.0000;70.0000;1;0;0;0;0;0;2;122.0000;-2391.0000;85.0000;270;267;312;0;0;17376
11980;275;0;0;240;250;235;68.0000;-26.0000;85.0000;55.0000;7.0000;70.0000;1;0;0;0;0;0;2;122.0000;-2391.0000;85.0000;270;267;312;0;0;17376
11990;275;0;0;240;250;235;85.0000;-26.0000;85.0000;55.0000;7.0000;70.0000;1;0;0;0;0;0;2;122.0000;-2391.0000;85.0000;270;267;312;0;0;17376
12001;275;0;0;240;250;235;85.0000;-13.0000;85.0000;55.0000;7.0000;70.0000;1;0;0;0;0;0;2;122.0000;-2391.0000;85.0000;270;267;312;0;0;17376
12012;275;0;0;240;250;235;85.0000;-13.0000;92.0000;55.0000;7.0000;70.0000;1;0;0;0;0;0;2;122.0000;-2391.0000;85.0000;270;267;312;0;0;17376
12023;275;0;0;240;250;235;85.0000;-13.0000;92.0000;55.0000;7.0000;70.0000;1;0;0;0;0;0;2;122.0000;-2391.0000;85.0000;270;267;312;0;0;17376
12033;275;0;0;240;250;235;85.0000;-13.0000;92.0000;55.0000;7.0000;70.0000;1;0;0;0;0;0;2;105.0000;-2391.0000;75.0000;270;267;312;0;0;17376
12045;275;0;0;240;250;235;85.0000;-13.0000;92.0000;55.0000;7.0000;70.0000;1;0;0;0;0;0;2;105.0000;-2391.0000;75.0000;270;267;312;0;0;17376
12055;275;0;0;240;250;235;85.0000;-13.0000;92.0000;55.0000;7.0000;70.0000;1;0;0;0;0;0;2;105.0000;-2391.0000;75.0000;270;267;312;0;0;17376
12066;275;0;0;240;250;235;85.0000;-13.0000;92.0000;55.0000;7.0000;70.0000;1;0;0;0;0;0;2;105.0000;-2391.0000;75.0000;270;267;312;0;0;17376
12082;275;0;0;240;250;235;85.0000;-13.0000;92.0000;55.0000;7.0000;70.0000;1;0;0;0;0;0;2;105.0000;-2391.0000;75.0000;270;267;312;0;0;17376
12092;275;0;0;240;250;235;126.0000;-13.0000;92.0000;55.0000;7.0000;70.0000;1;0;0;0;0;0;2;105.0000;-2391.0000;75.0000;270;267;312;0;0;17376
12102;275;0;0;240;250;235;126.0000;107.0000;92.0000;55.0000;7.0000;70.0000;1;0;0;0;0;0;2;105.0000;-2391.0000;75.0000;270;267;312;0;0;17376
12113;275;0;0;240;250;235;126.0000;107.0000;119.0000;55.0000;7.0000;70.0000;1;0;0;0;0;0;2;105.0000;-2391.0000;75.0000;270;267;312;0;0;17376
12124;275;0;0;240;250;235;126.0000;107.0000;119.0000;55.0000;7.0000;70.0000;1;0;0;0;0;0;2;105.0000;-2391.0000;75.0000;270;267;312;0;0;17376
12134;275;0;0;240;250;235;126.0000;107.0000;119.0000;55.0000;7.0000;70.0000;1;0;0;0;0;0;2;112.0000;-2391.0000;135.0000;270;267;312;0;0;17376
12145;275;0;0;240;250;235;126.0000;107.0000;119.0000;55.0000;7.0000;70.0000;1;0;0;0;0;0;2;112.0000;-2391.0000;135.0000;270;267;312;0;0;17376
12155;275;0;0;240;250;235;126.0000;107.0000;119.0000;55.0000;7.0000;70.0000;1;0;0;0;0;0;2;112.0000;-2391.0000;135.0000;270;267;312;0;0;17376
12166;275;0;0;240;250;235;126.0000;107.0000;119.0000;55.0000;7.0000;70.0000;1;0;0;0;0;0;2;112.0000;-2391.0000;135.0000;270;267;312;0;0;17376
12176;275;0;0;240;250;235;126.0000;107.0000;119.0000;55.0000;7.0000;70.0000;1;0;0;0;0;0;2;112.0000;-2391.0000;135.0000;270;267;312;0;0;17376
12187;275;0;0;240;250;235;89.0000;107.0000;119.0000;55.0000;7.0000;70.0000;1;0;0;0;0;0;2;112.0000;-2391.0000;135.0000;270;267;312;0;0;17376
12198;275;0;0;240;250;235;89.0000;80.0000;119.0000;25.0000;7.0000;70.0000;1;0;0;0;0;0;2;112.0000;-2391.0000;135.0000;270;267;312;0;0;17376
12209;275;0;0;240;250;235;89.0000;80.0000;119.0000;25.0000;7.0000;70.0000;1;0;0;0;0;0;2;112.0000;-2391.0000;135.0000;270;267;312;0;0;17376
12220;275;0;0;240;250;235;89.0000;80.0000;105.0000;25.0000;7.0000;70.0000;1;0;0;0;0;0;2;112.0000;-2391.0000;135.0000;270;267;312;0;0;17376
12231;275;0;0;240;250;235;89.0000;80.0000;105.0000;25.0000;7.0000;70.0000;1;0;0;0;0;0;2;112.0000;-2391.0000;125.0000;270;267;312;0;0;17376
12244;275;0;0;240;250;235;89.0000;80.0000;105.0000;25.0000;7.0000;70.0000;1;0;0;0;0;0;2;128.0000;-2391.0000;125.0000;270;267;312;0;0;17380
12255;275;0;0;240;250;235;89.0000;80.0000;105.0000;25.0000;7.0000;70.0000;1;0;0;0;0;0;2;128.0000;-2391.0000;125.0000;270;267;312;0;0;17380
12265;275;0;0;240;250;235;89.0000;80.0000;105.0000;25.0000;7.0000;70.0000;1;0;0;0;0;0;2;128.0000;-2391.0000;125.0000;270;267;312;0;0;17380
12275;275;0;0;240;250;235;89.0000;80.0000;105.0000;25.0000;7.0000;70.0000;1;0;0;0;0;0;2;128.0000;-2391.0000;125.0000;270;267;312;0;0;17380
12286;275;0;0;240;250;235;89.0000;80.0000;105.0000;25.0000;7.0000;70.0000;1;0;0;0;0;0;2;128.0000;-2391.0000;125.0000;270;267;312;0;0;17380
12298;275;0;0;240;250;235;122.0000;147.0000;105.0000;25.0000;7.0000;70.0000;1;0;0;0;0;0;2;128.0000;-2391.0000;125.0000;270;267;312;0;0;17380
12308;275;0;0;240;250;235;122.0000;147.0000;105.0000;25.0000;7.0000;70.0000;1;0;0;0;0;0;2;128.0000;-2391.0000;125.0000;270;267;312;0;0;17380
12381;275;0;0;240;250;235;122.0000;147.0000;95.0000;25.0000;7.0000;70.0000;1;0;0;0;0;0;2;122.0000;-2391.0000;112.0000;270;267;312;0;0;17380
12391;275;0;0;240;250;235;119.0000;147.0000;95.0000;25.0000;7.0000;70.0000;1;0;0;0;0;0;2;122.0000;-2391.0000;112.0000;270;267;312;0;0;17380
12402;275;0;0;240;250;235;119.0000;147.0000;95.0000;25.0000;7.0000;70.0000;1;0;0;0;0;0;2;122.0000;-2391.0000;112.0000;270;267;312;0;0;17380
12418;275;0;0;240;250;235;119.0000;-26.0000;85.0000;25.0000;7.0000;70.0000;1;0;0;0;0;0;2;122.0000;-2391.0000;112.0000;270;267;312;0;0;17380
12429;275;0;0;240;250;235;119.0000;-26.0000;85.0000;25.0000;7.0000;70.0000;1;0;0;0;0;0;2;122.0000;-2391.0000;112.0000;270;267;312;0;0;17380
12440;275;0;0;240;250;235;119.0000;-26.0000;85.0000;25.0000;7.0000;70.0000;1;0;0;0;0;0;2;118.0000;-2391.0000;125.0000;270;267;312;0;0;17380
12451;275;0;0;240;250;235;119.0000;-26.0000;85.0000;25.0000;7.0000;70.0000;1;0;0;0;0;0;2;118.0000;-2391.0000;125.0000;270;267;312;0;0;17406
12462;275;0;0;240;250;235;119.0000;-26.0000;85.0000;25.0000;7.0000;70.0000;1;0;0;0;0;0;2;118.0000;-2391.0000;125.0000;270;267;312;0;0;17406
12472;275;0;0;240;250;235;119.0000;-26.0000;85.0000;25.0000;7.0000;70.0000;1;0;0;0;0;0;2;118.0000;-2391.0000;125.0000;270;267;312;0;0;17406
12482;275;0;0;240;250;235;119.0000;-26.0000;85.0000;25.0000;7.0000;70.0000;1;0;0;0;0;0;2;118.0000;-2391.0000;125.0000;270;267;312;0;0;17406
12493;275;0;0;240;250;235;126.0000;-26.0000;85.0000;25.0000;7.0000;70.0000;1;0;0;0;0;0;2;118.0000;-2391.0000;125.0000;270;267;312;0;0;17406
12503;275;0;0;240;250;235;126.0000;120.0000;85.0000;25.0000;7.0000;70.0000;1;0;0;0;0;0;2;118.0000;-2391.0000;125.0000;270;267;312;0;0;17406
12515;275;0;0;240;250;235;126.0000;120.0000;115.0000;25.0000;7.0000;70.0000;1;0;0;0;0;0;2;118.0000;-2391.0000;125.0000;270;267;312;0;0;17406
12526;275;0;0;240;250;235;126.0000;120.0000;115.0000;25.0000;7.0000;70.0000;1;0;0;0;0;0;2;118.0000;-2391.0000;125.0000;270;267;312;0;0;17406
12536;275;0;0;240;250;235;126.0000;120.0000;115.0000;25.0000;7.0000;70.0000;1;0;0;0;0;0;2;132.0000;-2391.0000;122.0000;270;267;312;0;0;17406
12547;275;0;0;240;250;235;126.0000;120.0000;115.0000;25.0000;7.0000;70.0000;1;0;0;0;0;0;2;132.0000;-2391.0000;122.0000;270;267;312;0;0;17406
12557;275;0;0;240;250;235;126.0000;120.0000;115.0000;25.0000;7.0000;70.0000;1;0;0;0;0;0;2;132.0000;-2391.0000;122.0000;270;267;312;0;0;17406
12568;275;0;0;240;250;235;126.0000;120.0000;115.0000;25.0000;7.0000;70.0000;1;0;0;0;0;0;2;132.0000;-2391.0000;122.0000;270;267;312;0;0;17406
12578;275;0;0;240;250;235;126.0000;120.0000;115.0000;25.0000;7.0000;70.0000;1;0;0;0;0;0;2;132.0000;-2391.0000;122.0000;270;267;312;0;0;17406
12589;275;0;0;240;250;235;82.0000;120.0000;115.0000;25.0000;7.0000;70.0000;1;0;0;0;0;0;2;132.0000;-2391.0000;122.0000;270;267;312;0;0;17406
12601;275;0;0;240;250;235;82.0000;120.0000;115.0000;25.0000;7.0000;70.0000;1;0;0;0;0;0;2;132.0000;-2391.0000;122.0000;270;267;312;0;0;17406
12611;275;0;0;240;250;235;82.0000;120.0000;115.0000;25.0000;7.0000;70.0000;1;0;0;0;0;0;2;132.0000;-2391.0000;122.0000;270;267;312;0;0;17406
12621;275;0;0;240;250;235;82.0000;120.0000;132.0000;25.0000;7.0000;70.0000;1;0;0;0;0;0;2;132.0000;-2391.0000;122.0000;270;267;312;0;0;17406
12632;275;0;0;240;250;235;82.0000;120.0000;132.0000;25.0000;7.0000;70.0000;1;0;0;0;0;0;2;132.0000;-2391.0000;129.0000;270;267;312;0;0;17406
12642;275;0;0;240;250;235;82.0000;120.0000;132.0000;25.0000;7.0000;70.0000;1;0;0;0;0;0;2;75.0000;-2391.0000;129.0000;270;267;312;0;0;17406
12653;275;0;0;240;250;235;82.0000;120.0000;132.0000;25.0000;7.0000;70.0000;1;0;0;0;0;0;2;75.0000;-2391.0000;129.0000;270;267;312;0;0;17406
12666;275;0;0;240;250;235;82.0000;120.0000;132.0000;25.0000;7.0000;70.0000;1;0;0;0;0;0;2;75.0000;-2391.0000;129.0000;270;267;312;0;0;17406
12676;275;0;0;240;250;235;82.0000;120.0000;132.0000;25.0000;7.0000;70.0000;1;0;0;0;0;0;2;75.0000;-2391.0000;129.0000;270;267;312;0;0;17406
12687;275;0;0;240;250;235;82.0000;120.0000;132.0000;25.0000;7.0000;70.0000;1;0;0;0;0;0;2;75.0000;-2391.0000;129.0000;270;267;312;0;0;17406
12697;275;0;0;240;250;235;126.0000;120.0000;132.0000;25.0000;7.0000;70.0000;1;0;0;0;0;0;2;75.0000;-2391.0000;129.0000;270;267;312;0;0;17406
12708;275;0;0;240;250;235;126.0000;40.0000;132.0000;25.0000;7.0000;70.0000;1;0;0;0;0;0;2;75.0000;-2391.0000;129.0000;270;267;312;0;0;17406
12718;275;0;0;240;250;235;126.0000;40.0000;82.0000;25.0000;7.0000;70.0000;1;0;0;0;0;0;2;75.0000;-2391.0000;129.0000;270;267;312;0;0;17406
12729;275;0;0;240;250;235;126.0000;40.0000;82.0000;25.0000;7.0000;70.0000;1;0;0;0;0;0;2;75.0000;-2391.0000;129.0000;270;267;312;0;0;17406
12740;275;0;0;240;250;235;126.0000;40.0000;82.0000;25.0000;7.0000;70.0000;1;0;0;0;0;0;2;128.0000;-2391.0000;95.0000;270;267;312;0;0;17406
12751;275;0;0;240;250;235;126.0000;40.0000;82.0000;25.0000;7.0000;70.0000;1;0;0;0;0;0;2;128.0000;-2391.0000;95.0000;270;267;312;0;0;17406
12761;277;0;0;240;250;235;126.0000;40.0000;82.0000;25.0000;7.0000;70.0000;1;0;0;0;0;0;2;128.0000;-2391.0000;95.0000;270;267;312;0;0;17406
12772;277;0;0;240;250;235;126.0000;40.0000;82.0000;25.0000;7.0000;70.0000;1;0;0;0;0;0;2;128.0000;-2391.0000;95.0000;270;267;312;0;0;17406
12782;277;0;0;240;250;235;126.0000;40.0000;82.0000;25.0000;7.0000;70.0000;1;0;0;0;0;0;2;128.0000;-2391.0000;95.0000;270;267;312;0;0;17406
12793;277;0;0;240;250;235;95.0000;40.0000;82.0000;25.0000;7.0000;70.0000;1;0;0;0;0;0;2;128.0000;-2391.0000;95.0000;270;267;312;0;0;17406
12803;277;0;0;240;250;235;95.0000;40.0000;82.0000;25.0000;7.0000;70.0000;1;0;0;0;0;0;2;128.0000;-2391.0000;95.0000;270;267;312;0;0;17406
12814;277;0;0;240;250;235;95.0000;80.0000;82.0000;25.0000;7.0000;70.0000;1;0;0;0;0;0;2;128.0000;-2391.0000;95.0000;270;267;312;0;0;17406
12824;277;0;0;240;250;235;95.0000;80.0000;129.0000;25.0000;7.0000;70.0000;1;0;0;0;0;0;2;128.0000;-2391.0000;95.0000;270;267;312;0;0;17406
12835;277;0;0;240;250;235;95.0000;80.0000;129.0000;25.0000;7.0000;70.0000;1;0;0;0;0;0;2;128.0000;-2391.0000;75.0000;270;267;312;0;0;17406
12845;277;0;0;240;250;235;95.0000;80.0000;129.0000;25.0000;7.0000;70.0000;1;0;0;0;0;0;2;108.0000;-2391.0000;75.0000;270;267;312;0;0;17406
12856;277;0;0;240;250;235;95.0000;80.0000;129.0000;25.0000;7.0000;70.0000;1;0;0;0;0;0;2;108.0000;-2391.0000;75.0000;270;267;312;0;0;17406
12866;277;0;0;240;250;235;95.0000;80.0000;129.0000;25.0000;7.0000;70.0000;1;0;0;0;0;0;2;108.0000;-2391.0000;75.0000;270;267;312;0;0;17406
12877;277;0;0;240;250;235;95.0000;80.0000;129.0000;25.0000;7.0000;70.0000;1;0;0;0;0;0;2;108.0000;-2391.0000;75.0000;270;267;312;0;0;17406
12887;277;0;0;240;250;235;95.0000;80.0000;129.0000;25.0000;7.0000;70.0000;1;0;0;0;0;0;2;108.0000;-2391.0000;75.0000;270;267;312;0;0;17406
12897;277;0;0;240;250;235;102.0000;80.0000;129.0000;25.0000;7.0000;70.0000;1;0;0;0;0;0;2;108.0000;-2391.0000;75.0000;270;267;312;0;0;17406
12909;277;0;0;240;250;235;102.0000;107.0000;129.0000;25.0000;7.0000;70.0000;1;0;0;0;0;0;2;108.0000;-2391.0000;75.0000;270;267;312;0;0;17406
12919;277;0;0;240;250;235;102.0000;107.0000;105.0000;25.0000;7.0000;70.0000;1;0;0;0;0;0;2;108.0000;-2391.0000;75.0000;270;267;312;0;0;17406
12930;277;0;0;240;250;235;102.0000;107.0000;105.0000;25.0000;7.0000;70.0000;1;0;0;0;0;0;2;108.0000;-2391.0000;75.0000;270;267;312;0;0;17406
12941;277;0;0;240;250;235;102.0000;107.0000;105.0000;25.0000;7.0000;70.0000;1;0;0;0;0;0;2;71.0000;-2391.0000;95.0000;270;267;312;0;0;17406
12951;277;0;0;240;250;235;102.0000;107.0000;105.0000;25.0000;7.0000;70.0000;1;0;0;0;0;0;2;71.0000;-2391.0000;95.0000;270;267;312;0;0;17406
12962;277;0;0;240;250;235;102.0000;107.0000;105.0000;25.0000;7.0000;70.0000;1;0;0;0;0;0;2;71.0000;-2391.0000;95.0000;270;267;312;0;0;17406
12973;277;0;0;240;250;235;102.0000;107.0000;105.0000;25.0000;7.0000;70.0000;1;0;0;0;0;0;2;71.0000;-2391.0000;95.0000;270;267;312;0;0;17392
12983;277;0;0;240;250;235;102.0000;107.0000;105.0000;25.0000;7.0000;70.0000;1;0;0;0;0;0;2;71.0000;-2391.0000;95.0000;270;267;312;0;0;17376
12994;277;0;0;240;250;235;99.0000;107.0000;105.0000;25.0000;7.0000;70.0000;1;0;0;0;0;0;2;71.0000;-2391.0000;95.0000;270;267;312;0;0;17376
13005;277;0;0;240;250;235;99.0000;107.0000;105.0000;25.0000;7.0000;70.0000;1;0;0;0;0;0;2;71.0000;-2391.0000;95.0000;270;267;312;0;0;17376
13016;277;0;0;240;250;235;99.0000;147.0000;105.0000;25.0000;7.0000;70.0000;1;0;0;0;0;0;2;71.0000;-2391.0000;95.0000;270;267;312;0;0;17376
13027;277;0;0;240;250;235;99.0000;147.0000;85.0000;25.0000;7.0000;70.0000;1;0;0;0;0;0;2;71.0000;-2391.0000;95.0000;270;267;312;0;0;17376
13039;277;0;0;240;250;235;99.0000;147.0000;85.0000;25.0000;7.0000;70.0000;1;0;0;0;0;0;2;108.0000;-2391.0000;132.0000;270;267;312;0;0;17376
13050;277;0;0;240;250;235;99.0000;147.0000;85.0000;25.0000;7.0000;70.0000;1;0;0;0;0;0;2;108.0000;-2391.0000;132.0000;270;267;312;0;0;17376
13060;277;0;0;240;250;235;99.0000;147.0000;85.0000;25.0000;7.0000;70.0000;1;0;0;0;0;0;2;108.0000;-2391.0000;132.0000;270;267;312;0;0;17376
13071;277;0;0;240;250;235;99.0000;147.0000;85.0000;25.0000;7.0000;70.0000;1;0;0;0;0;0;2;108.0000;-2391.0000;132.0000;270;267;312;0;0;17376
13081;277;0;0;240;250;235;99.0000;147.0000;85.0000;25.0000;7.0000;70.0000;1;0;0;0;0;0;2;108.0000;-2391.0000;132.0000;270;267;312;0;0;17376
13093;277;0;0;240;250;235;92.0000;147.0000;85.0000;25.0000;7.0000;70.0000;1;0;0;0;0;0;2;108.0000;-2391.0000;132.0000;270;267;312;0;0;17376
13103;277;0;0;240;250;235;92.0000;147.0000;85.0000;25.0000;7.0000;70.0000;1;0;0;0;0;0;2;108.0000;-2391.0000;132.0000;270;267;312;0;0;17376
13114;277;0;0;240;250;235;92.0000;67.0000;85.0000;25.0000;7.0000;70.0000;1;0;0;0;0;0;2;108.0000;-2391.0000;132.0000;270;267;312;0;0;17376
13124;277;0;0;240;250;235;92.0000;67.0000;119.0000;25.0000;7.0000;70.0000;1;0;0;0;0;0;2;108.0000;-2391.0000;132.0000;270;267;312;0;0;17376
13135;277;0;0;240;250;235;92.0000;67.0000;119.0000;25.0000;7.0000;70.0000;1;0;0;0;0;0;2;108.0000;-2391.0000;78.0000;270;267;312;0;0;17376
13145;277;0;0;240;250;235;92.0000;67.0000;119.0000;25.0000;7.0000;70.0000;1;0;0;0;0;0;2;132.0000;-2391.0000;78.0000;270;267;312;0;0;17376
13156;277;0;0;240;250;235;92.0000;67.0000;119.0000;25.0000;7.0000;70.0000;1;0;0;0;0;0;2;132.0000;-2391.0000;78.0000;270;267;312;0;0;17376
13166;277;0;0;240;250;235;92.0000;67.0000;119.0000;25.0000;7.0000;70.0000;1;0;0;0;0;0;2;132.0000;-2391.0000;78.0000;270;267;312;0;0;17376
13176;277;0;0;240;250;235;92.0000;67.0000;119.0000;25.0000;7.0000;70.0000;1;0;0;0;0;0;2;132.0000;-2391.0000;78.0000;270;267;312;0;0;17376
13187;277;0;0;240;250;235;92.0000;67.0000;119.0000;25.0000;7.0000;70.0000;1;0;0;0;0;0;2;132.0000;-2391.0000;78.0000;270;267;312;0;0;17376
13197;277;0;0;240;250;235;112.0000;67.0000;119.0000;22.0000;7.0000;70.0000;1;0;0;0;0;0;2;132.0000;-2391.0000;78.0000;270;267;312;0;0;17376
13208;277;0;0;240;250;235;112.0000;67.0000;119.0000;22.0000;7.0000;70.0000;1;0;0;0;0;0;2;132.0000;-2391.0000;78.0000;270;267;312;0;0;17376
13220;277;0;0;240;250;235;112.0000;-26.0000;75.0000;22.0000;7.0000;70.0000;1;0;0;0;0;0;2;132.0000;-2391.0000;78.0000;270;267;312;0;0;17376
13230;277;0;0;240;250;235;112.0000;-26.0000;75.0000;22.0000;7.0000;70.0000;1;0;0;0;0;0;2;132.0000;-2391.0000;78.0000;270;267;312;0;0;17376
13241;277;0;0;240;250;235;112.0000;-26.0000;75.0000;22.0000;7.0000;70.0000;1;0;0;0;0;0;2;92.0000;-2391.0000;125.0000;270;267;312;0;0;17376
13251;277;0;0;240;250;235;112.0000;-26.0000;75.0000;22.0000;7.0000;70.0000;1;0;0;0;0;0;2;92.0000;-2391.0000;125.0000;270;267;312;0;0;17376
13261;277;0;0;240;250;235;112.0000;-26.0000;75.0000;22.0000;7.0000;70.0000;1;0;0;0;0;0;2;92.0000;-2391.0000;125.0000;270;267;312;0;0;17376
13272;277;0;0;240;250;235;112.0000;-26.0000;75.0000;22.0000;7.0000;70.0000;1;0;0;0;0;0;2;92.0000;-2391.0000;125.0000;270;267;312;0;0;17376
13283;277;0;0;240;250;235;112.0000;-26.0000;75.0000;22.0000;7.0000;70.0000;1;0;0;0;0;0;2;92.0000;-2391.0000;125.0000;270;267;312;0;0;17380
13294;277;0;0;240;250;235;112.0000;-26.0000;75.0000;22.0000;7.0000;70.0000;1;0;0;0;0;0;2;92.0000;-2391.0000;125.0000;270;267;312;0;0;17380
13305;277;0;0;240;250;235;122.0000;-26.0000;75.0000;22.0000;7.0000;70.0000;1;0;0;0;0;0;2;92.0000;-2391.0000;125.0000;270;267;312;0;0;17380
13315;277;0;0;240;250;235;122.0000;93.0000;75.0000;22.0000;7.0000;70.0000;1;0;0;0;0;0;2;92.0000;-2391.0000;125.0000;270;267;312;0;0;17380
13326;277;0;0;240;250;235;122.0000;93.0000;132.0000;22.0000;7.0000;70.0000;1;0;0;0;0;0;2;92.0000;-2391.0000;125.0000;270;267;312;0;0;17380
13337;277;0;0;240;250;235;122.0000;93.0000;132.0000;22.0000;7.0000;70.0000;1;0;0;0;0;0;2;92.0000;-2391.0000;125.0000;270;267;312;0;0;17380
13347;277;0;0;240;250;235;122.0000;93.0000;132.0000;22.0000;7.0000;70.0000;1;0;0;0;0;0;2;118.0000;-2391.0000;125.0000;270;267;312;0;0;17380
13358;277;0;0;240;250;235;122.0000;93.0000;132.0000;22.0000;7.0000;70.0000;1;0;0;0;0;0;2;118.0000;-2391.0000;125.0000;270;267;312;0;0;17380
13368;277;0;0;240;250;235;122.0000;93.0000;132.0000;22.0000;7.0000;70.0000;1;0;0;0;0;0;2;118.0000;-2391.0000;125.0000;270;267;312;0;0;17380
13379;277;0;0;240;250;235;122.0000;93.0000;132.0000;22.0000;7.0000;70.0000;1;0;0;0;0;0;2;118.0000;-2391.0000;125.0000;270;267;312;0;0;17380
13389;277;0;0;240;250;235;122.0000;93.0000;132.0000;22.0000;7.0000;70.0000;1;0;0;0;0;0;2;118.0000;-2391.0000;125.0000;270;267;312;0;0;17380
13400;277;0;0;240;250;235;105.0000;93.0000;132.0000;22.0000;7.0000;70.0000;1;0;0;0;0;0;2;118.0000;-2391.0000;125.0000;270;267;312;0;0;17380
13414;277;0;0;240;250;235;105.0000;93.0000;132.0000;22.0000;7.0000;70.0000;1;0;0;0;0;0;2;118.0000;-2391.0000;125.0000;270;267;312;0;0;17380
13427;277;0;0;240;250;235;105.0000;0.0000;132.0000;22.0000;7.0000;70.0000;1;0;0;0;0;0;2;118.0000;-2391.0000;125.0000;270;267;312;0;0;17380
13437;277;0;0;240;250;235;105.0000;0.0000;132.0000;22.0000;7.0000;70.0000;1;0;0;0;0;0;2;118.0000;-2391.0000;125.0000;270;267;312;0;0;17380
13448;277;0;0;240;250;235;105.0000;0.0000;132.0000;22.0000;7.0000;70.0000;1;0;0;0;0;0;2;118.0000;-2391.0000;119.0000;270;267;312;0;0;17380
13464;277;0;0;240;250;235;105.0000;0.0000;132.0000;22.0000;7.0000;70.0000;1;0;0;0;0;0;2;118.0000;-2391.0000;119.0000;270;267;312;0;0;17380
13474;277;0;0;240;250;235;105.0000;0.0000;132.0000;22.0000;7.0000;70.0000;1;0;0;0;0;0;2;118.0000;-2391.0000;119.0000;270;267;312;0;0;17380
13485;277;0;0;240;250;235;105.0000;0.0000;132.0000;22.0000;7.0000;70.0000;1;0;0;0;0;0;2;118.0000;-2391.0000;119.0000;270;267;312;0;0;17380
13495;277;0;0;240;250;235;105.0000;0.0000;132.0000;22.0000;7.0000;70.0000;1;0;0;0;0;0;2;118.0000;-2391.0000;119.0000;270;267;312;0;0;17406
13506;277;0;0;240;250;235;129.0000;0.0000;132.0000;22.0000;7.0000;70.0000;1;0;0;0;0;0;2;118.0000;-2391.0000;119.0000;270;267;312;0;0;17406
13517;277;0;0;240;250;235;129.0000;161.0000;132.0000;22.0000;7.0000;70.0000;1;0;0;0;0;0;2;118.0000;-2391.0000;119.0000;270;267;312;0;0;17406
13527;277;0;0;240;250;235;129.0000;161.0000;112.0000;22.0000;7.0000;70.0000;1;0;0;0;0;0;2;118.0000;-2391.0000;119.0000;270;267;312;0;0;17406
13538;277;0;0;240;250;235;129.0000;161.0000;112.0000;22.0000;7.0000;70.0000;1;0;0;0;0;0;2;118.0000;-2391.0000;119.0000;270;267;312;0;0;17406
13548;277;0;0;240;250;235;129.0000;161.0000;112.0000;22.0000;7.0000;70.0000;1;0;0;0;0;0;2;75.0000;-2391.0000;119.0000;270;267;312;0;0;17406
13559;277;0;0;240;250;235;129.0000;161.0000;112.0000;22.0000;7.0000;70.0000;1;0;0;0;0;0;2;75.0000;-2391.0000;119.0000;270;267;312;0;0;17406
13569;277;0;0;240;250;235;129.0000;161.0000;112.0000;22.0000;7.0000;70.0000;1;0;0;0;0;0;2;75.0000;-2391.0000;119.0000;270;267;312;0;0;17406
13580;277;0;0;240;250;235;129.0000;161.0000;112.0000;22.0000;7.0000;70.0000;1;0;0;0;0;0;2;75.0000;-2391.0000;119.0000;270;267;312;0;0;17406
13590;277;0;0;240;250;235;129.0000;161.0000;112.0000;22.0000;7.0000;70.0000;1;0;0;0;0;0;2;75.0000;-2391.0000;119.0000;270;267;312;0;0;17406
13600;277;0;0;240;250;235;115.0000;161.0000;112.0000;22.0000;7.0000;70.0000;1;0;0;0;0;0;2;75.0000;-2391.0000;119.0000;270;267;312;0;0;17406
13611;277;0;0;240;250;235;115.0000;161.0000;112.0000;22.0000;7.0000;70.0000;1;0;0;0;0;0;2;75.0000;-2391.0000;119.0000;270;267;312;0;0;17406
13622;277;0;0;240;250;235;115.0000;147.0000;112.0000;22.0000;7.0000;70.0000;1;0;0;0;0;0;2;75.0000;-2391.0000;119.0000;270;267;312;0;0;17406
13632;277;0;0;240;250;235;115.0000;147.0000;95.0000;22.0000;7.0000;70.0000;1;0;0;0;0;0;2;75.0000;-2391.0000;119.0000;270;267;312;0;0;17406
13643;277;0;0;240;250;235;115.0000;147.0000;95.0000;22.0000;7.0000;70.0000;1;0;0;0;0;0;2;128.0000;-2391.0000;125.0000;270;267;312;0;0;17406
13653;277;0;0;240;250;235;115.0000;147.0000;95.0000;22.0000;7.0000;70.0000;1;0;0;0;0;0;2;128.0000;-2391.0000;125.0000;270;267;312;0;0;17406
13664;277;0;0;240;250;235;115.0000;147.0000;95.0000;22.0000;7.0000;70.0000;1;0;0;0;0;0;2;128.0000;-2391.0000;125.0000;270;267;312;0;0;17406
13674;277;0;0;240;250;235;115.0000;147.0000;95.0000;22.0000;7.0000;70.0000;1;0;0;0;0;0;2;128.0000;-2391.0000;125.0000;270;267;312;0;0;17406
13684;277;0;0;240;250;235;115.0000;147.0000;95.0000;22.0000;7.0000;70.0000;1;0;0;0;0;0;2;128.0000;-2391.0000;125.0000;270;267;312;0;0;17406
13695;277;0;0;240;250;235;115.0000;147.0000;95.0000;22.0000;7.0000;70.0000;1;0;0;0;0;0;2;128.0000;-2391.0000;125.0000;270;267;312;0;0;17406
13705;277;0;0;240;250;235;126.0000;147.0000;95.0000;22.0000;7.0000;70.0000;1;0;0;0;0;0;2;128.0000;-2391.0000;125.0000;270;267;312;0;0;17406
13716;277;0;0;240;250;235;126.0000;147.0000;95.0000;22.0000;7.0000;70.0000;1;0;0;0;0;0;2;128.0000;-2391.0000;125.0000;270;267;312;0;0;17406
13726;277;0;0;240;250;235;126.0000;-40.0000;92.0000;22.0000;7.0000;70.0000;1;0;0;0;0;0;2;128.0000;-2391.0000;125.0000;270;267;312;0;0;17406
13737;277;0;0;240;250;235;126.0000;-40.0000;92.0000;22.0000;7.0000;70.0000;1;0;0;0;0;0;2;128.0000;-2391.0000;125.0000;270;267;312;0;0;17406
13747;277;0;0;240;250;235;126.0000;-40.0000;92.0000;22.0000;7.0000;70.0000;1;0;0;0;0;0;2;118.0000;-2391.0000;95.0000;270;267;312;0;0;17406
13758;277;0;0;240;250;235;126.0000;-40.0000;92.0000;22.0000;7.0000;70.0000;1;0;0;0;0;0;2;118.0000;-2391.0000;95.0000;270;267;312;0;0;17406
13768;277;0;0;240;250;235;126.0000;-40.0000;92.0000;22.0000;7.0000;70.0000;1;0;0;0;0;0;2;118.0000;-2391.0000;95.0000;270;267;312;0;0;17406
13779;277;0;0;240;250;235;126.0000;-40.0000;92.0000;22.0000;7.0000;70.0000;1;0;0;0;0;0;2;118.0000;-2391.0000;95.0000;270;267;312;0;0;17406
13789;277;0;0;240;250;235;126.0000;-40.0000;92.0000;22.0000;7.0000;70.0000;1;0;0;0;0;0;2;118.0000;-2391.0000;95.0000;270;267;312;0;0;17406
13800;277;0;0;240;250;235;79.0000;-40.0000;92.0000;22.0000;7.0000;70.0000;1;0;0;0;0;0;2;118.0000;-2391.0000;95.0000;270;267;312;0;0;17406
13810;277;0;0;240;250;235;79.0000;-40.0000;92.0000;22.0000;7.0000;70.0000;1;0;0;0;0;0;2;118.0000;-2391.0000;95.0000;270;267;312;0;0;17406
13821;277;0;0;240;250;235;79.0000;-40.0000;92.0000;22.0000;7.0000;70.0000;1;0;0;0;0;0;2;118.0000;-2391.0000;95.0000;270;267;312;0;0;17406
13831;277;0;0;240;250;235;79.0000;120.0000;135.0000;22.0000;7.0000;70.0000;1;0;0;0;0;0;2;118.0000;-2391.0000;95.0000;270;267;312;0;0;17406
13842;277;0;0;240;250;235;79.0000;120.0000;135.0000;22.0000;7.0000;70.0000;1;0;0;0;0;0;2;118.0000;-2391.0000;82.0000;270;267;312;0;0;17406
13852;277;0;0;240;250;235;79.0000;120.0000;135.0000;22.0000;7.0000;70.0000;1;0;0;0;0;0;2;128.0000;-2391.0000;82.0000;270;267;312;0;0;17406
13863;277;0;0;240;250;235;79.0000;120.0000;135.0000;22.0000;7.0000;70.0000;1;0;0;0;0;0;2;128.0000;-2391.0000;82.0000;270;267;312;0;0;17406
13873;277;0;0;240;250;235;79.0000;120.0000;135.0000;22.0000;7.0000;70.0000;1;0;0;0;0;0;2;128.0000;-2391.0000;82.0000;270;267;312;0;0;17406
13884;277;0;0;240;250;235;79.0000;120.0000;135.0000;22.0000;7.0000;70.0000;1;0;0;0;0;0;2;128.0000;-2391.0000;82.0000;270;267;312;0;0;17406
13894;277;0;0;240;250;235;79.0000;120.0000;135.0000;22.0000;7.0000;70.0000;1;0;0;0;0;0;2;128.0000;-2391.0000;82.0000;270;267;312;0;0;17406
13904;277;0;0;240;250;235;89.0000;120.0000;135.0000;22.0000;7.0000;70.0000;1;0;0;0;0;0;2;128.0000;-2391.0000;82.0000;270;267;312;0;0;17406
13915;277;0;0;240;250;235;89.0000;120.0000;135.0000;22.0000;7.0000;70.0000;1;0;0;0;0;0;2;128.0000;-2391.0000;82.0000;270;267;312;0;0;17406
13927;277;0;0;240;250;235;89.0000;53.0000;122.0000;22.0000;7.0000;70.0000;1;0;0;0;0;0;2;128.0000;-2391.0000;82.0000;270;267;312;0;0;17406
13938;277;0;0;240;250;235;89.0000;53.0000;122.0000;22.0000;7.0000;70.0000;1;0;0;0;0;0;2;128.0000;-2391.0000;82.0000;270;267;312;0;0;17406
13949;277;0;0;240;250;235;89.0000;53.0000;122.0000;22.0000;7.0000;70.0000;1;0;0;0;0;0;2;85.0000;-2391.0000;72.0000;270;267;312;0;0;17406
13959;277;0;0;240;250;235;89.0000;53.0000;122.0000;22.0000;7.0000;70.0000;1;0;0;0;0;0;2;85.0000;-2391.0000;72.0000;270;267;312;0;0;17406
13969;277;0;0;240;250;235;89.0000;53.0000;122.0000;22.0000;7.0000;70.0000;1;0;0;0;0;0;2;85.0000;-2391.0000;72.0000;270;267;312;0;0;17406
13980;277;0;0;240;250;235;89.0000;53.0000;122.0000;22.0000;7.0000;70.0000;1;0;0;0;0;0;2;85.0000;-2391.0000;72.0000;270;267;312;0;0;17406
13990;277;0;0;240;250;235;89.0000;53.0000;122.0000;22.0000;7.0000;70.0000;1;0;0;0;0;0;2;85.0000;-2391.0000;72.0000;270;267;312;0;0;17406
14001;277;0;0;240;250;235;89.0000;53.0000;122.0000;22.0000;7.0000;70.0000;1;0;0;0;0;0;2;85.0000;-2391.0000;72.0000;270;267;312;0;0;17404
14013;277;0;0;240;250;235;72.0000;53.0000;122.0000;22.0000;7.0000;70.0000;1;0;0;0;0;0;2;85.0000;-2391.0000;72.0000;270;267;312;0;0;17376
14024;277;0;0;240;250;235;72.0000;161.0000;122.0000;22.0000;7.0000;70.0000;1;0;0;0;0;0;2;85.0000;-2391.0000;72.0000;270;267;312;0;0;17376
14035;277;0;0;240;250;235;72.0000;161.0000;82.0000;22.0000;7.0000;70.0000;1;0;0;0;0;0;2;85.0000;-2391.0000;72.0000;270;267;312;0;0;17376
14046;277;0;0;240;250;235;72.0000;161.0000;82.0000;22.0000;7.0000;70.0000;1;0;0;0;0;0;2;139.0000;-2391.0000;112.0000;270;267;312;0;0;17376
14057;277;0;0;240;250;235;72.0000;161.0000;82.0000;22.0000;7.0000;70.0000;1;0;0;0;0;0;2;139.0000;-2391.0000;112.0000;270;267;312;0;0;17376
14068;277;0;0;240;250;235;72.0000;161.0000;82.0000;22.0000;7.0000;70.0000;1;0;0;0;0;0;2;139.0000;-2391.0000;112.0000;270;267;312;0;0;17376
14078;277;0;0;240;250;235;72.0000;161.0000;82.0000;22.0000;7.0000;70.0000;1;0;0;0;0;0;2;139.0000;-2391.0000;112.0000;270;267;312;0;0;17376
14088;277;0;0;240;250;235;72.0000;161.0000;82.0000;22.0000;7.0000;70.0000;1;0;0;0;0;0;2;139.0000;-2391.0000;112.0000;270;267;312;0;0;17376
14100;277;0;0;240;250;235;72.0000;161.0000;82.0000;22.0000;7.0000;70.0000;1;0;0;0;0;0;2;139.0000;-2391.0000;112.0000;270;267;312;0;0;17376
14110;277;0;0;240;250;235;75.0000;161.0000;82.0000;22.0000;7.0000;70.0000;1;0;0;0;0;0;2;139.0000;-2391.0000;112.0000;270;267;312;0;0;17376
14121;277;0;0;240;250;235;75.0000;161.0000;82.0000;22.0000;7.0000;70.0000;1;0;0;0;0;0;2;139.0000;-2391.0000;112.0000;270;267;312;0;0;17376
14131;277;0;0;240;250;235;75.0000;53.0000;88.0000;22.0000;7.0000;70.0000;1;0;0;0;0;0;2;139.0000;-2391.0000;112.0000;270;267;312;0;0;17376
14143;277;0;0;240;250;235;75.0000;53.0000;88.0000;22.0000;7.0000;70.0000;1;0;0;0;0;0;2;139.0000;-2391.0000;115.0000;270;267;312;0;0;17376
14153;277;0;0;240;250;235;75.0000;53.0000;88.0000;22.0000;7.0000;70.0000;1;0;0;0;0;0;2;132.0000;-2391.0000;115.0000;270;267;312;0;0;17376
14164;277;0;0;240;250;235;75.0000;53.0000;88.0000;22.0000;7.0000;70.0000;1;0;0;0;0;0;2;132.0000;-2391.0000;115.0000;270;267;312;0;0;17376
14175;277;0;0;240;250;235;75.0000;53.0000;88.0000;22.0000;7.0000;70.0000;1;0;0;0;0;0;2;132.0000;-2391.0000;115.0000;270;267;312;0;0;17376
14186;277;0;0;240;250;235;75.0000;53.0000;88.0000;22.0000;7.0000;70.0000;1;0;0;0;0;0;2;132.0000;-2391.0000;115.0000;270;267;312;0;0;17376
14196;277;0;0;240;250;235;75.0000;53.0000;88.0000;28.0000;7.0000;70.0000;1;0;0;0;0;0;2;132.0000;-2391.0000;115.0000;270;267;312;0;0;17376
14207;277;0;0;240;250;235;112.0000;53.0000;88.0000;28.0000;7.0000;70.0000;1;0;0;0;0;0;2;132.0000;-2391.0000;115.0000;270;267;312;0;0;17376
14219;277;0;0;240;250;235;112.0000;53.0000;88.0000;28.0000;7.0000;70.0000;1;0;0;0;0;0;2;132.0000;-2391.0000;115.0000;270;267;312;0;0;17376
14230;277;0;0;240;250;235;112.0000;40.0000;88.0000;28.0000;7.0000;70.0000;1;0;0;0;0;0;2;132.0000;-2391.0000;115.0000;270;267;312;0;0;17376
14242;277;0;0;240;250;235;112.0000;40.0000;82.0000;28.0000;7.0000;70.0000;1;0;0;0;0;0;2;132.0000;-2391.0000;115.0000;270;267;312;0;0;17376
14253;277;0;0;240;250;235;112.0000;40.0000;82.0000;28.0000;7.0000;70.0000;1;0;0;0;0;0;2;132.0000;-2391.0000;68.0000;270;267;312;0;0;17376
14263;277;0;0;240;250;235;112.0000;40.0000;82.0000;28.0000;7.0000;70.0000;1;0;0;0;0;0;2;132.0000;-2391.0000;68.0000;270;267;312;0;0;17376
14273;277;0;0;240;250;235;112.0000;40.0000;82.0000;28.0000;7.0000;70.0000;1;0;0;0;0;0;2;132.0000;-2391.0000;68.0000;270;267;312;0;0;17376
14284;277;0;0;240;250;235;112.0000;40.0000;82.0000;28.0000;7.0000;70.0000;1;0;0;0;0;0;2;132.0000;-2391.0000;68.0000;270;267;312;0;0;17376
14295;277;0;0;240;250;235;112.0000;40.0000;82.0000;28.0000;7.0000;70.0000;1;0;0;0;0;0;2;132.0000;-2391.0000;68.0000;270;267;312;0;0;17376
14305;277;0;0;240;250;235;75.0000;40.0000;82.0000;28.0000;7.0000;70.0000;1;0;0;0;0;0;2;132.0000;-2391.0000;68.0000;270;267;312;0;0;17376
14316;277;0;0;240;250;235;75.0000;40.0000;82.0000;28.0000;7.0000;70.0000;1;0;0;0;0;0;2;132.0000;-2391.0000;68.0000;270;267;312;0;0;17376
14327;277;0;0;240;250;235;75.0000;40.0000;82.0000;28.0000;7.0000;70.0000;1;0;0;0;0;0;2;132.0000;-2391.0000;68.0000;270;267;312;0;0;17376
14340;277;0;0;240;250;235;75.0000;-53.0000;125.0000;28.0000;7.0000;70.0000;1;0;0;0;0;0;2;132.0000;-2391.0000;68.0000;270;267;312;0;0;17380
14350;277;0;0;240;250;235;75.0000;-53.0000;125.0000;28.0000;7.0000;70.0000;1;0;0;0;0;0;2;78.0000;-2391.0000;78.0000;270;267;312;0;0;17380
14361;277;0;0;240;250;235;75.0000;-53.0000;125.0000;28.0000;7.0000;70.0000;1;0;0;0;0;0;2;78.0000;-2391.0000;78.0000;270;267;312;0;0;17380
14371;277;0;0;240;250;235;75.0000;-53.0000;125.0000;28.0000;7.0000;70.0000;1;0;0;0;0;0;2;78.0000;-2391.0000;78.0000;270;267;312;0;0;17380
14382;277;0;0;240;250;235;75.0000;-53.0000;125.0000;28.0000;7.0000;70.0000;1;0;0;0;0;0;2;78.0000;-2391.0000;78.0000;270;267;312;0;0;17380
14392;277;0;0;240;250;235;75.0000;-53.0000;125.0000;28.0000;7.0000;70.0000;1;0;0;0;0;0;2;78.0000;-2391.0000;78.0000;270;267;312;0;0;17380
14403;277;0;0;240;250;235;75.0000;-53.0000;125.0000;28.0000;7.0000;70.0000;1;0;0;0;0;0;2;78.0000;-2391.0000;78.0000;270;267;312;0;0;17380
14415;277;0;0;240;250;235;115.0000;-53.0000;125.0000;28.0000;7.0000;70.0000;1;0;0;0;0;0;2;78.0000;-2391.0000;78.0000;270;267;312;0;0;17380
14428;277;0;0;240;250;235;115.0000;-53.0000;125.0000;28.0000;7.0000;70.0000;1;0;0;0;0;0;2;78.0000;-2391.0000;78.0000;270;267;312;0;0;17380
14440;277;0;0;240;250;235;115.0000;40.0000;98.0000;28.0000;7.0000;70.0000;1;0;0;0;0;0;2;78.0000;-2391.0000;78.0000;270;267;312;0;0;17380
14452;277;0;0;240;250;235;115.0000;40.0000;98.0000;28.0000;7.0000;70.0000;1;0;0;0;0;0;2;128.0000;-2391.0000;68.0000;270;267;312;0;0;17390
14462;277;0;0;240;250;235;115.0000;40.0000;98.0000;28.0000;7.0000;70.0000;1;0;0;0;0;0;2;128.0000;-2391.0000;68.0000;270;267;312;0;0;17406
14473;277;0;0;240;250;235;115.0000;40.0000;98.0000;28.0000;7.0000;70.0000;1;0;0;0;0;0;2;128.0000;-2391.0000;68.0000;270;267;312;0;0;17406
14483;277;0;0;240;250;235;115.0000;40.0000;98.0000;28.0000;7.0000;70.0000;1;0;0;0;0;0;2;128.0000;-2391.0000;68.0000;270;267;312;0;0;17406
14494;277;0;0;240;250;235;115.0000;40.0000;98.0000;28.0000;7.0000;70.0000;1;0;0;0;0;0;2;128.0000;-2391.0000;68.0000;270;267;312;0;0;17406
14504;277;0;0;240;250;235;115.0000;40.0000;98.0000;28.0000;7.0000;70.0000;1;0;0;0;0;0;2;128.0000;-2391.0000;68.0000;270;267;312;0;0;17406
14515;277;0;0;240;250;235;75.0000;40.0000;98.0000;28.0000;7.0000;70.0000;1;0;0;0;0;0;2;128.0000;-2391.0000;68.0000;270;267;312;0;0;17406
14525;277;0;0;240;250;235;75.0000;40.0000;98.0000;28.0000;7.0000;70.0000;1;0;0;0;0;0;2;128.0000;-2391.0000;68.0000;270;267;312;0;0;17406
14536;277;0;0;240;250;235;75.0000;0.0000;98.0000;28.0000;7.0000;70.0000;1;0;0;0;0;0;2;128.0000;-2391.0000;68.0000;270;267;312;0;0;17406
14547;277;0;0;240;250;235;75.0000;0.0000;112.0000;28.0000;7.0000;70.0000;1;0;0;0;0;0;2;68.0000;-2391.0000;102.0000;270;267;312;0;0;17406
14558;277;0;0;240;250;235;75.0000;0.0000;112.0000;28.0000;7.0000;70.0000;1;0;0;0;0;0;2;68.0000;-2391.0000;102.0000;270;267;312;0;0;17406
14568;277;0;0;240;250;235;75.0000;0.0000;112.0000;28.0000;7.0000;70.0000;1;0;0;0;0;0;2;68.0000;-2391.0000;102.0000;270;267;312;0;0;17406
14579;277;0;0;240;250;235;75.0000;0.0000;112.0000;28.0000;7.0000;70.0000;1;0;0;0;0;0;2;68.0000;-2391.0000;102.0000;270;267;312;0;0;17406
14589;277;0;0;240;250;235;75.0000;0.0000;112.0000;28.0000;7.0000;70.0000;1;0;0;0;0;0;2;68.0000;-2391.0000;102.0000;270;267;312;0;0;17406
14599;277;0;0;240;250;235;75.0000;0.0000;112.0000;28.0000;7.0000;70.0000;1;0;0;0;0;0;2;68.0000;-2391.0000;102.0000;270;267;312;0;0;17406
14610;277;0;0;240;250;235;75.0000;0.0000;112.0000;28.0000;7.0000;70.0000;1;0;0;0;0;0;2;68.0000;-2391.0000;102.0000;270;267;312;0;0;17406
14621;277;0;0;240;250;235;75.0000;0.0000;112.0000;28.0000;7.0000;70.0000;1;0;0;0;0;0;2;68.0000;-2391.0000;102.0000;270;267;312;0;0;17406
14631;277;0;0;240;250;235;75.0000;120.0000;112.0000;28.0000;7.0000;70.0000;1;0;0;0;0;0;2;68.0000;-2391.0000;102.0000;270;267;312;0;0;17406
14642;277;0;0;240;250;235;75.0000;120.0000;125.0000;28.0000;7.0000;70.0000;1;0;0;0;0;0;2;68.0000;-2391.0000;102.0000;270;267;312;0;0;17406
14652;277;0;0;240;250;235;75.0000;120.0000;125.0000;28.0000;7.0000;70.0000;1;0;0;0;0;0;2;115.0000;-2391.0000;88.0000;270;267;312;0;0;17406
14663;277;0;0;240;250;235;75.0000;120.0000;125.0000;28.0000;7.0000;70.0000;1;0;0;0;0;0;2;115.0000;-2391.0000;88.0000;270;267;312;0;0;17406
14673;277;0;0;240;250;235;75.0000;120.0000;125.0000;28.0000;7.0000;70.0000;1;0;0;0;0;0;2;115.0000;-2391.0000;88.0000;270;267;312;0;0;17406
14684;277;0;0;240;250;235;75.0000;120.0000;125.0000;28.0000;7.0000;70.0000;1;0;0;0;0;0;2;115.0000;-2391.0000;88.0000;270;267;312;0;0;17406
14694;277;0;0;240;250;235;75.0000;120.0000;125.0000;28.0000;7.0000;70.0000;1;0;0;0;0;0;2;115.0000;-2391.0000;88.0000;270;267;312;0;0;17406
14705;277;0;0;240;250;235;75.0000;120.0000;125.0000;28.0000;7.0000;70.0000;1;0;0;0;0;0;2;115.0000;-2391.0000;88.0000;270;267;312;0;0;17406
14715;277;0;0;240;250;235;112.0000;120.0000;125.0000;28.0000;7.0000;70.0000;1;0;0;0;0;0;2;115.0000;-2391.0000;88.0000;270;267;312;0;0;17406
14726;277;0;0;240;250;235;112.0000;120.0000;125.0000;28.0000;7.0000;70.0000;1;0;0;0;0;0;2;115.0000;-2391.0000;88.0000;270;267;312;0;0;17406
14736;277;0;0;240;250;235;112.0000;-13.0000;125.0000;28.0000;7.0000;70.0000;1;0;0;0;0;0;2;115.0000;-2391.0000;88.0000;270;267;312;0;0;17406
14747;277;0;0;240;250;235;112.0000;-13.0000;139.0000;28.0000;7.0000;70.0000;1;0;0;0;0;0;2;115.0000;-2391.0000;88.0000;270;267;312;0;0;17406
14757;277;0;0;240;250;235;112.0000;-13.0000;139.0000;28.0000;7.0000;70.0000;1;0;0;0;0;0;2;81.0000;-2391.0000;72.0000;270;267;312;0;0;17406
14768;277;0;0;240;250;235;112.0000;-13.0000;139.0000;28.0000;7.0000;70.0000;1;0;0;0;0;0;2;81.0000;-2391.0000;72.0000;270;267;312;0;0;17406
14778;277;0;0;240;250;235;112.0000;-13.0000;139.0000;28.0000;7.0000;70.0000;1;0;0;0;0;0;2;81.0000;-2391.0000;72.0000;270;267;312;0;0;17406
14788;277;0;0;240;250;235;112.0000;-13.0000;139.0000;28.0000;7.0000;70.0000;1;0;0;0;0;0;2;81.0000;-2391.0000;72.0000;270;267;312;0;0;17406
14799;277;0;0;240;250;235;112.0000;-13.0000;139.0000;28.0000;7.0000;70.0000;1;0;0;0;0;0;2;81.0000;-2391.0000;72.0000;270;267;312;0;0;17406
14810;277;0;0;240;250;235;126.0000;-13.0000;139.0000;28.0000;7.0000;70.0000;1;0;0;0;0;0;2;81.0000;-2391.0000;72.0000;270;267;312;0;0;17406
14820;277;0;0;240;250;235;126.0000;-13.0000;139.0000;28.0000;7.0000;70.0000;1;0;0;0;0;0;2;81.0000;-2391.0000;72.0000;270;267;312;0;0;17406
14831;277;0;0;240;250;235;126.0000;-13.0000;139.0000;28.0000;7.0000;70.0000;1;0;0;0;0;0;2;81.0000;-2391.0000;72.0000;270;267;312;0;0;17406
14841;277;0;0;240;250;235;126.0000;-13.0000;122.0000;28.0000;7.0000;70.0000;1;0;0;0;0;0;2;81.0000;-2391.0000;72.0000;270;267;312;0;0;17406
14852;277;0;0;240;250;235;126.0000;-13.0000;122.0000;28.0000;7.0000;70.0000;1;0;0;0;0;0;2;78.0000;-2391.0000;112.0000;270;267;312;0;0;17406
14865;277;0;0;240;250;235;126.0000;-13.0000;122.0000;28.0000;7.0000;70.0000;1;0;0;0;0;0;2;78.0000;-2391.0000;112.0000;270;267;312;0;0;17406
14875;277;0;0;240;250;235;126.0000;-13.0000;122.0000;28.0000;7.0000;70.0000;1;0;0;0;0;0;2;78.0000;-2391.0000;112.0000;270;267;312;0;0;17406
14885;277;0;0;240;250;235;126.0000;-13.0000;122.0000;28.0000;7.0000;70.0000;1;0;0;0;0;0;2;78.0000;-2391.0000;112.0000;270;267;312;0;0;17406
14896;277;0;0;240;250;235;126.0000;-13.0000;122.0000;28.0000;7.0000;70.0000;1;0;0;0;0;0;2;78.0000;-2391.0000;112.0000;270;267;312;0;0;17406
14906;277;0;0;240;250;235;126.0000;-13.0000;122.0000;28.0000;7.0000;70.0000;1;0;0;0;0;0;2;78.0000;-2391.0000;112.0000;270;267;312;0;0;17406
14917;277;0;0;240;250;235;85.0000;-13.0000;122.0000;28.0000;7.0000;70.0000;1;0;0;0;0;0;2;78.0000;-2391.0000;112.0000;270;267;312;0;0;17406
14927;277;0;0;240;250;235;85.0000;-13.0000;122.0000;28.0000;7.0000;70.0000;1;0;0;0;0;0;2;78.0000;-2391.0000;112.0000;270;267;312;0;0;17406
14938;277;0;0;240;250;235;85.0000;-13.0000;122.0000;28.0000;7.0000;70.0000;1;0;0;0;0;0;2;78.0000;-2391.0000;112.0000;270;267;312;0;0;17406
14949;277;0;0;240;250;235;85.0000;-13.0000;88.0000;28.0000;7.0000;70.0000;1;0;0;0;0;0;2;78.0000;-2391.0000;112.0000;270;267;312;0;0;17406
14959;277;0;0;240;250;235;85.0000;-13.0000;88.0000;28.0000;7.0000;70.0000;1;0;0;0;0;0;2;118.0000;-2391.0000;129.0000;270;267;312;0;0;17406
14970;277;0;0;240;250;235;85.0000;-13.0000;88.0000;28.0000;7.0000;70.0000;1;0;0;0;0;0;2;118.0000;-2391.0000;129.0000;270;267;312;0;0;17392
14981;277;0;0;240;250;235;85.0000;-13.0000;88.0000;28.0000;7.0000;70.0000;1;0;0;0;0;0;2;118.0000;-2391.0000;129.0000;270;267;312;0;0;17376
14992;277;0;0;240;250;235;85.0000;-13.0000;88.0000;28.0000;7.0000;70.0000;1;0;0;0;0;0;2;118.0000;-2391.0000;129.0000;270;267;312;0;0;17376
15002;277;0;0;240;250;235;85.0000;-13.0000;88.0000;28.0000;7.0000;70.0000;1;0;0;0;0;0;2;118.0000;-2391.0000;129.0000;270;267;312;0;0;17376
15013;277;0;0;240;250;235;99.0000;-13.0000;88.0000;28.0000;7.0000;70.0000;1;0;0;0;0;0;2;118.0000;-2391.0000;129.0000;270;267;312;0;0;17376
15024;277;0;0;240;250;235;99.0000;-13.0000;88.0000;28.0000;7.0000;70.0000;1;0;0;0;0;0;2;118.0000;-2391.0000;129.0000;270;267;312;0;0;17376
15037;277;0;0;240;250;235;99.0000;13.0000;88.0000;28.0000;7.0000;70.0000;1;0;0;0;0;0;2;118.0000;-2391.0000;129.0000;270;267;312;0;0;17376
15049;277;0;0;240;250;235;99.0000;13.0000;122.0000;28.0000;7.0000;70.0000;1;0;0;0;0;0;2;118.0000;-2391.0000;129.0000;270;267;312;0;0;17376
15060;277;0;0;240;250;235;99.0000;13.0000;122.0000;28.0000;7.0000;70.0000;1;0;0;0;0;0;2;115.0000;-2391.0000;82.0000;270;267;312;0;0;17376
15070;277;0;0;240;250;235;99.0000;13.0000;122.0000;28.0000;7.0000;70.0000;1;0;0;0;0;0;2;115.0000;-2391.0000;82.0000;270;267;312;0;0;17376
15081;277;0;0;240;250;235;99.0000;13.0000;122.0000;28.0000;7.0000;70.0000;1;0;0;0;0;0;2;115.0000;-2391.0000;82.0000;270;267;312;0;0;17376
15091;277;0;0;240;250;235;99.0000;13.0000;122.0000;28.0000;7.0000;70.0000;1;0;0;0;0;0;2;115.0000;-2391.0000;82.0000;270;267;312;0;0;17376
15101;277;0;0;240;250;235;99.0000;13.0000;122.0000;28.0000;7.0000;70.0000;1;0;0;0;0;0;2;115.0000;-2391.0000;82.0000;270;267;312;0;0;17376
15112;277;0;0;240;250;235;89.0000;13.0000;122.0000;28.0000;7.0000;70.0000;1;0;0;0;0;0;2;115.0000;-2391.0000;82.0000;270;267;312;0;0;17376
15123;277;0;0;240;250;235;89.0000;13.0000;122.0000;28.0000;7.0000;70.0000;1;0;0;0;0;0;2;115.0000;-2391.0000;82.0000;270;267;312;0;0;17376
15134;277;0;0;240;250;235;89.0000;13.0000;122.0000;28.0000;7.0000;70.0000;1;0;0;0;0;0;2;115.0000;-2391.0000;82.0000;270;267;312;0;0;17376
15144;277;0;0;240;250;235;89.0000;26.0000;139.0000;28.0000;7.0000;70.0000;1;0;0;0;0;0;2;115.0000;-2391.0000;82.0000;270;267;312;0;0;17376
15155;277;0;0;240;250;235;89.0000;26.0000;139.0000;28.0000;7.0000;70.0000;1;0;0;0;0;0;2;92.0000;-2391.0000;119.0000;270;267;312;0;0;17376
15165;277;0;0;240;250;235;89.0000;26.0000;139.0000;28.0000;7.0000;70.0000;1;0;0;0;0;0;2;92.0000;-2391.0000;119.0000;270;267;312;0;0;17376
15182;277;0;0;240;250;235;89.0000;26.0000;139.0000;28.0000;7.0000;70.0000;1;0;0;0;0;0;2;92.0000;-2391.0000;119.0000;270;267;312;0;0;17376
15192;277;0;0;240;250;235;89.0000;26.0000;139.0000;28.0000;7.0000;70.0000;1;0;0;0;0;0;2;92.0000;-2391.0000;119.0000;270;267;312;0;0;17376
15203;277;0;0;240;250;235;89.0000;26.0000;139.0000;22.0000;7.0000;70.0000;1;0;0;0;0;0;2;92.0000;-2391.0000;119.0000;270;267;312;0;0;17376
15213;277;0;0;240;250;235;95.0000;26.0000;139.0000;22.0000;7.0000;70.0000;1;0;0;0;0;0;2;92.0000;-2391.0000;119.0000;270;267;312;0;0;17376
15224;277;0;0;240;250;235;95.0000;26.0000;139.0000;22.0000;7.0000;70.0000;1;0;0;0;0;0;2;92.0000;-2391.0000;119.0000;270;267;312;0;0;17376
15234;277;0;0;240;250;235;95.0000;26.0000;139.0000;22.0000;7.0000;70.0000;1;0;0;0;0;0;2;92.0000;-2391.0000;119.0000;270;267;312;0;0;17376
15245;277;0;0;240;250;235;95.0000;134.0000;88.0000;22.0000;7.0000;70.0000;1;0;0;0;0;0;2;92.0000;-2391.0000;119.0000;270;267;312;0;0;17376
15264;277;0;0;240;250;235;95.0000;134.0000;88.0000;22.0000;7.0000;70.0000;1;0;0;0;0;0;2;75.0000;-2391.0000;95.0000;270;267;312;0;0;17376
15275;277;0;0;240;250;235;95.0000;134.0000;88.0000;22.0000;7.0000;70.0000;1;0;0;0;0;0;2;75.0000;-2391.0000;95.0000;270;267;312;0;0;17376
15285;277;0;0;240;250;235;95.0000;134.0000;88.0000;22.0000;7.0000;70.0000;1;0;0;0;0;0;2;75.0000;-2391.0000;95.0000;270;267;312;0;0;17380
15296;277;0;0;240;250;235;95.0000;134.0000;88.0000;22.0000;7.0000;70.0000;1;0;0;0;0;0;2;75.0000;-2391.0000;95.0000;270;267;312;0;0;17380
15306;277;0;0;240;250;235;95.0000;134.0000;88.0000;22.0000;7.0000;70.0000;1;0;0;0;0;0;2;75.0000;-2391.0000;95.0000;270;267;312;0;0;17380
15316;277;0;0;240;250;235;85.0000;134.0000;88.0000;22.0000;7.0000;70.0000;1;0;0;0;0;0;2;75.0000;-2391.0000;95.0000;270;267;312;0;0;17380
15327;277;0;0;240;250;235;85.0000;134.0000;88.0000;22.0000;7.0000;70.0000;1;0;0;0;0;0;2;75.0000;-2391.0000;95.0000;270;267;312;0;0;17380
15337;277;0;0;240;250;235;85.0000;67.0000;88.0000;22.0000;7.0000;70.0000;1;0;0;0;0;0;2;75.0000;-2391.0000;95.0000;270;267;312;0;0;17380
15348;277;0;0;240;250;235;85.0000;67.0000;108.0000;22.0000;7.0000;70.0000;1;0;0;0;0;0;2;75.0000;-2391.0000;95.0000;270;267;312;0;0;17380
15359;277;0;0;240;250;235;85.0000;67.0000;108.0000;22.0000;7.0000;70.0000;1;0;0;0;0;0;2;88.0000;-2391.0000;98.0000;270;267;312;0;0;17380
15369;277;0;0;240;250;235;85.0000;67.0000;108.0000;22.0000;7.0000;70.0000;1;0;0;0;0;0;2;88.0000;-2391.0000;98.0000;270;267;312;0;0;17380
15380;277;0;0;240;250;235;85.0000;67.0000;108.0000;22.0000;7.0000;70.0000;1;0;0;0;0;0;2;88.0000;-2391.0000;98.0000;270;267;312;0;0;17380
15390;277;0;0;240;250;235;85.0000;67.0000;108.0000;22.0000;7.0000;70.0000;1;0;0;0;0;0;2;88.0000;-2391.0000;98.0000;270;267;312;0;0;17380
15401;277;0;0;240;250;235;85.0000;67.0000;108.0000;22.0000;7.0000;70.0000;1;0;0;0;0;0;2;88.0000;-2391.0000;98.0000;270;267;312;0;0;17380
15412;277;0;0;240;250;235;85.0000;67.0000;108.0000;22.0000;7.0000;70.0000;1;0;0;0;0;0;2;88.0000;-2391.0000;98.0000;270;267;312;0;0;17380
15422;277;0;0;240;250;235;115.0000;67.0000;108.0000;22.0000;7.0000;70.0000;1;0;0;0;0;0;2;88.0000;-2391.0000;98.0000;270;267;312;0;0;17380
15432;277;0;0;240;250;235;115.0000;67.0000;108.0000;22.0000;7.0000;70.0000;1;0;0;0;0;0;2;88.0000;-2391.0000;98.0000;270;267;312;0;0;17380
15443;277;0;0;240;250;235;115.0000;53.0000;108.0000;22.0000;7.0000;70.0000;1;0;0;0;0;0;2;88.0000;-2391.0000;98.0000;270;267;312;0;0;17380
15454;277;0;0;240;250;235;115.0000;53.0000;122.0000;22.0000;7.0000;70.0000;1;0;0;0;0;0;2;88.0000;-2391.0000;98.0000;270;267;312;0;0;17380
15464;277;0;0;240;250;235;115.0000;53.0000;122.0000;22.0000;7.0000;70.0000;1;0;0;0;0;0;2;102.0000;-2391.0000;125.0000;270;267;312;0;0;17380
15475;277;0;0;240;250;235;115.0000;53.0000;122.0000;22.0000;7.0000;70.0000;1;0;0;0;0;0;2;102.0000;-2391.0000;125.0000;270;267;312;0;0;17380
15486;277;0;0;240;250;235;115.0000;53.0000;122.0000;22.0000;7.0000;70.0000;1;0;0;0;0;0;2;102.0000;-2391.0000;125.0000;270;267;312;0;0;17390
15497;277;0;0;240;250;235;115.0000;53.0000;122.0000;22.0000;7.0000;70.0000;1;0;0;0;0;0;2;102.0000;-2391.0000;125.0000;270;267;312;0;0;17406
15507;277;0;0;240;250;235;115.0000;53.0000;122.0000;22.0000;7.0000;70.0000;1;0;0;0;0;0;2;102.0000;-2391.0000;125.0000;270;267;312;0;0;17406
15517;277;0;0;240;250;235;89.0000;53.0000;122.0000;22.0000;7.0000;70.0000;1;0;0;0;0;0;2;102.0000;-2391.0000;125.0000;270;267;312;0;0;17406
15528;277;0;0;240;250;235;89.0000;53.0000;122.0000;22.0000;7.0000;70.0000;1;0;0;0;0;0;2;102.0000;-2391.0000;125.0000;270;267;312;0;0;17406
15538;277;0;0;240;250;235;89.0000;53.0000;122.0000;22.0000;7.0000;70.0000;1;0;0;0;0;0;2;102.0000;-2391.0000;125.0000;270;267;312;0;0;17406
15550;277;0;0;240;250;235;89.0000;147.0000;122.0000;22.0000;7.0000;70.0000;1;0;0;0;0;0;2;102.0000;-2391.0000;125.0000;270;267;312;0;0;17406
15560;277;0;0;240;250;235;89.0000;147.0000;132.0000;22.0000;7.0000;70.0000;1;0;0;0;0;0;2;88.0000;-2391.0000;92.0000;270;267;312;0;0;17406
15571;277;0;0;240;250;235;89.0000;147.0000;132.0000;22.0000;7.0000;70.0000;1;0;0;0;0;0;2;88.0000;-2391.0000;92.0000;270;267;312;0;0;17406
15581;277;0;0;240;250;235;89.0000;147.0000;132.0000;22.0000;7.0000;70.0000;1;0;0;0;0;0;2;88.0000;-2391.0000;92.0000;270;267;312;0;0;17406
15594;277;0;0;240;250;235;89.0000;147.0000;132.0000;22.0000;7.0000;70.0000;1;0;0;0;0;0;2;88.0000;-2391.0000;92.0000;270;267;312;0;0;17406
15604;277;0;0;240;250;232;89.0000;147.0000;132.0000;22.0000;7.0000;70.0000;1;0;0;0;0;0;2;88.0000;-2391.0000;92.0000;270;267;312;0;0;17406
15615;277;0;0;240;250;232;89.0000;147.0000;132.0000;22.0000;7.0000;70.0000;1;0;0;0;0;0;2;88.0000;-2391.0000;92.0000;270;267;312;0;0;17406
15634;277;0;0;240;250;232;95.0000;147.0000;132.0000;22.0000;7.0000;70.0000;1;0;0;0;0;0;2;88.0000;-2391.0000;92.0000;270;267;312;0;0;17406
15644;277;0;0;240;250;232;95.0000;107.0000;132.0000;22.0000;7.0000;70.0000;1;0;0;0;0;0;2;88.0000;-2391.0000;92.0000;270;267;312;0;0;17406
15655;277;0;0;240;250;232;95.0000;107.0000;125.0000;22.0000;7.0000;70.0000;1;0;0;0;0;0;2;88.0000;-2391.0000;92.0000;270;267;312;0;0;17406
15666;277;0;0;240;250;232;95.0000;107.0000;125.0000;22.0000;7.0000;70.0000;1;0;0;0;0;0;2;135.0000;-2391.0000;112.0000;270;267;312;0;0;17406
15676;277;0;0;240;250;232;95.0000;107.0000;125.0000;22.0000;7.0000;70.0000;1;0;0;0;0;0;2;135.0000;-2391.0000;112.0000;270;267;312;0;0;17406
15687;277;0;0;240;250;232;95.0000;107.0000;125.0000;22.0000;7.0000;70.0000;1;0;0;0;0;0;2;135.0000;-2391.0000;112.0000;270;267;312;0;0;17406
15697;277;0;0;240;250;232;95.0000;107.0000;125.0000;22.0000;7.0000;70.0000;1;0;0;0;0;0;2;135.0000;-2391.0000;112.0000;270;267;312;0;0;17406
15708;277;0;0;240;250;232;95.0000;107.0000;125.0000;22.0000;7.0000;70.0000;1;0;0;0;0;0;2;135.0000;-2391.0000;112.0000;270;267;312;0;0;17406
15718;277;0;0;240;250;232;92.0000;107.0000;125.0000;22.0000;7.0000;70.0000;1;0;0;0;0;0;2;135.0000;-2391.0000;112.0000;270;267;312;0;0;17406
15729;277;0;0;240;250;232;92.0000;107.0000;125.0000;22.0000;7.0000;70.0000;1;0;0;0;0;0;2;135.0000;-2391.0000;112.0000;270;267;312;0;0;17406
15739;277;0;0;240;250;232;92.0000;107.0000;125.0000;22.0000;7.0000;70.0000;1;0;0;0;0;0;2;135.0000;-2391.0000;112.0000;270;267;312;0;0;17406
15750;277;0;0;240;250;232;92.0000;-13.0000;108.0000;22.0000;7.0000;70.0000;1;0;0;0;0;0;2;135.0000;-2391.0000;112.0000;270;267;312;0;0;17406
15760;277;0;0;240;250;232;92.0000;-13.0000;108.0000;22.0000;7.0000;70.0000;1;0;0;0;0;0;2;135.0000;-2391.0000;95.0000;270;267;312;0;0;17406
15771;277;0;0;240;250;232;92.0000;-13.0000;108.0000;22.0000;7.0000;70.0000;1;0;0;0;0;0;2;135.0000;-2391.0000;95.0000;270;267;312;0;0;17406
15781;277;0;0;240;250;232;92.0000;-13.0000;108.0000;22.0000;7.0000;70.0000;1;0;0;0;0;0;2;135.0000;-2391.0000;95.0000;270;267;312;0;0;17406
15792;277;0;0;240;250;232;92.0000;-13.0000;108.0000;22.0000;7.0000;70.0000;1;0;0;0;0;0;2;135.0000;-2391.0000;95.0000;270;267;312;0;0;17406
15803;277;0;0;240;250;232;92.0000;-13.0000;108.0000;22.0000;7.0000;70.0000;1;0;0;0;0;0;2;135.0000;-2391.0000;95.0000;270;267;312;0;0;17406
15813;277;0;0;240;250;232;92.0000;-13.0000;108.0000;22.0000;7.0000;70.0000;1;0;0;0;0;0;2;135.0000;-2391.0000;95.0000;270;267;312;0;0;17406
15824;277;0;0;240;250;232;79.0000;-13.0000;108.0000;22.0000;7.0000;70.0000;1;0;0;0;0;0;2;135.0000;-2391.0000;95.0000;270;267;312;0;0;17406
15834;277;0;0;240;250;232;79.0000;-13.0000;108.0000;22.0000;7.0000;70.0000;1;0;0;0;0;0;2;135.0000;-2391.0000;95.0000;270;267;312;0;0;17406
15845;277;0;0;240;250;232;79.0000;161.0000;108.0000;22.0000;7.0000;70.0000;1;0;0;0;0;0;2;135.0000;-2391.0000;95.0000;270;267;312;0;0;17406
15856;277;0;0;240;250;232;79.0000;161.0000;135.0000;22.0000;7.0000;70.0000;1;0;0;0;0;0;2;135.0000;-2391.0000;95.0000;270;267;312;0;0;17406
15867;277;0;0;240;250;232;79.0000;161.0000;135.0000;22.0000;7.0000;70.0000;1;0;0;0;0;0;2;132.0000;-2391.0000;125.0000;270;267;312;0;0;17406
15877;277;0;0;240;250;232;79.0000;161.0000;135.0000;22.0000;7.0000;70.0000;1;0;0;0;0;0;2;132.0000;-2391.0000;125.0000;270;267;312;0;0;17406
15888;277;0;0;240;250;232;79.0000;161.0000;135.0000;22.0000;7.0000;70.0000;1;0;0;0;0;0;2;132.0000;-2391.0000;125.0000;270;267;312;0;0;17406
15899;277;0;0;240;250;232;79.0000;161.0000;135.0000;22.0000;7.0000;70.0000;1;0;0;0;0;0;2;132.0000;-2391.0000;125.0000;270;267;312;0;0;17406
15910;277;0;0;240;250;232;79.0000;161.0000;135.0000;22.0000;7.0000;70.0000;1;0;0;0;0;0;2;132.0000;-2391.0000;125.0000;270;267;312;0;0;17406
15920;277;0;0;240;250;232;95.0000;161.0000;135.0000;22.0000;7.0000;70.0000;1;0;0;0;0;0;2;132.0000;-2391.0000;125.0000;270;267;312;0;0;17406
15931;277;0;0;240;250;232;95.0000;161.0000;135.0000;22.0000;7.0000;70.0000;1;0;0;0;0;0;2;132.0000;-2391.0000;125.0000;270;267;312;0;0;17406
15941;277;0;0;240;250;232;95.0000;161.0000;135.0000;22.0000;7.0000;70.0000;1;0;0;0;0;0;2;132.0000;-2391.0000;125.0000;270;267;312;0;0;17406
15951;277;0;0;240;250;232;95.0000;134.0000;125.0000;22.0000;7.0000;70.0000;1;0;0;0;0;0;2;132.0000;-2391.0000;125.0000;270;267;312;0;0;17406
15962;277;0;0;240;250;232;95.0000;134.0000;125.0000;22.0000;7.0000;70.0000;1;0;0;0;0;0;2;132.0000;-2391.0000;92.0000;270;267;312;0;0;17406
15973;277;0;0;240;250;232;95.0000;134.0000;125.0000;22.0000;7.0000;70.0000;1;0;0;0;0;0;2;85.0000;-2391.0000;92.0000;270;267;312;0;0;17406
15983;277;0;0;240;250;232;95.0000;134.0000;125.0000;22.0000;7.0000;70.0000;1;0;0;0;0;0;2;85.0000;-2391.0000;92.0000;270;267;312;0;0;17406
15994;277;0;0;240;250;232;95.0000;134.0000;125.0000;22.0000;7.0000;70.0000;1;0;0;0;0;0;2;85.0000;-2391.0000;92.0000;270;267;312;0;0;17406
16005;277;0;0;240;250;232;95.0000;134.0000;125.0000;22.0000;7.0000;70.0000;1;0;0;0;0;0;2;85.0000;-2391.0000;92.0000;270;267;312;0;0;17376
16015;277;0;0;240;250;232;95.0000;134.0000;125.0000;22.0000;7.0000;70.0000;1;0;0;0;0;0;2;85.0000;-2391.0000;92.0000;270;267;312;0;0;17376
16026;277;0;0;240;250;232;109.0000;134.0000;125.0000;22.0000;7.0000;70.0000;1;0;0;0;0;0;2;85.0000;-2391.0000;92.0000;270;267;312;0;0;17376
16037;277;0;0;240;250;232;109.0000;134.0000;125.0000;22.0000;7.0000;70.0000;1;0;0;0;0;0;2;85.0000;-2391.0000;92.0000;270;267;312;0;0;17376
16047;277;0;0;240;250;232;109.0000;-13.0000;125.0000;22.0000;7.0000;70.0000;1;0;0;0;0;0;2;85.0000;-2391.0000;92.0000;270;267;312;0;0;17376
16058;277;0;0;240;250;232;109.0000;-13.0000;132.0000;22.0000;7.0000;70.0000;1;0;0;0;0;0;2;85.0000;-2391.0000;92.0000;270;267;312;0;0;17376
16069;277;0;0;240;250;232;109.0000;-13.0000;132.0000;22.0000;7.0000;70.0000;1;0;0;0;0;0;2;112.0000;-2391.0000;65.0000;270;267;312;0;0;17376
16079;277;0;0;240;250;232;109.0000;-13.0000;132.0000;22.0000;7.0000;70.0000;1;0;0;0;0;0;2;112.0000;-2391.0000;65.0000;270;267;312;0;0;17376
16090;277;0;0;240;250;232;109.0000;-13.0000;132.0000;22.0000;7.0000;70.0000;1;0;0;0;0;0;2;112.0000;-2391.0000;65.0000;270;267;312;0;0;17376
16100;277;0;0;240;250;232;109.0000;-13.0000;132.0000;22.0000;7.0000;70.0000;1;0;0;0;0;0;2;112.0000;-2391.0000;65.0000;270;267;312;0;0;17376
16110;277;0;0;240;250;232;109.0000;-13.0000;132.0000;22.0000;7.0000;70.0000;1;0;0;0;0;0;2;112.0000;-2391.0000;65.0000;270;267;312;0;0;17376
16121;277;0;0;240;250;232;92.0000;-13.0000;132.0000;22.0000;7.0000;70.0000;1;0;0;0;0;0;2;112.0000;-2391.0000;65.0000;270;267;312;0;0;17376
16132;277;0;0;240;250;232;92.0000;-13.0000;132.0000;22.0000;7.0000;70.0000;1;0;0;0;0;0;2;112.0000;-2391.0000;65.0000;270;267;312;0;0;17376
16142;277;0;0;240;250;232;92.0000;-13.0000;132.0000;22.0000;7.0000;70.0000;1;0;0;0;0;0;2;112.0000;-2391.0000;65.0000;270;267;312;0;0;17376
16152;277;0;0;240;250;232;92.0000;67.0000;132.0000;22.0000;7.0000;70.0000;1;0;0;0;0;0;2;112.0000;-2391.0000;65.0000;270;267;312;0;0;17376
16163;277;0;0;240;250;232;92.0000;67.0000;122.0000;22.0000;7.0000;70.0000;1;0;0;0;0;0;2;112.0000;-2391.0000;135.0000;270;267;312;0;0;17376
16174;277;0;0;240;250;232;92.0000;67.0000;122.0000;22.0000;7.0000;70.0000;1;0;0;0;0;0;2;132.0000;-2391.0000;135.0000;270;267;312;0;0;17376
16184;277;0;0;240;250;232;92.0000;67.0000;122.0000;22.0000;7.0000;70.0000;1;0;0;0;0;0;2;132.0000;-2391.0000;135.0000;270;267;312;0;0;17376
16195;277;0;0;240;250;232;92.0000;67.0000;122.0000;22.0000;7.0000;70.0000;1;0;0;0;0;0;2;132.0000;-2391.0000;135.0000;270;267;312;0;0;17376
16205;277;0;0;240;250;232;92.0000;67.0000;122.0000;50.0000;7.0000;70.0000;1;0;0;0;0;0;2;132.0000;-2391.0000;135.0000;270;267;312;0;0;17376
16215;277;0;0;240;250;232;92.0000;67.0000;122.0000;50.0000;7.0000;70.0000;1;0;0;0;0;0;2;132.0000;-2391.0000;135.0000;270;267;312;0;0;17376
16226;277;0;0;240;250;232;102.0000;67.0000;122.0000;50.0000;7.0000;70.0000;1;0;0;0;0;0;2;132.0000;-2391.0000;135.0000;270;267;312;0;0;17376
16236;277;0;0;240;250;232;102.0000;67.0000;122.0000;50.0000;7.0000;70.0000;1;0;0;0;0;0;2;132.0000;-2391.0000;135.0000;270;267;312;0;0;17376
16247;277;0;0;240;250;232;102.0000;67.0000;122.0000;50.0000;7.0000;70.0000;1;0;0;0;0;0;2;132.0000;-2391.0000;135.0000;270;267;312;0;0;17376
16257;277;0;0;240;250;232;102.0000;161.0000;129.0000;50.0000;7.0000;70.0000;1;0;0;0;0;0;2;132.0000;-2391.0000;135.0000;270;267;312;0;0;17376
16268;277;0;0;240;250;232;102.0000;161.0000;129.0000;50.0000;7.0000;70.0000;1;0;0;0;0;0;2;122.0000;-2391.0000;135.0000;270;267;312;0;0;17376
16278;277;0;0;240;250;232;102.0000;161.0000;129.0000;50.0000;7.0000;70.0000;1;0;0;0;0;0;2;122.0000;-2391.0000;135.0000;270;267;312;0;0;17376
16289;277;0;0;240;250;232;102.0000;161.0000;129.0000;50.0000;7.0000;70.0000;1;0;0;0;0;0;2;122.0000;-2391.0000;135.0000;270;267;312;0;0;17376
16299;277;0;0;240;250;232;102.0000;161.0000;129.0000;50.0000;7.0000;70.0000;1;0;0;0;0;0;2;122.0000;-2391.0000;135.0000;270;267;312;0;0;17376
16309;277;0;0;240;250;232;102.0000;161.0000;129.0000;50.0000;7.0000;70.0000;1;0;0;0;0;0;2;122.0000;-2391.0000;135.0000;270;267;312;0;0;17376
16320;277;0;0;240;250;232;102.0000;161.0000;129.0000;50.0000;7.0000;70.0000;1;0;0;0;0;0;2;122.0000;-2391.0000;135.0000;270;267;312;0;0;17380
16330;277;0;0;240;250;232;122.0000;161.0000;129.0000;50.0000;7.0000;70.0000;1;0;0;0;0;0;2;122.0000;-2391.0000;135.0000;270;267;312;0;0;17380
16341;277;0;0;240;250;232;122.0000;161.0000;129.0000;50.0000;7.0000;70.0000;1;0;0;0;0;0;2;122.0000;-2391.0000;135.0000;270;267;312;0;0;17380
16351;277;0;0;240;250;232;122.0000;-13.0000;129.0000;50.0000;7.0000;70.0000;1;0;0;0;0;0;2;122.0000;-2391.0000;135.0000;270;267;312;0;0;17380
16362;277;0;0;240;250;232;122.0000;-13.0000;95.0000;50.0000;7.0000;70.0000;1;0;0;0;0;0;2;122.0000;-2391.0000;135.0000;270;267;312;0;0;17380
16372;277;0;0;240;250;232;122.0000;-13.0000;95.0000;50.0000;7.0000;70.0000;1;0;0;0;0;0;2;128.0000;-2391.0000;129.0000;270;267;312;0;0;17380
16383;277;0;0;240;250;232;122.0000;-13.0000;95.0000;50.0000;7.0000;70.0000;1;0;0;0;0;0;2;128.0000;-2391.0000;129.0000;270;267;312;0;0;17380
16393;277;0;0;240;250;232;122.0000;-13.0000;95.0000;50.0000;7.0000;70.0000;1;0;0;0;0;0;2;128.0000;-2391.0000;129.0000;270;267;312;0;0;17380
16404;277;0;0;240;250;232;122.0000;-13.0000;95.0000;50.0000;7.0000;70.0000;1;0;0;0;0;0;2;128.0000;-2391.0000;129.0000;270;267;312;0;0;17380
16415;277;0;0;240;250;232;122.0000;-13.0000;95.0000;50.0000;7.0000;70.0000;1;0;0;0;0;0;2;128.0000;-2391.0000;129.0000;270;267;312;0;0;17380
16427;277;0;0;240;250;232;119.0000;-13.0000;95.0000;50.0000;7.0000;70.0000;1;0;0;0;0;0;2;128.0000;-2391.0000;129.0000;270;267;312;0;0;17388
16438;277;0;0;240;250;232;119.0000;-13.0000;95.0000;50.0000;7.0000;70.0000;1;0;0;0;0;0;2;128.0000;-2391.0000;129.0000;270;267;312;0;0;17388
16448;277;0;0;240;250;232;119.0000;-13.0000;95.0000;50.0000;7.0000;70.0000;1;0;0;0;0;0;2;128.0000;-2391.0000;129.0000;270;267;312;0;0;17388
16460;277;0;0;240;250;232;119.0000;147.0000;98.0000;50.0000;7.0000;70.0000;1;0;0;0;0;0;2;128.0000;-2391.0000;129.0000;270;267;312;0;0;17388
16470;277;0;0;240;250;232;119.0000;147.0000;98.0000;50.0000;7.0000;70.0000;1;0;0;0;0;0;2;102.0000;-2391.0000;135.0000;270;267;312;0;0;17388
16481;277;0;0;240;250;232;119.0000;147.0000;98.0000;50.0000;7.0000;70.0000;1;0;0;0;0;0;2;102.0000;-2391.0000;135.0000;270;267;312;0;0;17388
16491;277;0;0;240;250;232;119.0000;147.0000;98.0000;50.0000;7.0000;70.0000;1;0;0;0;0;0;2;102.0000;-2391.0000;135.0000;270;267;312;0;0;17388
16501;277;0;0;240;250;232;119.0000;147.0000;98.0000;50.0000;7.0000;70.0000;1;0;0;0;0;0;2;102.0000;-2391.0000;135.0000;270;267;312;0;0;17388
16512;277;0;0;240;250;232;119.0000;147.0000;98.0000;50.0000;7.0000;70.0000;1;0;0;0;0;0;2;102.0000;-2391.0000;135.0000;270;267;312;0;0;17388
16522;277;0;0;240;250;232;119.0000;147.0000;98.0000;50.0000;7.0000;70.0000;1;0;0;0;0;0;2;102.0000;-2391.0000;135.0000;270;267;312;0;0;17406
16533;277;0;0;240;250;232;122.0000;147.0000;98.0000;50.0000;7.0000;70.0000;1;0;0;0;0;0;2;102.0000;-2391.0000;135.0000;270;267;312;0;0;17406
16543;277;0;0;240;250;232;122.0000;147.0000;98.0000;50.0000;7.0000;70.0000;1;0;0;0;0;0;2;102.0000;-2391.0000;135.0000;270;267;312;0;0;17406
16553;277;0;0;240;250;232;122.0000;53.0000;98.0000;50.0000;7.0000;70.0000;1;0;0;0;0;0;2;102.0000;-2391.0000;135.0000;270;267;312;0;0;17406
16566;277;0;0;240;250;232;122.0000;53.0000;82.0000;50.0000;7.0000;70.0000;1;0;0;0;0;0;2;102.0000;-2391.0000;129.0000;270;267;312;0;0;17406
16576;277;0;0;240;250;232;122.0000;53.0000;82.0000;50.0000;7.0000;70.0000;1;0;0;0;0;0;2;81.0000;-2391.0000;129.0000;270;267;312;0;0;17406
16587;277;0;0;240;250;232;122.0000;53.0000;82.0000;50.0000;7.0000;70.0000;1;0;0;0;0;0;2;81.0000;-2391.0000;129.0000;270;267;312;0;0;17406
16597;277;0;0;240;250;232;122.0000;53.0000;82.0000;50.0000;7.0000;70.0000;1;0;0;0;0;0;2;81.0000;-2391.0000;129.0000;270;267;312;0;0;17406
16607;277;0;0;240;250;232;122.0000;53.0000;82.0000;50.0000;7.0000;70.0000;1;0;0;0;0;0;2;81.0000;-2391.0000;129.0000;270;267;312;0;0;17406
16621;277;0;0;240;250;232;122.0000;53.0000;82.0000;50.0000;7.0000;70.0000;1;0;0;0;0;0;2;81.0000;-2391.0000;129.0000;270;267;312;0;0;17406
16632;277;0;0;240;250;232;112.0000;53.0000;82.0000;50.0000;7.0000;70.0000;1;0;0;0;0;0;2;81.0000;-2391.0000;129.0000;270;267;312;0;0;17406
16642;277;0;0;240;250;232;112.0000;53.0000;82.0000;50.0000;7.0000;70.0000;1;0;0;0;0;0;2;81.0000;-2391.0000;129.0000;270;267;312;0;0;17406
16653;277;0;0;240;250;232;112.0000;-13.0000;82.0000;50.0000;7.0000;70.0000;1;0;0;0;0;0;2;81.0000;-2391.0000;129.0000;270;267;312;0;0;17406
16665;277;0;0;240;250;232;112.0000;-13.0000;108.0000;50.0000;7.0000;70.0000;1;0;0;0;0;0;2;81.0000;-2391.0000;129.0000;270;267;312;0;0;17406
16675;277;0;0;240;250;232;112.0000;-13.0000;108.0000;50.0000;7.0000;70.0000;1;0;0;0;0;0;2;108.0000;-2391.0000;119.0000;270;267;312;0;0;17406
16686;277;0;0;240;250;232;112.0000;-13.0000;108.0000;50.0000;7.0000;70.0000;1;0;0;0;0;0;2;108.0000;-2391.0000;119.0000;270;267;312;0;0;17406
16696;277;0;0;240;250;232;112.0000;-13.0000;108.0000;50.0000;7.0000;70.0000;1;0;0;0;0;0;2;108.0000;-2391.0000;119.0000;270;267;312;0;0;17406
16707;277;0;0;240;250;232;112.0000;-13.0000;108.0000;50.0000;7.0000;70.0000;1;0;0;0;0;0;2;108.0000;-2391.0000;119.0000;270;267;312;0;0;17406
16717;277;0;0;240;250;232;112.0000;-13.0000;108.0000;50.0000;7.0000;70.0000;1;0;0;0;0;0;2;108.0000;-2391.0000;119.0000;270;267;312;0;0;17406
16727;277;0;0;240;250;232;112.0000;-13.0000;108.0000;50.0000;7.0000;70.0000;1;0;0;0;0;0;2;108.0000;-2391.0000;119.0000;270;267;312;0;0;17406
16738;277;0;0;240;250;232;115.0000;-13.0000;108.0000;50.0000;7.0000;70.0000;1;0;0;0;0;0;2;108.0000;-2391.0000;119.0000;270;267;312;0;0;17406
16748;277;0;0;240;250;232;115.0000;-13.0000;108.0000;50.0000;7.0000;70.0000;1;0;0;0;0;0;2;108.0000;-2391.0000;119.0000;270;267;312;0;0;17406
16759;277;0;0;240;250;232;115.0000;80.0000;102.0000;50.0000;7.0000;70.0000;1;0;0;0;0;0;2;108.0000;-2391.0000;119.0000;270;267;312;0;0;17406
16769;277;0;0;240;250;232;115.0000;80.0000;102.0000;50.0000;7.0000;70.0000;1;0;0;0;0;0;2;108.0000;-2391.0000;65.0000;270;267;312;0;0;17406
16780;277;0;0;240;250;232;115.0000;80.0000;102.0000;50.0000;7.0000;70.0000;1;0;0;0;0;0;2;95.0000;-2391.0000;65.0000;270;267;312;0;0;17406
16790;277;0;0;240;250;232;115.0000;80.0000;102.0000;50.0000;7.0000;70.0000;1;0;0;0;0;0;2;95.0000;-2391.0000;65.0000;270;267;312;0;0;17406
16801;277;0;0;240;250;232;115.0000;80.0000;102.0000;50.0000;7.0000;70.0000;1;0;0;0;0;0;2;95.0000;-2391.0000;65.0000;270;267;312;0;0;17406
16811;277;0;0;240;250;232;115.0000;80.0000;102.0000;50.0000;7.0000;70.0000;1;0;0;0;0;0;2;95.0000;-2391.0000;65.0000;270;267;312;0;0;17406
16821;277;0;0;240;250;232;115.0000;80.0000;102.0000;50.0000;7.0000;70.0000;1;0;0;0;0;0;2;95.0000;-2391.0000;65.0000;270;267;312;0;0;17406
16832;277;0;0;240;250;232;92.0000;80.0000;102.0000;50.0000;7.0000;70.0000;1;0;0;0;0;0;2;95.0000;-2391.0000;65.0000;270;267;312;0;0;17406
16843;277;0;0;240;250;232;92.0000;80.0000;102.0000;50.0000;7.0000;70.0000;1;0;0;0;0;0;2;95.0000;-2391.0000;65.0000;270;267;312;0;0;17406
16854;277;0;0;240;250;232;92.0000;161.0000;102.0000;50.0000;7.0000;70.0000;1;0;0;0;0;0;2;95.0000;-2391.0000;65.0000;270;267;312;0;0;17406
16865;277;0;0;240;250;232;92.0000;161.0000;122.0000;50.0000;7.0000;70.0000;1;0;0;0;0;0;2;95.0000;-2391.0000;65.0000;270;267;312;0;0;17406
16876;277;0;0;240;250;232;92.0000;161.0000;122.0000;50.0000;7.0000;70.0000;1;0;0;0;0;0;2;128.0000;-2391.0000;129.0000;270;267;312;0;0;17406
16886;277;0;0;240;250;232;92.0000;161.0000;122.0000;50.0000;7.0000;70.0000;1;0;0;0;0;0;2;128.0000;-2391.0000;129.0000;270;267;312;0;0;17406
16897;277;0;0;240;250;232;92.0000;161.0000;122.0000;50.0000;7.0000;70.0000;1;0;0;0;0;0;2;128.0000;-2391.0000;129.0000;270;267;312;0;0;17406
16907;277;0;0;240;250;232;92.0000;161.0000;122.0000;50.0000;7.0000;70.0000;1;0;0;0;0;0;2;128.0000;-2391.0000;129.0000;270;267;312;0;0;17406
16918;277;0;0;240;250;232;92.0000;161.0000;122.0000;50.0000;7.0000;70.0000;1;0;0;0;0;0;2;128.0000;-2391.0000;129.0000;270;267;312;0;0;17406
16928;277;0;0;240;250;232;92.0000;161.0000;122.0000;50.0000;7.0000;70.0000;1;0;0;0;0;0;2;128.0000;-2391.0000;129.0000;270;267;312;0;0;17406
16939;277;0;0;240;250;232;122.0000;161.0000;122.0000;50.0000;7.0000;70.0000;1;0;0;0;0;0;2;128.0000;-2391.0000;129.0000;270;267;312;0;0;17406
16950;277;0;0;240;250;232;122.0000;161.0000;122.0000;50.0000;7.0000;70.0000;1;0;0;0;0;0;2;128.0000;-2391.0000;129.0000;270;267;312;0;0;17376
16962;277;0;0;240;250;232;122.0000;161.0000;102.0000;50.0000;7.0000;70.0000;1;0;0;0;0;0;2;128.0000;-2391.0000;129.0000;270;267;312;0;0;17376
16972;277;0;0;240;250;232;122.0000;161.0000;102.0000;50.0000;7.0000;70.0000;1;0;0;0;0;0;2;128.0000;-2391.0000;75.0000;270;267;312;0;0;17376
16983;277;0;0;240;250;232;122.0000;161.0000;102.0000;50.0000;7.0000;70.0000;1;0;0;0;0;0;2;71.0000;-2391.0000;75.0000;270;267;312;0;0;17376
16993;277;0;0;240;250;232;122.0000;161.0000;102.0000;50.0000;7.0000;70.0000;1;0;0;0;0;0;2;71.0000;-2391.0000;75.0000;270;267;312;0;0;17376
17003;277;0;0;240;250;232;122.0000;161.0000;102.0000;50.0000;7.0000;70.0000;1;0;0;0;0;0;2;71.0000;-2391.0000;75.0000;270;267;312;0;0;17376
17014;277;0;0;240;250;232;122.0000;161.0000;102.0000;50.0000;7.0000;70.0000;1;0;0;0;0;0;2;71.0000;-2391.0000;75.0000;270;267;312;0;0;17376
17027;277;0;0;240;250;232;122.0000;161.0000;102.0000;50.0000;7.0000;70.0000;1;0;0;0;0;0;2;71.0000;-2391.0000;75.0000;270;267;312;0;0;17376
17038;277;0;0;240;250;232;122.0000;161.0000;102.0000;50.0000;7.0000;70.0000;1;0;0;0;0;0;2;71.0000;-2391.0000;75.0000;270;267;312;0;0;17376
17050;277;0;0;240;250;232;109.0000;161.0000;102.0000;50.0000;7.0000;70.0000;1;0;0;0;0;0;2;71.0000;-2391.0000;75.0000;270;267;312;0;0;17376
17062;277;0;0;240;250;232;109.0000;120.0000;102.0000;50.0000;7.0000;70.0000;1;0;0;0;0;0;2;71.0000;-2391.0000;75.0000;270;267;312;0;0;17376
17073;277;0;0;240;250;232;109.0000;120.0000;132.0000;50.0000;7.0000;70.0000;1;0;0;0;0;0;2;71.0000;-2391.0000;61.0000;270;267;312;0;0;17376
17083;277;0;0;240;250;232;109.0000;120.0000;132.0000;50.0000;7.0000;70.0000;1;0;0;0;0;0;2;115.0000;-2391.0000;61.0000;270;267;312;0;0;17376
17094;277;0;0;240;250;232;109.0000;120.0000;132.0000;50.0000;7.0000;70.0000;1;0;0;0;0;0;2;115.0000;-2391.0000;61.0000;270;267;312;0;0;17376
17104;277;0;0;240;250;232;109.0000;120.0000;132.0000;50.0000;7.0000;70.0000;1;0;0;0;0;0;2;115.0000;-2391.0000;61.0000;270;267;312;0;0;17376
17115;277;0;0;240;250;232;109.0000;120.0000;132.0000;50.0000;7.0000;70.0000;1;0;0;0;0;0;2;115.0000;-2391.0000;61.0000;270;267;312;0;0;17376
17126;277;0;0;240;250;235;109.0000;120.0000;132.0000;50.0000;7.0000;70.0000;1;0;0;0;0;0;2;115.0000;-2391.0000;61.0000;270;267;312;0;0;17376
17137;277;0;0;240;250;235;109.0000;120.0000;132.0000;50.0000;7.0000;70.0000;1;0;0;0;0;0;2;115.0000;-2391.0000;61.0000;270;267;312;0;0;17376
17147;277;0;0;240;250;235;115.0000;120.0000;132.0000;50.0000;7.0000;70.0000;1;0;0;0;0;0;2;115.0000;-2391.0000;61.0000;270;267;312;0;0;17376
17159;277;0;0;240;250;235;115.0000;-13.0000;132.0000;50.0000;7.0000;70.0000;1;0;0;0;0;0;2;115.0000;-2391.0000;61.0000;270;267;312;0;0;17376
17170;277;0;0;240;250;235;115.0000;-13.0000;132.0000;50.0000;7.0000;70.0000;1;0;0;0;0;0;2;115.0000;-2391.0000;95.0000;270;267;312;0;0;17376
17181;277;0;0;240;250;235;115.0000;-13.0000;132.0000;50.0000;7.0000;70.0000;1;0;0;0;0;0;2;78.0000;-2391.0000;95.0000;270;267;312;0;0;17376
17191;277;0;0;240;250;235;115.0000;-13.0000;132.0000;50.0000;7.0000;70.0000;1;0;0;0;0;0;2;78.0000;-2391.0000;95.0000;270;267;312;0;0;17376
17202;277;0;0;240;250;235;115.0000;-13.0000;132.0000;37.0000;7.0000;70.0000;1;0;0;0;0;0;2;78.0000;-2391.0000;95.0000;270;267;312;0;0;17376
17213;277;0;0;240;250;235;115.0000;-13.0000;132.0000;37.0000;7.0000;70.0000;1;0;0;0;0;0;2;78.0000;-2391.0000;95.0000;270;267;312;0;0;17376
17223;277;0;0;240;250;235;115.0000;-13.0000;132.0000;37.0000;7.0000;70.0000;1;0;0;0;0;0;2;78.0000;-2391.0000;95.0000;270;267;312;0;0;17376
17233;277;0;0;240;250;235;115.0000;-13.0000;132.0000;37.0000;7.0000;70.0000;1;0;0;0;0;0;2;78.0000;-2391.0000;95.0000;270;267;312;0;0;17376
17244;277;0;0;240;250;235;85.0000;-13.0000;132.0000;37.0000;7.0000;70.0000;1;0;0;0;0;0;2;78.0000;-2391.0000;95.0000;270;267;312;0;0;17376
17254;277;0;0;240;250;235;85.0000;-13.0000;132.0000;37.0000;7.0000;70.0000;1;0;0;0;0;0;2;78.0000;-2391.0000;95.0000;270;267;312;0;0;17380
17267;277;0;0;240;250;235;85.0000;-26.0000;82.0000;37.0000;7.0000;70.0000;1;0;0;0;0;0;2;78.0000;-2391.0000;95.0000;270;267;312;0;0;17380
17278;277;0;0;240;250;235;85.0000;-26.0000;82.0000;37.0000;7.0000;70.0000;1;0;0;0;0;0;2;135.0000;-2391.0000;95.0000;270;267;312;0;0;17380
17288;277;0;0;240;250;235;85.0000;-26.0000;82.0000;37.0000;7.0000;70.0000;1;0;0;0;0;0;2;135.0000;-2391.0000;95.0000;270;267;312;0;0;17380
17299;277;0;0;240;250;235;85.0000;-26.0000;82.0000;37.0000;7.0000;70.0000;1;0;0;0;0;0;2;135.0000;-2391.0000;95.0000;270;267;312;0;0;17380
17309;277;0;0;240;250;235;85.0000;-26.0000;82.0000;37.0000;7.0000;70.0000;1;0;0;0;0;0;2;135.0000;-2391.0000;95.0000;270;267;312;0;0;17380
17320;277;0;0;240;250;235;85.0000;-26.0000;82.0000;37.0000;7.0000;70.0000;1;0;0;0;0;0;2;135.0000;-2391.0000;95.0000;270;267;312;0;0;17380
17400;277;0;0;240;250;235;115.0000;161.0000;98.0000;37.0000;7.0000;70.0000;1;0;0;0;0;0;2;105.0000;-2391.0000;58.0000;270;267;312;0;0;17380
17410;277;0;0;240;250;235;115.0000;161.0000;98.0000;37.0000;7.0000;70.0000;1;0;0;0;0;0;2;105.0000;-2391.0000;58.0000;270;267;312;0;0;17380
17421;277;0;0;240;250;235;115.0000;161.0000;98.0000;37.0000;7.0000;70.0000;1;0;0;0;0;0;2;105.0000;-2391.0000;58.0000;270;267;312;0;0;17380
17433;277;0;0;240;250;235;115.0000;161.0000;98.0000;37.0000;7.0000;70.0000;1;0;0;0;0;0;2;105.0000;-2391.0000;58.0000;270;267;312;0;0;17380
17446;277;0;0;240;250;235;75.0000;161.0000;98.0000;37.0000;7.0000;70.0000;1;0;0;0;0;0;2;105.0000;-2391.0000;58.0000;270;267;312;0;0;17380
17456;277;0;0;240;250;235;75.0000;161.0000;98.0000;37.0000;7.0000;70.0000;1;0;0;0;0;0;2;105.0000;-2391.0000;58.0000;270;267;312;0;0;17380
17468;277;0;0;240;250;235;75.0000;147.0000;98.0000;37.0000;7.0000;70.0000;1;0;0;0;0;0;2;105.0000;-2391.0000;58.0000;270;267;312;0;0;17406
17479;277;0;0;240;250;235;75.0000;147.0000;95.0000;37.0000;7.0000;70.0000;1;0;0;0;0;0;2;105.0000;-2391.0000;119.0000;270;267;312;0;0;17406
17489;277;0;0;240;250;235;75.0000;147.0000;95.0000;37.0000;7.0000;70.0000;1;0;0;0;0;0;2;145.0000;-2391.0000;119.0000;270;267;312;0;0;17406
17500;277;0;0;240;250;235;75.0000;147.0000;95.0000;37.0000;7.0000;70.0000;1;0;0;0;0;0;2;145.0000;-2391.0000;119.0000;270;267;312;0;0;17406
17510;277;0;0;240;250;235;75.0000;147.0000;95.0000;37.0000;7.0000;70.0000;1;0;0;0;0;0;2;145.0000;-2391.0000;119.0000;270;267;312;0;0;17406
17521;277;0;0;240;250;235;75.0000;147.0000;95.0000;37.0000;7.0000;70.0000;1;0;0;0;0;0;2;145.0000;-2391.0000;119.0000;270;267;312;0;0;17406
17531;277;0;0;240;250;235;75.0000;147.0000;95.0000;37.0000;7.0000;70.0000;1;0;0;0;0;0;2;145.0000;-2391.0000;119.0000;270;267;312;0;0;17406
17541;277;0;0;240;250;235;75.0000;147.0000;95.0000;37.0000;7.0000;70.0000;1;0;0;0;0;0;2;145.0000;-2391.0000;119.0000;270;267;312;0;0;17406
17551;277;0;0;240;250;235;119.0000;147.0000;95.0000;37.0000;7.0000;70.0000;1;0;0;0;0;0;2;145.0000;-2391.0000;119.0000;270;267;312;0;0;17406
17562;277;0;0;240;250;235;119.0000;147.0000;95.0000;37.0000;7.0000;70.0000;1;0;0;0;0;0;2;145.0000;-2391.0000;119.0000;270;267;312;0;0;17406
17573;277;0;0;240;250;235;119.0000;80.0000;108.0000;37.0000;7.0000;70.0000;1;0;0;0;0;0;2;145.0000;-2391.0000;119.0000;270;267;312;0;0;17406
17584;277;0;0;240;250;235;119.0000;80.0000;108.0000;37.0000;7.0000;70.0000;1;0;0;0;0;0;2;145.0000;-2391.0000;132.0000;270;267;312;0;0;17406
17595;277;0;0;240;250;235;119.0000;80.0000;108.0000;37.0000;7.0000;70.0000;1;0;0;0;0;0;2;132.0000;-2391.0000;132.0000;270;267;312;0;0;17406
17605;277;0;0;240;250;235;119.0000;80.0000;108.0000;37.0000;7.0000;70.0000;1;0;0;0;0;0;2;132.0000;-2391.0000;132.0000;270;267;312;0;0;17406
17615;277;0;0;240;250;235;119.0000;80.0000;108.0000;37.0000;7.0000;70.0000;1;0;0;0;0;0;2;132.0000;-2391.0000;132.0000;270;267;312;0;0;17406
17626;277;0;0;240;250;235;119.0000;80.0000;108.0000;37.0000;7.0000;70.0000;1;0;0;0;0;0;2;132.0000;-2391.0000;132.0000;270;267;312;0;0;17406
17636;277;0;0;240;250;235;119.0000;80.0000;108.0000;37.0000;7.0000;70.0000;1;0;0;0;0;0;2;132.0000;-2391.0000;132.0000;270;267;312;0;0;17406
17647;277;0;0;240;250;235;92.0000;80.0000;108.0000;37.0000;7.0000;70.0000;1;0;0;0;0;0;2;132.0000;-2391.0000;132.0000;270;267;312;0;0;17406
17657;277;0;0;240;250;235;92.0000;80.0000;108.0000;37.0000;7.0000;70.0000;1;0;0;0;0;0;2;132.0000;-2391.0000;132.0000;270;267;312;0;0;17406
17668;277;0;0;240;250;235;92.0000;-26.0000;108.0000;37.0000;7.0000;70.0000;1;0;0;0;0;0;2;132.0000;-2391.0000;132.0000;270;267;312;0;0;17406
17678;277;0;0;240;250;235;92.0000;-26.0000;135.0000;37.0000;7.0000;70.0000;1;0;0;0;0;0;2;132.0000;-2391.0000;85.0000;270;267;312;0;0;17406
17689;277;0;0;240;250;235;92.0000;-26.0000;135.0000;37.0000;7.0000;70.0000;1;0;0;0;0;0;2;95.0000;-2391.0000;85.0000;270;267;312;0;0;17406
17699;277;0;0;240;250;235;92.0000;-26.0000;135.0000;37.0000;7.0000;70.0000;1;0;0;0;0;0;2;95.0000;-2391.0000;85.0000;270;267;312;0;0;17406
17710;277;0;0;240;250;235;92.0000;-26.0000;135.0000;37.0000;7.0000;70.0000;1;0;0;0;0;0;2;95.0000;-2391.0000;85.0000;270;267;312;0;0;17406
17720;277;0;0;240;250;235;92.0000;-26.0000;135.0000;37.0000;7.0000;70.0000;1;0;0;0;0;0;2;95.0000;-2391.0000;85.0000;270;267;312;0;0;17406
17730;277;0;0;240;250;235;92.0000;-26.0000;135.0000;37.0000;7.0000;70.0000;1;0;0;0;0;0;2;95.0000;-2391.0000;85.0000;270;267;312;0;0;17406
17741;277;0;0;240;250;235;92.0000;-26.0000;135.0000;37.0000;7.0000;70.0000;1;0;0;0;0;0;2;95.0000;-2391.0000;85.0000;270;267;312;0;0;17406
17751;277;0;0;240;250;235;92.0000;-26.0000;135.0000;37.0000;7.0000;70.0000;1;0;0;0;0;0;2;95.0000;-2391.0000;85.0000;270;267;312;0;0;17406
17761;277;0;0;240;250;235;92.0000;-26.0000;135.0000;37.0000;7.0000;70.0000;1;0;0;0;0;0;2;95.0000;-2391.0000;85.0000;270;267;312;0;0;17406
17774;277;0;0;240;250;235;92.0000;-26.0000;135.0000;37.0000;7.0000;70.0000;1;0;0;0;0;0;2;95.0000;-2391.0000;85.0000;270;267;312;0;0;17406
17785;277;0;0;240;250;235;92.0000;-26.0000;95.0000;37.0000;7.0000;70.0000;1;0;0;0;0;0;2;95.0000;-2391.0000;92.0000;270;267;312;0;0;17406
17797;277;0;0;240;250;235;92.0000;-26.0000;95.0000;37.0000;7.0000;70.0000;1;0;0;0;0;0;2;85.0000;-2391.0000;92.0000;270;267;312;0;0;17406
17807;277;0;0;240;250;235;92.0000;-26.0000;95.0000;37.0000;7.0000;70.0000;1;0;0;0;0;0;2;85.0000;-2391.0000;92.0000;270;267;312;0;0;17406
17818;277;0;0;240;250;235;92.0000;-26.0000;95.0000;37.0000;7.0000;70.0000;1;0;0;0;0;0;2;85.0000;-2391.0000;92.0000;270;267;312;0;0;17406
17834;277;0;0;240;250;235;92.0000;-26.0000;95.0000;37.0000;7.0000;70.0000;1;0;0;0;0;0;2;85.0000;-2391.0000;92.0000;270;267;312;0;0;17406
17844;277;0;0;240;250;235;92.0000;-26.0000;95.0000;37.0000;7.0000;70.0000;1;0;0;0;0;0;2;85.0000;-2391.0000;92.0000;270;267;312;0;0;17406
17855;277;0;0;240;250;235;99.0000;-26.0000;95.0000;37.0000;7.0000;70.0000;1;0;0;0;0;0;2;85.0000;-2391.0000;92.0000;270;267;312;0;0;17406
17866;277;0;0;240;250;235;99.0000;13.0000;95.0000;37.0000;7.0000;70.0000;1;0;0;0;0;0;2;85.0000;-2391.0000;92.0000;270;267;312;0;0;17406
17879;277;0;0;240;250;235;99.0000;13.0000;95.0000;37.0000;7.0000;70.0000;1;0;0;0;0;0;2;85.0000;-2391.0000;88.0000;270;267;312;0;0;17406
17892;277;0;0;240;250;235;99.0000;13.0000;98.0000;37.0000;7.0000;70.0000;1;0;0;0;0;0;2;132.0000;-2391.0000;88.0000;270;267;312;0;0;17406
17902;277;0;0;240;250;235;99.0000;13.0000;98.0000;37.0000;7.0000;70.0000;1;0;0;0;0;0;2;132.0000;-2391.0000;88.0000;270;267;312;0;0;17406
17913;277;0;0;240;250;235;99.0000;13.0000;98.0000;37.0000;7.0000;70.0000;1;0;0;0;0;0;2;132.0000;-2391.0000;88.0000;270;267;312;0;0;17406
17923;277;0;0;240;250;235;99.0000;13.0000;98.0000;37.0000;7.0000;70.0000;1;0;0;0;0;0;2;132.0000;-2391.0000;88.0000;270;267;312;0;0;17406
17933;277;0;0;240;250;235;99.0000;13.0000;98.0000;37.0000;7.0000;70.0000;1;0;0;0;0;0;2;132.0000;-2391.0000;88.0000;270;267;312;0;0;17406
17944;277;0;0;240;250;235;99.0000;13.0000;98.0000;37.0000;7.0000;70.0000;1;0;0;0;0;0;2;132.0000;-2391.0000;88.0000;270;267;312;0;0;17406
17954;277;0;0;240;250;235;85.0000;13.0000;98.0000;37.0000;7.0000;70.0000;1;0;0;0;0;0;2;132.0000;-2391.0000;88.0000;270;267;312;0;0;17406
17967;277;0;0;240;250;235;85.0000;161.0000;98.0000;37.0000;7.0000;70.0000;1;0;0;0;0;0;2;132.0000;-2391.0000;88.0000;270;267;312;0;0;17406
17979;277;0;0;240;250;235;85.0000;161.0000;132.0000;37.0000;7.0000;70.0000;1;0;0;0;0;0;2;132.0000;-2391.0000;88.0000;270;267;312;0;0;17406
17991;277;0;0;240;250;235;85.0000;161.0000;132.0000;37.0000;7.0000;70.0000;1;0;0;0;0;0;2;85.0000;-2391.0000;88.0000;270;267;312;0;0;17406
18001;277;0;0;240;250;235;85.0000;161.0000;132.0000;37.0000;7.0000;70.0000;1;0;0;0;0;0;2;85.0000;-2391.0000;88.0000;270;267;312;0;0;17376
18012;277;0;0;240;250;235;85.0000;161.0000;132.0000;37.0000;7.0000;70.0000;1;0;0;0;0;0;2;85.0000;-2391.0000;88.0000;270;267;312;0;0;17376
18023;277;0;0;240;250;235;85.0000;161.0000;132.0000;37.0000;7.0000;70.0000;1;0;0;0;0;0;2;85.0000;-2391.0000;88.0000;270;267;312;0;0;17376
18033;277;0;0;240;250;235;85.0000;161.0000;132.0000;37.0000;7.0000;70.0000;1;0;0;0;0;0;2;85.0000;-2391.0000;88.0000;270;267;312;0;0;17376
18044;277;0;0;240;250;235;85.0000;161.0000;132.0000;37.0000;7.0000;70.0000;1;0;0;0;0;0;2;85.0000;-2391.0000;88.0000;270;267;312;0;0;17376
18054;277;0;0;240;250;235;95.0000;161.0000;132.0000;37.0000;7.0000;70.0000;1;0;0;0;0;0;2;85.0000;-2391.0000;88.0000;270;267;312;0;0;17376
18065;277;0;0;240;250;235;95.0000;161.0000;132.0000;37.0000;7.0000;70.0000;1;0;0;0;0;0;2;85.0000;-2391.0000;88.0000;270;267;312;0;0;17376
18077;277;0;0;240;250;235;95.0000;107.0000;132.0000;37.0000;7.0000;70.0000;1;0;0;0;0;0;2;85.0000;-2391.0000;65.0000;270;267;312;0;0;17376
18088;277;0;0;240;250;235;95.0000;107.0000;115.0000;37.0000;7.0000;70.0000;1;0;0;0;0;0;2;85.0000;-2391.0000;65.0000;270;267;312;0;0;17376
18098;277;0;0;240;250;235;95.0000;107.0000;115.0000;37.0000;7.0000;70.0000;1;0;0;0;0;0;2;95.0000;-2391.0000;65.0000;270;267;312;0;0;17376
18109;277;0;0;240;250;235;95.0000;107.0000;115.0000;37.0000;7.0000;70.0000;1;0;0;0;0;0;2;95.0000;-2391.0000;65.0000;270;267;312;0;0;17376
18119;277;0;0;240;250;235;95.0000;107.0000;115.0000;37.0000;7.0000;70.0000;1;0;0;0;0;0;2;95.0000;-2391.0000;65.0000;270;267;312;0;0;17376
18129;277;0;0;240;250;235;95.0000;107.0000;115.0000;37.0000;7.0000;70.0000;1;0;0;0;0;0;2;95.0000;-2391.0000;65.0000;270;267;312;0;0;17376
18140;277;0;0;240;250;235;95.0000;107.0000;115.0000;37.0000;7.0000;70.0000;1;0;0;0;0;0;2;95.0000;-2391.0000;65.0000;270;267;312;0;0;17376
18150;277;0;0;240;250;235;82.0000;107.0000;115.0000;37.0000;7.0000;70.0000;1;0;0;0;0;0;2;95.0000;-2391.0000;65.0000;270;267;312;0;0;17376
18161;277;0;0;240;250;235;82.0000;107.0000;115.0000;37.0000;7.0000;70.0000;1;0;0;0;0;0;2;95.0000;-2391.0000;65.0000;270;267;312;0;0;17376
18171;277;0;0;240;250;235;82.0000;13.0000;115.0000;37.0000;7.0000;70.0000;1;0;0;0;0;0;2;95.0000;-2391.0000;65.0000;270;267;312;0;0;17376
18182;277;0;0;240;250;235;82.0000;13.0000;98.0000;37.0000;7.0000;70.0000;1;0;0;0;0;0;2;95.0000;-2391.0000;125.0000;270;267;312;0;0;17376
18193;277;0;0;240;250;235;82.0000;13.0000;98.0000;37.0000;7.0000;70.0000;1;0;0;0;0;0;2;95.0000;-2391.0000;125.0000;270;267;312;0;0;17376
18206;277;0;0;240;250;235;82.0000;13.0000;98.0000;33.0000;7.0000;70.0000;1;0;0;0;0;0;2;125.0000;-2391.0000;125.0000;270;267;312;0;0;17376
18216;277;0;0;240;250;235;82.0000;13.0000;98.0000;33.0000;7.0000;70.0000;1;0;0;0;0;0;2;125.0000;-2391.0000;125.0000;270;267;312;0;0;17376
18227;277;0;0;240;250;235;82.0000;13.0000;98.0000;33.0000;7.0000;70.0000;1;0;0;0;0;0;2;125.0000;-2391.0000;125.0000;270;267;312;0;0;17376
18237;277;0;0;240;250;235;82.0000;13.0000;98.0000;33.0000;7.0000;70.0000;1;0;0;0;0;0;2;125.0000;-2391.0000;125.0000;270;267;312;0;0;17376
18247;277;0;0;240;250;235;82.0000;13.0000;98.0000;33.0000;7.0000;70.0000;1;0;0;0;0;0;2;125.0000;-2391.0000;125.0000;270;267;312;0;0;17376
18258;277;0;0;240;250;235;92.0000;13.0000;98.0000;33.0000;7.0000;70.0000;1;0;0;0;0;0;2;125.0000;-2391.0000;125.0000;270;267;312;0;0;17376
18268;277;0;0;240;250;235;92.0000;-26.0000;98.0000;33.0000;7.0000;70.0000;1;0;0;0;0;0;2;125.0000;-2391.0000;125.0000;270;267;312;0;0;17376
18281;277;0;0;240;250;235;92.0000;-26.0000;88.0000;33.0000;7.0000;70.0000;1;0;0;0;0;0;2;125.0000;-2391.0000;92.0000;270;267;312;0;0;17376
18292;277;0;0;240;250;235;92.0000;-26.0000;88.0000;33.0000;7.0000;70.0000;1;0;0;0;0;0;2;125.0000;-2391.0000;92.0000;270;267;312;0;0;17376
18302;277;0;0;240;250;235;92.0000;-26.0000;88.0000;33.0000;7.0000;70.0000;1;0;0;0;0;0;2;95.0000;-2391.0000;92.0000;270;267;312;0;0;17376
18312;277;0;0;240;250;235;92.0000;-26.0000;88.0000;33.0000;7.0000;70.0000;1;0;0;0;0;0;2;95.0000;-2391.0000;92.0000;270;267;312;0;0;17380
18323;277;0;0;240;250;235;92.0000;-26.0000;88.0000;33.0000;7.0000;70.0000;1;0;0;0;0;0;2;95.0000;-2391.0000;92.0000;270;267;312;0;0;17380
18333;277;0;0;240;250;235;92.0000;-26.0000;88.0000;33.0000;7.0000;70.0000;1;0;0;0;0;0;2;95.0000;-2391.0000;92.0000;270;267;312;0;0;17380
18344;277;0;0;240;250;235;92.0000;-26.0000;88.0000;33.0000;7.0000;70.0000;1;0;0;0;0;0;2;95.0000;-2391.0000;92.0000;270;267;312;0;0;17380
18354;277;0;0;240;250;235;95.0000;-26.0000;88.0000;33.0000;7.0000;70.0000;1;0;0;0;0;0;2;95.0000;-2391.0000;92.0000;270;267;312;0;0;17380
18365;277;0;0;240;250;235;95.0000;-26.0000;88.0000;33.0000;7.0000;70.0000;1;0;0;0;0;0;2;95.0000;-2391.0000;92.0000;270;267;312;0;0;17380
18376;277;0;0;240;250;235;95.0000;120.0000;88.0000;33.0000;7.0000;70.0000;1;0;0;0;0;0;2;95.0000;-2391.0000;92.0000;270;267;312;0;0;17380
18388;277;0;0;240;250;235;95.0000;120.0000;88.0000;33.0000;7.0000;70.0000;1;0;0;0;0;0;2;95.0000;-2391.0000;78.0000;270;267;312;0;0;17380
18399;277;0;0;240;250;235;95.0000;120.0000;88.0000;33.0000;7.0000;70.0000;1;0;0;0;0;0;2;128.0000;-2391.0000;78.0000;270;267;312;0;0;17380
18410;277;0;0;240;250;235;95.0000;120.0000;88.0000;33.0000;7.0000;70.0000;1;0;0;0;0;0;2;128.0000;-2391.0000;78.0000;270;267;312;0;0;17380
18420;277;0;0;240;250;235;95.0000;120.0000;88.0000;33.0000;7.0000;70.0000;1;0;0;0;0;0;2;128.0000;-2391.0000;78.0000;270;267;312;0;0;17380
18432;277;0;0;240;250;235;95.0000;120.0000;88.0000;33.0000;7.0000;70.0000;1;0;0;0;0;0;2;128.0000;-2391.0000;78.0000;270;267;312;0;0;17380
18446;277;0;0;240;250;235;95.0000;120.0000;88.0000;33.0000;7.0000;70.0000;1;0;0;0;0;0;2;128.0000;-2391.0000;78.0000;270;267;312;0;0;17380
18460;277;0;0;240;250;235;75.0000;120.0000;88.0000;33.0000;7.0000;70.0000;1;0;0;0;0;0;2;128.0000;-2391.0000;78.0000;270;267;312;0;0;17380
18470;277;0;0;240;250;235;75.0000;120.0000;88.0000;33.0000;7.0000;70.0000;1;0;0;0;0;0;2;128.0000;-2391.0000;78.0000;270;267;312;0;0;17380
18482;277;0;0;240;250;235;75.0000;67.0000;88.0000;33.0000;7.0000;70.0000;1;0;0;0;0;0;2;128.0000;-2391.0000;115.0000;270;267;312;0;0;17380
18492;277;0;0;240;250;235;75.0000;67.0000;129.0000;33.0000;7.0000;70.0000;1;0;0;0;0;0;2;128.0000;-2391.0000;115.0000;270;267;312;0;0;17380
18503;277;0;0;240;250;235;75.0000;67.0000;129.0000;33.0000;7.0000;70.0000;1;0;0;0;0;0;2;88.0000;-2391.0000;115.0000;270;267;312;0;0;17380
18514;277;0;0;240;250;235;75.0000;67.0000;129.0000;33.0000;7.0000;70.0000;1;0;0;0;0;0;2;88.0000;-2391.0000;115.0000;270;267;312;0;0;17382
18525;277;0;0;240;250;235;75.0000;67.0000;129.0000;33.0000;7.0000;70.0000;1;0;0;0;0;0;2;88.0000;-2391.0000;115.0000;270;267;312;0;0;17406
18535;277;0;0;240;250;235;75.0000;67.0000;129.0000;33.0000;7.0000;70.0000;1;0;0;0;0;0;2;88.0000;-2391.0000;115.0000;270;267;312;0;0;17406
18545;277;0;0;240;250;235;75.0000;67.0000;129.0000;33.0000;7.0000;70.0000;1;0;0;0;0;0;2;88.0000;-2391.0000;115.0000;270;267;312;0;0;17406
18556;277;0;0;240;250;235;75.0000;67.0000;129.0000;33.0000;7.0000;70.0000;1;0;0;0;0;0;2;88.0000;-2391.0000;115.0000;270;267;312;0;0;17406
18566;277;0;0;240;250;235;85.0000;67.0000;129.0000;33.0000;7.0000;70.0000;1;0;0;0;0;0;2;88.0000;-2391.0000;115.0000;270;267;312;0;0;17406
18577;277;0;0;240;250;235;85.0000;134.0000;129.0000;33.0000;7.0000;70.0000;1;0;0;0;0;0;2;88.0000;-2391.0000;115.0000;270;267;312;0;0;17406
18588;277;0;0;240;250;235;85.0000;134.0000;129.0000;33.0000;7.0000;70.0000;1;0;0;0;0;0;2;88.0000;-2391.0000;125.0000;270;267;312;0;0;17406
18599;277;0;0;240;250;235;85.0000;134.0000;129.0000;33.0000;7.0000;70.0000;1;0;0;0;0;0;2;139.0000;-2391.0000;125.0000;270;267;312;0;0;17406
18609;277;0;0;240;250;235;85.0000;134.0000;129.0000;33.0000;7.0000;70.0000;1;0;0;0;0;0;2;139.0000;-2391.0000;125.0000;270;267;312;0;0;17406
18620;277;0;0;240;250;235;85.0000;134.0000;129.0000;33.0000;7.0000;70.0000;1;0;0;0;0;0;2;139.0000;-2391.0000;125.0000;270;267;312;0;0;17406
18631;277;0;0;240;250;235;85.0000;134.0000;129.0000;33.0000;7.0000;70.0000;1;0;0;0;0;0;2;139.0000;-2391.0000;125.0000;270;267;312;0;0;17406
18641;277;0;0;240;250;235;85.0000;134.0000;129.0000;33.0000;7.0000;70.0000;1;0;0;0;0;0;2;139.0000;-2391.0000;125.0000;270;267;312;0;0;17406
18651;277;0;0;240;250;235;85.0000;134.0000;129.0000;33.0000;7.0000;70.0000;1;0;0;0;0;0;2;139.0000;-2391.0000;125.0000;270;267;312;0;0;17406
18662;277;0;0;240;250;235;89.0000;134.0000;129.0000;33.0000;7.0000;70.0000;1;0;0;0;0;0;2;139.0000;-2391.0000;125.0000;270;267;312;0;0;17406
18674;277;0;0;240;250;235;89.0000;0.0000;129.0000;33.0000;7.0000;70.0000;1;0;0;0;0;0;2;139.0000;-2391.0000;125.0000;270;267;312;0;0;17406
18690;277;0;0;240;250;235;89.0000;0.0000;129.0000;33.0000;7.0000;70.0000;1;0;0;0;0;0;2;139.0000;-2391.0000;65.0000;270;267;312;0;0;17406
18701;277;0;0;240;250;235;89.0000;0.0000;88.0000;33.0000;7.0000;70.0000;1;0;0;0;0;0;2;132.0000;-2391.0000;65.0000;270;267;312;0;0;17406
18711;277;0;0;240;250;235;89.0000;0.0000;88.0000;33.0000;7.0000;70.0000;1;0;0;0;0;0;2;132.0000;-2391.0000;65.0000;270;267;312;0;0;17406
18722;277;0;0;240;250;235;89.0000;0.0000;88.0000;33.0000;7.0000;70.0000;1;0;0;0;0;0;2;132.0000;-2391.0000;65.0000;270;267;312;0;0;17406
18733;277;0;0;240;250;235;89.0000;0.0000;88.0000;33.0000;7.0000;70.0000;1;0;0;0;0;0;2;132.0000;-2391.0000;65.0000;270;267;312;0;0;17406
18743;277;0;0;240;250;235;89.0000;0.0000;88.0000;33.0000;7.0000;70.0000;1;0;0;0;0;0;2;132.0000;-2391.0000;65.0000;270;267;312;0;0;17406
18753;277;0;0;240;250;235;89.0000;0.0000;88.0000;33.0000;7.0000;70.0000;1;0;0;0;0;0;2;132.0000;-2391.0000;65.0000;270;267;312;0;0;17406
18764;277;0;0;240;250;235;122.0000;0.0000;88.0000;33.0000;7.0000;70.0000;1;0;0;0;0;0;2;132.0000;-2391.0000;65.0000;270;267;312;0;0;17406
18775;277;0;0;240;250;235;122.0000;93.0000;88.0000;33.0000;7.0000;70.0000;1;0;0;0;0;0;2;132.0000;-2391.0000;65.0000;270;267;312;0;0;17406
18786;277;0;0;240;250;235;122.0000;93.0000;88.0000;33.0000;7.0000;70.0000;1;0;0;0;0;0;2;132.0000;-2391.0000;72.0000;270;267;312;0;0;17406
18797;277;0;0;240;250;235;122.0000;93.0000;88.0000;33.0000;7.0000;70.0000;1;0;0;0;0;0;2;132.0000;-2391.0000;72.0000;270;267;312;0;0;17406
18808;277;0;0;240;250;235;122.0000;93.0000;88.0000;33.0000;7.0000;70.0000;1;0;0;0;0;0;2;95.0000;-2391.0000;72.0000;270;267;312;0;0;17406
18818;277;0;0;240;250;235;122.0000;93.0000;88.0000;33.0000;7.0000;70.0000;1;0;0;0;0;0;2;95.0000;-2391.0000;72.0000;270;267;312;0;0;17406
18828;277;0;0;240;250;235;122.0000;93.0000;88.0000;33.0000;7.0000;70.0000;1;0;0;0;0;0;2;95.0000;-2391.0000;72.0000;270;267;312;0;0;17406
18839;277;0;0;240;250;235;122.0000;93.0000;88.0000;33.0000;7.0000;70.0000;1;0;0;0;0;0;2;95.0000;-2391.0000;72.0000;270;267;312;0;0;17406
18849;277;0;0;240;250;235;122.0000;93.0000;88.0000;33.0000;7.0000;70.0000;1;0;0;0;0;0;2;95.0000;-2391.0000;72.0000;270;267;312;0;0;17406
18860;277;0;0;240;250;235;122.0000;93.0000;88.0000;33.0000;7.0000;70.0000;1;0;0;0;0;0;2;95.0000;-2391.0000;72.0000;270;267;312;0;0;17406
18870;277;0;0;240;250;235;85.0000;93.0000;88.0000;33.0000;7.0000;70.0000;1;0;0;0;0;0;2;95.0000;-2391.0000;72.0000;270;267;312;0;0;17406
18881;277;0;0;240;250;235;85.0000;0.0000;88.0000;33.0000;7.0000;70.0000;1;0;0;0;0;0;2;95.0000;-2391.0000;58.0000;270;267;312;0;0;17406
18892;277;0;0;240;250;235;85.0000;0.0000;88.0000;33.0000;7.0000;70.0000;1;0;0;0;0;0;2;95.0000;-2391.0000;58.0000;270;267;312;0;0;17406
18903;277;0;0;240;250;235;85.0000;0.0000;122.0000;33.0000;7.0000;70.0000;1;0;0;0;0;0;2;71.0000;-2391.0000;58.0000;270;267;312;0;0;17406
18913;277;0;0;240;250;235;85.0000;0.0000;122.0000;33.0000;7.0000;70.0000;1;0;0;0;0;0;2;71.0000;-2391.0000;58.0000;270;267;312;0;0;17406
18923;277;0;0;240;250;235;85.0000;0.0000;122.0000;33.0000;7.0000;70.0000;1;0;0;0;0;0;2;71.0000;-2391.0000;58.0000;270;267;312;0;0;17406
18934;277;0;0;240;250;235;85.0000;0.0000;122.0000;33.0000;7.0000;70.0000;1;0;0;0;0;0;2;71.0000;-2391.0000;58.0000;270;267;312;0;0;17406
18944;277;0;0;240;250;235;85.0000;0.0000;122.0000;33.0000;7.0000;70.0000;1;0;0;0;0;0;2;71.0000;-2391.0000;58.0000;270;267;312;0;0;17406
18955;277;0;0;240;250;235;85.0000;0.0000;122.0000;33.0000;7.0000;70.0000;1;0;0;0;0;0;2;71.0000;-2391.0000;58.0000;270;267;312;0;0;17406
18965;277;0;0;240;250;235;82.0000;0.0000;122.0000;33.0000;7.0000;70.0000;1;0;0;0;0;0;2;71.0000;-2391.0000;58.0000;270;267;312;0;0;17406
18976;277;0;0;240;250;235;82.0000;134.0000;122.0000;33.0000;7.0000;70.0000;1;0;0;0;0;0;2;71.0000;-2391.0000;58.0000;270;267;312;0;0;17406
18986;277;0;0;240;250;235;82.0000;134.0000;122.0000;33.0000;7.0000;70.0000;1;0;0;0;0;0;2;71.0000;-2391.0000;78.0000;270;267;312;0;0;17406
18997;277;0;0;240;250;235;82.0000;134.0000;119.0000;33.0000;7.0000;70.0000;1;0;0;0;0;0;2;71.0000;-2391.0000;78.0000;270;267;312;0;0;17406
19007;277;0;0;240;250;235;82.0000;134.0000;119.0000;33.0000;7.0000;70.0000;1;0;0;0;0;0;2;128.0000;-2391.0000;78.0000;270;267;312;0;0;17406
19018;277;0;0;240;250;235;82.0000;134.0000;119.0000;33.0000;7.0000;70.0000;1;0;0;0;0;0;2;128.0000;-2391.0000;78.0000;270;267;312;0;0;17406
19028;277;0;0;240;250;235;82.0000;134.0000;119.0000;33.0000;7.0000;70.0000;1;0;0;0;0;0;2;128.0000;-2391.0000;78.0000;270;267;312;0;0;17406
19039;277;0;0;240;250;235;82.0000;134.0000;119.0000;33.0000;7.0000;70.0000;1;0;0;0;0;0;2;128.0000;-2391.0000;78.0000;270;267;312;0;0;17376
19050;277;0;0;240;250;235;82.0000;134.0000;119.0000;33.0000;7.0000;70.0000;1;0;0;0;0;0;2;128.0000;-2391.0000;78.0000;270;267;312;0;0;17376
19060;277;0;0;240;250;235;82.0000;134.0000;119.0000;33.0000;7.0000;70.0000;1;0;0;0;0;0;2;128.0000;-2391.0000;78.0000;270;267;312;0;0;17376
19070;277;0;0;240;250;235;95.0000;134.0000;119.0000;33.0000;7.0000;70.0000;1;0;0;0;0;0;2;128.0000;-2391.0000;78.0000;270;267;312;0;0;17376
19081;277;0;0;240;250;235;95.0000;67.0000;119.0000;33.0000;7.0000;70.0000;1;0;0;0;0;0;2;128.0000;-2391.0000;78.0000;270;267;312;0;0;17376
19092;277;0;0;240;250;235;95.0000;67.0000;119.0000;33.0000;7.0000;70.0000;1;0;0;0;0;0;2;128.0000;-2391.0000;119.0000;270;267;312;0;0;17376
19103;277;0;0;240;250;235;95.0000;67.0000;98.0000;33.0000;7.0000;70.0000;1;0;0;0;0;0;2;125.0000;-2391.0000;119.0000;270;267;312;0;0;17376
19113;277;0;0;240;250;235;95.0000;67.0000;98.0000;33.0000;7.0000;70.0000;1;0;0;0;0;0;2;125.0000;-2391.0000;119.0000;270;267;312;0;0;17376
19124;277;0;0;240;250;235;95.0000;67.0000;98.0000;33.0000;7.0000;70.0000;1;0;0;0;0;0;2;125.0000;-2391.0000;119.0000;270;267;312;0;0;17376
19134;277;0;0;240;250;235;95.0000;67.0000;98.0000;33.0000;7.0000;70.0000;1;0;0;0;0;0;2;125.0000;-2391.0000;119.0000;270;267;312;0;0;17376
19144;277;0;0;240;250;235;95.0000;67.0000;98.0000;33.0000;7.0000;70.0000;1;0;0;0;0;0;2;125.0000;-2391.0000;119.0000;270;267;312;0;0;17376
19155;277;0;0;240;250;235;95.0000;67.0000;98.0000;33.0000;7.0000;70.0000;1;0;0;0;0;0;2;125.0000;-2391.0000;119.0000;270;267;312;0;0;17376
19166;277;0;0;240;250;235;95.0000;67.0000;98.0000;33.0000;7.0000;70.0000;1;0;0;0;0;0;2;125.0000;-2391.0000;119.0000;270;267;312;0;0;17376
19177;277;0;0;240;250;235;95.0000;-26.0000;98.0000;33.0000;7.0000;70.0000;1;0;0;0;0;0;2;125.0000;-2391.0000;119.0000;270;267;312;0;0;17376
19188;277;0;0;240;250;235;95.0000;-26.0000;98.0000;33.0000;7.0000;70.0000;1;0;0;0;0;0;2;125.0000;-2391.0000;85.0000;270;267;312;0;0;17376
19199;277;0;0;240;250;235;95.0000;-26.0000;125.0000;33.0000;7.0000;70.0000;1;0;0;0;0;0;2;125.0000;-2391.0000;85.0000;270;267;312;0;0;17376
19209;277;0;0;240;250;235;95.0000;-26.0000;125.0000;45.0000;7.0000;70.0000;1;0;0;0;0;0;2;75.0000;-2391.0000;85.0000;270;267;312;0;0;17376
19220;277;0;0;240;250;235;95.0000;-26.0000;125.0000;45.0000;7.0000;70.0000;1;0;0;0;0;0;2;75.0000;-2391.0000;85.0000;270;267;312;0;0;17376
19230;277;0;0;240;250;235;95.0000;-26.0000;125.0000;45.0000;7.0000;70.0000;1;0;0;0;0;0;2;75.0000;-2391.0000;85.0000;270;267;312;0;0;17376
19240;277;0;0;240;250;235;95.0000;-26.0000;125.0000;45.0000;7.0000;70.0000;1;0;0;0;0;0;2;75.0000;-2391.0000;85.0000;270;267;312;0;0;17376
19251;277;0;0;240;250;235;95.0000;-26.0000;125.0000;45.0000;7.0000;70.0000;1;0;0;0;0;0;2;75.0000;-2391.0000;85.0000;270;267;312;0;0;17376
19261;277;0;0;240;250;235;95.0000;-26.0000;125.0000;45.0000;7.0000;70.0000;1;0;0;0;0;0;2;75.0000;-2391.0000;85.0000;270;267;312;0;0;17376
19272;277;0;0;240;250;235;126.0000;-26.0000;125.0000;45.0000;7.0000;70.0000;1;0;0;0;0;0;2;75.0000;-2391.0000;85.0000;270;267;312;0;0;17376
19282;277;0;0;240;250;235;126.0000;147.0000;125.0000;45.0000;7.0000;70.0000;1;0;0;0;0;0;2;75.0000;-2391.0000;85.0000;270;267;312;0;0;17376
19292;277;0;0;240;250;235;126.0000;147.0000;125.0000;45.0000;7.0000;70.0000;1;0;0;0;0;0;2;75.0000;-2391.0000;68.0000;270;267;312;0;0;17376
19304;277;0;0;240;250;235;126.0000;147.0000;115.0000;45.0000;7.0000;70.0000;1;0;0;0;0;0;2;118.0000;-2391.0000;68.0000;270;267;312;0;0;17376
19314;277;0;0;240;250;235;126.0000;147.0000;115.0000;45.0000;7.0000;70.0000;1;0;0;0;0;0;2;118.0000;-2391.0000;68.0000;270;267;312;0;0;17376
19325;277;0;0;240;250;235;126.0000;147.0000;115.0000;45.0000;7.0000;70.0000;1;0;0;0;0;0;2;118.0000;-2391.0000;68.0000;270;267;312;0;0;17376
19335;277;0;0;240;250;235;126.0000;147.0000;115.0000;45.0000;7.0000;70.0000;1;0;0;0;0;0;2;118.0000;-2391.0000;68.0000;270;267;312;0;0;17376
19346;277;0;0;240;250;235;126.0000;147.0000;115.0000;45.0000;7.0000;70.0000;1;0;0;0;0;0;2;118.0000;-2391.0000;68.0000;270;267;312;0;0;17380
19356;277;0;0;240;250;235;126.0000;147.0000;115.0000;45.0000;7.0000;70.0000;1;0;0;0;0;0;2;118.0000;-2391.0000;68.0000;270;267;312;0;0;17380
19367;277;0;0;240;250;235;79.0000;147.0000;115.0000;45.0000;7.0000;70.0000;1;0;0;0;0;0;2;118.0000;-2391.0000;68.0000;270;267;312;0;0;17380
19379;277;0;0;240;250;235;79.0000;161.0000;115.0000;45.0000;7.0000;70.0000;1;0;0;0;0;0;2;118.0000;-2391.0000;68.0000;270;267;312;0;0;17380
19390;277;0;0;240;250;235;79.0000;161.0000;115.0000;45.0000;7.0000;70.0000;1;0;0;0;0;0;2;118.0000;-2391.0000;88.0000;270;267;312;0;0;17380
19400;277;0;0;240;250;235;79.0000;161.0000;115.0000;45.0000;7.0000;70.0000;1;0;0;0;0;0;2;118.0000;-2391.0000;88.0000;270;267;312;0;0;17380
19411;277;0;0;240;250;235;79.0000;161.0000;115.0000;45.0000;7.0000;70.0000;1;0;0;0;0;0;2;105.0000;-2391.0000;88.0000;270;267;312;0;0;17380
19421;277;0;0;240;250;235;79.0000;161.0000;115.0000;45.0000;7.0000;70.0000;1;0;0;0;0;0;2;105.0000;-2391.0000;88.0000;270;267;312;0;0;17380
19432;277;0;0;240;250;235;79.0000;161.0000;115.0000;45.0000;7.0000;70.0000;1;0;0;0;0;0;2;105.0000;-2391.0000;88.0000;270;267;312;0;0;17380
19446;277;0;0;240;250;235;79.0000;161.0000;115.0000;45.0000;7.0000;70.0000;1;0;0;0;0;0;2;105.0000;-2391.0000;88.0000;270;267;312;0;0;17380
19458;277;0;0;240;250;235;79.0000;161.0000;115.0000;45.0000;7.0000;70.0000;1;0;0;0;0;0;2;105.0000;-2391.0000;88.0000;270;267;312;0;0;17382
19470;277;0;0;240;250;235;115.0000;161.0000;115.0000;45.0000;7.0000;70.0000;1;0;0;0;0;0;2;105.0000;-2391.0000;88.0000;270;267;312;0;0;17406
19483;277;0;0;240;250;235;115.0000;161.0000;115.0000;45.0000;7.0000;70.0000;1;0;0;0;0;0;2;105.0000;-2391.0000;88.0000;270;267;312;0;0;17406
19493;277;0;0;240;250;235;115.0000;161.0000;115.0000;45.0000;7.0000;70.0000;1;0;0;0;0;0;2;105.0000;-2391.0000;125.0000;270;267;312;0;0;17406
19504;277;0;0;240;250;235;115.0000;161.0000;112.0000;45.0000;7.0000;70.0000;1;0;0;0;0;0;2;105.0000;-2391.0000;125.0000;270;267;312;0;0;17406
19517;277;0;0;240;250;235;115.0000;161.0000;112.0000;45.0000;7.0000;70.0000;1;0;0;0;0;0;2;71.0000;-2391.0000;125.0000;270;267;312;0;0;17406
19527;277;0;0;240;250;235;115.0000;161.0000;112.0000;45.0000;7.0000;70.0000;1;0;0;0;0;0;2;71.0000;-2391.0000;125.0000;270;267;312;0;0;17406
19537;277;0;0;240;250;235;115.0000;161.0000;112.0000;45.0000;7.0000;70.0000;1;0;0;0;0;0;2;71.0000;-2391.0000;125.0000;270;267;312;0;0;17406
19550;277;0;0;240;250;235;115.0000;161.0000;112.0000;45.0000;7.0000;70.0000;1;0;0;0;0;0;2;71.0000;-2391.0000;125.0000;270;267;312;0;0;17406
19560;277;0;0;240;250;235;115.0000;161.0000;112.0000;45.0000;7.0000;70.0000;1;0;0;0;0;0;2;71.0000;-2391.0000;125.0000;270;267;312;0;0;17406
19571;277;0;0;240;250;235;122.0000;161.0000;112.0000;45.0000;7.0000;70.0000;1;0;0;0;0;0;2;71.0000;-2391.0000;125.0000;270;267;312;0;0;17406
19583;277;0;0;240;250;235;122.0000;161.0000;112.0000;45.0000;7.0000;70.0000;1;0;0;0;0;0;2;71.0000;-2391.0000;125.0000;270;267;312;0;0;17406
19593;277;0;0;240;250;235;122.0000;120.0000;112.0000;45.0000;7.0000;70.0000;1;0;0;0;0;0;2;71.0000;-2391.0000;119.0000;270;267;312;0;0;17406
19605;277;0;0;240;250;235;122.0000;120.0000;95.0000;45.0000;7.0000;70.0000;1;0;0;0;0;0;2;71.0000;-2391.0000;119.0000;270;267;312;0;0;17406
19615;277;0;0;240;250;235;122.0000;120.0000;95.0000;45.0000;7.0000;70.0000;1;0;0;0;0;0;2;98.0000;-2391.0000;119.0000;270;267;312;0;0;17406
19625;277;0;0;240;250;235;122.0000;120.0000;95.0000;45.0000;7.0000;70.0000;1;0;0;0;0;0;2;98.0000;-2391.0000;119.0000;270;267;312;0;0;17406
19636;277;0;0;240;250;235;122.0000;120.0000;95.0000;45.0000;7.0000;70.0000;1;0;0;0;0;0;2;98.0000;-2391.0000;119.0000;270;267;312;0;0;17406
19646;277;0;0;240;250;235;122.0000;120.0000;95.0000;45.0000;7.0000;70.0000;1;0;0;0;0;0;2;98.0000;-2391.0000;119.0000;270;267;312;0;0;17406
19657;277;0;0;240;250;235;122.0000;120.0000;95.0000;45.0000;7.0000;70.0000;1;0;0;0;0;0;2;98.0000;-2391.0000;119.0000;270;267;312;0;0;17406
19667;277;0;0;240;250;235;122.0000;120.0000;95.0000;45.0000;7.0000;70.0000;1;0;0;0;0;0;2;98.0000;-2391.0000;119.0000;270;267;312;0;0;17406
19677;277;0;0;240;250;235;105.0000;120.0000;95.0000;45.0000;7.0000;70.0000;1;0;0;0;0;0;2;98.0000;-2391.0000;119.0000;270;267;312;0;0;17406
19688;277;0;0;240;250;235;105.0000;-26.0000;95.0000;45.0000;7.0000;70.0000;1;0;0;0;0;0;2;98.0000;-2391.0000;119.0000;270;267;312;0;0;17406
19700;277;0;0;240;250;235;105.0000;-26.0000;115.0000;45.0000;7.0000;70.0000;1;0;0;0;0;0;2;98.0000;-2391.0000;142.0000;270;267;312;0;0;17406
19710;277;0;0;240;250;235;105.0000;-26.0000;115.0000;45.0000;7.0000;70.0000;1;0;0;0;0;0;2;128.0000;-2391.0000;142.0000;270;267;312;0;0;17406
19721;277;0;0;240;250;235;105.0000;-26.0000;115.0000;45.0000;7.0000;70.0000;1;0;0;0;0;0;2;128.0000;-2391.0000;142.0000;270;267;312;0;0;17406
19731;277;0;0;240;250;235;105.0000;-26.0000;115.0000;45.0000;7.0000;70.0000;1;0;0;0;0;0;2;128.0000;-2391.0000;142.0000;270;267;312;0;0;17406
19742;277;0;0;240;250;235;105.0000;-26.0000;115.0000;45.0000;7.0000;70.0000;1;0;0;0;0;0;2;128.0000;-2391.0000;142.0000;270;267;312;0;0;17406
19752;277;0;0;240;250;235;105.0000;-26.0000;115.0000;45.0000;7.0000;70.0000;1;0;0;0;0;0;2;128.0000;-2391.0000;142.0000;270;267;312;0;0;17406
19762;277;0;0;240;250;235;105.0000;-26.0000;115.0000;45.0000;7.0000;70.0000;1;0;0;0;0;0;2;128.0000;-2391.0000;142.0000;270;267;312;0;0;17406
19773;277;0;0;240;250;235;105.0000;-26.0000;115.0000;45.0000;7.0000;70.0000;1;0;0;0;0;0;2;128.0000;-2391.0000;142.0000;270;267;312;0;0;17406
19784;277;0;0;240;250;235;82.0000;161.0000;115.0000;45.0000;7.0000;70.0000;1;0;0;0;0;0;2;128.0000;-2391.0000;142.0000;270;267;312;0;0;17406
19795;277;0;0;240;250;235;82.0000;161.0000;115.0000;45.0000;7.0000;70.0000;1;0;0;0;0;0;2;128.0000;-2391.0000;142.0000;270;267;312;0;0;17406
19806;277;0;0;240;250;235;82.0000;161.0000;115.0000;45.0000;7.0000;70.0000;1;0;0;0;0;0;2;128.0000;-2391.0000;102.0000;270;267;312;0;0;17406
19817;277;0;0;240;250;235;82.0000;161.0000;85.0000;45.0000;7.0000;70.0000;1;0;0;0;0;0;2;132.0000;-2391.0000;102.0000;270;267;312;0;0;17406
19827;277;0;0;240;250;235;82.0000;161.0000;85.0000;45.0000;7.0000;70.0000;1;0;0;0;0;0;2;132.0000;-2391.0000;102.0000;270;267;312;0;0;17406
19844;277;0;0;240;250;235;82.0000;161.0000;85.0000;45.0000;7.0000;70.0000;1;0;0;0;0;0;2;132.0000;-2391.0000;102.0000;270;267;312;0;0;17406
19854;277;0;0;240;250;235;82.0000;161.0000;85.0000;45.0000;7.0000;70.0000;1;0;0;0;0;0;2;132.0000;-2391.0000;102.0000;270;267;312;0;0;17406
19865;277;0;0;240;250;235;82.0000;161.0000;85.0000;45.0000;7.0000;70.0000;1;0;0;0;0;0;2;132.0000;-2391.0000;102.0000;270;267;312;0;0;17406
19881;277;0;0;240;250;235;82.0000;161.0000;85.0000;45.0000;7.0000;70.0000;1;0;0;0;0;0;2;132.0000;-2391.0000;102.0000;270;267;312;0;0;17406
19892;277;0;0;240;250;235;75.0000;107.0000;85.0000;45.0000;7.0000;70.0000;1;0;0;0;0;0;2;132.0000;-2391.0000;102.0000;270;267;312;0;0;17406
19902;277;0;0;240;250;235;75.0000;107.0000;85.0000;45.0000;7.0000;70.0000;1;0;0;0;0;0;2;132.0000;-2391.0000;58.0000;270;267;312;0;0;17406
19913;277;0;0;240;250;235;75.0000;107.0000;85.0000;45.0000;7.0000;70.0000;1;0;0;0;0;0;2;81.0000;-2391.0000;58.0000;270;267;312;0;0;17406
19923;277;0;0;240;250;235;75.0000;107.0000;85.0000;45.0000;7.0000;70.0000;1;0;0;0;0;0;2;81.0000;-2391.0000;58.0000;270;267;312;0;0;17406
19934;277;0;0;240;250;235;75.0000;107.0000;85.0000;45.0000;7.0000;70.0000;1;0;0;0;0;0;2;81.0000;-2391.0000;58.0000;270;267;312;0;0;17406
19944;277;0;0;240;250;235;75.0000;107.0000;85.0000;45.0000;7.0000;70.0000;1;0;0;0;0;0;2;81.0000;-2391.0000;58.0000;270;267;312;0;0;17406
19955;277;0;0;240;250;235;75.0000;107.0000;85.0000;45.0000;7.0000;70.0000;1;0;0;0;0;0;2;81.0000;-2391.0000;58.0000;270;267;312;0;0;17406
19965;277;0;0;240;250;235;75.0000;107.0000;85.0000;45.0000;7.0000;70.0000;1;0;0;0;0;0;2;81.0000;-2391.0000;58.0000;270;267;312;0;0;17406
19975;277;0;0;240;250;235;75.0000;107.0000;85.0000;45.0000;7.0000;70.0000;1;0;0;0;0;0;2;81.0000;-2391.0000;58.0000;270;267;312;0;0;17406
19989;277;0;0;240;250;235;119.0000;107.0000;85.0000;45.0000;7.0000;70.0000;1;0;0;0;0;0;2;81.0000;-2391.0000;58.0000;270;267;312;0;0;17392
19999;277;0;0;240;250;235;119.0000;147.0000;85.0000;45.0000;7.0000;70.0000;1;0;0;0;0;0;2;81.0000;-2391.0000;102.0000;270;267;312;0;0;17376
20010;277;0;0;240;250;235;119.0000;147.0000;102.0000;45.0000;7.0000;70.0000;1;0;0;0;0;0;2;122.0000;-2391.0000;102.0000;270;267;312;0;0;17376
20020;277;0;0;240;250;235;119.0000;147.0000;102.0000;45.0000;7.0000;70.0000;1;0;0;0;0;0;2;122.0000;-2391.0000;102.0000;270;267;312;0;0;17376
20034;277;0;0;240;250;235;119.0000;147.0000;102.0000;45.0000;7.0000;70.0000;1;0;0;0;0;0;2;122.0000;-2391.0000;102.0000;270;267;312;0;0;17376
20045;277;0;0;240;250;235;119.0000;147.0000;102.0000;45.0000;7.0000;70.0000;1;0;0;0;0;0;2;122.0000;-2391.0000;102.0000;270;267;312;0;0;17376
20055;277;0;0;240;250;235;119.0000;147.0000;102.0000;45.0000;7.0000;70.0000;1;0;0;0;0;0;2;122.0000;-2391.0000;102.0000;270;267;312;0;0;17376
20066;277;0;0;240;250;235;119.0000;147.0000;102.0000;45.0000;7.0000;70.0000;1;0;0;0;0;0;2;122.0000;-2391.0000;102.0000;270;267;312;0;0;17376
20079;277;0;0;240;250;235;126.0000;147.0000;102.0000;45.0000;7.0000;70.0000;1;0;0;0;0;0;2;122.0000;-2391.0000;102.0000;270;267;312;0;0;17376
20093;277;0;0;240;250;235;126.0000;-26.0000;102.0000;45.0000;7.0000;70.0000;1;0;0;0;0;0;2;122.0000;-2391.0000;102.0000;270;267;312;0;0;17376
20104;277;0;0;240;250;235;126.0000;-26.0000;102.0000;45.0000;7.0000;70.0000;1;0;0;0;0;0;2;122.0000;-2391.0000;65.0000;270;267;312;0;0;17376
20115;277;0;0;240;250;235;126.0000;-26.0000;92.0000;45.0000;7.0000;70.0000;1;0;0;0;0;0;2;108.0000;-2391.0000;65.0000;270;267;312;0;0;17376
20125;277;0;0;240;250;235;126.0000;-26.0000;92.0000;45.0000;7.0000;70.0000;1;0;0;0;0;0;2;108.0000;-2391.0000;65.0000;270;267;312;0;0;17376
20136;277;0;0;240;250;235;126.0000;-26.0000;92.0000;45.0000;7.0000;70.0000;1;0;0;0;0;0;2;108.0000;-2391.0000;65.0000;270;267;312;0;0;17376
20146;277;0;0;240;250;235;126.0000;-26.0000;92.0000;45.0000;7.0000;70.0000;1;0;0;0;0;0;2;108.0000;-2391.0000;65.0000;270;267;312;0;0;17376
20156;277;0;0;240;250;235;126.0000;-26.0000;92.0000;45.0000;7.0000;70.0000;1;0;0;0;0;0;2;108.0000;-2391.0000;65.0000;270;267;312;0;0;17376
20166;277;0;0;240;250;235;126.0000;-26.0000;92.0000;45.0000;7.0000;70.0000;1;0;0;0;0;0;2;108.0000;-2391.0000;65.0000;270;267;312;0;0;17376
20177;277;0;0;240;250;235;126.0000;-26.0000;92.0000;45.0000;7.0000;70.0000;1;0;0;0;0;0;2;108.0000;-2391.0000;65.0000;270;267;312;0;0;17376
20188;277;0;0;240;250;235;115.0000;-26.0000;92.0000;45.0000;7.0000;70.0000;1;0;0;0;0;0;2;108.0000;-2391.0000;65.0000;270;267;312;0;0;17376
20199;277;0;0;240;250;235;115.0000;147.0000;92.0000;45.0000;7.0000;70.0000;1;0;0;0;0;0;2;108.0000;-2391.0000;82.0000;270;267;312;0;0;17376
20212;277;0;0;240;250;235;115.0000;147.0000;132.0000;45.0000;7.0000;70.0000;1;0;0;0;0;0;2;105.0000;-2391.0000;82.0000;270;267;312;0;0;17376
20222;277;0;0;240;250;235;115.0000;147.0000;132.0000;70.0000;7.0000;70.0000;1;0;0;0;0;0;2;105.0000;-2391.0000;82.0000;270;267;312;0;0;17376
20233;277;0;0;240;250;235;115.0000;147.0000;132.0000;70.0000;7.0000;70.0000;1;0;0;0;0;0;2;105.0000;-2391.0000;82.0000;270;267;312;0;0;17376
20243;277;0;0;240;250;235;115.0000;147.0000;132.0000;70.0000;7.0000;70.0000;1;0;0;0;0;0;2;105.0000;-2391.0000;82.0000;270;267;312;0;0;17376
20253;277;0;0;240;250;235;115.0000;147.0000;132.0000;70.0000;7.0000;70.0000;1;0;0;0;0;0;2;105.0000;-2391.0000;82.0000;270;267;312;0;0;17376
20264;277;0;0;240;250;235;115.0000;147.0000;132.0000;70.0000;7.0000;70.0000;1;0;0;0;0;0;2;105.0000;-2391.0000;82.0000;270;267;312;0;0;17376
20274;277;0;0;240;250;235;115.0000;147.0000;132.0000;70.0000;7.0000;70.0000;1;0;0;0;0;0;2;105.0000;-2391.0000;82.0000;270;267;312;0;0;17376
20284;277;0;0;240;250;235;85.0000;147.0000;132.0000;70.0000;7.0000;70.0000;1;0;0;0;0;0;2;105.0000;-2391.0000;82.0000;270;267;312;0;0;17376
20295;277;0;0;240;250;235;85.0000;134.0000;132.0000;70.0000;7.0000;70.0000;1;0;0;0;0;0;2;105.0000;-2391.0000;112.0000;270;267;312;0;0;17376
20305;277;0;0;240;250;235;85.0000;134.0000;132.0000;70.0000;7.0000;70.0000;1;0;0;0;0;0;2;105.0000;-2391.0000;112.0000;270;267;312;0;0;17376
20316;277;0;0;240;250;235;85.0000;134.0000;98.0000;70.0000;7.0000;70.0000;1;0;0;0;0;0;2;71.0000;-2391.0000;112.0000;270;267;312;0;0;17380
20327;277;0;0;240;250;235;85.0000;134.0000;98.0000;70.0000;7.0000;70.0000;1;0;0;0;0;0;2;71.0000;-2391.0000;112.0000;270;267;312;0;0;17380
20337;277;0;0;240;250;235;85.0000;134.0000;98.0000;70.0000;7.0000;70.0000;1;0;0;0;0;0;2;71.0000;-2391.0000;112.0000;270;267;312;0;0;17380
20348;277;0;0;240;250;235;85.0000;134.0000;98.0000;70.0000;7.0000;70.0000;1;0;0;0;0;0;2;71.0000;-2391.0000;112.0000;270;267;312;0;0;17380
20358;277;0;0;240;250;235;85.0000;134.0000;98.0000;70.0000;7.0000;70.0000;1;0;0;0;0;0;2;71.0000;-2391.0000;112.0000;270;267;312;0;0;17380
20370;277;0;0;240;250;235;85.0000;134.0000;98.0000;70.0000;7.0000;70.0000;1;0;0;0;0;0;2;71.0000;-2391.0000;112.0000;270;267;312;0;0;17380
20381;277;0;0;240;250;235;115.0000;134.0000;98.0000;70.0000;7.0000;70.0000;1;0;0;0;0;0;2;71.0000;-2391.0000;112.0000;270;267;312;0;0;17380
20393;277;0;0;240;250;235;115.0000;120.0000;98.0000;70.0000;7.0000;70.0000;1;0;0;0;0;0;2;71.0000;-2391.0000;129.0000;270;267;312;0;0;17380
20404;277;0;0;240;250;235;115.0000;120.0000;98.0000;70.0000;7.0000;70.0000;1;0;0;0;0;0;2;71.0000;-2391.0000;129.0000;270;267;312;0;0;17380
20414;277;0;0;240;250;235;115.0000;120.0000;105.0000;70.0000;7.0000;70.0000;1;0;0;0;0;0;2;128.0000;-2391.0000;129.0000;270;267;312;0;0;17380
20425;277;0;0;240;250;235;115.0000;120.0000;105.0000;70.0000;7.0000;70.0000;1;0;0;0;0;0;2;128.0000;-2391.0000;129.0000;270;267;312;0;0;17380
20436;277;0;0;240;250;235;115.0000;120.0000;105.0000;70.0000;7.0000;70.0000;1;0;0;0;0;0;2;128.0000;-2391.0000;129.0000;270;267;312;0;0;17380
20448;277;0;0;240;250;235;115.0000;120.0000;105.0000;70.0000;7.0000;70.0000;1;0;0;0;0;0;2;128.0000;-2391.0000;129.0000;270;267;312;0;0;17380
20458;277;0;0;240;250;235;115.0000;120.0000;105.0000;70.0000;7.0000;70.0000;1;0;0;0;0;0;2;128.0000;-2391.0000;129.0000;270;267;312;0;0;17380
20469;277;0;0;240;250;235;115.0000;120.0000;105.0000;70.0000;7.0000;70.0000;1;0;0;0;0;0;2;128.0000;-2391.0000;129.0000;270;267;312;0;0;17380
20479;277;0;0;240;250;235;115.0000;120.0000;105.0000;70.0000;7.0000;70.0000;1;0;0;0;0;0;2;128.0000;-2391.0000;129.0000;270;267;312;0;0;17380
20491;277;0;0;240;250;235;95.0000;53.0000;105.0000;70.0000;7.0000;70.0000;1;0;0;0;0;0;2;128.0000;-2391.0000;129.0000;270;267;312;0;0;17380
20502;277;0;0;240;250;235;95.0000;53.0000;105.0000;70.0000;7.0000;70.0000;1;0;0;0;0;0;2;128.0000;-2391.0000;98.0000;270;267;312;0;0;17380
20512;277;0;0;240;250;235;95.0000;53.0000;129.0000;70.0000;7.0000;70.0000;1;0;0;0;0;0;2;132.0000;-2391.0000;98.0000;270;267;312;0;0;17380
20524;277;0;0;240;250;235;95.0000;53.0000;129.0000;70.0000;7.0000;70.0000;1;0;0;0;0;0;2;132.0000;-2391.0000;98.0000;270;267;312;0;0;17406
20535;277;0;0;240;250;235;95.0000;53.0000;129.0000;70.0000;7.0000;70.0000;1;0;0;0;0;0;2;132.0000;-2391.0000;98.0000;270;267;312;0;0;17406
20545;277;0;0;240;250;235;95.0000;53.0000;129.0000;70.0000;7.0000;70.0000;1;0;0;0;0;0;2;132.0000;-2391.0000;98.0000;270;267;312;0;0;17406
20555;277;0;0;240;250;235;95.0000;53.0000;129.0000;70.0000;7.0000;70.0000;1;0;0;0;0;0;2;132.0000;-2391.0000;98.0000;270;267;312;0;0;17406
20566;277;0;0;240;250;235;95.0000;53.0000;129.0000;70.0000;7.0000;70.0000;1;0;0;0;0;0;2;132.0000;-2391.0000;98.0000;270;267;312;0;0;17406
20576;277;0;0;240;250;235;95.0000;53.0000;129.0000;70.0000;7.0000;70.0000;1;0;0;0;0;0;2;132.0000;-2391.0000;98.0000;270;267;312;0;0;17406
20586;277;0;0;240;250;235;122.0000;53.0000;129.0000;70.0000;7.0000;70.0000;1;0;0;0;0;0;2;132.0000;-2391.0000;98.0000;270;267;312;0;0;17406
20597;277;0;0;240;250;235;122.0000;67.0000;129.0000;70.0000;7.0000;70.0000;1;0;0;0;0;0;2;132.0000;-2391.0000;75.0000;270;267;312;0;0;17406
20609;277;0;0;240;250;235;122.0000;67.0000;129.0000;70.0000;7.0000;70.0000;1;0;0;0;0;0;2;132.0000;-2391.0000;75.0000;270;267;312;0;0;17406
20619;277;0;0;240;250;235;122.0000;67.0000;129.0000;70.0000;7.0000;70.0000;1;0;0;0;0;0;2;115.0000;-2391.0000;75.0000;270;267;312;0;0;17406
20629;277;0;0;240;250;235;122.0000;67.0000;129.0000;70.0000;7.0000;70.0000;1;0;0;0;0;0;2;115.0000;-2391.0000;75.0000;270;267;312;0;0;17406
20640;277;0;0;240;250;235;122.0000;67.0000;129.0000;70.0000;7.0000;70.0000;1;0;0;0;0;0;2;115.0000;-2391.0000;75.0000;270;267;312;0;0;17406
20650;277;0;0;240;250;235;122.0000;67.0000;129.0000;70.0000;7.0000;70.0000;1;0;0;0;0;0;2;115.0000;-2391.0000;75.0000;270;267;312;0;0;17406
20661;277;0;0;240;250;235;122.0000;67.0000;129.0000;70.0000;7.0000;70.0000;1;0;0;0;0;0;2;115.0000;-2391.0000;75.0000;270;267;312;0;0;17406
20671;277;0;0;240;250;235;122.0000;67.0000;129.0000;70.0000;7.0000;70.0000;1;0;0;0;0;0;2;115.0000;-2391.0000;75.0000;270;267;312;0;0;17406
20682;277;0;0;240;250;235;122.0000;67.0000;129.0000;70.0000;7.0000;70.0000;1;0;0;0;0;0;2;115.0000;-2391.0000;75.0000;270;267;312;0;0;17406
20694;277;0;0;240;250;235;85.0000;53.0000;129.0000;70.0000;7.0000;70.0000;1;0;0;0;0;0;2;115.0000;-2391.0000;75.0000;270;267;312;0;0;17406
20704;277;0;0;240;250;235;85.0000;53.0000;129.0000;70.0000;7.0000;70.0000;1;0;0;0;0;0;2;115.0000;-2391.0000;115.0000;270;267;312;0;0;17406
20715;277;0;0;240;250;235;85.0000;53.0000;135.0000;70.0000;7.0000;70.0000;1;0;0;0;0;0;2;102.0000;-2391.0000;115.0000;270;267;312;0;0;17406
20726;277;0;0;240;250;235;85.0000;53.0000;135.0000;70.0000;7.0000;70.0000;1;0;0;0;0;0;2;102.0000;-2391.0000;115.0000;270;267;312;0;0;17406
20736;277;0;0;240;250;235;85.0000;53.0000;135.0000;70.0000;7.0000;70.0000;1;0;0;0;0;0;2;102.0000;-2391.0000;115.0000;270;267;312;0;0;17406
20746;277;0;0;240;250;235;85.0000;53.0000;135.0000;70.0000;7.0000;70.0000;1;0;0;0;0;0;2;102.0000;-2391.0000;115.0000;270;267;312;0;0;17406
20757;277;0;0;240;250;235;85.0000;53.0000;135.0000;70.0000;7.0000;70.0000;1;0;0;0;0;0;2;102.0000;-2391.0000;115.0000;270;267;312;0;0;17406
20767;277;0;0;240;250;235;85.0000;53.0000;135.0000;70.0000;7.0000;70.0000;1;0;0;0;0;0;2;102.0000;-2391.0000;115.0000;270;267;312;0;0;17406
20777;277;0;0;240;250;235;85.0000;53.0000;135.0000;70.0000;7.0000;70.0000;1;0;0;0;0;0;2;102.0000;-2391.0000;115.0000;270;267;312;0;0;17406
20788;277;0;0;240;250;235;112.0000;53.0000;135.0000;70.0000;7.0000;70.0000;1;0;0;0;0;0;2;102.0000;-2391.0000;115.0000;270;267;312;0;0;17406
20798;277;0;0;240;250;235;112.0000;40.0000;135.0000;70.0000;7.0000;70.0000;1;0;0;0;0;0;2;102.0000;-2391.0000;75.0000;270;267;312;0;0;17406
20809;277;0;0;240;250;235;112.0000;40.0000;135.0000;70.0000;7.0000;70.0000;1;0;0;0;0;0;2;102.0000;-2391.0000;75.0000;270;267;312;0;0;17406
20819;277;0;0;240;250;235;112.0000;40.0000;129.0000;70.0000;7.0000;70.0000;1;0;0;0;0;0;2;135.0000;-2391.0000;75.0000;270;267;312;0;0;17406
20830;277;0;0;240;250;235;112.0000;40.0000;129.0000;70.0000;7.0000;70.0000;1;0;0;0;0;0;2;135.0000;-2391.0000;75.0000;270;267;312;0;0;17406
20840;277;0;0;240;250;235;112.0000;40.0000;129.0000;70.0000;7.0000;70.0000;1;0;0;0;0;0;2;135.0000;-2391.0000;75.0000;270;267;312;0;0;17406
20851;277;0;0;240;250;235;112.0000;40.0000;129.0000;70.0000;7.0000;70.0000;1;0;0;0;0;0;2;135.0000;-2391.0000;75.0000;270;267;312;0;0;17406
20861;277;0;0;240;250;235;112.0000;40.0000;129.0000;70.0000;7.0000;70.0000;1;0;0;0;0;0;2;135.0000;-2391.0000;75.0000;270;267;312;0;0;17406
20871;277;0;0;240;250;235;112.0000;40.0000;129.0000;70.0000;7.0000;70.0000;1;0;0;0;0;0;2;135.0000;-2391.0000;75.0000;270;267;312;0;0;17406
20882;277;0;0;240;250;235;112.0000;40.0000;129.0000;70.0000;7.0000;70.0000;1;0;0;0;0;0;2;135.0000;-2391.0000;75.0000;270;267;312;0;0;17406
20894;277;0;0;240;250;235;72.0000;26.0000;129.0000;70.0000;7.0000;70.0000;1;0;0;0;0;0;2;135.0000;-2391.0000;75.0000;270;267;312;0;0;17406
20905;277;0;0;240;250;235;72.0000;26.0000;129.0000;70.0000;7.0000;70.0000;1;0;0;0;0;0;2;135.0000;-2391.0000;75.0000;270;267;312;0;0;17406
20916;277;0;0;240;250;235;72.0000;26.0000;132.0000;70.0000;7.0000;70.0000;1;0;0;0;0;0;2;81.0000;-2391.0000;75.0000;270;267;312;0;0;17406
20927;277;0;0;240;250;235;72.0000;26.0000;132.0000;70.0000;7.0000;70.0000;1;0;0;0;0;0;2;81.0000;-2391.0000;75.0000;270;267;312;0;0;17406
20937;277;0;0;240;250;235;72.0000;26.0000;132.0000;70.0000;7.0000;70.0000;1;0;0;0;0;0;2;81.0000;-2391.0000;75.0000;270;267;312;0;0;17406
20948;277;0;0;240;250;235;72.0000;26.0000;132.0000;70.0000;7.0000;70.0000;1;0;0;0;0;0;2;81.0000;-2391.0000;75.0000;270;267;312;0;0;17406
20958;277;0;0;240;250;235;72.0000;26.0000;132.0000;70.0000;7.0000;70.0000;1;0;0;0;0;0;2;81.0000;-2391.0000;75.0000;270;267;312;0;0;17406
20969;277;0;0;240;250;235;72.0000;26.0000;132.0000;70.0000;7.0000;70.0000;1;0;0;0;0;0;2;81.0000;-2391.0000;75.0000;270;267;312;0;0;17406
20979;277;0;0;240;250;235;72.0000;26.0000;132.0000;70.0000;7.0000;70.0000;1;0;0;0;0;0;2;81.0000;-2391.0000;75.0000;270;267;312;0;0;17406
20989;277;0;0;240;250;235;129.0000;26.0000;132.0000;70.0000;7.0000;70.0000;1;0;0;0;0;0;2;81.0000;-2391.0000;75.0000;270;267;312;0;0;17406
21000;277;0;0;240;250;235;129.0000;161.0000;132.0000;70.0000;7.0000;70.0000;1;0;0;0;0;0;2;81.0000;-2391.0000;65.0000;270;267;312;0;0;17406
21011;277;0;0;240;250;235;129.0000;161.0000;132.0000;70.0000;7.0000;70.0000;1;0;0;0;0;0;2;81.0000;-2391.0000;65.0000;270;267;312;0;0;17406
21022;277;0;0;240;250;235;129.0000;161.0000;119.0000;70.0000;7.0000;70.0000;1;0;0;0;0;0;2;125.0000;-2391.0000;65.0000;270;267;312;0;0;17406
21033;277;0;0;240;250;235;129.0000;161.0000;119.0000;70.0000;7.0000;70.0000;1;0;0;0;0;0;2;125.0000;-2391.0000;65.0000;270;267;312;0;0;17406
21045;277;0;0;240;250;235;129.0000;161.0000;119.0000;70.0000;7.0000;70.0000;1;0;0;0;0;0;2;125.0000;-2391.0000;65.0000;270;267;312;0;0;17376
21056;277;0;0;240;250;235;129.0000;161.0000;119.0000;70.0000;7.0000;70.0000;1;0;0;0;0;0;2;125.0000;-2391.0000;65.0000;270;267;312;0;0;17376
21066;277;0;0;240;250;235;129.0000;161.0000;119.0000;70.0000;7.0000;70.0000;1;0;0;0;0;0;2;125.0000;-2391.0000;65.0000;270;267;312;0;0;17376
21077;277;0;0;240;250;235;129.0000;161.0000;119.0000;70.0000;7.0000;70.0000;1;0;0;0;0;0;2;125.0000;-2391.0000;65.0000;270;267;312;0;0;17376
21087;277;0;0;240;250;235;109.0000;161.0000;119.0000;70.0000;7.0000;70.0000;1;0;0;0;0;0;2;125.0000;-2391.0000;65.0000;270;267;312;0;0;17376
21098;277;0;0;240;250;235;109.0000;161.0000;119.0000;70.0000;7.0000;70.0000;1;0;0;0;0;0;2;125.0000;-2391.0000;65.0000;270;267;312;0;0;17376
21109;277;0;0;240;250;235;109.0000;161.0000;119.0000;70.0000;7.0000;70.0000;1;0;0;0;0;0;2;125.0000;-2391.0000;75.0000;270;267;312;0;0;17376
21120;277;0;0;240;250;235;109.0000;161.0000;105.0000;70.0000;7.0000;70.0000;1;0;0;0;0;0;2;132.0000;-2391.0000;75.0000;270;267;312;0;0;17376
21130;277;0;0;240;250;235;109.0000;161.0000;105.0000;70.0000;7.0000;70.0000;1;0;0;0;0;0;2;132.0000;-2391.0000;75.0000;270;267;312;0;0;17376
21141;277;0;0;240;250;235;109.0000;161.0000;105.0000;70.0000;7.0000;70.0000;1;0;0;0;0;0;2;132.0000;-2391.0000;75.0000;270;267;312;0;0;17376
21151;277;0;0;240;250;235;109.0000;161.0000;105.0000;70.0000;7.0000;70.0000;1;0;0;0;0;0;2;132.0000;-2391.0000;75.0000;270;267;312;0;0;17376
21161;277;0;0;240;250;235;109.0000;161.0000;105.0000;70.0000;7.0000;70.0000;1;0;0;0;0;0;2;132.0000;-2391.0000;75.0000;270;267;312;0;0;17376
21172;277;0;0;240;250;235;109.0000;161.0000;105.0000;70.0000;7.0000;70.0000;1;0;0;0;0;0;2;132.0000;-2391.0000;75.0000;270;267;312;0;0;17376
21182;277;0;0;240;250;235;109.0000;161.0000;105.0000;70.0000;7.0000;70.0000;1;0;0;0;0;0;2;132.0000;-2391.0000;75.0000;270;267;312;0;0;17376
21193;277;0;0;240;250;235;109.0000;161.0000;105.0000;70.0000;7.0000;70.0000;1;0;0;0;0;0;2;132.0000;-2391.0000;75.0000;270;267;312;0;0;17376
21203;277;0;0;240;250;235;109.0000;161.0000;105.0000;70.0000;7.0000;70.0000;1;0;0;0;0;0;2;132.0000;-2391.0000;75.0000;270;267;312;0;0;17376
21214;277;0;0;240;250;235;126.0000;53.0000;105.0000;70.0000;7.0000;70.0000;1;0;0;0;0;0;2;132.0000;-2391.0000;115.0000;270;267;312;0;0;17376
21225;277;0;0;240;250;235;126.0000;53.0000;105.0000;60.0000;7.0000;70.0000;1;0;0;0;0;0;2;68.0000;-2391.0000;115.0000;270;267;312;0;0;17376
21244;277;0;0;240;250;235;126.0000;53.0000;92.0000;60.0000;7.0000;70.0000;1;0;0;0;0;0;2;68.0000;-2391.0000;115.0000;270;267;312;0;0;17376
21255;277;0;0;240;250;235;126.0000;53.0000;92.0000;60.0000;7.0000;70.0000;1;0;0;0;0;0;2;68.0000;-2391.0000;115.0000;270;267;312;0;0;17376
21265;277;0;0;240;250;235;126.0000;53.0000;92.0000;60.0000;7.0000;70.0000;1;0;0;0;0;0;2;68.0000;-2391.0000;115.0000;270;267;312;0;0;17380
21276;277;0;0;240;250;235;126.0000;53.0000;92.0000;60.0000;7.0000;70.0000;1;0;0;0;0;0;2;68.0000;-2391.0000;115.0000;270;267;312;0;0;17380
21286;277;0;0;240;250;235;126.0000;53.0000;92.0000;60.0000;7.0000;70.0000;1;0;0;0;0;0;2;68.0000;-2391.0000;115.0000;270;267;312;0;0;17380
21297;277;0;0;240;250;235;109.0000;53.0000;92.0000;60.0000;7.0000;70.0000;1;0;0;0;0;0;2;68.0000;-2391.0000;115.0000;270;267;312;0;0;17380
21308;277;0;0;240;250;235;109.0000;161.0000;92.0000;60.0000;7.0000;70.0000;1;0;0;0;0;0;2;68.0000;-2391.0000;65.0000;270;267;312;0;0;17380
21319;277;0;0;240;250;235;109.0000;161.0000;92.0000;60.0000;7.0000;70.0000;1;0;0;0;0;0;2;128.0000;-2391.0000;65.0000;270;267;312;0;0;17380
21332;277;0;0;240;250;235;109.0000;161.0000;95.0000;60.0000;7.0000;70.0000;1;0;0;0;0;0;2;128.0000;-2391.0000;65.0000;270;267;312;0;0;17380
21343;277;0;0;240;250;235;109.0000;161.0000;95.0000;60.0000;7.0000;70.0000;1;0;0;0;0;0;2;128.0000;-2391.0000;65.0000;270;267;312;0;0;17380
21354;277;0;0;240;250;235;109.0000;161.0000;95.0000;60.0000;7.0000;70.0000;1;0;0;0;0;0;2;128.0000;-2391.0000;65.0000;270;267;312;0;0;17380
21364;277;0;0;240;250;235;109.0000;161.0000;95.0000;60.0000;7.0000;70.0000;1;0;0;0;0;0;2;128.0000;-2391.0000;65.0000;270;267;312;0;0;17380
21375;277;0;0;240;250;235;109.0000;161.0000;95.0000;60.0000;7.0000;70.0000;1;0;0;0;0;0;2;128.0000;-2391.0000;65.0000;270;267;312;0;0;17380
21386;277;0;0;240;250;235;109.0000;161.0000;95.0000;60.0000;7.0000;70.0000;1;0;0;0;0;0;2;128.0000;-2391.0000;65.0000;270;267;312;0;0;17380
21398;277;0;0;240;250;235;112.0000;161.0000;95.0000;60.0000;7.0000;70.0000;1;0;0;0;0;0;2;128.0000;-2391.0000;65.0000;270;267;312;0;0;17380
21411;277;0;0;240;250;235;112.0000;174.0000;95.0000;60.0000;7.0000;70.0000;1;0;0;0;0;0;2;128.0000;-2391.0000;125.0000;270;267;312;0;0;17380
21421;277;0;0;240;250;235;112.0000;174.0000;95.0000;60.0000;7.0000;70.0000;1;0;0;0;0;0;2;105.0000;-2391.0000;125.0000;270;267;312;0;0;17380
21432;277;0;0;240;250;235;112.0000;174.0000;125.0000;60.0000;7.0000;70.0000;1;0;0;0;0;0;2;105.0000;-2391.0000;125.0000;270;267;312;0;0;17380
21444;277;0;0;240;250;235;112.0000;174.0000;125.0000;60.0000;7.0000;70.0000;1;0;0;0;0;0;2;105.0000;-2391.0000;125.0000;270;267;312;0;0;17380
21455;277;0;0;240;250;235;112.0000;174.0000;125.0000;60.0000;7.0000;70.0000;1;0;0;0;0;0;2;105.0000;-2391.0000;125.0000;270;267;312;0;0;17380
21465;277;0;0;240;250;235;112.0000;174.0000;125.0000;60.0000;7.0000;70.0000;1;0;0;0;0;0;2;105.0000;-2391.0000;125.0000;270;267;312;0;0;17380
21476;277;0;0;240;250;235;112.0000;174.0000;125.0000;60.0000;7.0000;70.0000;1;0;0;0;0;0;2;105.0000;-2391.0000;125.0000;270;267;312;0;0;17406
21486;277;0;0;240;250;235;112.0000;174.0000;125.0000;60.0000;7.0000;70.0000;1;0;0;0;0;0;2;105.0000;-2391.0000;125.0000;270;267;312;0;0;17406
21497;277;0;0;240;250;235;112.0000;174.0000;125.0000;60.0000;7.0000;70.0000;1;0;0;0;0;0;2;105.0000;-2391.0000;125.0000;270;267;312;0;0;17406
21509;277;0;0;240;250;235;102.0000;161.0000;125.0000;60.0000;7.0000;70.0000;1;0;0;0;0;0;2;105.0000;-2391.0000;85.0000;270;267;312;0;0;17406
21520;277;0;0;240;250;235;102.0000;161.0000;125.0000;60.0000;7.0000;70.0000;1;0;0;0;0;0;2;85.0000;-2391.0000;85.0000;270;267;312;0;0;17406
21530;277;0;0;240;250;235;102.0000;161.0000;98.0000;60.0000;7.0000;70.0000;1;0;0;0;0;0;2;85.0000;-2391.0000;85.0000;270;267;312;0;0;17406
21541;277;0;0;240;250;235;102.0000;161.0000;98.0000;60.0000;7.0000;70.0000;1;0;0;0;0;0;2;85.0000;-2391.0000;85.0000;270;267;312;0;0;17406
21551;277;0;0;240;250;235;102.0000;161.0000;98.0000;60.0000;7.0000;70.0000;1;0;0;0;0;0;2;85.0000;-2391.0000;85.0000;270;267;312;0;0;17406
21562;277;0;0;240;250;235;102.0000;161.0000;98.0000;60.0000;7.0000;70.0000;1;0;0;0;0;0;2;85.0000;-2391.0000;85.0000;270;267;312;0;0;17406
21574;277;0;0;240;250;235;102.0000;161.0000;98.0000;60.0000;7.0000;70.0000;1;0;0;0;0;0;2;85.0000;-2391.0000;85.0000;270;267;312;0;0;17406
21584;277;0;0;240;250;235;102.0000;161.0000;98.0000;60.0000;7.0000;70.0000;1;0;0;0;0;0;2;85.0000;-2391.0000;85.0000;270;267;312;0;0;17406
21594;277;0;0;240;250;235;102.0000;161.0000;98.0000;60.0000;7.0000;70.0000;1;0;0;0;0;0;2;85.0000;-2391.0000;85.0000;270;267;312;0;0;17406
21605;277;0;0;240;250;235;85.0000;161.0000;98.0000;60.0000;7.0000;70.0000;1;0;0;0;0;0;2;85.0000;-2391.0000;135.0000;270;267;312;0;0;17406
21615;277;0;0;240;250;235;85.0000;134.0000;98.0000;60.0000;7.0000;70.0000;1;0;0;0;0;0;2;85.0000;-2391.0000;135.0000;270;267;312;0;0;17406
21626;277;0;0;240;250;235;85.0000;134.0000;125.0000;60.0000;7.0000;70.0000;1;0;0;0;0;0;2;95.0000;-2391.0000;135.0000;270;267;312;0;0;17406
21636;277;0;0;240;250;235;85.0000;134.0000;125.0000;60.0000;7.0000;70.0000;1;0;0;0;0;0;2;95.0000;-2391.0000;135.0000;270;267;312;0;0;17406
21647;277;0;0;240;250;235;85.0000;134.0000;125.0000;60.0000;7.0000;70.0000;1;0;0;0;0;0;2;95.0000;-2391.0000;135.0000;270;267;312;0;0;17406
21657;277;0;0;240;250;235;85.0000;134.0000;125.0000;60.0000;7.0000;70.0000;1;0;0;0;0;0;2;95.0000;-2391.0000;135.0000;270;267;312;0;0;17406
21670;277;0;0;240;250;235;85.0000;134.0000;125.0000;60.0000;7.0000;70.0000;1;0;0;0;0;0;2;95.0000;-2391.0000;135.0000;270;267;312;0;0;17406
21680;277;0;0;240;250;235;85.0000;134.0000;125.0000;60.0000;7.0000;70.0000;1;0;0;0;0;0;2;95.0000;-2391.0000;135.0000;270;267;312;0;0;17406
21690;277;0;0;240;250;235;85.0000;134.0000;125.0000;60.0000;7.0000;70.0000;1;0;0;0;0;0;2;95.0000;-2391.0000;135.0000;270;267;312;0;0;17406
21701;277;0;0;240;250;235;115.0000;134.0000;125.0000;60.0000;7.0000;70.0000;1;0;0;0;0;0;2;95.0000;-2391.0000;135.0000;270;267;312;0;0;17406
21712;277;0;0;240;250;235;115.0000;-13.0000;125.0000;60.0000;7.0000;70.0000;1;0;0;0;0;0;2;95.0000;-2391.0000;92.0000;270;267;312;0;0;17406
21723;277;0;0;240;250;235;115.0000;-13.0000;125.0000;60.0000;7.0000;70.0000;1;0;0;0;0;0;2;85.0000;-2391.0000;92.0000;270;267;312;0;0;17406
21733;277;0;0;240;250;235;115.0000;-13.0000;98.0000;60.0000;7.0000;70.0000;1;0;0;0;0;0;2;85.0000;-2391.0000;92.0000;270;267;312;0;0;17406
21744;277;0;0;240;250;235;115.0000;-13.0000;98.0000;60.0000;7.0000;70.0000;1;0;0;0;0;0;2;85.0000;-2391.0000;92.0000;270;267;312;0;0;17406
21754;277;0;0;240;250;235;115.0000;-13.0000;98.0000;60.0000;7.0000;70.0000;1;0;0;0;0;0;2;85.0000;-2391.0000;92.0000;270;267;312;0;0;17406
21765;277;0;0;240;250;235;115.0000;-13.0000;98.0000;60.0000;7.0000;70.0000;1;0;0;0;0;0;2;85.0000;-2391.0000;92.0000;270;267;312;0;0;17406
21775;277;0;0;240;250;235;115.0000;-13.0000;98.0000;60.0000;7.0000;70.0000;1;0;0;0;0;0;2;85.0000;-2391.0000;92.0000;270;267;312;0;0;17406
21785;277;0;0;240;250;235;115.0000;-13.0000;98.0000;60.0000;7.0000;70.0000;1;0;0;0;0;0;2;85.0000;-2391.0000;92.0000;270;267;312;0;0;17406
21796;277;0;0;240;250;235;115.0000;-13.0000;98.0000;60.0000;7.0000;70.0000;1;0;0;0;0;0;2;85.0000;-2391.0000;92.0000;270;267;312;0;0;17406
21806;277;0;0;240;250;235;102.0000;-13.0000;98.0000;60.0000;7.0000;70.0000;1;0;0;0;0;0;2;85.0000;-2391.0000;92.0000;270;267;312;0;0;17406
21817;277;0;0;240;250;235;102.0000;40.0000;98.0000;60.0000;7.0000;70.0000;1;0;0;0;0;0;2;85.0000;-2391.0000;92.0000;270;267;312;0;0;17406
21827;277;0;0;240;250;235;102.0000;40.0000;82.0000;60.0000;7.0000;70.0000;1;0;0;0;0;0;2;112.0000;-2391.0000;92.0000;270;267;312;0;0;17406
21838;277;0;0;240;250;235;102.0000;40.0000;82.0000;60.0000;7.0000;70.0000;1;0;0;0;0;0;2;112.0000;-2391.0000;92.0000;270;267;312;0;0;17406
21848;277;0;0;240;250;235;102.0000;40.0000;82.0000;60.0000;7.0000;70.0000;1;0;0;0;0;0;2;112.0000;-2391.0000;92.0000;270;267;312;0;0;17406
21859;277;0;0;240;250;235;102.0000;40.0000;82.0000;60.0000;7.0000;70.0000;1;0;0;0;0;0;2;112.0000;-2391.0000;92.0000;270;267;312;0;0;17406
21869;277;0;0;240;250;235;102.0000;40.0000;82.0000;60.0000;7.0000;70.0000;1;0;0;0;0;0;2;112.0000;-2391.0000;92.0000;270;267;312;0;0;17406
21880;277;0;0;240;250;235;102.0000;40.0000;82.0000;60.0000;7.0000;70.0000;1;0;0;0;0;0;2;112.0000;-2391.0000;92.0000;270;267;312;0;0;17406
21890;277;0;0;240;250;235;102.0000;40.0000;82.0000;60.0000;7.0000;70.0000;1;0;0;0;0;0;2;112.0000;-2391.0000;92.0000;270;267;312;0;0;17406
21902;277;0;0;240;250;235;122.0000;40.0000;82.0000;60.0000;7.0000;70.0000;1;0;0;0;0;0;2;112.0000;-2391.0000;92.0000;270;267;312;0;0;17406
21914;277;0;0;240;250;235;122.0000;-26.0000;82.0000;60.0000;7.0000;70.0000;1;0;0;0;0;0;2;112.0000;-2391.0000;95.0000;270;267;312;0;0;17406
21925;277;0;0;240;250;235;122.0000;-26.0000;82.0000;60.0000;7.0000;70.0000;1;0;0;0;0;0;2;65.0000;-2391.0000;95.0000;270;267;312;0;0;17406
21935;277;0;0;240;250;235;122.0000;-26.0000;92.0000;60.0000;7.0000;70.0000;1;0;0;0;0;0;2;65.0000;-2391.0000;95.0000;270;267;312;0;0;17406
21946;277;0;0;240;250;235;122.0000;-26.0000;92.0000;60.0000;7.0000;70.0000;1;0;0;0;0;0;2;65.0000;-2391.0000;95.0000;270;267;312;0;0;17406
21956;277;0;0;240;250;235;122.0000;-26.0000;92.0000;60.0000;7.0000;70.0000;1;0;0;0;0;0;2;65.0000;-2391.0000;95.0000;270;267;312;0;0;17406
21967;277;0;0;240;250;235;122.0000;-26.0000;92.0000;60.0000;7.0000;70.0000;1;0;0;0;0;0;2;65.0000;-2391.0000;95.0000;270;267;312;0;0;17406
21977;277;0;0;240;250;235;122.0000;-26.0000;92.0000;60.0000;7.0000;70.0000;1;0;0;0;0;0;2;65.0000;-2391.0000;95.0000;270;267;312;0;0;17406
21988;277;0;0;240;250;235;122.0000;-26.0000;92.0000;60.0000;7.0000;70.0000;1;0;0;0;0;0;2;65.0000;-2391.0000;95.0000;270;267;312;0;0;17376
21998;277;0;0;240;250;235;122.0000;-26.0000;92.0000;60.0000;7.0000;70.0000;1;0;0;0;0;0;2;65.0000;-2391.0000;95.0000;270;267;312;0;0;17376
22009;277;0;0;240;250;235;115.0000;-26.0000;92.0000;60.0000;7.0000;70.0000;1;0;0;0;0;0;2;65.0000;-2391.0000;82.0000;270;267;312;0;0;17376
22019;277;0;0;240;250;235;115.0000;120.0000;92.0000;60.0000;7.0000;70.0000;1;0;0;0;0;0;2;65.0000;-2391.0000;82.0000;270;267;312;0;0;17376
22031;277;0;0;240;250;235;115.0000;120.0000;122.0000;60.0000;7.0000;70.0000;1;0;0;0;0;0;2;125.0000;-2391.0000;82.0000;270;267;312;0;0;17376
22042;277;0;0;240;250;235;115.0000;120.0000;122.0000;60.0000;7.0000;70.0000;1;0;0;0;0;0;2;125.0000;-2391.0000;82.0000;270;267;312;0;0;17376
22052;277;0;0;240;250;235;115.0000;120.0000;122.0000;60.0000;7.0000;70.0000;1;0;0;0;0;0;2;125.0000;-2391.0000;82.0000;270;267;312;0;0;17376
22063;277;0;0;240;250;235;115.0000;120.0000;122.0000;60.0000;7.0000;70.0000;1;0;0;0;0;0;2;125.0000;-2391.0000;82.0000;270;267;312;0;0;17376
22073;277;0;0;240;250;235;115.0000;120.0000;122.0000;60.0000;7.0000;70.0000;1;0;0;0;0;0;2;125.0000;-2391.0000;82.0000;270;267;312;0;0;17376
22083;277;0;0;240;250;235;115.0000;120.0000;122.0000;60.0000;7.0000;70.0000;1;0;0;0;0;0;2;125.0000;-2391.0000;82.0000;270;267;312;0;0;17376
22094;277;0;0;240;250;235;115.0000;120.0000;122.0000;60.0000;7.0000;70.0000;1;0;0;0;0;0;2;125.0000;-2391.0000;82.0000;270;267;312;0;0;17376
22105;277;0;0;240;250;235;112.0000;120.0000;122.0000;60.0000;7.0000;70.0000;1;0;0;0;0;0;2;125.0000;-2391.0000;108.0000;270;267;312;0;0;17376
22116;277;0;0;240;250;235;112.0000;134.0000;122.0000;60.0000;7.0000;70.0000;1;0;0;0;0;0;2;125.0000;-2391.0000;108.0000;270;267;312;0;0;17376
22127;277;0;0;240;250;235;112.0000;134.0000;122.0000;60.0000;7.0000;70.0000;1;0;0;0;0;0;2;92.0000;-2391.0000;108.0000;270;267;312;0;0;17376
22138;277;0;0;240;250;235;112.0000;134.0000;85.0000;60.0000;7.0000;70.0000;1;0;0;0;0;0;2;92.0000;-2391.0000;108.0000;270;267;312;0;0;17376
22148;277;0;0;240;250;235;112.0000;134.0000;85.0000;60.0000;7.0000;70.0000;1;0;0;0;0;0;2;92.0000;-2391.0000;108.0000;270;267;312;0;0;17376
22164;277;0;0;240;250;235;112.0000;134.0000;85.0000;60.0000;7.0000;70.0000;1;0;0;0;0;0;2;92.0000;-2391.0000;108.0000;270;267;312;0;0;17376
22174;277;0;0;240;250;235;112.0000;134.0000;85.0000;60.0000;7.0000;70.0000;1;0;0;0;0;0;2;92.0000;-2391.0000;108.0000;270;267;312;0;0;17376
22185;277;0;0;240;250;235;112.0000;134.0000;85.0000;60.0000;7.0000;70.0000;1;0;0;0;0;0;2;92.0000;-2391.0000;108.0000;270;267;312;0;0;17376
22195;277;0;0;240;250;235;112.0000;134.0000;85.0000;60.0000;7.0000;70.0000;1;0;0;0;0;0;2;92.0000;-2391.0000;108.0000;270;267;312;0;0;17376
22206;277;0;0;240;250;235;115.0000;134.0000;85.0000;60.0000;7.0000;70.0000;1;0;0;0;0;0;2;92.0000;-2391.0000;108.0000;270;267;312;0;0;17376
22218;277;0;0;240;250;235;115.0000;26.0000;85.0000;36.0000;7.0000;70.0000;1;0;0;0;0;0;2;92.0000;-2391.0000;75.0000;270;267;312;0;0;17376
22230;277;0;0;240;250;235;115.0000;26.0000;95.0000;36.0000;7.0000;70.0000;1;0;0;0;0;0;2;115.0000;-2391.0000;75.0000;270;267;312;0;0;17376
22241;277;0;0;240;250;235;115.0000;26.0000;95.0000;36.0000;7.0000;70.0000;1;0;0;0;0;0;2;115.0000;-2391.0000;75.0000;270;267;312;0;0;17376
22252;277;0;0;240;250;235;115.0000;26.0000;95.0000;36.0000;7.0000;70.0000;1;0;0;0;0;0;2;115.0000;-2391.0000;75.0000;270;267;312;0;0;17376
22262;277;0;0;240;250;235;115.0000;26.0000;95.0000;36.0000;7.0000;70.0000;1;0;0;0;0;0;2;115.0000;-2391.0000;75.0000;270;267;312;0;0;17376
22273;277;0;0;240;250;235;115.0000;26.0000;95.0000;36.0000;7.0000;70.0000;1;0;0;0;0;0;2;115.0000;-2391.0000;75.0000;270;267;312;0;0;17376
22283;277;0;0;240;250;235;115.0000;26.0000;95.0000;36.0000;7.0000;70.0000;1;0;0;0;0;0;2;115.0000;-2391.0000;75.0000;270;267;312;0;0;17376
22294;277;0;0;240;250;235;115.0000;26.0000;95.0000;36.0000;7.0000;70.0000;1;0;0;0;0;0;2;115.0000;-2391.0000;75.0000;270;267;312;0;0;17380
22305;277;0;0;240;250;235;122.0000;26.0000;95.0000;36.0000;7.0000;70.0000;1;0;0;0;0;0;2;115.0000;-2391.0000;75.0000;270;267;312;0;0;17380
22316;277;0;0;240;250;235;122.0000;161.0000;95.0000;36.0000;7.0000;70.0000;1;0;0;0;0;0;2;115.0000;-2391.0000;68.0000;270;267;312;0;0;17380
22327;277;0;0;240;250;235;122.0000;161.0000;95.0000;36.0000;7.0000;70.0000;1;0;0;0;0;0;2;135.0000;-2391.0000;68.0000;270;267;312;0;0;17380
22404;277;0;0;240;250;235;105.0000;161.0000;122.0000;36.0000;7.0000;70.0000;1;0;0;0;0;0;2;135.0000;-2391.0000;68.0000;270;267;312;0;0;17380
22415;277;0;0;240;250;235;105.0000;161.0000;122.0000;36.0000;7.0000;70.0000;1;0;0;0;0;0;2;135.0000;-2391.0000;119.0000;270;267;312;0;0;17380
22426;277;0;0;240;250;235;105.0000;147.0000;122.0000;36.0000;7.0000;70.0000;1;0;0;0;0;0;2;132.0000;-2391.0000;119.0000;270;267;312;0;0;17380
22437;277;0;0;240;250;235;105.0000;147.0000;112.0000;36.0000;7.0000;70.0000;1;0;0;0;0;0;2;132.0000;-2391.0000;119.0000;270;267;312;0;0;17380
22452;277;0;0;240;250;235;105.0000;147.0000;112.0000;36.0000;7.0000;70.0000;1;0;0;0;0;0;2;132.0000;-2391.0000;119.0000;270;267;312;0;0;17380
22463;277;0;0;240;250;235;105.0000;147.0000;112.0000;36.0000;7.0000;70.0000;1;0;0;0;0;0;2;132.0000;-2391.0000;119.0000;270;267;312;0;0;17380
22474;277;0;0;240;250;235;105.0000;147.0000;112.0000;36.0000;7.0000;70.0000;1;0;0;0;0;0;2;132.0000;-2391.0000;119.0000;270;267;312;0;0;17380
22484;277;0;0;240;250;235;105.0000;147.0000;112.0000;36.0000;7.0000;70.0000;1;0;0;0;0;0;2;132.0000;-2391.0000;119.0000;270;267;312;0;0;17380
22497;277;0;0;240;250;235;105.0000;147.0000;112.0000;36.0000;7.0000;70.0000;1;0;0;0;0;0;2;132.0000;-2391.0000;119.0000;270;267;312;0;0;17380
22508;277;0;0;240;250;235;85.0000;147.0000;112.0000;36.0000;7.0000;70.0000;1;0;0;0;0;0;2;132.0000;-2391.0000;119.0000;270;267;312;0;0;17406
22518;277;0;0;240;250;235;85.0000;107.0000;112.0000;36.0000;7.0000;70.0000;1;0;0;0;0;0;2;132.0000;-2391.0000;108.0000;270;267;312;0;0;17406
22529;277;0;0;240;250;235;85.0000;107.0000;112.0000;36.0000;7.0000;70.0000;1;0;0;0;0;0;2;75.0000;-2391.0000;108.0000;270;267;312;0;0;17406
22539;277;0;0;240;250;235;85.0000;107.0000;132.0000;36.0000;7.0000;70.0000;1;0;0;0;0;0;2;75.0000;-2391.0000;108.0000;270;267;312;0;0;17406
22550;277;0;0;240;250;235;85.0000;107.0000;132.0000;36.0000;7.0000;70.0000;1;0;0;0;0;0;2;75.0000;-2391.0000;108.0000;270;267;312;0;0;17406
22560;277;0;0;240;250;235;85.0000;107.0000;132.0000;36.0000;7.0000;70.0000;1;0;0;0;0;0;2;75.0000;-2391.0000;108.0000;270;267;312;0;0;17406
22570;277;0;0;240;250;235;85.0000;107.0000;132.0000;36.0000;7.0000;70.0000;1;0;0;0;0;0;2;75.0000;-2391.0000;108.0000;270;267;312;0;0;17406
22581;277;0;0;240;250;235;85.0000;107.0000;132.0000;36.0000;7.0000;70.0000;1;0;0;0;0;0;2;75.0000;-2391.0000;108.0000;270;267;312;0;0;17406
22591;277;0;0;240;250;235;85.0000;107.0000;132.0000;36.0000;7.0000;70.0000;1;0;0;0;0;0;2;75.0000;-2391.0000;108.0000;270;267;312;0;0;17406
22601;277;0;0;240;250;235;85.0000;107.0000;132.0000;36.0000;7.0000;70.0000;1;0;0;0;0;0;2;75.0000;-2391.0000;108.0000;270;267;312;0;0;17406
22611;277;0;0;240;250;235;99.0000;107.0000;132.0000;36.0000;7.0000;70.0000;1;0;0;0;0;0;2;75.0000;-2391.0000;65.0000;270;267;312;0;0;17406
22622;277;0;0;240;250;235;99.0000;120.0000;132.0000;36.0000;7.0000;70.0000;1;0;0;0;0;0;2;75.0000;-2391.0000;65.0000;270;267;312;0;0;17406
22633;277;0;0;240;250;235;99.0000;120.0000;132.0000;36.0000;7.0000;70.0000;1;0;0;0;0;0;2;102.0000;-2391.0000;65.0000;270;267;312;0;0;17406
22643;277;0;0;240;250;235;99.0000;120.0000;125.0000;36.0000;7.0000;70.0000;1;0;0;0;0;0;2;102.0000;-2391.0000;65.0000;270;267;312;0;0;17406
22653;277;0;0;240;250;235;99.0000;120.0000;125.0000;36.0000;7.0000;70.0000;1;0;0;0;0;0;2;102.0000;-2391.0000;65.0000;270;267;312;0;0;17406
22664;277;0;0;240;250;235;99.0000;120.0000;125.0000;36.0000;7.0000;70.0000;1;0;0;0;0;0;2;102.0000;-2391.0000;65.0000;270;267;312;0;0;17406
22674;277;0;0;240;250;235;99.0000;120.0000;125.0000;36.0000;7.0000;70.0000;1;0;0;0;0;0;2;102.0000;-2391.0000;65.0000;270;267;312;0;0;17406
22684;277;0;0;240;250;235;99.0000;120.0000;125.0000;36.0000;7.0000;70.0000;1;0;0;0;0;0;2;102.0000;-2391.0000;65.0000;270;267;312;0;0;17406
22695;277;0;0;240;250;235;99.0000;120.0000;125.0000;36.0000;7.0000;70.0000;1;0;0;0;0;0;2;102.0000;-2391.0000;65.0000;270;267;312;0;0;17406
22705;277;0;0;240;250;235;99.0000;120.0000;125.0000;36.0000;7.0000;70.0000;1;0;0;0;0;0;2;102.0000;-2391.0000;65.0000;270;267;312;0;0;17406
22716;277;0;0;240;250;235;126.0000;120.0000;125.0000;36.0000;7.0000;70.0000;1;0;0;0;0;0;2;102.0000;-2391.0000;65.0000;270;267;312;0;0;17406
22727;277;0;0;240;250;235;126.0000;161.0000;125.0000;36.0000;7.0000;70.0000;1;0;0;0;0;0;2;112.0000;-2391.0000;95.0000;270;267;312;0;0;17406
22739;277;0;0;240;250;235;126.0000;161.0000;92.0000;36.0000;7.0000;70.0000;1;0;0;0;0;0;2;112.0000;-2391.0000;95.0000;270;267;312;0;0;17406
22750;277;0;0;240;250;235;126.0000;161.0000;92.0000;36.0000;7.0000;70.0000;1;0;0;0;0;0;2;112.0000;-2391.0000;95.0000;270;267;312;0;0;17406
22760;277;0;0;240;250;235;126.0000;161.0000;92.0000;36.0000;7.0000;70.0000;1;0;0;0;0;0;2;112.0000;-2391.0000;95.0000;270;267;312;0;0;17406
22771;277;0;0;240;250;235;126.0000;161.0000;92.0000;36.0000;7.0000;70.0000;1;0;0;0;0;0;2;112.0000;-2391.0000;95.0000;270;267;312;0;0;17406
22781;277;0;0;240;250;235;126.0000;161.0000;92.0000;36.0000;7.0000;70.0000;1;0;0;0;0;0;2;112.0000;-2391.0000;95.0000;270;267;312;0;0;17406
22792;277;0;0;240;250;235;126.0000;161.0000;92.0000;36.0000;7.0000;70.0000;1;0;0;0;0;0;2;112.0000;-2391.0000;95.0000;270;267;312;0;0;17406
22802;277;0;0;240;250;235;126.0000;161.0000;92.0000;36.0000;7.0000;70.0000;1;0;0;0;0;0;2;112.0000;-2391.0000;95.0000;270;267;312;0;0;17406
22813;277;0;0;240;250;235;72.0000;161.0000;92.0000;36.0000;7.0000;70.0000;1;0;0;0;0;0;2;112.0000;-2391.0000;95.0000;270;267;312;0;0;17406
22827;277;0;0;240;250;235;72.0000;161.0000;92.0000;36.0000;7.0000;70.0000;1;0;0;0;0;0;2;112.0000;-2391.0000;102.0000;270;267;312;0;0;17406
22838;277;0;0;240;250;235;72.0000;93.0000;85.0000;36.0000;7.0000;70.0000;1;0;0;0;0;0;2;78.0000;-2391.0000;102.0000;270;267;312;0;0;17406
22848;277;0;0;240;250;235;72.0000;93.0000;85.0000;36.0000;7.0000;70.0000;1;0;0;0;0;0;2;78.0000;-2391.0000;102.0000;270;267;312;0;0;17406
22859;277;0;0;240;250;235;72.0000;93.0000;85.0000;36.0000;7.0000;70.0000;1;0;0;0;0;0;2;78.0000;-2391.0000;102.0000;270;267;312;0;0;17406
22869;277;0;0;240;250;235;72.0000;93.0000;85.0000;36.0000;7.0000;70.0000;1;0;0;0;0;0;2;78.0000;-2391.0000;102.0000;270;267;312;0;0;17406
22879;277;0;0;240;250;235;72.0000;93.0000;85.0000;36.0000;7.0000;70.0000;1;0;0;0;0;0;2;78.0000;-2391.0000;102.0000;270;267;312;0;0;17406
22890;277;0;0;240;250;235;72.0000;93.0000;85.0000;36.0000;7.0000;70.0000;1;0;0;0;0;0;2;78.0000;-2391.0000;102.0000;270;267;312;0;0;17406
22900;277;0;0;240;250;235;72.0000;93.0000;85.0000;36.0000;7.0000;70.0000;1;0;0;0;0;0;2;78.0000;-2391.0000;102.0000;270;267;312;0;0;17406
22911;277;0;0;240;250;235;75.0000;93.0000;85.0000;36.0000;7.0000;70.0000;1;0;0;0;0;0;2;78.0000;-2391.0000;72.0000;270;267;312;0;0;17406
22923;277;0;0;240;250;235;75.0000;-13.0000;85.0000;36.0000;7.0000;70.0000;1;0;0;0;0;0;2;78.0000;-2391.0000;72.0000;270;267;312;0;0;17406
22933;277;0;0;240;250;235;75.0000;-13.0000;85.0000;36.0000;7.0000;70.0000;1;0;0;0;0;0;2;75.0000;-2391.0000;72.0000;270;267;312;0;0;17406
22944;277;0;0;240;250;235;75.0000;-13.0000;108.0000;36.0000;7.0000;70.0000;1;0;0;0;0;0;2;75.0000;-2391.0000;72.0000;270;267;312;0;0;17406
22955;277;0;0;240;250;235;75.0000;-13.0000;108.0000;36.0000;7.0000;70.0000;1;0;0;0;0;0;2;75.0000;-2391.0000;72.0000;270;267;312;0;0;17406
22965;277;0;0;240;250;235;75.0000;-13.0000;108.0000;36.0000;7.0000;70.0000;1;0;0;0;0;0;2;75.0000;-2391.0000;72.0000;270;267;312;0;0;17406
22975;277;0;0;240;250;235;75.0000;-13.0000;108.0000;36.0000;7.0000;70.0000;1;0;0;0;0;0;2;75.0000;-2391.0000;72.0000;270;267;312;0;0;17406
22986;277;0;0;240;250;235;75.0000;-13.0000;108.0000;36.0000;7.0000;70.0000;1;0;0;0;0;0;2;75.0000;-2391.0000;72.0000;270;267;312;0;0;17406
22996;277;0;0;240;250;235;75.0000;-13.0000;108.0000;36.0000;7.0000;70.0000;1;0;0;0;0;0;2;75.0000;-2391.0000;72.0000;270;267;312;0;0;17406
23006;277;0;0;240;250;235;75.0000;-13.0000;108.0000;36.0000;7.0000;70.0000;1;0;0;0;0;0;2;75.0000;-2391.0000;72.0000;270;267;312;0;0;17406
23018;277;0;0;240;250;235;115.0000;-13.0000;108.0000;36.0000;7.0000;70.0000;1;0;0;0;0;0;2;75.0000;-2391.0000;132.0000;270;267;312;0;0;17406
23029;277;0;0;240;250;235;115.0000;-26.0000;108.0000;36.0000;7.0000;70.0000;1;0;0;0;0;0;2;75.0000;-2391.0000;132.0000;270;267;312;0;0;17406
23042;277;0;0;240;250;235;115.0000;-26.0000;108.0000;36.0000;7.0000;70.0000;1;0;0;0;0;0;2;125.0000;-2391.0000;132.0000;270;267;312;0;0;17400
23054;277;0;0;240;250;235;115.0000;-26.0000;102.0000;36.0000;7.0000;70.0000;1;0;0;0;0;0;2;125.0000;-2391.0000;132.0000;270;267;312;0;0;17376
23065;277;0;0;240;250;235;115.0000;-26.0000;102.0000;36.0000;7.0000;70.0000;1;0;0;0;0;0;2;125.0000;-2391.0000;132.0000;270;267;312;0;0;17376
23076;277;0;0;240;250;235;115.0000;-26.0000;102.0000;36.0000;7.0000;70.0000;1;0;0;0;0;0;2;125.0000;-2391.0000;132.0000;270;267;312;0;0;17376
23086;277;0;0;240;250;235;115.0000;-26.0000;102.0000;36.0000;7.0000;70.0000;1;0;0;0;0;0;2;125.0000;-2391.0000;132.0000;270;267;312;0;0;17376
23097;277;0;0;240;250;235;115.0000;-26.0000;102.0000;36.0000;7.0000;70.0000;1;0;0;0;0;0;2;125.0000;-2391.0000;132.0000;270;267;312;0;0;17376
23107;277;0;0;240;250;235;115.0000;-26.0000;102.0000;36.0000;7.0000;70.0000;1;0;0;0;0;0;2;125.0000;-2391.0000;132.0000;270;267;312;0;0;17376
23117;277;0;0;240;250;235;119.0000;-26.0000;102.0000;36.0000;7.0000;70.0000;1;0;0;0;0;0;2;125.0000;-2391.0000;68.0000;270;267;312;0;0;17376
23128;277;0;0;240;250;235;119.0000;0.0000;102.0000;36.0000;7.0000;70.0000;1;0;0;0;0;0;2;125.0000;-2391.0000;68.0000;270;267;312;0;0;17376
23139;277;0;0;240;250;235;119.0000;0.0000;102.0000;36.0000;7.0000;70.0000;1;0;0;0;0;0;2;78.0000;-2391.0000;68.0000;270;267;312;0;0;17376
23149;277;0;0;240;250;235;119.0000;0.0000;122.0000;36.0000;7.0000;70.0000;1;0;0;0;0;0;2;78.0000;-2391.0000;68.0000;270;267;312;0;0;17376
23160;277;0;0;240;250;235;119.0000;0.0000;122.0000;36.0000;7.0000;70.0000;1;0;0;0;0;0;2;78.0000;-2391.0000;68.0000;270;267;312;0;0;17376
23170;277;0;0;240;250;235;119.0000;0.0000;122.0000;36.0000;7.0000;70.0000;1;0;0;0;0;0;2;78.0000;-2391.0000;68.0000;270;267;312;0;0;17376
23181;277;0;0;240;250;235;119.0000;0.0000;122.0000;36.0000;7.0000;70.0000;1;0;0;0;0;0;2;78.0000;-2391.0000;68.0000;270;267;312;0;0;17376
23191;277;0;0;240;250;235;119.0000;0.0000;122.0000;36.0000;7.0000;70.0000;1;0;0;0;0;0;2;78.0000;-2391.0000;68.0000;270;267;312;0;0;17376
23202;277;0;0;240;250;235;119.0000;0.0000;122.0000;36.0000;7.0000;70.0000;1;0;0;0;0;0;2;78.0000;-2391.0000;68.0000;270;267;312;0;0;17376
23212;277;0;0;240;250;235;105.0000;0.0000;122.0000;36.0000;7.0000;70.0000;1;0;0;0;0;0;2;78.0000;-2391.0000;68.0000;270;267;312;0;0;17376
23223;277;0;0;240;250;235;105.0000;0.0000;122.0000;44.0000;7.0000;70.0000;1;0;0;0;0;0;2;78.0000;-2391.0000;88.0000;270;267;312;0;0;17376
23233;277;0;0;240;250;235;105.0000;161.0000;122.0000;44.0000;7.0000;70.0000;1;0;0;0;0;0;2;78.0000;-2391.0000;88.0000;270;267;312;0;0;17376
23244;277;0;0;240;250;235;105.0000;161.0000;122.0000;44.0000;7.0000;70.0000;1;0;0;0;0;0;2;105.0000;-2391.0000;88.0000;270;267;312;0;0;17376
23254;277;0;0;240;250;235;105.0000;161.0000;85.0000;44.0000;7.0000;70.0000;1;0;0;0;0;0;2;105.0000;-2391.0000;88.0000;270;267;312;0;0;17376
23265;277;0;0;240;250;235;105.0000;161.0000;85.0000;44.0000;7.0000;70.0000;1;0;0;0;0;0;2;105.0000;-2391.0000;88.0000;270;267;312;0;0;19428
23275;277;0;0;240;250;235;105.0000;161.0000;85.0000;44.0000;7.0000;70.0000;1;0;0;0;0;0;2;105.0000;-2391.0000;88.0000;270;267;312;0;0;19428
23286;277;0;0;240;250;235;105.0000;161.0000;85.0000;44.0000;7.0000;70.0000;1;0;0;0;0;0;2;105.0000;-2391.0000;88.0000;270;267;312;0;0;19428
23304;277;0;0;240;250;235;105.0000;161.0000;85.0000;44.0000;7.0000;70.0000;1;0;0;0;0;0;2;105.0000;-2391.0000;88.0000;270;267;312;0;0;19428
23314;277;0;0;240;250;235;79.0000;161.0000;85.0000;44.0000;7.0000;70.0000;1;0;0;0;0;0;2;105.0000;-2391.0000;88.0000;270;267;312;0;0;19428
23325;277;0;0;240;250;235;79.0000;161.0000;85.0000;44.0000;7.0000;70.0000;1;0;0;0;0;0;2;105.0000;-2391.0000;98.0000;270;267;312;0;0;19428
23337;277;0;0;240;250;235;79.0000;-26.0000;85.0000;44.0000;7.0000;70.0000;1;0;0;0;0;0;2;105.0000;-2391.0000;98.0000;270;267;312;0;0;19428
23348;277;0;0;240;250;235;79.0000;-26.0000;108.0000;44.0000;7.0000;70.0000;1;0;0;0;0;0;2;115.0000;-2391.0000;98.0000;270;267;312;0;0;19428
23359;277;0;0;240;250;235;79.0000;-26.0000;108.0000;44.0000;7.0000;70.0000;1;0;0;0;0;0;2;115.0000;-2391.0000;98.0000;270;267;312;0;0;19428
23369;277;0;0;240;250;235;79.0000;-26.0000;108.0000;44.0000;7.0000;70.0000;1;0;0;0;0;0;2;115.0000;-2391.0000;98.0000;270;267;312;0;0;19428
23379;277;0;0;240;250;235;79.0000;-26.0000;108.0000;44.0000;7.0000;70.0000;1;0;0;0;0;0;2;115.0000;-2391.0000;98.0000;270;267;312;0;0;19428
23390;277;0;0;240;250;235;79.0000;-26.0000;108.0000;44.0000;7.0000;70.0000;1;0;0;0;0;0;2;115.0000;-2391.0000;98.0000;270;267;312;0;0;19428
23400;277;0;0;240;250;235;79.0000;-26.0000;108.0000;44.0000;7.0000;70.0000;1;0;0;0;0;0;2;115.0000;-2391.0000;98.0000;270;267;312;0;0;19428
23411;277;0;0;240;250;235;79.0000;-26.0000;108.0000;44.0000;7.0000;70.0000;1;0;0;0;0;0;2;115.0000;-2391.0000;98.0000;270;267;312;0;0;19428
23422;277;0;0;240;250;235;82.0000;-26.0000;108.0000;44.0000;7.0000;70.0000;1;0;0;0;0;0;2;115.0000;-2391.0000;135.0000;270;267;312;0;0;19428
23433;277;0;0;240;250;235;82.0000;53.0000;108.0000;44.0000;7.0000;70.0000;1;0;0;0;0;0;2;115.0000;-2391.0000;135.0000;270;267;312;0;0;19428
23443;277;0;0;240;250;235;82.0000;53.0000;108.0000;44.0000;7.0000;70.0000;1;0;0;0;0;0;2;78.0000;-2391.0000;135.0000;270;267;312;0;0;19428
23454;277;0;0;240;250;235;82.0000;53.0000;102.0000;44.0000;7.0000;70.0000;1;0;0;0;0;0;2;78.0000;-2391.0000;135.0000;270;267;312;0;0;19428
23465;277;0;0;240;250;235;82.0000;53.0000;102.0000;44.0000;7.0000;70.0000;1;0;0;0;0;1;2;78.0000;-2391.0000;135.0000;270;267;312;0;0;19428
23475;277;0;0;240;250;235;82.0000;53.0000;102.0000;44.0000;7.0000;70.0000;1;0;0;0;0;1;2;78.0000;-2391.0000;135.0000;270;267;312;0;0;19452
23486;277;0;0;240;250;235;82.0000;53.0000;102.0000;44.0000;7.0000;70.0000;1;0;0;0;0;1;2;78.0000;-2391.0000;135.0000;270;267;312;0;0;19452
23496;277;0;0;240;250;235;82.0000;53.0000;102.0000;44.0000;7.0000;70.0000;1;0;0;0;0;1;2;78.0000;-2391.0000;135.0000;270;267;312;0;0;19452
23507;277;0;0;240;250;235;82.0000;53.0000;102.0000;44.0000;7.0000;70.0000;1;0;0;0;0;1;2;78.0000;-2391.0000;135.0000;270;267;312;0;0;19452
23517;277;0;0;240;250;235;85.0000;53.0000;102.0000;44.0000;7.0000;70.0000;1;0;0;0;0;1;2;78.0000;-2391.0000;135.0000;270;267;312;0;0;19452
23528;277;0;0;240;250;235;85.0000;93.0000;102.0000;44.0000;7.0000;70.0000;1;0;0;0;0;1;2;78.0000;-2391.0000;129.0000;270;267;312;0;0;19452
23539;277;0;0;240;250;235;85.0000;93.0000;102.0000;44.0000;7.0000;70.0000;1;0;0;0;0;1;2;78.0000;-2391.0000;129.0000;270;267;312;0;0;19452
23550;277;0;0;240;250;235;85.0000;93.0000;119.0000;44.0000;7.0000;70.0000;1;0;0;0;0;1;2;122.0000;-2391.0000;129.0000;270;267;312;0;0;19452
23560;277;0;0;240;250;235;85.0000;93.0000;119.0000;44.0000;7.0000;70.0000;1;0;0;0;0;1;2;122.0000;-2391.0000;129.0000;270;267;312;0;0;19452
23571;277;0;0;240;250;235;85.0000;93.0000;119.0000;44.0000;7.0000;70.0000;1;0;0;0;0;1;2;122.0000;-2391.0000;129.0000;270;267;312;0;0;19452
23581;277;0;0;240;250;235;85.0000;93.0000;119.0000;44.0000;7.0000;70.0000;1;0;0;0;0;1;2;122.0000;-2391.0000;129.0000;270;267;312;0;0;19454
23592;277;0;0;240;250;235;85.0000;93.0000;119.0000;44.0000;7.0000;70.0000;1;0;0;0;0;1;2;122.0000;-2391.0000;129.0000;270;267;312;0;0;19454
23602;277;0;0;240;250;235;85.0000;93.0000;119.0000;44.0000;7.0000;70.0000;1;0;0;0;0;1;2;122.0000;-2391.0000;129.0000;270;267;312;0;0;19454
23613;277;0;0;240;250;235;72.0000;93.0000;119.0000;44.0000;7.0000;70.0000;1;0;0;0;0;1;2;122.0000;-2391.0000;129.0000;270;267;312;0;0;19454
23625;277;0;0;240;250;235;72.0000;93.0000;119.0000;44.0000;7.0000;70.0000;1;0;0;0;0;1;2;122.0000;-2391.0000;112.0000;270;267;312;0;0;19454
23636;277;0;0;240;250;235;72.0000;147.0000;119.0000;44.0000;7.0000;70.0000;1;0;0;0;0;1;2;122.0000;-2391.0000;112.0000;270;267;312;0;0;19454
23646;277;0;0;240;250;235;72.0000;147.0000;119.0000;44.0000;7.0000;70.0000;1;0;0;0;0;1;2;71.0000;-2391.0000;112.0000;270;267;312;0;0;19454
23657;277;0;0;240;250;235;72.0000;147.0000;142.0000;44.0000;7.0000;70.0000;1;0;0;0;0;1;2;71.0000;-2391.0000;112.0000;270;267;312;0;0;19454
23668;277;0;0;240;250;235;72.0000;147.0000;142.0000;44.0000;7.0000;70.0000;1;0;0;0;0;1;2;71.0000;-2391.0000;112.0000;270;267;312;0;0;19454
23678;277;0;0;240;250;235;72.0000;147.0000;142.0000;44.0000;7.0000;70.0000;1;0;0;0;0;1;2;71.0000;-2391.0000;112.0000;270;267;312;0;0;19454
23688;277;0;0;240;250;235;72.0000;147.0000;142.0000;44.0000;7.0000;70.0000;1;0;0;0;0;1;2;71.0000;-2391.0000;112.0000;270;267;312;0;0;19454
23699;277;0;0;240;250;235;72.0000;147.0000;142.0000;44.0000;7.0000;70.0000;1;0;0;0;0;1;2;71.0000;-2391.0000;112.0000;270;267;312;0;0;19454
23709;277;0;0;240;250;235;72.0000;147.0000;142.0000;44.0000;7.0000;70.0000;1;0;0;0;0;1;2;71.0000;-2391.0000;112.0000;270;267;312;0;0;19454
23719;277;0;0;240;250;235;122.0000;147.0000;142.0000;44.0000;7.0000;70.0000;1;0;0;0;0;1;2;71.0000;-2391.0000;112.0000;270;267;312;0;0;19454
23731;277;0;0;240;250;235;122.0000;147.0000;142.0000;44.0000;7.0000;70.0000;1;0;0;0;0;1;2;71.0000;-2391.0000;132.0000;270;267;312;0;0;19454
23742;277;0;0;240;250;235;122.0000;147.0000;142.0000;44.0000;7.0000;70.0000;1;0;0;0;0;1;2;125.0000;-2391.0000;132.0000;270;267;312;0;0;19454
23752;277;0;0;240;250;235;122.0000;147.0000;132.0000;44.0000;7.0000;70.0000;1;0;0;0;0;1;2;125.0000;-2391.0000;132.0000;270;267;312;0;0;19454
23763;277;0;0;240;250;235;122.0000;147.0000;132.0000;44.0000;7.0000;70.0000;1;0;0;0;0;1;2;125.0000;-2391.0000;132.0000;270;267;312;0;0;19454
23773;277;0;0;240;250;235;122.0000;147.0000;132.0000;44.0000;7.0000;70.0000;1;0;0;0;0;1;2;125.0000;-2391.0000;132.0000;270;267;312;0;0;19454
23783;277;0;0;240;250;235;122.0000;147.0000;132.0000;44.0000;7.0000;70.0000;1;0;0;0;0;1;2;125.0000;-2391.0000;132.0000;270;267;312;0;0;19454
23794;277;0;0;240;250;235;122.0000;147.0000;132.0000;44.0000;7.0000;70.0000;1;0;0;0;0;1;2;125.0000;-2391.0000;132.0000;270;267;312;0;0;19454
23805;277;0;0;240;250;235;122.0000;147.0000;132.0000;44.0000;7.0000;70.0000;1;0;0;0;0;1;2;125.0000;-2391.0000;132.0000;270;267;312;0;0;19454
23816;277;0;0;240;250;235;115.0000;147.0000;132.0000;44.0000;7.0000;70.0000;1;0;0;0;0;1;2;125.0000;-2391.0000;132.0000;270;267;312;0;0;19454
23827;277;0;0;240;250;235;115.0000;147.0000;132.0000;44.0000;7.0000;70.0000;1;0;0;0;0;1;2;125.0000;-2391.0000;139.0000;270;267;312;0;0;19454
23837;277;0;0;240;250;235;115.0000;134.0000;132.0000;44.0000;7.0000;70.0000;1;0;0;0;0;1;2;125.0000;-2391.0000;139.0000;270;267;312;0;0;19454
23848;277;0;0;240;250;235;115.0000;134.0000;132.0000;44.0000;7.0000;70.0000;1;0;0;0;0;1;2;88.0000;-2391.0000;139.0000;270;267;312;0;0;19454
23859;277;0;0;240;250;235;115.0000;134.0000;85.0000;44.0000;7.0000;70.0000;1;0;0;0;0;1;2;88.0000;-2391.0000;139.0000;270;267;312;0;0;19454
23869;277;0;0;240;250;235;115.0000;134.0000;85.0000;44.0000;7.0000;70.0000;1;0;0;0;0;1;2;88.0000;-2391.0000;139.0000;270;267;312;0;0;19454
23879;277;0;0;240;250;235;115.0000;134.0000;85.0000;44.0000;7.0000;70.0000;1;0;0;0;0;1;2;88.0000;-2391.0000;139.0000;270;267;312;0;0;19454
23890;277;0;0;240;250;235;115.0000;134.0000;85.0000;44.0000;7.0000;70.0000;1;0;0;0;0;1;2;88.0000;-2391.0000;139.0000;270;267;312;0;0;19454
23900;277;0;0;240;250;235;115.0000;134.0000;85.0000;44.0000;7.0000;70.0000;1;0;0;0;0;1;2;88.0000;-2391.0000;139.0000;270;267;312;0;0;19454
23910;277;0;0;240;250;235;115.0000;134.0000;85.0000;44.0000;7.0000;70.0000;1;0;0;0;0;1;2;88.0000;-2391.0000;139.0000;270;267;312;0;0;19454
23922;277;0;0;240;250;235;112.0000;134.0000;85.0000;44.0000;7.0000;70.0000;1;0;0;0;0;1;2;88.0000;-2391.0000;139.0000;270;267;312;0;0;19454
23932;277;0;0;240;250;235;112.0000;201.0000;85.0000;44.0000;7.0000;70.0000;1;0;0;0;0;1;2;88.0000;-2391.0000;95.0000;270;267;312;0;0;19454
23943;277;0;0;240;250;235;112.0000;201.0000;85.0000;44.0000;7.0000;70.0000;1;0;0;0;0;1;2;71.0000;-2391.0000;95.0000;270;267;312;0;0;19454
23954;277;0;0;240;250;235;112.0000;201.0000;119.0000;44.0000;7.0000;70.0000;1;0;0;0;0;1;2;71.0000;-2391.0000;95.0000;270;267;312;0;0;19454
23965;277;0;0;240;250;235;112.0000;201.0000;119.0000;44.0000;7.0000;70.0000;1;0;0;0;0;1;2;71.0000;-2391.0000;95.0000;270;267;312;0;0;19454
23975;277;0;0;240;250;235;112.0000;201.0000;119.0000;44.0000;7.0000;70.0000;1;0;0;0;0;1;2;71.0000;-2391.0000;95.0000;270;267;312;0;0;19454
23986;277;0;0;240;250;235;112.0000;201.0000;119.0000;44.0000;7.0000;70.0000;1;0;0;0;0;1;2;71.0000;-2391.0000;95.0000;270;267;312;0;0;19424
23996;277;0;0;240;250;235;112.0000;201.0000;119.0000;44.0000;7.0000;70.0000;1;0;0;0;0;1;2;71.0000;-2391.0000;95.0000;270;267;312;0;0;19424
24007;277;0;0;240;250;235;112.0000;201.0000;119.0000;44.0000;7.0000;70.0000;1;0;0;0;0;1;2;71.0000;-2391.0000;95.0000;270;267;312;0;0;19424
24017;277;0;0;240;250;235;109.0000;201.0000;119.0000;44.0000;7.0000;70.0000;1;0;0;0;0;1;2;71.0000;-2391.0000;95.0000;270;267;312;0;0;19424
24028;277;0;0;240;250;235;109.0000;201.0000;119.0000;44.0000;7.0000;70.0000;1;0;0;0;0;1;2;71.0000;-2391.0000;132.0000;270;267;312;0;0;19424
24040;277;0;0;240;250;235;109.0000;147.0000;119.0000;44.0000;7.0000;70.0000;1;0;0;0;0;1;2;71.0000;-2391.0000;132.0000;270;267;312;0;0;19424
24052;277;0;0;240;250;235;109.0000;147.0000;119.0000;44.0000;7.0000;70.0000;1;0;0;0;0;1;2;139.0000;-2391.0000;132.0000;270;267;312;0;0;19424
24062;277;0;0;240;250;235;109.0000;147.0000;82.0000;44.0000;7.0000;70.0000;1;0;0;0;0;1;2;139.0000;-2391.0000;132.0000;270;267;312;0;0;19424
24073;277;0;0;240;250;235;109.0000;147.0000;82.0000;44.0000;7.0000;70.0000;1;0;0;0;0;1;2;139.0000;-2391.0000;132.0000;270;267;312;0;0;19424
24083;277;0;0;240;250;235;109.0000;147.0000;82.0000;44.0000;7.0000;70.0000;1;0;0;0;0;1;2;139.0000;-2391.0000;132.0000;270;267;312;0;0;19424
24094;277;0;0;240;250;235;109.0000;147.0000;82.0000;44.0000;7.0000;70.0000;1;0;0;0;0;1;2;139.0000;-2391.0000;132.0000;270;267;312;0;0;19424
24106;277;0;0;240;250;235;109.0000;147.0000;82.0000;44.0000;7.0000;70.0000;1;0;0;0;0;1;2;139.0000;-2391.0000;132.0000;270;267;312;0;0;19424
24118;277;0;0;240;250;235;99.0000;147.0000;82.0000;44.0000;7.0000;70.0000;1;0;0;0;0;1;2;139.0000;-2391.0000;132.0000;270;267;312;0;0;19424
24129;277;0;0;240;250;235;99.0000;147.0000;82.0000;44.0000;7.0000;70.0000;1;0;0;0;0;1;2;139.0000;-2391.0000;115.0000;270;267;312;0;0;19424
24139;277;0;0;240;250;235;99.0000;-13.0000;82.0000;44.0000;7.0000;70.0000;1;0;0;0;0;1;2;139.0000;-2391.0000;115.0000;270;267;312;0;0;19424
24150;277;0;0;240;250;235;99.0000;-13.0000;82.0000;44.0000;7.0000;70.0000;1;0;0;0;0;1;2;71.0000;-2391.0000;115.0000;270;267;312;0;0;19424
24161;277;0;0;240;250;235;99.0000;-13.0000;115.0000;44.0000;7.0000;70.0000;1;0;0;0;0;1;2;71.0000;-2391.0000;115.0000;270;267;312;0;0;19424
24171;277;0;0;240;250;235;99.0000;-13.0000;115.0000;44.0000;7.0000;70.0000;1;0;0;0;0;1;2;71.0000;-2391.0000;115.0000;270;267;312;0;0;19424
24182;277;0;0;240;250;235;99.0000;-13.0000;115.0000;44.0000;7.0000;70.0000;1;0;0;0;0;1;2;71.0000;-2391.0000;115.0000;270;267;312;0;0;19424
24192;277;0;0;240;250;235;99.0000;-13.0000;115.0000;44.0000;7.0000;70.0000;1;0;0;0;0;1;2;71.0000;-2391.0000;115.0000;270;267;312;0;0;19424
24203;277;0;0;240;250;235;99.0000;-13.0000;115.0000;44.0000;7.0000;70.0000;1;0;0;0;0;1;2;71.0000;-2391.0000;115.0000;270;267;312;0;0;19424
24213;277;0;0;240;250;235;99.0000;-13.0000;115.0000;44.0000;7.0000;70.0000;1;0;0;0;0;1;2;71.0000;-2391.0000;115.0000;270;267;312;0;0;19424
24224;277;0;0;240;250;235;109.0000;-13.0000;115.0000;53.0000;7.0000;70.0000;1;0;0;0;0;1;2;71.0000;-2391.0000;115.0000;270;267;312;0;0;19424
24235;277;0;0;240;250;235;109.0000;134.0000;115.0000;53.0000;7.0000;70.0000;1;0;0;0;0;1;2;71.0000;-2391.0000;135.0000;270;267;312;0;0;19424
24245;277;0;0;240;250;235;109.0000;134.0000;115.0000;53.0000;7.0000;70.0000;1;0;0;0;0;1;2;115.0000;-2391.0000;135.0000;270;267;312;0;0;19424
24257;277;0;0;240;250;235;109.0000;134.0000;75.0000;53.0000;7.0000;70.0000;1;0;0;0;0;1;2;115.0000;-2391.0000;135.0000;270;267;312;0;0;19424
24267;277;0;0;240;250;235;109.0000;134.0000;75.0000;53.0000;7.0000;70.0000;1;0;0;0;0;1;2;115.0000;-2391.0000;135.0000;270;267;312;0;0;19424
24278;277;0;0;240;250;235;109.0000;134.0000;75.0000;53.0000;7.0000;70.0000;1;0;0;0;0;1;2;115.0000;-2391.0000;135.0000;270;267;312;0;0;19424
24288;277;0;0;240;250;235;109.0000;134.0000;75.0000;53.0000;7.0000;70.0000;1;0;0;0;0;1;2;115.0000;-2391.0000;135.0000;270;267;312;0;0;19424
24299;277;0;0;240;250;235;109.0000;134.0000;75.0000;53.0000;7.0000;70.0000;1;0;0;0;0;1;2;115.0000;-2391.0000;135.0000;270;267;312;0;0;19428
24309;277;0;0;240;250;235;109.0000;134.0000;75.0000;53.0000;7.0000;70.0000;1;0;0;0;0;1;2;115.0000;-2391.0000;135.0000;270;267;312;0;0;19428
24320;277;0;0;240;250;235;85.0000;134.0000;75.0000;53.0000;7.0000;70.0000;1;0;0;0;0;1;2;115.0000;-2391.0000;135.0000;270;267;312;0;0;19428
24331;277;0;0;240;250;235;85.0000;134.0000;75.0000;53.0000;7.0000;70.0000;1;0;0;0;0;1;2;115.0000;-2391.0000;129.0000;270;267;312;0;0;19428
24342;277;0;0;240;250;235;85.0000;80.0000;75.0000;53.0000;7.0000;70.0000;1;0;0;0;0;1;2;115.0000;-2391.0000;129.0000;270;267;312;0;0;19428
24352;277;0;0;240;250;235;85.0000;80.0000;75.0000;53.0000;7.0000;70.0000;1;0;0;0;0;1;2;128.0000;-2391.0000;129.0000;270;267;312;0;0;19428
24363;277;0;0;240;250;235;85.0000;80.0000;108.0000;53.0000;7.0000;70.0000;1;0;0;0;0;1;2;128.0000;-2391.0000;129.0000;270;267;312;0;0;19428
24373;277;0;0;240;250;235;85.0000;80.0000;108.0000;53.0000;7.0000;70.0000;1;0;0;0;0;1;2;128.0000;-2391.0000;129.0000;270;267;312;0;0;19428
24384;277;0;0;240;250;235;85.0000;80.0000;108.0000;53.0000;7.0000;70.0000;1;0;0;0;0;1;2;128.0000;-2391.0000;129.0000;270;267;312;0;0;19428
24396;277;0;0;240;250;235;85.0000;80.0000;108.0000;53.0000;7.0000;70.0000;1;0;0;0;0;1;2;128.0000;-2391.0000;129.0000;270;267;312;0;0;19428
24410;277;0;0;240;250;235;85.0000;80.0000;108.0000;53.0000;7.0000;70.0000;1;0;0;0;0;1;2;128.0000;-2391.0000;129.0000;270;267;312;0;0;19428
24420;277;0;0;240;250;235;105.0000;80.0000;108.0000;53.0000;7.0000;70.0000;1;0;0;0;0;1;2;128.0000;-2391.0000;129.0000;270;267;312;0;0;19428
24431;277;0;0;240;250;235;105.0000;80.0000;108.0000;53.0000;7.0000;70.0000;1;0;0;0;0;1;2;128.0000;-2391.0000;61.0000;270;267;312;0;0;19428
24441;277;0;0;240;250;235;105.0000;214.0000;108.0000;53.0000;7.0000;70.0000;1;0;0;0;0;1;2;128.0000;-2391.0000;61.0000;270;267;312;0;0;19428
24452;277;0;0;240;250;235;105.0000;214.0000;108.0000;53.0000;7.0000;70.0000;1;0;0;0;0;1;2;142.0000;-2391.0000;61.0000;270;267;312;0;0;19428
24463;277;0;0;240;250;235;105.0000;214.0000;108.0000;53.0000;7.0000;70.0000;1;0;0;0;0;0;2;142.0000;-2391.0000;61.0000;270;267;312;0;0;19428
24474;277;0;0;240;250;235;105.0000;214.0000;108.0000;53.0000;7.0000;70.0000;1;0;0;0;0;0;2;142.0000;-2391.0000;61.0000;270;267;312;0;0;19428
24485;277;0;0;240;250;235;105.0000;214.0000;108.0000;53.0000;7.0000;70.0000;1;0;0;0;0;0;2;142.0000;-2391.0000;61.0000;270;267;312;0;0;19428
24495;277;0;0;240;250;235;105.0000;214.0000;108.0000;53.0000;7.0000;70.0000;1;0;0;0;0;0;2;142.0000;-2391.0000;61.0000;270;267;312;0;0;19428
24506;277;0;0;240;250;235;105.0000;214.0000;108.0000;53.0000;7.0000;70.0000;1;0;0;0;0;0;2;142.0000;-2391.0000;61.0000;270;267;312;0;0;19454
24516;277;0;0;240;250;235;105.0000;214.0000;108.0000;53.0000;7.0000;70.0000;1;0;0;0;0;0;2;142.0000;-2391.0000;61.0000;270;267;312;0;0;19454
24527;277;0;0;240;250;235;72.0000;214.0000;108.0000;53.0000;7.0000;70.0000;1;0;0;0;0;0;2;142.0000;-2391.0000;78.0000;270;267;312;0;0;19454
24538;277;0;0;240;250;235;72.0000;-40.0000;108.0000;53.0000;7.0000;70.0000;1;0;0;0;0;0;2;142.0000;-2391.0000;78.0000;270;267;312;0;0;19454
24549;277;0;0;240;250;235;72.0000;-40.0000;108.0000;53.0000;7.0000;70.0000;1;0;0;0;0;0;2;115.0000;-2391.0000;78.0000;270;267;312;0;0;19454
24559;277;0;0;240;250;235;72.0000;-40.0000;72.0000;53.0000;7.0000;70.0000;1;0;0;0;0;0;2;115.0000;-2391.0000;78.0000;270;267;312;0;0;19454
24570;277;0;0;240;250;235;72.0000;-40.0000;72.0000;53.0000;7.0000;70.0000;1;0;0;0;0;0;2;115.0000;-2391.0000;78.0000;270;267;312;0;0;19454
24580;277;0;0;240;250;235;72.0000;-40.0000;72.0000;53.0000;7.0000;70.0000;1;0;0;0;0;0;2;115.0000;-2391.0000;78.0000;270;267;312;0;0;19454
24591;277;0;0;240;250;235;72.0000;-40.0000;72.0000;53.0000;7.0000;70.0000;1;0;0;0;0;0;2;115.0000;-2391.0000;78.0000;270;267;312;0;0;19454
24601;277;0;0;240;250;235;72.0000;-40.0000;72.0000;53.0000;7.0000;70.0000;1;0;0;0;0;0;2;115.0000;-2391.0000;78.0000;270;267;312;0;0;19454
24611;277;0;0;240;250;235;72.0000;-40.0000;72.0000;53.0000;7.0000;70.0000;1;0;0;0;0;0;2;115.0000;-2391.0000;78.0000;270;267;312;0;0;19454
24622;277;0;0;240;250;235;102.0000;-40.0000;72.0000;53.0000;7.0000;70.0000;1;0;0;0;0;0;2;115.0000;-2391.0000;78.0000;270;267;312;0;0;19454
24632;277;0;0;240;250;235;102.0000;-40.0000;72.0000;53.0000;7.0000;70.0000;1;0;0;0;0;0;2;115.0000;-2391.0000;125.0000;270;267;312;0;0;19454
24643;277;0;0;240;250;235;102.0000;67.0000;72.0000;53.0000;7.0000;70.0000;1;0;0;0;0;0;2;115.0000;-2391.0000;125.0000;270;267;312;0;0;19454
24653;277;0;0;240;250;235;102.0000;67.0000;72.0000;53.0000;7.0000;70.0000;1;0;0;0;0;0;2;122.0000;-2391.0000;125.0000;270;267;312;0;0;19454
24664;277;0;0;240;250;235;102.0000;67.0000;98.0000;53.0000;7.0000;70.0000;1;0;0;0;0;0;2;122.0000;-2391.0000;125.0000;270;267;312;0;0;19454
24674;277;0;0;240;250;235;102.0000;67.0000;98.0000;53.0000;7.0000;70.0000;1;0;0;0;0;0;2;122.0000;-2391.0000;125.0000;270;267;312;0;0;19454
24685;277;0;0;240;250;235;102.0000;67.0000;98.0000;53.0000;7.0000;70.0000;1;0;0;0;0;0;2;122.0000;-2391.0000;125.0000;270;267;312;0;0;19454
24695;277;0;0;240;250;235;102.0000;67.0000;98.0000;53.0000;7.0000;70.0000;1;0;0;0;0;0;2;122.0000;-2391.0000;125.0000;270;267;312;0;0;19454
24705;277;0;0;240;250;235;102.0000;67.0000;98.0000;53.0000;7.0000;70.0000;1;0;0;0;0;0;2;122.0000;-2391.0000;125.0000;270;267;312;0;0;19454
24716;277;0;0;240;250;235;102.0000;67.0000;98.0000;53.0000;7.0000;70.0000;1;0;0;0;0;0;2;122.0000;-2391.0000;125.0000;270;267;312;0;0;19454
24727;277;0;0;240;250;235;122.0000;67.0000;98.0000;53.0000;7.0000;70.0000;1;0;0;0;0;0;2;122.0000;-2391.0000;125.0000;270;267;312;0;0;19454
24738;277;0;0;240;250;235;122.0000;147.0000;98.0000;53.0000;7.0000;70.0000;1;0;0;0;0;0;2;122.0000;-2391.0000;105.0000;270;267;312;0;0;19454
24749;277;0;0;240;250;235;122.0000;147.0000;98.0000;53.0000;7.0000;70.0000;1;0;0;0;0;0;2;135.0000;-2391.0000;105.0000;270;267;312;0;0;19454
24759;277;0;0;240;250;235;122.0000;147.0000;145.0000;53.0000;7.0000;70.0000;1;0;0;0;0;0;2;135.0000;-2391.0000;105.0000;270;267;312;0;0;19454
24770;277;0;0;240;250;235;122.0000;147.0000;145.0000;53.0000;7.0000;70.0000;1;0;0;0;0;0;2;135.0000;-2391.0000;105.0000;270;267;312;0;0;19454
24780;277;0;0;240;250;235;122.0000;147.0000;145.0000;53.0000;7.0000;70.0000;1;0;0;0;0;0;2;135.0000;-2391.0000;105.0000;270;267;312;0;0;19454
24790;277;0;0;240;250;235;122.0000;147.0000;145.0000;53.0000;7.0000;70.0000;1;0;0;0;0;0;2;135.0000;-2391.0000;105.0000;270;267;312;0;0;19454
24801;277;0;0;240;250;235;122.0000;147.0000;145.0000;53.0000;7.0000;70.0000;1;0;0;0;0;0;2;135.0000;-2391.0000;105.0000;270;267;312;0;0;19454
24811;277;0;0;240;250;235;122.0000;147.0000;145.0000;53.0000;7.0000;70.0000;1;0;0;0;0;0;2;135.0000;-2391.0000;105.0000;270;267;312;0;0;19454
24822;277;0;0;240;250;235;122.0000;147.0000;145.0000;53.0000;7.0000;70.0000;1;0;0;0;0;0;2;135.0000;-2391.0000;105.0000;270;267;312;0;0;19454
24833;277;0;0;240;250;235;122.0000;147.0000;145.0000;53.0000;7.0000;70.0000;1;0;0;0;0;0;2;135.0000;-2391.0000;75.0000;270;267;312;0;0;19454
24843;277;0;0;240;250;235;122.0000;174.0000;145.0000;53.0000;7.0000;70.0000;1;0;0;0;0;0;2;135.0000;-2391.0000;75.0000;270;267;312;0;0;19454
24854;277;0;0;240;250;235;122.0000;174.0000;145.0000;53.0000;7.0000;70.0000;1;0;0;0;0;0;2;139.0000;-2391.0000;75.0000;270;267;312;0;0;19454
24864;277;0;0;240;250;235;122.0000;174.0000;135.0000;53.0000;7.0000;70.0000;1;0;0;0;0;0;2;139.0000;-2391.0000;75.0000;270;267;312;0;0;19454
24875;277;0;0;240;250;235;122.0000;174.0000;135.0000;53.0000;7.0000;70.0000;1;0;0;0;0;0;2;139.0000;-2391.0000;75.0000;270;267;312;0;0;19454
24894;277;0;0;240;250;235;122.0000;174.0000;135.0000;53.0000;7.0000;70.0000;1;0;0;0;0;0;2;139.0000;-2391.0000;75.0000;270;267;312;0;0;19454
24904;277;0;0;240;250;235;122.0000;174.0000;135.0000;53.0000;7.0000;70.0000;1;0;0;0;0;0;2;139.0000;-2391.0000;75.0000;270;267;312;0;0;19454
24915;277;0;0;240;250;235;122.0000;174.0000;135.0000;53.0000;7.0000;70.0000;1;0;0;0;0;0;2;139.0000;-2391.0000;75.0000;270;267;312;0;0;19454
24925;277;0;0;240;250;235;95.0000;174.0000;135.0000;53.0000;7.0000;70.0000;1;0;0;0;0;0;2;139.0000;-2391.0000;75.0000;270;267;312;0;0;19454
24936;277;0;0;240;250;235;95.0000;174.0000;135.0000;53.0000;7.0000;70.0000;1;0;0;0;0;0;2;139.0000;-2391.0000;125.0000;270;267;312;0;0;19454
24946;277;0;0;240;250;235;95.0000;53.0000;135.0000;53.0000;7.0000;70.0000;1;0;0;0;0;0;2;139.0000;-2391.0000;125.0000;270;267;312;0;0;19454
24958;277;0;0;240;250;235;95.0000;53.0000;135.0000;53.0000;7.0000;70.0000;1;0;0;0;0;0;2;78.0000;-2391.0000;125.0000;270;267;312;0;0;19454
24968;277;0;0;240;250;235;95.0000;53.0000;98.0000;53.0000;7.0000;70.0000;1;0;0;0;0;0;2;78.0000;-2391.0000;125.0000;270;267;312;0;0;19454
24979;277;0;0;240;250;235;95.0000;53.0000;98.0000;53.0000;7.0000;70.0000;1;0;0;0;0;0;2;78.0000;-2391.0000;125.0000;270;267;312;0;0;19454
24989;277;0;0;240;250;235;95.0000;53.0000;98.0000;53.0000;7.0000;70.0000;1;0;0;0;0;0;2;78.0000;-2391.0000;125.0000;270;267;312;0;0;19454
24999;277;0;0;240;250;235;95.0000;53.0000;98.0000;53.0000;7.0000;70.0000;1;0;0;0;0;0;2;78.0000;-2391.0000;125.0000;270;267;312;0;0;19454
25010;277;0;0;240;250;235;95.0000;53.0000;98.0000;53.0000;7.0000;70.0000;1;0;0;0;0;0;2;78.0000;-2391.0000;125.0000;270;267;312;0;0;19454
25020;277;0;0;240;250;235;95.0000;53.0000;98.0000;53.0000;7.0000;70.0000;1;0;0;0;0;0;2;78.0000;-2391.0000;125.0000;270;267;312;0;0;19424
25033;277;0;0;240;250;235;79.0000;53.0000;98.0000;53.0000;7.0000;70.0000;1;0;0;0;0;0;2;78.0000;-2391.0000;105.0000;270;267;312;0;0;19424
25044;277;0;0;240;250;235;79.0000;53.0000;98.0000;53.0000;7.0000;70.0000;1;0;0;0;0;0;2;78.0000;-2391.0000;105.0000;270;267;312;0;0;19424
25056;277;0;0;240;250;235;79.0000;53.0000;98.0000;53.0000;7.0000;70.0000;1;0;0;0;0;0;2;128.0000;-2391.0000;105.0000;270;267;312;0;0;19424
25066;277;0;0;240;250;235;79.0000;53.0000;108.0000;53.0000;7.0000;70.0000;1;0;0;0;0;0;2;128.0000;-2391.0000;105.0000;270;267;312;0;0;19424
25077;277;0;0;240;250;235;79.0000;53.0000;108.0000;53.0000;7.0000;70.0000;1;0;0;0;0;0;2;128.0000;-2391.0000;105.0000;270;267;312;0;0;19424
25087;277;0;0;240;250;235;79.0000;53.0000;108.0000;53.0000;7.0000;70.0000;1;0;0;0;0;0;2;128.0000;-2391.0000;105.0000;270;267;312;0;0;19424
25098;277;0;0;240;250;235;79.0000;53.0000;108.0000;53.0000;7.0000;70.0000;1;0;0;0;0;0;2;128.0000;-2391.0000;105.0000;270;267;312;0;0;19424
25108;277;0;0;240;250;235;79.0000;53.0000;108.0000;53.0000;7.0000;70.0000;1;0;0;0;0;0;2;128.0000;-2391.0000;105.0000;270;267;312;0;0;19424
25119;277;0;0;240;250;235;79.0000;53.0000;108.0000;53.0000;7.0000;70.0000;1;0;0;0;0;0;2;128.0000;-2391.0000;105.0000;270;267;312;0;0;19424
25129;277;0;0;240;250;235;119.0000;53.0000;108.0000;53.0000;7.0000;70.0000;1;0;0;0;0;0;2;128.0000;-2391.0000;105.0000;270;267;312;0;0;19424
25142;277;0;0;240;250;235;119.0000;26.0000;108.0000;53.0000;7.0000;70.0000;1;0;0;0;0;0;2;128.0000;-2391.0000;122.0000;270;267;312;0;0;19424
25152;277;0;0;240;250;235;119.0000;26.0000;108.0000;53.0000;7.0000;70.0000;1;0;0;0;0;0;2;75.0000;-2391.0000;122.0000;270;267;312;0;0;19424
25163;277;0;0;240;250;235;119.0000;26.0000;78.0000;53.0000;7.0000;70.0000;1;0;0;0;0;0;2;75.0000;-2391.0000;122.0000;270;267;312;0;0;19424
25173;277;0;0;240;250;235;119.0000;26.0000;78.0000;53.0000;7.0000;70.0000;1;0;0;0;0;0;2;75.0000;-2391.0000;122.0000;270;267;312;0;0;19424
25184;277;0;0;240;250;235;119.0000;26.0000;78.0000;53.0000;7.0000;70.0000;1;0;0;0;0;0;2;75.0000;-2391.0000;122.0000;270;267;312;0;0;19424
25194;277;0;0;240;250;235;119.0000;26.0000;78.0000;53.0000;7.0000;70.0000;1;0;0;0;0;0;2;75.0000;-2391.0000;122.0000;270;267;312;0;0;19424
25210;277;0;0;240;250;235;119.0000;26.0000;78.0000;53.0000;7.0000;70.0000;1;0;0;0;0;0;2;75.0000;-2391.0000;122.0000;270;267;312;0;0;19424
25222;277;0;0;240;250;235;119.0000;26.0000;78.0000;53.0000;7.0000;70.0000;1;0;0;0;0;0;2;75.0000;-2391.0000;122.0000;270;267;312;0;0;19424
25233;277;0;0;240;250;235;105.0000;26.0000;78.0000;12.0000;7.0000;70.0000;1;0;0;0;0;0;2;75.0000;-2391.0000;98.0000;270;267;312;0;0;19424
25243;277;0;0;240;250;235;105.0000;-67.0000;78.0000;12.0000;7.0000;70.0000;1;0;0;0;0;0;2;75.0000;-2391.0000;98.0000;270;267;312;0;0;19424
25254;277;0;0;240;250;235;105.0000;-67.0000;78.0000;12.0000;7.0000;70.0000;1;0;0;0;0;0;2;128.0000;-2391.0000;98.0000;270;267;312;0;0;19424
25265;277;0;0;240;250;235;105.0000;-67.0000;88.0000;12.0000;7.0000;70.0000;1;0;0;0;0;0;2;128.0000;-2391.0000;98.0000;270;267;312;0;0;19424
25276;277;0;0;240;250;235;105.0000;-67.0000;88.0000;12.0000;7.0000;70.0000;1;0;0;0;0;0;2;128.0000;-2391.0000;98.0000;270;267;312;0;0;19424
25286;277;0;0;240;250;235;105.0000;-67.0000;88.0000;12.0000;7.0000;70.0000;1;0;0;0;0;0;2;128.0000;-2391.0000;98.0000;270;267;312;0;0;19424
25296;277;0;0;240;250;235;105.0000;-67.0000;88.0000;12.0000;7.0000;70.0000;1;0;0;0;0;0;2;128.0000;-2391.0000;98.0000;270;267;312;0;0;19424
25307;277;0;0;240;250;235;105.0000;-67.0000;88.0000;12.0000;7.0000;70.0000;1;0;0;0;0;0;2;128.0000;-2391.0000;98.0000;270;267;312;0;0;19424
25317;277;0;0;240;250;235;105.0000;-67.0000;88.0000;12.0000;7.0000;70.0000;1;0;0;0;0;0;2;128.0000;-2391.0000;98.0000;270;267;312;0;0;19424
25327;277;0;0;240;250;235;105.0000;-67.0000;88.0000;12.0000;7.0000;70.0000;1;0;0;0;0;0;2;128.0000;-2391.0000;98.0000;270;267;312;0;0;19428
25338;277;0;0;240;250;235;115.0000;-67.0000;88.0000;12.0000;7.0000;70.0000;1;0;0;0;0;0;2;128.0000;-2391.0000;129.0000;270;267;312;0;0;19428
25349;277;0;0;240;250;235;115.0000;93.0000;88.0000;12.0000;7.0000;70.0000;1;0;0;0;0;0;2;128.0000;-2391.0000;129.0000;270;267;312;0;0;19428
25359;277;0;0;240;250;235;115.0000;93.0000;88.0000;12.0000;7.0000;70.0000;1;0;0;0;0;0;2;81.0000;-2391.0000;129.0000;270;267;312;0;0;19428
25370;277;0;0;240;250;235;115.0000;93.0000;125.0000;12.0000;7.0000;70.0000;1;0;0;0;0;0;2;81.0000;-2391.0000;129.0000;270;267;312;0;0;19428
25380;277;0;0;240;250;235;115.0000;93.0000;125.0000;12.0000;7.0000;70.0000;1;0;0;0;0;0;2;81.0000;-2391.0000;129.0000;270;267;312;0;0;19428
25391;277;0;0;240;250;235;115.0000;93.0000;125.0000;12.0000;7.0000;70.0000;1;0;0;0;0;0;2;81.0000;-2391.0000;129.0000;270;267;312;0;0;19428
25401;277;0;0;240;250;235;115.0000;93.0000;125.0000;12.0000;7.0000;70.0000;1;0;0;0;0;0;2;81.0000;-2391.0000;129.0000;270;267;312;0;0;19428
25411;277;0;0;240;250;235;115.0000;93.0000;125.0000;12.0000;7.0000;70.0000;1;0;0;0;0;0;2;81.0000;-2391.0000;129.0000;270;267;312;0;0;19428
25421;277;0;0;240;250;235;115.0000;93.0000;125.0000;12.0000;7.0000;70.0000;1;0;0;0;0;0;2;81.0000;-2391.0000;129.0000;270;267;312;0;0;19428
25432;277;0;0;240;250;235;126.0000;93.0000;125.0000;12.0000;7.0000;70.0000;1;0;0;0;0;0;2;81.0000;-2391.0000;129.0000;270;267;312;0;0;19428
25444;277;0;0;240;250;235;126.0000;161.0000;125.0000;12.0000;7.0000;70.0000;1;0;0;0;0;0;2;81.0000;-2391.0000;78.0000;270;267;312;0;0;19428
25459;277;0;0;240;250;235;126.0000;161.0000;125.0000;12.0000;7.0000;70.0000;1;0;0;0;0;0;2;88.0000;-2391.0000;78.0000;270;267;312;0;0;19428
25472;277;0;0;240;250;235;126.0000;161.0000;135.0000;12.0000;7.0000;70.0000;1;0;0;0;0;0;2;88.0000;-2391.0000;78.0000;270;267;312;0;0;19428
25485;277;0;0;240;250;235;126.0000;161.0000;135.0000;12.0000;7.0000;70.0000;1;0;0;0;0;0;2;88.0000;-2391.0000;78.0000;270;267;312;0;0;19428
25495;277;0;0;240;250;235;126.0000;161.0000;135.0000;12.0000;7.0000;70.0000;1;0;0;0;0;0;2;88.0000;-2391.0000;78.0000;270;267;312;0;0;19428
25514;277;0;0;240;250;235;126.0000;161.0000;135.0000;12.0000;7.0000;70.0000;1;0;0;0;0;0;2;88.0000;-2391.0000;78.0000;270;267;312;0;0;19428
25524;277;0;0;240;250;235;126.0000;161.0000;135.0000;12.0000;7.0000;70.0000;1;0;0;0;0;0;2;88.0000;-2391.0000;78.0000;270;267;312;0;0;19428
25537;277;0;0;240;250;235;126.0000;161.0000;135.0000;12.0000;7.0000;70.0000;1;0;0;0;0;0;2;88.0000;-2391.0000;75.0000;270;267;312;0;0;19454
25549;277;0;0;240;250;235;99.0000;-40.0000;135.0000;12.0000;7.0000;70.0000;1;0;0;0;0;0;2;88.0000;-2391.0000;75.0000;270;267;312;0;0;19454
25559;277;0;0;240;250;235;99.0000;-40.0000;135.0000;12.0000;7.0000;70.0000;1;0;0;0;0;0;2;125.0000;-2391.0000;75.0000;270;267;312;0;0;19454
25570;277;0;0;240;250;235;99.0000;-40.0000;98.0000;12.0000;7.0000;70.0000;1;0;0;0;0;0;2;125.0000;-2391.0000;75.0000;270;267;312;0;0;19454
25580;277;0;0;240;250;235;99.0000;-40.0000;98.0000;12.0000;7.0000;70.0000;1;0;0;0;0;0;2;125.0000;-2391.0000;75.0000;270;267;312;0;0;19454
25594;277;0;0;240;250;235;99.0000;-40.0000;98.0000;12.0000;7.0000;70.0000;1;0;0;0;0;0;2;125.0000;-2391.0000;75.0000;270;267;312;0;0;19454
25604;277;0;0;240;250;235;99.0000;-40.0000;98.0000;12.0000;7.0000;70.0000;1;0;0;0;0;0;2;125.0000;-2391.0000;75.0000;270;267;312;0;0;19454
25615;277;0;0;240;250;235;99.0000;-40.0000;98.0000;12.0000;7.0000;70.0000;1;0;0;0;0;0;2;125.0000;-2391.0000;75.0000;270;267;312;0;0;19454
25625;277;0;0;240;250;235;99.0000;-40.0000;98.0000;12.0000;7.0000;70.0000;1;0;0;0;0;0;2;125.0000;-2391.0000;75.0000;270;267;312;0;0;19454
25636;277;0;0;240;250;235;99.0000;-40.0000;98.0000;12.0000;7.0000;70.0000;1;0;0;0;0;0;2;125.0000;-2391.0000;119.0000;270;267;312;0;0;19454
25647;277;0;0;240;250;235;79.0000;161.0000;98.0000;12.0000;7.0000;70.0000;1;0;0;0;0;0;2;125.0000;-2391.0000;119.0000;270;267;312;0;0;19454
25657;277;0;0;240;250;235;79.0000;161.0000;98.0000;12.0000;7.0000;70.0000;1;0;0;0;0;0;2;132.0000;-2391.0000;119.0000;270;267;312;0;0;19454
25668;277;0;0;240;250;235;79.0000;161.0000;92.0000;12.0000;7.0000;70.0000;1;0;0;0;0;0;2;132.0000;-2391.0000;119.0000;270;267;312;0;0;19454
25678;277;0;0;240;250;235;79.0000;161.0000;92.0000;12.0000;7.0000;70.0000;1;0;0;0;0;0;2;132.0000;-2391.0000;119.0000;270;267;312;0;0;19454
25689;277;0;0;240;250;235;79.0000;161.0000;92.0000;12.0000;7.0000;70.0000;1;0;0;0;0;0;2;132.0000;-2391.0000;119.0000;270;267;312;0;0;19454
25699;277;0;0;240;250;235;79.0000;161.0000;92.0000;12.0000;7.0000;70.0000;1;0;0;0;0;0;2;132.0000;-2391.0000;119.0000;270;267;312;0;0;19454
25709;277;0;0;240;250;235;79.0000;161.0000;92.0000;12.0000;7.0000;70.0000;1;0;0;0;0;0;2;132.0000;-2391.0000;119.0000;270;267;312;0;0;19454
25720;277;0;0;240;250;235;79.0000;161.0000;92.0000;12.0000;7.0000;70.0000;1;0;0;0;0;0;2;132.0000;-2391.0000;119.0000;270;267;312;0;0;19454
25730;277;0;0;240;250;235;79.0000;161.0000;92.0000;12.0000;7.0000;70.0000;1;0;0;0;0;0;2;132.0000;-2391.0000;119.0000;270;267;312;0;0;19454
25740;277;0;0;240;250;235;109.0000;161.0000;92.0000;12.0000;7.0000;70.0000;1;0;0;0;0;0;2;132.0000;-2391.0000;132.0000;270;267;312;0;0;19454
25751;277;0;0;240;250;235;109.0000;214.0000;92.0000;12.0000;7.0000;70.0000;1;0;0;0;0;0;2;132.0000;-2391.0000;132.0000;270;267;312;0;0;19454
25761;277;0;0;240;250;235;109.0000;214.0000;92.0000;12.0000;7.0000;70.0000;1;0;0;0;0;0;2;139.0000;-2391.0000;132.0000;270;267;312;0;0;19454
25772;277;0;0;240;250;235;109.0000;214.0000;132.0000;12.0000;7.0000;70.0000;1;0;0;0;0;0;2;139.0000;-2391.0000;132.0000;270;267;312;0;0;19454
25782;277;0;0;240;250;235;109.0000;214.0000;132.0000;12.0000;7.0000;70.0000;1;0;0;0;0;0;2;139.0000;-2391.0000;132.0000;270;267;312;0;0;19454
25793;277;0;0;240;250;235;109.0000;214.0000;132.0000;12.0000;7.0000;70.0000;1;0;0;0;0;0;2;139.0000;-2391.0000;132.0000;270;267;312;0;0;19454
25803;277;0;0;240;250;235;109.0000;214.0000;132.0000;12.0000;7.0000;70.0000;1;0;0;0;0;0;2;139.0000;-2391.0000;132.0000;270;267;312;0;0;19454
25814;277;0;0;240;250;235;109.0000;214.0000;132.0000;12.0000;7.0000;70.0000;1;0;0;0;0;0;2;139.0000;-2391.0000;132.0000;270;267;312;0;0;19454
25824;277;0;0;240;250;235;109.0000;214.0000;132.0000;12.0000;7.0000;70.0000;1;0;0;0;0;0;2;139.0000;-2391.0000;132.0000;270;267;312;0;0;19454
25838;277;0;0;240;250;235;75.0000;214.0000;132.0000;12.0000;7.0000;70.0000;1;0;0;0;0;0;2;139.0000;-2391.0000;65.0000;270;267;312;0;0;19454
25850;277;0;0;240;250;235;75.0000;228.0000;132.0000;12.0000;7.0000;70.0000;1;0;0;0;0;0;2;139.0000;-2391.0000;65.0000;270;267;312;0;0;19454
25861;277;0;0;240;250;235;75.0000;228.0000;132.0000;12.0000;7.0000;70.0000;1;0;0;0;0;0;2;118.0000;-2391.0000;65.0000;270;267;312;0;0;19454
25871;277;0;0;240;250;235;75.0000;228.0000;135.0000;12.0000;7.0000;70.0000;1;0;0;0;0;0;2;118.0000;-2391.0000;65.0000;270;267;312;0;0;19454
25882;277;0;0;240;250;235;75.0000;228.0000;135.0000;12.0000;7.0000;70.0000;1;0;0;0;0;0;2;118.0000;-2391.0000;65.0000;270;267;312;0;0;19454
25892;277;0;0;240;250;235;75.0000;228.0000;135.0000;12.0000;7.0000;70.0000;1;0;0;0;0;0;2;118.0000;-2391.0000;65.0000;270;267;312;0;0;19454
25903;277;0;0;240;250;235;75.0000;228.0000;135.0000;12.0000;7.0000;70.0000;1;0;0;0;0;0;2;118.0000;-2391.0000;65.0000;270;267;312;0;0;19454
25913;277;0;0;240;250;235;75.0000;228.0000;135.0000;12.0000;7.0000;70.0000;1;0;0;0;0;0;2;118.0000;-2391.0000;65.0000;270;267;312;0;0;19454
25923;277;0;0;240;250;235;75.0000;228.0000;135.0000;12.0000;7.0000;70.0000;1;0;0;0;0;0;2;118.0000;-2391.0000;65.0000;270;267;312;0;0;19454
25933;277;0;0;240;250;235;75.0000;228.0000;135.0000;12.0000;7.0000;70.0000;1;0;0;0;0;0;2;118.0000;-2391.0000;65.0000;270;267;312;0;0;19454
25944;277;0;0;240;250;235;92.0000;228.0000;135.0000;12.0000;7.0000;70.0000;1;0;0;0;0;0;2;118.0000;-2391.0000;132.0000;270;267;312;0;0;19454
25955;277;0;0;240;250;235;92.0000;67.0000;135.0000;12.0000;7.0000;70.0000;1;0;0;0;0;0;2;118.0000;-2391.0000;132.0000;270;267;312;0;0;19454
25965;277;0;0;240;250;235;92.0000;67.0000;135.0000;12.0000;7.0000;70.0000;1;0;0;0;0;0;2;75.0000;-2391.0000;132.0000;270;267;312;0;0;19454
25976;277;0;0;240;250;235;92.0000;67.0000;98.0000;12.0000;7.0000;70.0000;1;0;0;0;0;0;2;75.0000;-2391.0000;132.0000;270;267;312;0;0;19454
25986;277;0;0;240;250;235;92.0000;67.0000;98.0000;12.0000;7.0000;70.0000;1;0;0;0;0;0;2;75.0000;-2391.0000;132.0000;270;267;312;0;0;19454
25997;277;0;0;240;250;235;92.0000;67.0000;98.0000;12.0000;7.0000;70.0000;1;0;0;0;0;0;2;75.0000;-2391.0000;132.0000;270;267;312;0;0;19454
26007;277;0;0;240;250;235;92.0000;67.0000;98.0000;12.0000;7.0000;70.0000;1;0;0;0;0;0;2;75.0000;-2391.0000;132.0000;270;267;312;0;0;19454
26017;277;0;0;240;250;235;92.0000;67.0000;98.0000;12.0000;7.0000;70.0000;1;0;0;0;0;0;2;75.0000;-2391.0000;132.0000;270;267;312;0;0;19454
26028;277;0;0;240;250;235;92.0000;67.0000;98.0000;12.0000;7.0000;70.0000;1;0;0;0;0;0;2;75.0000;-2391.0000;132.0000;270;267;312;0;0;19454
26040;277;0;0;240;250;235;92.0000;67.0000;98.0000;12.0000;7.0000;70.0000;1;0;0;0;0;0;2;75.0000;-2391.0000;68.0000;270;267;312;0;0;19454
26053;277;0;0;240;250;235;85.0000;67.0000;98.0000;12.0000;7.0000;70.0000;1;0;0;0;0;0;2;75.0000;-2391.0000;68.0000;270;267;312;0;0;19448
26065;277;0;0;240;250;235;85.0000;147.0000;98.0000;12.0000;7.0000;70.0000;1;0;0;0;0;0;2;125.0000;-2391.0000;68.0000;270;267;312;0;0;19440
26076;277;0;0;240;250;235;85.0000;147.0000;122.0000;12.0000;7.0000;70.0000;1;0;0;0;0;0;2;125.0000;-2391.0000;68.0000;270;267;312;0;0;19424
26086;277;0;0;240;250;235;85.0000;147.0000;122.0000;12.0000;7.0000;70.0000;1;0;0;0;0;0;2;125.0000;-2391.0000;68.0000;270;267;312;0;0;19424
26097;277;0;0;240;250;235;85.0000;147.0000;122.0000;12.0000;7.0000;70.0000;1;0;0;0;0;0;2;125.0000;-2391.0000;68.0000;270;267;312;0;0;19424
26107;277;0;0;240;250;235;85.0000;147.0000;122.0000;12.0000;7.0000;70.0000;1;0;0;0;0;0;2;125.0000;-2391.0000;68.0000;270;267;312;0;0;19424
26117;277;0;0;240;250;235;85.0000;147.0000;122.0000;12.0000;7.0000;70.0000;1;0;0;0;0;0;2;125.0000;-2391.0000;68.0000;270;267;312;0;0;19424
26127;277;0;0;240;250;235;85.0000;147.0000;122.0000;12.0000;7.0000;70.0000;1;0;0;0;0;0;2;125.0000;-2391.0000;68.0000;270;267;312;0;0;19424
26138;277;0;0;240;250;235;85.0000;147.0000;122.0000;12.0000;7.0000;70.0000;1;0;0;0;0;0;2;125.0000;-2391.0000;112.0000;270;267;312;0;0;19424
26149;277;0;0;240;250;235;112.0000;147.0000;122.0000;12.0000;7.0000;70.0000;1;0;0;0;0;0;2;125.0000;-2391.0000;112.0000;270;267;312;0;0;19424
26160;277;0;0;240;250;235;112.0000;13.0000;122.0000;12.0000;7.0000;70.0000;1;0;0;0;0;0;2;125.0000;-2391.0000;112.0000;270;267;312;0;0;19424
26172;277;0;0;240;250;235;112.0000;13.0000;122.0000;12.0000;7.0000;70.0000;1;0;0;0;0;0;2;125.0000;-2391.0000;112.0000;270;267;312;0;0;19424
26182;277;0;0;240;250;235;112.0000;13.0000;105.0000;12.0000;7.0000;70.0000;1;0;0;0;0;0;2;68.0000;-2391.0000;112.0000;270;267;312;0;0;19424
26193;277;0;0;240;250;235;112.0000;13.0000;105.0000;12.0000;7.0000;70.0000;1;0;0;0;0;0;2;68.0000;-2391.0000;112.0000;270;267;312;0;0;19424
26203;277;0;0;240;250;235;112.0000;13.0000;105.0000;12.0000;7.0000;70.0000;1;0;0;0;0;0;2;68.0000;-2391.0000;112.0000;270;267;312;0;0;19424
26214;277;0;0;240;250;235;112.0000;13.0000;105.0000;12.0000;7.0000;70.0000;1;0;0;0;0;0;2;68.0000;-2391.0000;112.0000;270;267;312;0;0;19424
26224;277;0;0;240;250;235;112.0000;13.0000;105.0000;12.0000;7.0000;70.0000;1;0;0;0;0;0;2;68.0000;-2391.0000;112.0000;270;267;312;0;0;19424
26234;277;0;0;240;250;235;112.0000;13.0000;105.0000;30.0000;7.0000;70.0000;1;0;0;0;0;0;2;68.0000;-2391.0000;112.0000;270;267;312;0;0;19424
26245;277;0;0;240;250;235;79.0000;13.0000;105.0000;30.0000;7.0000;70.0000;1;0;0;0;0;0;2;68.0000;-2391.0000;112.0000;270;267;312;0;0;19424
26256;277;0;0;240;250;235;79.0000;13.0000;105.0000;30.0000;7.0000;70.0000;1;0;0;0;0;0;2;68.0000;-2391.0000;112.0000;270;267;312;0;0;19424
26267;277;0;0;240;250;235;79.0000;13.0000;105.0000;30.0000;7.0000;70.0000;1;0;0;0;0;0;2;95.0000;-2391.0000;112.0000;270;267;312;0;0;19424
26277;277;0;0;240;250;235;79.0000;13.0000;122.0000;30.0000;7.0000;70.0000;1;0;0;0;0;0;2;95.0000;-2391.0000;112.0000;270;267;312;0;0;19424
26288;277;0;0;240;250;235;79.0000;13.0000;122.0000;30.0000;7.0000;70.0000;1;0;0;0;0;0;2;95.0000;-2391.0000;112.0000;270;267;312;0;0;19428
26298;277;0;0;240;250;235;79.0000;13.0000;122.0000;30.0000;7.0000;70.0000;1;0;0;0;0;0;2;95.0000;-2391.0000;112.0000;270;267;312;0;0;19428
26314;277;0;0;240;250;235;79.0000;13.0000;122.0000;30.0000;7.0000;70.0000;1;0;0;0;0;0;2;95.0000;-2391.0000;112.0000;270;267;312;0;0;19428
26324;277;0;0;240;250;235;79.0000;13.0000;122.0000;30.0000;7.0000;70.0000;1;0;0;0;0;0;2;95.0000;-2391.0000;112.0000;270;267;312;0;0;19428
26335;277;0;0;240;250;235;79.0000;13.0000;122.0000;30.0000;7.0000;70.0000;1;0;0;0;0;0;2;95.0000;-2391.0000;112.0000;270;267;312;0;0;19428
26345;277;0;0;240;250;235;112.0000;13.0000;122.0000;30.0000;7.0000;70.0000;1;0;0;0;0;0;2;95.0000;-2391.0000;132.0000;270;267;312;0;0;19428
26356;277;0;0;240;250;235;112.0000;53.0000;122.0000;30.0000;7.0000;70.0000;1;0;0;0;0;0;2;95.0000;-2391.0000;132.0000;270;267;312;0;0;19428
26367;277;0;0;240;250;235;112.0000;53.0000;122.0000;30.0000;7.0000;70.0000;1;0;0;0;0;0;2;118.0000;-2391.0000;132.0000;270;267;312;0;0;19428
26377;277;0;0;240;250;235;112.0000;53.0000;125.0000;30.0000;7.0000;70.0000;1;0;0;0;0;0;2;118.0000;-2391.0000;132.0000;270;267;312;0;0;19428
26388;277;0;0;240;250;235;112.0000;53.0000;125.0000;30.0000;7.0000;70.0000;1;0;0;0;0;0;2;118.0000;-2391.0000;132.0000;270;267;312;0;0;19428
26398;277;0;0;240;250;235;112.0000;53.0000;125.0000;30.0000;7.0000;70.0000;1;0;0;0;0;0;2;118.0000;-2391.0000;132.0000;270;267;312;0;0;19428
26408;277;0;0;240;250;235;112.0000;53.0000;125.0000;30.0000;7.0000;70.0000;1;0;0;0;0;0;2;118.0000;-2391.0000;132.0000;270;267;312;0;0;19428
26419;277;0;0;240;250;235;112.0000;53.0000;125.0000;30.0000;7.0000;70.0000;1;0;0;0;0;0;2;118.0000;-2391.0000;132.0000;270;267;312;0;0;19428
26429;277;0;0;240;250;235;112.0000;53.0000;125.0000;30.0000;7.0000;70.0000;1;0;0;0;0;0;2;118.0000;-2391.0000;132.0000;270;267;312;0;0;19428
26440;277;0;0;240;250;235;112.0000;53.0000;125.0000;30.0000;7.0000;70.0000;1;0;0;0;0;0;2;118.0000;-2391.0000;132.0000;270;267;312;0;0;19428
26450;277;0;0;240;250;235;95.0000;53.0000;125.0000;30.0000;7.0000;70.0000;1;0;0;0;0;0;2;118.0000;-2391.0000;85.0000;270;267;312;0;0;19428
26461;277;0;0;240;250;235;95.0000;13.0000;125.0000;30.0000;7.0000;70.0000;1;0;0;0;0;0;2;118.0000;-2391.0000;85.0000;270;267;312;0;0;19428
26476;277;0;0;240;250;235;95.0000;13.0000;125.0000;30.0000;7.0000;70.0000;1;0;0;0;0;1;2;68.0000;-2391.0000;85.0000;270;267;312;0;0;19428
26488;277;0;0;240;250;235;95.0000;13.0000;122.0000;30.0000;7.0000;70.0000;1;0;0;0;0;1;2;68.0000;-2391.0000;85.0000;270;267;312;0;0;19430
26499;277;0;0;240;250;235;95.0000;13.0000;122.0000;30.0000;7.0000;70.0000;1;0;0;0;0;1;2;68.0000;-2391.0000;85.0000;270;267;312;0;0;19454
26509;277;0;0;240;250;235;95.0000;13.0000;122.0000;30.0000;7.0000;70.0000;1;0;0;0;0;1;2;68.0000;-2391.0000;85.0000;270;267;312;0;0;19454
26520;277;0;0;240;250;235;95.0000;13.0000;122.0000;30.0000;7.0000;70.0000;1;0;0;0;0;1;2;68.0000;-2391.0000;85.0000;270;267;312;0;0;19454
26530;277;0;0;240;250;235;95.0000;13.0000;122.0000;30.0000;7.0000;70.0000;1;0;0;0;0;1;2;68.0000;-2391.0000;85.0000;270;267;312;0;0;19454
26541;277;0;0;240;250;235;72.0000;13.0000;122.0000;30.0000;7.0000;70.0000;1;0;0;0;0;1;2;68.0000;-2391.0000;85.0000;270;267;312;0;0;19454
26551;277;0;0;240;250;235;72.0000;13.0000;122.0000;30.0000;7.0000;70.0000;1;0;0;0;0;1;2;68.0000;-2391.0000;78.0000;270;267;312;0;0;19454
26562;277;0;0;240;250;235;72.0000;187.0000;122.0000;30.0000;7.0000;70.0000;1;0;0;0;0;1;2;95.0000;-2391.0000;78.0000;270;267;312;0;0;19454
26572;277;0;0;240;250;235;72.0000;187.0000;122.0000;30.0000;7.0000;70.0000;1;0;0;0;0;1;2;95.0000;-2391.0000;78.0000;270;267;312;0;0;19454
26583;277;0;0;240;250;235;72.0000;187.0000;132.0000;30.0000;7.0000;70.0000;1;0;0;0;0;1;2;95.0000;-2391.0000;78.0000;270;267;312;0;0;19454
26594;277;0;0;240;250;235;72.0000;187.0000;132.0000;30.0000;7.0000;70.0000;1;0;0;0;0;1;2;95.0000;-2391.0000;78.0000;270;267;312;0;0;19454
26604;277;0;0;240;250;235;72.0000;187.0000;132.0000;30.0000;7.0000;70.0000;1;0;0;0;0;1;2;95.0000;-2391.0000;78.0000;270;267;312;0;0;19454
26615;277;0;0;240;250;235;72.0000;187.0000;132.0000;30.0000;7.0000;70.0000;1;0;0;0;0;1;2;95.0000;-2391.0000;78.0000;270;267;312;0;0;19454
26625;277;0;0;240;250;235;72.0000;187.0000;132.0000;30.0000;7.0000;70.0000;1;0;0;0;0;1;2;95.0000;-2391.0000;78.0000;270;267;312;0;0;19454
26636;277;0;0;240;250;235;72.0000;187.0000;132.0000;30.0000;7.0000;70.0000;1;0;0;0;0;1;2;95.0000;-2391.0000;78.0000;270;267;312;0;0;19454
26647;277;0;0;240;250;235;112.0000;187.0000;132.0000;30.0000;7.0000;70.0000;1;0;0;0;0;1;2;95.0000;-2391.0000;129.0000;270;267;312;0;0;19454
26657;277;0;0;240;250;235;112.0000;-26.0000;132.0000;30.0000;7.0000;70.0000;1;0;0;0;0;1;2;95.0000;-2391.0000;129.0000;270;267;312;0;0;19454
26668;277;0;0;240;250;235;112.0000;-26.0000;132.0000;30.0000;7.0000;70.0000;1;0;0;0;0;1;2;128.0000;-2391.0000;129.0000;270;267;312;0;0;19454
26678;277;0;0;240;250;235;112.0000;-26.0000;132.0000;30.0000;7.0000;70.0000;1;0;0;0;0;1;2;128.0000;-2391.0000;129.0000;270;267;312;0;0;19454
26689;277;0;0;240;250;235;112.0000;-26.0000;92.0000;30.0000;7.0000;70.0000;1;0;0;0;0;1;2;128.0000;-2391.0000;129.0000;270;267;312;0;0;19454
26699;277;0;0;240;250;235;112.0000;-26.0000;92.0000;30.0000;7.0000;70.0000;1;0;0;0;0;1;2;128.0000;-2391.0000;129.0000;270;267;312;0;0;19454
26710;277;0;0;240;250;235;112.0000;-26.0000;92.0000;30.0000;7.0000;70.0000;1;0;0;0;0;1;2;128.0000;-2391.0000;129.0000;270;267;312;0;0;19454
26720;277;0;0;240;250;235;112.0000;-26.0000;92.0000;30.0000;7.0000;70.0000;1;0;0;0;0;1;2;128.0000;-2391.0000;129.0000;270;267;312;0;0;19454
26730;277;0;0;240;250;235;112.0000;-26.0000;92.0000;30.0000;7.0000;70.0000;1;0;0;0;0;1;2;128.0000;-2391.0000;129.0000;270;267;312;0;0;19454
26741;277;0;0;240;250;235;99.0000;-26.0000;92.0000;30.0000;7.0000;70.0000;1;0;0;0;0;1;2;128.0000;-2391.0000;129.0000;270;267;312;0;0;19454
26751;277;0;0;240;250;235;99.0000;-26.0000;92.0000;30.0000;7.0000;70.0000;1;0;0;0;0;1;2;128.0000;-2391.0000;92.0000;270;267;312;0;0;19454
26762;277;0;0;240;250;235;99.0000;40.0000;92.0000;30.0000;7.0000;70.0000;1;0;0;0;0;1;2;95.0000;-2391.0000;92.0000;270;267;312;0;0;19454
26772;277;0;0;240;250;235;99.0000;40.0000;92.0000;30.0000;7.0000;70.0000;1;0;0;0;0;1;2;95.0000;-2391.0000;92.0000;270;267;312;0;0;19454
26783;277;0;0;240;250;235;99.0000;40.0000;115.0000;30.0000;7.0000;70.0000;1;0;0;0;0;1;2;95.0000;-2391.0000;92.0000;270;267;312;0;0;19454
26794;277;0;0;240;250;235;99.0000;40.0000;115.0000;30.0000;7.0000;70.0000;1;0;0;0;0;1;2;95.0000;-2391.0000;92.0000;270;267;312;0;0;19454
26804;277;0;0;240;250;235;99.0000;40.0000;115.0000;30.0000;7.0000;70.0000;1;0;0;0;0;1;2;95.0000;-2391.0000;92.0000;270;267;312;0;0;19454
26814;277;0;0;240;250;235;99.0000;40.0000;115.0000;30.0000;7.0000;70.0000;1;0;0;0;0;1;2;95.0000;-2391.0000;92.0000;270;267;312;0;0;19454
26825;277;0;0;240;250;235;99.0000;40.0000;115.0000;30.0000;7.0000;70.0000;1;0;0;0;0;1;2;95.0000;-2391.0000;92.0000;270;267;312;0;0;19454
26835;277;0;0;240;250;235;99.0000;40.0000;115.0000;30.0000;7.0000;70.0000;1;0;0;0;0;1;2;95.0000;-2391.0000;92.0000;270;267;312;0;0;19454
26846;277;0;0;240;250;235;79.0000;40.0000;115.0000;30.0000;7.0000;70.0000;1;0;0;0;0;1;2;95.0000;-2391.0000;92.0000;270;267;312;0;0;19454
26857;277;0;0;240;250;235;79.0000;-26.0000;115.0000;30.0000;7.0000;70.0000;1;0;0;0;0;1;2;95.0000;-2391.0000;68.0000;270;267;312;0;0;19454
26874;277;0;0;240;250;235;79.0000;-26.0000;115.0000;30.0000;7.0000;70.0000;1;0;0;0;0;1;2;98.0000;-2391.0000;68.0000;270;267;312;0;0;19454
26885;277;0;0;240;250;235;79.0000;-26.0000;102.0000;30.0000;7.0000;70.0000;1;0;0;0;0;1;2;98.0000;-2391.0000;68.0000;270;267;312;0;0;19454
26895;277;0;0;240;250;235;79.0000;-26.0000;102.0000;30.0000;7.0000;70.0000;1;0;0;0;0;1;2;98.0000;-2391.0000;68.0000;270;267;312;0;0;19454
26906;277;0;0;240;250;235;79.0000;-26.0000;102.0000;30.0000;7.0000;70.0000;1;0;0;0;0;1;2;98.0000;-2391.0000;68.0000;270;267;312;0;0;19454
26916;277;0;0;240;250;235;79.0000;-26.0000;102.0000;30.0000;7.0000;70.0000;1;0;0;0;0;1;2;98.0000;-2391.0000;68.0000;270;267;312;0;0;19454
26926;277;0;0;240;250;235;79.0000;-26.0000;102.0000;30.0000;7.0000;70.0000;1;0;0;0;0;1;2;98.0000;-2391.0000;68.0000;270;267;312;0;0;19454
26937;277;0;0;240;250;235;79.0000;-26.0000;102.0000;30.0000;7.0000;70.0000;1;0;0;0;0;1;2;98.0000;-2391.0000;68.0000;270;267;312;0;0;19454
26948;277;0;0;240;250;235;79.0000;-26.0000;102.0000;30.0000;7.0000;70.0000;1;0;0;0;0;1;2;98.0000;-2391.0000;132.0000;270;267;312;0;0;19454
26959;277;0;0;240;250;235;79.0000;0.0000;102.0000;30.0000;7.0000;70.0000;1;0;0;0;0;1;2;98.0000;-2391.0000;132.0000;270;267;312;0;0;19454
26969;277;0;0;240;250;235;79.0000;0.0000;102.0000;30.0000;7.0000;70.0000;1;0;0;0;0;1;2;125.0000;-2391.0000;132.0000;270;267;312;0;0;19454
26980;277;0;0;240;250;235;79.0000;0.0000;102.0000;30.0000;7.0000;70.0000;1;0;0;0;0;1;2;125.0000;-2391.0000;132.0000;270;267;312;0;0;19454
26990;277;0;0;240;250;235;79.0000;0.0000;125.0000;30.0000;7.0000;70.0000;1;0;0;0;0;1;2;125.0000;-2391.0000;132.0000;270;267;312;0;0;19454
27001;277;0;0;240;250;235;79.0000;0.0000;125.0000;30.0000;7.0000;70.0000;1;0;0;0;0;1;2;125.0000;-2391.0000;132.0000;270;267;312;0;0;19454
27011;277;0;0;240;250;235;79.0000;0.0000;125.0000;30.0000;7.0000;70.0000;1;0;0;0;0;1;2;125.0000;-2391.0000;132.0000;270;267;312;0;0;19424
27022;277;0;0;240;250;235;79.0000;0.0000;125.0000;30.0000;7.0000;70.0000;1;0;0;0;0;1;2;125.0000;-2391.0000;132.0000;270;267;312;0;0;19424
27033;277;0;0;240;250;235;79.0000;0.0000;125.0000;30.0000;7.0000;70.0000;1;0;0;0;0;1;2;125.0000;-2391.0000;132.0000;270;267;312;0;0;19424
27044;277;0;0;240;250;235;109.0000;0.0000;125.0000;30.0000;7.0000;70.0000;1;0;0;0;0;1;2;125.0000;-2391.0000;132.0000;270;267;312;0;0;19424
27055;277;0;0;240;250;235;109.0000;0.0000;125.0000;30.0000;7.0000;70.0000;1;0;0;0;0;1;2;125.0000;-2391.0000;98.0000;270;267;312;0;0;19424
27065;277;0;0;240;250;235;109.0000;134.0000;125.0000;30.0000;7.0000;70.0000;1;0;0;0;0;1;2;95.0000;-2391.0000;98.0000;270;267;312;0;0;19424
27076;277;0;0;240;250;235;109.0000;134.0000;125.0000;30.0000;7.0000;70.0000;1;0;0;0;0;1;2;95.0000;-2391.0000;98.0000;270;267;312;0;0;19424
27086;277;0;0;240;250;235;109.0000;134.0000;108.0000;30.0000;7.0000;70.0000;1;0;0;0;0;1;2;95.0000;-2391.0000;98.0000;270;267;312;0;0;19424
27097;277;0;0;240;250;235;109.0000;134.0000;108.0000;30.0000;7.0000;70.0000;1;0;0;0;0;1;2;95.0000;-2391.0000;98.0000;270;267;312;0;0;19424
27108;277;0;0;240;250;235;109.0000;134.0000;108.0000;30.0000;7.0000;70.0000;1;0;0;0;0;1;2;95.0000;-2391.0000;98.0000;270;267;312;0;0;19424
27118;277;0;0;240;250;235;109.0000;134.0000;108.0000;30.0000;7.0000;70.0000;1;0;0;0;0;1;2;95.0000;-2391.0000;98.0000;270;267;312;0;0;19424
27129;277;0;0;240;250;235;109.0000;134.0000;108.0000;30.0000;7.0000;70.0000;1;0;0;0;0;1;2;95.0000;-2391.0000;98.0000;270;267;312;0;0;19424
27139;277;0;0;240;250;235;109.0000;134.0000;108.0000;30.0000;7.0000;70.0000;1;0;0;0;0;1;2;95.0000;-2391.0000;98.0000;270;267;312;0;0;19424
27149;277;0;0;240;250;235;95.0000;134.0000;108.0000;30.0000;7.0000;70.0000;1;0;0;0;0;1;2;95.0000;-2391.0000;92.0000;270;267;312;0;0;19424
27160;277;0;0;240;250;235;95.0000;147.0000;108.0000;30.0000;7.0000;70.0000;1;0;0;0;0;1;2;95.0000;-2391.0000;92.0000;270;267;312;0;0;19424
27170;277;0;0;240;250;235;95.0000;147.0000;108.0000;30.0000;7.0000;70.0000;1;0;0;0;0;1;2;95.0000;-2391.0000;92.0000;270;267;312;0;0;19424
27181;277;0;0;240;250;235;95.0000;147.0000;108.0000;30.0000;7.0000;70.0000;1;0;0;0;0;1;2;95.0000;-2391.0000;92.0000;270;267;312;0;0;19424
27191;277;0;0;240;250;235;95.0000;147.0000;108.0000;30.0000;7.0000;70.0000;1;0;0;0;0;1;2;95.0000;-2391.0000;92.0000;270;267;312;0;0;19424
27202;277;0;0;240;250;235;95.0000;147.0000;108.0000;30.0000;7.0000;70.0000;1;0;0;0;0;1;2;95.0000;-2391.0000;92.0000;270;267;312;0;0;19424
27213;277;0;0;240;250;235;95.0000;147.0000;108.0000;30.0000;7.0000;70.0000;1;0;0;0;0;1;2;95.0000;-2391.0000;92.0000;270;267;312;0;0;19424
27223;277;0;0;240;250;235;95.0000;147.0000;108.0000;30.0000;7.0000;70.0000;1;0;0;0;0;1;2;95.0000;-2391.0000;92.0000;270;267;312;0;0;19424
27234;277;0;0;240;250;235;95.0000;147.0000;108.0000;33.0000;7.0000;70.0000;1;0;0;0;0;1;2;95.0000;-2391.0000;92.0000;270;267;312;0;0;19424
27246;277;0;0;240;250;235;126.0000;147.0000;108.0000;33.0000;7.0000;70.0000;1;0;0;0;0;1;2;95.0000;-2391.0000;92.0000;270;267;312;0;0;19424
27256;277;0;0;240;250;235;126.0000;147.0000;108.0000;33.0000;7.0000;70.0000;1;0;0;0;0;1;2;95.0000;-2391.0000;95.0000;270;267;312;0;0;19424
27267;277;0;0;240;250;235;126.0000;161.0000;108.0000;33.0000;7.0000;70.0000;1;0;0;0;0;1;2;132.0000;-2391.0000;95.0000;270;267;312;0;0;19424
27277;277;0;0;240;250;235;126.0000;161.0000;108.0000;33.0000;7.0000;70.0000;1;0;0;0;0;1;2;132.0000;-2391.0000;95.0000;270;267;312;0;0;19424
27288;277;0;0;240;250;235;126.0000;161.0000;122.0000;33.0000;7.0000;70.0000;1;0;0;0;0;1;2;132.0000;-2391.0000;95.0000;270;267;312;0;0;19424
27298;277;0;0;240;250;235;126.0000;161.0000;122.0000;33.0000;7.0000;70.0000;1;0;0;0;0;1;2;132.0000;-2391.0000;95.0000;270;267;312;0;0;19424
27309;277;0;0;240;250;235;126.0000;161.0000;122.0000;33.0000;7.0000;70.0000;1;0;0;0;0;1;2;132.0000;-2391.0000;95.0000;270;267;312;0;0;19424
27319;277;0;0;240;250;235;126.0000;161.0000;122.0000;33.0000;7.0000;70.0000;1;0;0;0;0;1;2;132.0000;-2391.0000;95.0000;270;267;312;0;0;19428
27329;277;0;0;240;250;235;126.0000;161.0000;122.0000;33.0000;7.0000;70.0000;1;0;0;0;0;1;2;132.0000;-2391.0000;95.0000;270;267;312;0;0;19428
27340;277;0;0;240;250;235;126.0000;161.0000;122.0000;33.0000;7.0000;70.0000;1;0;0;0;0;1;2;132.0000;-2391.0000;95.0000;270;267;312;0;0;19428
27423;277;0;0;240;250;235;72.0000;26.0000;132.0000;33.0000;7.0000;70.0000;1;0;0;0;0;1;2;139.0000;-2391.0000;108.0000;270;267;312;0;0;19428
27434;277;0;0;240;250;235;72.0000;26.0000;132.0000;33.0000;7.0000;70.0000;1;0;0;0;0;1;2;139.0000;-2391.0000;108.0000;270;267;312;0;0;19428
27445;277;0;0;240;250;235;72.0000;26.0000;132.0000;33.0000;7.0000;70.0000;1;0;0;0;0;1;2;139.0000;-2391.0000;108.0000;270;267;312;0;0;19428
27458;277;0;0;240;250;235;75.0000;26.0000;132.0000;33.0000;7.0000;70.0000;1;0;0;0;0;1;2;139.0000;-2391.0000;132.0000;270;267;312;0;0;19428
27469;277;0;0;240;250;235;75.0000;147.0000;132.0000;33.0000;7.0000;70.0000;1;0;0;0;0;1;2;139.0000;-2391.0000;132.0000;270;267;312;0;0;19428
27479;277;0;0;240;250;235;75.0000;147.0000;132.0000;33.0000;7.0000;70.0000;1;0;0;0;0;1;2;115.0000;-2391.0000;132.0000;270;267;312;0;0;19428
27491;277;0;0;240;250;235;75.0000;147.0000;132.0000;33.0000;7.0000;70.0000;1;0;0;0;0;1;2;115.0000;-2391.0000;132.0000;270;267;312;0;0;19428
27501;277;0;0;240;250;235;75.0000;147.0000;132.0000;33.0000;7.0000;70.0000;1;0;0;0;0;1;2;115.0000;-2391.0000;132.0000;270;267;312;0;0;19428
27512;277;0;0;240;250;235;75.0000;147.0000;132.0000;33.0000;7.0000;70.0000;1;0;0;0;0;1;2;115.0000;-2391.0000;132.0000;270;267;312;0;0;19428
27522;277;0;0;240;250;235;75.0000;147.0000;132.0000;33.0000;7.0000;70.0000;1;0;0;0;0;1;2;115.0000;-2391.0000;132.0000;270;267;312;0;0;19438
27533;277;0;0;240;250;235;75.0000;147.0000;132.0000;33.0000;7.0000;70.0000;1;0;0;0;0;1;2;115.0000;-2391.0000;132.0000;270;267;312;0;0;17406
27543;277;0;0;240;250;235;75.0000;147.0000;132.0000;33.0000;7.0000;70.0000;1;0;0;0;0;1;2;115.0000;-2391.0000;132.0000;270;267;312;0;0;17406
27554;277;0;0;240;250;235;102.0000;147.0000;132.0000;33.0000;7.0000;70.0000;1;0;0;0;0;1;2;115.0000;-2391.0000;98.0000;270;267;312;0;0;17406
27565;277;0;0;240;250;235;102.0000;147.0000;132.0000;33.0000;7.0000;70.0000;1;0;0;0;0;1;2;115.0000;-2391.0000;98.0000;270;267;312;0;0;17406
27576;277;0;0;240;250;235;102.0000;-26.0000;132.0000;33.0000;7.0000;70.0000;1;0;0;0;0;1;2;85.0000;-2391.0000;98.0000;270;267;312;0;0;17406
27587;277;0;0;240;250;235;102.0000;-26.0000;132.0000;33.0000;7.0000;70.0000;1;0;0;0;0;1;2;85.0000;-2391.0000;98.0000;270;267;312;0;0;17406
27597;277;0;0;240;250;235;102.0000;-26.0000;119.0000;33.0000;7.0000;70.0000;1;0;0;0;0;1;2;85.0000;-2391.0000;98.0000;270;267;312;0;0;17406
27608;277;0;0;240;250;235;102.0000;-26.0000;119.0000;33.0000;7.0000;70.0000;1;0;0;0;0;1;2;85.0000;-2391.0000;98.0000;270;267;312;0;0;17406
27618;277;0;0;240;250;235;102.0000;-26.0000;119.0000;33.0000;7.0000;70.0000;1;0;0;0;0;1;2;85.0000;-2391.0000;98.0000;270;267;312;0;0;17406
27629;277;0;0;240;250;235;102.0000;-26.0000;119.0000;33.0000;7.0000;70.0000;1;0;0;0;0;1;2;85.0000;-2391.0000;98.0000;270;267;312;0;0;17406
27640;277;0;0;240;250;235;102.0000;-26.0000;119.0000;33.0000;7.0000;70.0000;1;0;0;0;0;1;2;85.0000;-2391.0000;98.0000;270;267;312;0;0;17406
27650;277;0;0;240;250;235;122.0000;-26.0000;119.0000;33.0000;7.0000;70.0000;1;0;0;0;0;1;2;85.0000;-2391.0000;98.0000;270;267;312;0;0;17406
27661;277;0;0;240;250;235;122.0000;-26.0000;119.0000;33.0000;7.0000;70.0000;1;0;0;0;0;1;2;85.0000;-2391.0000;119.0000;270;267;312;0;0;17406
27672;277;0;0;240;250;235;122.0000;187.0000;119.0000;33.0000;7.0000;70.0000;1;0;0;0;0;1;2;65.0000;-2391.0000;119.0000;270;267;312;0;0;17406
27682;277;0;0;240;250;235;122.0000;187.0000;119.0000;33.0000;7.0000;70.0000;1;0;0;0;0;1;2;65.0000;-2391.0000;119.0000;270;267;312;0;0;17406
27693;277;0;0;240;250;235;122.0000;187.0000;125.0000;33.0000;7.0000;70.0000;1;0;0;0;0;1;2;65.0000;-2391.0000;119.0000;270;267;312;0;0;17406
27703;277;0;0;240;250;235;122.0000;187.0000;125.0000;33.0000;7.0000;70.0000;1;0;0;0;0;1;2;65.0000;-2391.0000;119.0000;270;267;312;0;0;17406
27714;277;0;0;240;250;235;122.0000;187.0000;125.0000;33.0000;7.0000;70.0000;1;0;0;0;0;1;2;65.0000;-2391.0000;119.0000;270;267;312;0;0;17406
27724;277;0;0;240;250;235;122.0000;187.0000;125.0000;33.0000;7.0000;70.0000;1;0;0;0;0;1;2;65.0000;-2391.0000;119.0000;270;267;312;0;0;17406
27735;277;0;0;240;250;235;122.0000;187.0000;125.0000;33.0000;7.0000;70.0000;1;0;0;0;0;1;2;65.0000;-2391.0000;119.0000;270;267;312;0;0;17406
27745;277;0;0;240;250;235;122.0000;187.0000;125.0000;33.0000;7.0000;70.0000;1;0;0;0;0;1;2;65.0000;-2391.0000;119.0000;270;267;312;0;0;17406
27755;277;0;0;240;250;235;99.0000;187.0000;125.0000;33.0000;7.0000;70.0000;1;0;0;0;0;1;2;65.0000;-2391.0000;135.0000;270;267;312;0;0;17406
27766;277;0;0;240;250;235;99.0000;187.0000;125.0000;33.0000;7.0000;70.0000;1;0;0;0;0;1;2;65.0000;-2391.0000;135.0000;270;267;312;0;0;17406
27777;277;0;0;240;250;235;99.0000;26.0000;125.0000;33.0000;7.0000;70.0000;1;0;0;0;0;1;2;92.0000;-2391.0000;135.0000;270;267;312;0;0;17406
27787;277;0;0;240;250;235;99.0000;26.0000;125.0000;33.0000;7.0000;70.0000;1;0;0;0;0;1;2;92.0000;-2391.0000;135.0000;270;267;312;0;0;17406
27798;277;0;0;240;250;235;99.0000;26.0000;102.0000;33.0000;7.0000;70.0000;1;0;0;0;0;1;2;92.0000;-2391.0000;135.0000;270;267;312;0;0;17406
27808;277;0;0;240;250;235;99.0000;26.0000;102.0000;33.0000;7.0000;70.0000;1;0;0;0;0;1;2;92.0000;-2391.0000;135.0000;270;267;312;0;0;17406
27819;277;0;0;240;250;235;99.0000;26.0000;102.0000;33.0000;7.0000;70.0000;1;0;0;0;0;1;2;92.0000;-2391.0000;135.0000;270;267;312;0;0;17406
27829;277;0;0;240;250;235;99.0000;26.0000;102.0000;33.0000;7.0000;70.0000;1;0;0;0;0;1;2;92.0000;-2391.0000;135.0000;270;267;312;0;0;17406
27839;277;0;0;240;250;235;99.0000;26.0000;102.0000;33.0000;7.0000;70.0000;1;0;0;0;0;1;2;92.0000;-2391.0000;135.0000;270;267;312;0;0;17402
27851;277;0;0;240;250;235;79.0000;26.0000;102.0000;33.0000;7.0000;70.0000;1;0;0;0;0;1;2;92.0000;-2391.0000;135.0000;270;267;312;0;0;17402
27861;277;0;0;240;250;235;79.0000;26.0000;102.0000;33.0000;7.0000;70.0000;1;0;0;0;0;1;2;92.0000;-2391.0000;102.0000;270;267;312;0;0;17402
27873;277;0;0;240;250;235;79.0000;-40.0000;102.0000;33.0000;7.0000;70.0000;1;0;0;0;0;1;2;122.0000;-2391.0000;102.0000;270;267;312;0;0;17402
27883;277;0;0;240;250;235;79.0000;-40.0000;102.0000;33.0000;7.0000;70.0000;1;0;0;0;0;1;2;122.0000;-2391.0000;102.0000;270;267;312;0;0;17402
27894;277;0;0;240;250;235;79.0000;-40.0000;92.0000;33.0000;7.0000;70.0000;1;0;0;0;0;1;2;122.0000;-2391.0000;102.0000;270;267;312;0;0;17402
27904;277;0;0;240;250;235;79.0000;-40.0000;92.0000;33.0000;7.0000;70.0000;1;0;0;0;0;1;2;122.0000;-2391.0000;102.0000;270;267;312;0;0;17402
27915;277;0;0;240;250;235;79.0000;-40.0000;92.0000;33.0000;7.0000;70.0000;1;0;0;0;0;1;2;122.0000;-2391.0000;102.0000;270;267;312;0;0;17402
27925;277;0;0;240;250;235;79.0000;-40.0000;92.0000;33.0000;7.0000;70.0000;1;0;0;0;0;1;2;122.0000;-2391.0000;102.0000;270;267;312;0;0;17402
27937;277;0;0;240;250;235;79.0000;-40.0000;92.0000;33.0000;7.0000;70.0000;1;0;0;0;0;1;2;122.0000;-2391.0000;102.0000;270;267;312;0;0;17402
27947;277;0;0;240;250;235;79.0000;-40.0000;92.0000;33.0000;7.0000;70.0000;1;0;0;0;0;1;2;122.0000;-2391.0000;102.0000;270;267;312;0;0;17402
27958;277;0;0;240;250;235;126.0000;-40.0000;92.0000;33.0000;7.0000;70.0000;1;0;0;0;0;1;2;122.0000;-2391.0000;119.0000;270;267;312;0;0;17402
27969;277;0;0;240;250;235;126.0000;-40.0000;92.0000;33.0000;7.0000;70.0000;1;0;0;0;0;1;2;122.0000;-2391.0000;119.0000;270;267;312;0;0;17402
27979;277;0;0;240;250;235;126.0000;-13.0000;92.0000;33.0000;7.0000;70.0000;1;0;0;0;0;1;2;132.0000;-2391.0000;119.0000;270;267;312;0;0;17402
27990;277;0;0;240;250;235;126.0000;-13.0000;92.0000;33.0000;7.0000;70.0000;1;0;0;0;0;1;2;132.0000;-2391.0000;119.0000;270;267;312;0;0;17402
28001;277;0;0;240;250;235;126.0000;-13.0000;95.0000;33.0000;7.0000;70.0000;1;0;0;0;0;1;2;132.0000;-2391.0000;119.0000;270;267;312;0;0;17402
28012;277;0;0;240;250;235;126.0000;-13.0000;95.0000;33.0000;7.0000;70.0000;1;0;0;0;0;1;2;132.0000;-2391.0000;119.0000;270;267;312;0;0;17402
28023;277;0;0;240;250;235;126.0000;-13.0000;95.0000;33.0000;7.0000;70.0000;1;0;0;0;0;1;2;132.0000;-2391.0000;119.0000;270;267;312;0;0;17402
28033;277;0;0;240;250;235;126.0000;-13.0000;95.0000;33.0000;7.0000;70.0000;1;0;0;0;0;1;2;132.0000;-2391.0000;119.0000;270;267;312;0;0;17402
28045;277;0;0;240;250;235;126.0000;-13.0000;95.0000;33.0000;7.0000;70.0000;1;0;0;0;0;1;2;132.0000;-2391.0000;119.0000;270;267;312;0;0;17392
28056;277;0;0;240;250;235;129.0000;-13.0000;95.0000;33.0000;7.0000;70.0000;1;0;0;0;0;1;2;132.0000;-2391.0000;132.0000;270;267;312;0;0;17376
28066;277;0;0;240;250;235;129.0000;-13.0000;95.0000;33.0000;7.0000;70.0000;1;0;0;0;0;1;2;132.0000;-2391.0000;132.0000;270;267;312;0;0;17376
28077;277;0;0;240;250;235;129.0000;0.0000;95.0000;33.0000;7.0000;70.0000;1;0;0;0;0;1;2;142.0000;-2391.0000;132.0000;270;267;312;0;0;17376
28087;277;0;0;240;250;235;129.0000;0.0000;95.0000;33.0000;7.0000;70.0000;1;0;0;0;0;1;2;142.0000;-2391.0000;132.0000;270;267;312;0;0;17376
28098;277;0;0;240;250;235;129.0000;0.0000;129.0000;33.0000;7.0000;70.0000;1;0;0;0;0;1;2;142.0000;-2391.0000;132.0000;270;267;312;0;0;17376
28108;277;0;0;240;250;235;129.0000;0.0000;129.0000;33.0000;7.0000;70.0000;1;0;0;0;0;1;2;142.0000;-2391.0000;132.0000;270;267;312;0;0;17376
28119;277;0;0;240;250;235;129.0000;0.0000;129.0000;33.0000;7.0000;70.0000;1;0;0;0;0;1;2;142.0000;-2391.0000;132.0000;270;267;312;0;0;17376
28129;277;0;0;240;250;235;129.0000;0.0000;129.0000;33.0000;7.0000;70.0000;1;0;0;0;0;1;2;142.0000;-2391.0000;132.0000;270;267;312;0;0;17376
28144;277;0;0;240;250;235;129.0000;0.0000;129.0000;33.0000;7.0000;70.0000;1;0;0;0;0;1;2;142.0000;-2391.0000;132.0000;270;267;312;0;0;17376
28154;277;0;0;240;250;235;126.0000;0.0000;129.0000;33.0000;7.0000;70.0000;1;0;0;0;0;1;2;142.0000;-2391.0000;132.0000;270;267;312;0;0;17376
28165;277;0;0;240;250;235;126.0000;0.0000;129.0000;33.0000;7.0000;70.0000;1;0;0;0;0;1;2;142.0000;-2391.0000;122.0000;270;267;312;0;0;17376
28185;277;0;0;240;250;235;126.0000;26.0000;129.0000;33.0000;7.0000;70.0000;1;0;0;0;0;1;2;98.0000;-2391.0000;122.0000;270;267;312;0;0;17376
28195;277;0;0;240;250;235;126.0000;26.0000;95.0000;33.0000;7.0000;70.0000;1;0;0;0;0;1;2;98.0000;-2391.0000;122.0000;270;267;312;0;0;17376
28206;277;0;0;240;250;235;126.0000;26.0000;95.0000;33.0000;7.0000;70.0000;1;0;0;0;0;1;2;98.0000;-2391.0000;122.0000;270;267;312;0;0;17376
28224;277;0;0;240;250;235;126.0000;26.0000;95.0000;33.0000;7.0000;70.0000;1;0;0;0;0;1;2;98.0000;-2391.0000;122.0000;270;267;312;0;0;17376
28234;277;0;0;240;250;235;126.0000;26.0000;95.0000;50.0000;7.0000;70.0000;1;0;0;0;0;1;2;98.0000;-2391.0000;122.0000;270;267;312;0;0;17376
28245;277;0;0;240;250;235;126.0000;26.0000;95.0000;50.0000;7.0000;70.0000;1;0;0;0;0;1;2;98.0000;-2391.0000;122.0000;270;267;312;0;0;17376
28256;277;0;0;240;250;235;115.0000;26.0000;95.0000;50.0000;7.0000;70.0000;1;0;0;0;0;1;2;98.0000;-2391.0000;122.0000;270;267;312;0;0;17376
28267;277;0;0;240;250;235;115.0000;26.0000;95.0000;50.0000;7.0000;70.0000;1;0;0;0;0;1;2;98.0000;-2391.0000;125.0000;270;267;312;0;0;17376
28279;277;0;0;240;250;235;115.0000;93.0000;95.0000;50.0000;7.0000;70.0000;1;0;0;0;0;1;2;112.0000;-2391.0000;125.0000;270;267;312;0;0;17376
28289;277;0;0;240;250;235;115.0000;93.0000;95.0000;50.0000;7.0000;70.0000;1;0;0;0;0;1;2;112.0000;-2391.0000;125.0000;270;267;312;0;0;17376
28299;277;0;0;240;250;235;115.0000;93.0000;108.0000;50.0000;7.0000;70.0000;1;0;0;0;0;1;2;112.0000;-2391.0000;125.0000;270;267;312;0;0;17376
28310;277;0;0;240;250;235;115.0000;93.0000;108.0000;50.0000;7.0000;70.0000;1;0;0;0;0;1;2;112.0000;-2391.0000;125.0000;270;267;312;0;0;17376
28320;277;0;0;240;250;235;115.0000;93.0000;108.0000;50.0000;7.0000;70.0000;1;0;0;0;0;1;2;112.0000;-2391.0000;125.0000;270;267;312;0;0;17376
28331;277;0;0;240;250;235;115.0000;93.0000;108.0000;50.0000;7.0000;70.0000;1;0;0;0;0;1;2;112.0000;-2391.0000;125.0000;270;267;312;0;0;17376
28341;277;0;0;240;250;235;115.0000;93.0000;108.0000;50.0000;7.0000;70.0000;1;0;0;0;0;1;2;112.0000;-2391.0000;125.0000;270;267;312;0;0;17376
28351;277;0;0;240;250;235;115.0000;93.0000;108.0000;50.0000;7.0000;70.0000;1;0;0;0;0;1;2;112.0000;-2391.0000;125.0000;270;267;312;0;0;17376
28362;277;0;0;240;250;235;105.0000;93.0000;108.0000;50.0000;7.0000;70.0000;1;0;0;0;0;1;2;112.0000;-2391.0000;61.0000;270;267;312;0;0;17380
28373;277;0;0;240;250;235;105.0000;93.0000;108.0000;50.0000;7.0000;70.0000;1;0;0;0;0;1;2;112.0000;-2391.0000;61.0000;270;267;312;0;0;17380
28383;277;0;0;240;250;235;105.0000;174.0000;108.0000;50.0000;7.0000;70.0000;1;0;0;0;0;1;2;81.0000;-2391.0000;61.0000;270;267;312;0;0;17380
28394;277;0;0;240;250;235;105.0000;174.0000;92.0000;50.0000;7.0000;70.0000;1;0;0;0;0;1;2;81.0000;-2391.0000;61.0000;270;267;312;0;0;17380
28405;277;0;0;240;250;235;105.0000;174.0000;92.0000;50.0000;7.0000;70.0000;1;0;0;0;0;1;2;81.0000;-2391.0000;61.0000;270;267;312;0;0;17380
28417;277;0;0;240;250;235;105.0000;174.0000;92.0000;50.0000;7.0000;70.0000;1;0;0;0;0;1;2;81.0000;-2391.0000;61.0000;270;267;312;0;0;17380
28427;277;0;0;240;250;235;105.0000;174.0000;92.0000;50.0000;7.0000;70.0000;1;0;0;0;0;1;2;81.0000;-2391.0000;61.0000;270;267;312;0;0;17380
28438;277;0;0;240;250;235;105.0000;174.0000;92.0000;50.0000;7.0000;70.0000;1;0;0;0;0;1;2;81.0000;-2391.0000;61.0000;270;267;312;0;0;17380
28449;277;0;0;240;250;235;105.0000;174.0000;92.0000;50.0000;7.0000;70.0000;1;0;0;0;0;1;2;81.0000;-2391.0000;61.0000;270;267;312;0;0;17380
28460;277;0;0;240;250;235;99.0000;174.0000;92.0000;50.0000;7.0000;70.0000;1;0;0;0;0;1;2;81.0000;-2391.0000;132.0000;270;267;312;0;0;17380
28470;277;0;0;240;250;235;99.0000;174.0000;92.0000;50.0000;7.0000;70.0000;1;0;0;0;0;1;2;81.0000;-2391.0000;132.0000;270;267;312;0;0;17380
28482;277;0;0;240;250;235;99.0000;174.0000;92.0000;50.0000;7.0000;70.0000;1;0;0;0;0;1;2;108.0000;-2391.0000;132.0000;270;267;312;0;0;17380
28494;277;0;0;240;250;235;99.0000;107.0000;92.0000;50.0000;7.0000;70.0000;1;0;0;0;0;1;2;108.0000;-2391.0000;132.0000;270;267;312;0;0;17380
28505;277;0;0;240;250;235;99.0000;107.0000;92.0000;50.0000;7.0000;70.0000;1;0;0;0;0;1;2;108.0000;-2391.0000;132.0000;270;267;312;0;0;17380
28515;277;0;0;240;250;235;99.0000;107.0000;92.0000;50.0000;7.0000;70.0000;1;0;0;0;0;1;2;108.0000;-2391.0000;132.0000;270;267;312;0;0;17380
28526;277;0;0;240;250;235;99.0000;107.0000;92.0000;50.0000;7.0000;70.0000;1;0;0;0;0;1;2;108.0000;-2391.0000;132.0000;270;267;312;0;0;17380
28536;277;0;0;240;250;235;99.0000;107.0000;92.0000;50.0000;7.0000;70.0000;1;0;0;0;0;1;2;108.0000;-2391.0000;132.0000;270;267;312;0;0;17380
28547;277;0;0;240;250;235;99.0000;107.0000;92.0000;50.0000;7.0000;70.0000;1;0;0;0;0;1;2;108.0000;-2391.0000;132.0000;270;267;312;0;0;17380
28557;277;0;0;240;250;235;129.0000;107.0000;92.0000;50.0000;7.0000;70.0000;1;0;0;0;0;1;2;108.0000;-2391.0000;132.0000;270;267;312;0;0;17380
28568;277;0;0;240;250;235;129.0000;107.0000;92.0000;50.0000;7.0000;70.0000;1;0;0;0;0;1;2;108.0000;-2391.0000;119.0000;270;267;312;0;0;17380
28579;277;0;0;240;250;235;129.0000;107.0000;92.0000;50.0000;7.0000;70.0000;1;0;0;0;0;1;2;132.0000;-2391.0000;119.0000;270;267;312;0;0;17406
28589;277;0;0;240;250;235;129.0000;-13.0000;92.0000;50.0000;7.0000;70.0000;1;0;0;0;0;1;2;132.0000;-2391.0000;119.0000;270;267;312;0;0;17406
28600;277;0;0;240;250;235;129.0000;-13.0000;95.0000;50.0000;7.0000;70.0000;1;0;0;0;0;1;2;132.0000;-2391.0000;119.0000;270;267;312;0;0;17406
28610;277;0;0;240;250;235;129.0000;-13.0000;95.0000;50.0000;7.0000;70.0000;1;0;0;0;0;1;2;132.0000;-2391.0000;119.0000;270;267;312;0;0;17406
28621;277;0;0;240;250;235;129.0000;-13.0000;95.0000;50.0000;7.0000;70.0000;1;0;0;0;0;1;2;132.0000;-2391.0000;119.0000;270;267;312;0;0;17406
28631;277;0;0;240;250;235;129.0000;-13.0000;95.0000;50.0000;7.0000;70.0000;1;0;0;0;0;1;2;132.0000;-2391.0000;119.0000;270;267;312;0;0;17406
28641;277;0;0;240;250;235;129.0000;-13.0000;95.0000;50.0000;7.0000;70.0000;1;0;0;0;0;1;2;132.0000;-2391.0000;119.0000;270;267;312;0;0;17406
28652;277;0;0;240;250;235;129.0000;-13.0000;95.0000;50.0000;7.0000;70.0000;1;0;0;0;0;1;2;132.0000;-2391.0000;119.0000;270;267;312;0;0;17406
28662;277;0;0;240;250;235;85.0000;-13.0000;95.0000;50.0000;7.0000;70.0000;1;0;0;0;0;1;2;132.0000;-2391.0000;82.0000;270;267;312;0;0;17406
28673;277;0;0;240;250;235;85.0000;-13.0000;95.0000;50.0000;7.0000;70.0000;1;0;0;0;0;1;2;132.0000;-2391.0000;82.0000;270;267;312;0;0;17406
28683;277;0;0;240;250;235;85.0000;93.0000;95.0000;50.0000;7.0000;70.0000;1;0;0;0;0;1;2;118.0000;-2391.0000;82.0000;270;267;312;0;0;17406
28694;277;0;0;240;250;235;85.0000;93.0000;95.0000;50.0000;7.0000;70.0000;1;0;0;0;0;1;2;118.0000;-2391.0000;82.0000;270;267;312;0;0;17406
28705;277;0;0;240;250;235;85.0000;93.0000;108.0000;50.0000;7.0000;70.0000;1;0;0;0;0;1;2;118.0000;-2391.0000;82.0000;270;267;312;0;0;17406
28715;277;0;0;240;250;235;85.0000;93.0000;108.0000;50.0000;7.0000;70.0000;1;0;0;0;0;1;2;118.0000;-2391.0000;82.0000;270;267;312;0;0;17406
28730;277;0;0;240;250;235;85.0000;93.0000;108.0000;50.0000;7.0000;70.0000;1;0;0;0;0;1;2;118.0000;-2391.0000;82.0000;270;267;312;0;0;17406
28740;277;0;0;240;250;235;85.0000;93.0000;108.0000;50.0000;7.0000;70.0000;1;0;0;0;0;1;2;118.0000;-2391.0000;82.0000;270;267;312;0;0;17406
28750;277;0;0;240;250;235;85.0000;93.0000;108.0000;50.0000;7.0000;70.0000;1;0;0;0;0;1;2;118.0000;-2391.0000;82.0000;270;267;312;0;0;17406
28761;277;0;0;240;250;235;82.0000;93.0000;108.0000;50.0000;7.0000;70.0000;1;0;0;0;0;1;2;118.0000;-2391.0000;135.0000;270;267;312;0;0;17406
28772;277;0;0;240;250;235;82.0000;93.0000;108.0000;50.0000;7.0000;70.0000;1;0;0;0;0;1;2;118.0000;-2391.0000;135.0000;270;267;312;0;0;17406
28782;277;0;0;240;250;235;82.0000;93.0000;108.0000;50.0000;7.0000;70.0000;1;0;0;0;0;1;2;102.0000;-2391.0000;135.0000;270;267;312;0;0;17406
28793;277;0;0;240;250;235;82.0000;53.0000;108.0000;50.0000;7.0000;70.0000;1;0;0;0;0;1;2;102.0000;-2391.0000;135.0000;270;267;312;0;0;17406
28803;277;0;0;240;250;235;82.0000;53.0000;132.0000;50.0000;7.0000;70.0000;1;0;0;0;0;1;2;102.0000;-2391.0000;135.0000;270;267;312;0;0;17406
28814;277;0;0;240;250;235;82.0000;53.0000;132.0000;50.0000;7.0000;70.0000;1;0;0;0;0;1;2;102.0000;-2391.0000;135.0000;270;267;312;0;0;17406
28825;277;0;0;240;250;235;82.0000;53.0000;132.0000;50.0000;7.0000;70.0000;1;0;0;0;0;1;2;102.0000;-2391.0000;135.0000;270;267;312;0;0;17406
28836;277;0;0;240;250;235;82.0000;53.0000;132.0000;50.0000;7.0000;70.0000;1;0;0;0;0;1;2;102.0000;-2391.0000;135.0000;270;267;312;0;0;17406
28846;277;0;0;240;250;235;82.0000;53.0000;132.0000;50.0000;7.0000;70.0000;1;0;0;0;0;1;2;102.0000;-2391.0000;135.0000;270;267;312;0;0;17406
28857;277;0;0;240;250;235;82.0000;53.0000;132.0000;50.0000;7.0000;70.0000;1;0;0;0;0;1;2;102.0000;-2391.0000;135.0000;270;267;312;0;0;17406
28867;277;0;0;240;250;235;122.0000;53.0000;132.0000;50.0000;7.0000;70.0000;1;0;0;0;0;1;2;102.0000;-2391.0000;132.0000;270;267;312;0;0;17406
28878;277;0;0;240;250;235;122.0000;53.0000;132.0000;50.0000;7.0000;70.0000;1;0;0;0;0;1;2;125.0000;-2391.0000;132.0000;270;267;312;0;0;17406
28888;277;0;0;240;250;235;122.0000;147.0000;132.0000;50.0000;7.0000;70.0000;1;0;0;0;0;1;2;125.0000;-2391.0000;132.0000;270;267;312;0;0;17406
28899;277;0;0;240;250;235;122.0000;147.0000;102.0000;50.0000;7.0000;70.0000;1;0;0;0;0;1;2;125.0000;-2391.0000;132.0000;270;267;312;0;0;17406
28909;277;0;0;240;250;235;122.0000;147.0000;102.0000;50.0000;7.0000;70.0000;1;0;0;0;0;1;2;125.0000;-2391.0000;132.0000;270;267;312;0;0;17406
28920;277;0;0;240;250;235;122.0000;147.0000;102.0000;50.0000;7.0000;70.0000;1;0;0;0;0;1;2;125.0000;-2391.0000;132.0000;270;267;312;0;0;17406
28930;277;0;0;240;250;235;122.0000;147.0000;102.0000;50.0000;7.0000;70.0000;1;0;0;0;0;1;2;125.0000;-2391.0000;132.0000;270;267;312;0;0;17406
28940;277;0;0;240;250;235;122.0000;147.0000;102.0000;50.0000;7.0000;70.0000;1;0;0;0;0;1;2;125.0000;-2391.0000;132.0000;270;267;312;0;0;17406
28951;277;0;0;240;250;235;122.0000;147.0000;102.0000;50.0000;7.0000;70.0000;1;0;0;0;0;1;2;125.0000;-2391.0000;132.0000;270;267;312;0;0;17406
28962;277;0;0;240;250;235;126.0000;147.0000;102.0000;50.0000;7.0000;70.0000;1;0;0;0;0;1;2;125.0000;-2391.0000;132.0000;270;267;312;0;0;17406
28973;277;0;0;240;250;235;126.0000;147.0000;102.0000;50.0000;7.0000;70.0000;1;0;0;0;0;1;2;125.0000;-2391.0000;72.0000;270;267;312;0;0;17406
28983;277;0;0;240;250;235;126.0000;147.0000;102.0000;50.0000;7.0000;70.0000;1;0;0;0;0;1;2;92.0000;-2391.0000;72.0000;270;267;312;0;0;17406
28994;277;0;0;240;250;235;126.0000;134.0000;102.0000;50.0000;7.0000;70.0000;1;0;0;0;0;1;2;92.0000;-2391.0000;72.0000;270;267;312;0;0;17378
29005;277;0;0;240;250;235;126.0000;134.0000;119.0000;50.0000;7.0000;70.0000;1;0;0;0;0;1;2;92.0000;-2391.0000;72.0000;270;267;312;0;0;17378
29015;277;0;0;240;250;235;126.0000;134.0000;119.0000;50.0000;7.0000;70.0000;1;0;0;0;0;1;2;92.0000;-2391.0000;72.0000;270;267;312;0;0;17378
29026;277;0;0;240;250;235;126.0000;134.0000;119.0000;50.0000;7.0000;70.0000;1;0;0;0;0;1;2;92.0000;-2391.0000;72.0000;270;267;312;0;0;17378
29037;277;0;0;240;250;235;126.0000;134.0000;119.0000;50.0000;7.0000;70.0000;1;0;0;0;0;1;2;92.0000;-2391.0000;72.0000;270;267;312;0;0;17378
29047;277;0;0;240;250;235;126.0000;134.0000;119.0000;50.0000;7.0000;70.0000;1;0;0;0;0;1;2;92.0000;-2391.0000;72.0000;270;267;312;0;0;17378
29058;277;0;0;240;250;235;126.0000;134.0000;119.0000;50.0000;7.0000;70.0000;1;0;0;0;0;1;2;92.0000;-2391.0000;72.0000;270;267;312;0;0;17378
29068;277;0;0;240;250;235;115.0000;134.0000;119.0000;50.0000;7.0000;70.0000;1;0;0;0;0;1;2;92.0000;-2391.0000;78.0000;270;267;312;0;0;17378
29078;277;0;0;240;250;235;115.0000;134.0000;119.0000;50.0000;7.0000;70.0000;1;0;0;0;0;1;2;95.0000;-2391.0000;78.0000;270;267;312;0;0;17378
29089;277;0;0;240;250;235;115.0000;93.0000;119.0000;50.0000;7.0000;70.0000;1;0;0;0;0;1;2;95.0000;-2391.0000;78.0000;270;267;312;0;0;17378
29100;277;0;0;240;250;235;115.0000;93.0000;119.0000;50.0000;7.0000;70.0000;1;0;0;0;0;1;2;95.0000;-2391.0000;78.0000;270;267;312;0;0;17376
29111;277;0;0;240;250;235;115.0000;93.0000;139.0000;50.0000;7.0000;70.0000;1;0;0;0;0;1;2;95.0000;-2391.0000;78.0000;270;267;312;0;0;17376
29121;277;0;0;240;250;235;115.0000;93.0000;139.0000;50.0000;7.0000;70.0000;1;0;0;0;0;1;2;95.0000;-2391.0000;78.0000;270;267;312;0;0;17376
29132;277;0;0;240;250;235;115.0000;93.0000;139.0000;50.0000;7.0000;70.0000;1;0;0;0;0;1;2;95.0000;-2391.0000;78.0000;270;267;312;0;0;17376
29142;277;0;0;240;250;235;115.0000;93.0000;139.0000;50.0000;7.0000;70.0000;1;0;0;0;0;1;2;95.0000;-2391.0000;78.0000;270;267;312;0;0;17376
29153;277;0;0;240;250;235;115.0000;93.0000;139.0000;50.0000;7.0000;70.0000;1;0;0;0;0;1;2;95.0000;-2391.0000;78.0000;270;267;312;0;0;17376
29164;277;0;0;240;250;235;99.0000;93.0000;139.0000;50.0000;7.0000;70.0000;1;0;0;0;0;1;2;95.0000;-2391.0000;78.0000;270;267;312;0;0;17376
29174;277;0;0;240;250;235;99.0000;93.0000;139.0000;50.0000;7.0000;70.0000;1;0;0;0;0;1;2;95.0000;-2391.0000;88.0000;270;267;312;0;0;17376
29185;277;0;0;240;250;235;99.0000;93.0000;139.0000;50.0000;7.0000;70.0000;1;0;0;0;0;1;2;95.0000;-2391.0000;88.0000;270;267;312;0;0;17376
29195;277;0;0;240;250;235;99.0000;134.0000;139.0000;50.0000;7.0000;70.0000;1;0;0;0;0;1;2;95.0000;-2391.0000;88.0000;270;267;312;0;0;17376
29206;277;0;0;240;250;235;99.0000;134.0000;92.0000;50.0000;7.0000;70.0000;1;0;0;0;0;1;2;95.0000;-2391.0000;88.0000;270;267;312;0;0;17376
29216;277;0;0;240;250;235;99.0000;134.0000;92.0000;50.0000;7.0000;70.0000;1;0;0;0;0;1;2;95.0000;-2391.0000;88.0000;270;267;312;0;0;17376
29227;277;0;0;240;250;235;99.0000;134.0000;92.0000;50.0000;7.0000;70.0000;1;0;0;0;0;1;2;95.0000;-2391.0000;88.0000;270;267;312;0;0;17376
29237;277;0;0;240;250;235;99.0000;134.0000;92.0000;20.0000;7.0000;70.0000;1;0;0;0;0;1;2;95.0000;-2391.0000;88.0000;270;267;312;0;0;17376
29254;277;0;0;240;250;235;99.0000;134.0000;92.0000;20.0000;7.0000;70.0000;1;0;0;0;0;1;2;95.0000;-2391.0000;88.0000;270;267;312;0;0;17376
29264;277;0;0;240;250;235;122.0000;134.0000;92.0000;20.0000;7.0000;70.0000;1;0;0;0;0;1;2;95.0000;-2391.0000;88.0000;270;267;312;0;0;17376
29275;277;0;0;240;250;235;122.0000;134.0000;92.0000;20.0000;7.0000;70.0000;1;0;0;0;0;1;2;95.0000;-2391.0000;115.0000;270;267;312;0;0;17376
29285;277;0;0;240;250;235;122.0000;134.0000;92.0000;20.0000;7.0000;70.0000;1;0;0;0;0;1;2;115.0000;-2391.0000;115.0000;270;267;312;0;0;17376
29296;277;0;0;240;250;235;122.0000;147.0000;92.0000;20.0000;7.0000;70.0000;1;0;0;0;0;1;2;115.0000;-2391.0000;115.0000;270;267;312;0;0;17376
29307;277;0;0;240;250;235;122.0000;147.0000;112.0000;20.0000;7.0000;70.0000;1;0;0;0;0;1;2;115.0000;-2391.0000;115.0000;270;267;312;0;0;17376
29317;277;0;0;240;250;235;122.0000;147.0000;112.0000;20.0000;7.0000;70.0000;1;0;0;0;0;1;2;115.0000;-2391.0000;115.0000;270;267;312;0;0;17380
29328;277;0;0;240;250;235;122.0000;147.0000;112.0000;20.0000;7.0000;70.0000;1;0;0;0;0;1;2;115.0000;-2391.0000;115.0000;270;267;312;0;0;17380
29338;277;0;0;240;250;235;122.0000;147.0000;112.0000;20.0000;7.0000;70.0000;1;0;0;0;0;1;2;115.0000;-2391.0000;115.0000;270;267;312;0;0;17380
29349;277;0;0;240;250;235;122.0000;147.0000;112.0000;20.0000;7.0000;70.0000;1;0;0;0;0;1;2;115.0000;-2391.0000;115.0000;270;267;312;0;0;17380
29359;277;0;0;240;250;235;122.0000;147.0000;112.0000;20.0000;7.0000;70.0000;1;0;0;0;0;1;2;115.0000;-2391.0000;115.0000;270;267;312;0;0;17380
29369;277;0;0;240;250;235;115.0000;147.0000;112.0000;20.0000;7.0000;70.0000;1;0;0;0;0;1;2;115.0000;-2391.0000;98.0000;270;267;312;0;0;17380
29381;277;0;0;240;250;235;115.0000;147.0000;112.0000;20.0000;7.0000;70.0000;1;0;0;0;0;1;2;118.0000;-2391.0000;98.0000;270;267;312;0;0;17380
29391;277;0;0;240;250;235;115.0000;147.0000;112.0000;20.0000;7.0000;70.0000;1;0;0;0;0;1;2;118.0000;-2391.0000;98.0000;270;267;312;0;0;17380
29401;277;0;0;240;250;235;115.0000;174.0000;112.0000;20.0000;7.0000;70.0000;1;0;0;0;0;1;2;118.0000;-2391.0000;98.0000;270;267;312;0;0;17380
29412;277;0;0;240;250;235;115.0000;174.0000;88.0000;20.0000;7.0000;70.0000;1;0;0;0;0;1;2;118.0000;-2391.0000;98.0000;270;267;312;0;0;17380
29422;277;0;0;240;250;235;115.0000;174.0000;88.0000;20.0000;7.0000;70.0000;1;0;0;0;0;1;2;118.0000;-2391.0000;98.0000;270;267;312;0;0;17380
29433;277;0;0;240;250;235;115.0000;174.0000;88.0000;20.0000;7.0000;70.0000;1;0;0;0;0;1;2;118.0000;-2391.0000;98.0000;270;267;312;0;0;17380
29444;277;0;0;240;250;235;115.0000;174.0000;88.0000;20.0000;7.0000;70.0000;1;0;0;0;0;1;2;118.0000;-2391.0000;98.0000;270;267;312;0;0;17380
29454;277;0;0;240;250;235;115.0000;174.0000;88.0000;20.0000;7.0000;70.0000;1;0;0;0;0;1;2;118.0000;-2391.0000;98.0000;270;267;312;0;0;17380
29466;277;0;0;240;250;235;119.0000;174.0000;88.0000;20.0000;7.0000;70.0000;1;0;0;0;0;1;2;118.0000;-2391.0000;98.0000;270;267;312;0;0;17380
29476;277;0;0;240;250;235;119.0000;174.0000;88.0000;20.0000;7.0000;70.0000;1;0;0;0;0;1;2;118.0000;-2391.0000;129.0000;270;267;312;0;0;17380
29488;277;0;0;240;250;235;119.0000;174.0000;88.0000;20.0000;7.0000;70.0000;1;0;0;0;0;1;2;118.0000;-2391.0000;129.0000;270;267;312;0;0;17380
29501;277;0;0;240;250;235;119.0000;93.0000;88.0000;20.0000;7.0000;70.0000;1;0;0;0;0;1;2;118.0000;-2391.0000;129.0000;270;267;312;0;0;17380
29511;277;0;0;240;250;235;119.0000;93.0000;122.0000;20.0000;7.0000;70.0000;1;0;0;0;0;1;2;118.0000;-2391.0000;129.0000;270;267;312;0;0;17380
29522;277;0;0;240;250;235;119.0000;93.0000;122.0000;20.0000;7.0000;70.0000;1;0;0;0;0;1;2;118.0000;-2391.0000;129.0000;270;267;312;0;0;17406
29532;277;0;0;240;250;235;119.0000;93.0000;122.0000;20.0000;7.0000;70.0000;1;0;0;0;0;1;2;118.0000;-2391.0000;129.0000;270;267;312;0;0;17406
29543;277;0;0;240;250;235;119.0000;93.0000;122.0000;20.0000;7.0000;70.0000;1;0;0;0;0;1;2;118.0000;-2391.0000;129.0000;270;267;312;0;0;17406
29553;277;0;0;240;250;235;119.0000;93.0000;122.0000;20.0000;7.0000;70.0000;1;0;0;0;0;1;2;118.0000;-2391.0000;129.0000;270;267;312;0;0;17406
29565;277;0;0;240;250;235;119.0000;93.0000;122.0000;20.0000;7.0000;70.0000;1;0;0;0;0;1;2;118.0000;-2391.0000;129.0000;270;267;312;0;0;17406
29575;277;0;0;240;250;235;119.0000;93.0000;122.0000;20.0000;7.0000;70.0000;1;0;0;0;0;1;2;118.0000;-2391.0000;129.0000;270;267;312;0;0;17406
29586;277;0;0;240;250;235;119.0000;93.0000;122.0000;20.0000;7.0000;70.0000;1;0;0;0;0;1;2;132.0000;-2391.0000;129.0000;270;267;312;0;0;17406
29597;277;0;0;240;250;235;119.0000;40.0000;122.0000;20.0000;7.0000;70.0000;1;0;0;0;0;1;2;132.0000;-2391.0000;129.0000;270;267;312;0;0;17406
29607;277;0;0;240;250;235;119.0000;40.0000;95.0000;20.0000;7.0000;70.0000;1;0;0;0;0;1;2;132.0000;-2391.0000;129.0000;270;267;312;0;0;17406
29618;277;0;0;240;250;235;119.0000;40.0000;95.0000;20.0000;7.0000;70.0000;1;0;0;0;0;1;2;132.0000;-2391.0000;129.0000;270;267;312;0;0;17406
29628;277;0;0;240;250;235;119.0000;40.0000;95.0000;20.0000;7.0000;70.0000;1;0;0;0;0;1;2;132.0000;-2391.0000;129.0000;270;267;312;0;0;17406
29639;277;0;0;240;250;235;119.0000;40.0000;95.0000;20.0000;7.0000;70.0000;1;0;0;0;0;1;2;132.0000;-2391.0000;129.0000;270;267;312;0;0;17406
29649;277;0;0;240;250;235;119.0000;40.0000;95.0000;20.0000;7.0000;70.0000;1;0;0;0;0;1;2;132.0000;-2391.0000;129.0000;270;267;312;0;0;17406
29660;277;0;0;240;250;235;119.0000;40.0000;95.0000;20.0000;7.0000;70.0000;1;0;0;0;0;1;2;132.0000;-2391.0000;129.0000;270;267;312;0;0;17406
29670;277;0;0;240;250;235;115.0000;40.0000;95.0000;20.0000;7.0000;70.0000;1;0;0;0;0;1;2;132.0000;-2391.0000;108.0000;270;267;312;0;0;17406
29681;277;0;0;240;250;235;115.0000;40.0000;95.0000;20.0000;7.0000;70.0000;1;0;0;0;0;1;2;132.0000;-2391.0000;108.0000;270;267;312;0;0;17406
29691;277;0;0;240;250;235;115.0000;40.0000;95.0000;20.0000;7.0000;70.0000;1;0;0;0;0;1;2;128.0000;-2391.0000;108.0000;272;267;312;0;0;17406
29702;277;0;0;240;250;235;115.0000;187.0000;95.0000;20.0000;7.0000;70.0000;1;0;0;0;0;1;2;128.0000;-2391.0000;108.0000;272;267;312;0;0;17406
29712;277;0;0;240;250;235;115.0000;187.0000;95.0000;20.0000;7.0000;70.0000;1;0;0;0;0;1;2;128.0000;-2391.0000;108.0000;272;267;312;0;0;17406
29723;277;0;0;240;250;235;115.0000;187.0000;95.0000;20.0000;7.0000;70.0000;1;0;0;0;0;1;2;128.0000;-2391.0000;108.0000;272;267;312;0;0;17406
29733;277;0;0;240;250;235;115.0000;187.0000;95.0000;20.0000;7.0000;70.0000;1;0;0;0;0;1;2;128.0000;-2391.0000;108.0000;272;267;312;0;0;17406
29744;277;0;0;240;250;235;115.0000;187.0000;95.0000;20.0000;7.0000;70.0000;1;0;0;0;0;1;2;128.0000;-2391.0000;108.0000;272;267;312;0;0;17406
29760;277;0;0;240;250;235;115.0000;187.0000;95.0000;20.0000;7.0000;70.0000;1;0;0;0;0;1;2;128.0000;-2391.0000;108.0000;272;267;312;0;0;17406
29770;277;0;0;240;250;235;85.0000;187.0000;95.0000;20.0000;7.0000;70.0000;1;0;0;0;0;1;2;128.0000;-2391.0000;88.0000;272;267;312;0;0;17406
29781;277;0;0;240;250;235;85.0000;187.0000;95.0000;20.0000;7.0000;70.0000;1;0;0;0;0;1;2;128.0000;-2391.0000;88.0000;272;267;312;0;0;17406
29791;277;0;0;240;250;235;85.0000;187.0000;95.0000;20.0000;7.0000;70.0000;1;0;0;0;0;1;2;78.0000;-2391.0000;88.0000;272;267;312;0;0;17406
29802;277;0;0;240;250;235;85.0000;13.0000;95.0000;20.0000;7.0000;70.0000;1;0;0;0;0;1;2;78.0000;-2391.0000;88.0000;272;267;312;0;0;17406
29812;277;0;0;240;250;235;85.0000;13.0000;98.0000;20.0000;7.0000;70.0000;1;0;0;0;0;1;2;78.0000;-2391.0000;88.0000;272;267;312;0;0;17406
29824;277;0;0;240;250;235;85.0000;13.0000;98.0000;20.0000;7.0000;70.0000;1;0;0;0;0;1;2;78.0000;-2391.0000;88.0000;272;267;312;0;0;17406
29835;277;0;0;240;250;235;85.0000;13.0000;98.0000;20.0000;7.0000;70.0000;1;0;0;0;0;1;2;78.0000;-2391.0000;88.0000;272;267;312;0;0;17406
29845;277;0;0;240;250;235;85.0000;13.0000;98.0000;20.0000;7.0000;70.0000;1;0;0;0;0;1;2;78.0000;-2391.0000;88.0000;272;267;312;0;0;17406
29855;277;0;0;240;250;235;85.0000;13.0000;98.0000;20.0000;7.0000;70.0000;1;0;0;0;0;1;2;78.0000;-2391.0000;88.0000;272;267;312;0;0;17406
29866;277;0;0;240;250;235;85.0000;13.0000;98.0000;20.0000;7.0000;70.0000;1;0;0;0;0;1;2;78.0000;-2391.0000;88.0000;272;267;312;0;0;17406
29877;277;0;0;240;250;235;115.0000;13.0000;98.0000;20.0000;7.0000;70.0000;1;0;0;0;0;1;2;78.0000;-2391.0000;125.0000;272;267;312;0;0;17406
29887;277;0;0;240;250;235;115.0000;13.0000;98.0000;20.0000;7.0000;70.0000;1;0;0;0;0;1;2;122.0000;-2391.0000;125.0000;272;267;312;0;0;17406
29898;277;0;0;240;250;235;115.0000;13.0000;98.0000;20.0000;7.0000;70.0000;1;0;0;0;0;1;2;122.0000;-2391.0000;125.0000;272;267;312;0;0;17406
29909;277;0;0;240;250;235;115.0000;13.0000;85.0000;20.0000;7.0000;70.0000;1;0;0;0;0;1;2;122.0000;-2391.0000;125.0000;272;267;312;0;0;17406
29919;277;0;0;240;250;235;115.0000;13.0000;85.0000;20.0000;7.0000;70.0000;1;0;0;0;0;1;2;122.0000;-2391.0000;125.0000;272;267;312;0;0;17406
29931;277;0;0;240;250;235;115.0000;13.0000;85.0000;20.0000;7.0000;70.0000;1;0;0;0;0;1;2;122.0000;-2391.0000;125.0000;272;267;312;0;0;17406
29941;277;0;0;240;250;235;115.0000;13.0000;85.0000;20.0000;7.0000;70.0000;1;0;0;0;0;1;2;122.0000;-2391.0000;125.0000;272;267;312;0;0;17406
29952;277;0;0;240;250;235;115.0000;13.0000;85.0000;20.0000;7.0000;70.0000;1;0;0;0;0;1;2;122.0000;-2391.0000;125.0000;272;267;312;0;0;17406
29962;277;0;0;240;250;235;115.0000;13.0000;85.0000;20.0000;7.0000;70.0000;1;0;0;0;0;1;2;122.0000;-2391.0000;125.0000;272;267;312;0;0;17406
29972;277;0;0;240;250;235;122.0000;13.0000;85.0000;20.0000;7.0000;70.0000;1;0;0;0;0;1;2;122.0000;-2391.0000;135.0000;272;267;312;0;0;17406
29983;277;0;0;240;250;235;122.0000;13.0000;85.0000;20.0000;7.0000;70.0000;1;0;0;0;0;1;2;122.0000;-2391.0000;135.0000;272;267;312;0;0;17406
29993;277;0;0;240;250;235;122.0000;13.0000;85.0000;20.0000;7.0000;70.0000;1;0;0;0;0;1;2;122.0000;-2391.0000;135.0000;272;267;312;0;0;17406
30004;277;0;0;240;250;235;122.0000;107.0000;85.0000;20.0000;7.0000;70.0000;1;0;0;0;0;1;2;122.0000;-2391.0000;135.0000;272;267;312;0;0;17406
30015;277;0;0;240;250;235;122.0000;107.0000;115.0000;20.0000;7.0000;70.0000;1;0;0;0;0;1;2;122.0000;-2391.0000;135.0000;272;267;312;0;0;17406
30025;277;0;0;240;250;235;122.0000;107.0000;115.0000;20.0000;7.0000;70.0000;1;0;0;0;0;1;2;122.0000;-2391.0000;135.0000;272;267;312;0;0;17406
30038;277;0;0;240;250;235;122.0000;107.0000;115.0000;20.0000;7.0000;70.0000;1;0;0;0;0;1;2;122.0000;-2391.0000;135.0000;272;267;312;0;0;17404
30049;277;0;0;240;250;235;122.0000;107.0000;115.0000;20.0000;7.0000;70.0000;1;0;0;0;0;1;2;122.0000;-2391.0000;135.0000;272;267;312;0;0;17376
30059;277;0;0;240;250;235;122.0000;107.0000;115.0000;20.0000;7.0000;70.0000;1;0;0;0;0;1;2;122.0000;-2391.0000;135.0000;272;267;312;0;0;17376
30071;277;0;0;240;250;235;122.0000;107.0000;115.0000;20.0000;7.0000;70.0000;1;0;0;0;0;1;2;122.0000;-2391.0000;68.0000;272;267;312;0;0;17376
30081;277;0;0;240;250;235;102.0000;107.0000;115.0000;20.0000;7.0000;70.0000;1;0;0;0;0;1;2;122.0000;-2391.0000;68.0000;272;267;312;0;0;17376
30092;277;0;0;240;250;235;102.0000;107.0000;115.0000;20.0000;7.0000;70.0000;1;0;0;0;0;1;2;75.0000;-2391.0000;68.0000;272;267;312;0;0;17376
30102;277;0;0;240;250;235;102.0000;13.0000;115.0000;20.0000;7.0000;70.0000;1;0;0;0;0;1;2;75.0000;-2391.0000;68.0000;272;267;312;0;0;17376
30113;277;0;0;240;250;235;102.0000;13.0000;132.0000;20.0000;7.0000;70.0000;1;0;0;0;0;1;2;75.0000;-2391.0000;68.0000;272;267;312;0;0;17376
30123;277;0;0;240;250;235;102.0000;13.0000;132.0000;20.0000;7.0000;70.0000;1;0;0;0;0;1;2;75.0000;-2391.0000;68.0000;272;267;312;0;0;17376
30134;277;0;0;240;250;235;102.0000;13.0000;132.0000;20.0000;7.0000;70.0000;1;0;0;0;0;1;2;75.0000;-2391.0000;68.0000;272;267;312;0;0;17376
30144;277;0;0;240;250;235;102.0000;13.0000;132.0000;20.0000;7.0000;70.0000;1;0;0;0;0;1;2;75.0000;-2391.0000;68.0000;272;267;312;0;0;17376
30155;277;0;0;240;250;235;102.0000;13.0000;132.0000;20.0000;7.0000;70.0000;1;0;0;0;0;1;2;75.0000;-2391.0000;68.0000;272;267;312;0;0;17376
30165;277;0;0;240;250;235;102.0000;13.0000;132.0000;20.0000;7.0000;70.0000;1;0;0;0;0;1;2;75.0000;-2391.0000;68.0000;272;267;312;0;0;17376
30175;277;0;0;240;250;235;89.0000;13.0000;132.0000;20.0000;7.0000;70.0000;1;0;0;0;0;1;2;75.0000;-2391.0000;119.0000;272;267;312;0;0;17376
30186;277;0;0;240;250;235;89.0000;13.0000;132.0000;20.0000;7.0000;70.0000;1;0;0;0;0;1;2;68.0000;-2391.0000;119.0000;272;267;312;0;0;17376
30197;277;0;0;240;250;235;89.0000;13.0000;132.0000;20.0000;7.0000;70.0000;1;0;0;0;0;1;2;68.0000;-2391.0000;119.0000;272;267;312;0;0;17376
30207;277;0;0;240;250;235;89.0000;40.0000;132.0000;20.0000;7.0000;70.0000;1;0;0;0;0;1;2;68.0000;-2391.0000;119.0000;272;267;312;0;0;17376
30218;277;0;0;240;250;235;89.0000;40.0000;105.0000;20.0000;7.0000;70.0000;1;0;0;0;0;1;2;68.0000;-2391.0000;119.0000;272;267;312;0;0;17376
30228;277;0;0;240;250;235;89.0000;40.0000;105.0000;20.0000;7.0000;70.0000;1;0;0;0;0;1;2;68.0000;-2391.0000;119.0000;272;267;312;0;0;17376
30239;277;0;0;240;250;235;89.0000;40.0000;105.0000;12.0000;7.0000;70.0000;1;0;0;0;0;1;2;68.0000;-2391.0000;119.0000;272;267;312;0;0;17376
30250;277;0;0;240;250;235;89.0000;40.0000;105.0000;12.0000;7.0000;70.0000;1;0;0;0;0;1;2;68.0000;-2391.0000;119.0000;272;267;312;0;0;17376
30260;277;0;0;240;250;235;89.0000;40.0000;105.0000;12.0000;7.0000;70.0000;1;0;0;0;0;1;2;68.0000;-2391.0000;119.0000;272;267;312;0;0;17376
30272;277;0;0;240;250;235;89.0000;40.0000;105.0000;12.0000;7.0000;70.0000;1;0;0;0;0;1;2;68.0000;-2391.0000;119.0000;272;267;312;0;0;17376
30283;277;0;0;240;250;235;126.0000;40.0000;105.0000;12.0000;7.0000;70.0000;1;0;0;0;0;1;2;68.0000;-2391.0000;112.0000;272;267;312;0;0;17376
30293;277;0;0;240;250;235;126.0000;40.0000;105.0000;12.0000;7.0000;70.0000;1;0;0;0;0;1;2;78.0000;-2391.0000;112.0000;272;267;312;0;0;17376
30304;277;0;0;240;250;235;126.0000;-26.0000;105.0000;12.0000;7.0000;70.0000;1;0;0;0;0;1;2;78.0000;-2391.0000;112.0000;272;267;312;0;0;17376
30314;277;0;0;240;250;235;126.0000;-26.0000;92.0000;12.0000;7.0000;70.0000;1;0;0;0;0;1;2;78.0000;-2391.0000;112.0000;272;267;312;0;0;17376
30325;277;0;0;240;250;235;126.0000;-26.0000;92.0000;12.0000;7.0000;70.0000;1;0;0;0;0;1;2;78.0000;-2391.0000;112.0000;272;267;312;0;0;17376
30336;277;0;0;240;250;235;126.0000;-26.0000;92.0000;12.0000;7.0000;70.0000;1;0;0;0;0;1;2;78.0000;-2391.0000;112.0000;272;267;312;0;0;17376
30346;277;0;0;240;250;235;126.0000;-26.0000;92.0000;12.0000;7.0000;70.0000;1;0;0;0;0;1;2;78.0000;-2391.0000;112.0000;272;267;312;0;0;17376
30357;277;0;0;240;250;235;126.0000;-26.0000;92.0000;12.0000;7.0000;70.0000;1;0;0;0;0;1;2;78.0000;-2391.0000;112.0000;272;267;312;0;0;17380
30367;277;0;0;240;250;235;126.0000;-26.0000;92.0000;12.0000;7.0000;70.0000;1;0;0;0;0;1;2;78.0000;-2391.0000;112.0000;272;267;312;0;0;17380
30378;277;0;0;240;250;235;95.0000;-26.0000;92.0000;12.0000;7.0000;70.0000;1;0;0;0;0;1;2;78.0000;-2391.0000;72.0000;272;267;312;0;0;17380
30388;277;0;0;240;250;235;95.0000;-26.0000;92.0000;12.0000;7.0000;70.0000;1;0;0;0;0;1;2;132.0000;-2391.0000;72.0000;272;267;312;0;0;17380
30399;277;0;0;240;250;235;95.0000;-26.0000;92.0000;12.0000;7.0000;70.0000;1;0;0;0;0;1;2;132.0000;-2391.0000;72.0000;272;267;312;0;0;17380
30409;277;0;0;240;250;235;95.0000;120.0000;92.0000;12.0000;7.0000;70.0000;1;0;0;0;0;1;2;132.0000;-2391.0000;72.0000;272;267;312;0;0;17380
30420;277;0;0;240;250;235;95.0000;120.0000;88.0000;12.0000;7.0000;70.0000;1;0;0;0;0;1;2;132.0000;-2391.0000;72.0000;272;267;312;0;0;17380
30430;277;0;0;240;250;235;95.0000;120.0000;88.0000;12.0000;7.0000;70.0000;1;0;0;0;0;1;2;132.0000;-2391.0000;72.0000;272;267;312;0;0;17380
30441;277;0;0;240;250;235;95.0000;120.0000;88.0000;12.0000;7.0000;70.0000;1;0;0;0;0;1;2;132.0000;-2391.0000;72.0000;272;267;312;0;0;17380
30451;277;0;0;240;250;235;95.0000;120.0000;88.0000;12.0000;7.0000;70.0000;1;0;0;0;0;1;2;132.0000;-2391.0000;72.0000;272;267;312;0;0;17380
30462;277;0;0;240;250;235;95.0000;120.0000;88.0000;12.0000;7.0000;70.0000;1;0;0;0;0;1;2;132.0000;-2391.0000;72.0000;272;267;312;0;0;17380
30473;277;0;0;240;250;235;95.0000;120.0000;88.0000;12.0000;7.0000;70.0000;1;0;0;0;0;1;2;132.0000;-2391.0000;88.0000;272;267;312;0;0;17380
30483;277;0;0;240;250;235;82.0000;120.0000;88.0000;12.0000;7.0000;70.0000;1;0;0;0;0;1;2;132.0000;-2391.0000;88.0000;272;267;312;0;0;17380
30495;277;0;0;240;250;235;82.0000;120.0000;88.0000;12.0000;7.0000;70.0000;1;0;0;0;0;1;2;118.0000;-2391.0000;88.0000;272;267;312;0;0;17380
30505;277;0;0;240;250;235;82.0000;120.0000;88.0000;12.0000;7.0000;70.0000;1;0;0;0;0;1;2;118.0000;-2391.0000;88.0000;272;267;312;0;0;17380
30516;277;0;0;240;250;235;82.0000;120.0000;92.0000;12.0000;7.0000;70.0000;1;0;0;0;0;1;2;118.0000;-2391.0000;88.0000;272;267;312;0;0;17380
30532;277;0;0;240;250;235;82.0000;120.0000;92.0000;12.0000;7.0000;70.0000;1;0;0;0;0;1;2;118.0000;-2391.0000;88.0000;272;267;312;0;0;17380
30543;277;0;0;240;250;235;82.0000;120.0000;92.0000;12.0000;7.0000;70.0000;1;0;0;0;0;1;2;118.0000;-2391.0000;88.0000;272;267;312;0;0;17380
30553;277;0;0;240;250;235;82.0000;120.0000;92.0000;12.0000;7.0000;70.0000;1;0;0;0;0;1;2;118.0000;-2391.0000;88.0000;272;267;312;0;0;17380
30564;277;0;0;240;250;235;82.0000;120.0000;92.0000;12.0000;7.0000;70.0000;1;0;0;0;0;1;2;118.0000;-2391.0000;88.0000;272;267;312;0;0;17406
30574;277;0;0;240;250;235;82.0000;120.0000;92.0000;12.0000;7.0000;70.0000;1;0;0;0;0;1;2;118.0000;-2391.0000;72.0000;272;267;312;0;0;17406
30585;277;0;0;240;250;235;95.0000;120.0000;92.0000;12.0000;7.0000;70.0000;1;0;0;0;0;1;2;118.0000;-2391.0000;72.0000;272;267;312;0;0;17406
30595;277;0;0;240;250;235;95.0000;120.0000;92.0000;12.0000;7.0000;70.0000;1;0;0;0;0;1;2;68.0000;-2391.0000;72.0000;272;267;312;0;0;17406
30606;277;0;0;240;250;235;95.0000;53.0000;92.0000;12.0000;7.0000;70.0000;1;0;0;0;0;1;2;68.0000;-2391.0000;72.0000;272;267;312;0;0;17406
30616;277;0;0;240;250;235;95.0000;53.0000;108.0000;12.0000;7.0000;70.0000;1;0;0;0;0;1;2;68.0000;-2391.0000;72.0000;272;267;312;0;0;17406
30627;277;0;0;240;250;235;95.0000;53.0000;108.0000;12.0000;7.0000;70.0000;1;0;0;0;0;1;2;68.0000;-2391.0000;72.0000;272;267;312;0;0;17406
30637;277;0;0;240;250;235;95.0000;53.0000;108.0000;12.0000;7.0000;70.0000;1;0;0;0;0;1;2;68.0000;-2391.0000;72.0000;272;267;312;0;0;17406
30647;277;0;0;240;250;235;95.0000;53.0000;108.0000;12.0000;7.0000;70.0000;1;0;0;0;0;1;2;68.0000;-2391.0000;72.0000;272;267;312;0;0;17406
30658;277;0;0;240;250;235;95.0000;53.0000;108.0000;12.0000;7.0000;70.0000;1;0;0;0;0;1;2;68.0000;-2391.0000;72.0000;272;267;312;0;0;17406
30668;277;0;0;240;250;235;95.0000;53.0000;108.0000;12.0000;7.0000;70.0000;1;0;0;0;0;1;2;68.0000;-2391.0000;72.0000;272;267;312;0;0;17406
30678;277;0;0;240;250;235;79.0000;53.0000;108.0000;12.0000;7.0000;70.0000;1;0;0;0;0;1;2;68.0000;-2391.0000;135.0000;272;267;312;0;0;17406
30689;277;0;0;240;250;235;79.0000;53.0000;108.0000;12.0000;7.0000;70.0000;1;0;0;0;0;1;2;135.0000;-2391.0000;135.0000;272;267;312;0;0;17406
30700;277;0;0;240;250;235;79.0000;53.0000;108.0000;12.0000;7.0000;70.0000;1;0;0;0;0;1;2;135.0000;-2391.0000;135.0000;272;267;312;0;0;17406
30710;277;0;0;240;250;235;79.0000;-40.0000;108.0000;12.0000;7.0000;70.0000;1;0;0;0;0;1;2;135.0000;-2391.0000;135.0000;272;267;312;0;0;17406
30721;277;0;0;240;250;235;79.0000;-40.0000;119.0000;12.0000;7.0000;70.0000;1;0;0;0;0;1;2;135.0000;-2391.0000;135.0000;272;267;312;0;0;17406
30731;277;0;0;240;250;235;79.0000;-40.0000;119.0000;12.0000;7.0000;70.0000;1;0;0;0;0;1;2;135.0000;-2391.0000;135.0000;272;267;312;0;0;17406
30741;277;0;0;240;250;235;79.0000;-40.0000;119.0000;12.0000;7.0000;70.0000;1;0;0;0;0;1;2;135.0000;-2391.0000;135.0000;272;267;312;0;0;17406
30752;277;0;0;240;250;235;79.0000;-40.0000;119.0000;12.0000;7.0000;70.0000;1;0;0;0;0;1;2;135.0000;-2391.0000;135.0000;272;267;312;0;0;17406
30762;277;0;0;240;250;235;79.0000;-40.0000;119.0000;12.0000;7.0000;70.0000;1;0;0;0;0;1;2;135.0000;-2391.0000;135.0000;272;267;312;0;0;17406
30773;277;0;0;240;250;235;79.0000;-40.0000;119.0000;12.0000;7.0000;70.0000;1;0;0;0;0;1;2;135.0000;-2391.0000;115.0000;272;267;312;0;0;17406
30784;277;0;0;240;250;235;75.0000;-40.0000;119.0000;12.0000;7.0000;70.0000;1;0;0;0;0;1;2;135.0000;-2391.0000;115.0000;272;267;312;0;0;17406
30795;277;0;0;240;250;235;75.0000;-40.0000;119.0000;12.0000;7.0000;70.0000;1;0;0;0;0;1;2;75.0000;-2391.0000;115.0000;272;267;312;0;0;17406
30812;277;0;0;240;250;235;75.0000;-40.0000;119.0000;12.0000;7.0000;70.0000;1;0;0;0;0;1;2;75.0000;-2391.0000;115.0000;272;267;312;0;0;17406
30823;277;0;0;240;250;235;75.0000;147.0000;119.0000;12.0000;7.0000;70.0000;1;0;0;0;0;1;2;75.0000;-2391.0000;115.0000;272;267;312;0;0;17406
30833;277;0;0;240;250;235;75.0000;147.0000;119.0000;12.0000;7.0000;70.0000;1;0;0;0;0;1;2;75.0000;-2391.0000;115.0000;272;267;312;0;0;17406
30844;277;0;0;240;250;235;75.0000;147.0000;119.0000;12.0000;7.0000;70.0000;1;0;0;0;0;1;2;75.0000;-2391.0000;115.0000;272;267;312;0;0;17406
30856;277;0;0;240;250;235;75.0000;147.0000;119.0000;12.0000;7.0000;70.0000;1;0;0;0;0;1;2;75.0000;-2391.0000;115.0000;272;267;312;0;0;17406
30866;277;0;0;240;250;235;75.0000;147.0000;119.0000;12.0000;7.0000;70.0000;1;0;0;0;0;1;2;75.0000;-2391.0000;115.0000;272;267;312;0;0;17406
30877;277;0;0;240;250;235;75.0000;147.0000;119.0000;12.0000;7.0000;70.0000;1;0;0;0;0;1;2;75.0000;-2391.0000;135.0000;272;267;312;0;0;17406
30887;277;0;0;240;250;235;92.0000;147.0000;119.0000;12.0000;7.0000;70.0000;1;0;0;0;0;1;2;75.0000;-2391.0000;135.0000;272;267;312;0;0;17406
30898;277;0;0;240;250;235;92.0000;147.0000;119.0000;12.0000;7.0000;70.0000;1;0;0;0;0;1;2;81.0000;-2391.0000;135.0000;272;267;312;0;0;17406
30908;277;0;0;240;250;235;92.0000;-26.0000;119.0000;12.0000;7.0000;70.0000;1;0;0;0;0;1;2;81.0000;-2391.0000;135.0000;272;267;312;0;0;17406
30919;277;0;0;240;250;235;92.0000;-26.0000;132.0000;12.0000;7.0000;70.0000;1;0;0;0;0;1;2;81.0000;-2391.0000;135.0000;272;267;312;0;0;17406
30929;277;0;0;240;250;235;92.0000;-26.0000;132.0000;12.0000;7.0000;70.0000;1;0;0;0;0;1;2;81.0000;-2391.0000;135.0000;272;267;312;0;0;17406
30940;277;0;0;240;250;235;92.0000;-26.0000;132.0000;12.0000;7.0000;70.0000;1;0;0;0;0;1;2;81.0000;-2391.0000;135.0000;272;267;312;0;0;17406
30950;277;0;0;240;250;235;92.0000;-26.0000;132.0000;12.0000;7.0000;70.0000;1;0;0;0;0;1;2;81.0000;-2391.0000;135.0000;272;267;312;0;0;17406
30960;277;0;0;240;250;235;92.0000;-26.0000;132.0000;12.0000;7.0000;70.0000;1;0;0;0;0;1;2;81.0000;-2391.0000;135.0000;272;267;312;0;0;17406
30971;277;0;0;240;250;235;92.0000;-26.0000;132.0000;12.0000;7.0000;70.0000;1;0;0;0;0;1;2;81.0000;-2391.0000;135.0000;272;267;312;0;0;17406
30982;277;0;0;240;250;235;82.0000;-26.0000;132.0000;12.0000;7.0000;70.0000;1;0;0;0;0;1;2;81.0000;-2391.0000;88.0000;272;267;312;0;0;17406
30992;277;0;0;240;250;235;82.0000;-26.0000;132.0000;12.0000;7.0000;70.0000;1;0;0;0;0;1;2;78.0000;-2391.0000;88.0000;272;267;312;0;0;17406
31003;277;0;0;240;250;235;82.0000;-26.0000;132.0000;12.0000;7.0000;70.0000;1;0;0;0;0;1;2;78.0000;-2391.0000;88.0000;272;267;312;0;0;17406
31013;277;0;0;240;250;235;82.0000;40.0000;132.0000;12.0000;7.0000;70.0000;1;0;0;0;0;1;2;78.0000;-2391.0000;88.0000;272;267;312;0;0;17406
31025;277;0;0;240;250;235;82.0000;40.0000;122.0000;12.0000;7.0000;70.0000;1;0;0;0;0;1;2;78.0000;-2391.0000;88.0000;272;267;312;0;0;17406
31036;277;0;0;240;250;235;82.0000;40.0000;122.0000;12.0000;7.0000;70.0000;1;0;0;0;0;1;2;78.0000;-2391.0000;88.0000;272;267;312;0;0;17406
31048;277;0;0;240;250;235;82.0000;40.0000;122.0000;12.0000;7.0000;70.0000;1;0;0;0;0;1;2;78.0000;-2391.0000;88.0000;272;267;312;0;0;17406
31058;277;0;0;240;250;235;82.0000;40.0000;122.0000;12.0000;7.0000;70.0000;1;0;0;0;0;1;2;78.0000;-2391.0000;88.0000;272;267;312;0;0;17406
31069;277;0;0;240;250;235;82.0000;40.0000;122.0000;12.0000;7.0000;70.0000;1;0;0;0;0;1;2;78.0000;-2391.0000;88.0000;272;267;312;0;0;17406
31080;277;0;0;240;250;235;82.0000;40.0000;122.0000;12.0000;7.0000;70.0000;1;0;0;0;0;1;2;78.0000;-2391.0000;122.0000;272;267;312;0;0;17392
31095;277;0;0;240;250;235;129.0000;40.0000;122.0000;12.0000;7.0000;70.0000;1;0;0;0;0;1;2;78.0000;-2391.0000;122.0000;272;267;312;0;0;17376
31105;277;0;0;240;250;235;129.0000;40.0000;122.0000;12.0000;7.0000;70.0000;1;0;0;0;0;1;2;118.0000;-2391.0000;122.0000;272;267;312;0;0;17376
31116;277;0;0;240;250;235;129.0000;147.0000;122.0000;12.0000;7.0000;70.0000;1;0;0;0;0;1;2;118.0000;-2391.0000;122.0000;272;267;312;0;0;17376
31126;277;0;0;240;250;235;129.0000;147.0000;98.0000;12.0000;7.0000;70.0000;1;0;0;0;0;1;2;118.0000;-2391.0000;122.0000;272;267;312;0;0;17376
31137;277;0;0;240;250;235;129.0000;147.0000;98.0000;12.0000;7.0000;70.0000;1;0;0;0;0;1;2;118.0000;-2391.0000;122.0000;272;267;312;0;0;17376
31147;277;0;0;240;250;235;129.0000;147.0000;98.0000;12.0000;7.0000;70.0000;1;0;0;0;0;1;2;118.0000;-2391.0000;122.0000;272;267;312;0;0;17376
31157;277;0;0;240;250;235;129.0000;147.0000;98.0000;12.0000;7.0000;70.0000;1;0;0;0;0;1;2;118.0000;-2391.0000;122.0000;272;267;312;0;0;17376
31174;277;0;0;240;250;235;129.0000;147.0000;98.0000;12.0000;7.0000;70.0000;1;0;0;0;0;1;2;118.0000;-2391.0000;122.0000;272;267;312;0;0;17376
31184;277;0;0;240;250;235;129.0000;147.0000;98.0000;12.0000;7.0000;70.0000;1;0;0;0;0;1;2;118.0000;-2391.0000;108.0000;272;267;312;0;0;17376
31195;277;0;0;240;250;235;129.0000;147.0000;98.0000;12.0000;7.0000;70.0000;1;0;0;0;0;1;2;68.0000;-2391.0000;108.0000;272;267;312;0;0;17376
31205;277;0;0;240;250;235;129.0000;147.0000;98.0000;12.0000;7.0000;70.0000;1;0;0;0;0;1;2;68.0000;-2391.0000;108.0000;272;267;312;0;0;17376
31216;277;0;0;240;250;235;129.0000;80.0000;98.0000;12.0000;7.0000;70.0000;1;0;0;0;0;1;2;68.0000;-2391.0000;108.0000;272;267;312;0;0;17376
31226;277;0;0;240;250;235;129.0000;80.0000;132.0000;12.0000;7.0000;70.0000;1;0;0;0;0;1;2;68.0000;-2391.0000;108.0000;272;267;312;0;0;17376
31238;277;0;0;240;250;235;129.0000;80.0000;132.0000;44.0000;7.0000;70.0000;1;0;0;0;0;1;2;68.0000;-2391.0000;108.0000;272;267;312;0;0;17376
31248;277;0;0;240;250;235;129.0000;80.0000;132.0000;44.0000;7.0000;70.0000;1;0;0;0;0;1;2;68.0000;-2391.0000;108.0000;272;267;312;0;0;17376
31259;277;0;0;240;250;235;129.0000;80.0000;132.0000;44.0000;7.0000;70.0000;1;0;0;0;0;1;2;68.0000;-2391.0000;108.0000;272;267;312;0;0;17376
31269;277;0;0;240;250;235;129.0000;80.0000;132.0000;44.0000;7.0000;70.0000;1;0;0;0;0;1;2;68.0000;-2391.0000;108.0000;272;267;312;0;0;17376
31280;277;0;0;240;250;235;129.0000;80.0000;132.0000;44.0000;7.0000;70.0000;1;0;0;0;0;1;2;68.0000;-2391.0000;105.0000;272;267;312;0;0;17376
31290;277;0;0;240;250;235;115.0000;80.0000;132.0000;44.0000;7.0000;70.0000;1;0;0;0;0;1;2;68.0000;-2391.0000;105.0000;272;267;312;0;0;17376
31301;277;0;0;240;250;235;115.0000;80.0000;132.0000;44.0000;7.0000;70.0000;1;0;0;0;0;1;2;122.0000;-2391.0000;105.0000;272;267;312;0;0;17380
31312;277;0;0;240;250;235;115.0000;80.0000;132.0000;44.0000;7.0000;70.0000;1;0;0;0;0;1;2;122.0000;-2391.0000;105.0000;272;267;312;0;0;17380
31323;277;0;0;240;250;235;115.0000;80.0000;105.0000;44.0000;7.0000;70.0000;1;0;0;0;0;1;2;122.0000;-2391.0000;105.0000;272;267;312;0;0;17380
31334;277;0;0;240;250;235;115.0000;80.0000;105.0000;44.0000;7.0000;70.0000;1;0;0;0;0;1;2;122.0000;-2391.0000;105.0000;272;267;312;0;0;17380
31344;277;0;0;240;250;235;115.0000;80.0000;105.0000;44.0000;7.0000;70.0000;1;0;0;0;0;1;2;122.0000;-2391.0000;105.0000;272;267;312;0;0;17380
31355;277;0;0;240;250;235;115.0000;80.0000;105.0000;44.0000;7.0000;70.0000;1;0;0;0;0;1;2;122.0000;-2391.0000;105.0000;272;267;312;0;0;17380
31365;277;0;0;240;250;235;115.0000;80.0000;105.0000;44.0000;7.0000;70.0000;1;0;0;0;0;1;2;122.0000;-2391.0000;105.0000;272;267;312;0;0;17380
31375;277;0;0;240;250;235;115.0000;80.0000;105.0000;44.0000;7.0000;70.0000;1;0;0;0;0;1;2;122.0000;-2391.0000;105.0000;272;267;312;0;0;17380
31386;277;0;0;240;250;235;126.0000;80.0000;105.0000;44.0000;7.0000;70.0000;1;0;0;0;0;1;2;122.0000;-2391.0000;129.0000;272;267;312;0;0;17380
31396;277;0;0;240;250;235;126.0000;80.0000;105.0000;44.0000;7.0000;70.0000;1;0;0;0;0;1;2;105.0000;-2391.0000;129.0000;272;267;312;0;0;17380
31407;277;0;0;240;250;235;126.0000;80.0000;105.0000;44.0000;7.0000;70.0000;1;0;0;0;0;1;2;105.0000;-2391.0000;129.0000;272;267;312;0;0;17380
31417;277;0;0;240;250;235;126.0000;134.0000;105.0000;44.0000;7.0000;70.0000;1;0;0;0;0;1;2;105.0000;-2391.0000;129.0000;272;267;312;0;0;17380
31428;277;0;0;240;250;235;126.0000;134.0000;115.0000;44.0000;7.0000;70.0000;1;0;0;0;0;1;2;105.0000;-2391.0000;129.0000;272;267;312;0;0;17380
31438;277;0;0;240;250;235;126.0000;134.0000;115.0000;44.0000;7.0000;70.0000;1;0;0;0;0;1;2;105.0000;-2391.0000;129.0000;272;267;312;0;0;17380
31449;277;0;0;240;250;235;126.0000;134.0000;115.0000;44.0000;7.0000;70.0000;1;0;0;0;0;1;2;105.0000;-2391.0000;129.0000;272;267;312;0;0;17380
31459;277;0;0;240;250;235;126.0000;134.0000;115.0000;44.0000;7.0000;70.0000;1;0;0;0;0;1;2;105.0000;-2391.0000;129.0000;272;267;312;0;0;17380
31469;277;0;0;240;250;235;126.0000;134.0000;115.0000;44.0000;7.0000;70.0000;1;0;0;0;0;1;2;105.0000;-2391.0000;129.0000;272;267;312;0;0;17380
31480;277;0;0;240;250;235;126.0000;134.0000;115.0000;44.0000;7.0000;70.0000;1;0;0;0;0;1;2;105.0000;-2391.0000;108.0000;272;267;312;0;0;17380
31491;277;0;0;240;250;235;126.0000;134.0000;115.0000;44.0000;7.0000;70.0000;1;0;0;0;0;1;2;105.0000;-2391.0000;108.0000;272;267;312;0;0;17380
31502;277;0;0;240;250;235;126.0000;134.0000;115.0000;44.0000;7.0000;70.0000;1;0;0;0;0;1;2;122.0000;-2391.0000;108.0000;272;267;312;0;0;17380
31513;277;0;0;240;250;235;126.0000;134.0000;115.0000;44.0000;7.0000;70.0000;1;0;0;0;0;1;2;122.0000;-2391.0000;108.0000;272;267;312;0;0;17404
31524;277;0;0;240;250;235;126.0000;53.0000;82.0000;44.0000;7.0000;70.0000;1;0;0;0;0;1;2;122.0000;-2391.0000;108.0000;272;267;312;0;0;17404
31534;277;0;0;240;250;235;126.0000;53.0000;82.0000;44.0000;7.0000;70.0000;1;0;0;0;0;1;2;122.0000;-2391.0000;108.0000;272;267;312;0;0;17404
31545;277;0;0;240;250;235;126.0000;53.0000;82.0000;44.0000;7.0000;70.0000;1;0;0;0;0;1;2;122.0000;-2391.0000;108.0000;272;267;312;0;0;17404
31555;277;0;0;240;250;235;126.0000;53.0000;82.0000;44.0000;7.0000;70.0000;1;0;0;0;0;1;2;122.0000;-2391.0000;108.0000;272;267;312;0;0;17404
31566;277;0;0;240;250;235;126.0000;53.0000;82.0000;44.0000;7.0000;70.0000;1;0;0;0;0;1;2;122.0000;-2391.0000;108.0000;272;267;312;0;0;17404
31578;277;0;0;240;250;235;126.0000;53.0000;82.0000;44.0000;7.0000;70.0000;1;0;0;0;0;1;2;122.0000;-2391.0000;108.0000;272;267;312;0;0;17404
31589;277;0;0;240;250;235;126.0000;53.0000;82.0000;44.0000;7.0000;70.0000;1;0;0;0;0;1;2;122.0000;-2391.0000;95.0000;272;267;312;0;0;17404
31599;277;0;0;240;250;235;115.0000;53.0000;82.0000;44.0000;7.0000;70.0000;1;0;0;0;0;1;2;118.0000;-2391.0000;95.0000;272;267;312;0;0;17404
31609;277;0;0;240;250;235;115.0000;53.0000;82.0000;44.0000;7.0000;70.0000;1;0;0;0;0;1;2;118.0000;-2391.0000;95.0000;272;267;312;0;0;17404
31621;277;0;0;240;250;235;115.0000;53.0000;82.0000;44.0000;7.0000;70.0000;1;0;0;0;0;1;2;118.0000;-2391.0000;95.0000;272;267;312;0;0;17406
31632;277;0;0;240;250;235;115.0000;107.0000;95.0000;44.0000;7.0000;70.0000;1;0;0;0;0;1;2;118.0000;-2391.0000;95.0000;272;267;312;0;0;17406
31642;277;0;0;240;250;235;115.0000;107.0000;95.0000;44.0000;7.0000;70.0000;1;0;0;0;0;1;2;118.0000;-2391.0000;95.0000;272;267;312;0;0;17406
31652;277;0;0;240;250;235;115.0000;107.0000;95.0000;44.0000;7.0000;70.0000;1;0;0;0;0;1;2;118.0000;-2391.0000;95.0000;272;267;312;0;0;17406
31663;277;0;0;240;250;235;115.0000;107.0000;95.0000;44.0000;7.0000;70.0000;1;0;0;0;0;1;2;118.0000;-2391.0000;95.0000;272;267;312;0;0;17406
31673;277;0;0;240;250;235;115.0000;107.0000;95.0000;44.0000;7.0000;70.0000;1;0;0;0;0;1;2;118.0000;-2391.0000;95.0000;272;267;312;0;0;17406
31684;277;0;0;240;250;235;115.0000;107.0000;95.0000;44.0000;7.0000;70.0000;1;0;0;0;0;1;2;118.0000;-2391.0000;98.0000;272;267;312;0;0;17406
31696;277;0;0;240;250;235;95.0000;107.0000;95.0000;44.0000;7.0000;70.0000;1;0;0;0;0;1;2;118.0000;-2391.0000;98.0000;272;267;312;0;0;17406
31707;277;0;0;240;250;235;95.0000;107.0000;95.0000;44.0000;7.0000;70.0000;1;0;0;0;0;1;2;135.0000;-2391.0000;98.0000;272;267;312;0;0;17406
31717;277;0;0;240;250;235;95.0000;107.0000;95.0000;44.0000;7.0000;70.0000;1;0;0;0;0;1;2;135.0000;-2391.0000;98.0000;272;267;312;0;0;17406
31728;277;0;0;240;250;235;95.0000;-13.0000;95.0000;44.0000;7.0000;70.0000;1;0;0;0;0;1;2;135.0000;-2391.0000;98.0000;272;267;312;0;0;17406
31739;277;0;0;240;250;235;95.0000;-13.0000;125.0000;44.0000;7.0000;70.0000;1;0;0;0;0;1;2;135.0000;-2391.0000;98.0000;272;267;312;0;0;17406
31749;277;0;0;240;250;235;95.0000;-13.0000;125.0000;44.0000;7.0000;70.0000;1;0;0;0;0;1;2;135.0000;-2391.0000;98.0000;272;267;312;0;0;17406
31759;277;0;0;240;250;235;95.0000;-13.0000;125.0000;44.0000;7.0000;70.0000;1;0;0;0;0;1;2;135.0000;-2391.0000;98.0000;272;267;312;0;0;17406
31770;277;0;0;240;250;235;95.0000;-13.0000;125.0000;44.0000;7.0000;70.0000;1;0;0;0;0;1;2;135.0000;-2391.0000;98.0000;272;267;312;0;0;17406
31781;277;0;0;240;250;235;95.0000;-13.0000;125.0000;44.0000;7.0000;70.0000;1;0;0;0;0;1;2;135.0000;-2391.0000;98.0000;272;267;312;0;0;17406
31791;277;0;0;240;250;235;75.0000;-13.0000;125.0000;44.0000;7.0000;70.0000;1;0;0;0;0;1;2;135.0000;-2391.0000;98.0000;272;267;312;0;0;17406
31802;277;0;0;240;250;235;75.0000;-13.0000;125.0000;44.0000;7.0000;70.0000;1;0;0;0;0;1;2;115.0000;-2391.0000;98.0000;272;267;312;0;0;17406
31812;277;0;0;240;250;235;75.0000;-13.0000;125.0000;44.0000;7.0000;70.0000;1;0;0;0;0;1;2;115.0000;-2391.0000;98.0000;272;267;312;0;0;17406
31823;277;0;0;240;250;235;75.0000;-13.0000;125.0000;44.0000;7.0000;70.0000;1;0;0;0;0;1;2;115.0000;-2391.0000;98.0000;272;267;312;0;0;17406
31835;277;0;0;240;250;235;75.0000;53.0000;129.0000;44.0000;7.0000;70.0000;1;0;0;0;0;1;2;115.0000;-2391.0000;98.0000;272;267;312;0;0;17406
31845;277;0;0;240;250;235;75.0000;53.0000;129.0000;44.0000;7.0000;70.0000;1;0;0;0;0;1;2;115.0000;-2391.0000;98.0000;272;267;312;0;0;17406
31856;277;0;0;240;250;235;75.0000;53.0000;129.0000;44.0000;7.0000;70.0000;1;0;0;0;0;1;2;115.0000;-2391.0000;98.0000;272;267;312;0;0;17406
31866;277;0;0;240;250;235;75.0000;53.0000;129.0000;44.0000;7.0000;70.0000;1;0;0;0;0;1;2;115.0000;-2391.0000;98.0000;272;267;312;0;0;17406
31877;277;0;0;240;250;235;75.0000;53.0000;129.0000;44.0000;7.0000;70.0000;1;0;0;0;0;1;2;115.0000;-2391.0000;98.0000;272;267;312;0;0;17406
31888;277;0;0;240;250;235;122.0000;53.0000;129.0000;44.0000;7.0000;70.0000;1;0;0;0;0;1;2;115.0000;-2391.0000;65.0000;272;267;312;0;0;17406
31899;277;0;0;240;250;235;122.0000;53.0000;129.0000;44.0000;7.0000;70.0000;1;0;0;0;0;1;2;81.0000;-2391.0000;65.0000;272;267;312;0;0;17406
31910;277;0;0;240;250;235;122.0000;53.0000;129.0000;44.0000;7.0000;70.0000;1;0;0;0;0;1;2;81.0000;-2391.0000;65.0000;272;267;312;0;0;17406
31920;277;0;0;240;250;235;122.0000;53.0000;129.0000;44.0000;7.0000;70.0000;1;0;0;0;0;1;2;81.0000;-2391.0000;65.0000;272;267;312;0;0;17406
31930;277;0;0;240;250;235;122.0000;134.0000;108.0000;44.0000;7.0000;70.0000;1;0;0;0;0;1;2;81.0000;-2391.0000;65.0000;272;267;312;0;0;17406
31941;277;0;0;240;250;235;122.0000;134.0000;108.0000;44.0000;7.0000;70.0000;1;0;0;0;0;1;2;81.0000;-2391.0000;65.0000;272;267;312;0;0;17406
31951;277;0;0;240;250;235;122.0000;134.0000;108.0000;44.0000;7.0000;70.0000;1;0;0;0;0;1;2;81.0000;-2391.0000;65.0000;272;267;312;0;0;17406
31962;277;0;0;240;250;235;122.0000;134.0000;108.0000;44.0000;7.0000;70.0000;1;0;0;0;0;1;2;81.0000;-2391.0000;65.0000;272;267;312;0;0;17406
31972;277;0;0;240;250;235;122.0000;134.0000;108.0000;44.0000;7.0000;70.0000;1;0;0;0;0;1;2;81.0000;-2391.0000;65.0000;272;267;312;0;0;17406
31983;277;0;0;240;250;235;122.0000;134.0000;108.0000;44.0000;7.0000;70.0000;1;0;0;0;0;1;2;81.0000;-2391.0000;125.0000;272;267;312;0;0;17406
31993;277;0;0;240;250;235;79.0000;134.0000;108.0000;44.0000;7.0000;70.0000;1;0;0;0;0;1;2;81.0000;-2391.0000;125.0000;272;267;312;0;0;17406
32004;277;0;0;240;250;235;79.0000;134.0000;108.0000;44.0000;7.0000;70.0000;1;0;0;0;0;1;2;118.0000;-2391.0000;125.0000;272;267;312;0;0;17406
32014;277;0;0;240;250;235;79.0000;134.0000;108.0000;44.0000;7.0000;70.0000;1;0;0;0;0;1;2;118.0000;-2391.0000;125.0000;272;267;312;0;0;17406
32026;277;0;0;240;250;235;79.0000;161.0000;108.0000;44.0000;7.0000;70.0000;1;0;0;0;0;1;2;118.0000;-2391.0000;125.0000;272;267;312;0;0;17406
32037;277;0;0;240;250;235;79.0000;161.0000;98.0000;44.0000;7.0000;70.0000;1;0;0;0;0;1;2;118.0000;-2391.0000;125.0000;272;267;312;0;0;17406
32048;277;0;0;240;250;235;79.0000;161.0000;98.0000;44.0000;7.0000;70.0000;1;0;0;0;0;1;2;118.0000;-2391.0000;125.0000;272;267;312;0;0;17376
32059;277;0;0;240;250;235;79.0000;161.0000;98.0000;44.0000;7.0000;70.0000;1;0;0;0;0;1;2;118.0000;-2391.0000;125.0000;272;267;312;0;0;17376
32070;277;0;0;240;250;235;79.0000;161.0000;98.0000;44.0000;7.0000;70.0000;1;0;0;0;0;1;2;118.0000;-2391.0000;125.0000;272;267;312;0;0;17376
32080;277;0;0;240;250;235;79.0000;161.0000;98.0000;44.0000;7.0000;70.0000;1;0;0;0;0;1;2;118.0000;-2391.0000;125.0000;272;267;312;0;0;17376
32091;277;0;0;240;250;235;79.0000;161.0000;98.0000;44.0000;7.0000;70.0000;1;0;0;0;0;1;2;118.0000;-2391.0000;92.0000;272;267;312;0;0;17376
32101;277;0;0;240;250;235;79.0000;161.0000;98.0000;44.0000;7.0000;70.0000;1;0;0;0;0;1;2;88.0000;-2391.0000;92.0000;272;267;312;0;0;17376
32112;277;0;0;240;250;235;79.0000;161.0000;98.0000;44.0000;7.0000;70.0000;1;0;0;0;0;1;2;88.0000;-2391.0000;92.0000;272;267;312;0;0;17376
32122;277;0;0;240;250;235;79.0000;161.0000;98.0000;44.0000;7.0000;70.0000;1;0;0;0;0;1;2;88.0000;-2391.0000;92.0000;272;267;312;0;0;17376
32132;277;0;0;240;250;235;79.0000;161.0000;122.0000;44.0000;7.0000;70.0000;1;0;0;0;0;1;2;88.0000;-2391.0000;92.0000;272;267;312;0;0;17376
32143;277;0;0;240;250;235;79.0000;161.0000;122.0000;44.0000;7.0000;70.0000;1;0;0;0;0;1;2;88.0000;-2391.0000;92.0000;272;267;312;0;0;17376
32153;277;0;0;240;250;235;79.0000;161.0000;122.0000;44.0000;7.0000;70.0000;1;0;0;0;0;1;2;88.0000;-2391.0000;92.0000;272;267;312;0;0;17376
32164;277;0;0;240;250;235;79.0000;161.0000;122.0000;44.0000;7.0000;70.0000;1;0;0;0;0;1;2;88.0000;-2391.0000;92.0000;272;267;312;0;0;17376
32174;277;0;0;240;250;235;79.0000;161.0000;122.0000;44.0000;7.0000;70.0000;1;0;0;0;0;1;2;88.0000;-2391.0000;92.0000;272;267;312;0;0;17376
32187;277;0;0;240;250;235;79.0000;161.0000;122.0000;44.0000;7.0000;70.0000;1;0;0;0;0;1;2;88.0000;-2391.0000;75.0000;272;267;312;0;0;17376
32197;277;0;0;240;250;235;122.0000;161.0000;122.0000;44.0000;7.0000;70.0000;1;0;0;0;0;1;2;88.0000;-2391.0000;75.0000;272;267;312;0;0;17376
32208;277;0;0;240;250;235;122.0000;161.0000;122.0000;44.0000;7.0000;70.0000;1;0;0;0;0;1;2;132.0000;-2391.0000;75.0000;272;267;312;0;0;17376
32218;277;0;0;240;250;235;122.0000;161.0000;122.0000;44.0000;7.0000;70.0000;1;0;0;0;0;1;2;132.0000;-2391.0000;75.0000;272;267;312;0;0;17376
32229;277;0;0;240;250;235;122.0000;161.0000;122.0000;44.0000;7.0000;70.0000;1;0;0;0;0;1;2;132.0000;-2391.0000;75.0000;272;267;312;0;0;17376
32240;277;0;0;240;250;235;122.0000;53.0000;92.0000;44.0000;7.0000;70.0000;1;0;0;0;0;1;2;132.0000;-2391.0000;75.0000;272;267;312;0;0;17376
32250;277;0;0;240;250;235;122.0000;53.0000;92.0000;33.0000;7.0000;70.0000;1;0;0;0;0;1;2;132.0000;-2391.0000;75.0000;272;267;312;0;0;17376
32261;277;0;0;240;250;235;122.0000;53.0000;92.0000;33.0000;7.0000;70.0000;1;0;0;0;0;1;2;132.0000;-2391.0000;75.0000;272;267;312;0;0;17376
32271;277;0;0;240;250;235;122.0000;53.0000;92.0000;33.0000;7.0000;70.0000;1;0;0;0;0;1;2;132.0000;-2391.0000;75.0000;272;267;312;0;0;17376
32284;277;0;0;240;250;235;122.0000;53.0000;92.0000;33.0000;7.0000;70.0000;1;0;0;0;0;1;2;132.0000;-2391.0000;75.0000;272;267;312;0;0;17376
32295;277;0;0;240;250;235;129.0000;53.0000;92.0000;33.0000;7.0000;70.0000;1;0;0;0;0;1;2;132.0000;-2391.0000;115.0000;272;267;312;0;0;17376
32305;277;0;0;240;250;235;129.0000;53.0000;92.0000;33.0000;7.0000;70.0000;1;0;0;0;0;1;2;88.0000;-2391.0000;115.0000;272;267;312;0;0;17376
32322;277;0;0;240;250;235;129.0000;53.0000;92.0000;33.0000;7.0000;70.0000;1;0;0;0;0;1;2;88.0000;-2391.0000;115.0000;272;267;312;0;0;17376
32332;277;0;0;240;250;235;129.0000;-40.0000;92.0000;33.0000;7.0000;70.0000;1;0;0;0;0;1;2;88.0000;-2391.0000;115.0000;272;267;312;0;0;17376
32343;277;0;0;240;250;235;129.0000;-40.0000;132.0000;33.0000;7.0000;70.0000;1;0;0;0;0;1;2;88.0000;-2391.0000;115.0000;272;267;312;0;0;17376
32353;277;0;0;240;250;235;129.0000;-40.0000;132.0000;33.0000;7.0000;70.0000;1;0;0;0;0;1;2;88.0000;-2391.0000;115.0000;272;267;312;0;0;17376
32442;277;0;0;240;250;235;119.0000;-13.0000;95.0000;33.0000;7.0000;70.0000;1;0;0;0;0;1;2;71.0000;-2391.0000;82.0000;272;267;312;0;0;17380
32453;277;0;0;240;250;235;119.0000;-13.0000;95.0000;33.0000;7.0000;70.0000;1;0;0;0;0;1;2;71.0000;-2391.0000;82.0000;272;267;312;0;0;17380
32463;277;0;0;240;250;235;119.0000;-13.0000;95.0000;33.0000;7.0000;70.0000;1;0;0;0;0;1;2;71.0000;-2391.0000;82.0000;272;267;312;0;0;17380
32474;277;0;0;240;250;235;119.0000;-13.0000;95.0000;33.0000;7.0000;70.0000;1;0;0;0;0;1;2;71.0000;-2391.0000;82.0000;272;267;312;0;0;17380
32485;277;0;0;240;250;235;119.0000;-13.0000;95.0000;33.0000;7.0000;70.0000;1;0;0;0;0;1;2;71.0000;-2391.0000;82.0000;272;267;312;0;0;17380
32499;277;0;0;240;250;235;119.0000;-13.0000;95.0000;33.0000;7.0000;70.0000;1;0;0;0;0;1;2;71.0000;-2391.0000;75.0000;272;267;312;0;0;17380
32510;277;0;0;240;250;235;99.0000;-13.0000;95.0000;33.0000;7.0000;70.0000;1;0;0;0;0;1;2;115.0000;-2391.0000;75.0000;272;267;312;0;0;17380
32522;277;0;0;240;250;235;99.0000;-13.0000;95.0000;33.0000;7.0000;70.0000;1;0;0;0;0;1;2;115.0000;-2391.0000;75.0000;272;267;312;0;0;17380
32532;277;0;0;240;250;235;99.0000;-13.0000;95.0000;33.0000;7.0000;70.0000;1;0;0;0;0;1;2;115.0000;-2391.0000;75.0000;272;267;312;0;0;17380
32542;277;0;0;240;250;235;99.0000;-26.0000;112.0000;33.0000;7.0000;70.0000;1;0;0;0;0;1;2;115.0000;-2391.0000;75.0000;272;267;312;0;0;17380
32553;277;0;0;240;250;235;99.0000;-26.0000;112.0000;33.0000;7.0000;70.0000;1;0;0;0;0;1;2;115.0000;-2391.0000;75.0000;272;267;312;0;0;17380
32563;277;0;0;240;250;235;99.0000;-26.0000;112.0000;33.0000;7.0000;70.0000;1;0;0;0;0;1;2;115.0000;-2391.0000;75.0000;272;267;312;0;0;17390
32574;277;0;0;240;250;235;99.0000;-26.0000;112.0000;33.0000;7.0000;70.0000;1;0;0;0;0;1;2;115.0000;-2391.0000;75.0000;272;267;312;0;0;17406
32585;277;0;0;240;250;235;99.0000;-26.0000;112.0000;33.0000;7.0000;70.0000;1;0;0;0;0;1;2;115.0000;-2391.0000;75.0000;272;267;312;0;0;17406
32596;277;0;0;240;250;235;99.0000;-26.0000;112.0000;33.0000;7.0000;70.0000;1;0;0;0;0;1;2;115.0000;-2391.0000;88.0000;272;267;312;0;0;17406
32607;277;0;0;240;250;235;126.0000;-26.0000;112.0000;33.0000;7.0000;70.0000;1;0;0;0;0;1;2;81.0000;-2391.0000;88.0000;272;267;312;0;0;17406
32621;277;0;0;240;250;235;126.0000;-26.0000;112.0000;33.0000;7.0000;70.0000;1;0;0;0;0;1;2;81.0000;-2391.0000;88.0000;272;267;312;0;0;17406
32632;277;0;0;240;250;235;126.0000;93.0000;112.0000;33.0000;7.0000;70.0000;1;0;0;0;0;1;2;81.0000;-2391.0000;88.0000;272;267;312;0;0;17406
32643;277;0;0;240;250;235;126.0000;93.0000;88.0000;33.0000;7.0000;70.0000;1;0;0;0;0;1;2;81.0000;-2391.0000;88.0000;272;267;312;0;0;17406
32653;277;0;0;240;250;235;126.0000;93.0000;88.0000;33.0000;7.0000;70.0000;1;0;0;0;0;1;2;81.0000;-2391.0000;88.0000;272;267;312;0;0;17406
32663;277;0;0;240;250;235;126.0000;93.0000;88.0000;33.0000;7.0000;70.0000;1;0;0;0;0;1;2;81.0000;-2391.0000;88.0000;272;267;312;0;0;17406
32674;277;0;0;240;250;235;126.0000;93.0000;88.0000;33.0000;7.0000;70.0000;1;0;0;0;0;1;2;81.0000;-2391.0000;88.0000;272;267;312;0;0;17406
32684;277;0;0;240;250;235;126.0000;93.0000;88.0000;33.0000;7.0000;70.0000;1;0;0;0;0;1;2;81.0000;-2391.0000;88.0000;272;267;312;0;0;17406
32695;277;0;0;240;250;235;126.0000;93.0000;88.0000;33.0000;7.0000;70.0000;1;0;0;0;0;1;2;81.0000;-2391.0000;125.0000;272;267;312;0;0;17406
32706;277;0;0;240;250;235;95.0000;93.0000;88.0000;33.0000;7.0000;70.0000;1;0;0;0;0;1;2;132.0000;-2391.0000;125.0000;272;267;312;0;0;17406
32716;277;0;0;240;250;235;95.0000;93.0000;88.0000;33.0000;7.0000;70.0000;1;0;0;0;0;1;2;132.0000;-2391.0000;125.0000;272;267;312;0;0;17406
32727;277;0;0;240;250;235;95.0000;93.0000;88.0000;33.0000;7.0000;70.0000;1;0;0;0;0;1;2;132.0000;-2391.0000;125.0000;272;267;312;0;0;17406
32737;277;0;0;240;250;235;95.0000;147.0000;92.0000;33.0000;7.0000;70.0000;1;0;0;0;0;1;2;132.0000;-2391.0000;125.0000;272;267;312;0;0;17406
32748;277;0;0;240;250;235;95.0000;147.0000;92.0000;33.0000;7.0000;70.0000;1;0;0;0;0;1;2;132.0000;-2391.0000;125.0000;272;267;312;0;0;17406
32758;277;0;0;240;250;235;95.0000;147.0000;92.0000;33.0000;7.0000;70.0000;1;0;0;0;0;1;2;132.0000;-2391.0000;125.0000;272;267;312;0;0;17406
32769;277;0;0;240;250;235;95.0000;147.0000;92.0000;33.0000;7.0000;70.0000;1;0;0;0;0;1;2;132.0000;-2391.0000;125.0000;272;267;312;0;0;17406
32779;277;0;0;240;250;235;95.0000;147.0000;92.0000;33.0000;7.0000;70.0000;1;0;0;0;0;1;2;132.0000;-2391.0000;125.0000;272;267;312;0;0;17406
32790;277;0;0;240;250;235;95.0000;147.0000;92.0000;33.0000;7.0000;70.0000;1;0;0;0;0;1;2;132.0000;-2391.0000;72.0000;272;267;312;0;0;17406
32801;277;0;0;240;250;235;82.0000;147.0000;92.0000;33.0000;7.0000;70.0000;1;0;0;0;0;1;2;132.0000;-2391.0000;72.0000;272;267;312;0;0;17406
32811;277;0;0;240;250;235;82.0000;147.0000;92.0000;33.0000;7.0000;70.0000;1;0;0;0;0;1;2;128.0000;-2391.0000;72.0000;272;267;312;0;0;17406
32822;277;0;0;240;250;235;82.0000;147.0000;92.0000;33.0000;7.0000;70.0000;1;0;0;0;0;1;2;128.0000;-2391.0000;72.0000;272;267;312;0;0;17406
32833;277;0;0;240;250;235;82.0000;147.0000;92.0000;33.0000;7.0000;70.0000;1;0;0;0;0;1;2;128.0000;-2391.0000;72.0000;272;267;312;0;0;17406
32844;277;0;0;240;250;235;82.0000;147.0000;95.0000;33.0000;7.0000;70.0000;1;0;0;0;0;1;2;128.0000;-2391.0000;72.0000;272;267;312;0;0;17406
32855;277;0;0;240;250;235;82.0000;147.0000;95.0000;33.0000;7.0000;70.0000;1;0;0;0;0;1;2;128.0000;-2391.0000;72.0000;272;267;312;0;0;17406
32865;277;0;0;240;250;235;82.0000;147.0000;95.0000;33.0000;7.0000;70.0000;1;0;0;0;0;1;2;128.0000;-2391.0000;72.0000;272;267;312;0;0;17406
32876;277;0;0;240;250;235;82.0000;147.0000;95.0000;33.0000;7.0000;70.0000;1;0;0;0;0;1;2;128.0000;-2391.0000;72.0000;272;267;312;0;0;17406
32886;277;0;0;240;250;235;82.0000;147.0000;95.0000;33.0000;7.0000;70.0000;1;0;0;0;0;1;2;128.0000;-2391.0000;72.0000;272;267;312;0;0;17406
32898;277;0;0;240;250;235;82.0000;147.0000;95.0000;33.0000;7.0000;70.0000;1;0;0;0;0;1;2;128.0000;-2391.0000;125.0000;272;267;312;0;0;17406
32909;277;0;0;240;250;235;72.0000;147.0000;95.0000;33.0000;7.0000;70.0000;1;0;0;0;0;1;2;92.0000;-2391.0000;125.0000;272;267;312;0;0;17406
32920;277;0;0;240;250;235;72.0000;147.0000;95.0000;33.0000;7.0000;70.0000;1;0;0;0;0;1;2;92.0000;-2391.0000;125.0000;272;267;312;0;0;17406
32931;277;0;0;240;250;235;72.0000;147.0000;95.0000;33.0000;7.0000;70.0000;1;0;0;0;0;1;2;92.0000;-2391.0000;125.0000;272;267;312;0;0;17406
32941;277;0;0;240;250;235;72.0000;161.0000;132.0000;33.0000;7.0000;70.0000;1;0;0;0;0;1;2;92.0000;-2391.0000;125.0000;272;267;312;0;0;17406
32952;277;0;0;240;250;235;72.0000;161.0000;132.0000;33.0000;7.0000;70.0000;1;0;0;0;0;1;2;92.0000;-2391.0000;125.0000;272;267;312;0;0;17406
32962;277;0;0;240;250;235;72.0000;161.0000;132.0000;33.0000;7.0000;70.0000;1;0;0;0;0;1;2;92.0000;-2391.0000;125.0000;272;267;312;0;0;17406
32973;277;0;0;240;250;235;72.0000;161.0000;132.0000;33.0000;7.0000;70.0000;1;0;0;0;0;1;2;92.0000;-2391.0000;125.0000;272;267;312;0;0;17406
32983;277;0;0;240;250;235;72.0000;161.0000;132.0000;33.0000;7.0000;70.0000;1;0;0;0;0;1;2;92.0000;-2391.0000;125.0000;272;267;312;0;0;17406
32994;277;0;0;240;250;235;72.0000;161.0000;132.0000;33.0000;7.0000;70.0000;1;0;0;0;0;1;2;92.0000;-2391.0000;125.0000;272;267;312;0;0;17406
33006;277;0;0;240;250;235;126.0000;161.0000;132.0000;33.0000;7.0000;70.0000;1;0;0;0;0;1;2;95.0000;-2391.0000;95.0000;272;267;312;0;0;17406
33017;277;0;0;240;250;235;126.0000;161.0000;132.0000;33.0000;7.0000;70.0000;1;0;0;0;0;1;2;95.0000;-2391.0000;95.0000;272;267;312;0;0;17406
33028;277;0;0;240;250;235;126.0000;161.0000;132.0000;33.0000;7.0000;70.0000;1;0;0;0;0;1;2;95.0000;-2391.0000;95.0000;272;267;312;0;0;17406
33039;277;0;0;240;250;235;126.0000;-13.0000;132.0000;33.0000;7.0000;70.0000;1;0;0;0;0;1;2;95.0000;-2391.0000;95.0000;272;267;312;0;0;17406
33049;277;0;0;240;250;235;126.0000;-13.0000;105.0000;33.0000;7.0000;70.0000;1;0;0;0;0;1;2;95.0000;-2391.0000;95.0000;272;267;312;0;0;17406
33060;277;0;0;240;250;235;126.0000;-13.0000;105.0000;33.0000;7.0000;70.0000;1;0;0;0;0;1;2;95.0000;-2391.0000;95.0000;272;267;312;0;0;17406
33070;277;0;0;240;250;235;126.0000;-13.0000;105.0000;33.0000;7.0000;70.0000;1;0;0;0;0;1;2;95.0000;-2391.0000;95.0000;272;267;312;0;0;17406
33081;277;0;0;240;250;235;126.0000;-13.0000;105.0000;33.0000;7.0000;70.0000;1;0;0;0;0;1;2;95.0000;-2391.0000;95.0000;272;267;312;0;0;17400
33092;277;0;0;240;250;235;126.0000;-13.0000;105.0000;33.0000;7.0000;70.0000;1;0;0;0;0;1;2;95.0000;-2391.0000;95.0000;272;267;312;0;0;17376
33103;277;0;0;240;250;235;126.0000;-13.0000;105.0000;33.0000;7.0000;70.0000;1;0;0;0;0;1;2;95.0000;-2391.0000;92.0000;272;267;312;0;0;17376
33114;277;0;0;240;250;235;122.0000;-13.0000;105.0000;33.0000;7.0000;70.0000;1;0;0;0;0;1;2;88.0000;-2391.0000;92.0000;272;267;312;0;0;17376
33124;277;0;0;240;250;235;122.0000;-13.0000;105.0000;33.0000;7.0000;70.0000;1;0;0;0;0;1;2;88.0000;-2391.0000;92.0000;272;267;312;0;0;17376
33135;277;0;0;240;250;235;122.0000;147.0000;105.0000;33.0000;7.0000;70.0000;1;0;0;0;0;1;2;88.0000;-2391.0000;92.0000;272;267;312;0;0;17376
33145;277;0;0;240;250;235;122.0000;147.0000;98.0000;33.0000;7.0000;70.0000;1;0;0;0;0;1;2;88.0000;-2391.0000;92.0000;272;267;312;0;0;17376
33156;277;0;0;240;250;235;122.0000;147.0000;98.0000;33.0000;7.0000;70.0000;1;0;0;0;0;1;2;88.0000;-2391.0000;92.0000;272;267;312;0;0;17376
33166;277;0;0;240;250;235;122.0000;147.0000;98.0000;33.0000;7.0000;70.0000;1;0;0;0;0;1;2;88.0000;-2391.0000;92.0000;272;267;312;0;0;17376
33180;277;0;0;240;250;235;122.0000;147.0000;98.0000;33.0000;7.0000;70.0000;1;0;0;0;0;1;2;88.0000;-2391.0000;92.0000;272;267;312;0;0;17376
33190;277;0;0;240;250;235;122.0000;147.0000;98.0000;33.0000;7.0000;70.0000;1;0;0;0;0;1;2;88.0000;-2391.0000;92.0000;272;267;312;0;0;17376
33200;277;0;0;240;250;235;122.0000;147.0000;98.0000;33.0000;7.0000;70.0000;1;0;0;0;0;1;2;88.0000;-2391.0000;122.0000;272;267;312;0;0;17376
33211;277;0;0;240;250;235;79.0000;147.0000;98.0000;33.0000;7.0000;70.0000;1;0;0;0;0;1;2;85.0000;-2391.0000;122.0000;272;267;312;0;0;17376
33221;277;0;0;240;250;235;79.0000;147.0000;98.0000;33.0000;7.0000;70.0000;1;0;0;0;0;1;2;85.0000;-2391.0000;122.0000;272;267;312;0;0;17376
33232;277;0;0;240;250;235;79.0000;147.0000;98.0000;33.0000;7.0000;70.0000;1;0;0;0;0;1;2;85.0000;-2391.0000;122.0000;272;267;312;0;0;17376
33244;277;0;0;240;250;235;79.0000;147.0000;85.0000;33.0000;7.0000;70.0000;1;0;0;0;0;1;2;85.0000;-2391.0000;122.0000;272;267;312;0;0;17376
33255;277;0;0;240;250;235;79.0000;147.0000;85.0000;45.0000;7.0000;70.0000;1;0;0;0;0;1;2;85.0000;-2391.0000;122.0000;272;267;312;0;0;17376
33265;277;0;0;240;250;235;79.0000;147.0000;85.0000;45.0000;7.0000;70.0000;1;0;0;0;0;1;2;85.0000;-2391.0000;122.0000;272;267;312;0;0;17376
33276;277;0;0;240;250;235;79.0000;147.0000;85.0000;45.0000;7.0000;70.0000;1;0;0;0;0;1;2;85.0000;-2391.0000;122.0000;272;267;312;0;0;17376
33286;277;0;0;240;250;235;79.0000;147.0000;85.0000;45.0000;7.0000;70.0000;1;0;0;0;0;1;2;85.0000;-2391.0000;122.0000;272;267;312;0;0;17376
33296;277;0;0;240;250;235;79.0000;147.0000;85.0000;45.0000;7.0000;70.0000;1;0;0;0;0;1;2;85.0000;-2391.0000;88.0000;272;267;312;0;0;17380
33308;277;0;0;240;250;235;82.0000;147.0000;85.0000;45.0000;7.0000;70.0000;1;0;0;0;0;1;2;92.0000;-2391.0000;88.0000;272;267;312;0;0;17380
33318;277;0;0;240;250;235;82.0000;147.0000;85.0000;45.0000;7.0000;70.0000;1;0;0;0;0;1;2;92.0000;-2391.0000;88.0000;272;267;312;0;0;17380
33329;277;0;0;240;250;235;82.0000;147.0000;85.0000;45.0000;7.0000;70.0000;1;0;0;0;0;1;2;92.0000;-2391.0000;88.0000;272;267;312;0;0;17380
33339;277;0;0;240;250;235;82.0000;161.0000;85.0000;45.0000;7.0000;70.0000;1;0;0;0;0;1;2;92.0000;-2391.0000;88.0000;272;267;312;0;0;17380
33350;277;0;0;240;250;235;82.0000;161.0000;132.0000;45.0000;7.0000;70.0000;1;0;0;0;0;1;2;92.0000;-2391.0000;88.0000;272;267;312;0;0;17380
33360;277;0;0;240;250;235;82.0000;161.0000;132.0000;45.0000;7.0000;70.0000;1;0;0;0;0;1;2;92.0000;-2391.0000;88.0000;272;267;312;0;0;17380
33371;277;0;0;240;250;235;82.0000;161.0000;132.0000;45.0000;7.0000;70.0000;1;0;0;0;0;1;2;92.0000;-2391.0000;88.0000;272;267;312;0;0;17380
33381;277;0;0;240;250;235;82.0000;161.0000;132.0000;45.0000;7.0000;70.0000;1;0;0;0;0;1;2;92.0000;-2391.0000;88.0000;272;267;312;0;0;17380
33392;277;0;0;240;250;235;82.0000;161.0000;132.0000;45.0000;7.0000;70.0000;1;0;0;0;0;1;2;92.0000;-2391.0000;88.0000;272;267;312;0;0;17380
33403;277;0;0;240;250;235;82.0000;161.0000;132.0000;45.0000;7.0000;70.0000;1;0;0;0;0;1;2;92.0000;-2391.0000;102.0000;272;267;312;0;0;17380
33413;277;0;0;240;250;235;126.0000;161.0000;132.0000;45.0000;7.0000;70.0000;1;0;0;0;0;1;2;122.0000;-2391.0000;102.0000;272;267;312;0;0;17380
33424;277;0;0;240;250;235;126.0000;161.0000;132.0000;45.0000;7.0000;70.0000;1;0;0;0;0;1;2;122.0000;-2391.0000;102.0000;272;267;312;0;0;17380
33435;277;0;0;240;250;235;126.0000;161.0000;132.0000;45.0000;7.0000;70.0000;1;0;0;0;0;1;2;122.0000;-2391.0000;102.0000;272;267;312;0;0;17380
33446;277;0;0;240;250;235;126.0000;-13.0000;119.0000;45.0000;7.0000;70.0000;1;0;0;0;0;1;2;122.0000;-2391.0000;102.0000;272;267;312;0;0;17380
33457;277;0;0;240;250;235;126.0000;-13.0000;119.0000;45.0000;7.0000;70.0000;1;0;0;0;0;1;2;122.0000;-2391.0000;102.0000;272;267;312;0;0;17380
33467;277;0;0;240;250;235;126.0000;-13.0000;119.0000;45.0000;7.0000;70.0000;1;0;0;0;0;1;2;122.0000;-2391.0000;102.0000;272;267;312;0;0;17380
33477;277;0;0;240;250;235;126.0000;-13.0000;119.0000;45.0000;7.0000;70.0000;1;0;0;0;0;1;2;122.0000;-2391.0000;102.0000;272;267;312;0;0;17380
33488;277;0;0;240;250;235;126.0000;-13.0000;119.0000;45.0000;7.0000;70.0000;1;0;0;0;0;1;2;122.0000;-2391.0000;102.0000;272;267;312;0;0;17380
33500;277;0;0;240;250;235;126.0000;-13.0000;119.0000;45.0000;7.0000;70.0000;1;0;0;0;0;1;2;122.0000;-2391.0000;112.0000;272;267;312;0;0;17380
33510;277;0;0;240;250;235;109.0000;-13.0000;119.0000;45.0000;7.0000;70.0000;1;0;0;0;0;1;2;75.0000;-2391.0000;112.0000;272;267;312;0;0;17380
33524;277;0;0;240;250;235;109.0000;-13.0000;119.0000;45.0000;7.0000;70.0000;1;0;0;0;0;1;2;75.0000;-2391.0000;112.0000;272;267;312;0;0;17380
33537;277;0;0;240;250;235;109.0000;80.0000;119.0000;45.0000;7.0000;70.0000;1;0;0;0;0;1;2;75.0000;-2391.0000;112.0000;272;267;312;0;0;17380
33547;277;0;0;240;250;235;109.0000;80.0000;125.0000;45.0000;7.0000;70.0000;1;0;0;0;0;1;2;75.0000;-2391.0000;112.0000;272;267;312;0;0;17380
33558;277;0;0;240;250;235;109.0000;80.0000;125.0000;45.0000;7.0000;70.0000;1;0;0;0;0;1;2;75.0000;-2391.0000;112.0000;272;267;312;0;0;17380
33568;277;0;0;240;250;235;109.0000;80.0000;125.0000;45.0000;7.0000;70.0000;1;0;0;0;0;1;2;75.0000;-2391.0000;112.0000;272;267;312;0;0;17380
33578;277;0;0;240;250;235;109.0000;80.0000;125.0000;45.0000;7.0000;70.0000;1;0;0;0;0;1;2;75.0000;-2391.0000;112.0000;272;267;312;0;0;17380
33589;277;0;0;240;250;235;109.0000;80.0000;125.0000;45.0000;7.0000;70.0000;1;0;0;0;0;1;2;75.0000;-2391.0000;112.0000;272;267;312;0;0;17380
33599;277;0;0;240;250;235;109.0000;80.0000;125.0000;45.0000;7.0000;70.0000;1;0;0;0;0;1;2;75.0000;-2391.0000;68.0000;272;267;312;0;0;17380
33609;277;0;0;240;250;235;109.0000;80.0000;125.0000;45.0000;7.0000;70.0000;1;0;0;0;0;1;2;95.0000;-2391.0000;68.0000;272;267;312;0;0;17406
33620;277;0;0;240;250;235;99.0000;80.0000;125.0000;45.0000;7.0000;70.0000;1;0;0;0;0;1;2;95.0000;-2391.0000;68.0000;272;267;312;0;0;17406
33631;277;0;0;240;250;235;99.0000;80.0000;125.0000;45.0000;7.0000;70.0000;1;0;0;0;0;1;2;95.0000;-2391.0000;68.0000;272;267;312;0;0;17406
33641;277;0;0;240;250;235;99.0000;13.0000;125.0000;45.0000;7.0000;70.0000;1;0;0;0;0;1;2;95.0000;-2391.0000;68.0000;272;267;312;0;0;17406
33652;277;0;0;240;250;235;99.0000;13.0000;95.0000;45.0000;7.0000;70.0000;1;0;0;0;0;1;2;95.0000;-2391.0000;68.0000;272;267;312;0;0;17406
33664;277;0;0;240;250;235;99.0000;13.0000;95.0000;45.0000;7.0000;70.0000;1;0;0;0;0;1;2;95.0000;-2391.0000;68.0000;272;267;312;0;0;17406
33674;277;0;0;240;250;235;99.0000;13.0000;95.0000;45.0000;7.0000;70.0000;1;0;0;0;0;1;2;95.0000;-2391.0000;68.0000;272;267;312;0;0;17406
33685;277;0;0;240;250;235;99.0000;13.0000;95.0000;45.0000;7.0000;70.0000;1;0;0;0;0;1;2;95.0000;-2391.0000;68.0000;272;267;312;0;0;17406
33696;277;0;0;240;250;235;99.0000;13.0000;95.0000;45.0000;7.0000;70.0000;1;0;0;0;0;1;2;95.0000;-2391.0000;68.0000;272;267;312;0;0;17406
33707;277;0;0;240;250;235;99.0000;13.0000;95.0000;45.0000;7.0000;70.0000;1;0;0;0;0;1;2;95.0000;-2391.0000;72.0000;272;267;312;0;0;17406
33717;277;0;0;240;250;235;115.0000;13.0000;95.0000;45.0000;7.0000;70.0000;1;0;0;0;0;1;2;132.0000;-2391.0000;72.0000;272;267;312;0;0;17406
33728;277;0;0;240;250;235;115.0000;13.0000;95.0000;45.0000;7.0000;70.0000;1;0;0;0;0;1;2;132.0000;-2391.0000;72.0000;272;267;312;0;0;17406
33738;277;0;0;240;250;235;115.0000;107.0000;95.0000;45.0000;7.0000;70.0000;1;0;0;0;0;1;2;132.0000;-2391.0000;72.0000;272;267;312;0;0;17406
33749;277;0;0;240;250;235;115.0000;107.0000;95.0000;45.0000;7.0000;70.0000;1;0;0;0;0;1;2;132.0000;-2391.0000;72.0000;272;267;312;0;0;17406
33760;277;0;0;240;250;235;115.0000;107.0000;82.0000;45.0000;7.0000;70.0000;1;0;0;0;0;1;2;132.0000;-2391.0000;72.0000;272;267;312;0;0;17406
33770;277;0;0;240;250;235;115.0000;107.0000;82.0000;45.0000;7.0000;70.0000;1;0;0;0;0;1;2;132.0000;-2391.0000;72.0000;272;267;312;0;0;17406
33781;277;0;0;240;250;235;115.0000;107.0000;82.0000;45.0000;7.0000;70.0000;1;0;0;0;0;1;2;132.0000;-2391.0000;72.0000;272;267;312;0;0;17406
33791;277;0;0;240;250;235;115.0000;107.0000;82.0000;45.0000;7.0000;70.0000;1;0;0;0;0;1;2;132.0000;-2391.0000;72.0000;272;267;312;0;0;17406
33801;277;0;0;240;250;235;115.0000;107.0000;82.0000;45.0000;7.0000;70.0000;1;0;0;0;0;1;2;132.0000;-2391.0000;129.0000;272;267;312;0;0;17406
33812;277;0;0;240;250;235;115.0000;107.0000;82.0000;45.0000;7.0000;70.0000;1;0;0;0;0;1;2;92.0000;-2391.0000;129.0000;272;267;312;0;0;17406
33825;277;0;0;240;250;235;122.0000;107.0000;82.0000;45.0000;7.0000;70.0000;1;0;0;0;0;1;2;92.0000;-2391.0000;129.0000;272;267;312;0;0;17406
33836;277;0;0;240;250;235;122.0000;107.0000;82.0000;45.0000;7.0000;70.0000;1;0;0;0;0;1;2;92.0000;-2391.0000;129.0000;272;267;312;0;0;17406
33846;277;0;0;240;250;235;122.0000;-26.0000;82.0000;45.0000;7.0000;70.0000;1;0;0;0;0;1;2;92.0000;-2391.0000;129.0000;272;267;312;0;0;17406
33857;277;0;0;240;250;235;122.0000;-26.0000;88.0000;45.0000;7.0000;70.0000;1;0;0;0;0;1;2;92.0000;-2391.0000;129.0000;272;267;312;0;0;17406
33867;277;0;0;240;250;235;122.0000;-26.0000;88.0000;45.0000;7.0000;70.0000;1;0;0;0;0;1;2;92.0000;-2391.0000;129.0000;272;267;312;0;0;17406
33878;277;0;0;240;250;235;122.0000;-26.0000;88.0000;45.0000;7.0000;70.0000;1;0;0;0;0;1;2;92.0000;-2391.0000;129.0000;272;267;312;0;0;17406
33888;277;0;0;240;250;235;122.0000;-26.0000;88.0000;45.0000;7.0000;70.0000;1;0;0;0;0;1;2;92.0000;-2391.0000;129.0000;272;267;312;0;0;17406
33899;277;0;0;240;250;235;122.0000;-26.0000;88.0000;45.0000;7.0000;70.0000;1;0;0;0;0;1;2;92.0000;-2391.0000;129.0000;272;267;312;0;0;17406
33910;277;0;0;240;250;235;122.0000;-26.0000;88.0000;45.0000;7.0000;70.0000;1;0;0;0;0;1;2;71.0000;-2391.0000;129.0000;272;267;312;0;0;17406
33921;277;0;0;240;250;235;102.0000;-26.0000;88.0000;45.0000;7.0000;70.0000;1;0;0;0;0;1;2;71.0000;-2391.0000;129.0000;272;267;312;0;0;17406
33931;277;0;0;240;250;235;102.0000;-26.0000;88.0000;45.0000;7.0000;70.0000;1;0;0;0;0;1;2;71.0000;-2391.0000;129.0000;272;267;312;0;0;17406
33942;277;0;0;240;250;235;102.0000;134.0000;88.0000;45.0000;7.0000;70.0000;1;0;0;0;0;1;2;71.0000;-2391.0000;129.0000;272;267;312;0;0;17406
33953;277;0;0;240;250;235;102.0000;134.0000;125.0000;45.0000;7.0000;70.0000;1;0;0;0;0;1;2;71.0000;-2391.0000;129.0000;272;267;312;0;0;17406
33963;277;0;0;240;250;235;102.0000;134.0000;125.0000;45.0000;7.0000;70.0000;1;0;0;0;0;1;2;71.0000;-2391.0000;129.0000;272;267;312;0;0;17406
33974;277;0;0;240;250;235;102.0000;134.0000;125.0000;45.0000;7.0000;70.0000;1;0;0;0;0;1;2;71.0000;-2391.0000;129.0000;272;267;312;0;0;17406
33984;277;0;0;240;250;235;102.0000;134.0000;125.0000;45.0000;7.0000;70.0000;1;0;0;0;0;1;2;71.0000;-2391.0000;129.0000;272;267;312;0;0;17406
33995;277;0;0;240;250;235;102.0000;134.0000;125.0000;45.0000;7.0000;70.0000;1;0;0;0;0;1;2;71.0000;-2391.0000;129.0000;272;267;312;0;0;17406
34005;277;0;0;240;250;235;102.0000;134.0000;125.0000;45.0000;7.0000;70.0000;1;0;0;0;0;1;2;71.0000;-2391.0000;65.0000;272;267;312;0;0;17406
34015;277;0;0;240;250;235;109.0000;134.0000;125.0000;45.0000;7.0000;70.0000;1;0;0;0;0;1;2;88.0000;-2391.0000;65.0000;272;267;312;0;0;17406
34026;277;0;0;240;250;235;109.0000;134.0000;125.0000;45.0000;7.0000;70.0000;1;0;0;0;0;1;2;88.0000;-2391.0000;65.0000;272;267;312;0;0;17406
34038;277;0;0;240;250;235;109.0000;134.0000;125.0000;45.0000;7.0000;70.0000;1;0;0;0;0;1;2;88.0000;-2391.0000;65.0000;272;267;312;0;0;17376
34051;277;0;0;240;250;235;109.0000;161.0000;119.0000;45.0000;7.0000;70.0000;1;0;0;0;0;1;2;88.0000;-2391.0000;65.0000;272;267;312;0;0;17376
34062;277;0;0;240;250;235;109.0000;161.0000;119.0000;45.0000;7.0000;70.0000;1;0;0;0;0;1;2;88.0000;-2391.0000;65.0000;272;267;312;0;0;17376
34072;277;0;0;240;250;235;109.0000;161.0000;119.0000;45.0000;7.0000;70.0000;1;0;0;0;0;1;2;88.0000;-2391.0000;65.0000;272;267;312;0;0;17376
34083;277;0;0;240;250;235;109.0000;161.0000;119.0000;45.0000;7.0000;70.0000;1;0;0;0;0;1;2;88.0000;-2391.0000;65.0000;272;267;312;0;0;17376
34093;277;0;0;240;250;235;109.0000;161.0000;119.0000;45.0000;7.0000;70.0000;1;0;0;0;0;1;2;88.0000;-2391.0000;65.0000;272;267;312;0;0;17376
34103;277;0;0;240;250;235;109.0000;161.0000;119.0000;45.0000;7.0000;70.0000;1;0;0;0;0;1;2;88.0000;-2391.0000;82.0000;272;267;312;0;0;17376
34114;277;0;0;240;250;235;109.0000;161.0000;119.0000;45.0000;7.0000;70.0000;1;0;0;0;0;1;2;122.0000;-2391.0000;82.0000;272;267;312;0;0;17376
34125;277;0;0;240;250;235;82.0000;161.0000;119.0000;45.0000;7.0000;70.0000;1;0;0;0;0;1;2;122.0000;-2391.0000;82.0000;272;267;312;0;0;17376
34135;277;0;0;240;250;235;82.0000;161.0000;119.0000;45.0000;7.0000;70.0000;1;0;0;0;0;1;2;122.0000;-2391.0000;82.0000;272;267;312;0;0;17376
34146;277;0;0;240;250;235;82.0000;-26.0000;119.0000;45.0000;7.0000;70.0000;1;0;0;0;0;1;2;122.0000;-2391.0000;82.0000;272;267;312;0;0;17376
34156;277;0;0;240;250;235;82.0000;-26.0000;129.0000;45.0000;7.0000;70.0000;1;0;0;0;0;1;2;122.0000;-2391.0000;82.0000;272;267;312;0;0;17376
34167;277;0;0;240;250;235;82.0000;-26.0000;129.0000;45.0000;7.0000;70.0000;1;0;0;0;0;1;2;122.0000;-2391.0000;82.0000;272;267;312;0;0;17376
34177;277;0;0;240;250;235;82.0000;-26.0000;129.0000;45.0000;7.0000;70.0000;1;0;0;0;0;1;2;122.0000;-2391.0000;82.0000;272;267;312;0;0;17376
34188;277;0;0;240;250;235;82.0000;-26.0000;129.0000;45.0000;7.0000;70.0000;1;0;0;0;0;1;2;122.0000;-2391.0000;82.0000;272;267;312;0;0;17376
34198;277;0;0;240;250;235;82.0000;-26.0000;129.0000;45.0000;7.0000;70.0000;1;0;0;0;0;1;2;122.0000;-2391.0000;82.0000;272;267;312;0;0;17376
34209;277;0;0;240;250;235;82.0000;-26.0000;129.0000;45.0000;7.0000;70.0000;1;0;0;0;0;1;2;122.0000;-2391.0000;65.0000;272;267;312;0;0;17376
34219;277;0;0;240;250;235;95.0000;-26.0000;129.0000;45.0000;7.0000;70.0000;1;0;0;0;0;1;2;68.0000;-2391.0000;65.0000;272;267;312;0;0;17376
34230;277;0;0;240;250;235;95.0000;-26.0000;129.0000;45.0000;7.0000;70.0000;1;0;0;0;0;1;2;68.0000;-2391.0000;65.0000;272;267;312;0;0;17376
34241;277;0;0;240;250;235;95.0000;-26.0000;129.0000;45.0000;7.0000;70.0000;1;0;0;0;0;1;2;68.0000;-2391.0000;65.0000;272;267;312;0;0;17376
34253;277;0;0;240;250;235;95.0000;0.0000;85.0000;44.0000;7.0000;70.0000;1;0;0;0;0;1;2;68.0000;-2391.0000;65.0000;272;267;312;0;0;17376
34263;277;0;0;240;250;235;95.0000;0.0000;85.0000;44.0000;7.0000;70.0000;1;0;0;0;0;1;2;68.0000;-2391.0000;65.0000;272;267;312;0;0;17376
34274;277;0;0;240;250;235;95.0000;0.0000;85.0000;44.0000;7.0000;70.0000;1;0;0;0;0;1;2;68.0000;-2391.0000;65.0000;272;267;312;0;0;17376
34284;277;0;0;240;250;235;95.0000;0.0000;85.0000;44.0000;7.0000;70.0000;1;0;0;0;0;1;2;68.0000;-2391.0000;65.0000;272;267;312;0;0;17376
34295;277;0;0;240;250;235;95.0000;0.0000;85.0000;44.0000;7.0000;70.0000;1;0;0;0;0;1;2;68.0000;-2391.0000;65.0000;272;267;312;0;0;17376
34306;277;0;0;240;250;235;95.0000;0.0000;85.0000;44.0000;7.0000;70.0000;1;0;0;0;0;1;2;68.0000;-2391.0000;65.0000;272;267;312;0;0;17376
34317;277;0;0;240;250;235;95.0000;0.0000;85.0000;44.0000;7.0000;70.0000;1;0;0;0;0;1;2;105.0000;-2391.0000;65.0000;272;267;312;0;0;17376
34329;277;0;0;240;250;235;95.0000;0.0000;85.0000;44.0000;7.0000;70.0000;1;0;0;0;0;1;2;105.0000;-2391.0000;65.0000;272;267;312;0;0;17376
34339;277;0;0;240;250;235;95.0000;0.0000;85.0000;44.0000;7.0000;70.0000;1;0;0;0;0;1;2;105.0000;-2391.0000;65.0000;272;267;312;0;0;17376
34350;277;0;0;240;250;235;95.0000;53.0000;85.0000;44.0000;7.0000;70.0000;1;0;0;0;0;1;2;105.0000;-2391.0000;65.0000;272;267;312;0;0;17380
34360;277;0;0;240;250;235;95.0000;53.0000;132.0000;44.0000;7.0000;70.0000;1;0;0;0;0;1;2;105.0000;-2391.0000;65.0000;272;267;312;0;0;17380
34371;277;0;0;240;250;235;95.0000;53.0000;132.0000;44.0000;7.0000;70.0000;1;0;0;0;0;1;2;105.0000;-2391.0000;65.0000;272;267;312;0;0;17380
34381;277;0;0;240;250;235;95.0000;53.0000;132.0000;44.0000;7.0000;70.0000;1;0;0;0;0;1;2;105.0000;-2391.0000;65.0000;272;267;312;0;0;17380
34391;277;0;0;240;250;235;95.0000;53.0000;132.0000;44.0000;7.0000;70.0000;1;0;0;0;0;1;2;105.0000;-2391.0000;65.0000;272;267;312;0;0;17380
34402;277;0;0;240;250;235;95.0000;53.0000;132.0000;44.0000;7.0000;70.0000;1;0;0;0;0;1;2;105.0000;-2391.0000;65.0000;272;267;312;0;0;17380
34414;277;0;0;240;250;235;95.0000;53.0000;132.0000;44.0000;7.0000;70.0000;1;0;0;0;0;1;2;128.0000;-2391.0000;75.0000;272;267;312;0;0;17380
34424;277;0;0;240;250;235;102.0000;53.0000;132.0000;44.0000;7.0000;70.0000;1;0;0;0;0;1;2;128.0000;-2391.0000;75.0000;272;267;312;0;0;17380
34435;277;0;0;240;250;235;102.0000;53.0000;132.0000;44.0000;7.0000;70.0000;1;0;0;0;0;1;2;128.0000;-2391.0000;75.0000;272;267;312;0;0;17380
34445;277;0;0;240;250;235;102.0000;53.0000;132.0000;44.0000;7.0000;70.0000;1;0;0;0;0;1;2;128.0000;-2391.0000;75.0000;272;267;312;0;0;17380
34457;277;0;0;240;250;235;102.0000;0.0000;132.0000;44.0000;7.0000;70.0000;1;0;0;0;0;1;2;128.0000;-2391.0000;75.0000;272;267;312;0;0;17380
34468;277;0;0;240;250;235;102.0000;0.0000;102.0000;44.0000;7.0000;70.0000;1;0;0;0;0;1;2;128.0000;-2391.0000;75.0000;272;267;312;0;0;17380
34478;277;0;0;240;250;235;102.0000;0.0000;102.0000;44.0000;7.0000;70.0000;1;0;0;0;0;1;2;128.0000;-2391.0000;75.0000;272;267;312;0;0;17380
34489;277;0;0;240;250;235;102.0000;0.0000;102.0000;44.0000;7.0000;70.0000;1;0;0;0;0;1;2;128.0000;-2391.0000;75.0000;272;267;312;0;0;17380
34499;277;0;0;240;250;235;102.0000;0.0000;102.0000;44.0000;7.0000;70.0000;1;0;0;0;0;1;2;128.0000;-2391.0000;75.0000;272;267;312;0;0;17380
34510;277;0;0;240;250;235;102.0000;0.0000;102.0000;44.0000;7.0000;70.0000;1;0;0;0;0;1;2;128.0000;-2391.0000;72.0000;272;267;312;0;0;17380
34522;277;0;0;240;250;235;102.0000;0.0000;102.0000;44.0000;7.0000;70.0000;1;0;0;0;0;1;2;105.0000;-2391.0000;72.0000;272;267;312;0;0;17380
34532;277;0;0;240;250;235;65.0000;0.0000;102.0000;44.0000;7.0000;70.0000;1;0;0;0;0;1;2;105.0000;-2391.0000;72.0000;272;267;312;0;0;17380
34543;277;0;0;240;250;235;65.0000;0.0000;102.0000;44.0000;7.0000;70.0000;1;0;0;0;0;1;2;105.0000;-2391.0000;72.0000;272;267;312;0;0;17380
34553;277;0;0;240;250;235;65.0000;-26.0000;102.0000;44.0000;7.0000;70.0000;1;0;0;0;0;1;2;105.0000;-2391.0000;72.0000;272;267;312;0;0;17380
34564;277;0;0;240;250;235;65.0000;-26.0000;125.0000;44.0000;7.0000;70.0000;1;0;0;0;0;1;2;105.0000;-2391.0000;72.0000;272;267;312;0;0;17406
34574;277;0;0;240;250;235;65.0000;-26.0000;125.0000;44.0000;7.0000;70.0000;1;0;0;0;0;1;2;105.0000;-2391.0000;72.0000;272;267;312;0;0;17406
34585;277;0;0;240;250;235;65.0000;-26.0000;125.0000;44.0000;7.0000;70.0000;1;0;0;0;0;1;2;105.0000;-2391.0000;72.0000;272;267;312;0;0;17406
34595;277;0;0;240;250;235;65.0000;-26.0000;125.0000;44.0000;7.0000;70.0000;1;0;0;0;0;1;2;105.0000;-2391.0000;72.0000;272;267;312;0;0;17406
34610;277;0;0;240;250;235;65.0000;-26.0000;125.0000;44.0000;7.0000;70.0000;1;0;0;0;0;1;2;105.0000;-2391.0000;72.0000;272;267;312;0;0;17406
34621;277;0;0;240;250;235;122.0000;-26.0000;125.0000;44.0000;7.0000;70.0000;1;0;0;0;0;1;2;125.0000;-2391.0000;75.0000;272;267;312;0;0;17406
34631;277;0;0;240;250;235;122.0000;-26.0000;125.0000;44.0000;7.0000;70.0000;1;0;0;0;0;1;2;125.0000;-2391.0000;75.0000;272;267;312;0;0;17406
34642;277;0;0;240;250;235;122.0000;-26.0000;125.0000;44.0000;7.0000;70.0000;1;0;0;0;0;1;2;125.0000;-2391.0000;75.0000;272;267;312;0;0;17406
34652;277;0;0;240;250;235;122.0000;13.0000;125.0000;44.0000;7.0000;70.0000;1;0;0;0;0;1;2;125.0000;-2391.0000;75.0000;272;267;312;0;0;17406
34662;277;0;0;240;250;235;122.0000;13.0000;122.0000;44.0000;7.0000;70.0000;1;0;0;0;0;1;2;125.0000;-2391.0000;75.0000;272;267;312;0;0;17406
34673;277;0;0;240;250;235;122.0000;13.0000;122.0000;44.0000;7.0000;70.0000;1;0;0;0;0;1;2;125.0000;-2391.0000;75.0000;272;267;312;0;0;17406
34683;277;0;0;240;250;235;122.0000;13.0000;122.0000;44.0000;7.0000;70.0000;1;0;0;0;0;1;2;125.0000;-2391.0000;75.0000;272;267;312;0;0;17406
34694;277;0;0;240;250;235;122.0000;13.0000;122.0000;44.0000;7.0000;70.0000;1;0;0;0;0;1;2;125.0000;-2391.0000;75.0000;272;267;312;0;0;17406
34704;277;0;0;240;250;235;122.0000;13.0000;122.0000;44.0000;7.0000;70.0000;1;0;0;0;0;1;2;125.0000;-2391.0000;75.0000;272;267;312;0;0;17406
34716;277;0;0;240;250;235;122.0000;13.0000;122.0000;44.0000;7.0000;70.0000;1;0;0;0;0;1;2;132.0000;-2391.0000;132.0000;272;267;312;0;0;17406
34726;277;0;0;240;250;235;112.0000;13.0000;122.0000;44.0000;7.0000;70.0000;1;0;0;0;0;1;2;132.0000;-2391.0000;132.0000;272;267;312;0;0;17406
34737;277;0;0;240;250;235;112.0000;13.0000;122.0000;44.0000;7.0000;70.0000;1;0;0;0;0;1;2;132.0000;-2391.0000;132.0000;272;267;312;0;0;17406
34747;277;0;0;240;250;235;112.0000;13.0000;122.0000;44.0000;7.0000;70.0000;1;0;0;0;0;1;2;132.0000;-2391.0000;132.0000;272;267;312;0;0;17406
34757;277;0;0;240;250;235;112.0000;147.0000;122.0000;44.0000;7.0000;70.0000;1;0;0;0;0;1;2;132.0000;-2391.0000;132.0000;272;267;312;0;0;17406
34768;277;0;0;240;250;235;112.0000;147.0000;125.0000;44.0000;7.0000;70.0000;1;0;0;0;0;1;2;132.0000;-2391.0000;132.0000;272;267;312;0;0;17406
34778;277;0;0;240;250;235;112.0000;147.0000;125.0000;44.0000;7.0000;70.0000;1;0;0;0;0;1;2;132.0000;-2391.0000;132.0000;272;267;312;0;0;17406
34789;277;0;0;240;250;235;112.0000;147.0000;125.0000;44.0000;7.0000;70.0000;1;0;0;0;0;1;2;132.0000;-2391.0000;132.0000;272;267;312;0;0;17406
34799;277;0;0;240;250;235;112.0000;147.0000;125.0000;44.0000;7.0000;70.0000;1;0;0;0;0;1;2;132.0000;-2391.0000;132.0000;272;267;312;0;0;17406
34809;277;0;0;240;250;235;112.0000;147.0000;125.0000;44.0000;7.0000;70.0000;1;0;0;0;0;1;2;132.0000;-2391.0000;108.0000;272;267;312;0;0;17406
34820;277;0;0;240;250;235;112.0000;147.0000;125.0000;44.0000;7.0000;70.0000;1;0;0;0;0;1;2;95.0000;-2391.0000;108.0000;272;267;312;0;0;17406
34831;277;0;0;240;250;235;129.0000;147.0000;125.0000;44.0000;7.0000;70.0000;1;0;0;0;0;1;2;95.0000;-2391.0000;108.0000;272;267;312;0;0;17406
34841;277;0;0;240;250;235;129.0000;147.0000;125.0000;44.0000;7.0000;70.0000;1;0;0;0;0;1;2;95.0000;-2391.0000;108.0000;272;267;312;0;0;17406
34853;277;0;0;240;250;235;129.0000;-26.0000;125.0000;44.0000;7.0000;70.0000;1;0;0;0;0;1;2;95.0000;-2391.0000;108.0000;272;267;312;0;0;17406
34865;277;0;0;240;250;235;129.0000;-26.0000;129.0000;44.0000;7.0000;70.0000;1;0;0;0;0;1;2;95.0000;-2391.0000;108.0000;272;267;312;0;0;17406
34875;277;0;0;240;250;235;129.0000;-26.0000;129.0000;44.0000;7.0000;70.0000;1;0;0;0;0;1;2;95.0000;-2391.0000;108.0000;272;267;312;0;0;17406
34886;277;0;0;240;250;235;129.0000;-26.0000;129.0000;44.0000;7.0000;70.0000;1;0;0;0;0;1;2;95.0000;-2391.0000;108.0000;272;267;312;0;0;17406
34896;277;0;0;240;250;235;129.0000;-26.0000;129.0000;44.0000;7.0000;70.0000;1;0;0;0;0;1;2;95.0000;-2391.0000;108.0000;272;267;312;0;0;17406
34906;277;0;0;240;250;235;129.0000;-26.0000;129.0000;44.0000;7.0000;70.0000;1;0;0;0;0;1;2;95.0000;-2391.0000;102.0000;272;267;312;0;0;17406
34917;277;0;0;240;250;235;129.0000;-26.0000;129.0000;44.0000;7.0000;70.0000;1;0;0;0;0;1;2;128.0000;-2391.0000;102.0000;272;267;312;0;0;17406
34927;277;0;0;240;250;235;119.0000;-26.0000;129.0000;44.0000;7.0000;70.0000;1;0;0;0;0;1;2;128.0000;-2391.0000;102.0000;272;267;312;0;0;17406
34938;277;0;0;240;250;235;119.0000;-26.0000;129.0000;44.0000;7.0000;70.0000;1;0;0;0;0;1;2;128.0000;-2391.0000;102.0000;272;267;312;0;0;17406
34948;277;0;0;240;250;235;119.0000;-26.0000;129.0000;44.0000;7.0000;70.0000;1;0;0;0;0;1;2;128.0000;-2391.0000;102.0000;272;267;312;0;0;17406
34959;277;0;0;240;250;235;119.0000;80.0000;129.0000;44.0000;7.0000;70.0000;1;0;0;0;0;1;2;128.0000;-2391.0000;102.0000;272;267;312;0;0;17406
34969;277;0;0;240;250;235;119.0000;80.0000;122.0000;44.0000;7.0000;70.0000;1;0;0;0;0;1;2;128.0000;-2391.0000;102.0000;272;267;312;0;0;17406
34980;277;0;0;240;250;235;119.0000;80.0000;122.0000;44.0000;7.0000;70.0000;1;0;0;0;0;1;2;128.0000;-2391.0000;102.0000;272;267;312;0;0;17406
34990;277;0;0;240;250;235;119.0000;80.0000;122.0000;44.0000;7.0000;70.0000;1;0;0;0;0;1;2;128.0000;-2391.0000;102.0000;272;267;312;0;0;17406
35000;277;0;0;240;250;235;119.0000;80.0000;122.0000;44.0000;7.0000;70.0000;1;0;0;0;0;1;2;128.0000;-2391.0000;102.0000;272;267;312;0;0;17406
35011;277;0;0;240;250;235;119.0000;80.0000;122.0000;44.0000;7.0000;70.0000;1;0;0;0;0;1;2;128.0000;-2391.0000;78.0000;272;267;312;0;0;17406
35022;277;0;0;240;250;235;119.0000;80.0000;122.0000;44.0000;7.0000;70.0000;1;0;0;0;0;1;2;81.0000;-2391.0000;78.0000;272;267;312;0;0;17406
35033;277;0;0;240;250;235;126.0000;80.0000;122.0000;44.0000;7.0000;70.0000;1;0;0;0;0;1;2;81.0000;-2391.0000;78.0000;272;267;312;0;0;17406
35045;277;0;0;240;250;235;126.0000;80.0000;122.0000;44.0000;7.0000;70.0000;1;0;0;0;0;1;2;81.0000;-2391.0000;78.0000;272;267;312;0;0;17406
35055;277;0;0;240;250;235;126.0000;161.0000;122.0000;44.0000;7.0000;70.0000;1;0;0;0;0;1;2;81.0000;-2391.0000;78.0000;272;267;312;0;0;17406
35066;277;0;0;240;250;235;126.0000;161.0000;92.0000;44.0000;7.0000;70.0000;1;0;0;0;0;1;2;81.0000;-2391.0000;78.0000;272;267;312;0;0;17406
35079;277;0;0;240;250;235;126.0000;161.0000;92.0000;44.0000;7.0000;70.0000;1;0;0;0;0;1;2;81.0000;-2391.0000;78.0000;272;267;312;0;0;17376
35089;277;0;0;240;250;235;126.0000;161.0000;92.0000;44.0000;7.0000;70.0000;1;0;0;0;0;1;2;81.0000;-2391.0000;78.0000;272;267;312;0;0;17376
35099;277;0;0;240;250;235;126.0000;161.0000;92.0000;44.0000;7.0000;70.0000;1;0;0;0;0;1;2;81.0000;-2391.0000;78.0000;272;267;312;0;0;17376
35110;277;0;0;240;250;235;126.0000;161.0000;92.0000;44.0000;7.0000;70.0000;1;0;0;0;0;1;2;81.0000;-2391.0000;65.0000;272;267;312;0;0;17376
35120;277;0;0;240;250;235;126.0000;161.0000;92.0000;44.0000;7.0000;70.0000;1;0;0;0;0;1;2;135.0000;-2391.0000;65.0000;272;267;312;0;0;17376
35132;277;0;0;240;250;235;102.0000;161.0000;92.0000;44.0000;7.0000;70.0000;1;0;0;0;0;1;2;135.0000;-2391.0000;65.0000;272;267;312;0;0;17376
35143;277;0;0;240;250;235;102.0000;161.0000;92.0000;44.0000;7.0000;70.0000;1;0;0;0;0;1;2;135.0000;-2391.0000;65.0000;272;267;312;0;0;17376
35154;277;0;0;240;250;235;102.0000;161.0000;92.0000;44.0000;7.0000;70.0000;1;0;0;0;0;1;2;135.0000;-2391.0000;65.0000;272;267;312;0;0;17376
35167;277;0;0;240;250;235;102.0000;161.0000;129.0000;44.0000;7.0000;70.0000;1;0;0;0;0;1;2;135.0000;-2391.0000;65.0000;272;267;312;0;0;17376
35178;277;0;0;240;250;235;102.0000;161.0000;129.0000;44.0000;7.0000;70.0000;1;0;0;0;0;1;2;135.0000;-2391.0000;65.0000;272;267;312;0;0;17376
35189;277;0;0;240;250;235;102.0000;161.0000;129.0000;44.0000;7.0000;70.0000;1;0;0;0;0;1;2;135.0000;-2391.0000;65.0000;272;267;312;0;0;19424
35199;277;0;0;240;250;235;102.0000;161.0000;129.0000;44.0000;7.0000;70.0000;1;0;0;0;0;1;2;135.0000;-2391.0000;65.0000;272;267;312;0;0;19424
35210;277;0;0;240;250;235;102.0000;161.0000;129.0000;44.0000;7.0000;70.0000;1;0;0;0;0;1;2;135.0000;-2391.0000;65.0000;272;267;312;0;0;19424
35220;277;0;0;240;250;235;102.0000;161.0000;129.0000;44.0000;7.0000;70.0000;1;0;0;0;0;1;2;85.0000;-2391.0000;68.0000;272;267;312;0;0;19424
35231;277;0;0;240;250;235;85.0000;161.0000;129.0000;44.0000;7.0000;70.0000;1;0;0;0;0;1;2;85.0000;-2391.0000;68.0000;272;267;312;0;0;19424
35242;277;0;0;240;250;235;85.0000;161.0000;129.0000;44.0000;7.0000;70.0000;1;0;0;0;0;1;2;85.0000;-2391.0000;68.0000;272;267;312;0;0;19424
35252;277;0;0;240;250;235;85.0000;161.0000;129.0000;50.0000;7.0000;70.0000;1;0;0;0;0;1;2;85.0000;-2391.0000;68.0000;272;267;312;0;0;19424
35264;277;0;0;240;250;235;85.0000;161.0000;129.0000;50.0000;7.0000;70.0000;1;0;0;0;0;1;2;85.0000;-2391.0000;68.0000;272;267;312;0;0;19424
35275;277;0;0;240;250;235;85.0000;26.0000;125.0000;50.0000;7.0000;70.0000;1;0;0;0;0;1;2;85.0000;-2391.0000;68.0000;272;267;312;0;0;19424
35285;277;0;0;240;250;235;85.0000;26.0000;125.0000;50.0000;7.0000;70.0000;1;0;0;0;0;1;2;85.0000;-2391.0000;68.0000;272;267;312;0;0;19424
35296;277;0;0;240;250;235;85.0000;26.0000;125.0000;50.0000;7.0000;70.0000;1;0;0;0;0;1;2;85.0000;-2391.0000;68.0000;272;267;312;0;0;19424
35306;277;0;0;240;250;235;85.0000;26.0000;125.0000;50.0000;7.0000;70.0000;1;0;0;0;0;1;2;85.0000;-2391.0000;68.0000;272;267;312;0;0;19424
35317;277;0;0;240;250;235;85.0000;26.0000;125.0000;50.0000;7.0000;70.0000;1;0;0;0;0;1;2;81.0000;-2391.0000;102.0000;272;267;312;0;0;19424
35328;277;0;0;240;250;235;122.0000;26.0000;125.0000;50.0000;7.0000;70.0000;1;0;0;0;0;1;2;81.0000;-2391.0000;102.0000;272;267;312;0;0;19424
35339;277;0;0;240;250;235;122.0000;26.0000;125.0000;50.0000;7.0000;70.0000;1;0;0;0;0;1;2;81.0000;-2391.0000;102.0000;272;267;312;0;0;19424
35349;277;0;0;240;250;235;122.0000;26.0000;125.0000;50.0000;7.0000;70.0000;1;0;0;0;0;1;2;81.0000;-2391.0000;102.0000;272;267;312;0;0;19424
35360;277;0;0;240;250;235;122.0000;134.0000;125.0000;50.0000;7.0000;70.0000;1;0;0;0;0;1;2;81.0000;-2391.0000;102.0000;272;267;312;0;0;19424
35370;277;0;0;240;250;235;122.0000;134.0000;95.0000;50.0000;7.0000;70.0000;1;0;0;0;0;1;2;81.0000;-2391.0000;102.0000;272;267;312;0;0;19424
35381;277;0;0;240;250;235;122.0000;134.0000;95.0000;50.0000;7.0000;70.0000;1;0;0;0;0;1;2;81.0000;-2391.0000;102.0000;272;267;312;0;0;19424
35391;277;0;0;240;250;235;122.0000;134.0000;95.0000;50.0000;7.0000;70.0000;1;0;0;0;0;1;2;81.0000;-2391.0000;102.0000;272;267;312;0;0;19428
35402;277;0;0;240;250;235;122.0000;134.0000;95.0000;50.0000;7.0000;70.0000;1;0;0;0;0;1;2;81.0000;-2391.0000;102.0000;272;267;312;0;0;19428
35412;277;0;0;240;250;235;122.0000;134.0000;95.0000;50.0000;7.0000;70.0000;1;0;0;0;0;1;2;81.0000;-2391.0000;72.0000;272;267;312;0;0;19428
35423;277;0;0;240;250;235;122.0000;134.0000;95.0000;50.0000;7.0000;70.0000;1;0;0;0;0;1;2;132.0000;-2391.0000;72.0000;272;267;312;0;0;19428
35433;277;0;0;240;250;235;126.0000;134.0000;95.0000;50.0000;7.0000;70.0000;1;0;0;0;0;1;2;132.0000;-2391.0000;72.0000;272;267;312;0;0;19428
35444;277;0;0;240;250;235;126.0000;134.0000;95.0000;50.0000;7.0000;70.0000;1;0;0;0;0;1;2;132.0000;-2391.0000;72.0000;272;267;312;0;0;19428
35454;277;0;0;240;250;235;126.0000;134.0000;95.0000;50.0000;7.0000;70.0000;1;0;0;0;0;1;2;132.0000;-2391.0000;72.0000;272;267;312;0;0;19428
35465;277;0;0;240;250;235;126.0000;-67.0000;95.0000;50.0000;7.0000;70.0000;1;0;0;0;0;1;2;132.0000;-2391.0000;72.0000;272;267;312;0;0;19428
35476;277;0;0;240;250;235;126.0000;-67.0000;132.0000;50.0000;7.0000;70.0000;1;0;0;0;0;1;2;132.0000;-2391.0000;72.0000;272;267;312;0;0;19428
35490;277;0;0;240;250;235;126.0000;-67.0000;132.0000;50.0000;7.0000;70.0000;1;0;0;0;0;1;2;132.0000;-2391.0000;72.0000;272;267;312;0;0;19428
35500;277;0;0;240;250;235;126.0000;-67.0000;132.0000;50.0000;7.0000;70.0000;1;0;0;0;0;1;2;132.0000;-2391.0000;72.0000;272;267;312;0;0;19428
35511;277;0;0;240;250;235;126.0000;-67.0000;132.0000;50.0000;7.0000;70.0000;1;0;0;0;0;1;2;132.0000;-2391.0000;72.0000;272;267;312;0;0;19428
35521;277;0;0;240;250;235;126.0000;-67.0000;132.0000;50.0000;7.0000;70.0000;1;0;0;0;0;1;2;105.0000;-2391.0000;132.0000;272;267;312;0;0;19428
35533;277;0;0;240;250;235;95.0000;-67.0000;132.0000;50.0000;7.0000;70.0000;1;0;0;0;0;0;2;105.0000;-2391.0000;132.0000;272;267;312;0;0;19428
35543;277;0;0;240;250;235;95.0000;-67.0000;132.0000;50.0000;7.0000;70.0000;1;0;0;0;0;0;2;105.0000;-2391.0000;132.0000;272;267;312;0;0;19428
35554;277;0;0;240;250;235;95.0000;-67.0000;132.0000;50.0000;7.0000;70.0000;1;0;0;0;0;0;2;105.0000;-2391.0000;132.0000;272;267;312;0;0;19428
35564;277;0;0;240;250;235;95.0000;241.0000;132.0000;50.0000;7.0000;70.0000;1;0;0;0;0;0;2;105.0000;-2391.0000;132.0000;272;267;312;0;0;19428
35575;277;0;0;240;250;235;95.0000;241.0000;132.0000;50.0000;7.0000;70.0000;1;0;0;0;0;0;2;105.0000;-2391.0000;132.0000;272;267;312;0;0;19428
35585;277;0;0;240;250;235;95.0000;241.0000;132.0000;50.0000;7.0000;70.0000;1;0;0;0;0;0;2;105.0000;-2391.0000;132.0000;272;267;312;0;0;19428
35596;277;0;0;240;250;235;95.0000;241.0000;132.0000;50.0000;7.0000;70.0000;1;0;0;0;0;0;2;105.0000;-2391.0000;132.0000;272;267;312;0;0;19438
35606;277;0;0;240;250;235;95.0000;241.0000;132.0000;50.0000;7.0000;70.0000;1;0;0;0;0;0;2;105.0000;-2391.0000;132.0000;272;267;312;0;0;19454
35618;277;0;0;240;250;235;95.0000;241.0000;132.0000;50.0000;7.0000;70.0000;1;0;0;0;0;0;2;71.0000;-2391.0000;92.0000;272;267;312;0;0;19454
35628;277;0;0;240;250;235;85.0000;241.0000;132.0000;50.0000;7.0000;70.0000;1;0;0;0;0;0;2;71.0000;-2391.0000;92.0000;272;267;312;0;0;19454
35639;277;0;0;240;250;235;85.0000;241.0000;132.0000;50.0000;7.0000;70.0000;1;0;0;0;0;0;2;71.0000;-2391.0000;92.0000;272;267;312;0;0;19454
35649;277;0;0;240;250;235;85.0000;241.0000;132.0000;50.0000;7.0000;70.0000;1;0;0;0;0;0;2;71.0000;-2391.0000;92.0000;272;267;312;0;0;19454
35659;277;0;0;240;250;235;85.0000;147.0000;132.0000;50.0000;7.0000;70.0000;1;0;0;0;0;0;2;71.0000;-2391.0000;92.0000;272;267;312;0;0;19454
35671;277;0;0;240;250;235;85.0000;147.0000;132.0000;50.0000;7.0000;70.0000;1;0;0;0;0;0;2;71.0000;-2391.0000;92.0000;272;267;312;0;0;19454
35681;277;0;0;240;250;235;85.0000;147.0000;98.0000;50.0000;7.0000;70.0000;1;0;0;0;0;0;2;71.0000;-2391.0000;92.0000;272;267;312;0;0;19454
35692;277;0;0;240;250;235;85.0000;147.0000;98.0000;50.0000;7.0000;70.0000;1;0;0;0;0;0;2;71.0000;-2391.0000;92.0000;272;267;312;0;0;19454
35702;277;0;0;240;250;235;85.0000;147.0000;98.0000;50.0000;7.0000;70.0000;1;0;0;0;0;0;2;71.0000;-2391.0000;92.0000;272;267;312;0;0;19454
35713;277;0;0;240;250;235;85.0000;147.0000;98.0000;50.0000;7.0000;70.0000;1;0;0;0;0;0;2;71.0000;-2391.0000;112.0000;272;267;312;0;0;19454
35723;277;0;0;240;250;235;85.0000;147.0000;98.0000;50.0000;7.0000;70.0000;1;0;0;0;0;0;2;115.0000;-2391.0000;112.0000;272;267;312;0;0;19454
35734;277;0;0;240;250;235;112.0000;147.0000;98.0000;50.0000;7.0000;70.0000;1;0;0;0;0;0;2;115.0000;-2391.0000;112.0000;272;267;312;0;0;19454
35744;277;0;0;240;250;235;112.0000;147.0000;98.0000;50.0000;7.0000;70.0000;1;0;0;0;0;0;2;115.0000;-2391.0000;112.0000;272;267;312;0;0;19454
35755;277;0;0;240;250;235;112.0000;147.0000;98.0000;50.0000;7.0000;70.0000;1;0;0;0;0;0;2;115.0000;-2391.0000;112.0000;272;267;312;0;0;19454
35765;277;0;0;240;250;235;112.0000;26.0000;98.0000;50.0000;7.0000;70.0000;1;0;0;0;0;0;2;115.0000;-2391.0000;112.0000;272;267;312;0;0;19454
35775;277;0;0;240;250;235;112.0000;26.0000;125.0000;50.0000;7.0000;70.0000;1;0;0;0;0;0;2;115.0000;-2391.0000;112.0000;272;267;312;0;0;19454
35786;277;0;0;240;250;235;112.0000;26.0000;125.0000;50.0000;7.0000;70.0000;1;0;0;0;0;0;2;115.0000;-2391.0000;112.0000;272;267;312;0;0;19454
35796;277;0;0;240;250;235;112.0000;26.0000;125.0000;50.0000;7.0000;70.0000;1;0;0;0;0;0;2;115.0000;-2391.0000;112.0000;272;267;312;0;0;19454
35807;277;0;0;240;250;235;112.0000;26.0000;125.0000;50.0000;7.0000;70.0000;1;0;0;0;0;0;2;115.0000;-2391.0000;112.0000;272;267;312;0;0;19454
35817;277;0;0;240;250;235;112.0000;26.0000;125.0000;50.0000;7.0000;70.0000;1;0;0;0;0;0;2;115.0000;-2391.0000;112.0000;272;267;312;0;0;19454
35828;277;0;0;240;250;235;122.0000;26.0000;125.0000;50.0000;7.0000;70.0000;1;0;0;0;0;0;2;78.0000;-2391.0000;105.0000;272;267;312;0;0;19454
35839;277;0;0;240;250;235;122.0000;26.0000;125.0000;50.0000;7.0000;70.0000;1;0;0;0;0;0;2;78.0000;-2391.0000;105.0000;272;267;312;0;0;19454
35850;277;0;0;240;250;235;122.0000;26.0000;125.0000;50.0000;7.0000;70.0000;1;0;0;0;0;0;2;78.0000;-2391.0000;105.0000;272;267;312;0;0;19454
35861;277;0;0;240;250;235;122.0000;26.0000;125.0000;50.0000;7.0000;70.0000;1;0;0;0;0;0;2;78.0000;-2391.0000;105.0000;272;267;312;0;0;19454
35872;277;0;0;240;250;235;122.0000;0.0000;75.0000;50.0000;7.0000;70.0000;1;0;0;0;0;0;2;78.0000;-2391.0000;105.0000;272;267;312;0;0;19454
35883;277;0;0;240;250;235;122.0000;0.0000;75.0000;50.0000;7.0000;70.0000;1;0;0;0;0;0;2;78.0000;-2391.0000;105.0000;272;267;312;0;0;19454
35893;277;0;0;240;250;235;122.0000;0.0000;75.0000;50.0000;7.0000;70.0000;1;0;0;0;0;0;2;78.0000;-2391.0000;105.0000;272;267;312;0;0;19454
35904;277;0;0;240;250;235;122.0000;0.0000;75.0000;50.0000;7.0000;70.0000;1;0;0;0;0;0;2;78.0000;-2391.0000;105.0000;272;267;312;0;0;19454
35914;277;0;0;240;250;235;122.0000;0.0000;75.0000;50.0000;7.0000;70.0000;1;0;0;0;0;0;2;78.0000;-2391.0000;105.0000;272;267;312;0;0;19454
35925;277;0;0;240;250;235;122.0000;0.0000;75.0000;50.0000;7.0000;70.0000;1;0;0;0;0;0;2;75.0000;-2391.0000;115.0000;272;267;312;0;0;19454
35935;277;0;0;240;250;235;72.0000;0.0000;75.0000;50.0000;7.0000;70.0000;1;0;0;0;0;0;2;75.0000;-2391.0000;115.0000;272;267;312;0;0;19454
35946;277;0;0;240;250;235;72.0000;0.0000;75.0000;50.0000;7.0000;70.0000;1;0;0;0;0;0;2;75.0000;-2391.0000;115.0000;272;267;312;0;0;19454
35956;277;0;0;240;250;235;72.0000;0.0000;75.0000;50.0000;7.0000;70.0000;1;0;0;0;0;0;2;75.0000;-2391.0000;115.0000;272;267;312;0;0;19454
35967;277;0;0;240;250;235;72.0000;107.0000;75.0000;50.0000;7.0000;70.0000;1;0;0;0;0;0;2;75.0000;-2391.0000;115.0000;272;267;312;0;0;19454
35977;277;0;0;240;250;235;72.0000;107.0000;102.0000;50.0000;7.0000;70.0000;1;0;0;0;0;0;2;75.0000;-2391.0000;115.0000;272;267;312;0;0;19454
35988;277;0;0;240;250;235;72.0000;107.0000;102.0000;50.0000;7.0000;70.0000;1;0;0;0;0;0;2;75.0000;-2391.0000;115.0000;272;267;312;0;0;19454
35998;277;0;0;240;250;235;72.0000;107.0000;102.0000;50.0000;7.0000;70.0000;1;0;0;0;0;0;2;75.0000;-2391.0000;115.0000;272;267;312;0;0;19454
36011;277;0;0;240;250;235;72.0000;107.0000;102.0000;50.0000;7.0000;70.0000;1;0;0;0;0;0;2;75.0000;-2391.0000;115.0000;272;267;312;0;0;19454
36021;277;0;0;240;250;235;72.0000;107.0000;102.0000;50.0000;7.0000;70.0000;1;0;0;0;0;0;2;75.0000;-2391.0000;125.0000;272;267;312;0;0;19454
36031;277;0;0;240;250;235;119.0000;107.0000;102.0000;50.0000;7.0000;70.0000;1;0;0;0;0;0;2;135.0000;-2391.0000;125.0000;272;267;312;0;0;19454
36042;277;0;0;240;250;235;119.0000;107.0000;102.0000;50.0000;7.0000;70.0000;1;0;0;0;0;0;2;135.0000;-2391.0000;125.0000;272;267;312;0;0;19454
36053;277;0;0;240;250;235;119.0000;107.0000;102.0000;50.0000;7.0000;70.0000;1;0;0;0;0;0;2;135.0000;-2391.0000;125.0000;272;267;312;0;0;19454
36064;277;0;0;240;250;235;119.0000;107.0000;102.0000;50.0000;7.0000;70.0000;1;0;0;0;0;0;2;135.0000;-2391.0000;125.0000;272;267;312;0;0;19454
36074;277;0;0;240;250;235;119.0000;174.0000;102.0000;50.0000;7.0000;70.0000;1;0;0;0;0;0;2;135.0000;-2391.0000;125.0000;272;267;312;0;0;19454
36085;277;0;0;240;250;235;119.0000;174.0000;65.0000;50.0000;7.0000;70.0000;1;0;0;0;0;0;2;135.0000;-2391.0000;125.0000;272;267;312;0;0;19454
36096;277;0;0;240;250;235;119.0000;174.0000;65.0000;50.0000;7.0000;70.0000;1;0;0;0;0;0;2;135.0000;-2391.0000;125.0000;272;267;312;0;0;19454
36106;277;0;0;240;250;235;119.0000;174.0000;65.0000;50.0000;7.0000;70.0000;1;0;0;0;0;0;2;135.0000;-2391.0000;125.0000;272;267;312;0;0;19454
36117;277;0;0;240;250;235;119.0000;174.0000;65.0000;50.0000;7.0000;70.0000;1;0;0;0;0;0;2;135.0000;-2391.0000;125.0000;272;267;312;0;0;19424
36128;277;0;0;240;250;235;119.0000;174.0000;65.0000;50.0000;7.0000;70.0000;1;0;0;0;0;0;2;135.0000;-2391.0000;125.0000;272;267;312;0;0;19424
36139;277;0;0;240;250;235;99.0000;174.0000;65.0000;50.0000;7.0000;70.0000;1;0;0;0;0;0;2;135.0000;-2391.0000;125.0000;272;267;312;0;0;19424
36149;277;0;0;240;250;235;99.0000;174.0000;65.0000;50.0000;7.0000;70.0000;1;0;0;0;0;0;2;135.0000;-2391.0000;125.0000;272;267;312;0;0;19424
36160;277;0;0;240;250;235;99.0000;174.0000;65.0000;50.0000;7.0000;70.0000;1;0;0;0;0;0;2;135.0000;-2391.0000;125.0000;272;267;312;0;0;19424
36170;277;0;0;240;250;235;99.0000;-26.0000;65.0000;50.0000;7.0000;70.0000;1;0;0;0;0;0;2;135.0000;-2391.0000;125.0000;272;267;312;0;0;19424
36181;277;0;0;240;250;235;99.0000;-26.0000;122.0000;50.0000;7.0000;70.0000;1;0;0;0;0;0;2;135.0000;-2391.0000;125.0000;272;267;312;0;0;19424
36194;277;0;0;240;250;235;99.0000;-26.0000;122.0000;50.0000;7.0000;70.0000;1;0;0;0;0;0;2;135.0000;-2391.0000;125.0000;272;267;312;0;0;19424
36204;277;0;0;240;250;235;99.0000;-26.0000;122.0000;50.0000;7.0000;70.0000;1;0;0;0;0;0;2;135.0000;-2391.0000;125.0000;272;267;312;0;0;19424
36215;277;0;0;240;250;235;99.0000;-26.0000;122.0000;50.0000;7.0000;70.0000;1;0;0;0;0;0;2;135.0000;-2391.0000;125.0000;272;267;312;0;0;19424
36225;277;0;0;240;250;235;99.0000;-26.0000;122.0000;50.0000;7.0000;70.0000;1;0;0;0;0;0;2;135.0000;-2391.0000;132.0000;272;267;312;0;0;19424
36235;277;0;0;240;250;235;132.0000;-26.0000;122.0000;50.0000;7.0000;70.0000;1;0;0;0;0;0;2;78.0000;-2391.0000;132.0000;272;267;312;0;0;19424
36246;277;0;0;240;250;235;132.0000;-26.0000;122.0000;50.0000;7.0000;70.0000;1;0;0;0;0;0;2;78.0000;-2391.0000;132.0000;272;267;312;0;0;19424
36256;277;0;0;240;250;235;132.0000;-26.0000;122.0000;50.0000;7.0000;70.0000;1;0;0;0;0;0;2;78.0000;-2391.0000;132.0000;272;267;312;0;0;19424
36267;277;0;0;240;250;235;132.0000;201.0000;122.0000;50.0000;7.0000;70.0000;1;0;0;0;0;0;2;78.0000;-2391.0000;132.0000;272;267;312;0;0;19424
36278;277;0;0;240;250;235;132.0000;201.0000;122.0000;50.0000;7.0000;70.0000;1;0;0;0;0;0;2;78.0000;-2391.0000;132.0000;272;267;312;0;0;19424
36289;277;0;0;240;250;235;132.0000;201.0000;122.0000;50.0000;7.0000;70.0000;1;0;0;0;0;0;2;78.0000;-2391.0000;132.0000;272;267;312;0;0;19424
36300;277;0;0;240;250;235;132.0000;201.0000;122.0000;50.0000;7.0000;70.0000;1;0;0;0;0;0;2;78.0000;-2391.0000;132.0000;272;267;312;0;0;19424
36310;277;0;0;240;250;235;132.0000;201.0000;122.0000;50.0000;7.0000;70.0000;1;0;0;0;0;0;2;78.0000;-2391.0000;132.0000;272;267;312;0;0;19424
36321;277;0;0;240;250;235;132.0000;201.0000;122.0000;50.0000;7.0000;70.0000;1;0;0;0;0;0;2;78.0000;-2391.0000;132.0000;272;267;312;0;0;19424
36332;277;0;0;240;250;235;132.0000;201.0000;122.0000;50.0000;7.0000;70.0000;1;0;0;0;0;0;2;139.0000;-2391.0000;135.0000;272;267;312;0;0;19428
36343;277;0;0;240;250;235;75.0000;201.0000;122.0000;50.0000;7.0000;70.0000;1;0;0;0;0;0;2;139.0000;-2391.0000;135.0000;272;267;312;0;0;19428
36353;277;0;0;240;250;235;75.0000;201.0000;122.0000;50.0000;7.0000;70.0000;1;0;0;0;0;0;2;139.0000;-2391.0000;135.0000;272;267;312;0;0;19428
36364;277;0;0;240;250;235;75.0000;201.0000;122.0000;50.0000;7.0000;70.0000;1;0;0;0;0;0;2;139.0000;-2391.0000;135.0000;272;267;312;0;0;19428
36377;277;0;0;240;250;235;75.0000;93.0000;122.0000;50.0000;7.0000;70.0000;1;0;0;0;0;0;2;139.0000;-2391.0000;135.0000;272;267;312;0;0;19428
36387;277;0;0;240;250;235;75.0000;93.0000;108.0000;50.0000;7.0000;70.0000;1;0;0;0;0;0;2;139.0000;-2391.0000;135.0000;272;267;312;0;0;19428
36398;277;0;0;240;250;235;75.0000;93.0000;108.0000;50.0000;7.0000;70.0000;1;0;0;0;0;0;2;139.0000;-2391.0000;135.0000;272;267;312;0;0;19428
36408;277;0;0;240;250;235;75.0000;93.0000;108.0000;50.0000;7.0000;70.0000;1;0;0;0;0;0;2;139.0000;-2391.0000;135.0000;272;267;312;0;0;19428
36418;277;0;0;240;250;235;75.0000;93.0000;108.0000;50.0000;7.0000;70.0000;1;0;0;0;0;0;2;139.0000;-2391.0000;135.0000;272;267;312;0;0;19428
36429;277;0;0;240;250;235;75.0000;93.0000;108.0000;50.0000;7.0000;70.0000;1;0;0;0;0;0;2;139.0000;-2391.0000;122.0000;272;267;312;0;0;19428
36440;277;0;0;240;250;235;72.0000;93.0000;108.0000;50.0000;7.0000;70.0000;1;0;0;0;0;0;2;88.0000;-2391.0000;122.0000;272;267;312;0;0;19428
36451;277;0;0;240;250;235;72.0000;93.0000;108.0000;50.0000;7.0000;70.0000;1;0;0;0;0;0;2;88.0000;-2391.0000;122.0000;272;267;312;0;0;19428
36461;277;0;0;240;250;235;72.0000;93.0000;108.0000;50.0000;7.0000;70.0000;1;0;0;0;0;0;2;88.0000;-2391.0000;122.0000;272;267;312;0;0;19428
36472;277;0;0;240;250;235;72.0000;13.0000;108.0000;50.0000;7.0000;70.0000;1;0;0;0;0;0;2;88.0000;-2391.0000;122.0000;272;267;312;0;0;19428
36482;277;0;0;240;250;235;72.0000;13.0000;142.0000;50.0000;7.0000;70.0000;1;0;0;0;0;0;2;88.0000;-2391.0000;122.0000;272;267;312;0;0;19428
36493;277;0;0;240;250;235;72.0000;13.0000;142.0000;50.0000;7.0000;70.0000;1;0;0;0;0;0;2;88.0000;-2391.0000;122.0000;272;267;312;0;0;19428
36503;277;0;0;240;250;235;72.0000;13.0000;142.0000;50.0000;7.0000;70.0000;1;0;0;0;0;0;2;88.0000;-2391.0000;122.0000;272;267;312;0;0;19428
36514;277;0;0;240;250;235;72.0000;13.0000;142.0000;50.0000;7.0000;70.0000;1;0;0;0;0;0;2;88.0000;-2391.0000;122.0000;272;267;312;0;0;19428
36524;277;0;0;240;250;235;72.0000;13.0000;142.0000;50.0000;7.0000;70.0000;1;0;0;0;0;0;2;88.0000;-2391.0000;122.0000;272;267;312;0;0;19428
36536;277;0;0;240;250;235;72.0000;13.0000;142.0000;50.0000;7.0000;70.0000;1;0;0;0;0;0;2;125.0000;-2391.0000;122.0000;272;267;312;0;0;19436
36549;277;0;0;240;250;235;126.0000;13.0000;142.0000;50.0000;7.0000;70.0000;1;0;0;0;0;0;2;125.0000;-2391.0000;82.0000;272;267;312;0;0;19436
36559;277;0;0;240;250;235;126.0000;13.0000;142.0000;50.0000;7.0000;70.0000;1;0;0;0;0;0;2;125.0000;-2391.0000;82.0000;272;267;312;0;0;19436
36570;277;0;0;240;250;235;126.0000;80.0000;142.0000;50.0000;7.0000;70.0000;1;0;0;0;0;0;2;125.0000;-2391.0000;82.0000;272;267;312;0;0;19436
36582;277;0;0;240;250;235;126.0000;80.0000;142.0000;50.0000;7.0000;70.0000;1;0;0;0;0;0;2;125.0000;-2391.0000;82.0000;272;267;312;0;0;19436
36592;277;0;0;240;250;235;126.0000;80.0000;108.0000;50.0000;7.0000;70.0000;1;0;0;0;0;0;2;125.0000;-2391.0000;82.0000;272;267;312;0;0;19436
36603;277;0;0;240;250;235;126.0000;80.0000;108.0000;50.0000;7.0000;70.0000;1;0;0;0;0;0;2;125.0000;-2391.0000;82.0000;272;267;312;0;0;19436
36613;277;0;0;240;250;235;126.0000;80.0000;108.0000;50.0000;7.0000;70.0000;1;0;0;0;0;0;2;125.0000;-2391.0000;82.0000;272;267;312;0;0;19436
36624;277;0;0;240;250;235;126.0000;80.0000;108.0000;50.0000;7.0000;70.0000;1;0;0;0;0;0;2;125.0000;-2391.0000;82.0000;272;267;312;0;0;19436
36636;277;0;0;240;250;235;126.0000;80.0000;108.0000;50.0000;7.0000;70.0000;1;0;0;0;0;0;2;132.0000;-2391.0000;119.0000;272;267;312;0;0;19436
36646;277;0;0;240;250;235;105.0000;80.0000;108.0000;50.0000;7.0000;70.0000;1;0;0;0;0;0;2;132.0000;-2391.0000;119.0000;272;267;312;0;0;19454
36657;277;0;0;240;250;235;105.0000;80.0000;108.0000;50.0000;7.0000;70.0000;1;0;0;0;0;0;2;132.0000;-2391.0000;119.0000;272;267;312;0;0;19454
36667;277;0;0;240;250;235;105.0000;80.0000;108.0000;50.0000;7.0000;70.0000;1;0;0;0;0;0;2;132.0000;-2391.0000;119.0000;272;267;312;0;0;19454
36678;277;0;0;240;250;235;105.0000;67.0000;108.0000;50.0000;7.0000;70.0000;1;0;0;0;0;0;2;132.0000;-2391.0000;119.0000;272;267;312;0;0;19454
36688;277;0;0;240;250;235;105.0000;67.0000;92.0000;50.0000;7.0000;70.0000;1;0;0;0;0;0;2;132.0000;-2391.0000;119.0000;272;267;312;0;0;19454
36699;277;0;0;240;250;235;105.0000;67.0000;92.0000;50.0000;7.0000;70.0000;1;0;0;0;0;0;2;132.0000;-2391.0000;119.0000;272;267;312;0;0;19454
36709;277;0;0;240;250;235;105.0000;67.0000;92.0000;50.0000;7.0000;70.0000;1;0;0;0;0;0;2;132.0000;-2391.0000;119.0000;272;267;312;0;0;19454
36720;277;0;0;240;250;235;105.0000;67.0000;92.0000;50.0000;7.0000;70.0000;1;0;0;0;0;0;2;132.0000;-2391.0000;119.0000;272;267;312;0;0;19454
36730;277;0;0;240;250;235;105.0000;67.0000;92.0000;50.0000;7.0000;70.0000;1;0;0;0;0;0;2;132.0000;-2391.0000;119.0000;272;267;312;0;0;19454
36746;277;0;0;240;250;235;105.0000;67.0000;92.0000;50.0000;7.0000;70.0000;1;0;0;0;0;0;2;92.0000;-2391.0000;88.0000;272;267;312;0;0;19454
36757;277;0;0;240;250;235;42.0000;67.0000;92.0000;50.0000;7.0000;70.0000;1;0;0;0;0;0;2;92.0000;-2391.0000;88.0000;272;267;312;0;0;19454
36767;277;0;0;240;250;235;42.0000;67.0000;92.0000;50.0000;7.0000;70.0000;1;0;0;0;0;0;2;92.0000;-2391.0000;88.0000;272;267;312;0;0;19454
36778;277;0;0;240;250;235;42.0000;80.0000;92.0000;50.0000;7.0000;70.0000;1;0;0;0;0;0;2;92.0000;-2391.0000;88.0000;272;267;312;0;0;19454
36788;277;0;0;240;250;235;42.0000;80.0000;149.0000;50.0000;7.0000;70.0000;1;0;0;0;0;0;2;92.0000;-2391.0000;88.0000;272;267;312;0;0;19454
36799;277;0;0;240;250;235;42.0000;80.0000;149.0000;50.0000;7.0000;70.0000;1;0;0;0;0;0;2;92.0000;-2391.0000;88.0000;272;267;312;0;0;19454
36809;277;0;0;240;250;235;42.0000;80.0000;149.0000;50.0000;7.0000;70.0000;1;0;0;0;0;0;2;92.0000;-2391.0000;88.0000;272;267;312;0;0;19454
36819;277;0;0;240;250;235;42.0000;80.0000;149.0000;50.0000;7.0000;70.0000;1;0;0;0;0;0;2;92.0000;-2391.0000;88.0000;272;267;312;0;0;19454
36830;277;0;0;240;250;235;42.0000;80.0000;149.0000;50.0000;7.0000;70.0000;1;0;0;0;0;0;2;92.0000;-2391.0000;88.0000;272;267;312;0;0;19454
36842;277;0;0;240;250;235;42.0000;80.0000;149.0000;50.0000;7.0000;70.0000;1;0;0;0;0;0;2;88.0000;-2391.0000;82.0000;272;267;312;0;0;19454
36852;277;0;0;240;250;235;75.0000;80.0000;149.0000;50.0000;7.0000;70.0000;1;0;0;0;0;0;2;88.0000;-2391.0000;82.0000;272;267;312;0;0;19454
36863;277;0;0;240;250;235;75.0000;80.0000;149.0000;50.0000;7.0000;70.0000;1;0;0;0;0;0;2;88.0000;-2391.0000;82.0000;272;267;312;0;0;19454
36873;277;0;0;240;250;235;75.0000;0.0000;149.0000;50.0000;7.0000;70.0000;1;0;0;0;0;0;2;88.0000;-2391.0000;82.0000;272;267;312;0;0;19454
36884;277;0;0;240;250;235;75.0000;0.0000;105.0000;50.0000;7.0000;70.0000;1;0;0;0;0;0;2;88.0000;-2391.0000;82.0000;272;267;312;0;0;19454
36895;277;0;0;240;250;235;75.0000;0.0000;105.0000;50.0000;7.0000;70.0000;1;0;0;0;0;0;2;88.0000;-2391.0000;82.0000;272;267;312;0;0;19454
36905;277;0;0;240;250;235;75.0000;0.0000;105.0000;50.0000;7.0000;70.0000;1;0;0;0;0;0;2;88.0000;-2391.0000;82.0000;272;267;312;0;0;19454
36916;277;0;0;240;250;235;75.0000;0.0000;105.0000;50.0000;7.0000;70.0000;1;0;0;0;0;0;2;88.0000;-2391.0000;82.0000;272;267;312;0;0;19454
36926;277;0;0;240;250;235;75.0000;0.0000;105.0000;50.0000;7.0000;70.0000;1;0;0;0;0;0;2;88.0000;-2391.0000;82.0000;272;267;312;0;0;19454
36937;277;0;0;240;250;235;75.0000;0.0000;105.0000;50.0000;7.0000;70.0000;1;0;0;0;0;0;2;118.0000;-2391.0000;65.0000;272;267;312;0;0;19454
36948;277;0;0;240;250;235;75.0000;0.0000;105.0000;50.0000;7.0000;70.0000;1;0;0;0;0;0;2;118.0000;-2391.0000;65.0000;272;267;312;0;0;19454
36958;277;0;0;240;250;235;102.0000;0.0000;105.0000;50.0000;7.0000;70.0000;1;0;0;0;0;0;2;118.0000;-2391.0000;65.0000;272;267;312;0;0;19454
36972;277;0;0;240;250;235;102.0000;0.0000;105.0000;50.0000;7.0000;70.0000;1;0;0;0;0;0;2;118.0000;-2391.0000;65.0000;272;267;312;0;0;19454
36982;277;0;0;240;250;235;102.0000;13.0000;105.0000;50.0000;7.0000;70.0000;1;0;0;0;0;0;2;118.0000;-2391.0000;65.0000;272;267;312;0;0;19454
36993;277;0;0;240;250;235;102.0000;13.0000;132.0000;50.0000;7.0000;70.0000;1;0;0;0;0;0;2;118.0000;-2391.0000;65.0000;272;267;312;0;0;19454
37003;277;0;0;240;250;235;102.0000;13.0000;132.0000;50.0000;7.0000;70.0000;1;0;0;0;0;0;2;118.0000;-2391.0000;65.0000;272;267;312;0;0;19454
37014;277;0;0;240;250;235;102.0000;13.0000;132.0000;50.0000;7.0000;70.0000;1;0;0;0;0;0;2;118.0000;-2391.0000;65.0000;272;267;312;0;0;19454
37024;277;0;0;240;250;235;102.0000;13.0000;132.0000;50.0000;7.0000;70.0000;1;0;0;0;0;0;2;118.0000;-2391.0000;65.0000;272;267;312;0;0;19454
37036;277;0;0;240;250;235;102.0000;13.0000;132.0000;50.0000;7.0000;70.0000;1;0;0;0;0;0;2;132.0000;-2391.0000;65.0000;272;267;312;0;0;19454
37046;277;0;0;240;250;235;102.0000;13.0000;132.0000;50.0000;7.0000;70.0000;1;0;0;0;0;0;2;132.0000;-2391.0000;75.0000;272;267;312;0;0;19454
37058;277;0;0;240;250;235;115.0000;13.0000;132.0000;50.0000;7.0000;70.0000;1;0;0;0;0;0;2;132.0000;-2391.0000;75.0000;272;267;312;0;0;19454
37070;277;0;0;240;250;235;115.0000;13.0000;132.0000;50.0000;7.0000;70.0000;1;0;0;0;0;0;2;132.0000;-2391.0000;75.0000;272;267;312;0;0;19424
37081;277;0;0;240;250;235;115.0000;-40.0000;132.0000;50.0000;7.0000;70.0000;1;0;0;0;0;0;2;132.0000;-2391.0000;75.0000;272;267;312;0;0;19424
37092;277;0;0;240;250;235;115.0000;-40.0000;142.0000;50.0000;7.0000;70.0000;1;0;0;0;0;0;2;132.0000;-2391.0000;75.0000;272;267;312;0;0;19424
37102;277;0;0;240;250;235;115.0000;-40.0000;142.0000;50.0000;7.0000;70.0000;1;0;0;0;0;0;2;132.0000;-2391.0000;75.0000;272;267;312;0;0;19424
37113;277;0;0;240;250;235;115.0000;-40.0000;142.0000;50.0000;7.0000;70.0000;1;0;0;0;0;0;2;132.0000;-2391.0000;75.0000;272;267;312;0;0;19424
37123;277;0;0;240;250;235;115.0000;-40.0000;142.0000;50.0000;7.0000;70.0000;1;0;0;0;0;0;2;132.0000;-2391.0000;75.0000;272;267;312;0;0;19424
37134;277;0;0;240;250;235;115.0000;-40.0000;142.0000;50.0000;7.0000;70.0000;1;0;0;0;0;0;2;125.0000;-2391.0000;75.0000;272;267;312;0;0;19424
37145;277;0;0;240;250;235;115.0000;-40.0000;142.0000;50.0000;7.0000;70.0000;1;0;0;0;0;0;2;125.0000;-2391.0000;125.0000;272;267;312;0;0;19424
37155;277;0;0;240;250;235;72.0000;-40.0000;142.0000;50.0000;7.0000;70.0000;1;0;0;0;0;0;2;125.0000;-2391.0000;125.0000;272;267;312;0;0;19424
37166;277;0;0;240;250;235;72.0000;-40.0000;142.0000;50.0000;7.0000;70.0000;1;0;0;0;0;0;2;125.0000;-2391.0000;125.0000;272;267;312;0;0;19424
37177;277;0;0;240;250;235;72.0000;-13.0000;142.0000;50.0000;7.0000;70.0000;1;0;0;0;0;0;2;125.0000;-2391.0000;125.0000;272;267;312;0;0;17376
37187;277;0;0;240;250;235;72.0000;-13.0000;108.0000;50.0000;7.0000;70.0000;1;0;0;0;0;0;2;125.0000;-2391.0000;125.0000;272;267;312;0;0;17376
37198;277;0;0;240;250;235;72.0000;-13.0000;108.0000;50.0000;7.0000;70.0000;1;0;0;0;0;0;2;125.0000;-2391.0000;125.0000;272;267;312;0;0;17376
37208;277;0;0;240;250;235;72.0000;-13.0000;108.0000;50.0000;7.0000;70.0000;1;0;0;0;0;0;2;125.0000;-2391.0000;125.0000;272;267;312;0;0;17376
37218;277;0;0;240;250;235;72.0000;-13.0000;108.0000;50.0000;7.0000;70.0000;1;0;0;0;0;0;2;125.0000;-2391.0000;125.0000;272;267;312;0;0;17376
37229;277;0;0;240;250;235;72.0000;-13.0000;108.0000;50.0000;7.0000;70.0000;1;0;0;0;0;0;2;125.0000;-2391.0000;125.0000;272;267;312;0;0;17376
37239;277;0;0;240;250;235;72.0000;-13.0000;108.0000;50.0000;7.0000;70.0000;1;0;0;0;0;0;2;125.0000;-2391.0000;85.0000;272;267;312;0;0;17376
37249;277;0;0;240;250;235;72.0000;-13.0000;108.0000;50.0000;7.0000;70.0000;1;0;0;0;0;0;2;125.0000;-2391.0000;85.0000;272;267;312;0;0;17376
37260;277;0;0;240;250;235;105.0000;-13.0000;108.0000;20.0000;7.0000;70.0000;1;0;0;0;0;0;2;125.0000;-2391.0000;85.0000;272;267;312;0;0;17376
37270;277;0;0;240;250;235;105.0000;-13.0000;108.0000;20.0000;7.0000;70.0000;1;0;0;0;0;0;2;125.0000;-2391.0000;85.0000;272;267;312;0;0;17376
37281;277;0;0;240;250;235;105.0000;134.0000;108.0000;20.0000;7.0000;70.0000;1;0;0;0;0;0;2;125.0000;-2391.0000;85.0000;272;267;312;0;0;17376
37291;277;0;0;240;250;235;105.0000;134.0000;115.0000;20.0000;7.0000;70.0000;1;0;0;0;0;0;2;125.0000;-2391.0000;85.0000;272;267;312;0;0;17376
37302;277;0;0;240;250;235;105.0000;134.0000;115.0000;20.0000;7.0000;70.0000;1;0;0;0;0;0;2;125.0000;-2391.0000;85.0000;272;267;312;0;0;17376
37312;277;0;0;240;250;235;105.0000;134.0000;115.0000;20.0000;7.0000;70.0000;1;0;0;0;0;0;2;125.0000;-2391.0000;85.0000;272;267;312;0;0;17376
37322;277;0;0;240;250;235;105.0000;134.0000;115.0000;20.0000;7.0000;70.0000;1;0;0;0;0;0;2;125.0000;-2391.0000;85.0000;272;267;312;0;0;17376
37333;277;0;0;240;250;235;105.0000;134.0000;115.0000;20.0000;7.0000;70.0000;1;0;0;0;0;0;2;125.0000;-2391.0000;85.0000;272;267;312;0;0;17376
37343;277;0;0;240;250;235;105.0000;134.0000;115.0000;20.0000;7.0000;70.0000;1;0;0;0;0;0;2;95.0000;-2391.0000;92.0000;272;267;312;0;0;17376
37355;277;0;0;240;250;235;95.0000;134.0000;115.0000;20.0000;7.0000;70.0000;1;0;0;0;0;0;2;95.0000;-2391.0000;92.0000;272;267;312;0;0;17376
37366;277;0;0;240;250;235;95.0000;134.0000;115.0000;20.0000;7.0000;70.0000;1;0;0;0;0;0;2;95.0000;-2391.0000;92.0000;272;267;312;0;0;17376
37449;277;0;0;240;250;235;95.0000;80.0000;119.0000;20.0000;7.0000;70.0000;1;0;0;0;0;0;2;132.0000;-2391.0000;135.0000;272;267;312;0;0;17380
37459;277;0;0;240;250;235;119.0000;80.0000;119.0000;20.0000;7.0000;70.0000;1;0;0;0;0;0;2;132.0000;-2391.0000;135.0000;272;267;312;0;0;17380
37470;277;0;0;240;250;235;119.0000;80.0000;119.0000;20.0000;7.0000;70.0000;1;0;0;0;0;0;2;132.0000;-2391.0000;135.0000;272;267;312;0;0;17380
37480;277;0;0;240;250;235;119.0000;147.0000;119.0000;20.0000;7.0000;70.0000;1;0;0;0;0;0;2;132.0000;-2391.0000;135.0000;272;267;312;0;0;17380
37491;277;0;0;240;250;235;119.0000;147.0000;119.0000;20.0000;7.0000;70.0000;1;0;0;0;0;0;2;132.0000;-2391.0000;135.0000;272;267;312;0;0;17380
37502;277;0;0;240;250;235;119.0000;147.0000;145.0000;20.0000;7.0000;70.0000;1;0;0;0;0;0;2;132.0000;-2391.0000;135.0000;272;267;312;0;0;17380
37513;277;0;0;240;250;235;119.0000;147.0000;145.0000;20.0000;7.0000;70.0000;1;0;0;0;0;0;2;132.0000;-2391.0000;135.0000;272;267;312;0;0;17380
37523;277;0;0;240;250;235;119.0000;147.0000;145.0000;20.0000;7.0000;70.0000;1;0;0;0;0;0;2;132.0000;-2391.0000;135.0000;272;267;312;0;0;17380
37534;277;0;0;240;250;235;119.0000;147.0000;145.0000;20.0000;7.0000;70.0000;1;0;0;0;0;0;2;132.0000;-2391.0000;135.0000;272;267;312;0;0;17380
37549;277;0;0;240;250;235;119.0000;147.0000;145.0000;20.0000;7.0000;70.0000;1;0;0;0;0;0;2;115.0000;-2391.0000;122.0000;272;267;312;0;0;17380
37559;277;0;0;240;250;235;119.0000;147.0000;145.0000;20.0000;7.0000;70.0000;1;0;0;0;0;0;2;115.0000;-2391.0000;122.0000;272;267;312;0;0;17380
37571;277;0;0;240;250;235;85.0000;147.0000;145.0000;20.0000;7.0000;70.0000;1;0;0;0;0;0;2;115.0000;-2391.0000;122.0000;272;267;312;0;0;17380
37582;277;0;0;240;250;235;85.0000;93.0000;145.0000;20.0000;7.0000;70.0000;1;0;0;0;0;0;2;115.0000;-2391.0000;122.0000;272;267;312;0;0;17380
37592;277;0;0;240;250;235;85.0000;93.0000;85.0000;20.0000;7.0000;70.0000;1;0;0;0;0;0;2;115.0000;-2391.0000;122.0000;272;267;312;0;0;17380
37603;277;0;0;240;250;235;85.0000;93.0000;85.0000;20.0000;7.0000;70.0000;1;0;0;0;0;0;2;115.0000;-2391.0000;122.0000;272;267;312;0;0;19454
37613;277;0;0;240;250;235;85.0000;93.0000;85.0000;20.0000;7.0000;70.0000;1;0;0;0;0;0;2;115.0000;-2391.0000;122.0000;272;267;312;0;0;19454
37623;277;0;0;240;250;235;85.0000;93.0000;85.0000;20.0000;7.0000;70.0000;1;0;0;0;0;0;2;115.0000;-2391.0000;122.0000;272;267;312;0;0;19454
37635;277;0;0;240;250;235;85.0000;93.0000;85.0000;20.0000;7.0000;70.0000;1;0;0;0;0;0;2;115.0000;-2391.0000;122.0000;272;267;312;0;0;19454
37645;277;0;0;240;250;235;85.0000;93.0000;85.0000;20.0000;7.0000;70.0000;1;0;0;0;0;0;2;65.0000;-2391.0000;135.0000;272;267;312;0;0;19454
37656;277;0;0;240;250;235;85.0000;93.0000;85.0000;20.0000;7.0000;70.0000;1;0;0;0;0;0;2;65.0000;-2391.0000;135.0000;272;270;312;0;0;19454
37666;277;0;0;240;250;235;85.0000;93.0000;85.0000;20.0000;7.0000;70.0000;1;0;0;0;0;0;2;65.0000;-2391.0000;135.0000;272;270;312;0;0;19454
37677;277;0;0;240;250;235;85.0000;93.0000;85.0000;20.0000;7.0000;70.0000;1;0;0;0;0;0;2;65.0000;-2391.0000;135.0000;272;270;312;0;0;19454
37687;277;0;0;240;250;235;85.0000;-26.0000;85.0000;20.0000;7.0000;70.0000;1;0;0;0;0;0;2;65.0000;-2391.0000;135.0000;272;270;312;0;0;19454
37698;277;0;0;240;250;235;85.0000;-26.0000;132.0000;20.0000;7.0000;70.0000;1;0;0;0;0;0;2;65.0000;-2391.0000;135.0000;272;270;312;0;0;19454
37708;277;0;0;240;250;235;85.0000;-26.0000;132.0000;20.0000;7.0000;70.0000;1;0;0;0;0;0;2;65.0000;-2391.0000;135.0000;272;270;312;0;0;19454
37719;277;0;0;240;250;235;85.0000;-26.0000;132.0000;20.0000;7.0000;70.0000;1;0;0;0;0;0;2;65.0000;-2391.0000;135.0000;272;270;312;0;0;19454
37729;277;0;0;240;250;235;85.0000;-26.0000;132.0000;20.0000;7.0000;70.0000;1;0;0;0;0;0;2;65.0000;-2391.0000;135.0000;272;270;312;0;0;19454
37740;277;0;0;240;250;235;85.0000;-26.0000;132.0000;20.0000;7.0000;70.0000;1;0;0;0;0;0;2;65.0000;-2391.0000;135.0000;272;270;312;0;0;19454
37750;277;0;0;240;250;235;85.0000;-26.0000;132.0000;20.0000;7.0000;70.0000;1;0;0;0;0;0;2;108.0000;-2391.0000;75.0000;272;270;312;0;0;19454
37761;277;0;0;240;250;235;85.0000;-26.0000;132.0000;20.0000;7.0000;70.0000;1;0;0;0;0;0;2;108.0000;-2391.0000;75.0000;272;270;312;0;0;19454
37772;277;0;0;240;250;235;119.0000;-26.0000;132.0000;20.0000;7.0000;70.0000;1;0;0;0;0;0;2;108.0000;-2391.0000;75.0000;272;270;312;0;0;19454
37782;277;0;0;240;250;235;119.0000;161.0000;132.0000;20.0000;7.0000;70.0000;1;0;0;0;0;0;2;108.0000;-2391.0000;75.0000;272;270;312;0;0;19454
37793;277;0;0;240;250;235;119.0000;161.0000;129.0000;20.0000;7.0000;70.0000;1;0;0;0;0;0;2;108.0000;-2391.0000;75.0000;272;270;312;0;0;19454
37804;277;0;0;240;250;235;119.0000;161.0000;129.0000;20.0000;7.0000;70.0000;1;0;0;0;0;0;2;108.0000;-2391.0000;75.0000;272;270;312;0;0;19454
37815;277;0;0;240;250;235;119.0000;161.0000;129.0000;20.0000;7.0000;70.0000;1;0;0;0;0;0;2;108.0000;-2391.0000;75.0000;272;270;312;0;0;19454
37825;277;0;0;240;250;235;119.0000;161.0000;129.0000;20.0000;7.0000;70.0000;1;0;0;0;0;0;2;108.0000;-2391.0000;75.0000;272;270;312;0;0;19454
37836;277;0;0;240;250;235;119.0000;161.0000;129.0000;20.0000;7.0000;70.0000;1;0;0;0;0;0;2;108.0000;-2391.0000;75.0000;272;270;312;0;0;19454
37848;277;0;0;240;250;235;119.0000;161.0000;129.0000;20.0000;7.0000;70.0000;1;0;0;0;0;0;2;108.0000;-2391.0000;132.0000;272;270;312;0;0;19454
37859;277;0;0;240;250;235;119.0000;161.0000;129.0000;20.0000;7.0000;70.0000;1;0;0;0;0;0;2;108.0000;-2391.0000;132.0000;272;270;312;0;0;19454
37869;277;0;0;240;250;235;136.0000;161.0000;129.0000;20.0000;7.0000;70.0000;1;0;0;0;0;0;2;108.0000;-2391.0000;132.0000;272;270;312;0;0;19454
37880;277;0;0;240;250;235;136.0000;161.0000;129.0000;20.0000;7.0000;70.0000;1;0;0;0;0;0;2;108.0000;-2391.0000;132.0000;272;270;312;0;0;19454
37891;277;0;0;240;250;235;136.0000;214.0000;129.0000;20.0000;7.0000;70.0000;1;0;0;0;0;0;2;108.0000;-2391.0000;132.0000;272;270;312;0;0;19454
37901;277;0;0;240;250;235;136.0000;214.0000;105.0000;20.0000;7.0000;70.0000;1;0;0;0;0;0;2;108.0000;-2391.0000;132.0000;272;270;312;0;0;19454
37912;277;0;0;240;250;235;136.0000;214.0000;105.0000;20.0000;7.0000;70.0000;1;0;0;0;0;0;2;108.0000;-2391.0000;132.0000;272;270;312;0;0;19454
37922;277;0;0;240;250;235;136.0000;214.0000;105.0000;20.0000;7.0000;70.0000;1;0;0;0;0;0;2;108.0000;-2391.0000;132.0000;272;270;312;0;0;19454
37932;277;0;0;240;250;235;136.0000;214.0000;105.0000;20.0000;7.0000;70.0000;1;0;0;0;0;0;2;108.0000;-2391.0000;132.0000;272;270;312;0;0;19454
37943;277;0;0;240;250;235;136.0000;214.0000;105.0000;20.0000;7.0000;70.0000;1;0;0;0;0;0;2;85.0000;-2391.0000;75.0000;272;270;312;0;0;19454
37954;277;0;0;240;250;235;136.0000;214.0000;105.0000;20.0000;7.0000;70.0000;1;0;0;0;0;0;2;85.0000;-2391.0000;75.0000;272;270;312;0;0;19454
37965;277;0;0;240;250;235;136.0000;214.0000;105.0000;20.0000;7.0000;70.0000;1;0;0;0;0;0;2;85.0000;-2391.0000;75.0000;272;270;312;0;0;19454
37975;277;0;0;240;250;235;95.0000;214.0000;105.0000;20.0000;7.0000;70.0000;1;0;0;0;0;0;2;85.0000;-2391.0000;75.0000;272;270;312;0;0;19454
37986;277;0;0;240;250;235;95.0000;228.0000;105.0000;20.0000;7.0000;70.0000;1;0;0;0;0;0;2;85.0000;-2391.0000;75.0000;272;270;312;0;0;19454
37996;277;0;0;240;250;235;95.0000;228.0000;108.0000;20.0000;7.0000;70.0000;1;0;0;0;0;0;2;85.0000;-2391.0000;75.0000;272;270;312;0;0;19454
38007;277;0;0;240;250;235;95.0000;228.0000;108.0000;20.0000;7.0000;70.0000;1;0;0;0;0;0;2;85.0000;-2391.0000;75.0000;272;270;312;0;0;19454
38017;277;0;0;240;250;235;95.0000;228.0000;108.0000;20.0000;7.0000;70.0000;1;0;0;0;0;0;2;85.0000;-2391.0000;75.0000;272;270;312;0;0;19454
38028;277;0;0;240;250;235;95.0000;228.0000;108.0000;20.0000;7.0000;70.0000;1;0;0;0;0;0;2;85.0000;-2391.0000;75.0000;272;270;312;0;0;19454
38039;277;0;0;240;250;235;95.0000;228.0000;108.0000;20.0000;7.0000;70.0000;1;0;0;0;0;0;2;85.0000;-2391.0000;75.0000;272;270;312;0;0;19454
38051;277;0;0;240;250;235;95.0000;228.0000;108.0000;20.0000;7.0000;70.0000;1;0;0;0;0;0;2;85.0000;-2391.0000;115.0000;272;270;312;0;0;19454
38062;277;0;0;240;250;235;95.0000;228.0000;108.0000;20.0000;7.0000;70.0000;1;0;0;0;0;0;2;85.0000;-2391.0000;115.0000;272;270;312;0;0;19454
38073;277;0;0;240;250;235;65.0000;228.0000;108.0000;20.0000;7.0000;70.0000;1;0;0;0;0;0;2;85.0000;-2391.0000;115.0000;272;270;312;0;0;19454
38084;277;0;0;240;250;235;65.0000;228.0000;108.0000;20.0000;7.0000;70.0000;1;0;0;0;0;0;2;85.0000;-2391.0000;115.0000;272;270;312;0;0;19454
38094;277;0;0;240;250;235;65.0000;53.0000;82.0000;20.0000;7.0000;70.0000;1;0;0;0;0;0;2;85.0000;-2391.0000;115.0000;272;270;312;0;0;19454
38105;277;0;0;240;250;235;65.0000;53.0000;82.0000;20.0000;7.0000;70.0000;1;0;0;0;0;0;2;85.0000;-2391.0000;115.0000;272;270;312;0;0;19454
38115;277;0;0;240;250;235;65.0000;53.0000;82.0000;20.0000;7.0000;70.0000;1;0;0;0;0;0;2;85.0000;-2391.0000;115.0000;272;270;312;0;0;19454
38126;277;0;0;240;250;235;65.0000;53.0000;82.0000;20.0000;7.0000;70.0000;1;0;0;0;0;0;2;85.0000;-2391.0000;115.0000;272;270;312;0;0;19454
38136;277;0;0;240;250;235;65.0000;53.0000;82.0000;20.0000;7.0000;70.0000;1;0;0;0;0;0;2;85.0000;-2391.0000;115.0000;272;270;312;0;0;19454
38147;277;0;0;240;250;235;65.0000;53.0000;82.0000;20.0000;7.0000;70.0000;1;0;0;0;0;0;2;68.0000;-2391.0000;102.0000;272;270;312;0;0;19454
38164;277;0;0;240;250;235;65.0000;53.0000;82.0000;20.0000;7.0000;70.0000;1;0;0;0;0;0;2;68.0000;-2391.0000;102.0000;272;270;312;0;0;19454
38175;277;0;0;240;250;235;112.0000;53.0000;82.0000;20.0000;7.0000;70.0000;1;0;0;0;0;0;2;68.0000;-2391.0000;102.0000;272;270;312;0;0;19454
38186;277;0;0;240;250;235;112.0000;53.0000;82.0000;20.0000;7.0000;70.0000;1;0;0;0;0;0;2;68.0000;-2391.0000;102.0000;272;270;312;0;0;19454
38196;277;0;0;240;250;235;112.0000;93.0000;112.0000;20.0000;7.0000;70.0000;1;0;0;0;0;0;2;68.0000;-2391.0000;102.0000;272;270;312;0;0;19454
38207;277;0;0;240;250;235;112.0000;93.0000;112.0000;20.0000;7.0000;70.0000;1;0;0;0;0;0;2;68.0000;-2391.0000;102.0000;272;270;312;0;0;19454
38218;277;0;0;240;250;235;112.0000;93.0000;112.0000;20.0000;7.0000;70.0000;1;0;0;0;0;0;2;68.0000;-2391.0000;102.0000;272;270;312;0;0;19424
38228;277;0;0;240;250;235;112.0000;93.0000;112.0000;20.0000;7.0000;70.0000;1;0;0;0;0;0;2;68.0000;-2391.0000;102.0000;272;270;312;0;0;19424
38239;277;0;0;240;250;235;112.0000;93.0000;112.0000;20.0000;7.0000;70.0000;1;0;0;0;0;0;2;132.0000;-2391.0000;102.0000;272;270;312;0;0;19424
38250;277;0;0;240;250;235;112.0000;93.0000;112.0000;20.0000;7.0000;70.0000;1;0;0;0;0;0;2;132.0000;-2391.0000;112.0000;272;270;312;0;0;19424
38260;277;0;0;240;250;235;112.0000;93.0000;112.0000;50.0000;7.0000;70.0000;1;0;0;0;0;0;2;132.0000;-2391.0000;112.0000;272;270;312;0;0;19424
38271;277;0;0;240;250;235;132.0000;93.0000;112.0000;50.0000;7.0000;70.0000;1;0;0;0;0;0;2;132.0000;-2391.0000;112.0000;272;270;312;0;0;19424
38281;277;0;0;240;250;235;132.0000;93.0000;112.0000;50.0000;7.0000;70.0000;1;0;0;0;0;0;2;132.0000;-2391.0000;112.0000;272;270;312;0;0;19424
38292;277;0;0;240;250;235;132.0000;53.0000;112.0000;50.0000;7.0000;70.0000;1;0;0;0;0;0;2;132.0000;-2391.0000;112.0000;272;270;312;0;0;19424
38303;277;0;0;240;250;235;132.0000;53.0000;132.0000;50.0000;7.0000;70.0000;1;0;0;0;0;0;2;132.0000;-2391.0000;112.0000;272;270;312;0;0;19424
38313;277;0;0;240;250;235;132.0000;53.0000;132.0000;50.0000;7.0000;70.0000;1;0;0;0;0;0;2;132.0000;-2391.0000;112.0000;272;270;312;0;0;19424
38323;277;0;0;240;250;235;132.0000;53.0000;132.0000;50.0000;7.0000;70.0000;1;0;0;0;0;0;2;132.0000;-2391.0000;112.0000;272;270;312;0;0;19428
38334;277;0;0;240;250;235;132.0000;53.0000;132.0000;50.0000;7.0000;70.0000;1;0;0;0;0;0;2;132.0000;-2391.0000;112.0000;272;270;312;0;0;19428
38345;277;0;0;240;250;235;132.0000;53.0000;132.0000;50.0000;7.0000;70.0000;1;0;0;0;0;0;2;132.0000;-2391.0000;82.0000;272;270;312;0;0;19428
38355;277;0;0;240;250;235;132.0000;53.0000;132.0000;50.0000;7.0000;70.0000;1;0;0;0;0;0;2;132.0000;-2391.0000;82.0000;272;270;312;0;0;19428
38366;277;0;0;240;250;235;132.0000;53.0000;132.0000;50.0000;7.0000;70.0000;1;0;0;0;0;0;2;132.0000;-2391.0000;82.0000;272;270;312;0;0;19428
38377;277;0;0;240;250;235;115.0000;53.0000;132.0000;50.0000;7.0000;70.0000;1;0;0;0;0;0;2;132.0000;-2391.0000;82.0000;272;270;312;0;0;19428
38388;277;0;0;240;250;235;115.0000;53.0000;132.0000;50.0000;7.0000;70.0000;1;0;0;0;0;0;2;132.0000;-2391.0000;82.0000;272;270;312;0;0;19428
38398;277;0;0;240;250;235;115.0000;-26.0000;132.0000;50.0000;7.0000;70.0000;1;0;0;0;0;0;2;132.0000;-2391.0000;82.0000;272;270;312;0;0;19428
38409;277;0;0;240;250;235;115.0000;-26.0000;135.0000;50.0000;7.0000;70.0000;1;0;0;0;0;0;2;132.0000;-2391.0000;82.0000;272;270;312;0;0;19428
38419;277;0;0;240;250;235;115.0000;-26.0000;135.0000;50.0000;7.0000;70.0000;1;0;0;0;0;0;2;132.0000;-2391.0000;82.0000;272;270;312;0;0;19428
38429;277;0;0;240;250;235;115.0000;-26.0000;135.0000;50.0000;7.0000;70.0000;1;0;0;0;0;0;2;132.0000;-2391.0000;82.0000;272;270;312;0;0;19428
38440;277;0;0;240;250;235;115.0000;-26.0000;135.0000;50.0000;7.0000;70.0000;1;0;0;0;0;0;2;128.0000;-2391.0000;82.0000;272;270;312;0;0;19428
38452;277;0;0;240;250;235;115.0000;-26.0000;135.0000;50.0000;7.0000;70.0000;1;0;0;0;0;0;2;128.0000;-2391.0000;108.0000;272;270;312;0;0;19428
38462;277;0;0;240;250;235;115.0000;-26.0000;135.0000;50.0000;7.0000;70.0000;1;0;0;0;0;0;2;128.0000;-2391.0000;108.0000;272;270;312;0;0;19428
38473;277;0;0;240;250;235;85.0000;-26.0000;135.0000;50.0000;7.0000;70.0000;1;0;0;0;0;0;2;128.0000;-2391.0000;108.0000;272;270;312;0;0;19428
38483;277;0;0;240;250;235;85.0000;-26.0000;135.0000;50.0000;7.0000;70.0000;1;0;0;0;0;0;2;128.0000;-2391.0000;108.0000;272;270;312;0;0;19428
38494;277;0;0;240;250;235;85.0000;201.0000;135.0000;50.0000;7.0000;70.0000;1;0;0;0;0;0;2;128.0000;-2391.0000;108.0000;272;270;312;0;0;19428
38504;277;0;0;240;250;235;85.0000;201.0000;125.0000;50.0000;7.0000;70.0000;1;0;0;0;0;0;2;128.0000;-2391.0000;108.0000;272;270;312;0;0;19428
38515;277;0;0;240;250;235;85.0000;201.0000;125.0000;50.0000;7.0000;70.0000;1;0;0;0;0;0;2;128.0000;-2391.0000;108.0000;272;270;312;0;0;19428
38527;277;0;0;240;250;235;85.0000;201.0000;125.0000;50.0000;7.0000;70.0000;1;0;0;0;0;0;2;128.0000;-2391.0000;108.0000;272;270;312;0;0;19436
38538;277;0;0;240;250;235;85.0000;201.0000;125.0000;50.0000;7.0000;70.0000;1;0;0;0;0;0;2;128.0000;-2391.0000;108.0000;272;270;312;0;0;19436
38549;277;0;0;240;250;235;85.0000;201.0000;125.0000;50.0000;7.0000;70.0000;1;0;0;0;0;0;2;71.0000;-2391.0000;112.0000;272;270;312;0;0;19436
38561;277;0;0;240;250;235;85.0000;201.0000;125.0000;50.0000;7.0000;70.0000;1;0;0;0;0;1;2;71.0000;-2391.0000;112.0000;272;270;312;0;0;19436
38573;277;0;0;240;250;235;89.0000;201.0000;125.0000;50.0000;7.0000;70.0000;1;0;0;0;0;1;2;71.0000;-2391.0000;112.0000;272;270;312;0;0;19436
38583;277;0;0;240;250;235;89.0000;201.0000;125.0000;50.0000;7.0000;70.0000;1;0;0;0;0;1;2;71.0000;-2391.0000;112.0000;272;270;312;0;0;19436
38594;277;0;0;240;250;235;89.0000;0.0000;125.0000;50.0000;7.0000;70.0000;1;0;0;0;0;1;2;71.0000;-2391.0000;112.0000;272;270;312;0;0;19436
38605;277;0;0;240;250;235;89.0000;0.0000;119.0000;50.0000;7.0000;70.0000;1;0;0;0;0;1;2;71.0000;-2391.0000;112.0000;272;270;312;0;0;19436
38615;277;0;0;240;250;235;89.0000;0.0000;119.0000;50.0000;7.0000;70.0000;1;0;0;0;0;1;2;71.0000;-2391.0000;112.0000;272;270;312;0;0;19436
38626;277;0;0;240;250;235;89.0000;0.0000;119.0000;50.0000;7.0000;70.0000;1;0;0;0;0;1;2;71.0000;-2391.0000;112.0000;272;270;312;0;0;19436
38636;277;0;0;240;250;235;89.0000;0.0000;119.0000;50.0000;7.0000;70.0000;1;0;0;0;0;1;2;71.0000;-2391.0000;112.0000;272;270;312;0;0;19454
38646;277;0;0;240;250;235;89.0000;0.0000;119.0000;50.0000;7.0000;70.0000;1;0;0;0;0;1;2;85.0000;-2391.0000;112.0000;272;270;312;0;0;19454
38657;277;0;0;240;250;235;89.0000;0.0000;119.0000;50.0000;7.0000;70.0000;1;0;0;0;0;1;2;85.0000;-2391.0000;135.0000;272;270;312;0;0;19454
38668;277;0;0;240;250;235;89.0000;0.0000;119.0000;50.0000;7.0000;70.0000;1;0;0;0;0;1;2;85.0000;-2391.0000;135.0000;272;270;312;0;0;19454
38678;277;0;0;240;250;235;85.0000;0.0000;119.0000;50.0000;7.0000;70.0000;1;0;0;0;0;1;2;85.0000;-2391.0000;135.0000;272;270;312;0;0;19454
38689;277;0;0;240;250;235;85.0000;0.0000;119.0000;50.0000;7.0000;70.0000;1;0;0;0;0;1;2;85.0000;-2391.0000;135.0000;272;270;312;0;0;19454
38700;277;0;0;240;250;235;85.0000;-40.0000;125.0000;50.0000;7.0000;70.0000;1;0;0;0;0;1;2;85.0000;-2391.0000;135.0000;272;270;312;0;0;19454
38711;277;0;0;240;250;235;85.0000;-40.0000;125.0000;50.0000;7.0000;70.0000;1;0;0;0;0;1;2;85.0000;-2391.0000;135.0000;272;270;312;0;0;19454
38721;277;0;0;240;250;235;85.0000;-40.0000;125.0000;50.0000;7.0000;70.0000;1;0;0;0;0;1;2;85.0000;-2391.0000;135.0000;272;270;312;0;0;19454
38731;277;0;0;240;250;235;85.0000;-40.0000;125.0000;50.0000;7.0000;70.0000;1;0;0;0;0;1;2;85.0000;-2391.0000;135.0000;272;270;312;0;0;19454
38742;277;0;0;240;250;235;85.0000;-40.0000;125.0000;50.0000;7.0000;70.0000;1;0;0;0;0;1;2;85.0000;-2391.0000;135.0000;272;270;312;0;0;19454
38752;277;0;0;240;250;235;85.0000;-40.0000;125.0000;50.0000;7.0000;70.0000;1;0;0;0;0;1;2;85.0000;-2391.0000;78.0000;272;270;312;0;0;19454
38763;277;0;0;240;250;235;85.0000;-40.0000;125.0000;50.0000;7.0000;70.0000;1;0;0;0;0;1;2;85.0000;-2391.0000;78.0000;272;270;312;0;0;19454
38775;277;0;0;240;250;235;102.0000;-40.0000;125.0000;50.0000;7.0000;70.0000;1;0;0;0;0;1;2;85.0000;-2391.0000;78.0000;272;270;312;0;0;19454
38785;277;0;0;240;250;235;102.0000;-40.0000;125.0000;50.0000;7.0000;70.0000;1;0;0;0;0;1;2;85.0000;-2391.0000;78.0000;272;270;312;0;0;19454
38796;277;0;0;240;250;235;102.0000;161.0000;125.0000;50.0000;7.0000;70.0000;1;0;0;0;0;1;2;85.0000;-2391.0000;78.0000;272;270;312;0;0;19454
38806;277;0;0;240;250;235;102.0000;161.0000;88.0000;50.0000;7.0000;70.0000;1;0;0;0;0;1;2;85.0000;-2391.0000;78.0000;272;270;312;0;0;19454
38817;277;0;0;240;250;235;102.0000;161.0000;88.0000;50.0000;7.0000;70.0000;1;0;0;0;0;1;2;85.0000;-2391.0000;78.0000;272;270;312;0;0;19454
38827;277;0;0;240;250;235;102.0000;161.0000;88.0000;50.0000;7.0000;70.0000;1;0;0;0;0;1;2;85.0000;-2391.0000;78.0000;272;270;312;0;0;19454
38838;277;0;0;240;250;235;102.0000;161.0000;88.0000;50.0000;7.0000;70.0000;1;0;0;0;0;1;2;85.0000;-2391.0000;78.0000;272;270;312;0;0;19454
38849;277;0;0;240;250;235;102.0000;161.0000;88.0000;50.0000;7.0000;70.0000;1;0;0;0;0;1;2;128.0000;-2391.0000;78.0000;272;270;312;0;0;19454
38859;277;0;0;240;250;235;102.0000;161.0000;88.0000;50.0000;7.0000;70.0000;1;0;0;0;0;1;2;128.0000;-2391.0000;78.0000;272;270;312;0;0;19454
38870;277;0;0;240;250;235;102.0000;161.0000;88.0000;50.0000;7.0000;70.0000;1;0;0;0;0;1;2;128.0000;-2391.0000;78.0000;272;270;312;0;0;19454
38880;277;0;0;240;250;235;79.0000;161.0000;88.0000;50.0000;7.0000;70.0000;1;0;0;0;0;1;2;128.0000;-2391.0000;78.0000;272;270;312;0;0;19454
38891;277;0;0;240;250;235;79.0000;161.0000;88.0000;50.0000;7.0000;70.0000;1;0;0;0;0;1;2;128.0000;-2391.0000;78.0000;272;270;312;0;0;19454
38901;277;0;0;240;250;235;79.0000;161.0000;92.0000;50.0000;7.0000;70.0000;1;0;0;0;0;1;2;128.0000;-2391.0000;78.0000;272;270;312;0;0;19454
38912;277;0;0;240;250;235;79.0000;161.0000;92.0000;50.0000;7.0000;70.0000;1;0;0;0;0;1;2;128.0000;-2391.0000;78.0000;272;270;312;0;0;19454
38922;277;0;0;240;250;235;79.0000;161.0000;92.0000;50.0000;7.0000;70.0000;1;0;0;0;0;1;2;128.0000;-2391.0000;78.0000;272;270;312;0;0;19454
38933;277;0;0;240;250;235;79.0000;161.0000;92.0000;50.0000;7.0000;70.0000;1;0;0;0;0;1;2;128.0000;-2391.0000;78.0000;272;270;312;0;0;19454
38943;277;0;0;240;250;235;79.0000;161.0000;92.0000;50.0000;7.0000;70.0000;1;0;0;0;0;1;2;128.0000;-2391.0000;78.0000;272;270;312;0;0;19454
38955;277;0;0;240;250;235;79.0000;161.0000;92.0000;50.0000;7.0000;70.0000;1;0;0;0;0;1;2;135.0000;-2391.0000;115.0000;272;270;312;0;0;19454
38966;277;0;0;240;250;235;79.0000;161.0000;92.0000;50.0000;7.0000;70.0000;1;0;0;0;0;1;2;135.0000;-2391.0000;115.0000;272;270;312;0;0;19454
38976;277;0;0;240;250;235;99.0000;161.0000;92.0000;50.0000;7.0000;70.0000;1;0;0;0;0;1;2;135.0000;-2391.0000;115.0000;272;270;312;0;0;19454
38987;277;0;0;240;250;235;99.0000;161.0000;92.0000;50.0000;7.0000;70.0000;1;0;0;0;0;1;2;135.0000;-2391.0000;115.0000;272;270;312;0;0;19454
38997;277;0;0;240;250;235;99.0000;53.0000;92.0000;50.0000;7.0000;70.0000;1;0;0;0;0;1;2;135.0000;-2391.0000;115.0000;272;270;312;0;0;19454
39008;277;0;0;240;250;235;99.0000;53.0000;129.0000;50.0000;7.0000;70.0000;1;0;0;0;0;1;2;135.0000;-2391.0000;115.0000;272;270;312;0;0;19454
39018;277;0;0;240;250;235;99.0000;53.0000;129.0000;50.0000;7.0000;70.0000;1;0;0;0;0;1;2;135.0000;-2391.0000;115.0000;272;270;312;0;0;19454
39029;277;0;0;240;250;235;99.0000;53.0000;129.0000;50.0000;7.0000;70.0000;1;0;0;0;0;1;2;135.0000;-2391.0000;115.0000;272;270;312;0;0;19454
39039;277;0;0;240;250;235;99.0000;53.0000;129.0000;50.0000;7.0000;70.0000;1;0;0;0;0;1;2;135.0000;-2391.0000;115.0000;272;270;312;0;0;19454
39051;277;0;0;240;250;235;99.0000;53.0000;129.0000;50.0000;7.0000;70.0000;1;0;0;0;0;1;2;71.0000;-2391.0000;115.0000;272;270;312;0;0;19454
39061;277;0;0;240;250;235;99.0000;53.0000;129.0000;50.0000;7.0000;70.0000;1;0;0;0;0;1;2;71.0000;-2391.0000;68.0000;272;270;312;0;0;19454
39072;277;0;0;240;250;235;99.0000;53.0000;129.0000;50.0000;7.0000;70.0000;1;0;0;0;0;1;2;71.0000;-2391.0000;68.0000;272;270;312;0;0;19454
39082;277;0;0;240;250;235;72.0000;53.0000;129.0000;50.0000;7.0000;70.0000;1;0;0;0;0;1;2;71.0000;-2391.0000;68.0000;272;270;312;0;0;19454
39093;277;0;0;240;250;235;72.0000;53.0000;129.0000;50.0000;7.0000;70.0000;1;0;0;0;0;1;2;71.0000;-2391.0000;68.0000;272;270;312;0;0;19454
39103;277;0;0;240;250;235;72.0000;93.0000;95.0000;50.0000;7.0000;70.0000;1;0;0;0;0;1;2;71.0000;-2391.0000;68.0000;272;270;312;0;0;19454
39114;277;0;0;240;250;235;72.0000;93.0000;95.0000;50.0000;7.0000;70.0000;1;0;0;0;0;1;2;71.0000;-2391.0000;68.0000;272;270;312;0;0;19454
39124;277;0;0;240;250;235;72.0000;93.0000;95.0000;50.0000;7.0000;70.0000;1;0;0;0;0;1;2;71.0000;-2391.0000;68.0000;272;270;312;0;0;19454
39135;277;0;0;240;250;235;72.0000;93.0000;95.0000;50.0000;7.0000;70.0000;1;0;0;0;0;1;2;71.0000;-2391.0000;68.0000;272;270;312;0;0;19454
39145;277;0;0;240;250;235;72.0000;93.0000;95.0000;50.0000;7.0000;70.0000;1;0;0;0;0;1;2;71.0000;-2391.0000;68.0000;272;270;312;0;0;19440
39156;277;0;0;240;250;235;72.0000;93.0000;95.0000;50.0000;7.0000;70.0000;1;0;0;0;0;1;2;88.0000;-2391.0000;135.0000;272;270;312;0;0;19424
39166;277;0;0;240;250;235;72.0000;93.0000;95.0000;50.0000;7.0000;70.0000;1;0;0;0;0;1;2;88.0000;-2391.0000;135.0000;272;270;312;0;0;19424
39178;277;0;0;240;250;235;92.0000;93.0000;95.0000;50.0000;7.0000;70.0000;1;0;0;0;0;1;2;88.0000;-2391.0000;135.0000;272;270;312;0;0;19424
39188;277;0;0;240;250;235;92.0000;93.0000;95.0000;50.0000;7.0000;70.0000;1;0;0;0;0;1;2;88.0000;-2391.0000;135.0000;272;270;312;0;0;19424
39199;277;0;0;240;250;235;92.0000;93.0000;95.0000;50.0000;7.0000;70.0000;1;0;0;0;0;1;2;88.0000;-2391.0000;135.0000;272;270;312;0;0;19424
39210;277;0;0;240;250;235;92.0000;-26.0000;115.0000;50.0000;7.0000;70.0000;1;0;0;0;0;1;2;88.0000;-2391.0000;135.0000;272;270;312;0;0;19424
39220;277;0;0;240;250;235;92.0000;-26.0000;115.0000;50.0000;7.0000;70.0000;1;0;0;0;0;1;2;88.0000;-2391.0000;135.0000;272;270;312;0;0;19424
39231;277;0;0;240;250;235;92.0000;-26.0000;115.0000;50.0000;7.0000;70.0000;1;0;0;0;0;1;2;88.0000;-2391.0000;135.0000;272;270;312;0;0;19424
39241;277;0;0;240;250;235;92.0000;-26.0000;115.0000;50.0000;7.0000;70.0000;1;0;0;0;0;1;2;88.0000;-2391.0000;135.0000;272;270;312;0;0;19424
39251;277;0;0;240;250;235;92.0000;-26.0000;115.0000;50.0000;7.0000;70.0000;1;0;0;0;0;1;2;71.0000;-2391.0000;135.0000;272;270;312;0;0;19424
39262;277;0;0;240;250;235;92.0000;-26.0000;115.0000;40.0000;7.0000;70.0000;1;0;0;0;0;1;2;71.0000;-2391.0000;75.0000;272;270;312;0;0;19424
39272;277;0;0;240;250;235;92.0000;-26.0000;115.0000;40.0000;7.0000;70.0000;1;0;0;0;0;1;2;71.0000;-2391.0000;75.0000;272;270;312;0;0;19424
39283;277;0;0;240;250;235;68.0000;-26.0000;115.0000;40.0000;7.0000;70.0000;1;0;0;0;0;1;2;71.0000;-2391.0000;75.0000;272;270;312;0;0;19424
39295;277;0;0;240;250;235;68.0000;-26.0000;115.0000;40.0000;7.0000;70.0000;1;0;0;0;0;1;2;71.0000;-2391.0000;75.0000;272;270;312;0;0;19424
39305;277;0;0;240;250;235;68.0000;26.0000;108.0000;40.0000;7.0000;70.0000;1;0;0;0;0;1;2;71.0000;-2391.0000;75.0000;272;270;312;0;0;19424
39316;277;0;0;240;250;235;68.0000;26.0000;108.0000;40.0000;7.0000;70.0000;1;0;0;0;0;1;2;71.0000;-2391.0000;75.0000;272;270;312;0;0;19424
39326;277;0;0;240;250;235;68.0000;26.0000;108.0000;40.0000;7.0000;70.0000;1;0;0;0;0;1;2;71.0000;-2391.0000;75.0000;272;270;312;0;0;19424
39337;277;0;0;240;250;235;68.0000;26.0000;108.0000;40.0000;7.0000;70.0000;1;0;0;0;0;1;2;71.0000;-2391.0000;75.0000;272;270;312;0;0;19424
39347;277;0;0;240;250;235;68.0000;26.0000;108.0000;40.0000;7.0000;70.0000;1;0;0;0;0;1;2;71.0000;-2391.0000;75.0000;272;270;312;0;0;19424
39359;277;0;0;240;250;235;68.0000;26.0000;108.0000;40.0000;7.0000;70.0000;1;0;0;0;0;1;2;118.0000;-2391.0000;72.0000;272;270;312;0;0;19428
39369;277;0;0;240;250;235;68.0000;26.0000;108.0000;40.0000;7.0000;70.0000;1;0;0;0;0;1;2;118.0000;-2391.0000;72.0000;272;270;312;0;0;19428
39379;277;0;0;240;250;235;68.0000;26.0000;108.0000;40.0000;7.0000;70.0000;1;0;0;0;0;1;2;118.0000;-2391.0000;72.0000;272;270;312;0;0;19428
39390;277;0;0;240;250;235;92.0000;26.0000;108.0000;40.0000;7.0000;70.0000;1;0;0;0;0;1;2;118.0000;-2391.0000;72.0000;272;270;312;0;0;19428
39400;277;0;0;240;250;235;92.0000;40.0000;108.0000;40.0000;7.0000;70.0000;1;0;0;0;0;1;2;118.0000;-2391.0000;72.0000;272;270;312;0;0;19428
39411;277;0;0;240;250;235;92.0000;40.0000;129.0000;40.0000;7.0000;70.0000;1;0;0;0;0;1;2;118.0000;-2391.0000;72.0000;272;270;312;0;0;19428
39421;277;0;0;240;250;235;92.0000;40.0000;129.0000;40.0000;7.0000;70.0000;1;0;0;0;0;1;2;118.0000;-2391.0000;72.0000;272;270;312;0;0;19428
39432;277;0;0;240;250;235;92.0000;40.0000;129.0000;40.0000;7.0000;70.0000;1;0;0;0;0;1;2;118.0000;-2391.0000;72.0000;272;270;312;0;0;19428
39442;277;0;0;240;250;235;92.0000;40.0000;129.0000;40.0000;7.0000;70.0000;1;0;0;0;0;1;2;118.0000;-2391.0000;72.0000;272;270;312;0;0;19428
39453;277;0;0;240;250;235;92.0000;40.0000;129.0000;40.0000;7.0000;70.0000;1;0;0;0;0;1;2;118.0000;-2391.0000;72.0000;272;270;312;0;0;19428
39463;277;0;0;240;250;235;92.0000;40.0000;129.0000;40.0000;7.0000;70.0000;1;0;0;0;0;1;2;68.0000;-2391.0000;139.0000;272;270;312;0;0;19428
39474;277;0;0;240;250;235;92.0000;40.0000;129.0000;40.0000;7.0000;70.0000;1;0;0;0;0;1;2;68.0000;-2391.0000;139.0000;272;270;312;0;0;19428
39485;277;0;0;240;250;235;45.0000;40.0000;129.0000;40.0000;7.0000;70.0000;1;0;0;0;0;1;2;68.0000;-2391.0000;139.0000;272;270;312;0;0;19428
39496;277;0;0;240;250;235;45.0000;40.0000;129.0000;40.0000;7.0000;70.0000;1;0;0;0;0;1;2;68.0000;-2391.0000;139.0000;272;270;312;0;0;19428
39507;277;0;0;240;250;235;45.0000;-13.0000;88.0000;40.0000;7.0000;70.0000;1;0;0;0;0;1;2;68.0000;-2391.0000;139.0000;272;270;312;0;0;19428
39517;277;0;0;240;250;235;45.0000;-13.0000;88.0000;40.0000;7.0000;70.0000;1;0;0;0;0;1;2;68.0000;-2391.0000;139.0000;272;270;312;0;0;19428
39528;277;0;0;240;250;235;45.0000;-13.0000;88.0000;40.0000;7.0000;70.0000;1;0;0;0;0;1;2;68.0000;-2391.0000;139.0000;272;270;312;0;0;19428
39538;277;0;0;240;250;235;45.0000;-13.0000;88.0000;40.0000;7.0000;70.0000;1;0;0;0;0;1;2;68.0000;-2391.0000;139.0000;272;270;312;0;0;19428
39549;277;0;0;240;250;235;45.0000;-13.0000;88.0000;40.0000;7.0000;70.0000;1;0;0;0;0;1;2;68.0000;-2391.0000;139.0000;272;270;312;0;0;19428
39562;277;0;0;240;250;235;45.0000;-13.0000;88.0000;40.0000;7.0000;70.0000;1;0;0;0;0;1;2;71.0000;-2391.0000;139.0000;272;270;312;0;0;19428
39575;277;0;0;240;250;235;45.0000;-13.0000;88.0000;40.0000;7.0000;70.0000;1;0;0;0;0;1;2;71.0000;-2391.0000;129.0000;272;270;312;0;0;19428
39587;277;0;0;240;250;235;45.0000;-13.0000;88.0000;40.0000;7.0000;70.0000;1;0;0;0;0;1;2;71.0000;-2391.0000;129.0000;272;270;312;0;0;19454
39597;277;0;0;240;250;235;119.0000;-13.0000;88.0000;40.0000;7.0000;70.0000;1;0;0;0;0;1;2;71.0000;-2391.0000;129.0000;272;270;312;0;0;17406
39608;277;0;0;240;250;235;119.0000;80.0000;82.0000;40.0000;7.0000;70.0000;1;0;0;0;0;1;2;71.0000;-2391.0000;129.0000;272;270;312;0;0;17406
39619;277;0;0;240;250;235;119.0000;80.0000;82.0000;40.0000;7.0000;70.0000;1;0;0;0;0;1;2;71.0000;-2391.0000;129.0000;272;270;312;0;0;17406
39629;277;0;0;240;250;235;119.0000;80.0000;82.0000;40.0000;7.0000;70.0000;1;0;0;0;0;1;2;71.0000;-2391.0000;129.0000;272;270;312;0;0;17406
39639;277;0;0;240;250;235;119.0000;80.0000;82.0000;40.0000;7.0000;70.0000;1;0;0;0;0;1;2;71.0000;-2391.0000;129.0000;272;270;312;0;0;17406
39650;277;0;0;240;250;235;119.0000;80.0000;82.0000;40.0000;7.0000;70.0000;1;0;0;0;0;1;2;71.0000;-2391.0000;129.0000;272;270;312;0;0;17406
39660;277;0;0;240;250;235;119.0000;80.0000;82.0000;40.0000;7.0000;70.0000;1;0;0;0;0;1;2;98.0000;-2391.0000;129.0000;272;270;312;0;0;17406
39671;277;0;0;240;250;235;119.0000;80.0000;82.0000;40.0000;7.0000;70.0000;1;0;0;0;0;1;2;98.0000;-2391.0000;119.0000;272;270;312;0;0;17406
39681;277;0;0;240;250;235;119.0000;80.0000;82.0000;40.0000;7.0000;70.0000;1;0;0;0;0;1;2;98.0000;-2391.0000;119.0000;272;270;312;0;0;17406
39692;277;0;0;240;250;235;89.0000;80.0000;82.0000;40.0000;7.0000;70.0000;1;0;0;0;0;1;2;98.0000;-2391.0000;119.0000;272;270;312;0;0;17406
39703;277;0;0;240;250;235;89.0000;147.0000;82.0000;40.0000;7.0000;70.0000;1;0;0;0;0;1;2;98.0000;-2391.0000;119.0000;272;270;312;0;0;17406
39714;277;0;0;240;250;235;89.0000;147.0000;108.0000;40.0000;7.0000;70.0000;1;0;0;0;0;1;2;98.0000;-2391.0000;119.0000;272;270;312;0;0;17406
39724;277;0;0;240;250;235;89.0000;147.0000;108.0000;40.0000;7.0000;70.0000;1;0;0;0;0;1;2;98.0000;-2391.0000;119.0000;272;270;312;0;0;17406
39735;277;0;0;240;250;235;89.0000;147.0000;108.0000;40.0000;7.0000;70.0000;1;0;0;0;0;1;2;98.0000;-2391.0000;119.0000;272;270;312;0;0;17406
39745;277;0;0;240;250;235;89.0000;147.0000;108.0000;40.0000;7.0000;70.0000;1;0;0;0;0;1;2;98.0000;-2391.0000;119.0000;272;270;312;0;0;17406
39755;277;0;0;240;250;235;89.0000;147.0000;108.0000;40.0000;7.0000;70.0000;1;0;0;0;0;1;2;125.0000;-2391.0000;119.0000;272;270;312;0;0;17406
39766;277;0;0;240;250;235;89.0000;147.0000;108.0000;40.0000;7.0000;70.0000;1;0;0;0;0;1;2;125.0000;-2391.0000;122.0000;272;270;312;0;0;17406
39776;277;0;0;240;250;235;89.0000;147.0000;108.0000;40.0000;7.0000;70.0000;1;0;0;0;0;1;2;125.0000;-2391.0000;122.0000;272;270;312;0;0;17406
39787;277;0;0;240;250;235;89.0000;147.0000;108.0000;40.0000;7.0000;70.0000;1;0;0;0;0;1;2;125.0000;-2391.0000;122.0000;272;270;312;0;0;17406
39797;277;0;0;240;250;235;92.0000;147.0000;108.0000;40.0000;7.0000;70.0000;1;0;0;0;0;1;2;125.0000;-2391.0000;122.0000;272;270;312;0;0;17406
39808;277;0;0;240;250;235;92.0000;93.0000;108.0000;40.0000;7.0000;70.0000;1;0;0;0;0;1;2;125.0000;-2391.0000;122.0000;272;270;312;0;0;17406
39818;277;0;0;240;250;235;92.0000;93.0000;125.0000;40.0000;7.0000;70.0000;1;0;0;0;0;1;2;125.0000;-2391.0000;122.0000;272;270;312;0;0;17406
39829;277;0;0;240;250;235;92.0000;93.0000;125.0000;40.0000;7.0000;70.0000;1;0;0;0;0;1;2;125.0000;-2391.0000;122.0000;272;270;312;0;0;17406
39839;277;0;0;240;250;235;92.0000;93.0000;125.0000;40.0000;7.0000;70.0000;1;0;0;0;0;1;2;125.0000;-2391.0000;122.0000;272;270;312;0;0;17406
39850;277;0;0;240;250;235;92.0000;93.0000;125.0000;40.0000;7.0000;70.0000;1;0;0;0;0;1;2;125.0000;-2391.0000;122.0000;272;270;312;0;0;17406
39861;277;0;0;240;250;235;92.0000;93.0000;125.0000;40.0000;7.0000;70.0000;1;0;0;0;0;1;2;122.0000;-2391.0000;122.0000;272;270;312;0;0;17406
39872;277;0;0;240;250;235;92.0000;93.0000;125.0000;40.0000;7.0000;70.0000;1;0;0;0;0;1;2;122.0000;-2391.0000;122.0000;272;270;312;0;0;17406
39882;277;0;0;240;250;235;92.0000;93.0000;125.0000;40.0000;7.0000;70.0000;1;0;0;0;0;1;2;122.0000;-2391.0000;122.0000;272;270;312;0;0;17406
39893;277;0;0;240;250;235;92.0000;93.0000;125.0000;40.0000;7.0000;70.0000;1;0;0;0;0;1;2;122.0000;-2391.0000;122.0000;272;270;312;0;0;17406
39903;277;0;0;240;250;235;92.0000;93.0000;125.0000;40.0000;7.0000;70.0000;1;0;0;0;0;1;2;122.0000;-2391.0000;122.0000;272;270;312;0;0;17402
39914;277;0;0;240;250;235;92.0000;134.0000;132.0000;40.0000;7.0000;70.0000;1;0;0;0;0;1;2;122.0000;-2391.0000;122.0000;272;270;312;0;0;17402
39925;277;0;0;240;250;235;92.0000;134.0000;132.0000;40.0000;7.0000;70.0000;1;0;0;0;0;1;2;122.0000;-2391.0000;122.0000;272;270;312;0;0;17402
39935;277;0;0;240;250;235;92.0000;134.0000;132.0000;40.0000;7.0000;70.0000;1;0;0;0;0;1;2;122.0000;-2391.0000;122.0000;272;270;312;0;0;17402
39945;277;0;0;240;250;235;92.0000;134.0000;132.0000;40.0000;7.0000;70.0000;1;0;0;0;0;1;2;122.0000;-2391.0000;122.0000;272;270;312;0;0;17402
39956;277;0;0;240;250;235;92.0000;134.0000;132.0000;40.0000;7.0000;70.0000;1;0;0;0;0;1;2;125.0000;-2391.0000;122.0000;272;270;312;0;0;17402
39966;277;0;0;240;250;235;92.0000;134.0000;132.0000;40.0000;7.0000;70.0000;1;0;0;0;0;1;2;125.0000;-2391.0000;61.0000;272;270;312;0;0;17402
39977;277;0;0;240;250;235;92.0000;134.0000;132.0000;40.0000;7.0000;70.0000;1;0;0;0;0;1;2;125.0000;-2391.0000;61.0000;272;270;312;0;0;17402
39987;277;0;0;240;250;235;92.0000;134.0000;132.0000;40.0000;7.0000;70.0000;1;0;0;0;0;1;2;125.0000;-2391.0000;61.0000;272;270;312;0;0;17402
39999;277;0;0;240;250;235;85.0000;134.0000;132.0000;40.0000;7.0000;70.0000;1;0;0;0;0;1;2;125.0000;-2391.0000;61.0000;272;270;312;0;0;17402
40009;277;0;0;240;250;235;85.0000;161.0000;132.0000;40.0000;7.0000;70.0000;1;0;0;0;0;1;2;125.0000;-2391.0000;61.0000;272;270;312;0;0;17402
40020;277;0;0;240;250;235;85.0000;161.0000;139.0000;40.0000;7.0000;70.0000;1;0;0;0;0;1;2;125.0000;-2391.0000;61.0000;272;270;312;0;0;17402
40030;277;0;0;240;250;235;85.0000;161.0000;139.0000;40.0000;7.0000;70.0000;1;0;0;0;0;1;2;125.0000;-2391.0000;61.0000;272;270;312;0;0;17402
40041;277;0;0;240;250;235;85.0000;161.0000;139.0000;40.0000;7.0000;70.0000;1;0;0;0;0;1;2;125.0000;-2391.0000;61.0000;272;270;312;0;0;17402
40052;277;0;0;240;250;235;85.0000;161.0000;139.0000;40.0000;7.0000;70.0000;1;0;0;0;0;1;2;125.0000;-2391.0000;61.0000;272;270;312;0;0;17402
40063;277;0;0;240;250;235;85.0000;161.0000;139.0000;40.0000;7.0000;70.0000;1;0;0;0;0;1;2;125.0000;-2391.0000;112.0000;272;270;312;0;0;17402
40074;277;0;0;240;250;235;85.0000;161.0000;139.0000;40.0000;7.0000;70.0000;1;0;0;0;0;1;2;125.0000;-2391.0000;112.0000;272;270;312;0;0;17402
40085;277;0;0;240;250;235;85.0000;161.0000;139.0000;40.0000;7.0000;70.0000;1;0;0;0;0;1;2;125.0000;-2391.0000;112.0000;272;270;312;0;0;17402
40095;277;0;0;240;250;235;119.0000;161.0000;139.0000;40.0000;7.0000;70.0000;1;0;0;0;0;1;2;125.0000;-2391.0000;112.0000;272;270;312;0;0;17402
40106;277;0;0;240;250;235;119.0000;161.0000;139.0000;40.0000;7.0000;70.0000;1;0;0;0;0;1;2;125.0000;-2391.0000;112.0000;272;270;312;0;0;17376
40116;277;0;0;240;250;235;119.0000;-26.0000;122.0000;40.0000;7.0000;70.0000;1;0;0;0;0;1;2;125.0000;-2391.0000;112.0000;272;270;312;0;0;17376
40127;277;0;0;240;250;235;119.0000;-26.0000;122.0000;40.0000;7.0000;70.0000;1;0;0;0;0;1;2;125.0000;-2391.0000;112.0000;272;270;312;0;0;17376
40140;277;0;0;240;250;235;119.0000;-26.0000;122.0000;40.0000;7.0000;70.0000;1;0;0;0;0;1;2;125.0000;-2391.0000;112.0000;272;270;312;0;0;17376
40150;277;0;0;240;250;235;119.0000;-26.0000;122.0000;40.0000;7.0000;70.0000;1;0;0;0;0;1;2;125.0000;-2391.0000;112.0000;272;270;312;0;0;17376
40161;277;0;0;240;250;235;119.0000;-26.0000;122.0000;40.0000;7.0000;70.0000;1;0;0;0;0;1;2;65.0000;-2391.0000;112.0000;272;270;312;0;0;17376
40171;277;0;0;240;250;235;119.0000;-26.0000;122.0000;40.0000;7.0000;70.0000;1;0;0;0;0;1;2;65.0000;-2391.0000;88.0000;272;270;312;0;0;17376
40182;277;0;0;240;250;235;119.0000;-26.0000;122.0000;40.0000;7.0000;70.0000;1;0;0;0;0;1;2;65.0000;-2391.0000;88.0000;272;270;312;0;0;17376
40193;277;0;0;240;250;235;112.0000;-26.0000;122.0000;40.0000;7.0000;70.0000;1;0;0;0;0;1;2;65.0000;-2391.0000;88.0000;272;270;312;0;0;17376
40203;277;0;0;240;250;235;112.0000;-26.0000;122.0000;40.0000;7.0000;70.0000;1;0;0;0;0;1;2;65.0000;-2391.0000;88.0000;272;270;312;0;0;17376
40214;277;0;0;240;250;235;112.0000;120.0000;105.0000;40.0000;7.0000;70.0000;1;0;0;0;0;1;2;65.0000;-2391.0000;88.0000;272;270;312;0;0;17376
40225;277;0;0;240;250;235;112.0000;120.0000;105.0000;40.0000;7.0000;70.0000;1;0;0;0;0;1;2;65.0000;-2391.0000;88.0000;272;270;312;0;0;17376
40235;277;0;0;240;250;235;112.0000;120.0000;105.0000;40.0000;7.0000;70.0000;1;0;0;0;0;1;2;65.0000;-2391.0000;88.0000;272;270;312;0;0;17376
40246;277;0;0;240;250;235;112.0000;120.0000;105.0000;40.0000;7.0000;70.0000;1;0;0;0;0;1;2;65.0000;-2391.0000;88.0000;272;270;312;0;0;17376
40257;277;0;0;240;250;235;112.0000;120.0000;105.0000;40.0000;7.0000;70.0000;1;0;0;0;0;1;2;65.0000;-2391.0000;88.0000;272;270;312;0;0;17376
40268;277;0;0;240;250;235;112.0000;120.0000;105.0000;22.0000;7.0000;70.0000;1;0;0;0;0;1;2;125.0000;-2391.0000;135.0000;272;270;312;0;0;17376
40278;277;0;0;240;250;235;112.0000;120.0000;105.0000;22.0000;7.0000;70.0000;1;0;0;0;0;1;2;125.0000;-2391.0000;135.0000;272;270;312;0;0;17376
40288;277;0;0;240;250;235;112.0000;120.0000;105.0000;22.0000;7.0000;70.0000;1;0;0;0;0;1;2;125.0000;-2391.0000;135.0000;272;270;312;0;0;17376
40299;277;0;0;240;250;235;122.0000;120.0000;105.0000;22.0000;7.0000;70.0000;1;0;0;0;0;1;2;125.0000;-2391.0000;135.0000;272;270;312;0;0;17376
40310;277;0;0;240;250;235;122.0000;-40.0000;105.0000;22.0000;7.0000;70.0000;1;0;0;0;0;1;2;125.0000;-2391.0000;135.0000;272;270;312;0;0;17376
40320;277;0;0;240;250;235;122.0000;-40.0000;82.0000;22.0000;7.0000;70.0000;1;0;0;0;0;1;2;125.0000;-2391.0000;135.0000;272;270;312;0;0;17380
40331;277;0;0;240;250;235;122.0000;-40.0000;82.0000;22.0000;7.0000;70.0000;1;0;0;0;0;1;2;125.0000;-2391.0000;135.0000;272;270;312;0;0;17380
40341;277;0;0;240;250;235;122.0000;-40.0000;82.0000;22.0000;7.0000;70.0000;1;0;0;0;0;1;2;125.0000;-2391.0000;135.0000;272;270;312;0;0;17380
40352;277;0;0;240;250;235;122.0000;-40.0000;82.0000;22.0000;7.0000;70.0000;1;0;0;0;0;1;2;125.0000;-2391.0000;135.0000;272;270;312;0;0;17380
40363;277;0;0;240;250;235;122.0000;-40.0000;82.0000;22.0000;7.0000;70.0000;1;0;0;0;0;1;2;118.0000;-2391.0000;135.0000;272;270;312;0;0;17380
40373;277;0;0;240;250;235;122.0000;-40.0000;82.0000;22.0000;7.0000;70.0000;1;0;0;0;0;1;2;118.0000;-2391.0000;125.0000;272;270;312;0;0;17380
40384;277;0;0;240;250;235;122.0000;-40.0000;82.0000;22.0000;7.0000;70.0000;1;0;0;0;0;1;2;118.0000;-2391.0000;125.0000;272;270;312;0;0;17380
40395;277;0;0;240;250;235;105.0000;-40.0000;82.0000;22.0000;7.0000;70.0000;1;0;0;0;0;1;2;118.0000;-2391.0000;125.0000;272;270;312;0;0;17380
40405;277;0;0;240;250;235;105.0000;-40.0000;82.0000;22.0000;7.0000;70.0000;1;0;0;0;0;1;2;118.0000;-2391.0000;125.0000;272;270;312;0;0;17380
40419;277;0;0;240;250;235;105.0000;174.0000;82.0000;22.0000;7.0000;70.0000;1;0;0;0;0;1;2;118.0000;-2391.0000;125.0000;272;270;312;0;0;17380
40430;277;0;0;240;250;235;105.0000;174.0000;132.0000;22.0000;7.0000;70.0000;1;0;0;0;0;1;2;118.0000;-2391.0000;125.0000;272;270;312;0;0;17380
40440;277;0;0;240;250;235;105.0000;174.0000;132.0000;22.0000;7.0000;70.0000;1;0;0;0;0;1;2;118.0000;-2391.0000;125.0000;272;270;312;0;0;17380
40452;277;0;0;240;250;235;105.0000;174.0000;132.0000;22.0000;7.0000;70.0000;1;0;0;0;0;1;2;118.0000;-2391.0000;125.0000;272;270;312;0;0;17380
40462;277;0;0;240;250;235;105.0000;174.0000;132.0000;22.0000;7.0000;70.0000;1;0;0;0;0;1;2;108.0000;-2391.0000;125.0000;272;270;312;0;0;17380
40473;277;0;0;240;250;235;105.0000;174.0000;132.0000;22.0000;7.0000;70.0000;1;0;0;0;0;1;2;108.0000;-2391.0000;135.0000;272;270;312;0;0;17380
40484;277;0;0;240;250;235;105.0000;174.0000;132.0000;22.0000;7.0000;70.0000;1;0;0;0;0;1;2;108.0000;-2391.0000;135.0000;272;270;312;0;0;17380
40495;277;0;0;240;250;235;112.0000;174.0000;132.0000;22.0000;7.0000;70.0000;1;0;0;0;0;1;2;108.0000;-2391.0000;135.0000;272;270;312;0;0;17380
40506;277;0;0;240;250;235;112.0000;174.0000;132.0000;22.0000;7.0000;70.0000;1;0;0;0;0;1;2;108.0000;-2391.0000;135.0000;272;270;312;0;0;17380
40516;277;0;0;240;250;235;112.0000;134.0000;132.0000;22.0000;7.0000;70.0000;1;0;0;0;0;1;2;108.0000;-2391.0000;135.0000;272;270;312;0;0;17380
40527;277;0;0;240;250;235;112.0000;134.0000;129.0000;22.0000;7.0000;70.0000;1;0;0;0;0;1;2;108.0000;-2391.0000;135.0000;272;270;312;0;0;17380
40537;277;0;0;240;250;235;112.0000;134.0000;129.0000;22.0000;7.0000;70.0000;1;0;0;0;0;1;2;108.0000;-2391.0000;135.0000;272;270;312;0;0;17380
40548;277;0;0;240;250;235;112.0000;134.0000;129.0000;22.0000;7.0000;70.0000;1;0;0;0;0;1;2;108.0000;-2391.0000;135.0000;272;270;312;0;0;17380
40559;277;0;0;240;250;235;112.0000;134.0000;129.0000;22.0000;7.0000;70.0000;1;0;0;0;0;1;2;108.0000;-2391.0000;135.0000;272;270;312;0;0;17380
40571;277;0;0;240;250;235;112.0000;134.0000;129.0000;22.0000;7.0000;70.0000;1;0;0;0;0;1;2;125.0000;-2391.0000;72.0000;272;270;312;0;0;17380
40582;277;0;0;240;250;235;112.0000;134.0000;129.0000;22.0000;7.0000;70.0000;1;0;0;0;0;1;2;125.0000;-2391.0000;72.0000;272;270;312;0;0;17380
40592;277;0;0;240;250;235;112.0000;134.0000;129.0000;22.0000;7.0000;70.0000;1;0;0;0;0;1;2;125.0000;-2391.0000;72.0000;272;270;312;0;0;17380
40603;277;0;0;240;250;235;75.0000;134.0000;129.0000;22.0000;7.0000;70.0000;1;0;0;0;0;1;2;125.0000;-2391.0000;72.0000;272;270;312;0;0;17380
40614;277;0;0;240;250;235;75.0000;214.0000;129.0000;22.0000;7.0000;70.0000;1;0;0;0;0;1;2;125.0000;-2391.0000;72.0000;272;270;312;0;0;17380
40624;277;0;0;240;250;235;75.0000;214.0000;129.0000;22.0000;7.0000;70.0000;1;0;0;0;0;1;2;125.0000;-2391.0000;72.0000;272;270;312;0;0;17380
40635;277;0;0;240;250;235;75.0000;214.0000;129.0000;22.0000;7.0000;70.0000;1;0;0;0;0;1;2;125.0000;-2391.0000;72.0000;272;270;312;0;0;17406
40645;277;0;0;240;250;235;75.0000;214.0000;129.0000;22.0000;7.0000;70.0000;1;0;0;0;0;1;2;125.0000;-2391.0000;72.0000;272;270;312;0;0;17406
40656;277;0;0;240;250;235;75.0000;214.0000;129.0000;22.0000;7.0000;70.0000;1;0;0;0;0;1;2;125.0000;-2391.0000;72.0000;272;270;312;0;0;17406
40675;277;0;0;240;250;235;75.0000;214.0000;129.0000;22.0000;7.0000;70.0000;1;0;0;0;0;1;2;92.0000;-2391.0000;88.0000;272;270;312;0;0;17406
40685;277;0;0;240;250;235;75.0000;214.0000;129.0000;22.0000;7.0000;70.0000;1;0;0;0;0;1;2;92.0000;-2391.0000;88.0000;272;270;312;0;0;17406
40697;277;0;0;240;250;235;75.0000;214.0000;129.0000;22.0000;7.0000;70.0000;1;0;0;0;0;1;2;92.0000;-2391.0000;88.0000;272;270;312;0;0;17406
40709;277;0;0;240;250;235;75.0000;214.0000;129.0000;22.0000;7.0000;70.0000;1;0;0;0;0;1;2;92.0000;-2391.0000;88.0000;272;270;312;0;0;17406
40720;277;0;0;240;250;235;75.0000;0.0000;112.0000;22.0000;7.0000;70.0000;1;0;0;0;0;1;2;92.0000;-2391.0000;88.0000;272;270;312;0;0;17406
40732;277;0;0;240;250;235;75.0000;0.0000;112.0000;22.0000;7.0000;70.0000;1;0;0;0;0;1;2;92.0000;-2391.0000;88.0000;272;270;312;0;0;17406
40743;277;0;0;240;250;235;75.0000;0.0000;112.0000;22.0000;7.0000;70.0000;1;0;0;0;0;1;2;92.0000;-2391.0000;88.0000;272;270;312;0;0;17406
40753;277;0;0;240;250;235;75.0000;0.0000;112.0000;22.0000;7.0000;70.0000;1;0;0;0;0;1;2;92.0000;-2391.0000;88.0000;272;270;312;0;0;17406
40764;277;0;0;240;250;235;75.0000;0.0000;112.0000;22.0000;7.0000;70.0000;1;0;0;0;0;1;2;92.0000;-2391.0000;88.0000;272;270;312;0;0;17406
40775;277;0;0;240;250;235;75.0000;0.0000;112.0000;22.0000;7.0000;70.0000;1;0;0;0;0;1;2;92.0000;-2391.0000;125.0000;272;270;312;0;0;17406
40785;277;0;0;240;250;235;75.0000;0.0000;112.0000;22.0000;7.0000;70.0000;1;0;0;0;0;1;2;92.0000;-2391.0000;125.0000;272;270;312;0;0;17406
40797;277;0;0;240;250;235;75.0000;0.0000;112.0000;22.0000;7.0000;70.0000;1;0;0;0;0;1;2;92.0000;-2391.0000;125.0000;272;270;312;0;0;17406
40807;277;0;0;240;250;235;115.0000;0.0000;112.0000;22.0000;7.0000;70.0000;1;0;0;0;0;1;2;92.0000;-2391.0000;125.0000;272;270;312;0;0;17406
40818;277;0;0;240;250;235;115.0000;161.0000;112.0000;22.0000;7.0000;70.0000;1;0;0;0;0;1;2;92.0000;-2391.0000;125.0000;272;270;312;0;0;17406
40828;277;0;0;240;250;235;115.0000;161.0000;132.0000;22.0000;7.0000;70.0000;1;0;0;0;0;1;2;92.0000;-2391.0000;125.0000;272;270;312;0;0;17406
40839;277;0;0;240;250;235;115.0000;161.0000;132.0000;22.0000;7.0000;70.0000;1;0;0;0;0;1;2;92.0000;-2391.0000;125.0000;272;270;312;0;0;17406
40849;277;0;0;240;250;235;115.0000;161.0000;132.0000;22.0000;7.0000;70.0000;1;0;0;0;0;1;2;92.0000;-2391.0000;125.0000;272;270;312;0;0;17406
40860;277;0;0;240;250;235;115.0000;161.0000;132.0000;22.0000;7.0000;70.0000;1;0;0;0;0;1;2;92.0000;-2391.0000;125.0000;272;270;312;0;0;17406
40870;277;0;0;240;250;235;115.0000;161.0000;132.0000;22.0000;7.0000;70.0000;1;0;0;0;0;1;2;108.0000;-2391.0000;122.0000;272;270;312;0;0;17406
40881;277;0;0;240;250;235;115.0000;161.0000;132.0000;22.0000;7.0000;70.0000;1;0;0;0;0;1;2;108.0000;-2391.0000;122.0000;272;270;312;0;0;17406
40891;277;0;0;240;250;235;115.0000;161.0000;132.0000;22.0000;7.0000;70.0000;1;0;0;0;0;1;2;108.0000;-2391.0000;122.0000;272;270;312;0;0;17406
40901;277;0;0;240;250;235;126.0000;161.0000;132.0000;22.0000;7.0000;70.0000;1;0;0;0;0;1;2;108.0000;-2391.0000;122.0000;272;270;312;0;0;17406
40912;277;0;0;240;250;235;126.0000;161.0000;132.0000;22.0000;7.0000;70.0000;1;0;0;0;0;1;2;108.0000;-2391.0000;122.0000;272;270;312;0;0;17406
40922;277;0;0;240;250;235;126.0000;-13.0000;88.0000;22.0000;7.0000;70.0000;1;0;0;0;0;1;2;108.0000;-2391.0000;122.0000;272;270;312;0;0;17406
40933;277;0;0;240;250;235;126.0000;-13.0000;88.0000;22.0000;7.0000;70.0000;1;0;0;0;0;1;2;108.0000;-2391.0000;122.0000;272;270;312;0;0;17406
40943;277;0;0;240;250;235;126.0000;-13.0000;88.0000;22.0000;7.0000;70.0000;1;0;0;0;0;1;2;108.0000;-2391.0000;122.0000;272;270;312;0;0;17406
40954;277;0;0;240;250;235;126.0000;-13.0000;88.0000;22.0000;7.0000;70.0000;1;0;0;0;0;1;2;108.0000;-2391.0000;122.0000;272;270;312;0;0;17406
40964;277;0;0;240;250;235;126.0000;-13.0000;88.0000;22.0000;7.0000;70.0000;1;0;0;0;0;1;2;108.0000;-2391.0000;122.0000;272;270;312;0;0;17406
40975;277;0;0;240;250;235;126.0000;-13.0000;88.0000;22.0000;7.0000;70.0000;1;0;0;0;0;1;2;139.0000;-2391.0000;135.0000;272;270;312;0;0;17406
40985;277;0;0;240;250;235;126.0000;-13.0000;88.0000;22.0000;7.0000;70.0000;1;0;0;0;0;1;2;139.0000;-2391.0000;135.0000;272;270;312;0;0;17406
40996;277;0;0;240;250;235;126.0000;-13.0000;88.0000;22.0000;7.0000;70.0000;1;0;0;0;0;1;2;139.0000;-2391.0000;135.0000;272;270;312;0;0;17406
41006;277;0;0;240;250;235;82.0000;-13.0000;88.0000;22.0000;7.0000;70.0000;1;0;0;0;0;1;2;139.0000;-2391.0000;135.0000;272;270;312;0;0;17406
41017;277;0;0;240;250;235;82.0000;-107.0000;88.0000;22.0000;7.0000;70.0000;1;0;0;0;0;1;2;139.0000;-2391.0000;135.0000;272;270;312;0;0;17406
41029;277;0;0;240;250;235;82.0000;-107.0000;129.0000;22.0000;7.0000;70.0000;1;0;0;0;0;1;2;139.0000;-2391.0000;135.0000;272;270;312;0;0;17406
41040;277;0;0;240;250;235;82.0000;-107.0000;129.0000;22.0000;7.0000;70.0000;1;0;0;0;0;1;2;139.0000;-2391.0000;135.0000;272;270;312;0;0;17406
41051;277;0;0;240;250;235;82.0000;-107.0000;129.0000;22.0000;7.0000;70.0000;1;0;0;0;0;1;2;139.0000;-2391.0000;135.0000;272;270;312;0;0;17406
41061;277;0;0;240;250;235;82.0000;-107.0000;129.0000;22.0000;7.0000;70.0000;1;0;0;0;0;1;2;139.0000;-2391.0000;135.0000;272;270;312;0;0;17406
41072;277;0;0;240;250;235;82.0000;-107.0000;129.0000;22.0000;7.0000;70.0000;1;0;0;0;0;1;2;95.0000;-2391.0000;135.0000;272;270;312;0;0;17406
41083;277;0;0;240;250;235;82.0000;-107.0000;129.0000;22.0000;7.0000;70.0000;1;0;0;0;0;1;2;95.0000;-2391.0000;135.0000;272;270;312;0;0;17406
41094;277;0;0;240;250;235;82.0000;-107.0000;129.0000;22.0000;7.0000;70.0000;1;0;0;0;0;1;2;95.0000;-2391.0000;135.0000;272;270;312;0;0;17406
41105;277;0;0;240;250;235;122.0000;-107.0000;129.0000;22.0000;7.0000;70.0000;1;0;0;0;0;1;2;95.0000;-2391.0000;135.0000;272;270;312;0;0;17406
41116;277;0;0;240;250;235;122.0000;-107.0000;129.0000;22.0000;7.0000;70.0000;1;0;0;0;0;1;2;95.0000;-2391.0000;135.0000;272;270;312;0;0;17406
41126;277;0;0;240;250;235;122.0000;40.0000;105.0000;22.0000;7.0000;70.0000;1;0;0;0;0;1;2;95.0000;-2391.0000;135.0000;272;270;312;0;0;17406
41137;277;0;0;240;250;235;122.0000;40.0000;105.0000;22.0000;7.0000;70.0000;1;0;0;0;0;1;2;95.0000;-2391.0000;135.0000;272;270;312;0;0;17406
41147;277;0;0;240;250;235;122.0000;40.0000;105.0000;22.0000;7.0000;70.0000;1;0;0;0;0;1;2;95.0000;-2391.0000;135.0000;272;270;312;0;0;17376
41158;277;0;0;240;250;235;122.0000;40.0000;105.0000;22.0000;7.0000;70.0000;1;0;0;0;0;1;2;95.0000;-2391.0000;135.0000;272;270;312;0;0;17376
41169;277;0;0;240;250;235;122.0000;40.0000;105.0000;22.0000;7.0000;70.0000;1;0;0;0;0;1;2;118.0000;-2391.0000;135.0000;272;270;312;0;0;17376
41179;277;0;0;240;250;235;122.0000;40.0000;105.0000;22.0000;7.0000;70.0000;1;0;0;0;0;1;2;118.0000;-2391.0000;78.0000;272;270;312;0;0;17376
41190;277;0;0;240;250;235;122.0000;40.0000;105.0000;22.0000;7.0000;70.0000;1;0;0;0;0;1;2;118.0000;-2391.0000;78.0000;272;270;312;0;0;17376
41200;277;0;0;240;250;235;122.0000;40.0000;105.0000;22.0000;7.0000;70.0000;1;0;0;0;0;1;2;118.0000;-2391.0000;78.0000;272;270;312;0;0;17376
41211;277;0;0;240;250;235;122.0000;40.0000;105.0000;22.0000;7.0000;70.0000;1;0;0;0;0;1;2;118.0000;-2391.0000;78.0000;272;270;312;0;0;17376
41223;277;0;0;240;250;235;122.0000;161.0000;105.0000;22.0000;7.0000;70.0000;1;0;0;0;0;1;2;118.0000;-2391.0000;78.0000;272;270;312;0;0;17376
41233;277;0;0;240;250;235;122.0000;161.0000;82.0000;22.0000;7.0000;70.0000;1;0;0;0;0;1;2;118.0000;-2391.0000;78.0000;272;270;312;0;0;17376
41244;277;0;0;240;250;235;122.0000;161.0000;82.0000;22.0000;7.0000;70.0000;1;0;0;0;0;1;2;118.0000;-2391.0000;78.0000;272;270;312;0;0;17376
41254;277;0;0;240;250;235;122.0000;161.0000;82.0000;22.0000;7.0000;70.0000;1;0;0;0;0;1;2;118.0000;-2391.0000;78.0000;272;270;312;0;0;17376
41264;277;0;0;240;250;235;122.0000;161.0000;82.0000;22.0000;7.0000;70.0000;1;0;0;0;0;1;2;118.0000;-2391.0000;78.0000;272;270;312;0;0;17376
41275;277;0;0;240;250;235;122.0000;161.0000;82.0000;44.0000;7.0000;70.0000;1;0;0;0;0;1;2;95.0000;-2391.0000;78.0000;272;270;312;0;0;17376
41285;277;0;0;240;250;235;122.0000;161.0000;82.0000;44.0000;7.0000;70.0000;1;0;0;0;0;1;2;95.0000;-2391.0000;98.0000;272;270;312;0;0;17376
41296;277;0;0;240;250;235;122.0000;161.0000;82.0000;44.0000;7.0000;70.0000;1;0;0;0;0;1;2;95.0000;-2391.0000;98.0000;272;270;312;0;0;17376
41311;277;0;0;240;250;235;79.0000;161.0000;82.0000;44.0000;7.0000;70.0000;1;0;0;0;0;1;2;95.0000;-2391.0000;98.0000;272;270;312;0;0;17376
41322;277;0;0;240;250;235;79.0000;120.0000;82.0000;44.0000;7.0000;70.0000;1;0;0;0;0;1;2;95.0000;-2391.0000;98.0000;272;270;312;0;0;17376
41333;277;0;0;240;250;235;79.0000;120.0000;122.0000;44.0000;7.0000;70.0000;1;0;0;0;0;1;2;95.0000;-2391.0000;98.0000;272;270;312;0;0;17376
41343;277;0;0;240;250;235;79.0000;120.0000;122.0000;44.0000;7.0000;70.0000;1;0;0;0;0;1;2;95.0000;-2391.0000;98.0000;272;270;312;0;0;17376
41353;277;0;0;240;250;235;79.0000;120.0000;122.0000;44.0000;7.0000;70.0000;1;0;0;0;0;1;2;95.0000;-2391.0000;98.0000;272;270;312;0;0;17380
41364;277;0;0;240;250;235;79.0000;120.0000;122.0000;44.0000;7.0000;70.0000;1;0;0;0;0;1;2;95.0000;-2391.0000;98.0000;272;270;312;0;0;17380
41374;277;0;0;240;250;235;79.0000;120.0000;122.0000;44.0000;7.0000;70.0000;1;0;0;0;0;1;2;118.0000;-2391.0000;98.0000;272;270;312;0;0;17380
41385;277;0;0;240;250;235;79.0000;120.0000;122.0000;44.0000;7.0000;70.0000;1;0;0;0;0;1;2;118.0000;-2391.0000;72.0000;272;270;312;0;0;17380
41395;277;0;0;240;250;235;79.0000;120.0000;122.0000;44.0000;7.0000;70.0000;1;0;0;0;0;1;2;118.0000;-2391.0000;72.0000;272;270;312;0;0;17380
41406;277;0;0;240;250;235;126.0000;120.0000;122.0000;44.0000;7.0000;70.0000;1;0;0;0;0;1;2;118.0000;-2391.0000;72.0000;272;270;312;0;0;17380
41416;277;0;0;240;250;235;126.0000;120.0000;122.0000;44.0000;7.0000;70.0000;1;0;0;0;0;1;2;118.0000;-2391.0000;72.0000;272;270;312;0;0;17380
41427;277;0;0;240;250;235;126.0000;174.0000;98.0000;44.0000;7.0000;70.0000;1;0;0;0;0;1;2;118.0000;-2391.0000;72.0000;272;270;312;0;0;17380
41437;277;0;0;240;250;235;126.0000;174.0000;98.0000;44.0000;7.0000;70.0000;1;0;0;0;0;1;2;118.0000;-2391.0000;72.0000;272;270;312;0;0;17380
41448;277;0;0;240;250;235;126.0000;174.0000;98.0000;44.0000;7.0000;70.0000;1;0;0;0;0;1;2;118.0000;-2391.0000;72.0000;272;270;312;0;0;17380
41458;277;0;0;240;250;235;126.0000;174.0000;98.0000;44.0000;7.0000;70.0000;1;0;0;0;0;1;2;118.0000;-2391.0000;72.0000;272;270;312;0;0;17380
41469;277;0;0;240;250;235;126.0000;174.0000;98.0000;44.0000;7.0000;70.0000;1;0;0;0;0;1;2;75.0000;-2391.0000;72.0000;272;270;312;0;0;17380
41480;277;0;0;240;250;235;126.0000;174.0000;98.0000;44.0000;7.0000;70.0000;1;0;0;0;0;1;2;75.0000;-2391.0000;129.0000;272;270;312;0;0;17380
41491;277;0;0;240;250;235;126.0000;174.0000;98.0000;44.0000;7.0000;70.0000;1;0;0;0;0;1;2;75.0000;-2391.0000;129.0000;272;270;312;0;0;17380
41501;277;0;0;240;250;235;126.0000;174.0000;98.0000;44.0000;7.0000;70.0000;1;0;0;0;0;1;2;75.0000;-2391.0000;129.0000;272;270;312;0;0;17380
41511;277;0;0;240;250;235;102.0000;174.0000;98.0000;44.0000;7.0000;70.0000;1;0;0;0;0;1;2;75.0000;-2391.0000;129.0000;272;270;312;0;0;17380
41522;277;0;0;240;250;235;102.0000;161.0000;98.0000;44.0000;7.0000;70.0000;1;0;0;0;0;1;2;75.0000;-2391.0000;129.0000;272;270;312;0;0;17380
41532;277;0;0;240;250;235;102.0000;161.0000;92.0000;44.0000;7.0000;70.0000;1;0;0;0;0;1;2;75.0000;-2391.0000;129.0000;272;270;312;0;0;17380
41543;277;0;0;240;250;235;102.0000;161.0000;92.0000;44.0000;7.0000;70.0000;1;0;0;0;0;1;2;75.0000;-2391.0000;129.0000;272;270;312;0;0;17380
41555;277;0;0;240;250;235;102.0000;161.0000;92.0000;44.0000;7.0000;70.0000;1;0;0;0;0;1;2;75.0000;-2391.0000;129.0000;272;270;312;0;0;17380
41566;277;0;0;240;250;235;102.0000;161.0000;92.0000;44.0000;7.0000;70.0000;1;0;0;0;0;1;2;75.0000;-2391.0000;129.0000;272;270;312;0;0;17388
41576;277;0;0;240;250;235;102.0000;161.0000;92.0000;44.0000;7.0000;70.0000;1;0;0;0;0;1;2;108.0000;-2391.0000;129.0000;272;270;312;0;0;17388
41587;277;0;0;240;250;235;102.0000;161.0000;92.0000;44.0000;7.0000;70.0000;1;0;0;0;0;1;2;108.0000;-2391.0000;68.0000;272;270;312;0;0;17388
41598;277;0;0;240;250;235;102.0000;161.0000;92.0000;44.0000;7.0000;70.0000;1;0;0;0;0;1;2;108.0000;-2391.0000;68.0000;272;270;315;0;0;17388
41608;277;0;0;240;250;235;122.0000;161.0000;92.0000;44.0000;7.0000;70.0000;1;0;0;0;0;1;2;108.0000;-2391.0000;68.0000;272;270;315;0;0;17388
41619;277;0;0;240;250;235;122.0000;161.0000;92.0000;44.0000;7.0000;70.0000;1;0;0;0;0;1;2;108.0000;-2391.0000;68.0000;272;270;315;0;0;17388
41629;277;0;0;240;250;235;122.0000;120.0000;125.0000;44.0000;7.0000;70.0000;1;0;0;0;0;1;2;108.0000;-2391.0000;68.0000;272;270;315;0;0;17388
41640;277;0;0;240;250;235;122.0000;120.0000;125.0000;44.0000;7.0000;70.0000;1;0;0;0;0;1;2;108.0000;-2391.0000;68.0000;272;270;315;0;0;17388
41650;277;0;0;240;250;235;122.0000;120.0000;125.0000;44.0000;7.0000;70.0000;1;0;0;0;0;1;2;108.0000;-2391.0000;68.0000;272;270;315;0;0;17388
41660;277;0;0;240;250;235;122.0000;120.0000;125.0000;44.0000;7.0000;70.0000;1;0;0;0;0;1;2;108.0000;-2391.0000;68.0000;272;270;315;0;0;17388
41671;277;0;0;240;250;235;122.0000;120.0000;125.0000;44.0000;7.0000;70.0000;1;0;0;0;0;1;2;95.0000;-2391.0000;68.0000;272;270;315;0;0;17406
41682;277;0;0;240;250;235;122.0000;120.0000;125.0000;44.0000;7.0000;70.0000;1;0;0;0;0;1;2;95.0000;-2391.0000;68.0000;272;270;315;0;0;17406
41692;277;0;0;240;250;235;122.0000;120.0000;125.0000;44.0000;7.0000;70.0000;1;0;0;0;0;1;2;95.0000;-2391.0000;132.0000;272;270;315;0;0;17406
41703;277;0;0;240;250;235;122.0000;120.0000;125.0000;44.0000;7.0000;70.0000;1;0;0;0;0;1;2;95.0000;-2391.0000;132.0000;272;270;315;0;0;17406
41713;277;0;0;240;250;235;126.0000;120.0000;125.0000;44.0000;7.0000;70.0000;1;0;0;0;0;1;2;95.0000;-2391.0000;132.0000;272;270;315;0;0;17406
41724;277;0;0;240;250;235;126.0000;67.0000;125.0000;44.0000;7.0000;70.0000;1;0;0;0;0;1;2;95.0000;-2391.0000;132.0000;272;270;315;0;0;17406
41734;277;0;0;240;250;235;126.0000;67.0000;132.0000;44.0000;7.0000;70.0000;1;0;0;0;0;1;2;95.0000;-2391.0000;132.0000;272;270;315;0;0;17406
41745;277;0;0;240;250;235;126.0000;67.0000;132.0000;44.0000;7.0000;70.0000;1;0;0;0;0;1;2;95.0000;-2391.0000;132.0000;272;270;315;0;0;17406
41755;277;0;0;240;250;235;126.0000;67.0000;132.0000;44.0000;7.0000;70.0000;1;0;0;0;0;1;2;95.0000;-2391.0000;132.0000;272;270;315;0;0;17406
41765;277;0;0;240;250;235;126.0000;67.0000;132.0000;44.0000;7.0000;70.0000;1;0;0;0;0;1;2;95.0000;-2391.0000;132.0000;272;270;315;0;0;17406
41776;277;0;0;240;250;235;126.0000;67.0000;132.0000;44.0000;7.0000;70.0000;1;0;0;0;0;1;2;135.0000;-2391.0000;132.0000;272;270;315;0;0;17406
41786;277;0;0;240;250;235;126.0000;67.0000;132.0000;44.0000;7.0000;70.0000;1;0;0;0;0;1;2;135.0000;-2391.0000;132.0000;272;270;315;0;0;17406
41797;277;0;0;240;250;235;126.0000;67.0000;132.0000;44.0000;7.0000;70.0000;1;0;0;0;0;1;2;135.0000;-2391.0000;132.0000;272;270;315;0;0;17406
41808;277;0;0;240;250;235;119.0000;67.0000;132.0000;44.0000;7.0000;70.0000;1;0;0;0;0;1;2;135.0000;-2391.0000;132.0000;272;270;315;0;0;17406
41818;277;0;0;240;250;235;119.0000;67.0000;132.0000;44.0000;7.0000;70.0000;1;0;0;0;0;1;2;135.0000;-2391.0000;132.0000;272;270;315;0;0;17406
41829;277;0;0;240;250;235;119.0000;-26.0000;132.0000;44.0000;7.0000;70.0000;1;0;0;0;0;1;2;135.0000;-2391.0000;132.0000;272;270;315;0;0;17406
41839;277;0;0;240;250;235;119.0000;-26.0000;125.0000;44.0000;7.0000;70.0000;1;0;0;0;0;1;2;135.0000;-2391.0000;132.0000;272;270;315;0;0;17406
41850;277;0;0;240;250;235;119.0000;-26.0000;125.0000;44.0000;7.0000;70.0000;1;0;0;0;0;1;2;135.0000;-2391.0000;132.0000;272;270;315;0;0;17406
41860;277;0;0;240;250;235;119.0000;-26.0000;125.0000;44.0000;7.0000;70.0000;1;0;0;0;0;1;2;135.0000;-2391.0000;132.0000;272;270;315;0;0;17406
41872;277;0;0;240;250;235;119.0000;-26.0000;125.0000;44.0000;7.0000;70.0000;1;0;0;0;0;1;2;135.0000;-2391.0000;132.0000;272;270;315;0;0;17406
41883;277;0;0;240;250;235;119.0000;-26.0000;125.0000;44.0000;7.0000;70.0000;1;0;0;0;0;1;2;88.0000;-2391.0000;132.0000;272;270;315;0;0;17406
41894;277;0;0;240;250;235;119.0000;-26.0000;125.0000;44.0000;7.0000;70.0000;1;0;0;0;0;1;2;88.0000;-2391.0000;82.0000;272;270;315;0;0;17406
41905;277;0;0;240;250;235;119.0000;-26.0000;125.0000;44.0000;7.0000;70.0000;1;0;0;0;0;1;2;88.0000;-2391.0000;82.0000;272;270;315;0;0;17406
41916;277;0;0;240;250;235;119.0000;-26.0000;125.0000;44.0000;7.0000;70.0000;1;0;0;0;0;1;2;88.0000;-2391.0000;82.0000;272;270;315;0;0;17406
41927;277;0;0;240;250;235;105.0000;-26.0000;125.0000;44.0000;7.0000;70.0000;1;0;0;0;0;1;2;88.0000;-2391.0000;82.0000;272;270;315;0;0;17406
41937;277;0;0;240;250;235;105.0000;107.0000;132.0000;44.0000;7.0000;70.0000;1;0;0;0;0;1;2;88.0000;-2391.0000;82.0000;272;270;315;0;0;17406
41948;277;0;0;240;250;235;105.0000;107.0000;132.0000;44.0000;7.0000;70.0000;1;0;0;0;0;1;2;88.0000;-2391.0000;82.0000;272;270;315;0;0;17406
41958;277;0;0;240;250;235;105.0000;107.0000;132.0000;44.0000;7.0000;70.0000;1;0;0;0;0;1;2;88.0000;-2391.0000;82.0000;272;270;315;0;0;17406
41969;277;0;0;240;250;235;105.0000;107.0000;132.0000;44.0000;7.0000;70.0000;1;0;0;0;0;1;2;88.0000;-2391.0000;82.0000;272;270;315;0;0;17406
41979;277;0;0;240;250;235;105.0000;107.0000;132.0000;44.0000;7.0000;70.0000;1;0;0;0;0;1;2;55.0000;-2391.0000;82.0000;272;270;315;0;0;17406
41989;277;0;0;240;250;235;105.0000;107.0000;132.0000;44.0000;7.0000;70.0000;1;0;0;0;0;1;2;55.0000;-2391.0000;68.0000;272;270;315;0;0;17406
42000;277;0;0;240;250;235;105.0000;107.0000;132.0000;44.0000;7.0000;70.0000;1;0;0;0;0;1;2;55.0000;-2391.0000;68.0000;272;270;315;0;0;17406
42010;277;0;0;240;250;235;122.0000;107.0000;132.0000;44.0000;7.0000;70.0000;1;0;0;0;0;1;2;55.0000;-2391.0000;68.0000;272;270;315;0;0;17406
42021;277;0;0;240;250;235;122.0000;107.0000;132.0000;44.0000;7.0000;70.0000;1;0;0;0;0;1;2;55.0000;-2391.0000;68.0000;272;270;315;0;0;17406
42031;277;0;0;240;250;235;122.0000;80.0000;78.0000;44.0000;7.0000;70.0000;1;0;0;0;0;1;2;55.0000;-2391.0000;68.0000;272;270;315;0;0;17406
42042;277;0;0;240;250;235;122.0000;80.0000;78.0000;44.0000;7.0000;70.0000;1;0;0;0;0;1;2;55.0000;-2391.0000;68.0000;272;270;315;0;0;17406
42053;277;0;0;240;250;235;122.0000;80.0000;78.0000;44.0000;7.0000;70.0000;1;0;0;0;0;1;2;55.0000;-2391.0000;68.0000;272;270;315;0;0;17406
42064;277;0;0;240;250;235;122.0000;80.0000;78.0000;44.0000;7.0000;70.0000;1;0;0;0;0;1;2;55.0000;-2391.0000;68.0000;272;270;315;0;0;17406
42075;277;0;0;240;250;235;122.0000;80.0000;78.0000;44.0000;7.0000;70.0000;1;0;0;0;0;1;2;102.0000;-2391.0000;68.0000;272;270;315;0;0;17406
42087;277;0;0;240;250;235;122.0000;80.0000;78.0000;44.0000;7.0000;70.0000;1;0;0;0;0;1;2;102.0000;-2391.0000;68.0000;272;270;315;0;0;17406
42097;277;0;0;240;250;235;122.0000;80.0000;78.0000;44.0000;7.0000;70.0000;1;0;0;0;0;1;2;102.0000;-2391.0000;75.0000;272;270;315;0;0;17376
42108;277;0;0;240;250;235;122.0000;80.0000;78.0000;44.0000;7.0000;70.0000;1;0;0;0;0;1;2;102.0000;-2391.0000;75.0000;272;270;315;0;0;17376
42118;277;0;0;240;250;235;119.0000;80.0000;78.0000;44.0000;7.0000;70.0000;1;0;0;0;0;1;2;102.0000;-2391.0000;75.0000;272;270;315;0;0;17376
42130;277;0;0;240;250;235;119.0000;13.0000;78.0000;44.0000;7.0000;70.0000;1;0;0;0;0;1;2;102.0000;-2391.0000;75.0000;272;270;315;0;0;17376
42140;277;0;0;240;250;235;119.0000;13.0000;92.0000;44.0000;7.0000;70.0000;1;0;0;0;0;1;2;102.0000;-2391.0000;75.0000;272;270;315;0;0;17376
42151;277;0;0;240;250;235;119.0000;13.0000;92.0000;44.0000;7.0000;70.0000;1;0;0;0;0;1;2;102.0000;-2391.0000;75.0000;272;270;315;0;0;17376
42161;277;0;0;240;250;235;119.0000;13.0000;92.0000;44.0000;7.0000;70.0000;1;0;0;0;0;1;2;102.0000;-2391.0000;75.0000;272;270;315;0;0;17376
42172;277;0;0;240;250;235;119.0000;13.0000;92.0000;44.0000;7.0000;70.0000;1;0;0;0;0;1;2;112.0000;-2391.0000;75.0000;272;270;315;0;0;17376
42182;277;0;0;240;250;235;119.0000;13.0000;92.0000;44.0000;7.0000;70.0000;1;0;0;0;0;1;2;112.0000;-2391.0000;75.0000;272;270;315;0;0;17376
42193;277;0;0;240;250;235;119.0000;13.0000;92.0000;44.0000;7.0000;70.0000;1;0;0;0;0;1;2;112.0000;-2391.0000;75.0000;272;270;315;0;0;17376
42204;277;0;0;240;250;235;119.0000;13.0000;92.0000;44.0000;7.0000;70.0000;1;0;0;0;0;1;2;112.0000;-2391.0000;75.0000;272;270;315;0;0;17376
42215;277;0;0;240;250;235;122.0000;13.0000;92.0000;44.0000;7.0000;70.0000;1;0;0;0;0;1;2;112.0000;-2391.0000;75.0000;272;270;315;0;0;17376
42228;277;0;0;240;250;235;122.0000;13.0000;92.0000;44.0000;7.0000;70.0000;1;0;0;0;0;1;2;112.0000;-2391.0000;75.0000;272;270;315;0;0;17376
42238;277;0;0;240;250;235;122.0000;161.0000;82.0000;44.0000;7.0000;70.0000;1;0;0;0;0;1;2;112.0000;-2391.0000;75.0000;272;270;315;0;0;17376
42248;277;0;0;240;250;235;122.0000;161.0000;82.0000;44.0000;7.0000;70.0000;1;0;0;0;0;1;2;112.0000;-2391.0000;75.0000;272;270;315;0;0;17376
42259;277;0;0;240;250;235;122.0000;161.0000;82.0000;44.0000;7.0000;70.0000;1;0;0;0;0;1;2;112.0000;-2391.0000;75.0000;272;270;315;0;0;17376
42269;277;0;0;240;250;235;122.0000;161.0000;82.0000;44.0000;7.0000;70.0000;1;0;0;0;0;1;2;112.0000;-2391.0000;75.0000;272;270;315;0;0;17376
42280;277;0;0;240;250;235;122.0000;161.0000;82.0000;40.0000;7.0000;70.0000;1;0;0;0;0;1;2;122.0000;-2391.0000;75.0000;272;270;315;0;0;17376
42290;277;0;0;240;250;235;122.0000;161.0000;82.0000;40.0000;7.0000;70.0000;1;0;0;0;0;1;2;122.0000;-2391.0000;115.0000;272;270;315;0;0;17376
42301;277;0;0;240;250;235;122.0000;161.0000;82.0000;40.0000;7.0000;70.0000;1;0;0;0;0;1;2;122.0000;-2391.0000;115.0000;272;270;315;0;0;17376
42311;277;0;0;240;250;235;109.0000;161.0000;82.0000;40.0000;7.0000;70.0000;1;0;0;0;0;1;2;122.0000;-2391.0000;115.0000;272;270;315;0;0;17376
42322;277;0;0;240;250;235;109.0000;161.0000;82.0000;40.0000;7.0000;70.0000;1;0;0;0;0;1;2;122.0000;-2391.0000;115.0000;272;270;315;0;0;17376
42333;277;0;0;240;250;235;109.0000;-13.0000;88.0000;40.0000;7.0000;70.0000;1;0;0;0;0;1;2;122.0000;-2391.0000;115.0000;272;270;315;0;0;17376
42344;277;0;0;240;250;235;109.0000;-13.0000;88.0000;40.0000;7.0000;70.0000;1;0;0;0;0;1;2;122.0000;-2391.0000;115.0000;272;270;315;0;0;17376
42354;277;0;0;240;250;235;109.0000;-13.0000;88.0000;40.0000;7.0000;70.0000;1;0;0;0;0;1;2;122.0000;-2391.0000;115.0000;272;270;315;0;0;17376
42365;277;0;0;240;250;235;109.0000;-13.0000;88.0000;40.0000;7.0000;70.0000;1;0;0;0;0;1;2;122.0000;-2391.0000;115.0000;272;270;315;0;0;17376
42376;277;0;0;240;250;235;109.0000;-13.0000;88.0000;40.0000;7.0000;70.0000;1;0;0;0;0;1;2;128.0000;-2391.0000;115.0000;272;270;315;0;0;17376
42451;277;0;0;240;250;235;119.0000;-13.0000;132.0000;40.0000;7.0000;70.0000;1;0;0;0;0;1;2;128.0000;-2391.0000;61.0000;272;270;315;0;0;17380
42461;277;0;0;240;250;235;119.0000;-13.0000;132.0000;40.0000;7.0000;70.0000;1;0;0;0;0;1;2;128.0000;-2391.0000;61.0000;272;270;315;0;0;17380
42474;277;0;0;240;250;235;119.0000;-13.0000;132.0000;40.0000;7.0000;70.0000;1;0;0;0;0;1;2;105.0000;-2391.0000;61.0000;272;270;315;0;0;17380
42485;277;0;0;240;250;235;119.0000;-13.0000;132.0000;40.0000;7.0000;70.0000;1;0;0;0;0;1;2;105.0000;-2391.0000;61.0000;272;270;315;0;0;17380
42495;277;0;0;240;250;235;119.0000;-13.0000;132.0000;40.0000;7.0000;70.0000;1;0;0;0;0;1;2;105.0000;-2391.0000;72.0000;272;270;315;0;0;17380
42506;277;0;0;240;250;235;119.0000;-13.0000;132.0000;40.0000;7.0000;70.0000;1;0;0;0;0;1;2;105.0000;-2391.0000;72.0000;272;270;315;0;0;17380
42516;277;0;0;240;250;235;92.0000;-13.0000;132.0000;40.0000;7.0000;70.0000;1;0;0;0;0;1;2;105.0000;-2391.0000;72.0000;272;270;315;0;0;17380
42527;277;0;0;240;250;235;92.0000;-13.0000;132.0000;40.0000;7.0000;70.0000;1;0;0;0;0;1;2;105.0000;-2391.0000;72.0000;272;270;315;0;0;17380
42537;277;0;0;240;250;235;92.0000;53.0000;82.0000;40.0000;7.0000;70.0000;1;0;0;0;0;1;2;105.0000;-2391.0000;72.0000;272;270;315;0;0;17380
42548;277;0;0;240;250;235;92.0000;53.0000;82.0000;40.0000;7.0000;70.0000;1;0;0;0;0;1;2;105.0000;-2391.0000;72.0000;272;270;315;0;0;17380
42558;277;0;0;240;250;235;92.0000;53.0000;82.0000;40.0000;7.0000;70.0000;1;0;0;0;0;1;2;105.0000;-2391.0000;72.0000;272;270;315;0;0;17380
42569;277;0;0;240;250;235;92.0000;53.0000;82.0000;40.0000;7.0000;70.0000;1;0;0;0;0;1;2;105.0000;-2391.0000;72.0000;272;270;315;0;0;17380
42579;277;0;0;240;250;235;92.0000;53.0000;82.0000;40.0000;7.0000;70.0000;1;0;0;0;0;1;2;132.0000;-2391.0000;72.0000;272;270;315;0;0;17380
42590;277;0;0;240;250;235;92.0000;53.0000;82.0000;40.0000;7.0000;70.0000;1;0;0;0;0;1;2;132.0000;-2391.0000;72.0000;272;270;315;0;0;17380
42601;277;0;0;240;250;235;92.0000;53.0000;82.0000;40.0000;7.0000;70.0000;1;0;0;0;0;1;2;132.0000;-2391.0000;72.0000;272;270;315;0;0;17380
42611;277;0;0;240;250;235;92.0000;53.0000;82.0000;40.0000;7.0000;70.0000;1;0;0;0;0;1;2;132.0000;-2391.0000;72.0000;272;270;315;0;0;17406
42622;277;0;0;240;250;235;72.0000;53.0000;82.0000;40.0000;7.0000;70.0000;1;0;0;0;0;1;2;132.0000;-2391.0000;72.0000;272;270;315;0;0;17406
42632;277;0;0;240;250;235;72.0000;0.0000;82.0000;40.0000;7.0000;70.0000;1;0;0;0;0;1;2;132.0000;-2391.0000;72.0000;272;270;315;0;0;17406
42643;277;0;0;240;250;235;72.0000;0.0000;105.0000;40.0000;7.0000;70.0000;1;0;0;0;0;1;2;132.0000;-2391.0000;72.0000;272;270;315;0;0;17406
42654;277;0;0;240;250;235;72.0000;0.0000;105.0000;40.0000;7.0000;70.0000;1;0;0;0;0;1;2;132.0000;-2391.0000;72.0000;272;270;315;0;0;17406
42664;277;0;0;240;250;235;72.0000;0.0000;105.0000;40.0000;7.0000;70.0000;1;0;0;0;0;1;2;132.0000;-2391.0000;72.0000;272;270;315;0;0;17406
42675;277;0;0;240;250;235;72.0000;0.0000;105.0000;40.0000;7.0000;70.0000;1;0;0;0;0;1;2;132.0000;-2391.0000;72.0000;272;270;315;0;0;17406
42686;277;0;0;240;250;235;72.0000;0.0000;105.0000;40.0000;7.0000;70.0000;1;0;0;0;0;1;2;115.0000;-2391.0000;72.0000;272;270;315;0;0;17406
42697;277;0;0;240;250;235;72.0000;0.0000;105.0000;40.0000;7.0000;70.0000;1;0;0;0;0;1;2;115.0000;-2391.0000;125.0000;272;270;315;0;0;17406
42707;277;0;0;240;250;235;72.0000;0.0000;105.0000;40.0000;7.0000;70.0000;1;0;0;0;0;1;2;115.0000;-2391.0000;125.0000;272;270;315;0;0;17406
42718;277;0;0;240;250;235;85.0000;0.0000;105.0000;40.0000;7.0000;70.0000;1;0;0;0;0;1;2;115.0000;-2391.0000;125.0000;272;270;315;0;0;17406
42728;277;0;0;240;250;235;85.0000;0.0000;105.0000;40.0000;7.0000;70.0000;1;0;0;0;0;1;2;115.0000;-2391.0000;125.0000;272;270;315;0;0;17406
42739;277;0;0;240;250;235;85.0000;93.0000;122.0000;40.0000;7.0000;70.0000;1;0;0;0;0;1;2;115.0000;-2391.0000;125.0000;272;270;315;0;0;17406
42749;277;0;0;240;250;235;85.0000;93.0000;122.0000;40.0000;7.0000;70.0000;1;0;0;0;0;1;2;115.0000;-2391.0000;125.0000;272;270;315;0;0;17406
42760;277;0;0;240;250;235;85.0000;93.0000;122.0000;40.0000;7.0000;70.0000;1;0;0;0;0;1;2;115.0000;-2391.0000;125.0000;272;270;315;0;0;17406
42770;277;0;0;240;250;235;85.0000;93.0000;122.0000;40.0000;7.0000;70.0000;1;0;0;0;0;1;2;115.0000;-2391.0000;125.0000;272;270;315;0;0;17406
42781;277;0;0;240;250;235;85.0000;93.0000;122.0000;40.0000;7.0000;70.0000;1;0;0;0;0;1;2;128.0000;-2391.0000;125.0000;272;270;315;0;0;17406
42792;277;0;0;240;250;235;85.0000;93.0000;122.0000;40.0000;7.0000;70.0000;1;0;0;0;0;1;2;128.0000;-2391.0000;125.0000;272;270;315;0;0;17406
42802;277;0;0;240;250;235;85.0000;93.0000;122.0000;40.0000;7.0000;70.0000;1;0;0;0;0;1;2;128.0000;-2391.0000;78.0000;272;270;315;0;0;17406
42814;277;0;0;240;250;235;85.0000;93.0000;122.0000;40.0000;7.0000;70.0000;1;0;0;0;0;1;2;128.0000;-2391.0000;78.0000;272;270;315;0;0;17406
42825;277;0;0;240;250;235;115.0000;93.0000;122.0000;40.0000;7.0000;70.0000;1;0;0;0;0;1;2;128.0000;-2391.0000;78.0000;272;270;315;0;0;17406
42835;277;0;0;240;250;235;115.0000;161.0000;122.0000;40.0000;7.0000;70.0000;1;0;0;0;0;1;2;128.0000;-2391.0000;78.0000;272;270;315;0;0;17406
42846;277;0;0;240;250;235;115.0000;161.0000;125.0000;40.0000;7.0000;70.0000;1;0;0;0;0;1;2;128.0000;-2391.0000;78.0000;272;270;315;0;0;17406
42856;277;0;0;240;250;235;115.0000;161.0000;125.0000;40.0000;7.0000;70.0000;1;0;0;0;0;1;2;128.0000;-2391.0000;78.0000;272;270;315;0;0;17406
42867;277;0;0;240;250;235;115.0000;161.0000;125.0000;40.0000;7.0000;70.0000;1;0;0;0;0;1;2;128.0000;-2391.0000;78.0000;272;270;315;0;0;17406
42877;277;0;0;240;250;235;115.0000;161.0000;125.0000;40.0000;7.0000;70.0000;1;0;0;0;0;1;2;122.0000;-2391.0000;78.0000;272;270;315;0;0;17406
42888;277;0;0;240;250;235;115.0000;161.0000;125.0000;40.0000;7.0000;70.0000;1;0;0;0;0;1;2;122.0000;-2391.0000;78.0000;272;270;315;0;0;17406
42898;277;0;0;240;250;235;115.0000;161.0000;125.0000;40.0000;7.0000;70.0000;1;0;0;0;0;1;2;122.0000;-2391.0000;132.0000;272;270;315;0;0;17406
42909;277;0;0;240;250;235;115.0000;161.0000;125.0000;40.0000;7.0000;70.0000;1;0;0;0;0;1;2;122.0000;-2391.0000;132.0000;272;270;315;0;0;17406
42920;277;0;0;240;250;235;119.0000;161.0000;125.0000;40.0000;7.0000;70.0000;1;0;0;0;0;1;2;122.0000;-2391.0000;132.0000;272;270;315;0;0;17406
42931;277;0;0;240;250;235;119.0000;161.0000;125.0000;40.0000;7.0000;70.0000;1;0;0;0;0;1;2;122.0000;-2391.0000;132.0000;272;270;315;0;0;17406
42941;277;0;0;240;250;235;119.0000;161.0000;105.0000;40.0000;7.0000;70.0000;1;0;0;0;0;1;2;122.0000;-2391.0000;132.0000;272;270;315;0;0;17406
42952;277;0;0;240;250;235;119.0000;161.0000;105.0000;40.0000;7.0000;70.0000;1;0;0;0;0;1;2;122.0000;-2391.0000;132.0000;272;270;315;0;0;17406
42962;277;0;0;240;250;235;119.0000;161.0000;105.0000;40.0000;7.0000;70.0000;1;0;0;0;0;1;2;122.0000;-2391.0000;132.0000;272;270;315;0;0;17406
42973;277;0;0;240;250;235;119.0000;161.0000;105.0000;40.0000;7.0000;70.0000;1;0;0;0;0;1;2;122.0000;-2391.0000;132.0000;272;270;315;0;0;17406
42983;277;0;0;240;250;235;119.0000;161.0000;105.0000;40.0000;7.0000;70.0000;1;0;0;0;0;1;2;118.0000;-2391.0000;132.0000;272;270;315;0;0;17406
42994;277;0;0;240;250;235;119.0000;161.0000;105.0000;40.0000;7.0000;70.0000;1;0;0;0;0;1;2;118.0000;-2391.0000;112.0000;272;270;315;0;0;17406
43004;277;0;0;240;250;235;119.0000;161.0000;105.0000;40.0000;7.0000;70.0000;1;0;0;0;0;1;2;118.0000;-2391.0000;112.0000;272;270;315;0;0;17406
43015;277;0;0;240;250;235;119.0000;161.0000;105.0000;40.0000;7.0000;70.0000;1;0;0;0;0;1;2;118.0000;-2391.0000;112.0000;272;270;315;0;0;17406
43025;277;0;0;240;250;235;115.0000;161.0000;105.0000;40.0000;7.0000;70.0000;1;0;0;0;0;1;2;118.0000;-2391.0000;112.0000;272;270;315;0;0;17406
43036;277;0;0;240;250;235;115.0000;-13.0000;105.0000;40.0000;7.0000;70.0000;1;0;0;0;0;1;2;118.0000;-2391.0000;112.0000;272;270;315;0;0;17406
43046;277;0;0;240;250;235;115.0000;-13.0000;132.0000;40.0000;7.0000;70.0000;1;0;0;0;0;1;2;118.0000;-2391.0000;112.0000;272;270;315;0;0;17406
43058;277;0;0;240;250;235;115.0000;-13.0000;132.0000;40.0000;7.0000;70.0000;1;0;0;0;0;1;2;118.0000;-2391.0000;112.0000;272;270;315;0;0;17406
43068;277;0;0;240;250;235;115.0000;-13.0000;132.0000;40.0000;7.0000;70.0000;1;0;0;0;0;1;2;118.0000;-2391.0000;112.0000;272;270;315;0;0;17406
43079;277;0;0;240;250;235;115.0000;-13.0000;132.0000;40.0000;7.0000;70.0000;1;0;0;0;0;1;2;132.0000;-2391.0000;112.0000;272;270;315;0;0;17406
43090;277;0;0;240;250;235;115.0000;-13.0000;132.0000;40.0000;7.0000;70.0000;1;0;0;0;0;1;2;132.0000;-2391.0000;112.0000;272;270;315;0;0;17406
43100;277;0;0;240;250;235;115.0000;-13.0000;132.0000;40.0000;7.0000;70.0000;1;0;0;0;0;1;2;132.0000;-2391.0000;102.0000;272;270;315;0;0;17406
43111;277;0;0;240;250;235;115.0000;-13.0000;132.0000;40.0000;7.0000;70.0000;1;0;0;0;0;1;2;132.0000;-2391.0000;102.0000;272;270;315;0;0;17406
43121;277;0;0;240;250;235;119.0000;-13.0000;132.0000;40.0000;7.0000;70.0000;1;0;0;0;0;1;2;132.0000;-2391.0000;102.0000;272;270;315;0;0;17406
43132;277;0;0;240;250;235;119.0000;-13.0000;132.0000;40.0000;7.0000;70.0000;1;0;0;0;0;1;2;132.0000;-2391.0000;102.0000;272;270;315;0;0;17376
43142;277;0;0;240;250;235;119.0000;134.0000;129.0000;40.0000;7.0000;70.0000;1;0;0;0;0;1;2;132.0000;-2391.0000;102.0000;272;270;315;0;0;17376
43153;277;0;0;240;250;235;119.0000;134.0000;129.0000;40.0000;7.0000;70.0000;1;0;0;0;0;1;2;132.0000;-2391.0000;102.0000;272;270;315;0;0;17376
43163;277;0;0;240;250;235;119.0000;134.0000;129.0000;40.0000;7.0000;70.0000;1;0;0;0;0;1;2;132.0000;-2391.0000;102.0000;272;270;315;0;0;17376
43173;277;0;0;240;250;235;119.0000;134.0000;129.0000;40.0000;7.0000;70.0000;1;0;0;0;0;1;2;132.0000;-2391.0000;102.0000;272;270;315;0;0;17376
43184;277;0;0;240;250;235;119.0000;134.0000;129.0000;40.0000;7.0000;70.0000;1;0;0;0;0;1;2;92.0000;-2391.0000;102.0000;272;270;315;0;0;17376
43195;277;0;0;240;250;235;119.0000;134.0000;129.0000;40.0000;7.0000;70.0000;1;0;0;0;0;1;2;92.0000;-2391.0000;129.0000;272;270;315;0;0;17376
43205;277;0;0;240;250;235;119.0000;134.0000;129.0000;40.0000;7.0000;70.0000;1;0;0;0;0;1;2;92.0000;-2391.0000;129.0000;272;270;315;0;0;17376
43216;277;0;0;240;250;235;119.0000;134.0000;129.0000;40.0000;7.0000;70.0000;1;0;0;0;0;1;2;92.0000;-2391.0000;129.0000;272;270;315;0;0;17376
43226;277;0;0;240;250;235;79.0000;134.0000;129.0000;40.0000;7.0000;70.0000;1;0;0;0;0;1;2;92.0000;-2391.0000;129.0000;272;270;315;0;0;17376
43237;277;0;0;240;250;235;79.0000;40.0000;129.0000;40.0000;7.0000;70.0000;1;0;0;0;0;1;2;92.0000;-2391.0000;129.0000;272;270;315;0;0;17376
43248;277;0;0;240;250;235;79.0000;40.0000;125.0000;40.0000;7.0000;70.0000;1;0;0;0;0;1;2;92.0000;-2391.0000;129.0000;272;270;315;0;0;17376
43259;277;0;0;240;250;235;79.0000;40.0000;125.0000;40.0000;7.0000;70.0000;1;0;0;0;0;1;2;92.0000;-2391.0000;129.0000;272;270;315;0;0;17376
43269;277;0;0;240;250;235;79.0000;40.0000;125.0000;40.0000;7.0000;70.0000;1;0;0;0;0;1;2;92.0000;-2391.0000;129.0000;272;270;315;0;0;17376
43280;277;0;0;240;250;235;79.0000;40.0000;125.0000;40.0000;7.0000;70.0000;1;0;0;0;0;1;2;92.0000;-2391.0000;129.0000;272;270;315;0;0;17376
43290;277;0;0;240;250;235;79.0000;40.0000;125.0000;27.0000;7.0000;70.0000;1;0;0;0;0;1;2;102.0000;-2391.0000;129.0000;272;270;315;0;0;17376
43301;277;0;0;240;250;235;79.0000;40.0000;125.0000;27.0000;7.0000;70.0000;1;0;0;0;0;1;2;102.0000;-2391.0000;68.0000;272;270;315;0;0;17376
43311;277;0;0;240;250;235;79.0000;40.0000;125.0000;27.0000;7.0000;70.0000;1;0;0;0;0;1;2;102.0000;-2391.0000;68.0000;272;270;315;0;0;17376
43322;277;0;0;240;250;235;115.0000;40.0000;125.0000;27.0000;7.0000;70.0000;1;0;0;0;0;1;2;102.0000;-2391.0000;68.0000;272;270;315;0;0;17376
43332;277;0;0;240;250;235;115.0000;40.0000;125.0000;27.0000;7.0000;70.0000;1;0;0;0;0;1;2;102.0000;-2391.0000;68.0000;272;270;315;0;0;17380
43343;277;0;0;240;250;235;115.0000;53.0000;98.0000;27.0000;7.0000;70.0000;1;0;0;0;0;1;2;102.0000;-2391.0000;68.0000;272;270;315;0;0;17380
43354;277;0;0;240;250;235;115.0000;53.0000;98.0000;27.0000;7.0000;70.0000;1;0;0;0;0;1;2;102.0000;-2391.0000;68.0000;272;270;315;0;0;17380
43364;277;0;0;240;250;235;115.0000;53.0000;98.0000;27.0000;7.0000;70.0000;1;0;0;0;0;1;2;102.0000;-2391.0000;68.0000;272;270;315;0;0;17380
43375;277;0;0;240;250;235;115.0000;53.0000;98.0000;27.0000;7.0000;70.0000;1;0;0;0;0;1;2;102.0000;-2391.0000;68.0000;272;270;315;0;0;17380
43385;277;0;0;240;250;235;115.0000;53.0000;98.0000;27.0000;7.0000;70.0000;1;0;0;0;0;1;2;132.0000;-2391.0000;68.0000;272;270;315;0;0;17380
43396;277;0;0;240;250;235;115.0000;53.0000;98.0000;27.0000;7.0000;70.0000;1;0;0;0;0;1;2;132.0000;-2391.0000;108.0000;272;270;315;0;0;17380
43406;277;0;0;240;250;235;115.0000;53.0000;98.0000;27.0000;7.0000;70.0000;1;0;0;0;0;1;2;132.0000;-2391.0000;108.0000;272;270;315;0;0;17380
43417;277;0;0;240;250;235;115.0000;53.0000;98.0000;27.0000;7.0000;70.0000;1;0;0;0;0;1;2;132.0000;-2391.0000;108.0000;272;270;315;0;0;17380
43427;277;0;0;240;250;235;122.0000;53.0000;98.0000;27.0000;7.0000;70.0000;1;0;0;0;0;1;2;132.0000;-2391.0000;108.0000;272;270;315;0;0;17380
43439;277;0;0;240;250;235;122.0000;0.0000;98.0000;27.0000;7.0000;70.0000;1;0;0;0;0;1;2;132.0000;-2391.0000;108.0000;272;270;315;0;0;17380
43449;277;0;0;240;250;235;122.0000;0.0000;135.0000;27.0000;7.0000;70.0000;1;0;0;0;0;1;2;132.0000;-2391.0000;108.0000;272;270;315;0;0;17380
43460;277;0;0;240;250;235;122.0000;0.0000;135.0000;27.0000;7.0000;70.0000;1;0;0;0;0;1;2;132.0000;-2391.0000;108.0000;272;270;315;0;0;17380
43470;277;0;0;240;250;235;122.0000;0.0000;135.0000;27.0000;7.0000;70.0000;1;0;0;0;0;1;2;132.0000;-2391.0000;108.0000;272;270;315;0;0;17380
43481;277;0;0;240;250;235;122.0000;0.0000;135.0000;27.0000;7.0000;70.0000;1;0;0;0;0;1;2;68.0000;-2391.0000;108.0000;272;270;315;0;0;17380
43492;277;0;0;240;250;235;122.0000;0.0000;135.0000;27.0000;7.0000;70.0000;1;0;0;0;0;1;2;68.0000;-2391.0000;108.0000;272;270;315;0;0;17380
43502;277;0;0;240;250;235;122.0000;0.0000;135.0000;27.0000;7.0000;70.0000;1;0;0;0;0;1;2;68.0000;-2391.0000;122.0000;272;270;315;0;0;17380
43513;277;0;0;240;250;235;122.0000;0.0000;135.0000;27.0000;7.0000;70.0000;1;0;0;0;0;1;2;68.0000;-2391.0000;122.0000;272;270;315;0;0;17380
43523;277;0;0;240;250;235;122.0000;0.0000;135.0000;27.0000;7.0000;70.0000;1;0;0;0;0;1;2;68.0000;-2391.0000;122.0000;272;270;315;0;0;17380
43533;277;0;0;240;250;235;122.0000;0.0000;135.0000;27.0000;7.0000;70.0000;1;0;0;0;0;1;2;68.0000;-2391.0000;122.0000;272;270;315;0;0;17380
43545;277;0;0;240;250;235;122.0000;147.0000;135.0000;27.0000;7.0000;70.0000;1;0;0;0;0;1;2;68.0000;-2391.0000;122.0000;272;270;315;0;0;17380
43555;277;0;0;240;250;235;122.0000;147.0000;92.0000;27.0000;7.0000;70.0000;1;0;0;0;0;1;2;68.0000;-2391.0000;122.0000;272;270;315;0;0;17388
43566;277;0;0;240;250;235;122.0000;147.0000;92.0000;27.0000;7.0000;70.0000;1;0;0;0;0;1;2;68.0000;-2391.0000;122.0000;272;270;315;0;0;17388
43576;277;0;0;240;250;235;122.0000;147.0000;92.0000;27.0000;7.0000;70.0000;1;0;0;0;0;1;2;68.0000;-2391.0000;122.0000;272;270;315;0;0;17388
43591;277;0;0;240;250;235;122.0000;147.0000;92.0000;27.0000;7.0000;70.0000;1;0;0;0;0;1;2;128.0000;-2391.0000;122.0000;272;270;315;0;0;17388
43601;277;0;0;240;250;235;122.0000;147.0000;92.0000;27.0000;7.0000;70.0000;1;0;0;0;0;1;2;128.0000;-2391.0000;125.0000;272;270;315;0;0;17388
43612;277;0;0;240;250;235;122.0000;147.0000;92.0000;27.0000;7.0000;70.0000;1;0;0;0;0;1;2;128.0000;-2391.0000;125.0000;272;270;315;0;0;17388
43623;277;0;0;240;250;235;119.0000;147.0000;92.0000;27.0000;7.0000;70.0000;1;0;0;0;0;1;2;128.0000;-2391.0000;125.0000;272;270;315;0;0;17388
43634;277;0;0;240;250;235;119.0000;147.0000;92.0000;27.0000;7.0000;70.0000;1;0;0;0;0;1;2;128.0000;-2391.0000;125.0000;272;270;315;0;0;17388
43645;277;0;0;240;250;235;119.0000;-26.0000;92.0000;27.0000;7.0000;70.0000;1;0;0;0;0;1;2;128.0000;-2391.0000;125.0000;272;270;315;0;0;17388
43656;277;0;0;240;250;235;119.0000;-26.0000;115.0000;27.0000;7.0000;70.0000;1;0;0;0;0;1;2;128.0000;-2391.0000;125.0000;272;270;315;0;0;17390
43666;277;0;0;240;250;235;119.0000;-26.0000;115.0000;27.0000;7.0000;70.0000;1;0;0;0;0;1;2;128.0000;-2391.0000;125.0000;272;270;315;0;0;17406
43677;277;0;0;240;250;235;119.0000;-26.0000;115.0000;27.0000;7.0000;70.0000;1;0;0;0;0;1;2;128.0000;-2391.0000;125.0000;272;270;315;0;0;17406
43687;277;0;0;240;250;235;119.0000;-26.0000;115.0000;27.0000;7.0000;70.0000;1;0;0;0;0;1;2;115.0000;-2391.0000;125.0000;272;270;315;0;0;17406
43698;277;0;0;240;250;235;119.0000;-26.0000;115.0000;27.0000;7.0000;70.0000;1;0;0;0;0;1;2;115.0000;-2391.0000;129.0000;272;270;315;0;0;17406
43708;277;0;0;240;250;235;119.0000;-26.0000;115.0000;27.0000;7.0000;70.0000;1;0;0;0;0;1;2;115.0000;-2391.0000;129.0000;272;270;315;0;0;17406
43719;277;0;0;240;250;235;119.0000;-26.0000;115.0000;27.0000;7.0000;70.0000;1;0;0;0;0;1;2;115.0000;-2391.0000;129.0000;272;270;315;0;0;17406
43734;277;0;0;240;250;235;85.0000;-26.0000;115.0000;27.0000;7.0000;70.0000;1;0;0;0;0;1;2;115.0000;-2391.0000;129.0000;272;270;315;0;0;17406
43745;277;0;0;240;250;235;85.0000;161.0000;115.0000;27.0000;7.0000;70.0000;1;0;0;0;0;1;2;115.0000;-2391.0000;129.0000;272;270;315;0;0;17406
43755;277;0;0;240;250;235;85.0000;161.0000;102.0000;27.0000;7.0000;70.0000;1;0;0;0;0;1;2;115.0000;-2391.0000;129.0000;272;270;315;0;0;17406
43766;277;0;0;240;250;235;85.0000;161.0000;102.0000;27.0000;7.0000;70.0000;1;0;0;0;0;1;2;115.0000;-2391.0000;129.0000;272;270;315;0;0;17406
43776;277;0;0;240;250;235;85.0000;161.0000;102.0000;27.0000;7.0000;70.0000;1;0;0;0;0;1;2;115.0000;-2391.0000;129.0000;272;270;315;0;0;17406
43786;277;0;0;240;250;235;85.0000;161.0000;102.0000;27.0000;7.0000;70.0000;1;0;0;0;0;1;2;125.0000;-2391.0000;129.0000;272;270;315;0;0;17406
43797;277;0;0;240;250;235;85.0000;161.0000;102.0000;27.0000;7.0000;70.0000;1;0;0;0;0;1;2;125.0000;-2391.0000;102.0000;272;270;315;0;0;17406
43808;277;0;0;240;250;235;85.0000;161.0000;102.0000;27.0000;7.0000;70.0000;1;0;0;0;0;1;2;125.0000;-2391.0000;102.0000;272;270;315;0;0;17406
43818;277;0;0;240;250;235;85.0000;161.0000;102.0000;27.0000;7.0000;70.0000;1;0;0;0;0;1;2;125.0000;-2391.0000;102.0000;272;270;315;0;0;17406
43829;277;0;0;240;250;235;112.0000;161.0000;102.0000;27.0000;7.0000;70.0000;1;0;0;0;0;1;2;125.0000;-2391.0000;102.0000;272;270;315;0;0;17406
43839;277;0;0;240;250;235;112.0000;161.0000;102.0000;27.0000;7.0000;70.0000;1;0;0;0;0;1;2;125.0000;-2391.0000;102.0000;272;270;315;0;0;17406
43850;277;0;0;240;250;235;112.0000;40.0000;105.0000;27.0000;7.0000;70.0000;1;0;0;0;0;1;2;125.0000;-2391.0000;102.0000;272;270;315;0;0;17406
43860;277;0;0;240;250;235;112.0000;40.0000;105.0000;27.0000;7.0000;70.0000;1;0;0;0;0;1;2;125.0000;-2391.0000;102.0000;272;270;315;0;0;17406
43871;277;0;0;240;250;235;112.0000;40.0000;105.0000;27.0000;7.0000;70.0000;1;0;0;0;0;1;2;125.0000;-2391.0000;102.0000;272;270;315;0;0;17406
43881;277;0;0;240;250;235;112.0000;40.0000;105.0000;27.0000;7.0000;70.0000;1;0;0;0;0;1;2;125.0000;-2391.0000;102.0000;272;270;315;0;0;17406
43892;277;0;0;240;250;235;112.0000;40.0000;105.0000;27.0000;7.0000;70.0000;1;0;0;0;0;1;2;128.0000;-2391.0000;102.0000;272;270;315;0;0;17406
43903;277;0;0;240;250;235;112.0000;40.0000;105.0000;27.0000;7.0000;70.0000;1;0;0;0;0;1;2;128.0000;-2391.0000;115.0000;272;270;315;0;0;17406
43913;277;0;0;240;250;235;112.0000;40.0000;105.0000;27.0000;7.0000;70.0000;1;0;0;0;0;1;2;128.0000;-2391.0000;115.0000;272;270;315;0;0;17406
43924;277;0;0;240;250;235;112.0000;40.0000;105.0000;27.0000;7.0000;70.0000;1;0;0;0;0;1;2;128.0000;-2391.0000;115.0000;272;270;315;0;0;17406
43935;277;0;0;240;250;235;105.0000;40.0000;105.0000;27.0000;7.0000;70.0000;1;0;0;0;0;1;2;128.0000;-2391.0000;115.0000;272;270;315;0;0;17406
43945;277;0;0;240;250;235;105.0000;0.0000;105.0000;27.0000;7.0000;70.0000;1;0;0;0;0;1;2;128.0000;-2391.0000;115.0000;272;270;315;0;0;17406
43956;277;0;0;240;250;235;105.0000;0.0000;98.0000;27.0000;7.0000;70.0000;1;0;0;0;0;1;2;128.0000;-2391.0000;115.0000;272;270;315;0;0;17406
43966;277;0;0;240;250;235;105.0000;0.0000;98.0000;27.0000;7.0000;70.0000;1;0;0;0;0;1;2;128.0000;-2391.0000;115.0000;272;270;315;0;0;17406
43977;277;0;0;240;250;235;105.0000;0.0000;98.0000;27.0000;7.0000;70.0000;1;0;0;0;0;1;2;128.0000;-2391.0000;115.0000;272;270;315;0;0;17406
43987;277;0;0;240;250;235;105.0000;0.0000;98.0000;27.0000;7.0000;70.0000;1;0;0;0;0;1;2;75.0000;-2391.0000;115.0000;272;270;315;0;0;17406
43998;277;0;0;240;250;235;105.0000;0.0000;98.0000;27.0000;7.0000;70.0000;1;0;0;0;0;1;2;75.0000;-2391.0000;115.0000;272;270;315;0;0;17406
44014;277;0;0;240;250;235;105.0000;0.0000;98.0000;27.0000;7.0000;70.0000;1;0;0;0;0;1;2;75.0000;-2391.0000;68.0000;272;270;315;0;0;17406
44024;277;0;0;240;250;235;105.0000;0.0000;98.0000;27.0000;7.0000;70.0000;1;0;0;0;0;1;2;75.0000;-2391.0000;68.0000;272;270;315;0;0;17406
44035;277;0;0;240;250;235;126.0000;0.0000;98.0000;27.0000;7.0000;70.0000;1;0;0;0;0;1;2;75.0000;-2391.0000;68.0000;272;270;315;0;0;17406
44052;277;0;0;240;250;235;126.0000;-13.0000;98.0000;27.0000;7.0000;70.0000;1;0;0;0;0;1;2;75.0000;-2391.0000;68.0000;272;270;315;0;0;17406
44063;277;0;0;240;250;235;126.0000;-13.0000;132.0000;27.0000;7.0000;70.0000;1;0;0;0;0;1;2;75.0000;-2391.0000;68.0000;272;270;315;0;0;17406
44073;277;0;0;240;250;235;126.0000;-13.0000;132.0000;27.0000;7.0000;70.0000;1;0;0;0;0;1;2;75.0000;-2391.0000;68.0000;272;270;315;0;0;17406
44084;277;0;0;240;250;235;126.0000;-13.0000;132.0000;27.0000;7.0000;70.0000;1;0;0;0;0;1;2;75.0000;-2391.0000;68.0000;272;270;315;0;0;17406
44095;277;0;0;240;250;235;126.0000;-13.0000;132.0000;27.0000;7.0000;70.0000;1;0;0;0;0;1;2;75.0000;-2391.0000;68.0000;272;270;315;0;0;17406
44105;277;0;0;240;250;235;126.0000;-13.0000;132.0000;27.0000;7.0000;70.0000;1;0;0;0;0;1;2;75.0000;-2391.0000;119.0000;272;270;315;0;0;17406
44116;277;0;0;240;250;235;126.0000;-13.0000;132.0000;27.0000;7.0000;70.0000;1;0;0;0;0;1;2;75.0000;-2391.0000;119.0000;272;270;315;0;0;17406
44127;277;0;0;240;250;235;119.0000;-13.0000;132.0000;27.0000;7.0000;70.0000;1;0;0;0;0;1;2;75.0000;-2391.0000;119.0000;272;270;315;0;0;17406
44138;277;0;0;240;250;235;119.0000;-13.0000;132.0000;27.0000;7.0000;70.0000;1;0;0;0;0;1;2;75.0000;-2391.0000;119.0000;272;270;315;0;0;17406
44148;277;0;0;240;250;235;119.0000;147.0000;132.0000;27.0000;7.0000;70.0000;1;0;0;0;0;1;2;75.0000;-2391.0000;119.0000;272;270;315;0;0;17406
44158;277;0;0;240;250;235;119.0000;147.0000;105.0000;27.0000;7.0000;70.0000;1;0;0;0;0;1;2;75.0000;-2391.0000;119.0000;272;270;315;0;0;17406
44169;277;0;0;240;250;235;119.0000;147.0000;105.0000;27.0000;7.0000;70.0000;1;0;0;0;0;1;2;75.0000;-2391.0000;119.0000;272;270;315;0;0;17406
44179;277;0;0;240;250;235;119.0000;147.0000;105.0000;27.0000;7.0000;70.0000;1;0;0;0;0;1;2;75.0000;-2391.0000;119.0000;272;270;315;0;0;17376
44190;277;0;0;240;250;235;119.0000;147.0000;105.0000;27.0000;7.0000;70.0000;1;0;0;0;0;1;2;125.0000;-2391.0000;119.0000;272;270;315;0;0;17376
44200;277;0;0;240;250;235;119.0000;147.0000;105.0000;27.0000;7.0000;70.0000;1;0;0;0;0;1;2;125.0000;-2391.0000;119.0000;272;270;315;0;0;17376
44211;277;0;0;240;250;235;119.0000;147.0000;105.0000;27.0000;7.0000;70.0000;1;0;0;0;0;1;2;125.0000;-2391.0000;72.0000;272;270;315;0;0;17376
44222;277;0;0;240;250;235;119.0000;147.0000;105.0000;27.0000;7.0000;70.0000;1;0;0;0;0;1;2;125.0000;-2391.0000;72.0000;272;270;315;0;0;17376
44232;277;0;0;240;250;235;129.0000;147.0000;105.0000;27.0000;7.0000;70.0000;1;0;0;0;0;1;2;125.0000;-2391.0000;72.0000;272;270;315;0;0;17376
44244;277;0;0;240;250;235;129.0000;174.0000;105.0000;27.0000;7.0000;70.0000;1;0;0;0;0;1;2;125.0000;-2391.0000;72.0000;272;270;315;0;0;17376
44258;277;0;0;240;250;235;129.0000;174.0000;105.0000;27.0000;7.0000;70.0000;1;0;0;0;0;1;2;125.0000;-2391.0000;72.0000;272;270;315;0;0;17376
44268;277;0;0;240;250;235;129.0000;174.0000;88.0000;27.0000;7.0000;70.0000;1;0;0;0;0;1;2;125.0000;-2391.0000;72.0000;272;270;315;0;0;17376
44281;277;0;0;240;250;235;129.0000;174.0000;88.0000;27.0000;7.0000;70.0000;1;0;0;0;0;1;2;125.0000;-2391.0000;72.0000;272;270;315;0;0;17376
44291;277;0;0;240;250;235;129.0000;174.0000;88.0000;50.0000;7.0000;70.0000;1;0;0;0;0;1;2;75.0000;-2391.0000;72.0000;272;270;315;0;0;17376
44302;277;0;0;240;250;235;129.0000;174.0000;88.0000;50.0000;7.0000;70.0000;1;0;0;0;0;1;2;75.0000;-2391.0000;72.0000;272;270;315;0;0;17376
44313;277;0;0;240;250;235;129.0000;174.0000;88.0000;50.0000;7.0000;70.0000;1;0;0;0;0;1;2;75.0000;-2391.0000;82.0000;272;270;315;0;0;17376
44323;277;0;0;240;250;235;129.0000;174.0000;88.0000;50.0000;7.0000;70.0000;1;0;0;0;0;1;2;75.0000;-2391.0000;82.0000;272;270;315;0;0;17376
44334;277;0;0;240;250;235;75.0000;174.0000;88.0000;50.0000;7.0000;70.0000;1;0;0;0;0;1;2;75.0000;-2391.0000;82.0000;272;270;315;0;0;17376
44348;277;0;0;240;250;235;75.0000;-13.0000;88.0000;50.0000;7.0000;70.0000;1;0;0;0;0;1;2;75.0000;-2391.0000;82.0000;272;270;315;0;0;17376
44358;277;0;0;240;250;235;75.0000;-13.0000;88.0000;50.0000;7.0000;70.0000;1;0;0;0;0;1;2;75.0000;-2391.0000;82.0000;272;270;315;0;0;17376
44369;277;0;0;240;250;235;75.0000;-13.0000;105.0000;50.0000;7.0000;70.0000;1;0;0;0;0;1;2;75.0000;-2391.0000;82.0000;272;270;315;0;0;17376
44379;277;0;0;240;250;235;75.0000;-13.0000;105.0000;50.0000;7.0000;70.0000;1;0;0;0;0;1;2;75.0000;-2391.0000;82.0000;272;270;315;0;0;17376
44390;277;0;0;240;250;235;75.0000;-13.0000;105.0000;50.0000;7.0000;70.0000;1;0;0;0;0;1;2;92.0000;-2391.0000;82.0000;272;270;315;0;0;17380
44400;277;0;0;240;250;235;75.0000;-13.0000;105.0000;50.0000;7.0000;70.0000;1;0;0;0;0;1;2;92.0000;-2391.0000;82.0000;272;270;315;0;0;17380
44410;277;0;0;240;250;235;75.0000;-13.0000;105.0000;50.0000;7.0000;70.0000;1;0;0;0;0;1;2;92.0000;-2391.0000;122.0000;272;270;315;0;0;17380
44421;277;0;0;240;250;235;75.0000;-13.0000;105.0000;50.0000;7.0000;70.0000;1;0;0;0;0;1;2;92.0000;-2391.0000;122.0000;272;270;315;0;0;17380
44431;277;0;0;240;250;235;109.0000;-13.0000;105.0000;50.0000;7.0000;70.0000;1;0;0;0;0;1;2;92.0000;-2391.0000;122.0000;272;270;315;0;0;17380
44442;277;0;0;240;250;235;109.0000;-13.0000;105.0000;50.0000;7.0000;70.0000;1;0;0;0;0;1;2;92.0000;-2391.0000;122.0000;272;270;315;0;0;17380
44453;277;0;0;240;250;235;109.0000;134.0000;105.0000;50.0000;7.0000;70.0000;1;0;0;0;0;1;2;92.0000;-2391.0000;122.0000;272;270;315;0;0;17380
44464;277;0;0;240;250;235;109.0000;134.0000;122.0000;50.0000;7.0000;70.0000;1;0;0;0;0;1;2;92.0000;-2391.0000;122.0000;272;270;315;0;0;17380
44474;277;0;0;240;250;235;109.0000;134.0000;122.0000;50.0000;7.0000;70.0000;1;0;0;0;0;1;2;92.0000;-2391.0000;122.0000;272;270;315;0;0;17380
44485;277;0;0;240;250;235;109.0000;134.0000;122.0000;50.0000;7.0000;70.0000;1;0;0;0;0;1;2;92.0000;-2391.0000;122.0000;272;270;315;0;0;17380
44497;277;0;0;240;250;235;109.0000;134.0000;122.0000;50.0000;7.0000;70.0000;1;0;0;0;0;1;2;132.0000;-2391.0000;122.0000;272;270;315;0;0;17380
44507;277;0;0;240;250;235;109.0000;134.0000;122.0000;50.0000;7.0000;70.0000;1;0;0;0;0;1;2;132.0000;-2391.0000;105.0000;272;270;315;0;0;17380
44518;277;0;0;240;250;235;109.0000;134.0000;122.0000;50.0000;7.0000;70.0000;1;0;0;0;0;1;2;132.0000;-2391.0000;105.0000;272;270;315;0;0;17380
44528;277;0;0;240;250;235;92.0000;134.0000;122.0000;50.0000;7.0000;70.0000;1;0;0;0;0;1;2;132.0000;-2391.0000;105.0000;272;270;315;0;0;17380
44539;277;0;0;240;250;235;92.0000;134.0000;122.0000;50.0000;7.0000;70.0000;1;0;0;0;0;1;2;132.0000;-2391.0000;105.0000;272;270;315;0;0;17380
44550;277;0;0;240;250;235;92.0000;174.0000;122.0000;50.0000;7.0000;70.0000;1;0;0;0;0;1;2;132.0000;-2391.0000;105.0000;272;270;315;0;0;17380
44560;277;0;0;240;250;235;92.0000;174.0000;122.0000;50.0000;7.0000;70.0000;1;0;0;0;0;1;2;132.0000;-2391.0000;105.0000;272;270;315;0;0;17380
44571;277;0;0;240;250;235;92.0000;174.0000;92.0000;50.0000;7.0000;70.0000;1;0;0;0;0;1;2;132.0000;-2391.0000;105.0000;272;270;315;0;0;17380
44583;277;0;0;240;250;235;92.0000;174.0000;92.0000;50.0000;7.0000;70.0000;1;0;0;0;0;1;2;132.0000;-2391.0000;105.0000;272;270;315;0;0;17380
44597;277;0;0;240;250;235;92.0000;174.0000;92.0000;50.0000;7.0000;70.0000;1;0;0;0;0;1;2;78.0000;-2391.0000;105.0000;272;270;315;0;0;17380
44608;277;0;0;240;250;235;92.0000;174.0000;92.0000;50.0000;7.0000;70.0000;1;0;0;0;0;1;2;78.0000;-2391.0000;105.0000;272;270;315;0;0;17404
44619;277;0;0;240;250;235;92.0000;174.0000;92.0000;50.0000;7.0000;70.0000;1;0;0;0;0;1;2;78.0000;-2391.0000;68.0000;272;270;315;0;0;17404
44630;277;0;0;240;250;235;105.0000;174.0000;92.0000;50.0000;7.0000;70.0000;1;0;0;0;0;1;2;78.0000;-2391.0000;68.0000;272;270;315;0;0;17404
44641;277;0;0;240;250;235;105.0000;174.0000;92.0000;50.0000;7.0000;70.0000;1;0;0;0;0;1;2;78.0000;-2391.0000;68.0000;272;270;315;0;0;17404
44651;277;0;0;240;250;235;105.0000;147.0000;92.0000;50.0000;7.0000;70.0000;1;0;0;0;0;1;2;78.0000;-2391.0000;68.0000;272;270;315;0;0;17404
44663;277;0;0;240;250;235;105.0000;147.0000;132.0000;50.0000;7.0000;70.0000;1;0;0;0;0;1;2;78.0000;-2391.0000;68.0000;272;270;315;0;0;17404
44673;277;0;0;240;250;235;105.0000;147.0000;132.0000;50.0000;7.0000;70.0000;1;0;0;0;0;1;2;78.0000;-2391.0000;68.0000;272;270;315;0;0;17404
44684;277;0;0;240;250;235;105.0000;147.0000;132.0000;50.0000;7.0000;70.0000;1;0;0;0;0;1;2;78.0000;-2391.0000;68.0000;272;270;315;0;0;17404
44694;277;0;0;240;250;235;105.0000;147.0000;132.0000;50.0000;7.0000;70.0000;1;0;0;0;0;1;2;132.0000;-2391.0000;68.0000;272;270;315;0;0;17404
44705;277;0;0;240;250;235;105.0000;147.0000;132.0000;50.0000;7.0000;70.0000;1;0;0;0;0;1;2;132.0000;-2391.0000;68.0000;272;270;315;0;0;17404
44716;277;0;0;240;250;235;105.0000;147.0000;132.0000;50.0000;7.0000;70.0000;1;0;0;0;0;1;2;132.0000;-2391.0000;85.0000;272;270;315;0;0;17406
44726;277;0;0;240;250;235;105.0000;147.0000;132.0000;50.0000;7.0000;70.0000;1;0;0;0;0;1;2;132.0000;-2391.0000;85.0000;272;270;315;0;0;17406
44736;277;0;0;240;250;235;62.0000;147.0000;132.0000;50.0000;7.0000;70.0000;1;0;0;0;0;1;2;132.0000;-2391.0000;85.0000;272;270;315;0;0;17406
44748;277;0;0;240;250;235;62.0000;80.0000;132.0000;50.0000;7.0000;70.0000;1;0;0;0;0;1;2;132.0000;-2391.0000;85.0000;272;270;315;0;0;17406
44758;277;0;0;240;250;235;62.0000;80.0000;132.0000;50.0000;7.0000;70.0000;1;0;0;0;0;1;2;132.0000;-2391.0000;85.0000;272;270;315;0;0;17406
44769;277;0;0;240;250;235;62.0000;80.0000;92.0000;50.0000;7.0000;70.0000;1;0;0;0;0;1;2;132.0000;-2391.0000;85.0000;272;270;315;0;0;17406
44779;277;0;0;240;250;235;62.0000;80.0000;92.0000;50.0000;7.0000;70.0000;1;0;0;0;0;1;2;132.0000;-2391.0000;85.0000;272;270;315;0;0;17406
44790;277;0;0;240;250;235;62.0000;80.0000;92.0000;50.0000;7.0000;70.0000;1;0;0;0;0;1;2;68.0000;-2391.0000;85.0000;272;270;315;0;0;17406
44800;277;0;0;240;250;235;62.0000;80.0000;92.0000;50.0000;7.0000;70.0000;1;0;0;0;0;1;2;68.0000;-2391.0000;85.0000;272;270;315;0;0;17406
44812;277;0;0;240;250;235;62.0000;80.0000;92.0000;50.0000;7.0000;70.0000;1;0;0;0;0;1;2;68.0000;-2391.0000;95.0000;272;270;315;0;0;17406
44823;277;0;0;240;250;235;62.0000;80.0000;92.0000;50.0000;7.0000;70.0000;1;0;0;0;0;1;2;68.0000;-2391.0000;95.0000;272;270;315;0;0;17406
44833;277;0;0;240;250;235;105.0000;80.0000;92.0000;50.0000;7.0000;70.0000;1;0;0;0;0;1;2;68.0000;-2391.0000;95.0000;272;270;315;0;0;17406
44844;277;0;0;240;250;235;105.0000;80.0000;92.0000;50.0000;7.0000;70.0000;1;0;0;0;0;1;2;68.0000;-2391.0000;95.0000;272;270;315;0;0;17406
44855;277;0;0;240;250;235;105.0000;-26.0000;92.0000;50.0000;7.0000;70.0000;1;0;0;0;0;1;2;68.0000;-2391.0000;95.0000;272;270;315;0;0;17406
44867;277;0;0;240;250;235;105.0000;-26.0000;78.0000;50.0000;7.0000;70.0000;1;0;0;0;0;1;2;68.0000;-2391.0000;95.0000;272;270;315;0;0;17406
44877;277;0;0;240;250;235;105.0000;-26.0000;78.0000;50.0000;7.0000;70.0000;1;0;0;0;0;1;2;68.0000;-2391.0000;95.0000;272;270;315;0;0;17406
44887;277;0;0;240;250;235;105.0000;-26.0000;78.0000;50.0000;7.0000;70.0000;1;0;0;0;0;1;2;68.0000;-2391.0000;95.0000;272;270;315;0;0;17406
44898;277;0;0;240;250;235;105.0000;-26.0000;78.0000;50.0000;7.0000;70.0000;1;0;0;0;0;1;2;65.0000;-2391.0000;95.0000;272;270;315;0;0;17406
44909;277;0;0;240;250;235;105.0000;-26.0000;78.0000;50.0000;7.0000;70.0000;1;0;0;0;0;1;2;65.0000;-2391.0000;135.0000;272;270;315;0;0;17406
44919;277;0;0;240;250;235;105.0000;-26.0000;78.0000;50.0000;7.0000;70.0000;1;0;0;0;0;1;2;65.0000;-2391.0000;135.0000;272;270;315;0;0;17406
44930;277;0;0;240;250;235;105.0000;-26.0000;78.0000;50.0000;7.0000;70.0000;1;0;0;0;0;1;2;65.0000;-2391.0000;135.0000;272;270;315;0;0;17406
44941;277;0;0;240;250;235;89.0000;-26.0000;78.0000;50.0000;7.0000;70.0000;1;0;0;0;0;1;2;65.0000;-2391.0000;135.0000;272;270;315;0;0;17406
44951;277;0;0;240;250;235;89.0000;-26.0000;78.0000;50.0000;7.0000;70.0000;1;0;0;0;0;1;2;65.0000;-2391.0000;135.0000;272;270;315;0;0;17406
44962;277;0;0;240;250;235;89.0000;-13.0000;78.0000;50.0000;7.0000;70.0000;1;0;0;0;0;1;2;65.0000;-2391.0000;135.0000;272;270;315;0;0;17406
44972;277;0;0;240;250;235;89.0000;-13.0000;125.0000;50.0000;7.0000;70.0000;1;0;0;0;0;1;2;65.0000;-2391.0000;135.0000;272;270;315;0;0;17406
44983;277;0;0;240;250;235;89.0000;-13.0000;125.0000;50.0000;7.0000;70.0000;1;0;0;0;0;1;2;65.0000;-2391.0000;135.0000;272;270;315;0;0;17406
44993;277;0;0;240;250;235;89.0000;-13.0000;125.0000;50.0000;7.0000;70.0000;1;0;0;0;0;1;2;88.0000;-2391.0000;135.0000;272;270;315;0;0;17406
45004;277;0;0;240;250;235;89.0000;-13.0000;125.0000;50.0000;7.0000;70.0000;1;0;0;0;0;1;2;88.0000;-2391.0000;135.0000;272;270;315;0;0;17406
45014;277;0;0;240;250;235;89.0000;-13.0000;125.0000;50.0000;7.0000;70.0000;1;0;0;0;0;1;2;88.0000;-2391.0000;135.0000;272;270;315;0;0;17406
45025;277;0;0;240;250;235;89.0000;-13.0000;125.0000;50.0000;7.0000;70.0000;1;0;0;0;0;1;2;88.0000;-2391.0000;135.0000;272;270;315;0;0;17406
45035;277;0;0;240;250;235;119.0000;-13.0000;125.0000;50.0000;7.0000;70.0000;1;0;0;0;0;1;2;88.0000;-2391.0000;135.0000;272;270;315;0;0;17406
45046;277;0;0;240;250;235;119.0000;-13.0000;125.0000;50.0000;7.0000;70.0000;1;0;0;0;0;1;2;88.0000;-2391.0000;135.0000;272;270;315;0;0;17406
45057;277;0;0;240;250;235;119.0000;120.0000;125.0000;50.0000;7.0000;70.0000;1;0;0;0;0;1;2;88.0000;-2391.0000;135.0000;272;270;315;0;0;17406
45068;277;0;0;240;250;235;119.0000;120.0000;125.0000;50.0000;7.0000;70.0000;1;0;0;0;0;1;2;88.0000;-2391.0000;135.0000;272;270;315;0;0;17406
45079;277;0;0;240;250;235;119.0000;120.0000;102.0000;50.0000;7.0000;70.0000;1;0;0;0;0;1;2;88.0000;-2391.0000;135.0000;272;270;315;0;0;17406
45089;277;0;0;240;250;235;119.0000;120.0000;102.0000;50.0000;7.0000;70.0000;1;0;0;0;0;1;2;88.0000;-2391.0000;135.0000;272;270;315;0;0;17406
45100;277;0;0;240;250;235;119.0000;120.0000;102.0000;50.0000;7.0000;70.0000;1;0;0;0;0;1;2;98.0000;-2391.0000;135.0000;272;270;315;0;0;17406
45110;277;0;0;240;250;235;119.0000;120.0000;102.0000;50.0000;7.0000;70.0000;1;0;0;0;0;1;2;98.0000;-2391.0000;135.0000;272;270;315;0;0;17406
45121;277;0;0;240;250;235;119.0000;120.0000;102.0000;50.0000;7.0000;70.0000;1;0;0;0;0;1;2;98.0000;-2391.0000;135.0000;272;270;315;0;0;17392
45133;277;0;0;240;250;235;79.0000;120.0000;102.0000;50.0000;7.0000;70.0000;1;0;0;0;0;1;2;98.0000;-2391.0000;135.0000;272;270;315;0;0;17376
45143;277;0;0;240;250;235;79.0000;120.0000;102.0000;50.0000;7.0000;70.0000;1;0;0;0;0;1;2;98.0000;-2391.0000;135.0000;272;270;315;0;0;17376
45154;277;0;0;240;250;235;79.0000;120.0000;102.0000;50.0000;7.0000;70.0000;1;0;0;0;0;1;2;98.0000;-2391.0000;135.0000;272;270;315;0;0;17376
45165;277;0;0;240;250;235;79.0000;-26.0000;102.0000;50.0000;7.0000;70.0000;1;0;0;0;0;1;2;98.0000;-2391.0000;135.0000;272;270;315;0;0;17376
45176;277;0;0;240;250;235;79.0000;-26.0000;122.0000;50.0000;7.0000;70.0000;1;0;0;0;0;1;2;98.0000;-2391.0000;135.0000;272;270;315;0;0;17376
45186;277;0;0;240;250;235;79.0000;-26.0000;122.0000;50.0000;7.0000;70.0000;1;0;0;0;0;1;2;98.0000;-2391.0000;135.0000;272;270;315;0;0;17376
45197;277;0;0;240;250;235;79.0000;-26.0000;122.0000;50.0000;7.0000;70.0000;1;0;0;0;0;1;2;68.0000;-2391.0000;135.0000;272;270;315;0;0;17376
45208;277;0;0;240;250;235;79.0000;-26.0000;122.0000;50.0000;7.0000;70.0000;1;0;0;0;0;1;2;68.0000;-2391.0000;135.0000;272;270;315;0;0;17376
45218;277;0;0;240;250;235;79.0000;-26.0000;122.0000;50.0000;7.0000;70.0000;1;0;0;0;0;1;2;68.0000;-2391.0000;102.0000;272;270;315;0;0;17376
45228;277;0;0;240;250;235;79.0000;-26.0000;122.0000;50.0000;7.0000;70.0000;1;0;0;0;0;1;2;68.0000;-2391.0000;102.0000;272;270;315;0;0;17376
45239;277;0;0;240;250;235;122.0000;-26.0000;122.0000;50.0000;7.0000;70.0000;1;0;0;0;0;1;2;68.0000;-2391.0000;102.0000;272;270;315;0;0;17376
45249;277;0;0;240;250;235;122.0000;-26.0000;122.0000;50.0000;7.0000;70.0000;1;0;0;0;0;1;2;68.0000;-2391.0000;102.0000;272;270;315;0;0;17376
45260;277;0;0;240;250;235;122.0000;53.0000;122.0000;50.0000;7.0000;70.0000;1;0;0;0;0;1;2;68.0000;-2391.0000;102.0000;272;270;315;0;0;17376
45270;277;0;0;240;250;235;122.0000;53.0000;98.0000;50.0000;7.0000;70.0000;1;0;0;0;0;1;2;68.0000;-2391.0000;102.0000;272;270;315;0;0;17376
45281;277;0;0;240;250;235;122.0000;53.0000;98.0000;50.0000;7.0000;70.0000;1;0;0;0;0;1;2;68.0000;-2391.0000;102.0000;272;270;315;0;0;17376
45291;277;0;0;240;250;235;122.0000;53.0000;98.0000;22.0000;7.0000;70.0000;1;0;0;0;0;1;2;68.0000;-2391.0000;102.0000;272;270;315;0;0;17376
45302;277;0;0;240;250;235;122.0000;53.0000;98.0000;22.0000;7.0000;70.0000;1;0;0;0;0;1;2;115.0000;-2391.0000;102.0000;272;270;315;0;0;17376
45312;277;0;0;240;250;235;122.0000;53.0000;98.0000;22.0000;7.0000;70.0000;1;0;0;0;0;1;2;115.0000;-2391.0000;132.0000;272;270;315;0;0;17376
45323;277;0;0;240;250;235;122.0000;53.0000;98.0000;22.0000;7.0000;70.0000;1;0;0;0;0;1;2;115.0000;-2391.0000;132.0000;272;270;315;0;0;17376
45334;277;0;0;240;250;235;122.0000;53.0000;98.0000;22.0000;7.0000;70.0000;1;0;0;0;0;1;2;115.0000;-2391.0000;132.0000;272;270;315;0;0;17380
45344;277;0;0;240;250;235;102.0000;53.0000;98.0000;22.0000;7.0000;70.0000;1;0;0;0;0;1;2;115.0000;-2391.0000;132.0000;272;270;315;0;0;17380
45355;277;0;0;240;250;235;102.0000;53.0000;98.0000;22.0000;7.0000;70.0000;1;0;0;0;0;1;2;115.0000;-2391.0000;132.0000;272;270;315;0;0;17380
45370;277;0;0;240;250;235;102.0000;120.0000;98.0000;22.0000;7.0000;70.0000;1;0;0;0;0;1;2;115.0000;-2391.0000;132.0000;272;270;315;0;0;17380
45380;277;0;0;240;250;235;102.0000;120.0000;88.0000;22.0000;7.0000;70.0000;1;0;0;0;0;1;2;115.0000;-2391.0000;132.0000;272;270;315;0;0;17380
45391;277;0;0;240;250;235;102.0000;120.0000;88.0000;22.0000;7.0000;70.0000;1;0;0;0;0;1;2;115.0000;-2391.0000;132.0000;272;270;315;0;0;17380
45402;277;0;0;240;250;235;102.0000;120.0000;88.0000;22.0000;7.0000;70.0000;1;0;0;0;0;1;2;78.0000;-2391.0000;132.0000;272;270;315;0;0;17380
45413;277;0;0;240;250;235;102.0000;120.0000;88.0000;22.0000;7.0000;70.0000;1;0;0;0;0;1;2;78.0000;-2391.0000;95.0000;272;270;315;0;0;17380
45423;277;0;0;240;250;235;102.0000;120.0000;88.0000;22.0000;7.0000;70.0000;1;0;0;0;0;1;2;78.0000;-2391.0000;95.0000;272;270;315;0;0;17380
45434;277;0;0;240;250;235;112.0000;120.0000;88.0000;22.0000;7.0000;70.0000;1;0;0;0;0;1;2;78.0000;-2391.0000;95.0000;272;270;315;0;0;17380
45450;277;0;0;240;250;235;112.0000;120.0000;88.0000;22.0000;7.0000;70.0000;1;0;0;0;0;1;2;78.0000;-2391.0000;95.0000;272;270;315;0;0;17380
45461;277;0;0;240;250;235;112.0000;120.0000;88.0000;22.0000;7.0000;70.0000;1;0;0;0;0;1;2;78.0000;-2391.0000;95.0000;272;270;315;0;0;17380
45471;277;0;0;240;250;235;112.0000;174.0000;88.0000;22.0000;7.0000;70.0000;1;0;0;0;0;1;2;78.0000;-2391.0000;95.0000;272;270;315;0;0;17380
45482;277;0;0;240;250;235;112.0000;174.0000;112.0000;22.0000;7.0000;70.0000;1;0;0;0;0;1;2;78.0000;-2391.0000;95.0000;272;270;315;0;0;17380
45492;277;0;0;240;250;235;112.0000;174.0000;112.0000;22.0000;7.0000;70.0000;1;0;0;0;0;1;2;78.0000;-2391.0000;95.0000;272;270;315;0;0;17380
45503;277;0;0;240;250;235;112.0000;174.0000;112.0000;22.0000;7.0000;70.0000;1;0;0;0;0;1;2;78.0000;-2391.0000;95.0000;272;270;315;0;0;17380
45514;277;0;0;240;250;235;112.0000;174.0000;112.0000;22.0000;7.0000;70.0000;1;0;0;0;0;1;2;128.0000;-2391.0000;82.0000;272;270;315;0;0;17380
45525;277;0;0;240;250;235;112.0000;174.0000;112.0000;22.0000;7.0000;70.0000;1;0;0;0;0;1;2;128.0000;-2391.0000;82.0000;272;270;315;0;0;17380
45537;277;0;0;240;250;235;112.0000;174.0000;112.0000;22.0000;7.0000;70.0000;1;0;0;0;0;1;2;128.0000;-2391.0000;82.0000;272;270;315;0;0;17380
45547;277;0;0;240;250;235;89.0000;174.0000;112.0000;22.0000;7.0000;70.0000;1;0;0;0;0;1;2;128.0000;-2391.0000;82.0000;272;270;315;0;0;17380
45558;277;0;0;240;250;235;89.0000;174.0000;112.0000;22.0000;7.0000;70.0000;1;0;0;0;0;1;2;128.0000;-2391.0000;82.0000;272;270;315;0;0;17380
45569;277;0;0;240;250;235;89.0000;147.0000;112.0000;22.0000;7.0000;70.0000;1;0;0;0;0;1;2;128.0000;-2391.0000;82.0000;272;270;315;0;0;17380
45581;277;0;0;240;250;235;89.0000;147.0000;95.0000;22.0000;7.0000;70.0000;1;0;0;0;0;1;2;128.0000;-2391.0000;82.0000;272;270;315;0;0;17380
45592;277;0;0;240;250;235;89.0000;147.0000;95.0000;22.0000;7.0000;70.0000;1;0;0;0;0;1;2;128.0000;-2391.0000;82.0000;272;270;315;0;0;17380
45602;277;0;0;240;250;235;89.0000;147.0000;95.0000;22.0000;7.0000;70.0000;1;0;0;0;0;1;2;132.0000;-2391.0000;82.0000;272;270;315;0;0;17380
45613;277;0;0;240;250;235;89.0000;147.0000;95.0000;22.0000;7.0000;70.0000;1;0;0;0;0;1;2;132.0000;-2391.0000;115.0000;272;270;315;0;0;17380
45624;277;0;0;240;250;235;89.0000;147.0000;95.0000;22.0000;7.0000;70.0000;1;0;0;0;0;1;2;132.0000;-2391.0000;115.0000;272;270;315;0;0;17380
45643;277;0;0;240;250;235;89.0000;147.0000;95.0000;22.0000;7.0000;70.0000;1;0;0;0;0;1;2;132.0000;-2391.0000;115.0000;272;270;315;0;0;17380
45653;277;0;0;240;250;235;85.0000;147.0000;95.0000;22.0000;7.0000;70.0000;1;0;0;0;0;1;2;132.0000;-2391.0000;115.0000;272;270;315;0;0;17406
45664;277;0;0;240;250;235;85.0000;147.0000;95.0000;22.0000;7.0000;70.0000;1;0;0;0;0;1;2;132.0000;-2391.0000;115.0000;272;270;315;0;0;17406
45675;277;0;0;240;250;235;85.0000;147.0000;125.0000;22.0000;7.0000;70.0000;1;0;0;0;0;1;2;132.0000;-2391.0000;115.0000;272;270;315;0;0;17406
45693;277;0;0;240;250;235;85.0000;147.0000;125.0000;22.0000;7.0000;70.0000;1;0;0;0;0;1;2;132.0000;-2391.0000;115.0000;272;270;315;0;0;17406
45704;277;0;0;240;250;235;85.0000;147.0000;125.0000;22.0000;7.0000;70.0000;1;0;0;0;0;1;2;71.0000;-2391.0000;115.0000;272;270;315;0;0;17406
45714;277;0;0;240;250;235;85.0000;147.0000;125.0000;22.0000;7.0000;70.0000;1;0;0;0;0;1;2;71.0000;-2391.0000;75.0000;272;270;315;0;0;17406
45725;277;0;0;240;250;235;85.0000;147.0000;125.0000;22.0000;7.0000;70.0000;1;0;0;0;0;1;2;71.0000;-2391.0000;75.0000;272;270;315;0;0;17406
45735;277;0;0;240;250;235;85.0000;147.0000;125.0000;22.0000;7.0000;70.0000;1;0;0;0;0;1;2;71.0000;-2391.0000;75.0000;272;270;315;0;0;17406
45746;277;0;0;240;250;235;75.0000;147.0000;125.0000;22.0000;7.0000;70.0000;1;0;0;0;0;1;2;71.0000;-2391.0000;75.0000;272;270;315;0;0;17406
45756;277;0;0;240;250;235;75.0000;147.0000;125.0000;22.0000;7.0000;70.0000;1;0;0;0;0;1;2;71.0000;-2391.0000;75.0000;272;270;315;0;0;17406
45767;277;0;0;240;250;235;75.0000;93.0000;125.0000;22.0000;7.0000;70.0000;1;0;0;0;0;1;2;71.0000;-2391.0000;75.0000;272;270;315;0;0;17406
45777;277;0;0;240;250;235;75.0000;93.0000;125.0000;22.0000;7.0000;70.0000;1;0;0;0;0;1;2;71.0000;-2391.0000;75.0000;272;270;315;0;0;17406
45788;277;0;0;240;250;235;75.0000;93.0000;115.0000;22.0000;7.0000;70.0000;1;0;0;0;0;1;2;71.0000;-2391.0000;75.0000;272;270;315;0;0;17406
45799;277;0;0;240;250;235;75.0000;93.0000;115.0000;22.0000;7.0000;70.0000;1;0;0;0;0;1;2;132.0000;-2391.0000;75.0000;272;270;315;0;0;17406
45809;277;0;0;240;250;235;75.0000;93.0000;115.0000;22.0000;7.0000;70.0000;1;0;0;0;0;1;2;132.0000;-2391.0000;75.0000;272;270;315;0;0;17406
45820;277;0;0;240;250;235;75.0000;93.0000;115.0000;22.0000;7.0000;70.0000;1;0;0;0;0;1;2;132.0000;-2391.0000;112.0000;272;270;315;0;0;17406
45831;277;0;0;240;250;235;75.0000;93.0000;115.0000;22.0000;7.0000;70.0000;1;0;0;0;0;1;2;132.0000;-2391.0000;112.0000;272;270;315;0;0;17406
45841;277;0;0;240;250;235;122.0000;93.0000;115.0000;22.0000;7.0000;70.0000;1;0;0;0;0;1;2;132.0000;-2391.0000;112.0000;272;270;315;0;0;17406
45852;277;0;0;240;250;235;122.0000;93.0000;115.0000;22.0000;7.0000;70.0000;1;0;0;0;0;1;2;132.0000;-2391.0000;112.0000;272;270;315;0;0;17406
45863;277;0;0;240;250;235;122.0000;93.0000;115.0000;22.0000;7.0000;70.0000;1;0;0;0;0;1;2;132.0000;-2391.0000;112.0000;272;270;315;0;0;17406
45874;277;0;0;240;250;235;122.0000;80.0000;115.0000;22.0000;7.0000;70.0000;1;0;0;0;0;1;2;132.0000;-2391.0000;112.0000;272;270;315;0;0;17406
45884;277;0;0;240;250;235;122.0000;80.0000;122.0000;22.0000;7.0000;70.0000;1;0;0;0;0;1;2;132.0000;-2391.0000;112.0000;272;270;315;0;0;17406
45897;277;0;0;240;250;235;122.0000;80.0000;122.0000;22.0000;7.0000;70.0000;1;0;0;0;0;1;2;105.0000;-2391.0000;112.0000;272;270;315;0;0;17406
45913;277;0;0;240;250;235;122.0000;80.0000;122.0000;22.0000;7.0000;70.0000;1;0;0;0;0;1;2;105.0000;-2391.0000;112.0000;272;270;315;0;0;17406
45924;277;0;0;240;250;235;122.0000;80.0000;122.0000;22.0000;7.0000;70.0000;1;0;0;0;0;1;2;105.0000;-2391.0000;82.0000;272;270;315;0;0;17406
45934;277;0;0;240;250;235;122.0000;80.0000;122.0000;22.0000;7.0000;70.0000;1;0;0;0;0;1;2;105.0000;-2391.0000;82.0000;272;270;315;0;0;17406
45952;277;0;0;240;250;235;115.0000;80.0000;122.0000;22.0000;7.0000;70.0000;1;0;0;0;0;1;2;105.0000;-2391.0000;82.0000;272;270;315;0;0;17406
45963;277;0;0;240;250;235;115.0000;80.0000;122.0000;22.0000;7.0000;70.0000;1;0;0;0;0;1;2;105.0000;-2391.0000;82.0000;272;270;315;0;0;17406
45973;277;0;0;240;250;235;115.0000;107.0000;122.0000;22.0000;7.0000;70.0000;1;0;0;0;0;1;2;105.0000;-2391.0000;82.0000;272;270;315;0;0;17406
45984;277;0;0;240;250;235;115.0000;107.0000;129.0000;22.0000;7.0000;70.0000;1;0;0;0;0;1;2;105.0000;-2391.0000;82.0000;272;270;315;0;0;17406
45994;277;0;0;240;250;235;115.0000;107.0000;129.0000;22.0000;7.0000;70.0000;1;0;0;0;0;1;2;105.0000;-2391.0000;82.0000;272;270;315;0;0;17406
46005;277;0;0;240;250;235;115.0000;107.0000;129.0000;22.0000;7.0000;70.0000;1;0;0;0;0;1;2;102.0000;-2391.0000;82.0000;272;270;315;0;0;17406
46016;277;0;0;240;250;235;115.0000;107.0000;129.0000;22.0000;7.0000;70.0000;1;0;0;0;0;1;2;102.0000;-2391.0000;72.0000;272;270;315;0;0;17406
46026;277;0;0;240;250;235;115.0000;107.0000;129.0000;22.0000;7.0000;70.0000;1;0;0;0;0;1;2;102.0000;-2391.0000;72.0000;272;270;315;0;0;17406
46037;277;0;0;240;250;235;115.0000;107.0000;129.0000;22.0000;7.0000;70.0000;1;0;0;0;0;1;2;102.0000;-2391.0000;72.0000;272;270;315;0;0;17406
46048;277;0;0;240;250;235;85.0000;107.0000;129.0000;22.0000;7.0000;70.0000;1;0;0;0;0;1;2;102.0000;-2391.0000;72.0000;272;270;315;0;0;17406
46059;277;0;0;240;250;235;85.0000;107.0000;129.0000;22.0000;7.0000;70.0000;1;0;0;0;0;1;2;102.0000;-2391.0000;72.0000;272;270;315;0;0;17406
46070;277;0;0;240;250;235;85.0000;174.0000;129.0000;22.0000;7.0000;70.0000;1;0;0;0;0;1;2;102.0000;-2391.0000;72.0000;272;270;315;0;0;17406
46080;277;0;0;240;250;235;85.0000;174.0000;92.0000;22.0000;7.0000;70.0000;1;0;0;0;0;1;2;102.0000;-2391.0000;72.0000;272;270;315;0;0;17406
46091;277;0;0;240;250;235;85.0000;174.0000;92.0000;22.0000;7.0000;70.0000;1;0;0;0;0;1;2;102.0000;-2391.0000;72.0000;272;270;315;0;0;17406
46102;277;0;0;240;250;235;85.0000;174.0000;92.0000;22.0000;7.0000;70.0000;1;0;0;0;0;1;2;135.0000;-2391.0000;72.0000;272;270;315;0;0;17406
46112;277;0;0;240;250;235;85.0000;174.0000;92.0000;22.0000;7.0000;70.0000;1;0;0;0;0;1;2;135.0000;-2391.0000;72.0000;272;270;315;0;0;17406
46123;277;0;0;240;250;235;85.0000;174.0000;92.0000;22.0000;7.0000;70.0000;1;0;0;0;0;1;2;135.0000;-2391.0000;115.0000;272;270;315;0;0;17406
46133;277;0;0;240;250;235;85.0000;174.0000;92.0000;22.0000;7.0000;70.0000;1;0;0;0;0;1;2;135.0000;-2391.0000;115.0000;272;270;315;0;0;17406
46144;277;0;0;240;250;235;122.0000;174.0000;92.0000;22.0000;7.0000;70.0000;1;0;0;0;0;1;2;135.0000;-2391.0000;115.0000;272;270;315;0;0;17406
46154;277;0;0;240;250;235;122.0000;174.0000;92.0000;22.0000;7.0000;70.0000;1;0;0;0;0;1;2;135.0000;-2391.0000;115.0000;272;270;315;0;0;17406
46165;277;0;0;240;250;235;122.0000;174.0000;92.0000;22.0000;7.0000;70.0000;1;0;0;0;0;1;2;135.0000;-2391.0000;115.0000;272;270;315;0;0;17376
46175;277;0;0;240;250;235;122.0000;-13.0000;92.0000;22.0000;7.0000;70.0000;1;0;0;0;0;1;2;135.0000;-2391.0000;115.0000;272;270;315;0;0;17376
46185;277;0;0;240;250;235;122.0000;-13.0000;132.0000;22.0000;7.0000;70.0000;1;0;0;0;0;1;2;135.0000;-2391.0000;115.0000;272;270;315;0;0;17376
46204;277;0;0;240;250;235;122.0000;-13.0000;132.0000;22.0000;7.0000;70.0000;1;0;0;0;0;1;2;135.0000;-2391.0000;115.0000;272;270;315;0;0;17376
46215;277;0;0;240;250;235;122.0000;-13.0000;132.0000;22.0000;7.0000;70.0000;1;0;0;0;0;1;2;115.0000;-2391.0000;115.0000;272;270;315;0;0;17376
46226;277;0;0;240;250;235;122.0000;-13.0000;132.0000;22.0000;7.0000;70.0000;1;0;0;0;0;1;2;115.0000;-2391.0000;65.0000;272;270;315;0;0;17376
46236;277;0;0;240;250;235;122.0000;-13.0000;132.0000;22.0000;7.0000;70.0000;1;0;0;0;0;1;2;115.0000;-2391.0000;65.0000;272;270;315;0;0;17376
46246;277;0;0;240;250;235;119.0000;-13.0000;132.0000;22.0000;7.0000;70.0000;1;0;0;0;0;1;2;115.0000;-2391.0000;65.0000;272;270;315;0;0;17376
46257;277;0;0;240;250;235;119.0000;-13.0000;132.0000;22.0000;7.0000;70.0000;1;0;0;0;0;1;2;115.0000;-2391.0000;65.0000;272;270;315;0;0;17376
46267;277;0;0;240;250;235;119.0000;-13.0000;132.0000;22.0000;7.0000;70.0000;1;0;0;0;0;1;2;115.0000;-2391.0000;65.0000;272;270;315;0;0;17376
46278;277;0;0;240;250;235;119.0000;26.0000;132.0000;22.0000;7.0000;70.0000;1;0;0;0;0;1;2;115.0000;-2391.0000;65.0000;272;270;315;0;0;17376
46290;277;0;0;240;250;235;119.0000;26.0000;125.0000;50.0000;7.0000;70.0000;1;0;0;0;0;1;2;115.0000;-2391.0000;65.0000;272;270;315;0;0;17376
46300;277;0;0;240;250;235;119.0000;26.0000;125.0000;50.0000;7.0000;70.0000;1;0;0;0;0;1;2;102.0000;-2391.0000;65.0000;272;270;315;0;0;17376
46311;277;0;0;240;250;235;119.0000;26.0000;125.0000;50.0000;7.0000;70.0000;1;0;0;0;0;1;2;102.0000;-2391.0000;65.0000;272;270;315;0;0;17376
46322;277;0;0;240;250;235;119.0000;26.0000;125.0000;50.0000;7.0000;70.0000;1;0;0;0;0;1;2;102.0000;-2391.0000;102.0000;272;270;315;0;0;17376
46332;277;0;0;240;250;235;119.0000;26.0000;125.0000;50.0000;7.0000;70.0000;1;0;0;0;0;1;2;102.0000;-2391.0000;102.0000;272;270;315;0;0;17376
46343;277;0;0;240;250;235;115.0000;26.0000;125.0000;50.0000;7.0000;70.0000;1;0;0;0;0;1;2;102.0000;-2391.0000;102.0000;272;270;315;0;0;17376
46353;277;0;0;240;250;235;115.0000;26.0000;125.0000;50.0000;7.0000;70.0000;1;0;0;0;0;1;2;102.0000;-2391.0000;102.0000;272;270;315;0;0;17376
46364;277;0;0;240;250;235;115.0000;26.0000;125.0000;50.0000;7.0000;70.0000;1;0;0;0;0;1;2;102.0000;-2391.0000;102.0000;272;270;315;0;0;17376
46374;277;0;0;240;250;235;115.0000;-26.0000;125.0000;50.0000;7.0000;70.0000;1;0;0;0;0;1;2;102.0000;-2391.0000;102.0000;272;270;315;0;0;17380
46385;277;0;0;240;250;235;115.0000;-26.0000;125.0000;50.0000;7.0000;70.0000;1;0;0;0;0;1;2;102.0000;-2391.0000;102.0000;272;270;315;0;0;17380
46395;277;0;0;240;250;235;115.0000;-26.0000;125.0000;50.0000;7.0000;70.0000;1;0;0;0;0;1;2;102.0000;-2391.0000;102.0000;272;270;315;0;0;17380
46406;277;0;0;240;250;235;115.0000;-26.0000;125.0000;50.0000;7.0000;70.0000;1;0;0;0;0;1;2;68.0000;-2391.0000;102.0000;272;270;315;0;0;17380
46418;277;0;0;240;250;235;115.0000;-26.0000;125.0000;50.0000;7.0000;70.0000;1;0;0;0;0;1;2;68.0000;-2391.0000;102.0000;272;270;315;0;0;17380
46428;277;0;0;240;250;235;115.0000;-26.0000;125.0000;50.0000;7.0000;70.0000;1;0;0;0;0;1;2;68.0000;-2391.0000;102.0000;272;270;315;0;0;17380
46439;277;0;0;240;250;235;115.0000;-26.0000;125.0000;50.0000;7.0000;70.0000;1;0;0;0;0;1;2;68.0000;-2391.0000;102.0000;272;270;315;0;0;17380
46449;277;0;0;240;250;235;115.0000;-26.0000;125.0000;50.0000;7.0000;70.0000;1;0;0;0;0;1;2;68.0000;-2391.0000;102.0000;272;270;315;0;0;17380
46460;277;0;0;240;250;235;115.0000;-26.0000;125.0000;50.0000;7.0000;70.0000;1;0;0;0;0;1;2;68.0000;-2391.0000;102.0000;272;270;315;0;0;17380
46472;277;0;0;240;250;235;115.0000;-26.0000;125.0000;50.0000;7.0000;70.0000;1;0;0;0;0;1;2;68.0000;-2391.0000;102.0000;272;270;315;0;0;17380
46485;277;0;0;240;250;235;115.0000;174.0000;82.0000;50.0000;7.0000;70.0000;1;0;0;0;0;1;2;68.0000;-2391.0000;102.0000;272;270;315;0;0;17380
46496;277;0;0;240;250;235;115.0000;174.0000;82.0000;50.0000;7.0000;70.0000;1;0;0;0;0;1;2;68.0000;-2391.0000;102.0000;272;270;315;0;0;17380
46507;277;0;0;240;250;235;115.0000;174.0000;82.0000;50.0000;7.0000;70.0000;1;0;0;0;0;1;2;71.0000;-2391.0000;102.0000;272;270;315;0;0;17380
46522;277;0;0;240;250;235;115.0000;174.0000;82.0000;50.0000;7.0000;70.0000;1;0;0;0;0;1;2;71.0000;-2391.0000;119.0000;272;270;315;0;0;17380
46532;277;0;0;240;250;235;115.0000;174.0000;82.0000;50.0000;7.0000;70.0000;1;0;0;0;0;1;2;71.0000;-2391.0000;119.0000;272;270;315;0;0;17380
46543;277;0;0;240;250;235;65.0000;174.0000;82.0000;50.0000;7.0000;70.0000;1;0;0;0;0;1;2;71.0000;-2391.0000;119.0000;272;270;315;0;0;17380
46553;277;0;0;240;250;235;65.0000;174.0000;82.0000;50.0000;7.0000;70.0000;1;0;0;0;0;1;2;71.0000;-2391.0000;119.0000;272;270;315;0;0;17380
46564;277;0;0;240;250;235;65.0000;174.0000;82.0000;50.0000;7.0000;70.0000;1;0;0;0;0;1;2;71.0000;-2391.0000;119.0000;272;270;315;0;0;17380
46576;277;0;0;240;250;235;65.0000;174.0000;82.0000;50.0000;7.0000;70.0000;1;0;0;0;0;1;2;71.0000;-2391.0000;119.0000;272;270;315;0;0;17388
46586;277;0;0;240;250;235;65.0000;161.0000;85.0000;50.0000;7.0000;70.0000;1;0;0;0;0;1;2;71.0000;-2391.0000;119.0000;272;270;315;0;0;17388
46598;277;0;0;240;250;235;65.0000;161.0000;85.0000;50.0000;7.0000;70.0000;1;0;0;0;0;1;2;71.0000;-2391.0000;119.0000;272;270;315;0;0;17388
46609;277;0;0;240;250;235;65.0000;161.0000;85.0000;50.0000;7.0000;70.0000;1;0;0;0;0;1;2;115.0000;-2391.0000;119.0000;272;270;315;0;0;17388
46620;277;0;0;240;250;235;65.0000;161.0000;85.0000;50.0000;7.0000;70.0000;1;0;0;0;0;1;2;115.0000;-2391.0000;102.0000;272;270;315;0;0;17388
46630;277;0;0;240;250;235;65.0000;161.0000;85.0000;50.0000;7.0000;70.0000;1;0;0;0;0;1;2;115.0000;-2391.0000;102.0000;272;270;315;0;0;17388
46641;277;0;0;240;250;235;65.0000;161.0000;85.0000;50.0000;7.0000;70.0000;1;0;0;0;0;1;2;115.0000;-2391.0000;102.0000;272;270;315;0;0;17388
46651;277;0;0;240;250;235;112.0000;161.0000;85.0000;50.0000;7.0000;70.0000;1;0;0;0;0;1;2;115.0000;-2391.0000;102.0000;272;270;315;0;0;17388
46661;277;0;0;240;250;235;112.0000;161.0000;85.0000;50.0000;7.0000;70.0000;1;0;0;0;0;1;2;115.0000;-2391.0000;102.0000;272;270;315;0;0;17388
46672;277;0;0;240;250;235;112.0000;161.0000;85.0000;50.0000;7.0000;70.0000;1;0;0;0;0;1;2;115.0000;-2391.0000;102.0000;272;270;315;0;0;17388
46683;277;0;0;240;250;235;112.0000;93.0000;85.0000;50.0000;7.0000;70.0000;1;0;0;0;0;1;2;115.0000;-2391.0000;102.0000;272;270;315;0;0;17406
46694;277;0;0;240;250;235;112.0000;93.0000;125.0000;50.0000;7.0000;70.0000;1;0;0;0;0;1;2;115.0000;-2391.0000;102.0000;272;270;315;0;0;17406
46705;277;0;0;240;250;235;112.0000;93.0000;125.0000;50.0000;7.0000;70.0000;1;0;0;0;0;1;2;125.0000;-2391.0000;102.0000;272;270;315;0;0;17406
46716;277;0;0;240;250;235;112.0000;93.0000;125.0000;50.0000;7.0000;70.0000;1;0;0;0;0;1;2;125.0000;-2391.0000;102.0000;272;270;315;0;0;17406
46726;277;0;0;240;250;235;112.0000;93.0000;125.0000;50.0000;7.0000;70.0000;1;0;0;0;0;1;2;125.0000;-2391.0000;129.0000;272;270;315;0;0;17406
46737;277;0;0;240;250;235;112.0000;93.0000;125.0000;50.0000;7.0000;70.0000;1;0;0;0;0;1;2;125.0000;-2391.0000;129.0000;272;270;315;0;0;17406
46747;277;0;0;240;250;235;126.0000;93.0000;125.0000;50.0000;7.0000;70.0000;1;0;0;0;0;1;2;125.0000;-2391.0000;129.0000;272;270;315;0;0;17406
46764;277;0;0;240;250;235;126.0000;93.0000;125.0000;50.0000;7.0000;70.0000;1;0;0;0;0;1;2;125.0000;-2391.0000;129.0000;272;270;315;0;0;17406
46774;277;0;0;240;250;235;126.0000;93.0000;125.0000;50.0000;7.0000;70.0000;1;0;0;0;0;1;2;125.0000;-2391.0000;129.0000;272;270;315;0;0;17406
46785;277;0;0;240;250;235;126.0000;-13.0000;112.0000;50.0000;7.0000;70.0000;1;0;0;0;0;1;2;125.0000;-2391.0000;129.0000;272;270;315;0;0;17406
46800;277;0;0;240;250;235;126.0000;-13.0000;112.0000;50.0000;7.0000;70.0000;1;0;0;0;0;1;2;125.0000;-2391.0000;129.0000;272;270;315;0;0;17406
46810;277;0;0;240;250;235;126.0000;-13.0000;112.0000;50.0000;7.0000;70.0000;1;0;0;0;0;1;2;108.0000;-2391.0000;129.0000;272;270;315;0;0;17406
46821;277;0;0;240;250;235;126.0000;-13.0000;112.0000;50.0000;7.0000;70.0000;1;0;0;0;0;1;2;108.0000;-2391.0000;108.0000;272;270;315;0;0;17406
46831;277;0;0;240;250;235;126.0000;-13.0000;112.0000;50.0000;7.0000;70.0000;1;0;0;0;0;1;2;108.0000;-2391.0000;108.0000;272;270;315;0;0;17406
46842;277;0;0;240;250;235;126.0000;-13.0000;112.0000;50.0000;7.0000;70.0000;1;0;0;0;0;1;2;108.0000;-2391.0000;108.0000;272;270;315;0;0;17406
46852;277;0;0;240;250;235;72.0000;-13.0000;112.0000;50.0000;7.0000;70.0000;1;0;0;0;0;1;2;108.0000;-2391.0000;108.0000;272;270;315;0;0;17406
46863;277;0;0;240;250;235;72.0000;-13.0000;112.0000;50.0000;7.0000;70.0000;1;0;0;0;0;1;2;108.0000;-2391.0000;108.0000;272;270;315;0;0;17406
46873;277;0;0;240;250;235;72.0000;-13.0000;112.0000;50.0000;7.0000;70.0000;1;0;0;0;0;1;2;108.0000;-2391.0000;108.0000;272;270;315;0;0;17406
46884;277;0;0;240;250;235;72.0000;174.0000;112.0000;50.0000;7.0000;70.0000;1;0;0;0;0;1;2;108.0000;-2391.0000;108.0000;272;270;315;0;0;17406
46894;277;0;0;240;250;235;72.0000;174.0000;112.0000;50.0000;7.0000;70.0000;1;0;0;0;0;1;2;108.0000;-2391.0000;108.0000;272;270;315;0;0;17406
46906;277;0;0;240;250;235;72.0000;174.0000;112.0000;50.0000;7.0000;70.0000;1;0;0;0;0;1;2;108.0000;-2391.0000;108.0000;272;270;315;0;0;17406
46916;277;0;0;240;250;235;72.0000;174.0000;112.0000;50.0000;7.0000;70.0000;1;0;0;0;0;1;2;78.0000;-2391.0000;108.0000;272;270;315;0;0;17406
46927;277;0;0;240;250;235;72.0000;174.0000;112.0000;50.0000;7.0000;70.0000;1;0;0;0;0;1;2;78.0000;-2391.0000;122.0000;272;270;315;0;0;17406
46937;277;0;0;240;250;235;72.0000;174.0000;112.0000;50.0000;7.0000;70.0000;1;0;0;0;0;1;2;78.0000;-2391.0000;122.0000;272;270;315;0;0;17406
46947;277;0;0;240;250;235;109.0000;174.0000;112.0000;50.0000;7.0000;70.0000;1;0;0;0;0;1;2;78.0000;-2391.0000;122.0000;272;270;315;0;0;17406
46958;277;0;0;240;250;235;109.0000;174.0000;112.0000;50.0000;7.0000;70.0000;1;0;0;0;0;1;2;78.0000;-2391.0000;122.0000;272;270;315;0;0;17406
46968;277;0;0;240;250;235;109.0000;174.0000;112.0000;50.0000;7.0000;70.0000;1;0;0;0;0;1;2;78.0000;-2391.0000;122.0000;272;270;315;0;0;17406
46979;277;0;0;240;250;235;109.0000;174.0000;112.0000;50.0000;7.0000;70.0000;1;0;0;0;0;1;2;78.0000;-2391.0000;122.0000;272;270;315;0;0;17406
46989;277;0;0;240;250;235;109.0000;26.0000;122.0000;50.0000;7.0000;70.0000;1;0;0;0;0;1;2;78.0000;-2391.0000;122.0000;272;270;315;0;0;17406
47000;277;0;0;240;250;235;109.0000;26.0000;122.0000;50.0000;7.0000;70.0000;1;0;0;0;0;1;2;78.0000;-2391.0000;122.0000;272;270;315;0;0;17406
47011;277;0;0;240;250;235;109.0000;26.0000;122.0000;50.0000;7.0000;70.0000;1;0;0;0;0;1;2;135.0000;-2391.0000;122.0000;272;270;315;0;0;17406
47021;277;0;0;240;250;235;109.0000;26.0000;122.0000;50.0000;7.0000;70.0000;1;0;0;0;0;1;2;135.0000;-2391.0000;108.0000;272;270;315;0;0;17406
47032;277;0;0;240;250;235;109.0000;26.0000;122.0000;50.0000;7.0000;70.0000;1;0;0;0;0;1;2;135.0000;-2391.0000;108.0000;272;270;315;0;0;17406
47042;277;0;0;240;250;235;109.0000;26.0000;122.0000;50.0000;7.0000;70.0000;1;0;0;0;0;1;2;135.0000;-2391.0000;108.0000;272;270;315;0;0;17406
47052;277;0;0;240;250;235;82.0000;26.0000;122.0000;50.0000;7.0000;70.0000;1;0;0;0;0;1;2;135.0000;-2391.0000;108.0000;272;270;315;0;0;17406
47063;277;0;0;240;250;235;82.0000;26.0000;122.0000;50.0000;7.0000;70.0000;1;0;0;0;0;1;2;135.0000;-2391.0000;108.0000;272;270;315;0;0;17406
47073;277;0;0;240;250;235;82.0000;26.0000;122.0000;50.0000;7.0000;70.0000;1;0;0;0;0;1;2;135.0000;-2391.0000;108.0000;272;270;315;0;0;17406
47085;277;0;0;240;250;235;82.0000;26.0000;122.0000;50.0000;7.0000;70.0000;1;0;0;0;0;1;2;135.0000;-2391.0000;108.0000;272;270;315;0;0;17406
47095;277;0;0;240;250;235;82.0000;161.0000;125.0000;50.0000;7.0000;70.0000;1;0;0;0;0;1;2;135.0000;-2391.0000;108.0000;272;270;315;0;0;17406
47106;277;0;0;240;250;235;82.0000;161.0000;125.0000;50.0000;7.0000;70.0000;1;0;0;0;0;1;2;135.0000;-2391.0000;108.0000;272;270;315;0;0;17406
47119;277;0;0;240;250;235;82.0000;161.0000;125.0000;50.0000;7.0000;70.0000;1;0;0;0;0;1;2;71.0000;-2391.0000;108.0000;272;270;315;0;0;17406
47130;277;0;0;240;250;235;82.0000;161.0000;125.0000;50.0000;7.0000;70.0000;1;0;0;0;0;1;2;71.0000;-2391.0000;72.0000;272;270;315;0;0;17406
47141;277;0;0;240;250;235;82.0000;161.0000;125.0000;50.0000;7.0000;70.0000;1;0;0;0;0;1;2;71.0000;-2391.0000;72.0000;272;270;315;0;0;17406
47151;277;0;0;240;250;235;112.0000;161.0000;125.0000;50.0000;7.0000;70.0000;1;0;0;0;0;1;2;71.0000;-2391.0000;72.0000;272;270;315;0;0;17406
47164;277;0;0;240;250;235;112.0000;161.0000;125.0000;50.0000;7.0000;70.0000;1;0;0;0;0;1;2;71.0000;-2391.0000;72.0000;272;270;315;0;0;17406
47174;277;0;0;240;252;235;112.0000;161.0000;125.0000;50.0000;7.0000;70.0000;1;0;0;0;0;1;2;71.0000;-2391.0000;72.0000;272;270;315;0;0;17406
47185;277;0;0;240;252;235;112.0000;161.0000;125.0000;50.0000;7.0000;70.0000;1;0;0;0;0;1;2;71.0000;-2391.0000;72.0000;272;270;315;0;0;17406
47195;277;0;0;240;252;235;112.0000;13.0000;122.0000;50.0000;7.0000;70.0000;1;0;0;0;0;1;2;71.0000;-2391.0000;72.0000;272;270;315;0;0;17406
47207;277;0;0;240;252;235;112.0000;13.0000;122.0000;50.0000;7.0000;70.0000;1;0;0;0;0;1;2;71.0000;-2391.0000;72.0000;272;270;315;0;0;17400
47217;277;0;0;240;252;235;112.0000;13.0000;122.0000;50.0000;7.0000;70.0000;1;0;0;0;0;1;2;85.0000;-2391.0000;72.0000;272;270;315;0;0;17376
47228;277;0;0;240;252;235;112.0000;13.0000;122.0000;50.0000;7.0000;70.0000;1;0;0;0;0;1;2;85.0000;-2391.0000;88.0000;272;270;315;0;0;17376
47238;277;0;0;240;252;235;112.0000;13.0000;122.0000;50.0000;7.0000;70.0000;1;0;0;0;0;1;2;85.0000;-2391.0000;88.0000;272;270;315;0;0;17376
47248;277;0;0;240;252;235;126.0000;13.0000;122.0000;50.0000;7.0000;70.0000;1;0;0;0;0;1;2;85.0000;-2391.0000;88.0000;272;270;315;0;0;17376
47259;277;0;0;240;252;235;126.0000;13.0000;122.0000;50.0000;7.0000;70.0000;1;0;0;0;0;1;2;85.0000;-2391.0000;88.0000;272;270;315;0;0;17376
47269;277;0;0;240;252;235;126.0000;13.0000;122.0000;50.0000;7.0000;70.0000;1;0;0;0;0;1;2;85.0000;-2391.0000;88.0000;272;270;315;0;0;17376
47280;277;0;0;240;252;235;126.0000;13.0000;122.0000;50.0000;7.0000;70.0000;1;0;0;0;0;1;2;85.0000;-2391.0000;88.0000;272;270;315;0;0;17376
47291;277;0;0;240;252;235;126.0000;161.0000;122.0000;50.0000;7.0000;70.0000;1;0;0;0;0;1;2;85.0000;-2391.0000;88.0000;272;270;315;0;0;17376
47302;277;0;0;240;252;235;126.0000;161.0000;85.0000;50.0000;7.0000;70.0000;1;0;0;0;0;1;2;85.0000;-2391.0000;88.0000;272;270;315;0;0;17376
47313;277;0;0;240;252;235;126.0000;161.0000;85.0000;50.0000;7.0000;70.0000;1;0;0;0;0;1;2;128.0000;-2391.0000;88.0000;272;270;315;0;0;17376
47323;277;0;0;240;252;235;126.0000;161.0000;85.0000;50.0000;7.0000;70.0000;1;0;0;0;0;1;2;128.0000;-2391.0000;108.0000;272;270;315;0;0;17376
47334;277;0;0;240;252;235;126.0000;161.0000;85.0000;50.0000;7.0000;70.0000;1;0;0;0;0;1;2;128.0000;-2391.0000;108.0000;272;270;315;0;0;17376
47345;277;0;0;240;252;235;126.0000;161.0000;85.0000;50.0000;7.0000;70.0000;1;0;0;0;0;1;2;128.0000;-2391.0000;108.0000;272;270;315;0;0;17376
47355;277;0;0;240;252;235;119.0000;161.0000;85.0000;50.0000;7.0000;70.0000;1;0;0;0;0;1;2;128.0000;-2391.0000;108.0000;272;270;315;0;0;17376
47366;277;0;0;240;252;235;119.0000;161.0000;85.0000;50.0000;7.0000;70.0000;1;0;0;0;0;1;2;128.0000;-2391.0000;108.0000;272;270;315;0;0;17376
47376;277;0;0;240;252;235;119.0000;161.0000;85.0000;50.0000;7.0000;70.0000;1;0;0;0;0;1;2;128.0000;-2391.0000;108.0000;272;270;315;0;0;17376
47387;277;0;0;240;252;235;119.0000;161.0000;85.0000;50.0000;7.0000;70.0000;1;0;0;0;0;1;2;128.0000;-2391.0000;108.0000;272;270;315;0;0;17376
47486;277;0;0;240;252;235;68.0000;-26.0000;78.0000;50.0000;7.0000;70.0000;1;0;0;0;0;1;2;132.0000;-2391.0000;115.0000;272;270;315;0;0;17380
47496;277;0;0;240;252;235;68.0000;-26.0000;78.0000;50.0000;7.0000;70.0000;1;0;0;0;0;1;2;132.0000;-2391.0000;115.0000;272;270;315;0;0;17380
47507;277;0;0;240;252;235;68.0000;120.0000;122.0000;50.0000;7.0000;70.0000;1;0;0;0;0;1;2;132.0000;-2391.0000;115.0000;272;270;315;0;0;17380
47517;277;0;0;240;252;235;68.0000;120.0000;122.0000;50.0000;7.0000;70.0000;1;0;0;0;0;1;2;132.0000;-2391.0000;115.0000;272;270;315;0;0;17380
47528;277;0;0;240;252;235;68.0000;120.0000;122.0000;50.0000;7.0000;70.0000;1;0;0;0;0;1;2;132.0000;-2391.0000;72.0000;272;270;315;0;0;17380
47539;277;0;0;240;252;235;68.0000;120.0000;122.0000;50.0000;7.0000;70.0000;1;0;0;0;0;1;2;132.0000;-2391.0000;72.0000;272;270;315;0;0;17380
47549;277;0;0;240;252;235;68.0000;120.0000;122.0000;50.0000;7.0000;70.0000;1;0;0;0;0;1;2;132.0000;-2391.0000;72.0000;272;270;315;0;0;17380
47560;277;0;0;240;252;235;75.0000;120.0000;122.0000;50.0000;7.0000;70.0000;1;0;0;0;0;1;2;132.0000;-2391.0000;72.0000;272;270;315;0;0;17380
47571;277;0;0;240;252;235;75.0000;120.0000;122.0000;50.0000;7.0000;70.0000;1;0;0;0;0;1;2;132.0000;-2391.0000;72.0000;272;270;315;0;0;17380
47581;277;0;0;240;252;235;75.0000;120.0000;122.0000;50.0000;7.0000;70.0000;1;0;0;0;0;1;2;132.0000;-2391.0000;72.0000;272;270;315;0;0;17380
47592;277;0;0;240;252;235;75.0000;120.0000;122.0000;50.0000;7.0000;70.0000;1;0;0;0;0;1;2;132.0000;-2391.0000;72.0000;272;270;315;0;0;17380
47603;277;0;0;240;252;235;75.0000;-40.0000;122.0000;50.0000;7.0000;70.0000;1;0;0;0;0;1;2;132.0000;-2391.0000;72.0000;272;270;315;0;0;17380
47613;277;0;0;240;252;235;75.0000;-40.0000;125.0000;50.0000;7.0000;70.0000;1;0;0;0;0;1;2;128.0000;-2391.0000;72.0000;272;270;315;0;0;17380
47624;277;0;0;240;252;235;75.0000;-40.0000;125.0000;50.0000;7.0000;70.0000;1;0;0;0;0;1;2;128.0000;-2391.0000;72.0000;272;270;315;0;0;17380
47636;277;0;0;240;252;235;75.0000;-40.0000;125.0000;50.0000;7.0000;70.0000;1;0;0;0;0;1;2;128.0000;-2391.0000;122.0000;272;270;315;0;0;17390
47654;277;0;0;240;252;235;75.0000;-40.0000;125.0000;50.0000;7.0000;70.0000;1;0;0;0;0;1;2;128.0000;-2391.0000;122.0000;272;270;315;0;0;17406
47674;277;0;0;240;252;235;99.0000;-40.0000;125.0000;50.0000;7.0000;70.0000;1;0;0;0;0;1;2;128.0000;-2391.0000;122.0000;272;270;315;0;0;17406
47693;277;0;0;240;252;235;99.0000;-40.0000;125.0000;50.0000;7.0000;70.0000;1;0;0;0;0;1;2;128.0000;-2391.0000;122.0000;272;270;315;0;0;17406
47703;277;0;0;240;252;235;99.0000;-40.0000;125.0000;50.0000;7.0000;70.0000;1;0;0;0;0;1;2;128.0000;-2391.0000;122.0000;272;270;315;0;0;17406
47714;277;0;0;240;252;235;99.0000;-40.0000;122.0000;50.0000;7.0000;70.0000;1;0;0;0;0;1;2;128.0000;-2391.0000;122.0000;272;270;315;0;0;17406
47724;277;0;0;240;252;235;99.0000;-40.0000;122.0000;50.0000;7.0000;70.0000;1;0;0;0;0;1;2;65.0000;-2391.0000;119.0000;272;270;315;0;0;17406
47735;277;0;0;240;252;235;99.0000;-40.0000;122.0000;50.0000;7.0000;70.0000;1;0;0;0;0;1;2;65.0000;-2391.0000;119.0000;272;270;315;0;0;17406
47745;277;0;0;240;252;235;99.0000;-40.0000;122.0000;50.0000;7.0000;70.0000;1;0;0;0;0;1;2;65.0000;-2391.0000;119.0000;272;270;315;0;0;17406
47755;277;0;0;240;252;235;99.0000;-40.0000;122.0000;50.0000;7.0000;70.0000;1;0;0;0;0;1;2;65.0000;-2391.0000;119.0000;272;270;315;0;0;17406
47766;277;0;0;240;252;235;122.0000;-40.0000;122.0000;50.0000;7.0000;70.0000;1;0;0;0;0;1;2;65.0000;-2391.0000;119.0000;272;270;315;0;0;17406
47777;277;0;0;240;252;235;122.0000;-40.0000;122.0000;50.0000;7.0000;70.0000;1;0;0;0;0;1;2;65.0000;-2391.0000;119.0000;272;270;315;0;0;17406
47787;277;0;0;240;252;235;122.0000;-40.0000;122.0000;50.0000;7.0000;70.0000;1;0;0;0;0;1;2;65.0000;-2391.0000;119.0000;272;270;315;0;0;17406
47797;277;0;0;240;252;235;122.0000;-40.0000;122.0000;50.0000;7.0000;70.0000;1;0;0;0;0;1;2;65.0000;-2391.0000;119.0000;272;270;315;0;0;17406
47808;277;0;0;240;252;235;122.0000;40.0000;122.0000;50.0000;7.0000;70.0000;1;0;0;0;0;1;2;65.0000;-2391.0000;119.0000;272;270;315;0;0;17406
47818;277;0;0;240;252;235;122.0000;40.0000;98.0000;50.0000;7.0000;70.0000;1;0;0;0;0;1;2;102.0000;-2391.0000;119.0000;272;270;315;0;0;17406
47829;277;0;0;240;252;235;122.0000;40.0000;98.0000;50.0000;7.0000;70.0000;1;0;0;0;0;1;2;102.0000;-2391.0000;112.0000;272;270;315;0;0;17406
47839;277;0;0;240;252;235;122.0000;40.0000;98.0000;50.0000;7.0000;70.0000;1;0;0;0;0;1;2;102.0000;-2391.0000;112.0000;272;270;315;0;0;17406
47850;277;0;0;240;252;235;122.0000;40.0000;98.0000;50.0000;7.0000;70.0000;1;0;0;0;0;1;2;102.0000;-2391.0000;112.0000;272;270;315;0;0;17406
47861;277;0;0;240;252;235;122.0000;40.0000;98.0000;50.0000;7.0000;70.0000;1;0;0;0;0;1;2;102.0000;-2391.0000;112.0000;272;270;315;0;0;17406
47871;277;0;0;240;252;235;122.0000;40.0000;98.0000;50.0000;7.0000;70.0000;1;0;0;0;0;1;2;102.0000;-2391.0000;112.0000;272;270;315;0;0;17406
47882;277;0;0;240;252;235;99.0000;40.0000;98.0000;50.0000;7.0000;70.0000;1;0;0;0;0;1;2;102.0000;-2391.0000;112.0000;272;270;315;0;0;17406
47892;277;0;0;240;252;235;99.0000;40.0000;98.0000;50.0000;7.0000;70.0000;1;0;0;0;0;1;2;102.0000;-2391.0000;112.0000;272;270;315;0;0;17406
47903;277;0;0;240;252;235;99.0000;120.0000;98.0000;50.0000;7.0000;70.0000;1;0;0;0;0;1;2;102.0000;-2391.0000;112.0000;272;270;315;0;0;17406
47914;277;0;0;240;252;235;99.0000;120.0000;82.0000;50.0000;7.0000;70.0000;1;0;0;0;0;1;2;102.0000;-2391.0000;112.0000;272;270;315;0;0;17406
47925;277;0;0;240;252;235;99.0000;120.0000;82.0000;50.0000;7.0000;70.0000;1;0;0;0;0;1;2;98.0000;-2391.0000;112.0000;272;270;315;0;0;17406
47936;277;0;0;240;252;235;99.0000;120.0000;82.0000;50.0000;7.0000;70.0000;1;0;0;0;0;1;2;98.0000;-2391.0000;92.0000;272;270;315;0;0;17406
47953;277;0;0;240;252;235;99.0000;120.0000;82.0000;50.0000;7.0000;70.0000;1;0;0;0;0;1;2;98.0000;-2391.0000;92.0000;272;270;315;0;0;17406
47963;277;0;0;240;252;235;99.0000;120.0000;82.0000;50.0000;7.0000;70.0000;1;0;0;0;0;1;2;98.0000;-2391.0000;92.0000;272;270;315;0;0;17406
47974;277;0;0;240;252;235;126.0000;120.0000;82.0000;50.0000;7.0000;70.0000;1;0;0;0;0;1;2;98.0000;-2391.0000;92.0000;272;270;315;0;0;17406
47992;277;0;0;240;252;235;126.0000;120.0000;82.0000;50.0000;7.0000;70.0000;1;0;0;0;0;1;2;98.0000;-2391.0000;92.0000;272;270;315;0;0;17406
48003;277;0;0;240;252;235;126.0000;120.0000;82.0000;50.0000;7.0000;70.0000;1;0;0;0;0;1;2;98.0000;-2391.0000;92.0000;272;270;315;0;0;17406
48013;277;0;0;240;252;235;126.0000;80.0000;82.0000;50.0000;7.0000;70.0000;1;0;0;0;0;1;2;98.0000;-2391.0000;92.0000;272;270;315;0;0;17406
48024;277;0;0;240;252;235;126.0000;80.0000;88.0000;50.0000;7.0000;70.0000;1;0;0;0;0;1;2;102.0000;-2391.0000;92.0000;272;270;315;0;0;17406
48035;277;0;0;240;252;235;126.0000;80.0000;88.0000;50.0000;7.0000;70.0000;1;0;0;0;0;1;2;102.0000;-2391.0000;92.0000;272;270;315;0;0;17406
48046;277;0;0;240;252;235;126.0000;80.0000;88.0000;50.0000;7.0000;70.0000;1;0;0;0;0;1;2;102.0000;-2391.0000;92.0000;272;270;315;0;0;17406
48057;277;0;0;240;252;235;126.0000;80.0000;88.0000;50.0000;7.0000;70.0000;1;0;0;0;0;1;2;102.0000;-2391.0000;129.0000;272;270;315;0;0;17406
48068;277;0;0;240;252;235;126.0000;80.0000;88.0000;50.0000;7.0000;70.0000;1;0;0;0;0;1;2;102.0000;-2391.0000;129.0000;272;270;315;0;0;17406
48079;277;0;0;240;252;235;122.0000;80.0000;88.0000;50.0000;7.0000;70.0000;1;0;0;0;0;1;2;102.0000;-2391.0000;129.0000;272;270;315;0;0;17406
48090;277;0;0;240;252;235;122.0000;80.0000;88.0000;50.0000;7.0000;70.0000;1;0;0;0;0;1;2;102.0000;-2391.0000;129.0000;272;270;315;0;0;17406
48100;277;0;0;240;252;235;122.0000;80.0000;88.0000;50.0000;7.0000;70.0000;1;0;0;0;0;1;2;102.0000;-2391.0000;129.0000;272;270;315;0;0;17406
48111;277;0;0;240;252;235;122.0000;147.0000;88.0000;50.0000;7.0000;70.0000;1;0;0;0;0;1;2;102.0000;-2391.0000;129.0000;272;270;315;0;0;17406
48123;277;0;0;240;252;235;122.0000;147.0000;125.0000;50.0000;7.0000;70.0000;1;0;0;0;0;1;2;128.0000;-2391.0000;129.0000;272;270;315;0;0;17406
48135;277;0;0;240;252;235;122.0000;147.0000;125.0000;50.0000;7.0000;70.0000;1;0;0;0;0;1;2;128.0000;-2391.0000;102.0000;272;270;315;0;0;17406
48145;277;0;0;240;252;235;122.0000;147.0000;125.0000;50.0000;7.0000;70.0000;1;0;0;0;0;1;2;128.0000;-2391.0000;102.0000;272;270;315;0;0;17406
48160;277;0;0;240;252;235;122.0000;147.0000;125.0000;50.0000;7.0000;70.0000;1;0;0;0;0;1;2;128.0000;-2391.0000;102.0000;272;270;315;0;0;17406
48170;277;0;0;240;252;235;122.0000;147.0000;125.0000;50.0000;7.0000;70.0000;1;0;0;0;0;1;2;128.0000;-2391.0000;102.0000;272;270;315;0;0;17376
48181;277;0;0;240;252;235;119.0000;147.0000;125.0000;50.0000;7.0000;70.0000;1;0;0;0;0;1;2;128.0000;-2391.0000;102.0000;272;270;315;0;0;17376
48191;277;0;0;240;252;235;119.0000;147.0000;125.0000;50.0000;7.0000;70.0000;1;0;0;0;0;1;2;128.0000;-2391.0000;102.0000;272;270;315;0;0;17376
48202;277;0;0;240;252;235;119.0000;147.0000;125.0000;50.0000;7.0000;70.0000;1;0;0;0;0;1;2;128.0000;-2391.0000;102.0000;272;270;315;0;0;17376
48212;277;0;0;240;252;235;119.0000;80.0000;125.0000;50.0000;7.0000;70.0000;1;0;0;0;0;1;2;128.0000;-2391.0000;102.0000;272;270;315;0;0;17376
48223;277;0;0;240;252;235;119.0000;80.0000;82.0000;50.0000;7.0000;70.0000;1;0;0;0;0;1;2;78.0000;-2391.0000;102.0000;272;270;315;0;0;17376
48233;277;0;0;240;252;235;119.0000;80.0000;82.0000;50.0000;7.0000;70.0000;1;0;0;0;0;1;2;78.0000;-2391.0000;102.0000;272;270;315;0;0;17376
48244;277;0;0;240;252;235;119.0000;80.0000;82.0000;50.0000;7.0000;70.0000;1;0;0;0;0;1;2;78.0000;-2391.0000;129.0000;272;270;315;0;0;17376
48259;277;0;0;240;252;235;119.0000;80.0000;82.0000;50.0000;7.0000;70.0000;1;0;0;0;0;1;2;78.0000;-2391.0000;129.0000;272;270;315;0;0;17376
48272;277;0;0;240;252;235;119.0000;80.0000;82.0000;50.0000;7.0000;70.0000;1;0;0;0;0;1;2;78.0000;-2391.0000;129.0000;272;270;315;0;0;17376
48286;277;0;0;240;252;235;79.0000;80.0000;82.0000;50.0000;7.0000;70.0000;1;0;0;0;0;1;2;78.0000;-2391.0000;129.0000;272;270;315;0;0;17376
48297;277;0;0;240;252;235;79.0000;80.0000;82.0000;50.0000;7.0000;70.0000;1;0;0;0;0;1;2;78.0000;-2391.0000;129.0000;272;270;315;0;0;17376
48307;277;0;0;240;252;235;79.0000;120.0000;82.0000;100.0000;7.0000;70.0000;1;0;0;0;0;1;2;78.0000;-2391.0000;129.0000;272;270;315;0;0;17376
48321;277;0;0;240;252;235;79.0000;120.0000;98.0000;100.0000;7.0000;70.0000;1;0;0;0;0;1;2;112.0000;-2391.0000;129.0000;272;270;315;0;0;17376
48332;277;0;0;240;252;235;79.0000;120.0000;98.0000;100.0000;7.0000;70.0000;1;0;0;0;0;1;2;112.0000;-2391.0000;125.0000;272;270;315;0;0;17376
48342;277;0;0;240;252;235;79.0000;120.0000;98.0000;100.0000;7.0000;70.0000;1;0;0;0;0;1;2;112.0000;-2391.0000;125.0000;272;270;315;0;0;17376
48353;277;0;0;240;252;235;79.0000;120.0000;98.0000;100.0000;7.0000;70.0000;1;0;0;0;0;1;2;112.0000;-2391.0000;125.0000;272;270;315;0;0;17376
48364;277;0;0;240;252;235;79.0000;120.0000;98.0000;100.0000;7.0000;70.0000;1;0;0;0;0;1;2;112.0000;-2391.0000;125.0000;272;270;315;0;0;17376
48380;277;0;0;240;252;235;79.0000;120.0000;98.0000;100.0000;7.0000;70.0000;1;0;0;0;0;1;2;112.0000;-2391.0000;125.0000;272;270;315;0;0;17376
48390;277;0;0;240;252;235;79.0000;120.0000;98.0000;100.0000;7.0000;70.0000;1;0;0;0;0;1;2;112.0000;-2391.0000;125.0000;272;270;315;0;0;17376
48407;277;0;0;240;252;235;79.0000;120.0000;98.0000;100.0000;7.0000;70.0000;1;0;0;0;0;1;2;112.0000;-2391.0000;125.0000;272;270;315;0;0;17376
48417;277;0;0;240;252;235;92.0000;67.0000;98.0000;100.0000;7.0000;70.0000;1;0;0;0;0;1;2;112.0000;-2391.0000;125.0000;272;270;315;0;0;17380
48429;277;0;0;240;252;235;92.0000;67.0000;98.0000;100.0000;7.0000;70.0000;1;0;0;0;0;1;2;95.0000;-2391.0000;125.0000;272;270;315;0;0;17380
48440;277;0;0;240;252;235;92.0000;67.0000;122.0000;100.0000;7.0000;70.0000;1;0;0;0;0;1;2;95.0000;-2391.0000;65.0000;272;270;315;0;0;17380
48450;277;0;0;240;252;235;92.0000;67.0000;122.0000;100.0000;7.0000;70.0000;1;0;0;0;0;1;2;95.0000;-2391.0000;65.0000;272;270;315;0;0;17380
48464;277;0;0;240;252;235;92.0000;67.0000;122.0000;100.0000;7.0000;70.0000;1;0;0;0;0;1;2;95.0000;-2391.0000;65.0000;272;270;315;0;0;17380
48475;277;0;0;240;252;235;92.0000;67.0000;122.0000;100.0000;7.0000;70.0000;1;0;0;0;0;1;2;95.0000;-2391.0000;65.0000;272;270;315;0;0;17380
48486;277;0;0;240;252;235;126.0000;67.0000;122.0000;100.0000;7.0000;70.0000;1;0;0;0;0;1;2;95.0000;-2391.0000;65.0000;272;270;315;0;0;17380
48496;277;0;0;240;252;235;126.0000;67.0000;122.0000;100.0000;7.0000;70.0000;1;0;0;0;0;1;2;95.0000;-2391.0000;65.0000;272;270;315;0;0;17380
48510;277;0;0;240;252;235;126.0000;67.0000;122.0000;100.0000;7.0000;70.0000;1;0;0;0;0;1;2;95.0000;-2391.0000;65.0000;272;270;315;0;0;17380
48521;277;0;0;240;252;235;126.0000;134.0000;122.0000;100.0000;7.0000;70.0000;1;0;0;0;0;1;2;95.0000;-2391.0000;65.0000;272;270;315;0;0;17380
48531;277;0;0;240;252;235;126.0000;134.0000;132.0000;100.0000;7.0000;70.0000;1;0;0;0;0;1;2;92.0000;-2391.0000;65.0000;272;270;315;0;0;17380
48542;277;0;0;240;252;235;126.0000;134.0000;132.0000;100.0000;7.0000;70.0000;1;0;0;0;0;1;2;92.0000;-2391.0000;61.0000;272;270;315;0;0;17380
48552;277;0;0;240;252;235;126.0000;134.0000;132.0000;100.0000;7.0000;70.0000;1;0;0;0;0;1;2;92.0000;-2391.0000;61.0000;272;270;315;0;0;17380
48565;277;0;0;240;252;235;126.0000;134.0000;132.0000;100.0000;7.0000;70.0000;1;0;0;0;0;1;2;92.0000;-2391.0000;61.0000;272;270;315;0;0;17380
48575;277;0;0;240;252;235;126.0000;134.0000;132.0000;100.0000;7.0000;70.0000;1;0;0;0;0;1;2;92.0000;-2391.0000;61.0000;272;270;315;0;0;17380
48587;277;0;0;240;252;235;126.0000;134.0000;132.0000;100.0000;7.0000;70.0000;1;0;0;0;0;1;2;92.0000;-2391.0000;61.0000;272;270;315;0;0;17380
48601;277;0;0;240;252;235;132.0000;134.0000;132.0000;100.0000;7.0000;70.0000;1;0;0;0;0;1;2;92.0000;-2391.0000;61.0000;272;270;315;0;0;17380
48612;277;0;0;240;252;235;132.0000;134.0000;132.0000;100.0000;7.0000;70.0000;1;0;0;0;0;1;2;92.0000;-2391.0000;61.0000;272;270;315;0;0;17380
48622;277;0;0;240;252;235;132.0000;161.0000;132.0000;100.0000;7.0000;70.0000;1;0;0;0;0;1;2;92.0000;-2391.0000;61.0000;272;270;315;0;0;17380
48633;277;0;0;240;252;235;132.0000;161.0000;132.0000;100.0000;7.0000;70.0000;1;0;0;0;0;1;2;132.0000;-2391.0000;61.0000;272;270;315;0;0;17380
48644;277;0;0;240;252;235;132.0000;161.0000;119.0000;100.0000;7.0000;70.0000;1;0;0;0;0;1;2;132.0000;-2391.0000;122.0000;272;270;315;0;0;17406
48661;277;0;0;240;252;235;132.0000;161.0000;119.0000;100.0000;7.0000;70.0000;1;0;0;0;0;1;2;132.0000;-2391.0000;122.0000;272;270;315;0;0;17406
48671;277;0;0;240;252;235;132.0000;161.0000;119.0000;100.0000;7.0000;70.0000;1;0;0;0;0;1;2;132.0000;-2391.0000;122.0000;272;270;315;0;0;17406
48682;277;0;0;240;252;235;132.0000;161.0000;119.0000;100.0000;7.0000;70.0000;1;0;0;0;0;1;2;132.0000;-2391.0000;122.0000;272;270;315;0;0;17406
48695;277;0;0;240;252;235;85.0000;161.0000;119.0000;100.0000;7.0000;70.0000;1;0;0;0;0;1;2;132.0000;-2391.0000;122.0000;272;270;315;0;0;17406
48706;277;0;0;240;252;235;85.0000;161.0000;119.0000;100.0000;7.0000;70.0000;1;0;0;0;0;1;2;132.0000;-2391.0000;122.0000;272;270;315;0;0;17406
48718;277;0;0;240;252;235;85.0000;161.0000;119.0000;100.0000;7.0000;70.0000;1;0;0;0;0;1;2;132.0000;-2391.0000;122.0000;272;270;315;0;0;17406
48729;277;0;0;240;252;235;85.0000;147.0000;85.0000;100.0000;7.0000;70.0000;1;0;0;0;0;1;2;128.0000;-2391.0000;122.0000;272;270;315;0;0;17406
48741;277;0;0;240;252;235;85.0000;147.0000;85.0000;100.0000;7.0000;70.0000;1;0;0;0;0;1;2;128.0000;-2391.0000;68.0000;272;270;315;0;0;17406
48752;277;0;0;240;252;235;85.0000;147.0000;85.0000;100.0000;7.0000;70.0000;1;0;0;0;0;1;2;128.0000;-2391.0000;68.0000;272;270;315;0;0;17406
48764;277;0;0;240;252;235;85.0000;147.0000;85.0000;100.0000;7.0000;70.0000;1;0;0;0;0;1;2;128.0000;-2391.0000;68.0000;272;270;315;0;0;17406
48784;277;0;0;240;252;235;85.0000;147.0000;85.0000;100.0000;7.0000;70.0000;1;0;0;0;0;1;2;128.0000;-2391.0000;68.0000;272;270;315;0;0;17406
48795;277;0;0;240;252;235;85.0000;147.0000;85.0000;100.0000;7.0000;70.0000;1;0;0;0;0;1;2;128.0000;-2391.0000;68.0000;272;270;315;0;0;17406
48806;277;0;0;240;252;235;85.0000;147.0000;85.0000;100.0000;7.0000;70.0000;1;0;0;0;0;1;2;128.0000;-2391.0000;68.0000;272;270;315;0;0;17406
48817;277;0;0;240;252;235;85.0000;147.0000;85.0000;100.0000;7.0000;70.0000;1;0;0;0;0;1;2;128.0000;-2391.0000;68.0000;272;270;315;0;0;17406
48827;277;0;0;240;252;235;85.0000;161.0000;85.0000;100.0000;7.0000;70.0000;1;0;0;0;0;1;2;75.0000;-2391.0000;68.0000;272;270;315;0;0;17406
48838;277;0;0;240;252;235;85.0000;161.0000;122.0000;100.0000;7.0000;70.0000;1;0;0;0;0;1;2;75.0000;-2391.0000;68.0000;272;270;315;0;0;17406
48849;277;0;0;240;252;235;85.0000;161.0000;122.0000;100.0000;7.0000;70.0000;1;0;0;0;0;1;2;75.0000;-2391.0000;68.0000;272;270;315;0;0;17406
48860;277;0;0;240;252;235;85.0000;161.0000;122.0000;100.0000;7.0000;70.0000;1;0;0;0;0;1;2;75.0000;-2391.0000;68.0000;272;270;315;0;0;17406
48875;277;0;0;240;252;235;85.0000;161.0000;122.0000;100.0000;7.0000;70.0000;1;0;0;0;0;1;2;75.0000;-2391.0000;68.0000;272;270;315;0;0;17406
48887;277;0;0;240;252;235;85.0000;161.0000;122.0000;100.0000;7.0000;70.0000;1;0;0;0;0;1;2;75.0000;-2391.0000;68.0000;272;270;315;0;0;17406
48904;277;0;0;240;252;235;79.0000;161.0000;122.0000;100.0000;7.0000;70.0000;1;0;0;0;0;1;2;75.0000;-2391.0000;68.0000;272;270;315;0;0;17406
48915;277;0;0;240;252;235;79.0000;161.0000;122.0000;100.0000;7.0000;70.0000;1;0;0;0;0;1;2;75.0000;-2391.0000;68.0000;272;270;315;0;0;17406
48926;277;0;0;240;252;235;79.0000;161.0000;122.0000;100.0000;7.0000;70.0000;1;0;0;0;0;1;2;75.0000;-2391.0000;68.0000;272;270;315;0;0;17406
48936;277;0;0;240;252;235;79.0000;174.0000;98.0000;100.0000;7.0000;70.0000;1;0;0;0;0;1;2;68.0000;-2391.0000;98.0000;272;270;315;0;0;17406
48947;277;0;0;240;252;235;79.0000;174.0000;98.0000;100.0000;7.0000;70.0000;1;0;0;0;0;1;2;68.0000;-2391.0000;98.0000;272;270;315;0;0;17406
48958;277;0;0;240;252;235;79.0000;174.0000;98.0000;100.0000;7.0000;70.0000;1;0;0;0;0;1;2;68.0000;-2391.0000;98.0000;272;270;315;0;0;17406
48972;277;0;0;240;252;235;79.0000;174.0000;98.0000;100.0000;7.0000;70.0000;1;0;0;0;0;1;2;68.0000;-2391.0000;98.0000;272;270;315;0;0;17406
48990;277;0;0;240;252;235;79.0000;174.0000;98.0000;100.0000;7.0000;70.0000;1;0;0;0;0;1;2;68.0000;-2391.0000;98.0000;272;270;315;0;0;17406
49003;277;0;0;240;252;235;79.0000;174.0000;98.0000;100.0000;7.0000;70.0000;1;0;0;0;0;1;2;68.0000;-2391.0000;98.0000;272;270;315;0;0;17406
49015;277;0;0;240;252;235;112.0000;174.0000;98.0000;100.0000;7.0000;70.0000;1;0;0;0;0;1;2;68.0000;-2391.0000;98.0000;272;270;315;0;0;17406
49036;277;0;0;240;252;235;112.0000;161.0000;98.0000;100.0000;7.0000;70.0000;1;0;0;0;0;1;2;68.0000;-2391.0000;98.0000;272;270;315;0;0;17406
49047;277;0;0;240;252;235;112.0000;161.0000;125.0000;100.0000;7.0000;70.0000;1;0;0;0;0;1;2;132.0000;-2391.0000;98.0000;272;270;315;0;0;17406
49058;277;0;0;240;252;235;112.0000;161.0000;125.0000;100.0000;7.0000;70.0000;1;0;0;0;0;1;2;132.0000;-2391.0000;85.0000;272;270;315;0;0;17406
49068;277;0;0;240;252;235;112.0000;161.0000;125.0000;100.0000;7.0000;70.0000;1;0;0;0;0;1;2;132.0000;-2391.0000;85.0000;272;270;315;0;0;17406
49080;277;0;0;240;252;235;112.0000;161.0000;125.0000;100.0000;7.0000;70.0000;1;0;0;0;0;1;2;132.0000;-2391.0000;85.0000;272;270;315;0;0;17406
49091;277;0;0;240;252;235;112.0000;161.0000;125.0000;100.0000;7.0000;70.0000;1;0;0;0;0;1;2;132.0000;-2391.0000;85.0000;272;270;315;0;0;17406
49102;277;0;0;240;252;235;119.0000;161.0000;125.0000;100.0000;7.0000;70.0000;1;0;0;0;0;1;2;132.0000;-2391.0000;85.0000;272;270;315;0;0;17406
49113;277;0;0;240;252;235;119.0000;161.0000;125.0000;100.0000;7.0000;70.0000;1;0;0;0;0;1;2;132.0000;-2391.0000;85.0000;272;270;315;0;0;17406
49125;277;0;0;240;252;235;119.0000;161.0000;125.0000;100.0000;7.0000;70.0000;1;0;0;0;0;1;2;132.0000;-2391.0000;85.0000;272;270;315;0;0;17406
49138;277;0;0;240;252;235;119.0000;161.0000;125.0000;100.0000;7.0000;70.0000;1;0;0;0;0;1;2;78.0000;-2391.0000;102.0000;272;270;315;0;0;17406
49150;277;0;0;240;252;235;119.0000;161.0000;92.0000;100.0000;7.0000;70.0000;1;0;0;0;0;1;2;78.0000;-2391.0000;102.0000;272;270;315;0;0;17406
49161;277;0;0;240;252;235;119.0000;161.0000;92.0000;100.0000;7.0000;70.0000;1;0;0;0;0;1;2;78.0000;-2391.0000;102.0000;272;270;315;0;0;17406
49174;277;0;0;240;252;235;119.0000;161.0000;92.0000;100.0000;7.0000;70.0000;1;0;0;0;0;1;2;78.0000;-2391.0000;102.0000;272;270;315;0;0;17406
49185;277;0;0;240;252;235;119.0000;161.0000;92.0000;100.0000;7.0000;70.0000;1;0;0;0;0;1;2;78.0000;-2391.0000;102.0000;272;270;315;0;0;17406
49196;277;0;0;240;252;235;119.0000;161.0000;92.0000;100.0000;7.0000;70.0000;1;0;0;0;0;1;2;78.0000;-2391.0000;102.0000;272;270;315;0;0;17406
49207;277;0;0;240;252;235;112.0000;161.0000;92.0000;100.0000;7.0000;70.0000;1;0;0;0;0;1;2;78.0000;-2391.0000;102.0000;272;270;315;0;0;17406
49217;277;0;0;240;252;235;112.0000;161.0000;92.0000;100.0000;7.0000;70.0000;1;0;0;0;0;1;2;78.0000;-2391.0000;102.0000;272;270;315;0;0;17400
49229;277;0;0;240;252;235;112.0000;161.0000;92.0000;100.0000;7.0000;70.0000;1;0;0;0;0;1;2;78.0000;-2391.0000;102.0000;272;270;315;0;0;17392
49239;277;0;0;240;252;235;112.0000;147.0000;92.0000;100.0000;7.0000;70.0000;1;0;0;0;0;1;2;139.0000;-2391.0000;102.0000;272;270;315;0;0;17376
49252;277;0;0;240;252;235;112.0000;147.0000;92.0000;100.0000;7.0000;70.0000;1;0;0;0;0;1;2;139.0000;-2391.0000;122.0000;272;270;315;0;0;17376
49264;277;0;0;240;252;235;112.0000;147.0000;122.0000;100.0000;7.0000;70.0000;1;0;0;0;0;1;2;139.0000;-2391.0000;122.0000;272;270;315;0;0;17376
49275;277;0;0;240;252;235;112.0000;147.0000;122.0000;100.0000;7.0000;70.0000;1;0;0;0;0;1;2;139.0000;-2391.0000;122.0000;272;270;315;0;0;17376
49294;277;0;0;240;252;235;112.0000;147.0000;122.0000;100.0000;7.0000;70.0000;1;0;0;0;0;1;2;139.0000;-2391.0000;122.0000;272;270;315;0;0;17376
49305;277;0;0;240;252;235;112.0000;147.0000;122.0000;100.0000;7.0000;70.0000;1;0;0;0;0;1;2;139.0000;-2391.0000;122.0000;272;270;315;0;0;17376
49316;277;0;0;240;252;235;92.0000;147.0000;122.0000;100.0000;8.0000;70.0000;1;0;0;0;0;1;2;139.0000;-2391.0000;122.0000;272;270;315;0;0;17376
49327;277;0;0;240;252;235;92.0000;147.0000;122.0000;100.0000;8.0000;70.0000;1;0;0;0;0;1;2;139.0000;-2391.0000;122.0000;272;270;315;0;0;17376
49338;277;0;0;240;252;235;92.0000;147.0000;122.0000;100.0000;8.0000;70.0000;1;0;0;0;0;1;2;95.0000;-2391.0000;122.0000;272;270;315;0;0;17376
49349;277;0;0;240;252;235;92.0000;147.0000;122.0000;100.0000;8.0000;70.0000;1;0;0;0;0;1;2;95.0000;-2391.0000;122.0000;272;270;315;0;0;17376
49361;277;0;0;240;252;235;92.0000;134.0000;135.0000;100.0000;8.0000;70.0000;1;0;0;0;0;1;2;95.0000;-2391.0000;65.0000;272;270;315;0;0;17376
49372;277;0;0;240;252;235;92.0000;134.0000;135.0000;100.0000;8.0000;70.0000;1;0;0;0;0;1;2;95.0000;-2391.0000;65.0000;272;270;315;0;0;17380
49384;277;0;0;240;252;235;92.0000;134.0000;135.0000;100.0000;8.0000;70.0000;1;0;0;0;0;1;2;95.0000;-2391.0000;65.0000;272;270;315;0;0;17380
49395;277;0;0;240;252;235;92.0000;134.0000;135.0000;100.0000;8.0000;70.0000;1;0;0;0;0;1;2;95.0000;-2391.0000;65.0000;272;270;315;0;0;17380
49407;277;0;0;240;252;235;126.0000;134.0000;135.0000;100.0000;8.0000;70.0000;1;0;0;0;0;1;2;95.0000;-2391.0000;65.0000;272;270;315;0;0;17380
49418;277;0;0;240;252;235;126.0000;134.0000;135.0000;100.0000;8.0000;70.0000;1;0;0;0;0;1;2;95.0000;-2391.0000;65.0000;272;270;315;0;0;17380
49436;277;0;0;240;252;235;126.0000;134.0000;135.0000;100.0000;8.0000;70.0000;1;0;0;0;0;1;2;115.0000;-2391.0000;65.0000;272;270;315;0;0;17380
49447;277;0;0;240;252;235;126.0000;147.0000;135.0000;100.0000;8.0000;70.0000;1;0;0;0;0;1;2;115.0000;-2391.0000;129.0000;272;270;315;0;0;17380
49459;277;0;0;240;252;235;126.0000;147.0000;132.0000;100.0000;8.0000;70.0000;1;0;0;0;0;1;2;115.0000;-2391.0000;129.0000;272;270;315;0;0;17380
49475;277;0;0;240;252;235;126.0000;147.0000;132.0000;100.0000;8.0000;70.0000;1;0;0;0;0;1;2;115.0000;-2391.0000;129.0000;272;270;315;0;0;17380
49486;277;0;0;240;252;235;126.0000;147.0000;132.0000;100.0000;8.0000;70.0000;1;0;0;0;0;1;2;115.0000;-2391.0000;129.0000;272;270;315;0;0;17380
49497;277;0;0;240;252;235;126.0000;147.0000;132.0000;100.0000;8.0000;70.0000;1;0;0;0;0;1;2;115.0000;-2391.0000;129.0000;272;270;315;0;0;17380
49508;277;0;0;240;252;235;126.0000;147.0000;132.0000;100.0000;8.0000;70.0000;1;0;0;0;0;1;2;115.0000;-2391.0000;129.0000;272;270;315;0;0;17380
49524;277;0;0;240;252;235;129.0000;147.0000;132.0000;100.0000;8.0000;70.0000;1;0;0;0;0;1;2;115.0000;-2391.0000;129.0000;272;270;315;0;0;17380
49535;277;0;0;240;252;235;129.0000;147.0000;132.0000;100.0000;8.0000;70.0000;1;0;0;0;0;1;2;102.0000;-2391.0000;129.0000;272;270;315;0;0;17380
49546;277;0;0;240;252;235;129.0000;147.0000;132.0000;100.0000;8.0000;70.0000;1;0;0;0;0;1;2;102.0000;-2391.0000;108.0000;272;270;315;0;0;17380
49557;277;0;0;240;252;235;129.0000;67.0000;115.0000;100.0000;8.0000;70.0000;1;0;0;0;0;1;2;102.0000;-2391.0000;108.0000;272;270;315;0;0;17380
49568;277;0;0;240;252;235;129.0000;67.0000;115.0000;100.0000;8.0000;70.0000;1;0;0;0;0;1;2;102.0000;-2391.0000;108.0000;272;270;315;0;0;17380
49584;277;0;0;240;252;235;129.0000;67.0000;115.0000;100.0000;8.0000;70.0000;1;0;0;0;0;1;2;102.0000;-2391.0000;108.0000;272;270;315;0;0;17380
49595;277;0;0;240;252;235;129.0000;67.0000;115.0000;100.0000;8.0000;70.0000;1;0;0;0;0;1;2;102.0000;-2391.0000;108.0000;272;270;315;0;0;17388
49606;277;0;0;240;252;235;129.0000;67.0000;115.0000;100.0000;8.0000;70.0000;1;0;0;0;0;1;2;102.0000;-2391.0000;108.0000;272;270;315;0;0;17388
49625;277;0;0;240;252;235;119.0000;67.0000;115.0000;100.0000;8.0000;70.0000;1;0;0;0;0;1;2;102.0000;-2391.0000;108.0000;272;270;315;0;0;17388
49637;277;0;0;240;252;235;119.0000;67.0000;115.0000;100.0000;8.0000;70.0000;1;0;0;0;0;1;2;102.0000;-2391.0000;108.0000;272;270;315;0;0;17388
49656;277;0;0;240;252;235;119.0000;67.0000;115.0000;100.0000;8.0000;70.0000;1;0;0;0;0;1;2;122.0000;-2391.0000;108.0000;272;270;315;0;0;17388
49666;277;0;0;240;252;235;119.0000;-13.0000;132.0000;100.0000;8.0000;70.0000;1;0;0;0;0;1;2;122.0000;-2391.0000;68.0000;272;270;315;0;0;17388
49677;277;0;0;240;252;235;119.0000;-13.0000;132.0000;100.0000;8.0000;70.0000;1;0;0;0;0;1;2;122.0000;-2391.0000;68.0000;272;270;315;0;0;17388
49690;277;0;0;240;252;235;119.0000;-13.0000;132.0000;100.0000;8.0000;70.0000;1;0;0;0;0;1;2;122.0000;-2391.0000;68.0000;272;270;315;0;0;17388
49704;277;0;0;240;252;235;119.0000;-13.0000;132.0000;100.0000;8.0000;70.0000;1;0;0;0;0;1;2;122.0000;-2391.0000;68.0000;272;270;315;0;0;17406
49715;277;0;0;240;252;235;126.0000;-13.0000;132.0000;100.0000;8.0000;70.0000;1;0;0;0;0;1;2;122.0000;-2391.0000;68.0000;272;270;315;0;0;17406
49725;277;0;0;240;252;235;126.0000;-13.0000;132.0000;100.0000;8.0000;70.0000;1;0;0;0;0;1;2;122.0000;-2391.0000;68.0000;272;270;315;0;0;17406
49741;277;0;0;240;252;235;126.0000;-13.0000;132.0000;100.0000;8.0000;70.0000;1;0;0;0;0;1;2;92.0000;-2391.0000;68.0000;272;270;315;0;0;17406
49754;277;0;0;240;252;235;126.0000;80.0000;132.0000;100.0000;8.0000;70.0000;1;0;0;0;0;1;2;92.0000;-2391.0000;95.0000;272;270;315;0;0;17406
49765;277;0;0;240;252;235;126.0000;80.0000;88.0000;100.0000;8.0000;70.0000;1;0;0;0;0;1;2;92.0000;-2391.0000;95.0000;272;270;315;0;0;17406
49779;277;0;0;240;252;235;126.0000;80.0000;88.0000;100.0000;8.0000;70.0000;1;0;0;0;0;1;2;92.0000;-2391.0000;95.0000;272;270;315;0;0;17406
49790;277;0;0;240;252;235;126.0000;80.0000;88.0000;100.0000;8.0000;70.0000;1;0;0;0;0;1;2;92.0000;-2391.0000;95.0000;272;270;315;0;0;17406
49800;277;0;0;240;252;235;126.0000;80.0000;88.0000;100.0000;8.0000;70.0000;1;0;0;0;0;1;2;92.0000;-2391.0000;95.0000;272;270;315;0;0;17406
49811;277;0;0;240;252;235;126.0000;80.0000;88.0000;100.0000;8.0000;70.0000;1;0;0;0;0;1;2;92.0000;-2391.0000;95.0000;272;270;315;0;0;17406
49822;277;0;0;240;252;235;126.0000;80.0000;88.0000;100.0000;8.0000;70.0000;1;0;0;0;0;1;2;92.0000;-2391.0000;95.0000;272;270;315;0;0;17406
49832;277;0;0;240;252;235;129.0000;80.0000;88.0000;100.0000;8.0000;70.0000;1;0;0;0;0;1;2;68.0000;-2391.0000;95.0000;272;270;315;0;0;17406
49844;277;0;0;240;252;235;129.0000;80.0000;88.0000;100.0000;8.0000;70.0000;1;0;0;0;0;1;2;68.0000;-2391.0000;135.0000;272;270;315;0;0;17406
49855;277;0;0;240;252;235;129.0000;120.0000;88.0000;100.0000;8.0000;70.0000;1;0;0;0;0;1;2;68.0000;-2391.0000;135.0000;272;270;315;0;0;17406
49865;277;0;0;240;252;235;129.0000;120.0000;92.0000;100.0000;8.0000;70.0000;1;0;0;0;0;1;2;68.0000;-2391.0000;135.0000;272;270;315;0;0;17406
49881;277;0;0;240;252;235;129.0000;120.0000;92.0000;100.0000;8.0000;70.0000;1;0;0;0;0;1;2;68.0000;-2391.0000;135.0000;272;270;315;0;0;17406
49891;277;0;0;240;252;235;129.0000;120.0000;92.0000;100.0000;8.0000;70.0000;1;0;0;0;0;1;2;68.0000;-2391.0000;135.0000;272;270;315;0;0;17406
49902;277;0;0;240;252;235;129.0000;120.0000;92.0000;100.0000;8.0000;70.0000;1;0;0;0;0;1;2;68.0000;-2391.0000;135.0000;272;270;315;0;0;17406
49914;277;0;0;240;252;235;129.0000;120.0000;92.0000;100.0000;8.0000;70.0000;1;0;0;0;0;1;2;68.0000;-2391.0000;135.0000;272;270;315;0;0;17406
49927;277;0;0;240;252;235;85.0000;120.0000;92.0000;100.0000;8.0000;70.0000;1;0;0;0;0;1;2;68.0000;-2391.0000;135.0000;272;270;315;0;0;17406
49939;277;0;0;240;252;235;85.0000;120.0000;92.0000;100.0000;8.0000;70.0000;1;0;0;0;0;1;2;61.0000;-2391.0000;58.0000;272;270;315;0;0;17406
49950;277;0;0;240;252;235;85.0000;120.0000;92.0000;100.0000;8.0000;70.0000;1;0;0;0;0;1;2;61.0000;-2391.0000;58.0000;272;270;315;0;0;17406
49961;277;0;0;240;252;235;85.0000;-40.0000;92.0000;100.0000;8.0000;70.0000;1;0;0;0;0;1;2;61.0000;-2391.0000;58.0000;272;270;315;0;0;17406
49972;277;0;0;240;252;235;85.0000;-40.0000;82.0000;100.0000;8.0000;70.0000;1;0;0;0;0;1;2;61.0000;-2391.0000;58.0000;272;270;315;0;0;17406
49984;277;0;0;240;252;235;85.0000;-40.0000;82.0000;100.0000;8.0000;70.0000;1;0;0;0;0;1;2;61.0000;-2391.0000;58.0000;272;270;315;0;0;17406
49995;277;0;0;240;252;235;85.0000;-40.0000;82.0000;100.0000;8.0000;70.0000;1;0;0;0;0;1;2;61.0000;-2391.0000;58.0000;272;270;315;0;0;17406
50005;277;0;0;240;252;235;85.0000;-40.0000;82.0000;100.0000;8.0000;70.0000;1;0;0;0;0;1;2;61.0000;-2391.0000;58.0000;272;270;315;0;0;17406
50020;277;0;0;240;252;235;85.0000;-40.0000;82.0000;100.0000;8.0000;70.0000;1;0;0;0;0;1;2;61.0000;-2391.0000;58.0000;272;270;315;0;0;17406
50031;277;0;0;240;252;235;122.0000;-40.0000;82.0000;100.0000;8.0000;70.0000;1;0;0;0;0;1;2;135.0000;-2391.0000;58.0000;272;270;315;0;0;17406
50041;277;0;0;240;252;235;122.0000;-40.0000;82.0000;100.0000;8.0000;70.0000;1;0;0;0;0;1;2;135.0000;-2391.0000;122.0000;272;270;315;0;0;17406
50052;277;0;0;240;252;235;122.0000;-40.0000;82.0000;100.0000;8.0000;70.0000;1;0;0;0;0;1;2;135.0000;-2391.0000;122.0000;272;270;315;0;0;17406
50063;277;0;0;240;252;235;122.0000;13.0000;82.0000;100.0000;8.0000;70.0000;1;0;0;0;0;1;2;135.0000;-2391.0000;122.0000;272;270;315;0;0;17406
50073;277;0;0;240;252;235;122.0000;13.0000;85.0000;100.0000;8.0000;70.0000;1;0;0;0;0;1;2;135.0000;-2391.0000;122.0000;272;270;315;0;0;17406
50085;277;0;0;240;252;235;122.0000;13.0000;85.0000;100.0000;8.0000;70.0000;1;0;0;0;0;1;2;135.0000;-2391.0000;122.0000;272;270;315;0;0;17406
50096;277;0;0;240;252;235;122.0000;13.0000;85.0000;100.0000;8.0000;70.0000;1;0;0;0;0;1;2;135.0000;-2391.0000;122.0000;272;270;315;0;0;17406
50106;277;0;0;240;252;235;122.0000;13.0000;85.0000;100.0000;8.0000;70.0000;1;0;0;0;0;1;2;135.0000;-2391.0000;122.0000;272;270;315;0;0;17406
50117;277;0;0;240;252;235;122.0000;13.0000;85.0000;100.0000;8.0000;70.0000;1;0;0;0;0;1;2;135.0000;-2391.0000;122.0000;272;270;315;0;0;17406
50128;277;0;0;240;252;235;122.0000;13.0000;85.0000;100.0000;8.0000;70.0000;1;0;0;0;0;1;2;135.0000;-2391.0000;122.0000;272;270;315;0;0;17406
50148;277;0;0;240;252;235;92.0000;13.0000;85.0000;100.0000;8.0000;70.0000;1;0;0;0;0;1;2;118.0000;-2391.0000;122.0000;272;270;315;0;0;17406
50158;277;0;0;240;252;235;92.0000;13.0000;85.0000;100.0000;8.0000;70.0000;1;0;0;0;0;1;2;118.0000;-2391.0000;125.0000;272;270;315;0;0;17406
50169;277;0;0;240;252;235;92.0000;174.0000;129.0000;100.0000;8.0000;70.0000;1;0;0;0;0;1;2;118.0000;-2391.0000;125.0000;272;270;315;0;0;17406
50180;277;0;0;240;252;235;92.0000;174.0000;129.0000;100.0000;8.0000;70.0000;1;0;0;0;0;1;2;118.0000;-2391.0000;125.0000;272;270;315;0;0;17406
50192;277;0;0;240;252;235;92.0000;174.0000;129.0000;100.0000;8.0000;70.0000;1;0;0;0;0;1;2;118.0000;-2391.0000;125.0000;272;270;315;0;0;17406
50203;277;0;0;240;252;235;92.0000;174.0000;129.0000;100.0000;8.0000;70.0000;1;0;0;0;0;1;2;118.0000;-2391.0000;125.0000;272;270;315;0;0;17406
50213;277;0;0;240;252;235;92.0000;174.0000;129.0000;100.0000;8.0000;70.0000;1;0;0;0;0;1;2;118.0000;-2391.0000;125.0000;272;270;315;0;0;17406
50224;277;0;0;240;252;235;109.0000;174.0000;129.0000;100.0000;8.0000;70.0000;1;0;0;0;0;1;2;118.0000;-2391.0000;125.0000;272;270;315;0;0;17406
50235;277;0;0;240;252;235;109.0000;174.0000;129.0000;100.0000;8.0000;70.0000;1;0;0;0;0;1;2;115.0000;-2391.0000;125.0000;272;270;315;0;0;17406
50247;277;0;0;240;252;235;109.0000;174.0000;129.0000;100.0000;8.0000;70.0000;1;0;0;0;0;1;2;115.0000;-2391.0000;125.0000;272;270;315;0;0;17406
50258;277;0;0;240;252;235;109.0000;174.0000;129.0000;100.0000;8.0000;70.0000;1;0;0;0;0;1;2;115.0000;-2391.0000;125.0000;272;270;315;0;0;17376
50269;277;0;0;240;252;235;109.0000;-13.0000;129.0000;100.0000;8.0000;70.0000;1;0;0;0;0;1;2;115.0000;-2391.0000;125.0000;272;270;315;0;0;17376
50280;277;0;0;240;252;235;109.0000;-13.0000;112.0000;100.0000;8.0000;70.0000;1;0;0;0;0;1;2;115.0000;-2391.0000;125.0000;272;270;315;0;0;17376
50290;277;0;0;240;252;235;109.0000;-13.0000;112.0000;100.0000;8.0000;70.0000;1;0;0;0;0;1;2;115.0000;-2391.0000;125.0000;272;270;315;0;0;17376
50304;277;0;0;240;252;235;109.0000;-13.0000;112.0000;100.0000;8.0000;70.0000;1;0;0;0;0;1;2;115.0000;-2391.0000;125.0000;272;270;315;0;0;17376
50315;277;0;0;240;252;235;109.0000;-13.0000;112.0000;100.0000;8.0000;70.0000;1;0;0;0;0;1;2;115.0000;-2391.0000;125.0000;272;270;315;0;0;17376
50326;277;0;0;240;252;235;109.0000;-13.0000;112.0000;100.0000;8.0000;70.0000;1;0;0;0;0;1;2;115.0000;-2391.0000;125.0000;272;270;315;0;0;17376
50337;277;0;0;240;252;235;126.0000;-13.0000;112.0000;100.0000;8.0000;70.0000;1;0;0;0;0;1;2;88.0000;-2391.0000;125.0000;272;270;315;0;0;17376
50354;277;0;0;240;252;235;126.0000;-13.0000;112.0000;100.0000;8.0000;70.0000;1;0;0;0;0;1;2;88.0000;-2391.0000;68.0000;272;270;315;0;0;17376
50365;277;0;0;240;252;235;126.0000;26.0000;112.0000;100.0000;8.0000;70.0000;1;0;0;0;0;1;2;88.0000;-2391.0000;68.0000;272;270;315;0;0;17380
50376;277;0;0;240;252;235;126.0000;26.0000;98.0000;100.0000;8.0000;70.0000;1;0;0;0;0;1;2;88.0000;-2391.0000;68.0000;272;270;315;0;0;17380
50387;277;0;0;240;252;235;126.0000;26.0000;98.0000;100.0000;8.0000;70.0000;1;0;0;0;0;1;2;88.0000;-2391.0000;68.0000;272;270;315;0;0;17380
50404;277;0;0;240;252;235;126.0000;26.0000;98.0000;100.0000;8.0000;70.0000;1;0;0;0;0;1;2;88.0000;-2391.0000;68.0000;272;270;315;0;0;17380
50415;277;0;0;240;252;235;126.0000;26.0000;98.0000;100.0000;8.0000;70.0000;1;0;0;0;0;1;2;88.0000;-2391.0000;68.0000;272;270;315;0;0;17380
50425;277;0;0;240;252;235;126.0000;26.0000;98.0000;100.0000;8.0000;70.0000;1;0;0;0;0;1;2;88.0000;-2391.0000;68.0000;272;270;315;0;0;17380
50437;277;0;0;240;252;235;126.0000;26.0000;98.0000;100.0000;8.0000;70.0000;1;0;0;0;0;1;2;88.0000;-2391.0000;68.0000;272;270;315;0;0;17380
50448;277;0;0;240;252;235;126.0000;26.0000;98.0000;100.0000;8.0000;70.0000;1;0;0;0;0;1;2;71.0000;-2391.0000;68.0000;272;270;315;0;0;17380
50461;277;0;0;240;252;235;126.0000;26.0000;98.0000;100.0000;8.0000;70.0000;1;0;0;0;0;1;2;71.0000;-2391.0000;85.0000;272;270;315;0;0;17380
50472;277;0;0;240;252;235;126.0000;26.0000;88.0000;100.0000;8.0000;70.0000;1;0;0;0;0;1;2;71.0000;-2391.0000;85.0000;272;270;315;0;0;17380
50485;277;0;0;240;252;235;126.0000;26.0000;88.0000;100.0000;8.0000;70.0000;1;0;0;0;0;1;2;71.0000;-2391.0000;85.0000;272;270;315;0;0;17380
50495;277;0;0;240;252;235;126.0000;26.0000;88.0000;100.0000;8.0000;70.0000;1;0;0;0;0;1;2;71.0000;-2391.0000;85.0000;272;270;315;0;0;17380
50506;277;0;0;240;252;235;126.0000;26.0000;88.0000;100.0000;8.0000;70.0000;1;0;0;0;0;1;2;71.0000;-2391.0000;85.0000;272;270;315;0;0;17380
50517;277;0;0;240;252;235;126.0000;26.0000;88.0000;100.0000;8.0000;70.0000;1;0;0;0;0;1;2;71.0000;-2391.0000;85.0000;272;270;315;0;0;17380
50527;277;0;0;240;252;235;126.0000;26.0000;88.0000;100.0000;8.0000;70.0000;1;0;0;0;0;1;2;71.0000;-2391.0000;85.0000;272;270;315;0;0;17380
50538;277;0;0;240;252;235;105.0000;26.0000;88.0000;100.0000;8.0000;70.0000;1;0;0;0;0;1;2;65.0000;-2391.0000;85.0000;272;270;315;0;0;17380
50549;277;0;0;240;252;235;105.0000;26.0000;88.0000;100.0000;8.0000;70.0000;1;0;0;0;0;1;2;65.0000;-2391.0000;92.0000;272;270;315;0;0;17380
50559;277;0;0;240;252;235;105.0000;26.0000;88.0000;100.0000;8.0000;70.0000;1;0;0;0;0;1;2;65.0000;-2391.0000;92.0000;272;270;315;0;0;17380
50572;277;0;0;240;252;235;105.0000;26.0000;88.0000;100.0000;8.0000;70.0000;1;0;0;0;0;1;2;65.0000;-2391.0000;92.0000;272;270;315;0;0;17380
50584;277;0;0;240;252;235;105.0000;53.0000;125.0000;100.0000;8.0000;70.0000;1;0;0;0;0;1;2;65.0000;-2391.0000;92.0000;272;270;315;0;0;17380
50595;277;0;0;240;252;235;105.0000;53.0000;125.0000;100.0000;8.0000;70.0000;1;0;0;0;0;1;2;65.0000;-2391.0000;92.0000;272;270;315;0;0;17388
50614;277;0;0;240;252;235;105.0000;53.0000;125.0000;100.0000;8.0000;70.0000;1;0;0;0;0;1;2;65.0000;-2391.0000;92.0000;272;270;315;0;0;17388
50625;277;0;0;240;252;235;105.0000;53.0000;125.0000;100.0000;8.0000;70.0000;1;0;0;0;0;1;2;65.0000;-2391.0000;92.0000;272;270;315;0;0;17388
50636;277;0;0;240;252;235;99.0000;53.0000;125.0000;100.0000;8.0000;70.0000;1;0;0;0;0;1;2;65.0000;-2391.0000;92.0000;272;270;315;0;0;17388
50646;277;0;0;240;252;235;99.0000;53.0000;125.0000;100.0000;8.0000;70.0000;1;0;0;0;0;1;2;92.0000;-2391.0000;92.0000;272;270;315;0;0;17388
50657;277;0;0;240;252;235;99.0000;53.0000;125.0000;100.0000;8.0000;70.0000;1;0;0;0;0;1;2;92.0000;-2391.0000;129.0000;272;270;315;0;0;17388
50668;277;0;0;240;252;235;99.0000;53.0000;125.0000;100.0000;8.0000;70.0000;1;0;0;0;0;1;2;92.0000;-2391.0000;129.0000;272;270;315;0;0;17388
50678;277;0;0;240;252;235;99.0000;120.0000;92.0000;100.0000;8.0000;70.0000;1;0;0;0;0;1;2;92.0000;-2391.0000;129.0000;272;270;315;0;0;17388
50690;277;0;0;240;252;235;99.0000;120.0000;92.0000;100.0000;8.0000;70.0000;1;0;0;0;0;1;2;92.0000;-2391.0000;129.0000;272;270;315;0;0;17388
50705;277;0;0;240;252;235;99.0000;120.0000;92.0000;100.0000;8.0000;70.0000;1;0;0;0;0;1;2;92.0000;-2391.0000;129.0000;272;270;315;0;0;17406
50716;277;0;0;240;252;235;99.0000;120.0000;92.0000;100.0000;8.0000;70.0000;1;0;0;0;0;1;2;92.0000;-2391.0000;129.0000;272;270;315;0;0;17406
50726;277;0;0;240;252;235;99.0000;120.0000;92.0000;100.0000;8.0000;70.0000;1;0;0;0;0;1;2;92.0000;-2391.0000;129.0000;272;270;315;0;0;17406
50744;277;0;0;240;252;235;89.0000;120.0000;92.0000;100.0000;8.0000;70.0000;1;0;0;0;0;1;2;92.0000;-2391.0000;129.0000;272;270;315;0;0;17406
50755;277;0;0;240;252;235;89.0000;120.0000;92.0000;100.0000;8.0000;70.0000;1;0;0;0;0;1;2;78.0000;-2391.0000;129.0000;272;270;315;0;0;17406
50765;277;0;0;240;252;235;89.0000;120.0000;92.0000;100.0000;8.0000;70.0000;1;0;0;0;0;1;2;78.0000;-2391.0000;129.0000;272;270;315;0;0;17406
50777;277;0;0;240;252;235;89.0000;120.0000;92.0000;100.0000;8.0000;70.0000;1;0;0;0;0;1;2;78.0000;-2391.0000;129.0000;272;270;315;0;0;17406
50788;277;0;0;240;252;235;89.0000;40.0000;92.0000;100.0000;8.0000;70.0000;1;0;0;0;0;1;2;78.0000;-2391.0000;129.0000;272;270;315;0;0;17406
50800;277;0;0;240;252;235;89.0000;40.0000;92.0000;100.0000;8.0000;70.0000;1;0;0;0;0;1;2;78.0000;-2391.0000;129.0000;272;270;315;0;0;17406
50814;277;0;0;240;252;235;89.0000;40.0000;92.0000;100.0000;8.0000;70.0000;1;0;0;0;0;1;2;78.0000;-2391.0000;129.0000;272;270;315;0;0;17406
50825;277;0;0;240;252;235;89.0000;40.0000;92.0000;100.0000;8.0000;70.0000;1;0;0;0;0;1;2;78.0000;-2391.0000;129.0000;272;270;315;0;0;17406
50838;277;0;0;240;252;235;89.0000;40.0000;92.0000;100.0000;8.0000;70.0000;1;0;0;0;0;1;2;78.0000;-2391.0000;129.0000;272;270;315;0;0;17406
50848;277;0;0;240;252;235;75.0000;40.0000;92.0000;100.0000;8.0000;70.0000;1;0;0;0;0;1;2;105.0000;-2391.0000;112.0000;272;270;315;0;0;17406
50859;277;0;0;240;252;235;75.0000;40.0000;92.0000;100.0000;8.0000;70.0000;1;0;0;0;0;1;2;105.0000;-2391.0000;112.0000;272;270;315;0;0;17406
50871;277;0;0;240;252;235;75.0000;40.0000;92.0000;100.0000;8.0000;70.0000;1;0;0;0;0;1;2;105.0000;-2391.0000;112.0000;272;270;315;0;0;17406
50881;277;0;0;240;252;235;75.0000;0.0000;115.0000;100.0000;8.0000;70.0000;1;0;0;0;0;1;2;105.0000;-2391.0000;112.0000;272;270;315;0;0;17406
50895;277;0;0;240;252;235;75.0000;0.0000;115.0000;100.0000;8.0000;70.0000;1;0;0;0;0;1;2;105.0000;-2391.0000;112.0000;272;270;315;0;0;17406
50909;277;0;0;240;252;235;75.0000;0.0000;115.0000;100.0000;8.0000;70.0000;1;0;0;0;0;1;2;105.0000;-2391.0000;112.0000;272;270;315;0;0;17406
50924;277;0;0;240;252;235;75.0000;0.0000;115.0000;100.0000;8.0000;70.0000;1;0;0;0;0;1;2;105.0000;-2391.0000;112.0000;272;270;315;0;0;17406
50935;277;0;0;240;252;235;72.0000;0.0000;115.0000;100.0000;8.0000;70.0000;1;0;0;0;0;1;2;105.0000;-2391.0000;112.0000;272;270;315;0;0;17406
50946;277;0;0;240;252;235;72.0000;0.0000;115.0000;100.0000;8.0000;70.0000;1;0;0;0;0;1;2;95.0000;-2391.0000;112.0000;272;270;315;0;0;17406
50956;277;0;0;240;252;235;72.0000;0.0000;115.0000;100.0000;8.0000;70.0000;1;0;0;0;0;1;2;95.0000;-2391.0000;85.0000;272;270;315;0;0;17406
50967;277;0;0;240;252;235;72.0000;0.0000;115.0000;100.0000;8.0000;70.0000;1;0;0;0;0;1;2;95.0000;-2391.0000;85.0000;272;270;315;0;0;17406
50978;277;0;0;240;252;235;72.0000;0.0000;115.0000;100.0000;8.0000;70.0000;1;0;0;0;0;1;2;95.0000;-2391.0000;85.0000;272;270;315;0;0;17406
50989;277;0;0;240;252;235;72.0000;187.0000;125.0000;100.0000;8.0000;70.0000;1;0;0;0;0;1;2;95.0000;-2391.0000;85.0000;272;270;315;0;0;17406
51004;277;0;0;240;252;235;72.0000;187.0000;125.0000;100.0000;8.0000;70.0000;1;0;0;0;0;1;2;95.0000;-2391.0000;85.0000;272;270;315;0;0;17406
51015;277;0;0;240;252;235;72.0000;187.0000;125.0000;100.0000;8.0000;70.0000;1;0;0;0;0;1;2;95.0000;-2391.0000;85.0000;272;270;315;0;0;17406
51026;277;0;0;240;252;235;72.0000;187.0000;125.0000;100.0000;8.0000;70.0000;1;0;0;0;0;1;2;95.0000;-2391.0000;85.0000;272;270;315;0;0;17406
51037;277;0;0;240;252;235;72.0000;187.0000;125.0000;100.0000;8.0000;70.0000;1;0;0;0;0;1;2;95.0000;-2391.0000;85.0000;272;270;315;0;0;17406
51048;277;0;0;240;252;235;126.0000;187.0000;125.0000;100.0000;8.0000;70.0000;1;0;0;0;0;1;2;149.0000;-2391.0000;85.0000;272;270;315;0;0;17406
51058;277;0;0;240;252;235;126.0000;187.0000;125.0000;100.0000;8.0000;70.0000;1;0;0;0;0;1;2;149.0000;-2391.0000;82.0000;272;270;315;0;0;17406
51069;277;0;0;240;252;235;126.0000;187.0000;125.0000;100.0000;8.0000;70.0000;1;0;0;0;0;1;2;149.0000;-2391.0000;82.0000;272;270;315;0;0;17406
51079;277;0;0;240;252;235;126.0000;187.0000;132.0000;100.0000;8.0000;70.0000;1;0;0;0;0;1;2;149.0000;-2391.0000;82.0000;272;270;315;0;0;17406
51090;277;0;0;240;252;235;126.0000;187.0000;132.0000;100.0000;8.0000;70.0000;1;0;0;0;0;1;2;149.0000;-2391.0000;82.0000;272;270;315;0;0;17406
51101;277;0;0;240;252;235;126.0000;187.0000;132.0000;100.0000;8.0000;70.0000;1;0;0;0;0;1;2;149.0000;-2391.0000;82.0000;272;270;315;0;0;17406
51114;277;0;0;240;252;235;126.0000;187.0000;132.0000;100.0000;8.0000;70.0000;1;0;0;0;0;1;2;149.0000;-2391.0000;82.0000;272;270;315;0;0;17406
51129;277;0;0;240;252;235;126.0000;187.0000;132.0000;100.0000;8.0000;70.0000;1;0;0;0;0;1;2;149.0000;-2391.0000;82.0000;272;270;315;0;0;17406
51139;277;0;0;240;252;235;109.0000;187.0000;132.0000;100.0000;8.0000;70.0000;1;0;0;0;0;1;2;149.0000;-2391.0000;82.0000;272;270;315;0;0;17406
51150;277;0;0;240;252;235;109.0000;187.0000;132.0000;100.0000;8.0000;70.0000;1;0;0;0;0;1;2;68.0000;-2391.0000;82.0000;272;270;315;0;0;17406
51162;277;0;0;240;252;235;109.0000;187.0000;132.0000;100.0000;8.0000;70.0000;1;0;0;0;0;1;2;68.0000;-2391.0000;75.0000;272;270;315;0;0;17406
51172;277;0;0;240;252;235;109.0000;187.0000;132.0000;100.0000;8.0000;70.0000;1;0;0;0;0;1;2;68.0000;-2391.0000;75.0000;272;270;315;0;0;17406
51183;277;0;0;240;252;235;109.0000;13.0000;129.0000;100.0000;8.0000;70.0000;1;0;0;0;0;1;2;68.0000;-2391.0000;75.0000;272;270;315;0;0;17406
51193;277;0;0;240;252;235;109.0000;13.0000;129.0000;100.0000;8.0000;70.0000;1;0;0;0;0;1;2;68.0000;-2391.0000;75.0000;272;270;315;0;0;17406
51204;277;0;0;240;252;235;109.0000;13.0000;129.0000;100.0000;8.0000;70.0000;1;0;0;0;0;1;2;68.0000;-2391.0000;75.0000;272;270;315;0;0;17406
51224;277;0;0;240;252;235;109.0000;13.0000;129.0000;100.0000;8.0000;70.0000;1;0;0;0;0;1;2;68.0000;-2391.0000;75.0000;272;270;315;0;0;17406
51235;277;0;0;240;252;235;109.0000;13.0000;129.0000;100.0000;8.0000;70.0000;1;0;0;0;0;1;2;68.0000;-2391.0000;75.0000;272;270;315;0;0;17406
51245;277;0;0;240;252;235;119.0000;13.0000;129.0000;100.0000;8.0000;70.0000;1;0;0;0;0;1;2;115.0000;-2391.0000;75.0000;272;270;315;0;0;17376
51256;277;0;0;240;252;235;119.0000;13.0000;129.0000;100.0000;8.0000;70.0000;1;0;0;0;0;1;2;115.0000;-2391.0000;75.0000;272;270;315;0;0;17376
51266;277;0;0;240;252;235;119.0000;13.0000;129.0000;100.0000;8.0000;70.0000;1;0;0;0;0;1;2;115.0000;-2391.0000;75.0000;272;270;315;0;0;17376
51277;277;0;0;240;252;235;119.0000;13.0000;129.0000;100.0000;8.0000;70.0000;1;0;0;0;0;1;2;115.0000;-2391.0000;75.0000;272;270;315;0;0;17376
51288;277;0;0;240;252;235;119.0000;-40.0000;92.0000;100.0000;8.0000;70.0000;1;0;0;0;0;1;2;115.0000;-2391.0000;75.0000;272;270;315;0;0;17376
51298;277;0;0;240;252;235;119.0000;-40.0000;92.0000;100.0000;8.0000;70.0000;1;0;0;0;0;1;2;115.0000;-2391.0000;75.0000;272;270;315;0;0;17376
51309;277;0;0;240;252;235;119.0000;-40.0000;92.0000;100.0000;8.0000;70.0000;1;0;0;0;0;1;2;115.0000;-2391.0000;75.0000;272;270;315;0;0;17376
51320;277;0;0;240;252;235;119.0000;-40.0000;92.0000;100.0000;8.0000;70.0000;1;0;0;0;0;1;2;115.0000;-2391.0000;75.0000;272;270;315;0;0;17376
51331;277;0;0;240;252;235;119.0000;-40.0000;92.0000;100.0000;8.0000;70.0000;1;0;0;0;0;1;2;115.0000;-2391.0000;75.0000;272;270;315;0;0;17376
51346;277;0;0;240;252;235;119.0000;-40.0000;92.0000;100.0000;8.0000;70.0000;1;0;0;0;0;1;2;115.0000;-2391.0000;75.0000;272;270;315;0;0;17376
51365;277;0;0;240;252;235;112.0000;-40.0000;92.0000;100.0000;8.0000;70.0000;1;0;0;0;0;1;2;132.0000;-2391.0000;132.0000;272;270;315;0;0;17376
51376;277;0;0;240;252;235;112.0000;-40.0000;92.0000;100.0000;8.0000;70.0000;1;0;0;0;0;1;2;132.0000;-2391.0000;132.0000;272;270;315;0;0;17380
51386;277;0;0;240;252;235;112.0000;-40.0000;92.0000;100.0000;8.0000;70.0000;1;0;0;0;0;1;2;132.0000;-2391.0000;132.0000;272;270;315;0;0;17380
51397;277;0;0;240;252;235;112.0000;161.0000;92.0000;100.0000;8.0000;70.0000;1;0;0;0;0;1;2;132.0000;-2391.0000;132.0000;272;270;315;0;0;17380
51408;277;0;0;240;252;235;112.0000;161.0000;92.0000;100.0000;8.0000;70.0000;1;0;0;0;0;1;2;132.0000;-2391.0000;132.0000;272;270;315;0;0;17380
51418;277;0;0;240;252;235;112.0000;161.0000;92.0000;100.0000;8.0000;70.0000;1;0;0;0;0;1;2;132.0000;-2391.0000;132.0000;272;270;315;0;0;17380
51429;277;0;0;240;252;235;112.0000;161.0000;92.0000;100.0000;8.0000;70.0000;1;0;0;0;0;1;2;132.0000;-2391.0000;132.0000;272;270;315;0;0;17380
51440;277;0;0;240;252;235;112.0000;161.0000;92.0000;100.0000;8.0000;70.0000;1;0;0;0;0;1;2;132.0000;-2391.0000;132.0000;272;270;315;0;0;17380
51450;277;0;0;240;252;235;122.0000;161.0000;92.0000;100.0000;8.0000;70.0000;1;0;0;0;0;1;2;132.0000;-2391.0000;88.0000;272;270;315;0;0;17380
51462;277;0;0;240;252;235;122.0000;161.0000;92.0000;100.0000;8.0000;70.0000;1;0;0;0;0;1;2;132.0000;-2391.0000;88.0000;272;270;315;0;0;17380
51473;277;0;0;240;252;235;122.0000;161.0000;92.0000;100.0000;8.0000;70.0000;1;0;0;0;0;1;2;132.0000;-2391.0000;88.0000;272;270;315;0;0;17380
51483;277;0;0;240;252;235;122.0000;161.0000;115.0000;100.0000;8.0000;70.0000;1;0;0;0;0;1;2;132.0000;-2391.0000;88.0000;272;270;315;0;0;17380
51504;277;0;0;240;252;235;122.0000;0.0000;115.0000;100.0000;8.0000;70.0000;1;0;0;0;0;1;2;132.0000;-2391.0000;88.0000;272;270;315;0;0;17380
51515;277;0;0;240;252;235;122.0000;0.0000;115.0000;100.0000;8.0000;70.0000;1;0;0;0;0;1;2;132.0000;-2391.0000;88.0000;272;270;315;0;0;17380
51525;277;0;0;240;252;235;122.0000;0.0000;115.0000;100.0000;8.0000;70.0000;1;0;0;0;0;1;2;132.0000;-2391.0000;88.0000;272;270;315;0;0;17380
51536;277;0;0;240;252;235;122.0000;0.0000;115.0000;100.0000;8.0000;70.0000;1;0;0;0;0;1;2;132.0000;-2391.0000;88.0000;272;270;315;0;0;17380
51548;277;0;0;240;252;235;79.0000;0.0000;115.0000;100.0000;8.0000;70.0000;1;0;0;0;0;1;2;88.0000;-2391.0000;88.0000;272;270;315;0;0;17380
51560;277;0;0;240;252;235;79.0000;0.0000;115.0000;100.0000;8.0000;70.0000;1;0;0;0;0;1;2;88.0000;-2391.0000;65.0000;272;270;315;0;0;17380
51578;277;0;0;240;252;235;79.0000;0.0000;115.0000;100.0000;8.0000;70.0000;1;0;0;0;0;1;2;88.0000;-2391.0000;65.0000;272;270;315;0;0;17380
51590;277;0;0;240;252;235;79.0000;0.0000;115.0000;100.0000;8.0000;70.0000;1;0;0;0;0;1;2;88.0000;-2391.0000;65.0000;272;270;315;0;0;17388
51600;277;0;0;240;252;235;79.0000;0.0000;115.0000;100.0000;8.0000;70.0000;1;0;0;0;0;1;2;88.0000;-2391.0000;65.0000;272;270;315;0;0;17388
51615;277;0;0;240;252;235;79.0000;26.0000;115.0000;100.0000;8.0000;70.0000;1;0;0;0;0;1;2;88.0000;-2391.0000;65.0000;272;270;315;0;0;17388
51628;277;0;0;240;252;235;79.0000;26.0000;115.0000;100.0000;8.0000;70.0000;1;0;0;0;0;1;2;88.0000;-2391.0000;65.0000;272;270;315;0;0;17388
51639;277;0;0;240;252;235;79.0000;26.0000;115.0000;100.0000;8.0000;70.0000;1;0;0;0;0;1;2;88.0000;-2391.0000;65.0000;272;270;315;0;0;17388
51651;277;0;0;240;252;235;75.0000;26.0000;115.0000;100.0000;8.0000;70.0000;1;0;0;0;0;1;2;108.0000;-2391.0000;65.0000;272;270;315;0;0;17388
51662;277;0;0;240;252;235;75.0000;26.0000;115.0000;100.0000;8.0000;70.0000;1;0;0;0;0;1;2;108.0000;-2391.0000;129.0000;272;270;315;0;0;17388
51674;277;0;0;240;252;235;75.0000;26.0000;115.0000;100.0000;8.0000;70.0000;1;0;0;0;0;1;2;108.0000;-2391.0000;129.0000;272;270;315;0;0;17388
51685;277;0;0;240;252;235;75.0000;26.0000;115.0000;100.0000;8.0000;70.0000;1;0;0;0;0;1;2;108.0000;-2391.0000;129.0000;272;270;315;0;0;17388
51696;277;0;0;240;252;235;75.0000;26.0000;115.0000;100.0000;8.0000;70.0000;1;0;0;0;0;1;2;108.0000;-2391.0000;129.0000;272;270;315;0;0;17388
51709;277;0;0;240;252;235;75.0000;-26.0000;125.0000;100.0000;8.0000;70.0000;1;0;0;0;0;1;2;108.0000;-2391.0000;129.0000;272;270;315;0;0;17390
51724;277;0;0;240;252;235;75.0000;-26.0000;125.0000;100.0000;8.0000;70.0000;1;0;0;0;0;1;2;108.0000;-2391.0000;129.0000;272;270;315;0;0;17406
51735;277;0;0;240;252;235;75.0000;-26.0000;125.0000;100.0000;8.0000;70.0000;1;0;0;0;0;1;2;108.0000;-2391.0000;129.0000;272;270;315;0;0;17406
51745;277;0;0;240;252;235;75.0000;-26.0000;125.0000;100.0000;8.0000;70.0000;1;0;0;0;0;1;2;108.0000;-2391.0000;129.0000;272;270;315;0;0;17406
51756;277;0;0;240;252;235;99.0000;-26.0000;125.0000;100.0000;8.0000;70.0000;1;0;0;0;0;1;2;118.0000;-2391.0000;129.0000;272;270;315;0;0;17406
51767;277;0;0;240;252;235;99.0000;-26.0000;125.0000;100.0000;8.0000;70.0000;1;0;0;0;0;1;2;118.0000;-2391.0000;85.0000;272;270;315;0;0;17406
51777;277;0;0;240;252;235;99.0000;-26.0000;125.0000;100.0000;8.0000;70.0000;1;0;0;0;0;1;2;118.0000;-2391.0000;85.0000;272;270;315;0;0;17406
51791;277;0;0;240;252;235;99.0000;-26.0000;132.0000;100.0000;8.0000;70.0000;1;0;0;0;0;1;2;118.0000;-2391.0000;85.0000;272;270;315;0;0;17406
51804;277;0;0;240;252;235;99.0000;-26.0000;132.0000;100.0000;8.0000;70.0000;1;0;0;0;0;1;2;118.0000;-2391.0000;85.0000;272;270;315;0;0;17406
51824;277;0;0;240;252;235;99.0000;-26.0000;132.0000;100.0000;8.0000;70.0000;1;0;0;0;0;1;2;118.0000;-2391.0000;85.0000;272;270;315;0;0;17406
51835;277;0;0;240;252;235;99.0000;-26.0000;132.0000;100.0000;8.0000;70.0000;1;0;0;0;0;1;2;118.0000;-2391.0000;85.0000;272;270;315;0;0;17406
51845;277;0;0;240;252;235;95.0000;-26.0000;132.0000;100.0000;8.0000;70.0000;1;0;0;0;0;1;2;85.0000;-2391.0000;85.0000;272;270;315;0;0;17406
51856;277;0;0;240;252;235;95.0000;-26.0000;132.0000;100.0000;8.0000;70.0000;1;0;0;0;0;1;2;85.0000;-2391.0000;85.0000;272;270;315;0;0;17406
51867;277;0;0;240;252;235;95.0000;-26.0000;132.0000;100.0000;8.0000;70.0000;1;0;0;0;0;1;2;85.0000;-2391.0000;125.0000;272;270;315;0;0;17406
51877;277;0;0;240;252;235;95.0000;-26.0000;132.0000;100.0000;8.0000;70.0000;1;0;0;0;0;1;2;85.0000;-2391.0000;125.0000;272;270;315;0;0;17406
51888;277;0;0;240;252;235;95.0000;-26.0000;132.0000;100.0000;8.0000;70.0000;1;0;0;0;0;1;2;85.0000;-2391.0000;125.0000;272;270;315;0;0;17406
51899;277;0;0;240;252;235;95.0000;161.0000;112.0000;100.0000;8.0000;70.0000;1;0;0;0;0;1;2;85.0000;-2391.0000;125.0000;272;270;315;0;0;17406
51909;277;0;0;240;252;235;95.0000;161.0000;112.0000;100.0000;8.0000;70.0000;1;0;0;0;0;1;2;85.0000;-2391.0000;125.0000;272;270;315;0;0;17406
51924;277;0;0;240;252;235;95.0000;161.0000;112.0000;100.0000;8.0000;70.0000;1;0;0;0;0;1;2;85.0000;-2391.0000;125.0000;272;270;315;0;0;17406
51935;277;0;0;240;252;235;95.0000;161.0000;112.0000;100.0000;8.0000;70.0000;1;0;0;0;0;1;2;85.0000;-2391.0000;125.0000;272;270;315;0;0;17406
51946;277;0;0;240;252;235;126.0000;161.0000;112.0000;100.0000;8.0000;70.0000;1;0;0;0;0;1;2;85.0000;-2391.0000;125.0000;272;270;315;0;0;17406
51956;277;0;0;240;252;235;126.0000;161.0000;112.0000;100.0000;8.0000;70.0000;1;0;0;0;0;1;2;112.0000;-2391.0000;129.0000;272;270;315;0;0;17406
51967;277;0;0;240;252;235;126.0000;161.0000;112.0000;100.0000;8.0000;70.0000;1;0;0;0;0;1;2;112.0000;-2391.0000;129.0000;272;270;315;0;0;17406
51984;277;0;0;240;252;235;126.0000;161.0000;112.0000;100.0000;8.0000;70.0000;1;0;0;0;0;1;2;112.0000;-2391.0000;129.0000;272;270;315;0;0;17406
51995;277;0;0;240;252;235;126.0000;161.0000;112.0000;100.0000;8.0000;70.0000;1;0;0;0;0;1;2;112.0000;-2391.0000;129.0000;272;270;315;0;0;17406
52006;277;0;0;240;252;235;126.0000;-40.0000;112.0000;100.0000;8.0000;70.0000;1;0;0;0;0;1;2;112.0000;-2391.0000;129.0000;272;270;315;0;0;17406
52016;277;0;0;240;252;235;126.0000;-40.0000;112.0000;100.0000;8.0000;70.0000;1;0;0;0;0;1;2;112.0000;-2391.0000;129.0000;272;270;315;0;0;17406
52027;277;0;0;240;252;235;126.0000;-40.0000;112.0000;100.0000;8.0000;70.0000;1;0;0;0;0;1;2;112.0000;-2391.0000;129.0000;272;270;315;0;0;17406
52040;277;0;0;240;252;235;126.0000;-40.0000;112.0000;100.0000;8.0000;70.0000;1;0;0;0;0;1;2;112.0000;-2391.0000;129.0000;272;270;315;0;0;17406
52052;277;0;0;240;252;235;102.0000;-40.0000;112.0000;100.0000;8.0000;70.0000;1;0;0;0;0;1;2;98.0000;-2391.0000;129.0000;272;270;315;0;0;17406
52064;277;0;0;240;252;235;102.0000;-40.0000;112.0000;100.0000;8.0000;70.0000;1;0;0;0;0;1;2;98.0000;-2391.0000;68.0000;272;270;315;0;0;17406
52075;277;0;0;240;252;235;102.0000;-40.0000;112.0000;100.0000;8.0000;70.0000;1;0;0;0;0;1;2;98.0000;-2391.0000;68.0000;272;270;315;0;0;17406
52086;277;0;0;240;252;235;102.0000;-40.0000;112.0000;100.0000;8.0000;70.0000;1;0;0;0;0;1;2;98.0000;-2391.0000;68.0000;272;270;315;0;0;17406
52103;277;0;0;240;252;235;102.0000;-40.0000;112.0000;100.0000;8.0000;70.0000;1;0;0;0;0;1;2;98.0000;-2391.0000;68.0000;272;270;315;0;0;17406
52114;277;0;0;240;252;235;102.0000;-40.0000;135.0000;100.0000;8.0000;70.0000;1;0;0;0;0;1;2;98.0000;-2391.0000;68.0000;272;270;315;0;0;17406
52125;277;0;0;240;252;235;102.0000;-40.0000;135.0000;100.0000;8.0000;70.0000;1;0;0;0;0;1;2;98.0000;-2391.0000;68.0000;272;270;315;0;0;17406
52135;277;0;0;240;252;235;102.0000;-40.0000;135.0000;100.0000;8.0000;70.0000;1;0;0;0;0;1;2;98.0000;-2391.0000;68.0000;272;270;315;0;0;17406
52146;277;0;0;240;252;235;82.0000;-40.0000;135.0000;100.0000;8.0000;70.0000;1;0;0;0;0;1;2;98.0000;-2391.0000;68.0000;272;270;315;0;0;17406
52156;277;0;0;240;252;235;82.0000;-40.0000;135.0000;100.0000;8.0000;70.0000;1;0;0;0;0;1;2;128.0000;-2391.0000;108.0000;272;270;315;0;0;17406
52167;277;0;0;240;252;235;82.0000;-40.0000;135.0000;100.0000;8.0000;70.0000;1;0;0;0;0;1;2;128.0000;-2391.0000;108.0000;272;270;315;0;0;17406
52178;277;0;0;240;252;235;82.0000;-40.0000;135.0000;100.0000;8.0000;70.0000;1;0;0;0;0;1;2;128.0000;-2391.0000;108.0000;272;270;315;0;0;17406
52194;277;0;0;240;252;235;82.0000;-40.0000;135.0000;100.0000;8.0000;70.0000;1;0;0;0;0;1;2;128.0000;-2391.0000;108.0000;272;270;315;0;0;17406
52205;277;0;0;240;252;235;82.0000;26.0000;122.0000;100.0000;8.0000;70.0000;1;0;0;0;0;1;2;128.0000;-2391.0000;108.0000;272;270;315;0;0;17406
52216;277;0;0;240;252;235;82.0000;26.0000;122.0000;100.0000;8.0000;70.0000;1;0;0;0;0;1;2;128.0000;-2391.0000;108.0000;272;270;315;0;0;17406
52226;277;0;0;240;252;235;82.0000;26.0000;122.0000;100.0000;8.0000;70.0000;1;0;0;0;0;1;2;128.0000;-2391.0000;108.0000;272;270;315;0;0;17406
52237;277;0;0;240;252;235;82.0000;26.0000;122.0000;100.0000;8.0000;70.0000;1;0;0;0;0;1;2;128.0000;-2391.0000;108.0000;272;270;315;0;0;17406
52248;277;0;0;240;252;235;82.0000;26.0000;122.0000;100.0000;8.0000;70.0000;1;0;0;0;0;1;2;128.0000;-2391.0000;108.0000;272;270;315;0;0;17376
52258;277;0;0;240;252;235;119.0000;26.0000;122.0000;100.0000;8.0000;70.0000;1;0;0;0;0;1;2;128.0000;-2391.0000;108.0000;272;270;315;0;0;17376
52269;277;0;0;240;252;235;119.0000;26.0000;122.0000;100.0000;8.0000;70.0000;1;0;0;0;0;1;2;128.0000;-2391.0000;112.0000;272;270;315;0;0;17376
52279;277;0;0;240;252;235;119.0000;26.0000;122.0000;100.0000;8.0000;70.0000;1;0;0;0;0;1;2;128.0000;-2391.0000;112.0000;272;270;315;0;0;17376
52294;277;0;0;240;252;235;119.0000;26.0000;122.0000;100.0000;8.0000;70.0000;1;0;0;0;0;1;2;128.0000;-2391.0000;112.0000;272;270;315;0;0;17376
52305;277;0;0;240;252;235;119.0000;26.0000;122.0000;100.0000;8.0000;70.0000;1;0;0;0;0;1;2;128.0000;-2391.0000;112.0000;272;270;315;0;0;17376
52315;277;0;0;240;252;235;119.0000;147.0000;125.0000;100.0000;8.0000;70.0000;1;0;0;0;0;1;2;128.0000;-2391.0000;112.0000;272;270;315;0;0;17376
52326;277;0;0;240;252;235;119.0000;147.0000;125.0000;100.0000;9.0000;70.0000;1;0;0;0;0;1;2;128.0000;-2391.0000;112.0000;272;270;315;0;0;17376
52337;277;0;0;240;252;235;119.0000;147.0000;125.0000;100.0000;9.0000;70.0000;1;0;0;0;0;1;2;128.0000;-2391.0000;112.0000;272;270;315;0;0;17376
52348;277;0;0;240;252;235;122.0000;147.0000;125.0000;100.0000;9.0000;70.0000;1;0;0;0;0;1;2;128.0000;-2391.0000;112.0000;272;270;315;0;0;17376
52361;277;0;0;240;252;235;122.0000;147.0000;125.0000;100.0000;9.0000;70.0000;1;0;0;0;0;1;2;112.0000;-2391.0000;112.0000;272;270;315;0;0;17376
52376;277;0;0;240;252;235;122.0000;147.0000;125.0000;100.0000;9.0000;70.0000;1;0;0;0;0;1;2;112.0000;-2391.0000;105.0000;272;270;315;0;0;17380
52387;277;0;0;240;252;235;122.0000;147.0000;125.0000;100.0000;9.0000;70.0000;1;0;0;0;0;1;2;112.0000;-2391.0000;105.0000;272;270;315;0;0;17380
52404;277;0;0;240;252;235;122.0000;147.0000;125.0000;100.0000;9.0000;70.0000;1;0;0;0;0;1;2;112.0000;-2391.0000;105.0000;272;270;315;0;0;17380
52489;277;0;0;240;252;235;122.0000;-13.0000;78.0000;100.0000;9.0000;70.0000;1;0;0;0;0;1;2;108.0000;-2391.0000;98.0000;272;270;315;0;0;17380
52504;277;0;0;240;252;235;122.0000;-13.0000;78.0000;100.0000;9.0000;70.0000;1;0;0;0;0;1;2;108.0000;-2391.0000;98.0000;272;270;315;0;0;17380
52515;277;0;0;240;252;235;122.0000;107.0000;102.0000;100.0000;9.0000;70.0000;1;0;0;0;0;1;2;108.0000;-2391.0000;98.0000;272;270;315;0;0;17380
52526;277;0;0;240;252;235;122.0000;107.0000;102.0000;100.0000;9.0000;70.0000;1;0;0;0;0;1;2;108.0000;-2391.0000;98.0000;272;270;315;0;0;17380
52536;277;0;0;240;252;235;122.0000;107.0000;102.0000;100.0000;9.0000;70.0000;1;0;0;0;0;1;2;108.0000;-2391.0000;98.0000;272;270;315;0;0;17380
52547;277;0;0;240;252;235;122.0000;107.0000;102.0000;100.0000;9.0000;70.0000;1;0;0;0;0;1;2;108.0000;-2391.0000;98.0000;272;270;315;0;0;17380
52557;277;0;0;240;252;235;112.0000;107.0000;102.0000;100.0000;9.0000;70.0000;1;0;0;0;0;1;2;108.0000;-2391.0000;98.0000;272;270;315;0;0;17380
52568;277;0;0;240;252;235;112.0000;107.0000;102.0000;100.0000;9.0000;70.0000;1;0;0;0;0;1;2;95.0000;-2391.0000;98.0000;272;270;315;0;0;17380
52579;277;0;0;240;252;235;112.0000;107.0000;102.0000;100.0000;9.0000;70.0000;1;0;0;0;0;1;2;95.0000;-2391.0000;102.0000;272;270;315;0;0;17380
52589;277;0;0;240;252;235;112.0000;107.0000;102.0000;100.0000;9.0000;70.0000;1;0;0;0;0;1;2;95.0000;-2391.0000;102.0000;272;270;315;0;0;17380
52605;277;0;0;240;252;235;112.0000;107.0000;102.0000;100.0000;9.0000;70.0000;1;0;0;0;0;1;2;95.0000;-2391.0000;102.0000;272;270;315;0;0;17380
52616;277;0;0;240;252;235;112.0000;107.0000;132.0000;100.0000;9.0000;70.0000;1;0;0;0;0;1;2;95.0000;-2391.0000;102.0000;272;270;315;0;0;17380
52627;277;0;0;240;252;235;112.0000;107.0000;132.0000;100.0000;9.0000;70.0000;1;0;0;0;0;1;2;95.0000;-2391.0000;102.0000;272;270;315;0;0;17380
52637;277;0;0;240;252;235;112.0000;107.0000;132.0000;100.0000;9.0000;70.0000;1;0;0;0;0;1;2;95.0000;-2391.0000;102.0000;272;270;315;0;0;17380
52649;277;0;0;240;252;235;112.0000;107.0000;132.0000;100.0000;9.0000;70.0000;1;0;0;0;0;1;2;95.0000;-2391.0000;102.0000;272;270;315;0;0;17380
52659;277;0;0;240;252;235;112.0000;107.0000;132.0000;100.0000;9.0000;70.0000;1;0;0;0;0;1;2;95.0000;-2391.0000;102.0000;272;270;315;0;0;17380
52670;277;0;0;240;252;235;115.0000;107.0000;132.0000;100.0000;9.0000;70.0000;1;0;0;0;0;1;2;132.0000;-2391.0000;85.0000;272;270;315;0;0;17380
52681;277;0;0;240;252;235;115.0000;107.0000;132.0000;100.0000;9.0000;70.0000;1;0;0;0;0;1;2;132.0000;-2391.0000;85.0000;272;270;315;0;0;17380
52691;277;0;0;240;252;235;115.0000;107.0000;132.0000;100.0000;9.0000;70.0000;1;0;0;0;0;1;2;132.0000;-2391.0000;85.0000;272;270;315;0;0;17382
52704;277;0;0;240;252;235;115.0000;107.0000;132.0000;100.0000;9.0000;70.0000;1;0;0;0;0;1;2;132.0000;-2391.0000;85.0000;272;270;315;0;0;17406
52715;277;0;0;240;252;235;115.0000;107.0000;132.0000;100.0000;9.0000;70.0000;1;0;0;0;0;1;2;132.0000;-2391.0000;85.0000;272;270;315;0;0;17406
52726;277;0;0;240;252;235;115.0000;-13.0000;132.0000;100.0000;9.0000;70.0000;1;0;0;0;0;1;2;132.0000;-2391.0000;85.0000;272;270;315;0;0;17406
52736;277;0;0;240;252;235;115.0000;-13.0000;132.0000;100.0000;9.0000;70.0000;1;0;0;0;0;1;2;132.0000;-2391.0000;85.0000;272;270;315;0;0;17406
52750;277;0;0;240;252;235;115.0000;-13.0000;132.0000;100.0000;9.0000;70.0000;1;0;0;0;0;1;2;132.0000;-2391.0000;85.0000;272;270;315;0;0;17406
52761;277;0;0;240;252;235;115.0000;-13.0000;132.0000;100.0000;9.0000;70.0000;1;0;0;0;0;1;2;132.0000;-2391.0000;85.0000;272;270;315;0;0;17406
52774;277;0;0;240;252;235;85.0000;-13.0000;132.0000;100.0000;9.0000;70.0000;1;0;0;0;0;1;2;75.0000;-2391.0000;88.0000;272;270;315;0;0;17406
52785;277;0;0;240;252;235;85.0000;-13.0000;132.0000;100.0000;9.0000;70.0000;1;0;0;0;0;1;2;75.0000;-2391.0000;88.0000;272;270;315;0;0;17406
52795;277;0;0;240;252;235;85.0000;-13.0000;132.0000;100.0000;9.0000;70.0000;1;0;0;0;0;1;2;75.0000;-2391.0000;88.0000;272;270;315;0;0;17406
52807;277;0;0;240;252;235;85.0000;-13.0000;132.0000;100.0000;9.0000;70.0000;1;0;0;0;0;1;2;75.0000;-2391.0000;88.0000;272;270;315;0;0;17406
52818;277;0;0;240;252;235;85.0000;-13.0000;132.0000;100.0000;9.0000;70.0000;1;0;0;0;0;1;2;75.0000;-2391.0000;88.0000;272;270;315;0;0;17406
52829;277;0;0;240;252;235;85.0000;53.0000;108.0000;100.0000;9.0000;70.0000;1;0;0;0;0;1;2;75.0000;-2391.0000;88.0000;272;270;315;0;0;17406
52844;277;0;0;240;252;235;85.0000;53.0000;108.0000;100.0000;9.0000;70.0000;1;0;0;0;0;1;2;75.0000;-2391.0000;88.0000;272;270;315;0;0;17406
52855;277;0;0;240;252;235;85.0000;53.0000;108.0000;100.0000;9.0000;70.0000;1;0;0;0;0;1;2;75.0000;-2391.0000;88.0000;272;270;315;0;0;17406
52866;277;0;0;240;252;235;129.0000;53.0000;108.0000;100.0000;9.0000;70.0000;1;0;0;0;0;1;2;75.0000;-2391.0000;135.0000;272;270;315;0;0;17406
52876;277;0;0;240;252;235;129.0000;53.0000;108.0000;100.0000;9.0000;70.0000;1;0;0;0;0;1;2;75.0000;-2391.0000;135.0000;272;270;315;0;0;17406
52887;277;0;0;240;252;235;129.0000;53.0000;108.0000;100.0000;9.0000;70.0000;1;0;0;0;0;1;2;75.0000;-2391.0000;135.0000;272;270;315;0;0;17406
52904;277;0;0;240;252;235;129.0000;53.0000;108.0000;100.0000;9.0000;70.0000;1;0;0;0;0;1;2;75.0000;-2391.0000;135.0000;272;270;315;0;0;17406
52917;277;0;0;240;252;235;129.0000;53.0000;108.0000;100.0000;9.0000;70.0000;1;0;0;0;0;1;2;75.0000;-2391.0000;135.0000;272;270;315;0;0;17406
52928;277;0;0;240;252;235;129.0000;120.0000;132.0000;100.0000;9.0000;70.0000;1;0;0;0;0;1;2;75.0000;-2391.0000;135.0000;272;270;315;0;0;17406
52938;277;0;0;240;252;235;129.0000;120.0000;132.0000;100.0000;9.0000;70.0000;1;0;0;0;0;1;2;75.0000;-2391.0000;135.0000;272;270;315;0;0;17406
52949;277;0;0;240;252;235;129.0000;120.0000;132.0000;100.0000;9.0000;70.0000;1;0;0;0;0;1;2;75.0000;-2391.0000;135.0000;272;270;315;0;0;17406
52960;277;0;0;240;252;235;129.0000;120.0000;132.0000;100.0000;9.0000;70.0000;1;0;0;0;0;1;2;75.0000;-2391.0000;135.0000;272;270;315;0;0;17406
52971;277;0;0;240;252;235;129.0000;120.0000;132.0000;100.0000;9.0000;70.0000;1;0;0;0;0;1;2;102.0000;-2391.0000;119.0000;272;270;315;0;0;17406
52983;277;0;0;240;252;235;79.0000;120.0000;132.0000;100.0000;9.0000;70.0000;1;0;0;0;0;1;2;102.0000;-2391.0000;119.0000;272;270;315;0;0;17406
52995;277;0;0;240;252;235;79.0000;120.0000;132.0000;100.0000;9.0000;70.0000;1;0;0;0;0;1;2;102.0000;-2391.0000;119.0000;272;270;315;0;0;17406
53006;277;0;0;240;252;235;79.0000;120.0000;132.0000;100.0000;9.0000;70.0000;1;0;0;0;0;1;2;102.0000;-2391.0000;119.0000;272;270;315;0;0;17406
53023;277;0;0;240;252;235;79.0000;120.0000;132.0000;100.0000;9.0000;70.0000;1;0;0;0;0;1;2;102.0000;-2391.0000;119.0000;272;270;315;0;0;17406
53036;277;0;0;240;252;235;79.0000;120.0000;132.0000;100.0000;9.0000;70.0000;1;0;0;0;0;1;2;102.0000;-2391.0000;119.0000;272;270;315;0;0;17406
53047;277;0;0;240;252;235;79.0000;80.0000;132.0000;100.0000;9.0000;70.0000;1;0;0;0;0;1;2;102.0000;-2391.0000;119.0000;272;270;315;0;0;17406
53058;277;0;0;240;252;235;79.0000;80.0000;132.0000;100.0000;9.0000;70.0000;1;0;0;0;0;1;2;102.0000;-2391.0000;119.0000;272;270;315;0;0;17406
53077;277;0;0;240;252;235;79.0000;80.0000;132.0000;100.0000;9.0000;70.0000;1;0;0;0;0;1;2;115.0000;-2391.0000;119.0000;272;270;315;0;0;17406
53095;277;0;0;240;252;235;72.0000;80.0000;132.0000;100.0000;9.0000;70.0000;1;0;0;0;0;1;2;115.0000;-2391.0000;115.0000;272;270;315;0;0;17406
53105;277;0;0;240;252;235;72.0000;80.0000;132.0000;100.0000;9.0000;70.0000;1;0;0;0;0;1;2;115.0000;-2391.0000;115.0000;272;270;315;0;0;17406
53116;277;0;0;240;252;235;72.0000;80.0000;132.0000;100.0000;9.0000;70.0000;1;0;0;0;0;1;2;115.0000;-2391.0000;115.0000;272;270;315;0;0;17406
53132;277;0;0;240;252;235;72.0000;80.0000;132.0000;100.0000;9.0000;70.0000;1;0;0;0;0;1;2;115.0000;-2391.0000;115.0000;272;270;315;0;0;17406
53142;277;0;0;240;252;235;72.0000;0.0000;88.0000;100.0000;9.0000;70.0000;1;0;0;0;0;1;2;115.0000;-2391.0000;115.0000;272;270;315;0;0;17406
53174;277;0;0;240;252;235;72.0000;0.0000;88.0000;100.0000;9.0000;70.0000;1;0;0;0;0;1;2;115.0000;-2391.0000;115.0000;272;270;315;0;0;17406
53185;277;0;0;240;252;235;72.0000;0.0000;88.0000;100.0000;9.0000;70.0000;1;0;0;0;0;1;2;115.0000;-2391.0000;115.0000;272;270;315;0;0;17406
53196;277;0;0;240;252;235;95.0000;0.0000;88.0000;100.0000;9.0000;70.0000;1;0;0;0;0;1;2;135.0000;-2391.0000;135.0000;272;270;315;0;0;17406
53206;277;0;0;240;252;235;95.0000;0.0000;88.0000;100.0000;9.0000;70.0000;1;0;0;0;0;1;2;135.0000;-2391.0000;135.0000;272;270;315;0;0;17406
53217;277;0;0;240;252;235;95.0000;0.0000;88.0000;100.0000;9.0000;70.0000;1;0;0;0;0;1;2;135.0000;-2391.0000;135.0000;272;270;315;0;0;17406
53227;277;0;0;240;252;235;95.0000;0.0000;88.0000;100.0000;9.0000;70.0000;1;0;0;0;0;1;2;135.0000;-2391.0000;135.0000;272;270;315;0;0;17406
53240;277;0;0;240;252;235;95.0000;0.0000;88.0000;100.0000;9.0000;70.0000;1;0;0;0;0;1;2;135.0000;-2391.0000;135.0000;272;270;315;0;0;17406
53256;277;0;0;240;252;235;95.0000;161.0000;88.0000;100.0000;9.0000;70.0000;1;0;0;0;0;1;2;135.0000;-2391.0000;135.0000;272;270;315;0;0;17404
53268;277;0;0;240;252;235;95.0000;161.0000;92.0000;100.0000;9.0000;70.0000;1;0;0;0;0;1;2;115.0000;-2391.0000;135.0000;272;270;315;0;0;17392
53278;277;0;0;240;252;235;95.0000;161.0000;92.0000;100.0000;9.0000;70.0000;1;0;0;0;0;1;2;115.0000;-2391.0000;115.0000;272;270;315;0;0;17376
53289;277;0;0;240;252;235;129.0000;161.0000;92.0000;100.0000;9.0000;70.0000;1;0;0;0;0;1;2;115.0000;-2391.0000;115.0000;272;270;315;0;0;17376
53304;277;0;0;240;252;235;129.0000;161.0000;92.0000;100.0000;9.0000;70.0000;1;0;0;0;0;1;2;115.0000;-2391.0000;115.0000;272;270;315;0;0;17376
53319;277;0;0;240;252;235;129.0000;161.0000;92.0000;100.0000;9.0000;70.0000;1;0;0;0;0;1;2;115.0000;-2391.0000;115.0000;272;270;315;0;0;17376
53330;277;0;0;240;252;235;129.0000;161.0000;92.0000;100.0000;8.0000;70.0000;1;0;0;0;0;1;2;115.0000;-2391.0000;115.0000;272;270;315;0;0;17376
53340;277;0;0;240;252;235;129.0000;161.0000;92.0000;100.0000;8.0000;70.0000;1;0;0;0;0;1;2;115.0000;-2391.0000;115.0000;272;270;315;0;0;17376
53351;277;0;0;240;252;235;129.0000;161.0000;92.0000;100.0000;8.0000;70.0000;1;0;0;0;0;1;2;115.0000;-2391.0000;115.0000;272;270;315;0;0;17376
53364;277;0;0;240;252;235;129.0000;161.0000;92.0000;100.0000;8.0000;70.0000;1;0;0;0;0;1;2;115.0000;-2391.0000;115.0000;272;270;315;0;0;17376
53378;277;0;0;240;252;235;129.0000;161.0000;92.0000;100.0000;8.0000;70.0000;1;0;0;0;0;1;2;115.0000;-2391.0000;115.0000;272;270;315;0;0;17376
53391;277;0;0;240;252;235;129.0000;161.0000;92.0000;100.0000;8.0000;70.0000;1;0;0;0;0;1;2;102.0000;-2391.0000;115.0000;272;270;315;0;0;17380
53402;277;0;0;240;252;235;109.0000;161.0000;92.0000;100.0000;8.0000;70.0000;1;0;0;0;0;1;2;102.0000;-2391.0000;115.0000;272;270;315;0;0;17380
53413;277;0;0;240;252;235;109.0000;161.0000;92.0000;100.0000;8.0000;70.0000;1;0;0;0;0;1;2;102.0000;-2391.0000;115.0000;272;270;315;0;0;17380
53431;277;0;0;240;252;235;109.0000;161.0000;92.0000;100.0000;8.0000;70.0000;1;0;0;0;0;1;2;102.0000;-2391.0000;115.0000;272;270;315;0;0;17380
53442;277;0;0;240;252;235;109.0000;161.0000;92.0000;100.0000;8.0000;70.0000;1;0;0;0;0;1;2;102.0000;-2391.0000;115.0000;272;270;315;0;0;17380
53452;277;0;0;240;252;235;109.0000;-13.0000;88.0000;100.0000;8.0000;70.0000;1;0;0;0;0;1;2;102.0000;-2391.0000;115.0000;272;270;315;0;0;17380
53463;277;0;0;240;252;235;109.0000;-13.0000;88.0000;100.0000;8.0000;70.0000;1;0;0;0;0;1;2;102.0000;-2391.0000;115.0000;272;270;315;0;0;17380
53475;277;0;0;240;252;235;109.0000;-13.0000;88.0000;100.0000;8.0000;70.0000;1;0;0;0;0;1;2;102.0000;-2391.0000;115.0000;272;270;315;0;0;17380
53488;277;0;0;240;252;235;109.0000;-13.0000;88.0000;100.0000;8.0000;70.0000;1;0;0;0;0;1;2;122.0000;-2391.0000;115.0000;272;270;315;0;0;17380
53504;277;0;0;240;252;235;75.0000;-13.0000;88.0000;100.0000;8.0000;70.0000;1;0;0;0;0;1;2;122.0000;-2391.0000;119.0000;272;270;315;0;0;17380
53521;277;0;0;240;252;235;75.0000;-13.0000;88.0000;100.0000;8.0000;70.0000;1;0;0;0;0;1;2;122.0000;-2391.0000;119.0000;272;270;315;0;0;17380
53532;277;0;0;240;252;235;75.0000;-13.0000;88.0000;100.0000;8.0000;70.0000;1;0;0;0;0;1;2;122.0000;-2391.0000;119.0000;272;270;315;0;0;17380
53543;277;0;0;240;252;235;75.0000;-13.0000;88.0000;100.0000;8.0000;70.0000;1;0;0;0;0;1;2;122.0000;-2391.0000;119.0000;272;270;315;0;0;17380
53554;277;0;0;240;252;235;75.0000;-13.0000;88.0000;100.0000;8.0000;70.0000;1;0;0;0;0;1;2;122.0000;-2391.0000;119.0000;272;270;315;0;0;17380
53565;277;0;0;240;252;235;75.0000;40.0000;105.0000;100.0000;8.0000;70.0000;1;0;0;0;0;1;2;122.0000;-2391.0000;119.0000;272;270;315;0;0;17380
53575;277;0;0;240;252;235;75.0000;40.0000;105.0000;100.0000;8.0000;70.0000;1;0;0;0;0;1;2;115.0000;-2391.0000;78.0000;272;270;315;0;0;17380
53595;277;0;0;240;252;235;75.0000;40.0000;105.0000;100.0000;8.0000;70.0000;1;0;0;0;0;1;2;115.0000;-2391.0000;78.0000;272;270;315;0;0;17380
53605;277;0;0;240;252;235;126.0000;40.0000;105.0000;100.0000;8.0000;70.0000;1;0;0;0;0;1;2;115.0000;-2391.0000;78.0000;272;270;315;0;0;17380
53616;277;0;0;240;252;235;126.0000;40.0000;105.0000;100.0000;8.0000;70.0000;1;0;0;0;0;1;2;115.0000;-2391.0000;78.0000;272;270;315;0;0;17380
53626;277;0;0;240;252;235;126.0000;40.0000;105.0000;100.0000;8.0000;70.0000;1;0;0;0;0;1;2;115.0000;-2391.0000;78.0000;272;270;315;0;0;17380
53637;277;0;0;240;252;235;126.0000;40.0000;105.0000;100.0000;8.0000;70.0000;1;0;0;0;0;1;2;115.0000;-2391.0000;78.0000;272;270;315;0;0;17380
53650;277;0;0;240;252;235;126.0000;40.0000;105.0000;100.0000;8.0000;70.0000;1;0;0;0;0;1;2;115.0000;-2391.0000;78.0000;272;270;315;0;0;17380
53660;277;0;0;240;252;235;126.0000;40.0000;132.0000;100.0000;8.0000;70.0000;1;0;0;0;0;1;2;115.0000;-2391.0000;78.0000;272;270;315;0;0;17380
53674;277;0;0;240;252;235;126.0000;161.0000;132.0000;100.0000;8.0000;70.0000;1;0;0;0;0;1;2;61.0000;-2391.0000;78.0000;272;270;315;0;0;17380
53685;277;0;0;240;252;235;126.0000;161.0000;132.0000;100.0000;8.0000;70.0000;1;0;0;0;0;1;2;61.0000;-2391.0000;72.0000;272;270;315;0;0;17380
53704;277;0;0;240;252;235;126.0000;161.0000;132.0000;100.0000;8.0000;70.0000;1;0;0;0;0;1;2;61.0000;-2391.0000;72.0000;272;270;315;0;0;17380
53715;277;0;0;240;252;235;126.0000;161.0000;132.0000;100.0000;8.0000;70.0000;1;0;0;0;0;1;2;61.0000;-2391.0000;72.0000;272;270;315;0;0;17380
53727;277;0;0;240;252;235;95.0000;161.0000;132.0000;100.0000;8.0000;70.0000;1;0;0;0;0;1;2;61.0000;-2391.0000;72.0000;272;270;315;0;0;17406
53740;277;0;0;240;252;235;95.0000;161.0000;132.0000;100.0000;8.0000;70.0000;1;0;0;0;0;1;2;61.0000;-2391.0000;72.0000;272;270;315;0;0;17406
53751;277;0;0;240;252;235;95.0000;161.0000;132.0000;100.0000;8.0000;70.0000;1;0;0;0;0;1;2;61.0000;-2391.0000;72.0000;272;270;315;0;0;17406
53778;277;0;0;240;252;235;95.0000;161.0000;108.0000;100.0000;8.0000;70.0000;1;0;0;0;0;1;2;61.0000;-2391.0000;72.0000;272;270;315;0;0;17406
53788;277;0;0;240;252;235;95.0000;80.0000;108.0000;100.0000;8.0000;70.0000;1;0;0;0;0;1;2;132.0000;-2391.0000;125.0000;272;270;315;0;0;17406
53799;277;0;0;240;252;235;95.0000;80.0000;108.0000;100.0000;8.0000;70.0000;1;0;0;0;0;1;2;132.0000;-2391.0000;125.0000;272;270;315;0;0;17406
53811;277;0;0;240;252;235;122.0000;80.0000;108.0000;100.0000;8.0000;70.0000;1;0;0;0;0;1;2;132.0000;-2391.0000;125.0000;272;270;315;0;0;17406
53823;277;0;0;240;252;235;122.0000;80.0000;108.0000;100.0000;8.0000;70.0000;1;0;0;0;0;1;2;132.0000;-2391.0000;125.0000;272;270;315;0;0;17406
53833;277;0;0;240;252;235;122.0000;80.0000;108.0000;100.0000;8.0000;70.0000;1;0;0;0;0;1;2;132.0000;-2391.0000;125.0000;272;270;315;0;0;17406
53844;277;0;0;240;252;235;122.0000;80.0000;108.0000;100.0000;8.0000;70.0000;1;0;0;0;0;1;2;132.0000;-2391.0000;125.0000;272;270;315;0;0;17406
53855;277;0;0;240;252;235;122.0000;80.0000;108.0000;100.0000;8.0000;70.0000;1;0;0;0;0;1;2;132.0000;-2391.0000;125.0000;272;270;315;0;0;17406
53866;277;0;0;240;252;235;122.0000;80.0000;129.0000;100.0000;8.0000;70.0000;1;0;0;0;0;1;2;132.0000;-2391.0000;125.0000;272;270;315;0;0;17406
53880;277;0;0;240;252;235;122.0000;134.0000;129.0000;100.0000;8.0000;70.0000;1;0;0;0;0;1;2;68.0000;-2391.0000;102.0000;272;270;315;0;0;17406
53895;277;0;0;240;252;235;122.0000;134.0000;129.0000;100.0000;8.0000;70.0000;1;0;0;0;0;1;2;68.0000;-2391.0000;102.0000;272;270;315;0;0;17406
53906;277;0;0;240;252;235;92.0000;134.0000;129.0000;100.0000;8.0000;70.0000;1;0;0;0;0;1;2;68.0000;-2391.0000;102.0000;272;270;315;0;0;17406
53917;277;0;0;240;252;235;92.0000;134.0000;129.0000;100.0000;8.0000;70.0000;1;0;0;0;0;1;2;68.0000;-2391.0000;102.0000;272;270;315;0;0;17406
53927;277;0;0;240;252;235;92.0000;134.0000;129.0000;100.0000;8.0000;70.0000;1;0;0;0;0;1;2;68.0000;-2391.0000;102.0000;272;270;315;0;0;17406
53938;277;0;0;240;252;235;92.0000;134.0000;129.0000;100.0000;8.0000;70.0000;1;0;0;0;0;1;2;68.0000;-2391.0000;102.0000;272;270;315;0;0;17406
53954;277;0;0;240;252;235;92.0000;134.0000;129.0000;100.0000;8.0000;70.0000;1;0;0;0;0;1;2;68.0000;-2391.0000;102.0000;272;270;315;0;0;17406
53965;277;0;0;240;252;235;92.0000;134.0000;129.0000;100.0000;8.0000;70.0000;1;0;0;0;0;1;2;68.0000;-2391.0000;102.0000;272;270;315;0;0;17406
53975;277;0;0;240;252;235;92.0000;134.0000;125.0000;100.0000;8.0000;70.0000;1;0;0;0;0;1;2;68.0000;-2391.0000;72.0000;272;270;315;0;0;17406
53986;277;0;0;240;252;235;92.0000;13.0000;125.0000;100.0000;8.0000;70.0000;1;0;0;0;0;1;2;68.0000;-2391.0000;72.0000;272;270;315;0;0;17406
53997;277;0;0;240;252;235;92.0000;13.0000;125.0000;100.0000;8.0000;70.0000;1;0;0;0;0;1;2;68.0000;-2391.0000;72.0000;272;270;315;0;0;17406
54008;277;0;0;240;252;235;105.0000;13.0000;125.0000;100.0000;8.0000;70.0000;1;0;0;0;0;1;2;68.0000;-2391.0000;72.0000;272;270;315;0;0;17406
54019;277;0;0;240;252;235;105.0000;13.0000;125.0000;100.0000;8.0000;70.0000;1;0;0;0;0;1;2;68.0000;-2391.0000;72.0000;272;270;315;0;0;17406
54034;277;0;0;240;252;235;105.0000;13.0000;125.0000;100.0000;8.0000;70.0000;1;0;0;0;0;1;2;68.0000;-2391.0000;72.0000;272;270;315;0;0;17406
54045;277;0;0;240;252;235;105.0000;13.0000;125.0000;100.0000;8.0000;70.0000;1;0;0;0;0;1;2;68.0000;-2391.0000;72.0000;272;270;315;0;0;17406
54055;277;0;0;240;252;235;105.0000;13.0000;125.0000;100.0000;8.0000;70.0000;1;0;0;0;0;1;2;68.0000;-2391.0000;72.0000;272;270;315;0;0;17406
54066;277;0;0;240;252;235;105.0000;13.0000;108.0000;100.0000;8.0000;70.0000;1;0;0;0;0;1;2;68.0000;-2391.0000;72.0000;272;270;315;0;0;17406
54076;277;0;0;240;252;235;105.0000;93.0000;108.0000;100.0000;8.0000;70.0000;1;0;0;0;0;1;2;75.0000;-2391.0000;72.0000;272;270;315;0;0;17406
54087;277;0;0;240;252;235;105.0000;93.0000;108.0000;100.0000;8.0000;70.0000;1;0;0;0;0;1;2;75.0000;-2391.0000;85.0000;272;270;315;0;0;17406
54098;277;0;0;240;252;235;105.0000;93.0000;108.0000;100.0000;8.0000;70.0000;1;0;0;0;0;1;2;75.0000;-2391.0000;85.0000;272;270;315;0;0;17406
54108;277;0;0;240;252;235;82.0000;93.0000;108.0000;100.0000;8.0000;70.0000;1;0;0;0;0;1;2;75.0000;-2391.0000;85.0000;272;270;315;0;0;17406
54119;277;0;0;240;252;235;82.0000;93.0000;108.0000;100.0000;8.0000;70.0000;1;0;0;0;0;1;2;75.0000;-2391.0000;85.0000;272;270;315;0;0;17406
54130;277;0;0;240;252;235;82.0000;93.0000;108.0000;100.0000;8.0000;70.0000;1;0;0;0;0;1;2;75.0000;-2391.0000;85.0000;272;270;315;0;0;17406
54142;277;0;0;240;252;235;82.0000;93.0000;108.0000;100.0000;8.0000;70.0000;1;0;0;0;0;1;2;75.0000;-2391.0000;85.0000;272;270;315;0;0;17406
54153;277;0;0;240;252;235;82.0000;93.0000;108.0000;100.0000;8.0000;70.0000;1;0;0;0;0;1;2;75.0000;-2391.0000;85.0000;272;270;315;0;0;17406
54163;277;0;0;240;252;235;82.0000;93.0000;108.0000;100.0000;8.0000;70.0000;1;0;0;0;0;1;2;75.0000;-2391.0000;85.0000;272;270;315;0;0;17406
54174;277;0;0;240;252;235;82.0000;67.0000;85.0000;100.0000;8.0000;70.0000;1;0;0;0;0;1;2;128.0000;-2391.0000;85.0000;272;270;315;0;0;17406
54185;277;0;0;240;252;235;82.0000;67.0000;85.0000;100.0000;8.0000;70.0000;1;0;0;0;0;1;2;128.0000;-2391.0000;92.0000;272;270;315;0;0;17406
54196;277;0;0;240;252;235;82.0000;67.0000;85.0000;100.0000;8.0000;70.0000;1;0;0;0;0;1;2;128.0000;-2391.0000;92.0000;272;270;315;0;0;17406
54206;277;0;0;240;252;235;85.0000;67.0000;85.0000;100.0000;8.0000;70.0000;1;0;0;0;0;1;2;128.0000;-2391.0000;92.0000;272;270;315;0;0;17406
54217;277;0;0;240;252;235;85.0000;67.0000;85.0000;100.0000;8.0000;70.0000;1;0;0;0;0;1;2;128.0000;-2391.0000;92.0000;272;270;315;0;0;17406
54228;277;0;0;240;252;235;85.0000;67.0000;85.0000;100.0000;8.0000;70.0000;1;0;0;0;0;1;2;128.0000;-2391.0000;92.0000;272;270;315;0;0;17406
54238;277;0;0;240;252;235;85.0000;67.0000;85.0000;100.0000;8.0000;70.0000;1;0;0;0;0;1;2;128.0000;-2391.0000;92.0000;272;270;315;0;0;17406
54250;277;0;0;240;252;235;85.0000;67.0000;85.0000;100.0000;8.0000;70.0000;1;0;0;0;0;1;2;128.0000;-2391.0000;92.0000;272;270;315;0;0;17376
54260;277;0;0;240;252;235;85.0000;67.0000;85.0000;100.0000;8.0000;70.0000;1;0;0;0;0;1;2;128.0000;-2391.0000;92.0000;272;270;315;0;0;17376
54272;277;0;0;240;252;235;85.0000;67.0000;95.0000;100.0000;8.0000;70.0000;1;0;0;0;0;1;2;71.0000;-2391.0000;95.0000;272;270;315;0;0;17376
54284;277;0;0;240;252;235;85.0000;147.0000;95.0000;100.0000;8.0000;70.0000;1;0;0;0;0;1;2;71.0000;-2391.0000;95.0000;272;270;315;0;0;17376
54296;277;0;0;240;252;235;85.0000;147.0000;95.0000;100.0000;8.0000;70.0000;1;0;0;0;0;1;2;71.0000;-2391.0000;95.0000;272;270;315;0;0;17376
54314;277;0;0;240;252;235;112.0000;147.0000;95.0000;100.0000;8.0000;70.0000;1;0;0;0;0;1;2;71.0000;-2391.0000;95.0000;272;270;315;0;0;17376
54325;277;0;0;240;252;235;112.0000;147.0000;95.0000;100.0000;8.0000;70.0000;1;0;0;0;0;1;2;71.0000;-2391.0000;95.0000;272;270;315;0;0;17376
54335;277;0;0;240;252;235;112.0000;147.0000;95.0000;100.0000;8.0000;70.0000;1;0;0;0;0;1;2;71.0000;-2391.0000;95.0000;272;270;315;0;0;17376
54346;277;0;0;240;252;235;112.0000;147.0000;95.0000;88.0000;7.0000;71.0000;1;0;0;0;0;1;2;71.0000;-2391.0000;95.0000;272;270;315;0;0;17376
54356;277;0;0;240;252;235;112.0000;147.0000;95.0000;88.0000;7.0000;71.0000;1;0;0;0;0;1;2;71.0000;-2391.0000;95.0000;272;270;315;0;0;17376
54367;277;0;0;240;252;235;112.0000;147.0000;95.0000;88.0000;7.0000;71.0000;1;0;0;0;0;1;2;71.0000;-2391.0000;95.0000;272;270;315;0;0;17376
54378;277;0;0;240;252;235;112.0000;147.0000;95.0000;88.0000;7.0000;71.0000;1;0;0;0;0;1;2;115.0000;-2391.0000;95.0000;272;270;315;0;0;17376
54388;277;0;0;240;252;235;112.0000;-26.0000;88.0000;88.0000;7.0000;71.0000;1;0;0;0;0;1;2;115.0000;-2391.0000;105.0000;272;270;315;0;0;17376
54399;277;0;0;240;252;235;112.0000;-26.0000;88.0000;88.0000;7.0000;71.0000;1;0;0;0;0;1;2;115.0000;-2391.0000;105.0000;272;270;315;0;0;17376
54409;277;0;0;240;252;235;102.0000;-26.0000;88.0000;88.0000;7.0000;71.0000;1;0;0;0;0;1;2;115.0000;-2391.0000;105.0000;272;270;315;0;0;17376
54420;277;0;0;240;252;235;102.0000;-26.0000;88.0000;88.0000;7.0000;71.0000;1;0;0;0;0;1;2;115.0000;-2391.0000;105.0000;272;270;315;0;0;17376
54434;277;0;0;240;252;235;102.0000;-26.0000;88.0000;88.0000;7.0000;71.0000;1;0;0;0;0;1;2;115.0000;-2391.0000;105.0000;272;270;315;0;0;17376
54445;277;0;0;240;252;235;102.0000;-26.0000;88.0000;88.0000;7.0000;71.0000;1;0;0;0;0;1;2;115.0000;-2391.0000;105.0000;272;270;315;0;0;17376
54455;277;0;0;240;252;235;102.0000;-26.0000;88.0000;88.0000;7.0000;71.0000;1;0;0;0;0;1;2;115.0000;-2391.0000;105.0000;272;270;315;0;0;17376
54467;277;0;0;240;252;235;102.0000;-26.0000;88.0000;88.0000;7.0000;71.0000;1;0;0;0;0;1;2;115.0000;-2391.0000;105.0000;272;270;315;0;0;17380
54477;277;0;0;240;252;235;102.0000;-26.0000;88.0000;88.0000;7.0000;71.0000;1;0;0;0;0;1;2;65.0000;-2391.0000;135.0000;272;270;315;0;0;17380
54489;277;0;0;240;252;235;102.0000;-26.0000;88.0000;88.0000;7.0000;71.0000;1;0;0;0;0;1;2;65.0000;-2391.0000;135.0000;272;270;315;0;0;17380
54499;277;0;0;240;252;235;102.0000;120.0000;88.0000;88.0000;7.0000;71.0000;1;0;0;0;0;1;2;65.0000;-2391.0000;135.0000;272;270;315;0;0;17380
54514;277;0;0;240;252;235;79.0000;120.0000;88.0000;88.0000;7.0000;71.0000;1;0;0;0;0;1;2;65.0000;-2391.0000;135.0000;272;270;315;0;0;17380
54525;277;0;0;240;252;235;79.0000;120.0000;88.0000;88.0000;7.0000;71.0000;1;0;0;0;0;1;2;65.0000;-2391.0000;135.0000;272;270;315;0;0;17380
54543;277;0;0;240;252;235;79.0000;120.0000;88.0000;88.0000;7.0000;71.0000;1;0;0;0;0;1;2;65.0000;-2391.0000;135.0000;272;270;315;0;0;17380
54553;277;0;0;240;252;235;79.0000;120.0000;88.0000;88.0000;7.0000;71.0000;1;0;0;0;0;1;2;65.0000;-2391.0000;135.0000;272;270;315;0;0;17380
54564;277;0;0;240;252;235;79.0000;120.0000;88.0000;88.0000;7.0000;71.0000;1;0;0;0;0;1;2;65.0000;-2391.0000;135.0000;272;270;315;0;0;17380
54575;277;0;0;240;252;235;79.0000;120.0000;88.0000;88.0000;7.0000;71.0000;1;0;0;0;0;1;2;65.0000;-2391.0000;135.0000;272;270;315;0;0;17380
54587;277;0;0;240;252;235;79.0000;120.0000;132.0000;88.0000;7.0000;71.0000;1;0;0;0;0;1;2;85.0000;-2391.0000;135.0000;272;270;315;0;0;17380
54598;277;0;0;240;252;235;79.0000;-13.0000;132.0000;88.0000;7.0000;71.0000;1;0;0;0;0;1;2;85.0000;-2391.0000;119.0000;272;270;315;0;0;17380
54610;277;0;0;240;252;235;119.0000;-13.0000;132.0000;88.0000;7.0000;71.0000;1;0;0;0;0;1;2;85.0000;-2391.0000;119.0000;272;270;315;0;0;17380
54621;277;0;0;240;252;235;119.0000;-13.0000;132.0000;88.0000;7.0000;71.0000;1;0;0;0;0;1;2;85.0000;-2391.0000;119.0000;272;270;315;0;0;17380
54631;277;0;0;240;252;235;119.0000;-13.0000;132.0000;88.0000;7.0000;71.0000;1;0;0;0;0;1;2;85.0000;-2391.0000;119.0000;272;270;315;0;0;17380
54644;277;0;0;240;252;235;119.0000;-13.0000;132.0000;88.0000;7.0000;71.0000;1;0;0;0;0;1;2;85.0000;-2391.0000;119.0000;272;270;315;0;0;17380
54657;277;0;0;240;252;235;119.0000;-13.0000;132.0000;88.0000;7.0000;71.0000;1;0;0;0;0;1;2;85.0000;-2391.0000;119.0000;272;270;315;0;0;17380
54675;277;0;0;240;252;235;119.0000;-13.0000;132.0000;88.0000;7.0000;71.0000;1;0;0;0;0;1;2;85.0000;-2391.0000;119.0000;272;270;315;0;0;17380
54686;277;0;0;240;252;235;119.0000;-13.0000;132.0000;88.0000;7.0000;71.0000;1;0;0;0;0;1;2;132.0000;-2391.0000;119.0000;272;270;315;0;0;17380
54697;277;0;0;240;252;235;119.0000;93.0000;132.0000;88.0000;7.0000;71.0000;1;0;0;0;0;1;2;132.0000;-2391.0000;135.0000;272;270;315;0;0;17404
54708;277;0;0;240;252;235;119.0000;93.0000;88.0000;88.0000;7.0000;71.0000;1;0;0;0;0;1;2;132.0000;-2391.0000;135.0000;272;270;315;0;0;17404
54719;277;0;0;240;252;235;119.0000;93.0000;88.0000;88.0000;7.0000;71.0000;1;0;0;0;0;1;2;132.0000;-2391.0000;135.0000;272;270;315;0;0;17404
54734;277;0;0;240;252;235;119.0000;93.0000;88.0000;88.0000;7.0000;71.0000;1;0;0;0;0;1;2;132.0000;-2391.0000;135.0000;272;270;315;0;0;17404
54745;277;0;0;240;252;235;119.0000;93.0000;88.0000;88.0000;7.0000;71.0000;1;0;0;0;0;1;2;132.0000;-2391.0000;135.0000;272;270;315;0;0;17404
54756;277;0;0;240;252;235;119.0000;93.0000;88.0000;88.0000;7.0000;71.0000;1;0;0;0;0;1;2;132.0000;-2391.0000;135.0000;272;270;315;0;0;17404
54767;277;0;0;240;252;235;119.0000;93.0000;88.0000;88.0000;7.0000;71.0000;1;0;0;0;0;1;2;132.0000;-2391.0000;135.0000;272;270;315;0;0;17404
54780;277;0;0;240;252;235;119.0000;93.0000;88.0000;88.0000;7.0000;71.0000;1;0;0;0;0;1;2;95.0000;-2391.0000;115.0000;272;270;315;0;0;17404
54791;277;0;0;240;252;235;119.0000;93.0000;85.0000;88.0000;7.0000;71.0000;1;0;0;0;0;1;2;95.0000;-2391.0000;115.0000;272;270;315;0;0;17404
54806;277;0;0;240;252;235;119.0000;-13.0000;85.0000;88.0000;7.0000;71.0000;1;0;0;0;0;1;2;95.0000;-2391.0000;115.0000;272;270;315;0;0;17406
54816;277;0;0;240;252;235;119.0000;-13.0000;85.0000;88.0000;7.0000;71.0000;1;0;0;0;0;1;2;95.0000;-2391.0000;115.0000;272;270;315;0;0;17406
54827;277;0;0;240;252;235;75.0000;-13.0000;85.0000;88.0000;7.0000;71.0000;1;0;0;0;0;1;2;95.0000;-2391.0000;115.0000;272;270;315;0;0;17406
54837;277;0;0;240;252;235;75.0000;-13.0000;85.0000;88.0000;7.0000;71.0000;1;0;0;0;0;1;2;95.0000;-2391.0000;115.0000;272;270;315;0;0;17406
54848;277;0;0;240;252;235;75.0000;-13.0000;85.0000;88.0000;7.0000;71.0000;1;0;0;0;0;1;2;95.0000;-2391.0000;115.0000;272;270;315;0;0;17406
54858;277;0;0;240;252;235;75.0000;-13.0000;85.0000;88.0000;7.0000;71.0000;1;0;0;0;0;1;2;95.0000;-2391.0000;115.0000;272;270;315;0;0;17406
54870;277;0;0;240;252;235;75.0000;-13.0000;85.0000;88.0000;7.0000;71.0000;1;0;0;0;0;1;2;95.0000;-2391.0000;115.0000;272;270;315;0;0;17406
54887;277;0;0;240;252;235;75.0000;-13.0000;82.0000;88.0000;7.0000;71.0000;1;0;0;0;0;1;2;95.0000;-2391.0000;65.0000;272;270;315;0;0;17406
54898;277;0;0;240;252;235;75.0000;-26.0000;82.0000;88.0000;7.0000;71.0000;1;0;0;0;0;1;2;95.0000;-2391.0000;65.0000;272;270;315;0;0;17406
54911;277;0;0;240;252;235;75.0000;-26.0000;82.0000;88.0000;7.0000;71.0000;1;0;0;0;0;1;2;95.0000;-2391.0000;65.0000;272;270;315;0;0;17406
54921;277;0;0;240;252;235;79.0000;-26.0000;82.0000;88.0000;7.0000;71.0000;1;0;0;0;0;1;2;95.0000;-2391.0000;65.0000;272;270;315;0;0;17406
54932;277;0;0;240;252;235;79.0000;-26.0000;82.0000;88.0000;7.0000;71.0000;1;0;0;0;0;1;2;95.0000;-2391.0000;65.0000;272;270;315;0;0;17406
54942;277;0;0;240;252;235;79.0000;-26.0000;82.0000;88.0000;7.0000;71.0000;1;0;0;0;0;1;2;95.0000;-2391.0000;65.0000;272;270;315;0;0;17406
54953;277;0;0;240;252;235;79.0000;-26.0000;82.0000;88.0000;7.0000;71.0000;1;0;0;0;0;1;2;95.0000;-2391.0000;65.0000;272;270;315;0;0;17406
54963;277;0;0;240;252;235;79.0000;-26.0000;82.0000;88.0000;7.0000;71.0000;1;0;0;0;0;1;2;95.0000;-2391.0000;65.0000;272;270;315;0;0;17406
54975;277;0;0;240;252;235;79.0000;-26.0000;82.0000;88.0000;7.0000;71.0000;1;0;0;0;0;1;2;95.0000;-2391.0000;65.0000;272;270;315;0;0;17406
54986;277;0;0;240;252;235;79.0000;-26.0000;82.0000;88.0000;7.0000;71.0000;1;0;0;0;0;1;2;125.0000;-2391.0000;102.0000;272;270;315;0;0;17406
54998;277;0;0;240;252;235;79.0000;80.0000;119.0000;88.0000;7.0000;71.0000;1;0;0;0;0;1;2;125.0000;-2391.0000;102.0000;272;270;315;0;0;17406
55008;277;0;0;240;252;235;79.0000;80.0000;119.0000;88.0000;7.0000;71.0000;1;0;0;0;0;1;2;125.0000;-2391.0000;102.0000;272;270;315;0;0;17406
55019;277;0;0;240;252;235;79.0000;80.0000;119.0000;88.0000;7.0000;71.0000;1;0;0;0;0;1;2;125.0000;-2391.0000;102.0000;272;270;315;0;0;17406
55034;277;0;0;240;252;235;115.0000;80.0000;119.0000;88.0000;7.0000;71.0000;1;0;0;0;0;1;2;125.0000;-2391.0000;102.0000;272;270;315;0;0;17406
55045;277;0;0;240;252;235;115.0000;80.0000;119.0000;88.0000;7.0000;71.0000;1;0;0;0;0;1;2;125.0000;-2391.0000;102.0000;272;270;315;0;0;17406
55055;277;0;0;240;252;235;115.0000;80.0000;119.0000;88.0000;7.0000;71.0000;1;0;0;0;0;1;2;125.0000;-2391.0000;102.0000;272;270;315;0;0;17406
55066;277;0;0;240;252;235;115.0000;80.0000;119.0000;88.0000;7.0000;71.0000;1;0;0;0;0;1;2;125.0000;-2391.0000;102.0000;272;270;315;0;0;17406
55078;277;0;0;240;252;235;115.0000;80.0000;119.0000;88.0000;7.0000;71.0000;1;0;0;0;0;1;2;132.0000;-2391.0000;132.0000;272;270;315;0;0;17406
55089;277;0;0;240;252;235;115.0000;80.0000;85.0000;88.0000;7.0000;71.0000;1;0;0;0;0;1;2;132.0000;-2391.0000;132.0000;272;270;315;0;0;17406
55099;277;0;0;240;252;235;115.0000;134.0000;85.0000;88.0000;7.0000;71.0000;1;0;0;0;0;1;2;132.0000;-2391.0000;132.0000;272;270;315;0;0;17406
55110;277;0;0;240;252;235;115.0000;134.0000;85.0000;88.0000;7.0000;71.0000;1;0;0;0;0;1;2;132.0000;-2391.0000;132.0000;272;270;315;0;0;17406
55121;277;0;0;240;252;235;122.0000;134.0000;85.0000;88.0000;7.0000;71.0000;1;0;0;0;0;1;2;132.0000;-2391.0000;132.0000;272;270;315;0;0;17406
55131;277;0;0;240;252;235;122.0000;134.0000;85.0000;88.0000;7.0000;71.0000;1;0;0;0;0;1;2;132.0000;-2391.0000;132.0000;272;270;315;0;0;17406
55142;277;0;0;240;252;235;122.0000;134.0000;85.0000;88.0000;7.0000;71.0000;1;0;0;0;0;1;2;132.0000;-2391.0000;132.0000;272;270;315;0;0;17406
55152;277;0;0;240;252;235;122.0000;134.0000;85.0000;88.0000;7.0000;71.0000;1;0;0;0;0;1;2;132.0000;-2391.0000;132.0000;272;270;315;0;0;17406
55162;277;0;0;240;252;235;122.0000;134.0000;85.0000;88.0000;7.0000;71.0000;1;0;0;0;0;1;2;132.0000;-2391.0000;132.0000;272;270;315;0;0;17406
55173;277;0;0;240;252;235;122.0000;134.0000;85.0000;88.0000;7.0000;71.0000;1;0;0;0;0;1;2;128.0000;-2391.0000;132.0000;272;270;315;0;0;17406
55184;277;0;0;240;252;235;122.0000;134.0000;85.0000;88.0000;7.0000;71.0000;1;0;0;0;0;1;2;128.0000;-2391.0000;92.0000;272;270;315;0;0;17406
55195;277;0;0;240;252;235;122.0000;161.0000;82.0000;88.0000;7.0000;71.0000;1;0;0;0;0;1;2;128.0000;-2391.0000;92.0000;272;270;315;0;0;17406
55205;277;0;0;240;252;235;122.0000;161.0000;82.0000;88.0000;7.0000;71.0000;1;0;0;0;0;1;2;128.0000;-2391.0000;92.0000;272;270;315;0;0;17406
55216;277;0;0;240;252;235;122.0000;161.0000;82.0000;88.0000;7.0000;71.0000;1;0;0;0;0;1;2;128.0000;-2391.0000;92.0000;272;270;315;0;0;17406
55227;277;0;0;240;252;235;102.0000;161.0000;82.0000;88.0000;7.0000;71.0000;1;0;0;0;0;1;2;128.0000;-2391.0000;92.0000;272;270;315;0;0;17376
55238;277;0;0;240;252;235;102.0000;161.0000;82.0000;88.0000;7.0000;71.0000;1;0;0;0;0;1;2;128.0000;-2391.0000;92.0000;272;270;315;0;0;17376
55248;277;0;0;240;252;235;102.0000;161.0000;82.0000;88.0000;7.0000;71.0000;1;0;0;0;0;1;2;128.0000;-2391.0000;92.0000;272;270;315;0;0;17376
55259;277;0;0;240;252;235;102.0000;161.0000;82.0000;88.0000;7.0000;71.0000;1;0;0;0;0;1;2;128.0000;-2391.0000;92.0000;272;270;315;0;0;17376
55269;277;0;0;240;252;235;102.0000;161.0000;82.0000;88.0000;7.0000;71.0000;1;0;0;0;0;1;2;128.0000;-2391.0000;92.0000;272;270;315;0;0;17376
55279;277;0;0;240;252;235;102.0000;161.0000;82.0000;88.0000;7.0000;71.0000;1;0;0;0;0;1;2;135.0000;-2391.0000;122.0000;272;270;315;0;0;17376
55291;277;0;0;240;252;235;102.0000;161.0000;122.0000;88.0000;7.0000;71.0000;1;0;0;0;0;1;2;135.0000;-2391.0000;122.0000;272;270;315;0;0;17376
55301;277;0;0;240;252;235;102.0000;53.0000;122.0000;88.0000;7.0000;71.0000;1;0;0;0;0;1;2;135.0000;-2391.0000;122.0000;272;270;315;0;0;17376
55312;277;0;0;240;252;235;102.0000;53.0000;122.0000;88.0000;7.0000;71.0000;1;0;0;0;0;1;2;135.0000;-2391.0000;122.0000;272;270;315;0;0;17376
55322;277;0;0;240;252;235;122.0000;53.0000;122.0000;88.0000;7.0000;71.0000;1;0;0;0;0;1;2;135.0000;-2391.0000;122.0000;272;270;315;0;0;17376
55333;277;0;0;240;252;235;122.0000;53.0000;122.0000;88.0000;7.0000;71.0000;1;0;0;0;0;1;2;135.0000;-2391.0000;122.0000;272;270;315;0;0;17376
55343;277;0;0;240;252;235;122.0000;53.0000;122.0000;33.0000;7.0000;71.0000;1;0;0;0;0;1;2;135.0000;-2391.0000;122.0000;272;270;315;0;0;17376
55354;277;0;0;240;252;235;122.0000;53.0000;122.0000;33.0000;7.0000;71.0000;1;0;0;0;0;1;2;135.0000;-2391.0000;122.0000;272;270;315;0;0;17376
55364;277;0;0;240;252;235;122.0000;53.0000;122.0000;33.0000;7.0000;71.0000;1;0;0;0;0;1;2;135.0000;-2391.0000;122.0000;272;270;315;0;0;17376
55375;277;0;0;240;252;235;122.0000;53.0000;122.0000;33.0000;7.0000;71.0000;1;0;0;0;0;1;2;81.0000;-2391.0000;82.0000;272;270;315;0;0;17376
55386;277;0;0;240;252;235;122.0000;53.0000;122.0000;33.0000;7.0000;71.0000;1;0;0;0;0;1;2;81.0000;-2391.0000;82.0000;272;270;315;0;0;17376
55397;277;0;0;240;252;235;122.0000;-26.0000;105.0000;33.0000;7.0000;71.0000;1;0;0;0;0;1;2;81.0000;-2391.0000;82.0000;272;270;315;0;0;17376
55407;277;0;0;240;252;235;122.0000;-26.0000;105.0000;33.0000;7.0000;71.0000;1;0;0;0;0;1;2;81.0000;-2391.0000;82.0000;272;270;315;0;0;17376
55418;277;0;0;240;252;235;122.0000;-26.0000;105.0000;33.0000;7.0000;71.0000;1;0;0;0;0;1;2;81.0000;-2391.0000;82.0000;272;270;315;0;0;17376
55428;277;0;0;240;252;235;82.0000;-26.0000;105.0000;33.0000;7.0000;71.0000;1;0;0;0;0;1;2;81.0000;-2391.0000;82.0000;272;270;315;0;0;17376
55438;277;0;0;240;252;235;82.0000;-26.0000;105.0000;33.0000;7.0000;71.0000;1;0;0;0;0;1;2;81.0000;-2391.0000;82.0000;272;270;315;0;0;17380
55449;277;0;0;240;252;235;82.0000;-26.0000;105.0000;33.0000;7.0000;71.0000;1;0;0;0;0;1;2;81.0000;-2391.0000;82.0000;272;270;315;0;0;17380
55459;277;0;0;240;252;235;82.0000;-26.0000;105.0000;33.0000;7.0000;71.0000;1;0;0;0;0;1;2;81.0000;-2391.0000;82.0000;272;270;315;0;0;17380
55470;277;0;0;240;252;235;82.0000;-26.0000;105.0000;33.0000;7.0000;71.0000;1;0;0;0;0;1;2;81.0000;-2391.0000;82.0000;272;270;315;0;0;17380
55480;277;0;0;240;252;235;82.0000;-26.0000;105.0000;33.0000;7.0000;71.0000;1;0;0;0;0;1;2;95.0000;-2391.0000;68.0000;272;270;315;0;0;17380
55491;277;0;0;240;252;235;82.0000;-26.0000;85.0000;33.0000;7.0000;71.0000;1;0;0;0;0;1;2;95.0000;-2391.0000;68.0000;272;270;315;0;0;17380
55502;277;0;0;240;252;235;82.0000;161.0000;85.0000;33.0000;7.0000;71.0000;1;0;0;0;0;1;2;95.0000;-2391.0000;68.0000;272;270;315;0;0;17380
55512;277;0;0;240;252;235;82.0000;161.0000;85.0000;33.0000;7.0000;71.0000;1;0;0;0;0;1;2;95.0000;-2391.0000;68.0000;272;270;315;0;0;17380
55523;277;0;0;240;252;235;82.0000;161.0000;85.0000;33.0000;7.0000;71.0000;1;0;0;0;0;1;2;95.0000;-2391.0000;68.0000;272;270;315;0;0;17380
55534;277;0;0;240;252;235;79.0000;161.0000;85.0000;33.0000;7.0000;71.0000;1;0;0;0;0;1;2;95.0000;-2391.0000;68.0000;272;270;315;0;0;17380
55545;277;0;0;240;252;235;79.0000;161.0000;85.0000;33.0000;7.0000;71.0000;1;0;0;0;0;1;2;95.0000;-2391.0000;68.0000;272;270;315;0;0;17380
55555;277;0;0;240;252;235;79.0000;161.0000;85.0000;33.0000;7.0000;71.0000;1;0;0;0;0;1;2;95.0000;-2391.0000;68.0000;272;270;315;0;0;17380
55567;277;0;0;240;252;235;79.0000;161.0000;85.0000;33.0000;7.0000;71.0000;1;0;0;0;0;1;2;95.0000;-2391.0000;68.0000;272;270;315;0;0;17380
55578;277;0;0;240;252;235;79.0000;161.0000;85.0000;33.0000;7.0000;71.0000;1;0;0;0;0;1;2;88.0000;-2391.0000;65.0000;272;270;315;0;0;17380
55588;277;0;0;240;252;235;79.0000;161.0000;132.0000;33.0000;7.0000;71.0000;1;0;0;0;0;1;2;88.0000;-2391.0000;65.0000;272;270;315;0;0;17380
55599;277;0;0;240;252;235;79.0000;147.0000;132.0000;33.0000;7.0000;71.0000;1;0;0;0;0;1;2;88.0000;-2391.0000;65.0000;272;270;315;0;0;17380
55614;277;0;0;240;252;235;79.0000;147.0000;132.0000;33.0000;7.0000;71.0000;1;0;0;0;0;1;2;88.0000;-2391.0000;65.0000;272;270;315;0;0;17380
55624;277;0;0;240;252;235;79.0000;147.0000;132.0000;33.0000;7.0000;71.0000;1;0;0;0;0;1;2;88.0000;-2391.0000;65.0000;272;270;315;0;0;17380
55635;277;0;0;240;252;235;109.0000;147.0000;132.0000;33.0000;7.0000;71.0000;1;0;0;0;0;1;2;88.0000;-2391.0000;65.0000;272;270;315;0;0;17380
55646;277;0;0;240;252;235;109.0000;147.0000;132.0000;33.0000;7.0000;71.0000;1;0;0;0;0;1;2;88.0000;-2391.0000;65.0000;272;270;315;0;0;17388
55657;277;0;0;240;252;235;109.0000;147.0000;132.0000;33.0000;7.0000;71.0000;1;0;0;0;0;1;2;88.0000;-2391.0000;65.0000;272;270;315;0;0;17388
55668;277;0;0;240;252;235;109.0000;147.0000;132.0000;33.0000;7.0000;71.0000;1;0;0;0;0;1;2;88.0000;-2391.0000;65.0000;272;270;315;0;0;17388
55679;277;0;0;240;252;235;109.0000;147.0000;132.0000;33.0000;7.0000;71.0000;1;0;0;0;0;1;2;78.0000;-2391.0000;119.0000;272;270;315;0;0;17388
55690;277;0;0;240;252;235;109.0000;147.0000;98.0000;33.0000;7.0000;71.0000;1;0;0;0;0;1;2;78.0000;-2391.0000;119.0000;272;270;315;0;0;17388
55701;277;0;0;240;252;235;109.0000;-13.0000;98.0000;33.0000;7.0000;71.0000;1;0;0;0;0;1;2;78.0000;-2391.0000;119.0000;272;270;315;0;0;17388
55711;277;0;0;240;252;235;109.0000;-13.0000;98.0000;33.0000;7.0000;71.0000;1;0;0;0;0;1;2;78.0000;-2391.0000;119.0000;272;270;315;0;0;17388
55721;277;0;0;240;252;235;109.0000;-13.0000;98.0000;33.0000;7.0000;71.0000;1;0;0;0;0;1;2;78.0000;-2391.0000;119.0000;272;270;315;0;0;17388
55732;277;0;0;240;252;235;126.0000;-13.0000;98.0000;33.0000;7.0000;71.0000;1;0;0;0;0;1;2;78.0000;-2391.0000;119.0000;272;270;315;0;0;17388
55743;277;0;0;240;252;235;126.0000;-13.0000;98.0000;33.0000;7.0000;71.0000;1;0;0;0;0;1;2;78.0000;-2391.0000;119.0000;272;270;315;0;0;17406
55754;277;0;0;240;252;235;126.0000;-13.0000;98.0000;33.0000;7.0000;71.0000;1;0;0;0;0;1;2;78.0000;-2391.0000;119.0000;272;270;315;0;0;17406
55764;277;0;0;240;252;235;126.0000;-13.0000;98.0000;33.0000;7.0000;71.0000;1;0;0;0;0;1;2;78.0000;-2391.0000;119.0000;272;270;315;0;0;17406
55775;277;0;0;240;252;235;126.0000;-13.0000;98.0000;33.0000;7.0000;71.0000;1;0;0;0;0;1;2;81.0000;-2391.0000;119.0000;272;270;315;0;0;17406
55785;277;0;0;240;252;235;126.0000;-13.0000;98.0000;33.0000;7.0000;71.0000;1;0;0;0;0;1;2;81.0000;-2391.0000;119.0000;272;270;315;0;0;17406
55796;277;0;0;240;252;235;126.0000;-13.0000;132.0000;33.0000;7.0000;71.0000;1;0;0;0;0;1;2;81.0000;-2391.0000;119.0000;272;270;315;0;0;17406
55807;277;0;0;240;252;235;126.0000;-40.0000;132.0000;33.0000;7.0000;71.0000;1;0;0;0;0;1;2;81.0000;-2391.0000;119.0000;272;270;315;0;0;17406
55817;277;0;0;240;252;235;126.0000;-40.0000;132.0000;33.0000;7.0000;71.0000;1;0;0;0;0;1;2;81.0000;-2391.0000;119.0000;272;270;315;0;0;17406
55828;277;0;0;240;252;235;79.0000;-40.0000;132.0000;33.0000;7.0000;71.0000;1;0;0;0;0;1;2;81.0000;-2391.0000;119.0000;272;270;315;0;0;17406
55840;277;0;0;240;252;235;79.0000;-40.0000;132.0000;33.0000;7.0000;71.0000;1;0;0;0;0;1;2;81.0000;-2391.0000;119.0000;272;270;315;0;0;17406
55850;277;0;0;240;252;235;79.0000;-40.0000;132.0000;33.0000;7.0000;71.0000;1;0;0;0;0;1;2;81.0000;-2391.0000;119.0000;272;270;315;0;0;17406
55861;277;0;0;240;252;235;79.0000;-40.0000;132.0000;33.0000;7.0000;71.0000;1;0;0;0;0;1;2;81.0000;-2391.0000;119.0000;272;270;315;0;0;17406
55871;277;0;0;240;252;235;79.0000;-40.0000;132.0000;33.0000;7.0000;71.0000;1;0;0;0;0;1;2;81.0000;-2391.0000;119.0000;272;270;315;0;0;17406
55883;277;0;0;240;252;235;79.0000;-40.0000;132.0000;33.0000;7.0000;71.0000;1;0;0;0;0;1;2;132.0000;-2391.0000;61.0000;272;270;315;0;0;17406
55893;277;0;0;240;252;235;79.0000;-40.0000;125.0000;33.0000;7.0000;71.0000;1;0;0;0;0;1;2;132.0000;-2391.0000;61.0000;272;270;315;0;0;17406
55904;277;0;0;240;252;235;79.0000;147.0000;125.0000;33.0000;7.0000;71.0000;1;0;0;0;0;1;2;132.0000;-2391.0000;61.0000;272;270;315;0;0;17406
55915;277;0;0;240;252;235;79.0000;147.0000;125.0000;33.0000;7.0000;71.0000;1;0;0;0;0;1;2;132.0000;-2391.0000;61.0000;272;270;315;0;0;17406
55925;277;0;0;240;252;235;79.0000;147.0000;125.0000;33.0000;7.0000;71.0000;1;0;0;0;0;1;2;132.0000;-2391.0000;61.0000;272;270;315;0;0;17406
55935;277;0;0;240;252;235;85.0000;147.0000;125.0000;33.0000;7.0000;71.0000;1;0;0;0;0;1;2;132.0000;-2391.0000;61.0000;272;270;315;0;0;17406
55947;277;0;0;240;252;235;85.0000;147.0000;125.0000;33.0000;7.0000;71.0000;1;0;0;0;0;1;2;132.0000;-2391.0000;61.0000;272;270;315;0;0;17406
55958;277;0;0;240;252;235;85.0000;147.0000;125.0000;33.0000;7.0000;71.0000;1;0;0;0;0;1;2;132.0000;-2391.0000;61.0000;272;270;315;0;0;17406
55968;277;0;0;240;252;235;85.0000;147.0000;125.0000;33.0000;7.0000;71.0000;1;0;0;0;0;1;2;132.0000;-2391.0000;61.0000;272;270;315;0;0;17406
55978;277;0;0;240;252;235;85.0000;147.0000;125.0000;33.0000;7.0000;71.0000;1;0;0;0;0;1;2;78.0000;-2391.0000;61.0000;272;270;315;0;0;17406
55989;277;0;0;240;252;235;85.0000;147.0000;125.0000;33.0000;7.0000;71.0000;1;0;0;0;0;1;2;78.0000;-2391.0000;65.0000;272;270;315;0;0;17406
56000;277;0;0;240;252;235;85.0000;40.0000;92.0000;33.0000;7.0000;71.0000;1;0;0;0;0;1;2;78.0000;-2391.0000;65.0000;272;270;315;0;0;17406
56010;277;0;0;240;252;235;85.0000;40.0000;92.0000;33.0000;7.0000;71.0000;1;0;0;0;0;1;2;78.0000;-2391.0000;65.0000;272;270;315;0;0;17406
56021;277;0;0;240;252;235;85.0000;40.0000;92.0000;33.0000;7.0000;71.0000;1;0;0;0;0;1;2;78.0000;-2391.0000;65.0000;272;270;315;0;0;17406
56031;277;0;0;240;252;235;115.0000;40.0000;92.0000;33.0000;7.0000;71.0000;1;0;0;0;0;1;2;78.0000;-2391.0000;65.0000;272;270;315;0;0;17406
56042;277;0;0;240;252;235;115.0000;40.0000;92.0000;33.0000;7.0000;71.0000;1;0;0;0;0;1;2;78.0000;-2391.0000;65.0000;272;270;315;0;0;17406
56052;277;0;0;240;252;235;115.0000;40.0000;92.0000;33.0000;7.0000;71.0000;1;0;0;0;0;1;2;78.0000;-2391.0000;65.0000;272;270;315;0;0;17406
56062;277;0;0;240;252;235;115.0000;40.0000;92.0000;33.0000;7.0000;71.0000;1;0;0;0;0;1;2;78.0000;-2391.0000;65.0000;272;270;315;0;0;17406
56073;277;0;0;240;252;235;115.0000;40.0000;92.0000;33.0000;7.0000;71.0000;1;0;0;0;0;1;2;78.0000;-2391.0000;65.0000;272;270;315;0;0;17406
56084;277;0;0;240;252;235;115.0000;40.0000;92.0000;33.0000;7.0000;71.0000;1;0;0;0;0;1;2;105.0000;-2391.0000;85.0000;272;270;315;0;0;17406
56096;277;0;0;240;252;235;115.0000;40.0000;119.0000;33.0000;7.0000;71.0000;1;0;0;0;0;1;2;105.0000;-2391.0000;85.0000;272;270;315;0;0;17406
56107;277;0;0;240;252;235;115.0000;80.0000;119.0000;33.0000;7.0000;71.0000;1;0;0;0;0;1;2;105.0000;-2391.0000;85.0000;272;270;315;0;0;17406
56117;277;0;0;240;252;235;115.0000;80.0000;119.0000;33.0000;7.0000;71.0000;1;0;0;0;0;1;2;105.0000;-2391.0000;85.0000;272;270;315;0;0;17406
56128;277;0;0;240;252;235;115.0000;80.0000;119.0000;33.0000;7.0000;71.0000;1;0;0;0;0;1;2;105.0000;-2391.0000;85.0000;272;270;315;0;0;17406
56139;277;0;0;240;252;235;95.0000;80.0000;119.0000;33.0000;7.0000;71.0000;1;0;0;0;0;1;2;105.0000;-2391.0000;85.0000;272;270;315;0;0;17406
56151;277;0;0;240;252;235;95.0000;80.0000;119.0000;33.0000;7.0000;71.0000;1;0;0;0;0;1;2;105.0000;-2391.0000;85.0000;272;270;315;0;0;17406
56162;277;0;0;240;252;235;95.0000;80.0000;119.0000;33.0000;7.0000;71.0000;1;0;0;0;0;1;2;105.0000;-2391.0000;85.0000;272;270;315;0;0;17406
56172;277;0;0;240;252;235;95.0000;80.0000;119.0000;33.0000;7.0000;71.0000;1;0;0;0;0;1;2;105.0000;-2391.0000;85.0000;272;270;315;0;0;17406
56182;277;0;0;240;252;235;95.0000;80.0000;119.0000;33.0000;7.0000;71.0000;1;0;0;0;0;1;2;92.0000;-2391.0000;125.0000;272;270;315;0;0;17406
56193;277;0;0;240;252;235;95.0000;80.0000;112.0000;33.0000;7.0000;71.0000;1;0;0;0;0;1;2;92.0000;-2391.0000;125.0000;272;270;315;0;0;17406
56204;277;0;0;240;252;235;95.0000;0.0000;112.0000;33.0000;7.0000;71.0000;1;0;0;0;0;1;2;92.0000;-2391.0000;125.0000;272;270;315;0;0;17406
56214;277;0;0;240;252;235;95.0000;0.0000;112.0000;33.0000;7.0000;71.0000;1;0;0;0;0;1;2;92.0000;-2391.0000;125.0000;272;270;315;0;0;17406
56225;277;0;0;240;252;235;95.0000;0.0000;112.0000;33.0000;7.0000;71.0000;1;0;0;0;0;1;2;92.0000;-2391.0000;125.0000;272;270;315;0;0;17406
56235;277;0;0;240;252;235;79.0000;0.0000;112.0000;33.0000;7.0000;71.0000;1;0;0;0;0;1;2;92.0000;-2391.0000;125.0000;272;270;315;0;0;17406
56245;277;0;0;240;252;235;79.0000;0.0000;112.0000;33.0000;7.0000;71.0000;1;0;0;0;0;1;2;92.0000;-2391.0000;125.0000;272;270;315;0;0;17406
56256;277;0;0;240;252;235;79.0000;0.0000;112.0000;33.0000;7.0000;71.0000;1;0;0;0;0;1;2;92.0000;-2391.0000;125.0000;272;270;315;0;0;17392
56267;277;0;0;240;252;235;79.0000;0.0000;112.0000;33.0000;7.0000;71.0000;1;0;0;0;0;1;2;92.0000;-2391.0000;125.0000;272;270;315;0;0;17376
56278;277;0;0;240;252;235;79.0000;0.0000;112.0000;33.0000;7.0000;71.0000;1;0;0;0;0;1;2;88.0000;-2391.0000;125.0000;272;270;315;0;0;17376
56288;277;0;0;240;252;235;79.0000;0.0000;112.0000;33.0000;7.0000;71.0000;1;0;0;0;0;1;2;88.0000;-2391.0000;129.0000;272;270;315;0;0;17376
56299;277;0;0;240;252;235;79.0000;0.0000;98.0000;33.0000;7.0000;71.0000;1;0;0;0;0;1;2;88.0000;-2391.0000;129.0000;272;270;315;0;0;17376
56309;277;0;0;240;252;235;79.0000;147.0000;98.0000;33.0000;7.0000;71.0000;1;0;0;0;0;1;2;88.0000;-2391.0000;129.0000;272;270;315;0;0;17376
56320;277;0;0;240;252;235;79.0000;147.0000;98.0000;33.0000;7.0000;71.0000;1;0;0;0;0;1;2;88.0000;-2391.0000;129.0000;272;270;315;0;0;17376
56330;277;0;0;240;252;235;79.0000;147.0000;98.0000;33.0000;7.0000;71.0000;1;0;0;0;0;1;2;88.0000;-2391.0000;129.0000;272;270;315;0;0;17376
56341;277;0;0;240;252;235;85.0000;147.0000;98.0000;33.0000;7.0000;71.0000;1;0;0;0;0;1;2;88.0000;-2391.0000;129.0000;272;270;315;0;0;17376
56352;277;0;0;240;252;235;85.0000;147.0000;98.0000;33.0000;7.0000;71.0000;1;0;0;0;0;1;2;88.0000;-2391.0000;129.0000;272;270;315;0;0;17376
56362;277;0;0;240;252;235;85.0000;147.0000;98.0000;33.0000;7.0000;71.0000;1;0;0;0;0;1;2;88.0000;-2391.0000;129.0000;272;270;315;0;0;17376
56373;277;0;0;240;252;235;85.0000;147.0000;98.0000;33.0000;7.0000;71.0000;1;0;0;0;0;1;2;88.0000;-2391.0000;129.0000;272;270;315;0;0;17376
56384;277;0;0;240;252;235;85.0000;147.0000;98.0000;33.0000;7.0000;71.0000;1;0;0;0;0;1;2;98.0000;-2391.0000;129.0000;272;270;315;0;0;17376
56395;277;0;0;240;252;235;85.0000;147.0000;125.0000;33.0000;7.0000;71.0000;1;0;0;0;0;1;2;98.0000;-2391.0000;108.0000;272;270;315;0;0;17376
56405;277;0;0;240;252;235;85.0000;161.0000;125.0000;33.0000;7.0000;71.0000;1;0;0;0;0;1;2;98.0000;-2391.0000;108.0000;272;270;315;0;0;17376
56416;277;0;0;240;252;235;85.0000;161.0000;125.0000;33.0000;7.0000;71.0000;1;0;0;0;0;1;2;98.0000;-2391.0000;108.0000;272;270;315;0;0;17376
56426;277;0;0;240;252;235;85.0000;161.0000;125.0000;33.0000;7.0000;71.0000;1;0;0;0;0;1;2;98.0000;-2391.0000;108.0000;272;270;315;0;0;17376
56436;277;0;0;240;252;235;119.0000;161.0000;125.0000;33.0000;7.0000;71.0000;1;0;0;0;0;1;2;98.0000;-2391.0000;108.0000;272;270;315;0;0;17376
56447;277;0;0;240;252;235;119.0000;161.0000;125.0000;33.0000;7.0000;71.0000;1;0;0;0;0;1;2;98.0000;-2391.0000;108.0000;272;270;315;0;0;17376
56458;277;0;0;240;252;235;119.0000;161.0000;125.0000;33.0000;7.0000;71.0000;1;0;0;0;0;1;2;98.0000;-2391.0000;108.0000;272;270;315;0;0;17376
56468;277;0;0;240;252;235;119.0000;161.0000;125.0000;33.0000;7.0000;71.0000;1;0;0;0;0;1;2;98.0000;-2391.0000;108.0000;272;270;315;0;0;17380
56480;277;0;0;240;252;235;119.0000;161.0000;125.0000;33.0000;7.0000;71.0000;1;0;0;0;0;1;2;122.0000;-2391.0000;108.0000;272;270;315;0;0;17380
56490;277;0;0;240;252;235;119.0000;161.0000;125.0000;33.0000;7.0000;71.0000;1;0;0;0;0;1;2;122.0000;-2391.0000;65.0000;272;270;315;0;0;17380
56501;277;0;0;240;252;235;119.0000;161.0000;132.0000;33.0000;7.0000;71.0000;1;0;0;0;0;1;2;122.0000;-2391.0000;65.0000;272;270;315;0;0;17380
56511;277;0;0;240;252;235;119.0000;26.0000;132.0000;33.0000;7.0000;71.0000;1;0;0;0;0;1;2;122.0000;-2391.0000;65.0000;272;270;315;0;0;17380
56522;277;0;0;240;252;235;119.0000;26.0000;132.0000;33.0000;7.0000;71.0000;1;0;0;0;0;1;2;122.0000;-2391.0000;65.0000;272;270;315;0;0;17380
56533;277;0;0;240;252;235;119.0000;26.0000;132.0000;33.0000;7.0000;71.0000;1;0;0;0;0;1;2;122.0000;-2391.0000;65.0000;272;270;315;0;0;17380
56543;277;0;0;240;252;235;99.0000;26.0000;132.0000;33.0000;7.0000;71.0000;1;0;0;0;0;1;2;122.0000;-2391.0000;65.0000;272;270;315;0;0;17380
56553;277;0;0;240;252;235;99.0000;26.0000;132.0000;33.0000;7.0000;71.0000;1;0;0;0;0;1;2;122.0000;-2391.0000;65.0000;272;270;315;0;0;17380
56566;277;0;0;240;252;235;99.0000;26.0000;132.0000;33.0000;7.0000;71.0000;1;0;0;0;0;1;2;122.0000;-2391.0000;65.0000;272;270;315;0;0;17380
56577;277;0;0;240;252;235;99.0000;26.0000;132.0000;33.0000;7.0000;71.0000;1;0;0;0;0;1;2;122.0000;-2391.0000;65.0000;272;270;315;0;0;17380
56587;277;0;0;240;252;235;99.0000;26.0000;132.0000;33.0000;7.0000;71.0000;1;0;0;0;0;1;2;92.0000;-2391.0000;135.0000;272;270;315;0;0;17380
56598;277;0;0;240;252;235;99.0000;26.0000;139.0000;33.0000;7.0000;71.0000;1;0;0;0;0;1;2;92.0000;-2391.0000;135.0000;272;270;315;0;0;17380
56609;277;0;0;240;252;235;99.0000;93.0000;139.0000;33.0000;7.0000;71.0000;1;0;0;0;0;1;2;92.0000;-2391.0000;135.0000;272;270;315;0;0;17380
56619;277;0;0;240;252;235;99.0000;93.0000;139.0000;33.0000;7.0000;71.0000;1;0;0;0;0;1;2;92.0000;-2391.0000;135.0000;272;270;315;0;0;17380
56629;277;0;0;240;252;235;99.0000;93.0000;139.0000;33.0000;7.0000;71.0000;1;0;0;0;0;1;2;92.0000;-2391.0000;135.0000;272;270;315;0;0;17380
56640;277;0;0;240;252;235;95.0000;93.0000;139.0000;33.0000;7.0000;71.0000;1;0;0;0;0;1;2;92.0000;-2391.0000;135.0000;272;270;315;0;0;17380
56654;277;0;0;240;252;235;95.0000;93.0000;139.0000;33.0000;7.0000;71.0000;1;0;0;0;0;1;2;92.0000;-2391.0000;135.0000;272;270;315;0;0;17380
56664;277;0;0;240;252;235;95.0000;93.0000;139.0000;33.0000;7.0000;71.0000;1;0;0;0;0;1;2;92.0000;-2391.0000;135.0000;272;270;315;0;0;17380
56675;277;0;0;240;252;235;95.0000;93.0000;139.0000;33.0000;7.0000;71.0000;1;0;0;0;0;1;2;92.0000;-2391.0000;135.0000;272;270;315;0;0;17404
56694;277;0;0;240;252;235;95.0000;93.0000;139.0000;33.0000;7.0000;71.0000;1;0;0;0;0;1;2;132.0000;-2391.0000;95.0000;272;270;315;0;0;17404
56705;277;0;0;240;252;235;95.0000;147.0000;95.0000;33.0000;7.0000;71.0000;1;0;0;0;0;1;2;132.0000;-2391.0000;95.0000;272;270;315;0;0;17404
56716;277;0;0;240;252;235;95.0000;147.0000;95.0000;33.0000;7.0000;71.0000;1;0;0;0;0;1;2;132.0000;-2391.0000;95.0000;272;270;315;0;0;17404
56726;277;0;0;240;252;235;95.0000;147.0000;95.0000;33.0000;7.0000;71.0000;1;0;0;0;0;1;2;132.0000;-2391.0000;95.0000;272;270;315;0;0;17404
56737;277;0;0;240;252;235;115.0000;147.0000;95.0000;33.0000;7.0000;71.0000;1;0;0;0;0;1;2;132.0000;-2391.0000;95.0000;272;270;315;0;0;17404
56747;277;0;0;240;252;235;115.0000;147.0000;95.0000;33.0000;7.0000;71.0000;1;0;0;0;0;1;2;132.0000;-2391.0000;95.0000;272;270;315;0;0;17404
56758;277;0;0;240;252;235;115.0000;147.0000;95.0000;33.0000;7.0000;71.0000;1;0;0;0;0;1;2;132.0000;-2391.0000;95.0000;272;270;315;0;0;17404
56768;277;0;0;240;252;235;115.0000;147.0000;95.0000;33.0000;7.0000;71.0000;1;0;0;0;0;1;2;132.0000;-2391.0000;95.0000;272;270;315;0;0;17404
56779;277;0;0;240;252;235;115.0000;147.0000;95.0000;33.0000;7.0000;71.0000;1;0;0;0;0;1;2;132.0000;-2391.0000;95.0000;272;270;315;0;0;17404
56790;277;0;0;240;252;235;115.0000;147.0000;95.0000;33.0000;7.0000;71.0000;1;0;0;0;0;1;2;125.0000;-2391.0000;85.0000;272;270;315;0;0;17406
56801;277;0;0;240;252;235;115.0000;147.0000;105.0000;33.0000;7.0000;71.0000;1;0;0;0;0;1;2;125.0000;-2391.0000;85.0000;272;270;315;0;0;17406
56811;277;0;0;240;252;235;115.0000;161.0000;105.0000;33.0000;7.0000;71.0000;1;0;0;0;0;1;2;125.0000;-2391.0000;85.0000;272;270;315;0;0;17406
56822;277;0;0;240;252;235;115.0000;161.0000;105.0000;33.0000;7.0000;71.0000;1;0;0;0;0;1;2;125.0000;-2391.0000;85.0000;272;270;315;0;0;17406
56832;277;0;0;240;252;235;115.0000;161.0000;105.0000;33.0000;7.0000;71.0000;1;0;0;0;0;1;2;125.0000;-2391.0000;85.0000;272;270;315;0;0;17406
56842;277;0;0;240;252;235;105.0000;161.0000;105.0000;33.0000;7.0000;71.0000;1;0;0;0;0;1;2;125.0000;-2391.0000;85.0000;272;270;315;0;0;17406
56853;277;0;0;240;252;235;105.0000;161.0000;105.0000;33.0000;7.0000;71.0000;1;0;0;0;0;1;2;125.0000;-2391.0000;85.0000;272;270;315;0;0;17406
56863;277;0;0;240;252;235;105.0000;161.0000;105.0000;33.0000;7.0000;71.0000;1;0;0;0;0;1;2;125.0000;-2391.0000;85.0000;272;270;315;0;0;17406
56873;277;0;0;240;252;235;105.0000;161.0000;105.0000;33.0000;7.0000;71.0000;1;0;0;0;0;1;2;125.0000;-2391.0000;85.0000;272;270;315;0;0;17406
56884;277;0;0;240;252;235;105.0000;161.0000;105.0000;33.0000;7.0000;71.0000;1;0;0;0;0;1;2;125.0000;-2391.0000;85.0000;272;270;315;0;0;17406
56895;277;0;0;240;252;235;105.0000;161.0000;105.0000;33.0000;7.0000;71.0000;1;0;0;0;0;1;2;68.0000;-2391.0000;115.0000;272;270;315;0;0;17406
56906;277;0;0;240;252;235;105.0000;161.0000;88.0000;33.0000;7.0000;71.0000;1;0;0;0;0;1;2;68.0000;-2391.0000;115.0000;272;270;315;0;0;17406
56916;277;0;0;240;252;235;105.0000;134.0000;88.0000;33.0000;7.0000;71.0000;1;0;0;0;0;1;2;68.0000;-2391.0000;115.0000;272;270;315;0;0;17406
56927;277;0;0;240;252;235;105.0000;134.0000;88.0000;33.0000;7.0000;71.0000;1;0;0;0;0;1;2;68.0000;-2391.0000;115.0000;272;270;315;0;0;17406
56937;277;0;0;240;252;235;105.0000;134.0000;88.0000;33.0000;7.0000;71.0000;1;0;0;0;0;1;2;68.0000;-2391.0000;115.0000;272;270;315;0;0;17406
56947;277;0;0;240;252;235;72.0000;134.0000;88.0000;33.0000;7.0000;71.0000;1;0;0;0;0;1;2;68.0000;-2391.0000;115.0000;272;270;315;0;0;17406
56958;277;0;0;240;252;235;72.0000;134.0000;88.0000;33.0000;7.0000;71.0000;1;0;0;0;0;1;2;68.0000;-2391.0000;115.0000;272;270;315;0;0;17406
56974;277;0;0;240;252;235;72.0000;134.0000;88.0000;33.0000;7.0000;71.0000;1;0;0;0;0;1;2;68.0000;-2391.0000;115.0000;272;270;315;0;0;17406
56984;277;0;0;240;252;235;72.0000;134.0000;88.0000;33.0000;7.0000;71.0000;1;0;0;0;0;1;2;68.0000;-2391.0000;115.0000;272;270;315;0;0;17406
56995;277;0;0;240;252;235;72.0000;134.0000;88.0000;33.0000;7.0000;71.0000;1;0;0;0;0;1;2;68.0000;-2391.0000;98.0000;272;270;315;0;0;17406
57006;277;0;0;240;252;235;72.0000;134.0000;112.0000;33.0000;7.0000;71.0000;1;0;0;0;0;1;2;68.0000;-2391.0000;98.0000;272;270;315;0;0;17406
57018;277;0;0;240;252;235;72.0000;-26.0000;112.0000;33.0000;7.0000;71.0000;1;0;0;0;0;1;2;68.0000;-2391.0000;98.0000;272;270;315;0;0;17406
57029;277;0;0;240;252;235;72.0000;-26.0000;112.0000;33.0000;7.0000;71.0000;1;0;0;0;0;1;2;68.0000;-2391.0000;98.0000;272;270;315;0;0;17406
57041;277;0;0;240;252;235;72.0000;-26.0000;112.0000;33.0000;7.0000;71.0000;1;0;0;0;0;1;2;68.0000;-2391.0000;98.0000;272;270;315;0;0;17406
57052;277;0;0;240;252;235;75.0000;-26.0000;112.0000;33.0000;7.0000;71.0000;1;0;0;0;0;1;2;68.0000;-2391.0000;98.0000;272;270;315;0;0;17406
57062;277;0;0;240;252;235;75.0000;-26.0000;112.0000;33.0000;7.0000;71.0000;1;0;0;0;0;1;2;68.0000;-2391.0000;98.0000;272;270;315;0;0;17406
57073;277;0;0;240;252;235;75.0000;-26.0000;112.0000;33.0000;7.0000;71.0000;1;0;0;0;0;1;2;68.0000;-2391.0000;98.0000;272;270;315;0;0;17406
57084;277;0;0;240;252;235;75.0000;-26.0000;112.0000;33.0000;7.0000;71.0000;1;0;0;0;0;1;2;68.0000;-2391.0000;98.0000;272;270;315;0;0;17406
57095;277;0;0;240;252;235;75.0000;-26.0000;112.0000;33.0000;7.0000;71.0000;1;0;0;0;0;1;2;142.0000;-2391.0000;108.0000;272;270;315;0;0;17406
57106;277;0;0;240;252;235;75.0000;-26.0000;112.0000;33.0000;7.0000;71.0000;1;0;0;0;0;1;2;142.0000;-2391.0000;108.0000;272;270;315;0;0;17406
57117;277;0;0;240;252;235;75.0000;53.0000;125.0000;33.0000;7.0000;71.0000;1;0;0;0;0;1;2;142.0000;-2391.0000;108.0000;272;270;315;0;0;17406
57127;277;0;0;240;252;235;75.0000;53.0000;125.0000;33.0000;7.0000;71.0000;1;0;0;0;0;1;2;142.0000;-2391.0000;108.0000;272;270;315;0;0;17406
57140;277;0;0;240;252;235;75.0000;53.0000;125.0000;33.0000;7.0000;71.0000;1;0;0;0;0;1;2;142.0000;-2391.0000;108.0000;272;270;315;0;0;17406
57151;277;0;0;240;252;235;122.0000;53.0000;125.0000;33.0000;7.0000;71.0000;1;0;0;0;0;1;2;142.0000;-2391.0000;108.0000;272;270;315;0;0;17406
57162;277;0;0;240;252;235;122.0000;53.0000;125.0000;33.0000;7.0000;71.0000;1;0;0;0;0;1;2;142.0000;-2391.0000;108.0000;272;270;315;0;0;17406
57173;277;0;0;240;252;235;122.0000;53.0000;125.0000;33.0000;7.0000;71.0000;1;0;0;0;0;1;2;142.0000;-2391.0000;108.0000;272;270;315;0;0;17406
57184;277;0;0;240;252;235;122.0000;53.0000;125.0000;33.0000;7.0000;71.0000;1;0;0;0;0;1;2;142.0000;-2391.0000;108.0000;272;270;315;0;0;17406
57195;277;0;0;240;252;235;122.0000;53.0000;125.0000;33.0000;7.0000;71.0000;1;0;0;0;0;1;2;135.0000;-2391.0000;85.0000;272;270;315;0;0;17406
57205;277;0;0;240;252;235;122.0000;53.0000;125.0000;33.0000;7.0000;71.0000;1;0;0;0;0;1;2;135.0000;-2391.0000;85.0000;272;270;315;0;0;17406
57216;277;0;0;240;252;235;122.0000;53.0000;78.0000;33.0000;7.0000;71.0000;1;0;0;0;0;1;2;135.0000;-2391.0000;85.0000;272;270;315;0;0;17400
57227;277;0;0;240;252;235;122.0000;120.0000;78.0000;33.0000;7.0000;71.0000;1;0;0;0;0;1;2;135.0000;-2391.0000;85.0000;272;270;315;0;0;17376
57242;277;0;0;240;252;235;122.0000;120.0000;78.0000;33.0000;7.0000;71.0000;1;0;0;0;0;1;2;135.0000;-2391.0000;85.0000;272;270;315;0;0;17376
57253;277;0;0;240;252;235;99.0000;120.0000;78.0000;33.0000;7.0000;71.0000;1;0;0;0;0;1;2;135.0000;-2391.0000;85.0000;272;270;315;0;0;17376
57263;277;0;0;240;252;235;99.0000;120.0000;78.0000;33.0000;7.0000;71.0000;1;0;0;0;0;1;2;135.0000;-2391.0000;85.0000;272;270;315;0;0;17376
57274;277;0;0;240;252;235;99.0000;120.0000;78.0000;33.0000;7.0000;71.0000;1;0;0;0;0;1;2;135.0000;-2391.0000;85.0000;272;270;315;0;0;17376
57285;277;0;0;240;252;235;99.0000;120.0000;78.0000;33.0000;7.0000;71.0000;1;0;0;0;0;1;2;135.0000;-2391.0000;85.0000;272;270;315;0;0;17376
57295;277;0;0;240;252;235;99.0000;120.0000;78.0000;33.0000;7.0000;71.0000;1;0;0;0;0;1;2;125.0000;-2391.0000;105.0000;272;270;315;0;0;17376
57310;277;0;0;240;252;235;99.0000;120.0000;78.0000;33.0000;7.0000;71.0000;1;0;0;0;0;1;2;125.0000;-2391.0000;105.0000;272;270;315;0;0;17376
57321;277;0;0;240;252;235;99.0000;120.0000;112.0000;33.0000;7.0000;71.0000;1;0;0;0;0;1;2;125.0000;-2391.0000;105.0000;272;270;315;0;0;17376
57332;277;0;0;240;252;235;99.0000;161.0000;112.0000;33.0000;7.0000;71.0000;1;0;0;0;0;1;2;125.0000;-2391.0000;105.0000;272;270;315;0;0;17376
57343;277;0;0;240;252;235;99.0000;161.0000;112.0000;33.0000;7.0000;71.0000;1;0;0;0;0;1;2;125.0000;-2391.0000;105.0000;272;270;315;0;0;17376
57354;277;0;0;240;252;235;126.0000;161.0000;112.0000;100.0000;7.0000;71.0000;1;0;0;0;0;1;2;125.0000;-2391.0000;105.0000;272;270;315;0;0;17376
57365;277;0;0;240;252;235;126.0000;161.0000;112.0000;100.0000;7.0000;71.0000;1;0;0;0;0;1;2;125.0000;-2391.0000;105.0000;272;270;315;0;0;17376
57375;277;0;0;240;252;235;126.0000;161.0000;112.0000;100.0000;7.0000;71.0000;1;0;0;0;0;1;2;125.0000;-2391.0000;105.0000;272;270;315;0;0;17376
57385;277;0;0;240;252;235;126.0000;161.0000;112.0000;100.0000;7.0000;71.0000;1;0;0;0;0;1;2;125.0000;-2391.0000;105.0000;272;270;315;0;0;17376
57396;277;0;0;240;252;235;126.0000;161.0000;112.0000;100.0000;7.0000;71.0000;1;0;0;0;0;1;2;68.0000;-2391.0000;105.0000;272;270;315;0;0;17376
57407;277;0;0;240;252;235;126.0000;161.0000;112.0000;100.0000;7.0000;71.0000;1;0;0;0;0;1;2;68.0000;-2391.0000;72.0000;272;270;315;0;0;17376
57417;277;0;0;240;252;235;126.0000;161.0000;112.0000;100.0000;7.0000;71.0000;1;0;0;0;0;1;2;68.0000;-2391.0000;72.0000;272;270;315;0;0;17376
57450;277;0;0;240;252;235;79.0000;120.0000;88.0000;100.0000;7.0000;71.0000;1;0;0;0;0;1;2;68.0000;-2391.0000;72.0000;272;270;315;0;0;17380
57460;277;0;0;240;252;235;79.0000;120.0000;88.0000;100.0000;7.0000;71.0000;1;0;0;0;0;1;2;68.0000;-2391.0000;72.0000;272;270;315;0;0;17380
57471;277;0;0;240;252;235;79.0000;120.0000;88.0000;100.0000;7.0000;71.0000;1;0;0;0;0;1;2;68.0000;-2391.0000;72.0000;272;270;315;0;0;17380
57483;277;0;0;240;252;235;79.0000;120.0000;88.0000;100.0000;7.0000;71.0000;1;0;0;0;0;1;2;68.0000;-2391.0000;72.0000;272;270;315;0;0;17380
57493;277;0;0;240;252;235;79.0000;120.0000;88.0000;100.0000;7.0000;71.0000;1;0;0;0;0;1;2;115.0000;-2391.0000;112.0000;272;270;315;0;0;17380
57504;277;0;0;240;252;235;79.0000;120.0000;88.0000;100.0000;7.0000;71.0000;1;0;0;0;0;1;2;115.0000;-2391.0000;112.0000;272;270;315;0;0;17380
57515;277;0;0;240;252;235;79.0000;120.0000;88.0000;100.0000;7.0000;71.0000;1;0;0;0;0;1;2;115.0000;-2391.0000;112.0000;272;270;315;0;0;17380
57527;277;0;0;240;252;235;79.0000;67.0000;102.0000;100.0000;7.0000;71.0000;1;0;0;0;0;1;2;115.0000;-2391.0000;112.0000;272;270;315;0;0;17380
57538;277;0;0;240;252;235;79.0000;67.0000;102.0000;100.0000;7.0000;71.0000;1;0;0;0;0;1;2;115.0000;-2391.0000;112.0000;272;270;315;0;0;17380
57549;277;0;0;240;252;235;82.0000;67.0000;102.0000;100.0000;7.0000;71.0000;1;0;0;0;0;1;2;115.0000;-2391.0000;112.0000;272;270;315;0;0;17380
57560;277;0;0;240;252;235;82.0000;67.0000;102.0000;100.0000;7.0000;71.0000;1;0;0;0;0;1;2;115.0000;-2391.0000;112.0000;272;270;315;0;0;17380
57570;277;0;0;240;252;235;82.0000;67.0000;102.0000;100.0000;7.0000;71.0000;1;0;0;0;0;1;2;115.0000;-2391.0000;112.0000;272;270;315;0;0;17380
57581;277;0;0;240;252;235;82.0000;67.0000;102.0000;100.0000;7.0000;71.0000;1;0;0;0;0;1;2;115.0000;-2391.0000;112.0000;272;270;315;0;0;17380
57592;277;0;0;240;252;235;82.0000;67.0000;102.0000;100.0000;7.0000;71.0000;1;0;0;0;0;1;2;142.0000;-2391.0000;132.0000;272;270;315;0;0;17380
57602;277;0;0;240;252;235;82.0000;67.0000;102.0000;100.0000;7.0000;71.0000;1;0;0;0;0;1;2;142.0000;-2391.0000;132.0000;272;270;315;0;0;17380
57613;277;0;0;240;252;235;82.0000;67.0000;102.0000;100.0000;7.0000;71.0000;1;0;0;0;0;1;2;142.0000;-2391.0000;132.0000;272;270;315;0;0;17380
57623;277;0;0;240;252;235;82.0000;-26.0000;119.0000;100.0000;7.0000;71.0000;1;0;0;0;0;1;2;142.0000;-2391.0000;132.0000;272;270;315;0;0;17380
57634;277;0;0;240;252;235;82.0000;-26.0000;119.0000;100.0000;7.0000;71.0000;1;0;0;0;0;1;2;142.0000;-2391.0000;132.0000;272;270;315;0;0;17380
57645;277;0;0;240;252;235;82.0000;-26.0000;119.0000;100.0000;7.0000;71.0000;1;0;0;0;0;1;2;142.0000;-2391.0000;132.0000;272;270;315;0;0;17388
57655;277;0;0;240;252;235;109.0000;-26.0000;119.0000;100.0000;7.0000;71.0000;1;0;0;0;0;1;2;142.0000;-2391.0000;132.0000;272;270;315;0;0;17388
57666;277;0;0;240;252;235;109.0000;-26.0000;119.0000;100.0000;7.0000;71.0000;1;0;0;0;0;1;2;142.0000;-2391.0000;132.0000;272;270;315;0;0;17388
57678;277;0;0;240;252;235;109.0000;-26.0000;119.0000;100.0000;7.0000;71.0000;1;0;0;0;0;1;2;142.0000;-2391.0000;132.0000;272;270;315;0;0;17388
57692;277;0;0;240;252;235;109.0000;-26.0000;119.0000;100.0000;7.0000;71.0000;1;0;0;0;0;1;2;135.0000;-2391.0000;132.0000;272;270;315;0;0;17388
57703;277;0;0;240;252;235;109.0000;-26.0000;119.0000;100.0000;7.0000;71.0000;1;0;0;0;0;1;2;135.0000;-2391.0000;85.0000;272;270;315;0;0;17388
57713;277;0;0;240;252;235;109.0000;-26.0000;119.0000;100.0000;7.0000;71.0000;1;0;0;0;0;1;2;135.0000;-2391.0000;85.0000;272;270;315;0;0;17388
57724;277;0;0;240;252;235;109.0000;0.0000;119.0000;100.0000;7.0000;71.0000;1;0;0;0;0;1;2;135.0000;-2391.0000;85.0000;272;270;315;0;0;17388
57734;277;0;0;240;252;235;109.0000;0.0000;119.0000;100.0000;7.0000;71.0000;1;0;0;0;0;1;2;135.0000;-2391.0000;85.0000;272;270;315;0;0;17388
57745;277;0;0;240;252;235;109.0000;0.0000;119.0000;100.0000;7.0000;71.0000;1;0;0;0;0;1;2;135.0000;-2391.0000;85.0000;272;270;315;0;0;17388
57756;277;0;0;240;252;235;119.0000;0.0000;119.0000;100.0000;7.0000;71.0000;1;0;0;0;0;1;2;135.0000;-2391.0000;85.0000;272;270;315;0;0;17406
57766;277;0;0;240;252;235;119.0000;0.0000;119.0000;100.0000;7.0000;71.0000;1;0;0;0;0;1;2;135.0000;-2391.0000;85.0000;272;270;315;0;0;17406
57777;277;0;0;240;252;235;119.0000;0.0000;119.0000;100.0000;7.0000;71.0000;1;0;0;0;0;1;2;135.0000;-2391.0000;85.0000;272;270;315;0;0;17406
57787;277;0;0;240;252;235;119.0000;0.0000;119.0000;100.0000;7.0000;71.0000;1;0;0;0;0;1;2;135.0000;-2391.0000;85.0000;272;270;315;0;0;17406
57798;277;0;0;240;252;235;119.0000;0.0000;119.0000;100.0000;7.0000;71.0000;1;0;0;0;0;1;2;142.0000;-2391.0000;88.0000;272;270;315;0;0;17406
57808;277;0;0;240;252;235;119.0000;0.0000;119.0000;100.0000;7.0000;71.0000;1;0;0;0;0;1;2;142.0000;-2391.0000;88.0000;272;270;315;0;0;17406
57819;277;0;0;240;252;235;119.0000;0.0000;92.0000;100.0000;7.0000;71.0000;1;0;0;0;0;1;2;142.0000;-2391.0000;88.0000;272;270;315;0;0;17406
57831;277;0;0;240;252;235;119.0000;174.0000;92.0000;100.0000;7.0000;71.0000;1;0;0;0;0;1;2;142.0000;-2391.0000;88.0000;272;270;315;0;0;17406
57841;277;0;0;240;252;235;119.0000;174.0000;92.0000;100.0000;7.0000;71.0000;1;0;0;0;0;1;2;142.0000;-2391.0000;88.0000;272;270;315;0;0;17406
57852;277;0;0;240;252;235;119.0000;174.0000;92.0000;100.0000;7.0000;71.0000;1;0;0;0;0;1;2;142.0000;-2391.0000;88.0000;272;270;315;0;0;17406
57863;277;0;0;240;252;235;109.0000;174.0000;92.0000;100.0000;7.0000;71.0000;1;0;0;0;0;1;2;142.0000;-2391.0000;88.0000;272;270;315;0;0;17406
57873;277;0;0;242;252;235;109.0000;174.0000;92.0000;100.0000;7.0000;71.0000;1;0;0;0;0;1;2;142.0000;-2391.0000;88.0000;272;270;315;0;0;17406
57890;277;0;0;242;252;235;109.0000;174.0000;92.0000;100.0000;7.0000;71.0000;1;0;0;0;0;1;2;142.0000;-2391.0000;88.0000;272;270;315;0;0;17406
57901;277;0;0;242;252;235;109.0000;174.0000;92.0000;100.0000;7.0000;71.0000;1;0;0;0;0;1;2;102.0000;-2391.0000;122.0000;272;270;315;0;0;17406
57911;277;0;0;242;252;235;109.0000;174.0000;92.0000;100.0000;7.0000;71.0000;1;0;0;0;0;1;2;102.0000;-2391.0000;122.0000;272;270;315;0;0;17406
57922;277;0;0;242;252;235;109.0000;174.0000;112.0000;100.0000;7.0000;71.0000;1;0;0;0;0;1;2;102.0000;-2391.0000;122.0000;272;270;315;0;0;17406
57932;277;0;0;242;252;235;109.0000;134.0000;112.0000;100.0000;7.0000;71.0000;1;0;0;0;0;1;2;102.0000;-2391.0000;122.0000;272;270;315;0;0;17406
57943;277;0;0;242;252;235;109.0000;134.0000;112.0000;100.0000;7.0000;71.0000;1;0;0;0;0;1;2;102.0000;-2391.0000;122.0000;272;270;315;0;0;17406
57953;277;0;0;242;252;235;109.0000;134.0000;112.0000;100.0000;7.0000;71.0000;1;0;0;0;0;1;2;102.0000;-2391.0000;122.0000;272;270;315;0;0;17406
57965;277;0;0;242;252;235;109.0000;134.0000;112.0000;100.0000;7.0000;71.0000;1;0;0;0;0;1;2;102.0000;-2391.0000;122.0000;272;270;315;0;0;17406
57975;277;0;0;242;252;235;109.0000;134.0000;112.0000;100.0000;7.0000;71.0000;1;0;0;0;0;1;2;102.0000;-2391.0000;122.0000;272;270;315;0;0;17406
57988;277;0;0;242;252;235;109.0000;134.0000;112.0000;100.0000;7.0000;71.0000;1;0;0;0;0;1;2;102.0000;-2391.0000;122.0000;272;270;315;0;0;17406
57999;277;0;0;242;252;235;109.0000;134.0000;112.0000;100.0000;7.0000;71.0000;1;0;0;0;0;1;2;75.0000;-2391.0000;75.0000;272;270;315;0;0;17406
58014;277;0;0;242;252;235;109.0000;134.0000;112.0000;100.0000;7.0000;71.0000;1;0;0;0;0;1;2;75.0000;-2391.0000;75.0000;272;270;315;0;0;17406
58025;277;0;0;242;252;235;109.0000;134.0000;95.0000;100.0000;7.0000;71.0000;1;0;0;0;0;1;2;75.0000;-2391.0000;75.0000;272;270;315;0;0;17406
58036;277;0;0;242;252;235;109.0000;-40.0000;95.0000;100.0000;7.0000;71.0000;1;0;0;0;0;1;2;75.0000;-2391.0000;75.0000;272;270;315;0;0;17406
58046;277;0;0;242;252;235;109.0000;-40.0000;95.0000;100.0000;7.0000;71.0000;1;0;0;0;0;1;2;75.0000;-2391.0000;75.0000;272;270;315;0;0;17406
58072;277;0;0;242;252;235;109.0000;-40.0000;95.0000;100.0000;7.0000;71.0000;1;0;0;0;0;1;2;75.0000;-2391.0000;75.0000;272;270;315;0;0;17406
58083;277;0;0;242;252;235;129.0000;-40.0000;95.0000;100.0000;7.0000;71.0000;1;0;0;0;0;1;2;75.0000;-2391.0000;75.0000;272;270;315;0;0;17406
58095;277;0;0;242;252;235;129.0000;-40.0000;95.0000;100.0000;7.0000;71.0000;1;0;0;0;0;1;2;75.0000;-2391.0000;75.0000;272;270;315;0;0;17406
58106;277;0;0;242;252;235;129.0000;-40.0000;95.0000;100.0000;7.0000;71.0000;1;0;0;0;0;1;2;78.0000;-2391.0000;85.0000;272;270;315;0;0;17406
58117;277;0;0;242;252;235;129.0000;-40.0000;95.0000;100.0000;7.0000;71.0000;1;0;0;0;0;1;2;78.0000;-2391.0000;85.0000;272;270;315;0;0;17406
58127;277;0;0;242;252;235;129.0000;-40.0000;102.0000;100.0000;7.0000;71.0000;1;0;0;0;0;1;2;78.0000;-2391.0000;85.0000;272;270;315;0;0;17406
58140;277;0;0;242;252;235;129.0000;93.0000;102.0000;100.0000;7.0000;71.0000;1;0;0;0;0;1;2;78.0000;-2391.0000;85.0000;272;270;315;0;0;17406
58154;277;0;0;242;252;235;129.0000;93.0000;102.0000;100.0000;7.0000;71.0000;1;0;0;0;0;1;2;78.0000;-2391.0000;85.0000;272;270;315;0;0;17406
58165;277;0;0;242;252;235;129.0000;93.0000;102.0000;100.0000;7.0000;71.0000;1;0;0;0;0;1;2;78.0000;-2391.0000;85.0000;272;270;315;0;0;17406
58178;277;0;0;242;252;235;129.0000;93.0000;102.0000;100.0000;7.0000;71.0000;1;0;0;0;0;1;2;78.0000;-2391.0000;85.0000;272;270;315;0;0;17406
58189;277;0;0;242;252;235;68.0000;93.0000;102.0000;100.0000;7.0000;71.0000;1;0;0;0;0;1;2;78.0000;-2391.0000;85.0000;272;270;315;0;0;17406
58200;277;0;0;242;252;235;68.0000;93.0000;102.0000;100.0000;7.0000;71.0000;1;0;0;0;0;1;2;95.0000;-2391.0000;129.0000;272;270;315;0;0;17406
58212;277;0;0;242;252;235;68.0000;93.0000;102.0000;100.0000;7.0000;71.0000;1;0;0;0;0;1;2;95.0000;-2391.0000;129.0000;272;270;315;0;0;17406
58222;277;0;0;242;252;235;68.0000;93.0000;102.0000;100.0000;7.0000;71.0000;1;0;0;0;0;1;2;95.0000;-2391.0000;129.0000;272;270;315;0;0;17406
58235;277;0;0;242;252;235;68.0000;0.0000;102.0000;100.0000;7.0000;71.0000;1;0;0;0;0;1;2;95.0000;-2391.0000;129.0000;272;270;315;0;0;17406
58245;277;0;0;242;252;235;68.0000;0.0000;92.0000;100.0000;7.0000;71.0000;1;0;0;0;0;1;2;95.0000;-2391.0000;129.0000;272;270;315;0;0;17406
58256;277;0;0;242;252;235;68.0000;0.0000;92.0000;100.0000;7.0000;71.0000;1;0;0;0;0;1;2;95.0000;-2391.0000;129.0000;272;270;315;0;0;17406
58267;277;0;0;242;252;235;68.0000;0.0000;92.0000;100.0000;7.0000;71.0000;1;0;0;0;0;1;2;95.0000;-2391.0000;129.0000;272;270;315;0;0;17406
58277;277;0;0;242;252;235;82.0000;0.0000;92.0000;100.0000;7.0000;71.0000;1;0;0;0;0;1;2;95.0000;-2391.0000;129.0000;272;270;315;0;0;17406
58290;277;0;0;242;252;235;82.0000;0.0000;92.0000;100.0000;7.0000;71.0000;1;0;0;0;0;1;2;95.0000;-2391.0000;129.0000;272;270;315;0;0;17406
58300;277;0;0;242;252;235;82.0000;0.0000;92.0000;100.0000;7.0000;71.0000;1;0;0;0;0;1;2;95.0000;-2391.0000;129.0000;272;270;315;0;0;17404
58311;277;0;0;242;252;235;82.0000;0.0000;92.0000;100.0000;7.0000;71.0000;1;0;0;0;0;1;2;132.0000;-2391.0000;61.0000;272;270;315;0;0;17400
58322;277;0;0;242;252;235;82.0000;0.0000;92.0000;100.0000;7.0000;71.0000;1;0;0;0;0;1;2;132.0000;-2391.0000;61.0000;272;270;315;0;0;17392
58333;277;0;0;242;252;235;82.0000;-26.0000;92.0000;100.0000;7.0000;71.0000;1;0;0;0;0;1;2;132.0000;-2391.0000;61.0000;272;270;315;0;0;17376
58346;277;0;0;242;252;235;82.0000;-26.0000;85.0000;100.0000;7.0000;71.0000;1;0;0;0;0;1;2;132.0000;-2391.0000;61.0000;272;270;315;0;0;17376
58359;277;0;0;242;252;235;82.0000;-26.0000;85.0000;100.0000;7.0000;71.0000;1;0;0;0;0;1;2;132.0000;-2391.0000;61.0000;272;270;315;0;0;17376
58370;277;0;0;242;252;235;82.0000;-26.0000;85.0000;100.0000;7.0000;71.0000;1;0;0;0;0;1;2;132.0000;-2391.0000;61.0000;272;270;315;0;0;17376
58381;277;0;0;242;252;235;82.0000;-26.0000;85.0000;100.0000;7.0000;71.0000;1;0;0;0;0;1;2;132.0000;-2391.0000;61.0000;272;270;315;0;0;17376
58395;277;0;0;242;252;235;99.0000;-26.0000;85.0000;100.0000;7.0000;71.0000;1;0;0;0;0;1;2;132.0000;-2391.0000;61.0000;272;270;315;0;0;17376
58406;277;0;0;242;252;235;99.0000;-26.0000;85.0000;100.0000;7.0000;71.0000;1;0;0;0;0;1;2;78.0000;-2391.0000;92.0000;272;270;315;0;0;17376
58417;277;0;0;242;252;235;99.0000;-26.0000;85.0000;100.0000;7.0000;71.0000;1;0;0;0;0;1;2;78.0000;-2391.0000;92.0000;272;270;315;0;0;17376
58428;277;0;0;242;252;235;99.0000;-26.0000;85.0000;100.0000;7.0000;71.0000;1;0;0;0;0;1;2;78.0000;-2391.0000;92.0000;272;270;315;0;0;17376
58444;277;0;0;242;252;235;99.0000;-26.0000;108.0000;100.0000;7.0000;71.0000;1;0;0;0;0;1;2;78.0000;-2391.0000;92.0000;272;270;315;0;0;17376
58455;277;0;0;242;252;235;99.0000;-26.0000;108.0000;100.0000;7.0000;71.0000;1;0;0;0;0;1;2;78.0000;-2391.0000;92.0000;272;270;315;0;0;17380
58465;277;0;0;242;252;235;99.0000;-26.0000;108.0000;100.0000;7.0000;71.0000;1;0;0;0;0;1;2;78.0000;-2391.0000;92.0000;272;270;315;0;0;17380
58476;277;0;0;242;252;235;99.0000;-26.0000;108.0000;100.0000;7.0000;71.0000;1;0;0;0;0;1;2;78.0000;-2391.0000;92.0000;272;270;315;0;0;17380
58488;277;0;0;242;252;235;92.0000;-26.0000;108.0000;100.0000;7.0000;71.0000;1;0;0;0;0;1;2;78.0000;-2391.0000;92.0000;272;270;315;0;0;17380
58499;277;0;0;242;252;235;92.0000;-26.0000;108.0000;100.0000;7.0000;71.0000;1;0;0;0;0;1;2;122.0000;-2391.0000;92.0000;272;270;315;0;0;17380
58514;277;0;0;242;252;235;92.0000;-26.0000;108.0000;100.0000;7.0000;71.0000;1;0;0;0;0;1;2;122.0000;-2391.0000;75.0000;272;270;315;0;0;17380
58525;277;0;0;242;252;235;92.0000;-26.0000;108.0000;100.0000;7.0000;71.0000;1;0;0;0;0;1;2;122.0000;-2391.0000;75.0000;272;270;315;0;0;17380
58535;277;0;0;242;252;235;92.0000;67.0000;108.0000;100.0000;7.0000;71.0000;1;0;0;0;0;1;2;122.0000;-2391.0000;75.0000;272;270;315;0;0;17380
58545;277;0;0;242;252;235;92.0000;67.0000;98.0000;100.0000;7.0000;71.0000;1;0;0;0;0;1;2;122.0000;-2391.0000;75.0000;272;270;315;0;0;17380
58556;277;0;0;242;252;235;92.0000;67.0000;98.0000;100.0000;7.0000;71.0000;1;0;0;0;0;1;2;122.0000;-2391.0000;75.0000;272;270;315;0;0;17380
58566;277;0;0;242;252;235;92.0000;67.0000;98.0000;100.0000;7.0000;71.0000;1;0;0;0;0;1;2;122.0000;-2391.0000;75.0000;272;270;315;0;0;17380
58577;277;0;0;242;252;235;92.0000;67.0000;98.0000;100.0000;7.0000;71.0000;1;0;0;0;0;1;2;122.0000;-2391.0000;75.0000;272;270;315;0;0;17380
58587;277;0;0;242;252;235;75.0000;67.0000;98.0000;100.0000;7.0000;71.0000;1;0;0;0;0;1;2;122.0000;-2391.0000;75.0000;272;270;315;0;0;17380
58597;277;0;0;242;252;235;75.0000;67.0000;98.0000;100.0000;7.0000;71.0000;1;0;0;0;0;1;2;122.0000;-2391.0000;75.0000;272;270;315;0;0;17380
58608;277;0;0;242;252;235;75.0000;67.0000;98.0000;100.0000;7.0000;71.0000;1;0;0;0;0;1;2;115.0000;-2391.0000;129.0000;272;270;315;0;0;17380
58619;277;0;0;242;252;235;75.0000;67.0000;98.0000;100.0000;7.0000;71.0000;1;0;0;0;0;1;2;115.0000;-2391.0000;129.0000;272;270;315;0;0;17380
58635;277;0;0;242;252;235;75.0000;53.0000;98.0000;100.0000;7.0000;71.0000;1;0;0;0;0;1;2;115.0000;-2391.0000;129.0000;272;270;315;0;0;17380
58649;277;0;0;242;252;235;75.0000;53.0000;108.0000;100.0000;7.0000;71.0000;1;0;0;0;0;1;2;115.0000;-2391.0000;129.0000;272;270;315;0;0;17380
58661;277;0;0;242;252;235;75.0000;53.0000;108.0000;100.0000;7.0000;71.0000;1;0;0;0;0;1;2;115.0000;-2391.0000;129.0000;272;270;315;0;0;17388
58674;277;0;0;242;252;235;75.0000;53.0000;108.0000;100.0000;7.0000;71.0000;1;0;0;0;0;1;2;115.0000;-2391.0000;129.0000;272;270;315;0;0;17388
58684;277;0;0;242;252;235;75.0000;53.0000;108.0000;100.0000;7.0000;71.0000;1;0;0;0;0;1;2;115.0000;-2391.0000;129.0000;272;270;315;0;0;17388
58695;277;0;0;242;252;235;75.0000;53.0000;108.0000;100.0000;7.0000;71.0000;1;0;0;0;0;1;2;115.0000;-2391.0000;129.0000;272;270;315;0;0;17388
58715;277;0;0;242;252;235;75.0000;53.0000;108.0000;100.0000;7.0000;71.0000;1;0;0;0;0;1;2;115.0000;-2391.0000;75.0000;272;270;315;0;0;17388
58725;277;0;0;242;252;235;75.0000;53.0000;108.0000;100.0000;7.0000;71.0000;1;0;0;0;0;1;2;115.0000;-2391.0000;75.0000;272;270;315;0;0;17388
58736;277;0;0;242;252;235;75.0000;53.0000;108.0000;100.0000;7.0000;71.0000;1;0;0;0;0;1;2;115.0000;-2391.0000;75.0000;272;270;315;0;0;17388
58746;277;0;0;242;252;235;75.0000;147.0000;135.0000;100.0000;7.0000;71.0000;1;0;0;0;0;1;2;115.0000;-2391.0000;75.0000;272;270;315;0;0;17388
58757;277;0;0;242;252;235;75.0000;147.0000;135.0000;100.0000;7.0000;71.0000;1;0;0;0;0;1;2;115.0000;-2391.0000;75.0000;272;270;315;0;0;17388
58767;277;0;0;242;252;235;75.0000;147.0000;135.0000;100.0000;7.0000;71.0000;1;0;0;0;0;1;2;115.0000;-2391.0000;75.0000;272;270;315;0;0;17388
58778;277;0;0;242;252;235;75.0000;147.0000;135.0000;100.0000;7.0000;71.0000;1;0;0;0;0;1;2;115.0000;-2391.0000;75.0000;272;270;315;0;0;17406
58789;277;0;0;242;252;235;75.0000;147.0000;135.0000;100.0000;7.0000;71.0000;1;0;0;0;0;1;2;115.0000;-2391.0000;75.0000;272;270;315;0;0;17406
58800;277;0;0;242;252;235;72.0000;147.0000;135.0000;100.0000;7.0000;71.0000;1;0;0;0;0;1;2;65.0000;-2391.0000;75.0000;272;270;315;0;0;17406
58810;277;0;0;242;252;235;72.0000;147.0000;135.0000;100.0000;7.0000;71.0000;1;0;0;0;0;1;2;65.0000;-2391.0000;125.0000;272;270;315;0;0;17406
58821;277;0;0;242;252;235;72.0000;147.0000;135.0000;100.0000;7.0000;71.0000;1;0;0;0;0;1;2;65.0000;-2391.0000;125.0000;272;270;315;0;0;17406
58831;277;0;0;242;252;235;72.0000;147.0000;135.0000;100.0000;7.0000;71.0000;1;0;0;0;0;1;2;65.0000;-2391.0000;125.0000;272;270;315;0;0;17406
58843;277;0;0;242;252;235;72.0000;161.0000;135.0000;100.0000;7.0000;71.0000;1;0;0;0;0;1;2;65.0000;-2391.0000;125.0000;272;270;315;0;0;17406
58853;277;0;0;242;252;235;72.0000;161.0000;132.0000;100.0000;7.0000;71.0000;1;0;0;0;0;1;2;65.0000;-2391.0000;125.0000;272;270;315;0;0;17406
58864;277;0;0;242;252;235;72.0000;161.0000;132.0000;100.0000;7.0000;71.0000;1;0;0;0;0;1;2;65.0000;-2391.0000;125.0000;272;270;315;0;0;17406
58874;277;0;0;242;252;235;72.0000;161.0000;132.0000;100.0000;7.0000;71.0000;1;0;0;0;0;1;2;65.0000;-2391.0000;125.0000;272;270;315;0;0;17406
58886;277;0;0;242;252;235;68.0000;161.0000;132.0000;100.0000;7.0000;71.0000;1;0;0;0;0;1;2;65.0000;-2391.0000;125.0000;272;270;315;0;0;17406
58897;277;0;0;242;252;235;68.0000;161.0000;132.0000;100.0000;7.0000;71.0000;1;0;0;0;0;1;2;65.0000;-2391.0000;125.0000;272;270;315;0;0;17406
58914;277;0;0;242;252;235;68.0000;161.0000;132.0000;100.0000;7.0000;71.0000;1;0;0;0;0;1;2;98.0000;-2391.0000;125.0000;272;270;315;0;0;17406
58932;277;0;0;242;252;235;68.0000;161.0000;132.0000;100.0000;7.0000;71.0000;1;0;0;0;0;1;2;98.0000;-2391.0000;125.0000;272;270;315;0;0;17406
58943;277;0;0;242;252;235;68.0000;80.0000;132.0000;100.0000;7.0000;71.0000;1;0;0;0;0;1;2;98.0000;-2391.0000;125.0000;272;270;315;0;0;17406
58953;277;0;0;242;252;235;68.0000;80.0000;112.0000;100.0000;7.0000;71.0000;1;0;0;0;0;1;2;98.0000;-2391.0000;125.0000;272;270;315;0;0;17406
58964;277;0;0;242;252;235;68.0000;80.0000;112.0000;100.0000;7.0000;71.0000;1;0;0;0;0;1;2;98.0000;-2391.0000;125.0000;272;270;315;0;0;17406
58978;277;0;0;242;252;235;68.0000;80.0000;112.0000;100.0000;7.0000;71.0000;1;0;0;0;0;1;2;98.0000;-2391.0000;125.0000;272;270;315;0;0;17406
58988;277;0;0;242;252;235;119.0000;80.0000;112.0000;100.0000;7.0000;71.0000;1;0;0;0;0;1;2;98.0000;-2391.0000;125.0000;272;270;315;0;0;17406
58999;277;0;0;242;252;235;119.0000;80.0000;112.0000;100.0000;7.0000;71.0000;1;0;0;0;0;1;2;135.0000;-2391.0000;125.0000;272;270;315;0;0;17406
59010;277;0;0;242;252;235;119.0000;80.0000;112.0000;100.0000;7.0000;71.0000;1;0;0;0;0;1;2;135.0000;-2391.0000;75.0000;272;270;315;0;0;17406
59021;277;0;0;242;252;235;119.0000;80.0000;112.0000;100.0000;7.0000;71.0000;1;0;0;0;0;1;2;135.0000;-2391.0000;75.0000;272;270;315;0;0;17406
59035;277;0;0;242;252;235;119.0000;80.0000;112.0000;100.0000;7.0000;71.0000;1;0;0;0;0;1;2;135.0000;-2391.0000;75.0000;272;270;315;0;0;17406
59045;277;0;0;242;252;235;119.0000;13.0000;98.0000;100.0000;7.0000;71.0000;1;0;0;0;0;1;2;135.0000;-2391.0000;75.0000;272;270;315;0;0;17406
59056;277;0;0;242;252;235;119.0000;13.0000;98.0000;100.0000;7.0000;71.0000;1;0;0;0;0;1;2;135.0000;-2391.0000;75.0000;272;270;315;0;0;17406
59067;277;0;0;242;252;235;119.0000;13.0000;98.0000;100.0000;7.0000;71.0000;1;0;0;0;0;1;2;135.0000;-2391.0000;75.0000;272;270;315;0;0;17406
59105;277;0;0;242;252;235;119.0000;13.0000;98.0000;100.0000;7.0000;71.0000;1;0;0;0;0;1;2;135.0000;-2391.0000;75.0000;272;270;315;0;0;17406
59115;277;0;0;242;252;235;82.0000;13.0000;98.0000;100.0000;7.0000;71.0000;1;0;0;0;0;1;2;125.0000;-2391.0000;75.0000;272;270;315;0;0;17406
59126;277;0;0;242;252;235;82.0000;13.0000;98.0000;100.0000;7.0000;71.0000;1;0;0;0;0;1;2;125.0000;-2391.0000;95.0000;272;270;315;0;0;17406
59139;277;0;0;242;252;235;82.0000;13.0000;98.0000;100.0000;7.0000;71.0000;1;0;0;0;0;1;2;125.0000;-2391.0000;95.0000;272;270;315;0;0;17406
59150;277;0;0;242;252;235;82.0000;161.0000;125.0000;100.0000;7.0000;71.0000;1;0;0;0;0;1;2;125.0000;-2391.0000;95.0000;272;270;315;0;0;17406
59162;277;0;0;242;252;235;82.0000;161.0000;125.0000;100.0000;7.0000;71.0000;1;0;0;0;0;1;2;125.0000;-2391.0000;95.0000;272;270;315;0;0;17406
59173;277;0;0;242;252;235;82.0000;161.0000;125.0000;100.0000;7.0000;71.0000;1;0;0;0;0;1;2;125.0000;-2391.0000;95.0000;272;270;315;0;0;17406
59183;277;0;0;242;252;235;82.0000;161.0000;125.0000;100.0000;7.0000;71.0000;1;0;0;0;0;1;2;125.0000;-2391.0000;95.0000;272;270;315;0;0;17406
59194;277;0;0;242;252;235;82.0000;161.0000;125.0000;100.0000;7.0000;71.0000;1;0;0;0;0;1;2;125.0000;-2391.0000;95.0000;272;270;315;0;0;17406
59206;277;0;0;242;252;235;82.0000;161.0000;125.0000;100.0000;7.0000;71.0000;1;0;0;0;0;1;2;125.0000;-2391.0000;95.0000;272;270;315;0;0;17406
59217;277;0;0;242;252;235;82.0000;161.0000;125.0000;100.0000;7.0000;71.0000;1;0;0;0;0;1;2;71.0000;-2391.0000;95.0000;272;270;315;0;0;17406
59227;277;0;0;242;252;235;82.0000;161.0000;125.0000;100.0000;7.0000;71.0000;1;0;0;0;0;1;2;71.0000;-2391.0000;119.0000;272;270;315;0;0;17392
59238;277;0;0;242;252;235;85.0000;161.0000;125.0000;100.0000;7.0000;71.0000;1;0;0;0;0;1;2;71.0000;-2391.0000;119.0000;272;270;315;0;0;17376
59249;277;0;0;242;252;237;85.0000;13.0000;132.0000;100.0000;7.0000;71.0000;1;0;0;0;0;1;2;71.0000;-2391.0000;119.0000;272;270;315;0;0;17376
59284;277;0;0;242;252;237;85.0000;13.0000;132.0000;100.0000;7.0000;71.0000;1;0;0;0;0;1;2;71.0000;-2391.0000;119.0000;272;270;315;0;0;17376
59298;277;0;0;242;252;237;85.0000;13.0000;132.0000;100.0000;7.0000;71.0000;1;0;0;0;0;1;2;118.0000;-2391.0000;119.0000;272;270;315;0;0;17376
59312;277;0;0;242;252;237;85.0000;13.0000;132.0000;100.0000;7.0000;71.0000;1;0;0;0;0;1;2;118.0000;-2391.0000;72.0000;272;270;315;0;0;17376
59322;277;0;0;242;252;237;85.0000;13.0000;132.0000;100.0000;7.0000;71.0000;1;0;0;0;0;1;2;118.0000;-2391.0000;72.0000;272;270;315;0;0;17376
59333;277;0;0;242;252;237;85.0000;13.0000;132.0000;100.0000;7.0000;71.0000;1;0;0;0;0;1;2;118.0000;-2391.0000;72.0000;272;270;315;0;0;17376
59344;277;0;0;242;252;237;85.0000;13.0000;132.0000;100.0000;7.0000;71.0000;1;0;0;0;0;1;2;118.0000;-2391.0000;72.0000;272;270;315;0;0;17376
59357;277;0;0;242;252;237;85.0000;107.0000;85.0000;100.0000;7.0000;71.0000;1;0;0;0;0;1;2;118.0000;-2391.0000;72.0000;272;270;315;0;0;17376
59368;277;0;0;242;252;237;85.0000;107.0000;85.0000;100.0000;7.0000;71.0000;1;0;0;0;0;1;2;118.0000;-2391.0000;72.0000;272;270;315;0;0;17376
59378;277;0;0;242;252;237;85.0000;107.0000;85.0000;100.0000;7.0000;71.0000;1;0;0;0;0;1;2;118.0000;-2391.0000;72.0000;272;270;315;0;0;17376
59390;277;0;0;242;252;237;85.0000;107.0000;85.0000;100.0000;7.0000;71.0000;1;0;0;0;0;1;2;118.0000;-2391.0000;72.0000;272;270;315;0;0;17376
59400;277;0;0;242;252;237;85.0000;107.0000;85.0000;100.0000;7.0000;71.0000;1;0;0;0;0;1;2;118.0000;-2391.0000;72.0000;272;270;315;0;0;17376
59412;277;0;0;242;252;237;85.0000;107.0000;85.0000;100.0000;7.0000;71.0000;1;0;0;0;0;1;2;118.0000;-2391.0000;72.0000;272;270;315;0;0;17376
59423;277;0;0;242;252;237;112.0000;107.0000;85.0000;100.0000;7.0000;71.0000;1;0;0;0;0;1;2;118.0000;-2391.0000;72.0000;272;270;315;0;0;17376
59434;277;0;0;242;252;237;112.0000;107.0000;85.0000;100.0000;7.0000;71.0000;1;0;0;0;0;1;2;118.0000;-2391.0000;72.0000;272;270;315;0;0;17376
59444;277;0;0;242;252;237;112.0000;93.0000;85.0000;100.0000;7.0000;71.0000;1;0;0;0;0;1;2;118.0000;-2391.0000;72.0000;272;270;315;0;0;17380
59455;277;0;0;242;252;237;112.0000;93.0000;115.0000;100.0000;7.0000;71.0000;1;0;0;0;0;1;2;118.0000;-2391.0000;72.0000;272;270;315;0;0;17380
59474;277;0;0;242;252;237;112.0000;93.0000;115.0000;100.0000;7.0000;71.0000;1;0;0;0;0;1;2;118.0000;-2391.0000;72.0000;272;270;315;0;0;17380
59484;277;0;0;242;252;237;112.0000;93.0000;115.0000;100.0000;7.0000;71.0000;1;0;0;0;0;1;2;118.0000;-2391.0000;72.0000;272;270;315;0;0;17380
59504;277;0;0;242;252;237;112.0000;93.0000;115.0000;100.0000;7.0000;71.0000;1;0;0;0;0;1;2;118.0000;-2391.0000;72.0000;272;270;315;0;0;17380
59629;277;0;0;242;252;237;112.0000;93.0000;115.0000;100.0000;7.0000;71.0000;1;0;0;0;0;1;2;118.0000;-2391.0000;72.0000;272;270;315;0;0;17380
