TIMESTAMP;TEMP1;TEMP2;TEMP3;BOARD_TEMP1;BOARD_TEMP2;BOARD_TEMP3;OXIDIZER_PRESS;PRESSURE_FEED_PRESS;CHAMBER_PRESS1;CPU_USAGE;MEM_USAGE;DISK_UTILIZATION;PRIMER_STATUS;OXIDIZER_MAIN_VALVE;OXIDIZER_VENT_VALVE;OXIDIZER_DUMP_VALVE;PRESSURE_FEED_MAIN_VALVE;PRESSURE_FEED_VENT_VALVE;ENGINE_MODE;ETHANOL_PRESS;CHAMBER_PRESS2;CHAMBER_PRESS3;SEC_BOARD_TEMP1;SEC_BOARD_TEMP2;SEC_BOARD_TEMP3;ETHANOL_MAIN_VALVE;ETHANOL_VENT_VALVE;GPIO_STATE
1261;0;0;0;0;0;0;0.0000;0.0000;0.0000;0.0000;0.0000;0.0000;1;0;0;0;0;0;0;0.0000;0.0000;0.0000;0;0;0;0;0;0
1272;0;0;0;0;0;0;0.0000;0.0000;0.0000;0.0000;0.0000;0.0000;1;0;0;0;0;0;0;0.0000;0.0000;0.0000;0;0;0;0;0;4
1282;0;0;0;0;0;0;0.0000;0.0000;0.0000;0.0000;0.0000;0.0000;1;0;0;0;0;0;0;0.0000;0.0000;0.0000;0;0;0;0;0;4
1293;0;0;0;0;0;0;0.0000;0.0000;0.0000;0.0000;0.0000;0.0000;1;0;0;0;0;0;0;0.0000;0.0000;0.0000;0;0;0;0;0;4
1303;0;0;0;0;0;0;0.0000;0.0000;0.0000;0.0000;0.0000;0.0000;1;0;0;0;0;0;0;0.0000;0.0000;0.0000;0;0;0;0;0;4
1313;0;0;0;0;0;0;0.0000;0.0000;0.0000;0.0000;0.0000;0.0000;1;0;0;0;0;0;0;0.0000;0.0000;0.0000;0;0;0;0;0;4
1323;0;0;0;0;0;0;0.0000;0.0000;0.0000;0.0000;0.0000;0.0000;1;0;0;0;0;0;0;0.0000;0.0000;0.0000;0;0;0;0;0;4
1334;0;0;0;0;0;0;0.0000;0.0000;0.0000;0.0000;0.0000;0.0000;1;0;0;0;0;0;0;0.0000;0.0000;0.0000;0;0;0;0;0;4
1346;0;0;0;0;0;0;0.0000;0.0000;0.0000;0.0000;0.0000;0.0000;1;0;0;0;0;0;0;0.0000;0.0000;0.0000;0;0;0;0;0;4
1359;0;0;0;0;0;0;0.0000;0.0000;0.0000;0.0000;0.0000;0.0000;1;0;0;0;0;0;0;0.0000;0.0000;0.0000;0;0;0;0;0;4
1370;0;0;0;0;0;0;0.0000;0.0000;0.0000;0.0000;0.0000;0.0000;1;0;0;0;0;0;0;0.0000;0.0000;0.0000;0;0;0;0;0;4
1382;0;0;0;0;0;0;0.0000;0.0000;0.0000;0.0000;0.0000;0.0000;1;0;0;0;0;0;0;0.0000;0.0000;0.0000;0;0;0;0;0;12
1393;0;0;0;0;0;0;0.0000;0.0000;0.0000;0.0000;0.0000;0.0000;1;0;0;0;0;0;0;0.0000;0.0000;0.0000;0;0;0;0;0;12
1403;0;0;0;0;0;0;0.0000;0.0000;0.0000;0.0000;0.0000;0.0000;1;0;0;0;0;0;0;0.0000;0.0000;0.0000;0;0;0;0;0;12
1414;0;0;0;0;0;0;0.0000;0.0000;0.0000;0.0000;0.0000;0.0000;1;0;0;0;0;0;0;0.0000;0.0000;0.0000;0;0;0;0;0;12
1424;0;0;0;0;0;0;0.0000;0.0000;0.0000;0.0000;0.0000;0.0000;1;0;0;0;0;0;0;0.0000;0.0000;0.0000;0;0;0;0;0;12
1434;0;0;0;0;0;0;0.0000;0.0000;0.0000;0.0000;0.0000;0.0000;1;0;0;0;0;0;0;0.0000;0.0000;0.0000;0;0;0;0;0;12
1445;0;0;0;0;0;0;0.0000;0.0000;0.0000;0.0000;0.0000;0.0000;1;0;0;0;0;0;0;0.0000;0.0000;0.0000;0;0;0;0;0;12
1460;0;0;0;0;0;0;0.0000;0.0000;0.0000;0.0000;0.0000;0.0000;1;0;0;0;0;0;0;0.0000;0.0000;0.0000;0;0;0;0;0;12
1470;0;0;0;0;0;0;0.0000;0.0000;0.0000;0.0000;0.0000;0.0000;1;0;0;0;0;0;0;0.0000;0.0000;0.0000;0;0;0;0;0;12
1480;0;0;0;0;0;0;0.0000;0.0000;0.0000;0.0000;0.0000;0.0000;1;0;0;0;0;0;0;0.0000;0.0000;0.0000;0;0;0;0;0;12
1501;0;0;0;0;0;0;0.0000;0.0000;0.0000;0.0000;0.0000;0.0000;1;0;0;0;0;0;0;0.0000;0.0000;0.0000;0;0;0;0;0;12
1511;0;0;0;0;0;0;0.0000;0.0000;0.0000;0.0000;0.0000;0.0000;1;0;0;0;0;0;0;0.0000;0.0000;0.0000;0;0;0;0;0;28
1522;0;0;0;0;0;0;0.0000;0.0000;0.0000;0.0000;0.0000;0.0000;1;0;0;0;0;0;0;0.0000;0.0000;0.0000;0;0;0;0;0;28
1537;0;0;0;0;0;0;0.0000;0.0000;0.0000;0.0000;0.0000;0.0000;1;0;0;0;0;0;0;0.0000;0.0000;0.0000;0;0;0;0;0;28
1548;0;0;0;0;0;0;0.0000;0.0000;0.0000;0.0000;0.0000;0.0000;1;0;0;0;0;0;0;0.0000;0.0000;0.0000;0;0;0;0;0;28
1558;0;0;0;0;0;0;0.0000;0.0000;0.0000;0.0000;0.0000;0.0000;1;0;0;0;0;0;0;0.0000;0.0000;0.0000;0;0;0;0;0;28
1568;0;0;0;0;0;0;0.0000;0.0000;0.0000;0.0000;0.0000;0.0000;1;0;0;0;0;0;0;0.0000;0.0000;0.0000;0;0;0;0;0;28
1578;0;0;0;0;0;0;0.0000;0.0000;0.0000;0.0000;0.0000;0.0000;1;0;0;0;0;0;0;0.0000;0.0000;0.0000;0;0;0;0;0;28
1589;0;0;0;0;0;0;0.0000;0.0000;0.0000;0.0000;0.0000;0.0000;1;0;0;0;0;0;0;0.0000;0.0000;0.0000;0;0;0;0;0;28
1599;0;0;0;0;0;0;0.0000;0.0000;0.0000;0.0000;0.0000;0.0000;1;0;0;0;0;0;0;0.0000;0.0000;0.0000;0;0;0;0;0;28
1609;0;0;0;0;0;0;0.0000;0.0000;0.0000;0.0000;0.0000;0.0000;1;0;0;0;0;0;0;0.0000;0.0000;0.0000;0;0;0;0;0;28
1620;0;0;0;0;0;0;0.0000;0.0000;0.0000;0.0000;0.0000;0.0000;1;0;0;0;0;0;0;0.0000;0.0000;0.0000;0;0;0;0;0;28
1630;0;0;0;0;0;0;0.0000;0.0000;0.0000;0.0000;0.0000;0.0000;1;0;0;0;0;0;0;0.0000;0.0000;0.0000;0;0;0;0;0;28
1640;0;0;0;0;0;0;0.0000;0.0000;0.0000;0.0000;0.0000;0.0000;1;0;0;0;0;0;0;0.0000;0.0000;0.0000;0;0;0;0;0;28
1651;0;0;0;0;0;0;0.0000;0.0000;0.0000;0.0000;0.0000;0.0000;1;0;0;0;0;0;0;0.0000;0.0000;0.0000;0;0;0;0;0;28
1661;0;0;0;0;0;0;0.0000;0.0000;0.0000;0.0000;0.0000;0.0000;1;0;0;0;0;0;0;0.0000;0.0000;0.0000;0;0;0;0;0;28
1671;0;0;0;0;0;0;0.0000;0.0000;0.0000;0.0000;0.0000;0.0000;1;0;0;0;0;0;0;0.0000;0.0000;0.0000;0;0;0;0;0;28
1682;0;0;0;0;0;0;0.0000;0.0000;0.0000;0.0000;0.0000;0.0000;1;0;0;0;0;0;0;0.0000;0.0000;0.0000;0;0;0;0;0;28
1692;0;0;0;0;0;0;0.0000;0.0000;0.0000;0.0000;0.0000;0.0000;1;0;0;0;0;0;0;0.0000;0.0000;0.0000;0;0;0;0;0;28
1702;0;0;0;0;0;0;0.0000;0.0000;0.0000;0.0000;0.0000;0.0000;1;0;0;0;0;0;0;0.0000;0.0000;0.0000;0;0;0;0;0;28
1712;0;0;0;0;0;0;0.0000;0.0000;0.0000;0.0000;0.0000;0.0000;1;0;0;0;0;0;0;0.0000;0.0000;0.0000;0;0;0;0;0;28
1723;0;0;0;0;0;0;0.0000;0.0000;0.0000;0.0000;0.0000;0.0000;1;0;0;0;0;0;0;0.0000;0.0000;0.0000;0;0;0;0;0;28
1733;0;0;0;0;0;0;0.0000;0.0000;0.0000;0.0000;0.0000;0.0000;1;0;0;0;0;0;0;0.0000;0.0000;0.0000;0;0;0;0;0;28
1743;0;0;0;0;0;0;0.0000;0.0000;0.0000;0.0000;0.0000;0.0000;1;0;0;0;0;0;0;0.0000;0.0000;0.0000;0;0;0;0;0;28
1754;0;0;0;0;0;0;0.0000;0.0000;0.0000;0.0000;0.0000;0.0000;1;0;0;0;0;0;0;0.0000;0.0000;0.0000;0;0;0;0;0;28
1764;0;0;0;0;0;0;0.0000;0.0000;0.0000;0.0000;0.0000;0.0000;1;0;0;0;0;0;0;0.0000;0.0000;0.0000;0;0;0;0;0;28
1774;0;0;0;0;0;0;0.0000;0.0000;0.0000;0.0000;0.0000;0.0000;1;0;0;0;0;0;0;0.0000;0.0000;0.0000;0;0;0;0;0;28
1784;0;0;0;0;0;0;0.0000;0.0000;0.0000;0.0000;0.0000;0.0000;1;0;0;0;0;0;0;0.0000;0.0000;0.0000;0;0;0;0;0;28
1795;0;0;0;0;0;0;0.0000;0.0000;0.0000;0.0000;0.0000;0.0000;1;0;0;0;0;0;0;0.0000;0.0000;0.0000;0;0;0;0;0;28
1807;0;0;0;0;0;0;0.0000;0.0000;0.0000;0.0000;0.0000;0.0000;1;0;0;0;0;0;0;0.0000;0.0000;0.0000;0;0;0;0;0;28
1817;0;0;0;0;0;0;0.0000;0.0000;0.0000;0.0000;0.0000;0.0000;1;0;0;0;0;0;0;0.0000;0.0000;0.0000;0;0;0;0;0;28
1827;0;0;0;0;0;0;0.0000;0.0000;0.0000;0.0000;0.0000;0.0000;1;0;0;0;0;0;0;0.0000;0.0000;0.0000;0;0;0;0;0;28
1838;0;0;0;0;0;0;0.0000;0.0000;0.0000;0.0000;0.0000;0.0000;1;0;0;0;0;0;0;0.0000;0.0000;0.0000;0;0;0;0;0;28
1848;0;0;0;0;0;0;0.0000;0.0000;0.0000;0.0000;0.0000;0.0000;1;0;0;0;0;0;0;0.0000;0.0000;0.0000;0;0;0;0;0;28
1858;0;0;0;0;0;0;0.0000;0.0000;0.0000;0.0000;0.0000;0.0000;1;0;0;0;0;0;0;0.0000;0.0000;0.0000;0;0;0;0;0;28
1869;0;0;0;0;0;0;0.0000;0.0000;0.0000;0.0000;0.0000;0.0000;1;0;0;0;0;0;0;0.0000;0.0000;0.0000;0;0;0;0;0;28
1879;0;0;0;0;0;0;0.0000;0.0000;0.0000;0.0000;0.0000;0.0000;1;0;0;0;0;0;0;0.0000;0.0000;0.0000;0;0;0;0;0;28
1890;0;0;0;0;0;0;0.0000;0.0000;0.0000;0.0000;0.0000;0.0000;1;0;0;0;0;0;0;0.0000;0.0000;0.0000;0;0;0;0;0;28
1900;0;0;0;0;0;0;0.0000;0.0000;0.0000;0.0000;0.0000;0.0000;1;0;0;0;0;0;0;0.0000;0.0000;0.0000;0;0;0;0;0;28
1911;0;0;0;0;0;0;0.0000;0.0000;0.0000;0.0000;0.0000;0.0000;1;0;0;0;0;0;0;0.0000;0.0000;0.0000;0;0;0;0;0;28
1923;0;0;0;0;0;0;0.0000;0.0000;0.0000;0.0000;0.0000;0.0000;1;0;0;0;0;0;0;0.0000;0.0000;0.0000;0;0;0;0;0;28
1933;0;0;0;0;0;0;0.0000;0.0000;0.0000;0.0000;0.0000;0.0000;1;0;0;0;0;0;0;0.0000;0.0000;0.0000;0;0;0;0;0;28
1943;0;0;0;0;0;0;0.0000;0.0000;0.0000;0.0000;0.0000;0.0000;1;0;0;0;0;0;0;0.0000;0.0000;0.0000;0;0;0;0;0;28
1954;0;0;0;0;0;0;0.0000;0.0000;0.0000;0.0000;0.0000;0.0000;1;0;0;0;0;0;0;0.0000;0.0000;0.0000;0;0;0;0;0;28
1964;0;0;0;0;0;0;0.0000;0.0000;0.0000;0.0000;0.0000;0.0000;1;0;0;0;0;0;0;0.0000;0.0000;0.0000;0;0;0;0;0;28
1974;0;0;0;0;0;0;0.0000;0.0000;0.0000;0.0000;0.0000;0.0000;1;0;0;0;0;0;0;0.0000;0.0000;0.0000;0;0;0;0;0;28
1985;0;0;0;0;0;0;0.0000;0.0000;0.0000;0.0000;0.0000;0.0000;1;0;0;0;0;0;0;0.0000;0.0000;0.0000;0;0;0;0;0;28
1995;0;0;0;0;0;0;0.0000;0.0000;0.0000;0.0000;0.0000;0.0000;1;0;0;0;0;0;0;0.0000;0.0000;0.0000;0;0;0;0;0;28
2005;0;0;0;0;0;0;0.0000;0.0000;0.0000;0.0000;0.0000;0.0000;1;0;0;0;0;0;0;0.0000;0.0000;0.0000;0;0;0;0;0;28
2015;0;0;0;0;0;0;0.0000;0.0000;0.0000;0.0000;0.0000;0.0000;1;0;0;0;0;0;0;0.0000;0.0000;0.0000;0;0;0;0;0;28
2026;0;0;0;0;0;0;0.0000;0.0000;0.0000;0.0000;0.0000;0.0000;1;0;0;0;0;0;0;0.0000;0.0000;0.0000;0;0;0;0;0;28
2036;0;0;0;0;0;0;0.0000;0.0000;0.0000;0.0000;0.0000;0.0000;1;0;0;0;0;0;0;0.0000;0.0000;0.0000;0;0;0;0;0;28
2047;0;0;0;0;0;0;0.0000;0.0000;0.0000;0.0000;0.0000;0.0000;1;0;0;0;0;0;0;0.0000;0.0000;0.0000;0;0;0;0;0;28
2058;0;0;0;0;0;0;0.0000;0.0000;0.0000;0.0000;0.0000;0.0000;1;0;0;0;0;0;0;0.0000;0.0000;0.0000;0;0;0;0;0;28
2068;0;0;0;0;0;0;0.0000;0.0000;0.0000;0.0000;0.0000;0.0000;1;0;0;0;0;0;0;0.0000;0.0000;0.0000;0;0;0;0;0;28
2078;0;0;0;0;0;0;0.0000;0.0000;0.0000;0.0000;0.0000;0.0000;1;0;0;0;0;0;0;0.0000;0.0000;0.0000;0;0;0;0;0;28
2089;0;0;0;0;0;0;0.0000;0.0000;0.0000;0.0000;0.0000;0.0000;1;0;0;0;0;0;0;0.0000;0.0000;0.0000;0;0;0;0;0;28
2100;0;0;0;0;0;0;0.0000;0.0000;0.0000;0.0000;0.0000;0.0000;1;0;0;0;0;0;0;0.0000;0.0000;0.0000;0;0;0;0;0;28
2110;0;0;0;0;0;0;0.0000;0.0000;0.0000;0.0000;0.0000;0.0000;1;0;0;0;0;0;0;0.0000;0.0000;0.0000;0;0;0;0;0;28
2121;0;0;0;0;0;0;0.0000;0.0000;0.0000;0.0000;0.0000;0.0000;1;0;0;0;0;0;0;0.0000;0.0000;0.0000;0;0;0;0;0;28
2131;0;0;0;0;0;0;0.0000;0.0000;0.0000;0.0000;0.0000;0.0000;1;0;0;0;0;0;0;0.0000;0.0000;0.0000;0;0;0;0;0;28
2141;0;0;0;0;0;0;0.0000;0.0000;0.0000;0.0000;0.0000;0.0000;1;0;0;0;0;0;0;0.0000;0.0000;0.0000;0;0;0;0;0;28
2152;0;0;0;0;0;0;0.0000;0.0000;0.0000;0.0000;0.0000;0.0000;1;0;0;0;0;0;0;0.0000;0.0000;0.0000;0;0;0;0;0;28
2162;0;0;0;0;0;0;0.0000;0.0000;0.0000;0.0000;0.0000;0.0000;1;0;0;0;0;0;0;0.0000;0.0000;0.0000;0;0;0;0;0;28
2173;0;0;0;0;0;0;0.0000;0.0000;0.0000;0.0000;0.0000;0.0000;1;0;0;0;0;0;0;0.0000;0.0000;0.0000;0;0;0;0;0;28
2184;0;0;0;0;0;0;0.0000;0.0000;0.0000;0.0000;0.0000;0.0000;1;0;0;0;0;0;0;0.0000;0.0000;0.0000;0;0;0;0;0;28
2194;0;0;0;0;0;0;0.0000;0.0000;0.0000;0.0000;0.0000;0.0000;1;0;0;0;0;0;0;0.0000;0.0000;0.0000;0;0;0;0;0;28
2205;0;0;0;0;0;0;0.0000;0.0000;0.0000;0.0000;0.0000;0.0000;1;0;0;0;0;0;0;0.0000;0.0000;0.0000;0;0;0;0;0;28
2216;0;0;0;0;0;0;0.0000;0.0000;0.0000;0.0000;0.0000;0.0000;1;0;0;0;0;0;0;0.0000;0.0000;0.0000;0;0;0;0;0;28
2226;0;0;0;0;0;0;0.0000;0.0000;0.0000;0.0000;0.0000;0.0000;1;0;0;0;0;0;0;0.0000;0.0000;0.0000;0;0;0;0;0;0
2237;0;0;0;0;0;0;0.0000;0.0000;0.0000;0.0000;0.0000;0.0000;1;0;0;0;0;0;0;0.0000;0.0000;0.0000;0;0;0;0;0;0
2247;0;0;0;0;0;0;0.0000;0.0000;0.0000;0.0000;0.0000;0.0000;1;0;0;0;0;0;0;0.0000;0.0000;0.0000;0;0;0;0;0;0
2258;0;0;0;0;0;0;0.0000;0.0000;0.0000;0.0000;0.0000;0.0000;1;0;0;0;0;0;0;0.0000;0.0000;0.0000;0;0;0;0;0;0
2269;0;0;0;0;0;0;102.0000;-40.0000;0.0000;30.0000;7.0000;70.0000;1;0;0;0;0;0;0;0.0000;0.0000;0.0000;0;0;0;0;0;0
2279;0;0;0;0;0;0;102.0000;-40.0000;132.0000;30.0000;7.0000;70.0000;1;0;0;0;0;0;0;0.0000;0.0000;0.0000;0;0;0;0;0;0
2290;0;0;0;0;0;0;102.0000;-40.0000;132.0000;30.0000;7.0000;70.0000;1;0;0;0;0;0;0;0.0000;0.0000;0.0000;0;0;0;0;0;0
2300;0;0;0;0;0;0;102.0000;-40.0000;132.0000;30.0000;7.0000;70.0000;1;0;0;0;0;0;0;0.0000;0.0000;0.0000;0;0;0;0;0;0
2316;0;0;0;0;0;0;102.0000;-40.0000;132.0000;30.0000;7.0000;70.0000;1;0;0;0;0;0;0;0.0000;0.0000;0.0000;0;0;0;0;0;0
2327;0;0;0;0;0;0;102.0000;-40.0000;132.0000;30.0000;7.0000;70.0000;1;0;0;0;0;0;0;0.0000;0.0000;0.0000;0;0;0;0;0;4
2338;0;0;0;0;0;0;102.0000;-40.0000;132.0000;30.0000;7.0000;70.0000;1;0;0;0;0;0;0;0.0000;0.0000;0.0000;0;0;0;0;0;4
2348;0;0;0;0;0;0;102.0000;-40.0000;132.0000;30.0000;7.0000;70.0000;1;0;0;0;0;0;0;0.0000;0.0000;0.0000;0;0;0;0;0;4
2360;0;0;0;0;0;0;102.0000;-40.0000;132.0000;30.0000;7.0000;70.0000;1;0;0;0;0;0;0;0.0000;0.0000;0.0000;0;0;0;0;0;4
2399;0;0;0;0;0;0;72.0000;161.0000;125.0000;30.0000;7.0000;70.0000;1;0;0;0;0;0;0;0.0000;0.0000;0.0000;0;0;0;0;0;4
2411;0;0;0;0;0;0;72.0000;161.0000;125.0000;30.0000;7.0000;70.0000;1;0;0;0;0;0;0;122.0000;-2391.0000;0.0000;0;0;0;0;0;4
2422;0;0;0;0;0;0;72.0000;161.0000;125.0000;30.0000;7.0000;70.0000;1;0;0;0;0;0;0;122.0000;-2391.0000;132.0000;0;0;0;0;0;4
2432;0;0;0;0;0;0;72.0000;161.0000;125.0000;30.0000;7.0000;70.0000;1;0;0;0;0;0;0;122.0000;-2391.0000;132.0000;0;0;0;0;0;28
2443;0;0;0;0;0;0;72.0000;161.0000;125.0000;30.0000;7.0000;70.0000;1;0;0;0;0;0;0;122.0000;-2391.0000;132.0000;0;0;0;0;0;28
2453;0;0;0;0;0;0;72.0000;161.0000;125.0000;30.0000;7.0000;70.0000;1;0;0;0;0;0;0;122.0000;-2391.0000;132.0000;0;0;0;0;0;28
2464;0;0;0;0;0;0;85.0000;161.0000;125.0000;30.0000;7.0000;70.0000;1;0;0;0;0;0;0;122.0000;-2391.0000;132.0000;0;0;0;0;0;28
2475;0;0;0;0;0;0;85.0000;161.0000;122.0000;30.0000;7.0000;70.0000;1;0;0;0;0;0;0;122.0000;-2391.0000;132.0000;0;0;0;0;0;28
2486;0;0;0;0;0;0;85.0000;26.0000;122.0000;30.0000;7.0000;70.0000;1;0;0;0;0;0;0;122.0000;-2391.0000;132.0000;0;262;0;0;0;28
2497;0;0;0;0;0;0;85.0000;26.0000;122.0000;30.0000;7.0000;70.0000;1;0;0;0;0;0;0;122.0000;-2391.0000;132.0000;0;262;0;0;0;28
2507;0;0;0;0;0;0;85.0000;26.0000;122.0000;30.0000;7.0000;70.0000;1;0;0;0;0;0;0;122.0000;-2391.0000;132.0000;0;262;0;0;0;28
2518;0;0;0;0;0;0;85.0000;26.0000;122.0000;30.0000;7.0000;70.0000;1;0;0;0;0;0;0;68.0000;-2391.0000;132.0000;0;262;0;0;0;28
2528;0;0;0;0;0;0;85.0000;26.0000;122.0000;30.0000;7.0000;70.0000;1;0;0;0;0;0;0;68.0000;-2391.0000;95.0000;0;262;0;0;0;28
2539;0;0;0;0;0;0;85.0000;26.0000;122.0000;30.0000;7.0000;70.0000;1;0;0;0;0;0;0;68.0000;-2391.0000;95.0000;0;262;0;0;0;28
2549;0;0;0;0;0;0;85.0000;26.0000;122.0000;30.0000;7.0000;70.0000;1;0;0;0;0;0;0;68.0000;-2391.0000;95.0000;0;262;0;0;0;28
2560;0;0;0;0;0;0;85.0000;26.0000;122.0000;30.0000;7.0000;70.0000;1;0;0;0;0;0;0;68.0000;-2391.0000;95.0000;0;262;0;0;0;28
2570;0;0;0;0;0;0;99.0000;26.0000;122.0000;30.0000;7.0000;70.0000;1;0;0;0;0;0;0;68.0000;-2391.0000;95.0000;0;262;0;0;0;28
2581;0;0;0;0;0;0;99.0000;-26.0000;119.0000;30.0000;7.0000;70.0000;1;0;0;0;0;0;0;68.0000;-2391.0000;95.0000;0;262;0;0;0;28
2591;0;0;0;0;0;0;99.0000;-26.0000;119.0000;30.0000;7.0000;70.0000;1;0;0;0;0;0;0;68.0000;-2391.0000;95.0000;0;262;0;0;0;28
2602;0;0;0;0;0;0;99.0000;-26.0000;119.0000;30.0000;7.0000;70.0000;1;0;0;0;0;0;0;68.0000;-2391.0000;95.0000;0;262;0;0;0;28
2612;0;0;0;0;0;0;99.0000;-26.0000;119.0000;30.0000;7.0000;70.0000;1;0;0;0;0;0;0;135.0000;-2391.0000;95.0000;0;262;0;0;0;28
2623;0;0;0;0;0;0;99.0000;-26.0000;119.0000;30.0000;7.0000;70.0000;1;0;0;0;0;0;0;135.0000;-2391.0000;72.0000;0;262;0;0;0;28
2633;0;0;0;0;0;0;99.0000;-26.0000;119.0000;30.0000;7.0000;70.0000;1;0;0;0;0;0;0;135.0000;-2391.0000;72.0000;0;262;0;0;0;28
2644;0;0;0;0;0;0;99.0000;-26.0000;119.0000;30.0000;7.0000;70.0000;1;0;0;0;0;0;0;135.0000;-2391.0000;72.0000;0;262;0;0;0;28
2654;0;0;0;0;0;0;99.0000;-26.0000;119.0000;30.0000;7.0000;70.0000;1;0;0;0;0;0;0;135.0000;-2391.0000;72.0000;0;262;0;0;0;28
2664;0;0;0;0;0;0;102.0000;-26.0000;119.0000;30.0000;7.0000;70.0000;1;0;0;0;0;0;0;135.0000;-2391.0000;72.0000;0;262;0;0;0;28
2676;0;0;0;0;0;0;102.0000;-26.0000;119.0000;30.0000;7.0000;70.0000;1;0;0;0;0;0;0;135.0000;-2391.0000;72.0000;0;262;0;0;0;28
2686;0;0;0;0;0;0;102.0000;147.0000;95.0000;30.0000;7.0000;70.0000;1;0;0;0;0;0;0;135.0000;-2391.0000;72.0000;0;262;0;0;0;28
2696;0;0;0;0;0;0;102.0000;147.0000;95.0000;30.0000;7.0000;70.0000;1;0;0;0;0;0;0;135.0000;-2391.0000;72.0000;0;262;0;0;0;28
2707;0;0;0;0;0;0;102.0000;147.0000;95.0000;30.0000;7.0000;70.0000;1;0;0;0;0;0;0;135.0000;-2391.0000;72.0000;0;262;0;0;0;28
2717;0;0;0;0;0;0;102.0000;147.0000;95.0000;30.0000;7.0000;70.0000;1;0;0;0;0;0;0;135.0000;-2391.0000;72.0000;0;262;0;0;0;28
2728;0;0;0;0;0;0;102.0000;147.0000;95.0000;30.0000;7.0000;70.0000;1;0;0;0;0;0;0;135.0000;-2391.0000;78.0000;0;262;0;0;0;28
2738;0;0;0;0;0;0;102.0000;147.0000;95.0000;30.0000;7.0000;70.0000;1;0;0;0;0;0;0;135.0000;-2391.0000;78.0000;0;262;0;0;0;28
2749;0;0;0;0;0;0;102.0000;147.0000;95.0000;30.0000;7.0000;70.0000;1;0;0;0;0;0;0;135.0000;-2391.0000;78.0000;0;262;0;0;0;28
2760;0;0;0;0;0;0;102.0000;147.0000;95.0000;30.0000;7.0000;70.0000;1;0;0;0;0;0;0;135.0000;-2391.0000;78.0000;267;262;0;0;0;28
2770;0;0;0;0;0;0;79.0000;147.0000;95.0000;30.0000;7.0000;70.0000;1;0;0;0;0;0;0;135.0000;-2391.0000;78.0000;267;262;0;0;0;28
2781;0;0;0;0;0;0;79.0000;-13.0000;85.0000;30.0000;7.0000;70.0000;1;0;0;0;0;0;0;135.0000;-2391.0000;78.0000;267;262;0;0;0;28
2796;0;0;0;0;0;0;79.0000;-13.0000;85.0000;30.0000;7.0000;70.0000;1;0;0;0;0;0;0;135.0000;-2391.0000;78.0000;267;262;0;0;0;28
2806;0;0;0;0;0;0;79.0000;-13.0000;85.0000;30.0000;7.0000;70.0000;1;0;0;0;0;0;0;135.0000;-2391.0000;78.0000;267;262;0;0;0;28
2817;0;0;0;0;0;0;79.0000;-13.0000;85.0000;30.0000;7.0000;70.0000;1;0;0;0;0;0;0;61.0000;-2391.0000;78.0000;267;262;0;0;0;28
2827;0;0;0;0;0;0;79.0000;-13.0000;85.0000;30.0000;7.0000;70.0000;1;0;0;0;0;0;0;61.0000;-2391.0000;135.0000;267;262;0;0;0;28
2838;0;0;0;0;0;0;79.0000;-13.0000;85.0000;30.0000;7.0000;70.0000;1;0;0;0;0;0;0;61.0000;-2391.0000;135.0000;267;262;0;0;0;28
2848;0;0;0;0;0;0;79.0000;-13.0000;85.0000;30.0000;7.0000;70.0000;1;0;0;0;0;0;0;61.0000;-2391.0000;135.0000;267;262;0;0;0;28
2858;0;0;0;0;0;0;79.0000;-13.0000;85.0000;30.0000;7.0000;70.0000;1;0;0;0;0;0;0;61.0000;-2391.0000;135.0000;267;262;0;0;0;28
2869;0;0;0;0;0;0;95.0000;-13.0000;85.0000;30.0000;7.0000;70.0000;1;0;0;0;0;0;0;61.0000;-2391.0000;135.0000;267;262;0;0;0;28
2880;0;0;0;0;0;0;95.0000;161.0000;85.0000;30.0000;7.0000;70.0000;1;0;0;0;0;0;0;61.0000;-2391.0000;135.0000;267;262;0;0;0;28
2891;0;0;0;0;0;0;95.0000;161.0000;115.0000;30.0000;7.0000;70.0000;1;0;0;0;0;0;0;61.0000;-2391.0000;135.0000;267;262;0;0;0;28
2901;0;0;0;0;0;0;95.0000;161.0000;115.0000;30.0000;7.0000;70.0000;1;0;0;0;0;0;0;61.0000;-2391.0000;135.0000;267;262;0;0;0;28
2912;0;0;0;0;0;0;95.0000;161.0000;115.0000;30.0000;7.0000;70.0000;1;0;0;0;0;0;0;112.0000;-2391.0000;135.0000;267;262;0;0;0;28
2923;0;0;0;0;0;0;95.0000;161.0000;115.0000;30.0000;7.0000;70.0000;1;0;0;0;0;0;0;112.0000;-2391.0000;108.0000;267;262;0;0;0;28
2933;0;0;0;0;0;0;95.0000;161.0000;115.0000;30.0000;7.0000;70.0000;1;0;0;0;0;0;0;112.0000;-2391.0000;108.0000;267;262;0;0;0;28
2944;0;0;0;0;0;0;95.0000;161.0000;115.0000;30.0000;7.0000;70.0000;1;0;0;0;0;0;0;112.0000;-2391.0000;108.0000;267;262;0;0;0;28
2954;0;0;0;0;0;0;95.0000;161.0000;115.0000;30.0000;7.0000;70.0000;1;0;0;0;0;0;0;112.0000;-2391.0000;108.0000;267;262;0;0;0;28
2966;0;0;0;0;0;0;105.0000;161.0000;115.0000;30.0000;7.0000;70.0000;1;0;0;0;0;0;0;112.0000;-2391.0000;108.0000;267;262;0;0;0;28
2976;0;0;0;0;0;0;105.0000;161.0000;115.0000;30.0000;7.0000;70.0000;1;0;0;0;0;0;0;112.0000;-2391.0000;108.0000;267;262;0;0;0;28
2987;0;0;0;0;0;0;105.0000;53.0000;119.0000;30.0000;7.0000;70.0000;1;0;0;0;0;0;0;112.0000;-2391.0000;108.0000;267;262;0;0;0;28
2997;0;0;0;0;0;0;105.0000;53.0000;119.0000;30.0000;7.0000;70.0000;1;0;0;0;0;0;0;112.0000;-2391.0000;108.0000;267;262;0;0;0;28
3008;0;0;0;0;0;0;105.0000;53.0000;119.0000;30.0000;7.0000;70.0000;1;0;0;0;0;0;0;112.0000;-2391.0000;108.0000;267;262;0;0;0;28
3018;0;0;0;0;0;0;105.0000;53.0000;119.0000;30.0000;7.0000;70.0000;1;0;0;0;0;0;0;108.0000;-2391.0000;108.0000;267;262;0;0;0;28
3028;0;0;0;0;0;0;105.0000;53.0000;119.0000;30.0000;7.0000;70.0000;1;0;0;0;0;0;0;108.0000;-2391.0000;72.0000;267;262;0;0;0;28
3039;0;0;0;0;0;0;105.0000;53.0000;119.0000;30.0000;7.0000;70.0000;1;0;0;0;0;0;0;108.0000;-2391.0000;72.0000;267;262;0;0;0;28
3049;0;0;0;0;0;0;105.0000;53.0000;119.0000;30.0000;7.0000;70.0000;1;0;0;0;0;0;0;108.0000;-2391.0000;72.0000;267;262;0;0;0;28
3060;0;0;0;0;0;0;105.0000;53.0000;119.0000;30.0000;7.0000;70.0000;1;0;0;0;0;0;0;108.0000;-2391.0000;72.0000;267;262;0;0;0;28
3076;0;0;0;0;0;0;89.0000;53.0000;119.0000;30.0000;7.0000;70.0000;1;0;0;0;0;0;0;108.0000;-2391.0000;72.0000;267;262;0;0;0;28
3087;0;0;0;0;0;0;89.0000;174.0000;98.0000;30.0000;7.0000;70.0000;1;0;0;0;0;0;0;108.0000;-2391.0000;72.0000;267;262;0;0;0;28
3097;0;0;0;0;0;0;89.0000;174.0000;98.0000;30.0000;7.0000;70.0000;1;0;0;0;0;0;0;108.0000;-2391.0000;72.0000;267;262;0;0;0;28
3108;0;0;0;0;0;230;89.0000;174.0000;98.0000;30.0000;7.0000;70.0000;1;0;0;0;0;0;0;108.0000;-2391.0000;72.0000;267;262;0;0;0;28
3118;0;0;0;0;0;230;89.0000;174.0000;98.0000;30.0000;7.0000;70.0000;1;0;0;0;0;0;0;122.0000;-2391.0000;72.0000;267;262;0;0;0;28
3129;0;0;0;0;0;230;89.0000;174.0000;98.0000;30.0000;7.0000;70.0000;1;0;0;0;0;0;0;122.0000;-2391.0000;72.0000;267;262;0;0;0;28
3140;0;0;0;235;0;230;89.0000;174.0000;98.0000;30.0000;7.0000;70.0000;1;0;0;0;0;0;0;122.0000;-2391.0000;78.0000;267;262;0;0;0;28
3151;0;0;0;235;0;230;89.0000;174.0000;98.0000;30.0000;7.0000;70.0000;1;0;0;0;0;0;0;122.0000;-2391.0000;78.0000;267;262;0;0;0;28
3162;0;0;0;235;0;230;89.0000;174.0000;98.0000;30.0000;7.0000;70.0000;1;0;0;0;0;0;0;122.0000;-2391.0000;78.0000;267;262;0;0;0;28
3173;0;0;0;235;0;230;89.0000;174.0000;98.0000;30.0000;7.0000;70.0000;1;0;0;0;0;0;0;122.0000;-2391.0000;78.0000;267;262;0;0;0;28
3185;0;0;0;235;0;230;89.0000;-26.0000;98.0000;30.0000;7.0000;70.0000;1;0;0;0;0;0;0;122.0000;-2391.0000;78.0000;267;262;0;0;0;28
3196;272;0;0;235;247;230;89.0000;-26.0000;98.0000;30.0000;7.0000;70.0000;1;0;0;0;0;0;0;122.0000;-2391.0000;78.0000;267;262;0;0;0;28
3206;272;0;0;235;247;230;89.0000;-26.0000;98.0000;30.0000;7.0000;70.0000;1;0;0;0;0;0;0;122.0000;-2391.0000;78.0000;267;262;0;0;0;28
3217;272;0;0;235;247;230;89.0000;-26.0000;98.0000;30.0000;7.0000;70.0000;1;0;0;0;0;0;0;58.0000;-2391.0000;78.0000;267;262;0;0;0;28
3227;272;0;0;235;247;230;89.0000;-26.0000;98.0000;30.0000;7.0000;70.0000;1;0;0;0;0;0;0;58.0000;-2391.0000;65.0000;267;262;0;0;0;28
3238;272;0;0;235;247;230;89.0000;-26.0000;98.0000;30.0000;7.0000;70.0000;1;0;0;0;0;0;0;58.0000;-2391.0000;65.0000;267;262;0;0;0;28
3248;272;0;0;235;247;230;89.0000;-26.0000;98.0000;30.0000;7.0000;70.0000;1;0;0;0;0;0;0;58.0000;-2391.0000;65.0000;267;262;0;0;0;28
3259;272;0;0;235;247;230;89.0000;-26.0000;98.0000;30.0000;7.0000;70.0000;1;0;0;0;0;0;0;58.0000;-2391.0000;65.0000;267;262;0;0;0;4
3269;272;0;0;235;247;230;119.0000;-26.0000;98.0000;30.0000;7.0000;70.0000;1;0;0;0;0;0;0;58.0000;-2391.0000;65.0000;267;262;0;0;0;4
3283;272;0;0;235;247;230;119.0000;-26.0000;82.0000;75.0000;7.0000;70.0000;1;0;0;0;0;0;0;58.0000;-2391.0000;65.0000;267;262;0;0;0;4
3293;272;0;0;235;247;230;119.0000;-26.0000;82.0000;75.0000;7.0000;70.0000;1;0;0;0;0;0;0;58.0000;-2391.0000;65.0000;267;262;0;0;0;4
3304;272;0;0;235;247;230;119.0000;-26.0000;82.0000;75.0000;7.0000;70.0000;1;0;0;0;0;0;0;58.0000;-2391.0000;65.0000;267;262;0;0;0;4
3314;272;0;0;235;247;230;119.0000;-26.0000;82.0000;75.0000;7.0000;70.0000;1;0;0;0;0;0;0;58.0000;-2391.0000;65.0000;267;262;0;0;0;4
3325;272;0;0;235;247;230;119.0000;-26.0000;82.0000;75.0000;7.0000;70.0000;1;0;0;0;0;0;0;128.0000;-2391.0000;135.0000;267;262;0;0;0;4
3336;272;0;0;235;247;230;119.0000;-26.0000;82.0000;75.0000;7.0000;70.0000;1;0;0;0;0;0;0;128.0000;-2391.0000;135.0000;267;262;0;0;0;4
3346;272;0;0;235;247;230;119.0000;-26.0000;82.0000;75.0000;7.0000;70.0000;1;0;0;0;0;0;0;128.0000;-2391.0000;135.0000;267;262;0;0;0;4
3357;272;0;0;235;247;230;119.0000;-26.0000;82.0000;75.0000;7.0000;70.0000;1;0;0;0;0;0;0;128.0000;-2391.0000;135.0000;267;262;0;0;0;4
3367;272;0;0;235;247;230;119.0000;-26.0000;82.0000;75.0000;7.0000;70.0000;1;0;0;0;0;0;0;128.0000;-2391.0000;135.0000;267;262;0;0;0;4
3381;272;0;0;235;247;230;89.0000;-26.0000;82.0000;75.0000;7.0000;70.0000;1;0;0;0;0;0;0;128.0000;-2391.0000;135.0000;267;262;0;0;0;4
3395;272;0;0;235;247;230;89.0000;0.0000;129.0000;75.0000;7.0000;70.0000;1;0;0;0;0;0;0;128.0000;-2391.0000;135.0000;267;262;0;0;0;4
3406;272;0;0;235;247;230;89.0000;0.0000;129.0000;75.0000;7.0000;70.0000;1;0;0;0;0;0;0;128.0000;-2391.0000;135.0000;267;262;0;0;0;4
3417;272;0;0;235;247;230;89.0000;0.0000;129.0000;75.0000;7.0000;70.0000;1;0;0;0;0;0;0;128.0000;-2391.0000;135.0000;267;262;0;0;0;4
3427;272;0;0;235;247;230;89.0000;0.0000;129.0000;75.0000;7.0000;70.0000;1;0;0;0;0;0;0;132.0000;-2391.0000;61.0000;267;262;0;0;0;4
3438;272;0;0;235;247;230;89.0000;0.0000;129.0000;75.0000;7.0000;70.0000;1;0;0;0;0;0;0;132.0000;-2391.0000;61.0000;267;262;0;0;0;4
3448;272;0;0;235;247;230;89.0000;0.0000;129.0000;75.0000;7.0000;70.0000;1;0;0;0;0;0;0;132.0000;-2391.0000;61.0000;267;262;0;0;0;4
3458;272;0;0;235;247;230;89.0000;0.0000;129.0000;75.0000;7.0000;70.0000;1;0;0;0;0;0;0;132.0000;-2391.0000;61.0000;267;262;0;0;0;28
3469;272;0;0;235;247;230;72.0000;0.0000;129.0000;75.0000;7.0000;70.0000;1;0;0;0;0;0;0;132.0000;-2391.0000;61.0000;267;262;0;0;0;28
3480;272;0;0;235;247;230;72.0000;0.0000;129.0000;75.0000;7.0000;70.0000;1;0;0;0;0;0;0;132.0000;-2391.0000;61.0000;267;262;0;0;0;28
3490;272;0;0;235;247;230;72.0000;-40.0000;125.0000;75.0000;7.0000;70.0000;1;0;0;0;0;0;0;132.0000;-2391.0000;61.0000;267;262;0;0;0;28
3501;272;0;0;235;247;230;72.0000;-40.0000;125.0000;75.0000;7.0000;70.0000;1;0;0;0;0;0;0;132.0000;-2391.0000;61.0000;267;262;0;0;0;28
3511;272;0;0;235;247;230;72.0000;-40.0000;125.0000;75.0000;7.0000;70.0000;1;0;0;0;0;0;0;132.0000;-2391.0000;61.0000;267;262;0;0;0;28
3522;272;0;0;235;247;230;72.0000;-40.0000;125.0000;75.0000;7.0000;70.0000;1;0;0;0;0;0;0;108.0000;-2391.0000;61.0000;267;262;0;0;0;28
3532;272;0;0;235;247;230;72.0000;-40.0000;125.0000;75.0000;7.0000;70.0000;1;0;0;0;0;0;0;108.0000;-2391.0000;135.0000;267;262;0;0;0;28
3543;272;0;0;235;247;230;72.0000;-40.0000;125.0000;75.0000;7.0000;70.0000;1;0;0;0;0;0;0;108.0000;-2391.0000;135.0000;267;262;0;0;0;28
3553;272;0;0;235;247;230;72.0000;-40.0000;125.0000;75.0000;7.0000;70.0000;1;0;0;0;0;0;0;108.0000;-2391.0000;135.0000;267;262;0;0;0;28
3563;272;0;0;235;247;230;72.0000;-40.0000;125.0000;75.0000;7.0000;70.0000;1;0;0;0;0;0;0;108.0000;-2391.0000;135.0000;267;262;0;0;0;28
3574;272;0;0;235;247;230;82.0000;-40.0000;125.0000;75.0000;7.0000;70.0000;1;0;0;0;0;0;0;108.0000;-2391.0000;135.0000;267;262;0;0;0;28
3585;272;0;0;235;247;230;82.0000;-40.0000;112.0000;75.0000;7.0000;70.0000;1;0;0;0;0;0;0;108.0000;-2391.0000;135.0000;267;262;0;0;0;28
3595;272;0;0;235;247;230;82.0000;93.0000;112.0000;75.0000;7.0000;70.0000;1;0;0;0;0;0;0;108.0000;-2391.0000;135.0000;267;262;0;0;0;28
3606;272;0;0;235;247;230;82.0000;93.0000;112.0000;75.0000;7.0000;70.0000;1;0;0;0;0;0;0;108.0000;-2391.0000;135.0000;267;262;0;0;0;28
3616;272;0;0;235;247;230;82.0000;93.0000;112.0000;75.0000;7.0000;70.0000;1;0;0;0;0;0;0;108.0000;-2391.0000;135.0000;267;262;0;0;0;28
3627;272;0;0;235;247;230;82.0000;93.0000;112.0000;75.0000;7.0000;70.0000;1;0;0;0;0;0;0;132.0000;-2391.0000;105.0000;267;262;0;0;0;28
3637;272;0;0;235;247;230;82.0000;93.0000;112.0000;75.0000;7.0000;70.0000;1;0;0;0;0;0;0;132.0000;-2391.0000;105.0000;267;262;0;0;0;28
3650;272;0;0;235;247;230;82.0000;93.0000;112.0000;75.0000;7.0000;70.0000;1;0;0;0;0;0;0;132.0000;-2391.0000;105.0000;267;262;0;0;0;28
3660;272;0;0;235;247;230;82.0000;93.0000;112.0000;75.0000;7.0000;70.0000;1;0;0;0;0;0;0;132.0000;-2391.0000;105.0000;267;262;0;0;0;28
3671;272;0;0;235;247;230;122.0000;93.0000;112.0000;75.0000;7.0000;70.0000;1;0;0;0;0;0;0;132.0000;-2391.0000;105.0000;267;262;0;0;0;28
3685;272;0;0;235;247;230;122.0000;93.0000;112.0000;75.0000;7.0000;70.0000;1;0;0;0;0;0;0;132.0000;-2391.0000;105.0000;267;262;0;0;0;28
3695;272;0;0;235;247;230;122.0000;174.0000;85.0000;75.0000;7.0000;70.0000;1;0;0;0;0;0;0;132.0000;-2391.0000;105.0000;267;262;0;0;0;28
3706;272;0;0;235;247;230;122.0000;174.0000;85.0000;75.0000;7.0000;70.0000;1;0;0;0;0;0;0;132.0000;-2391.0000;105.0000;267;262;295;0;0;28
3716;272;0;0;235;247;230;122.0000;174.0000;85.0000;75.0000;7.0000;70.0000;1;0;0;0;0;0;0;132.0000;-2391.0000;105.0000;267;262;295;0;0;28
3727;272;0;0;235;247;230;122.0000;174.0000;85.0000;75.0000;7.0000;70.0000;1;0;0;0;0;0;0;68.0000;-2391.0000;115.0000;267;262;295;0;0;28
3738;272;0;0;235;247;230;122.0000;174.0000;85.0000;75.0000;7.0000;70.0000;1;0;0;0;0;0;0;68.0000;-2391.0000;115.0000;267;262;295;0;0;28
3748;272;0;0;235;247;230;122.0000;174.0000;85.0000;75.0000;7.0000;70.0000;1;0;0;0;0;0;0;68.0000;-2391.0000;115.0000;267;262;295;0;0;28
3758;272;0;0;235;247;230;122.0000;174.0000;85.0000;75.0000;7.0000;70.0000;1;0;0;0;0;0;0;68.0000;-2391.0000;115.0000;267;262;295;0;0;28
3769;272;0;0;235;247;230;122.0000;174.0000;85.0000;75.0000;7.0000;70.0000;1;0;0;0;0;0;0;68.0000;-2391.0000;115.0000;267;262;295;0;0;28
3780;272;0;0;235;247;230;119.0000;174.0000;85.0000;75.0000;7.0000;70.0000;1;0;0;0;0;0;0;68.0000;-2391.0000;115.0000;267;262;295;0;0;28
3791;272;0;0;235;247;230;119.0000;174.0000;125.0000;75.0000;7.0000;70.0000;1;0;0;0;0;0;0;68.0000;-2391.0000;115.0000;267;262;295;0;0;28
3801;272;0;0;235;247;230;119.0000;107.0000;125.0000;75.0000;7.0000;70.0000;1;0;0;0;0;0;0;68.0000;-2391.0000;115.0000;267;262;295;0;0;28
3811;272;0;0;235;247;230;119.0000;107.0000;125.0000;75.0000;7.0000;70.0000;1;0;0;0;0;0;0;68.0000;-2391.0000;115.0000;267;262;295;0;0;28
3822;272;0;0;235;247;230;119.0000;107.0000;125.0000;75.0000;7.0000;70.0000;1;0;0;0;0;0;0;145.0000;-2391.0000;115.0000;267;262;295;0;0;28
3833;272;0;0;235;247;230;119.0000;107.0000;125.0000;75.0000;7.0000;70.0000;1;0;0;0;0;0;0;145.0000;-2391.0000;112.0000;267;262;295;0;0;28
3843;272;0;0;235;247;230;119.0000;107.0000;125.0000;75.0000;7.0000;70.0000;1;0;0;0;0;0;0;145.0000;-2391.0000;112.0000;267;262;295;0;0;28
3854;272;0;0;235;247;230;119.0000;107.0000;125.0000;75.0000;7.0000;70.0000;1;0;0;0;0;0;0;145.0000;-2391.0000;112.0000;267;262;295;0;0;28
3864;272;0;0;235;247;230;119.0000;107.0000;125.0000;75.0000;7.0000;70.0000;1;0;0;0;0;0;0;145.0000;-2391.0000;112.0000;267;262;295;0;0;28
3875;272;0;0;235;247;230;126.0000;107.0000;125.0000;75.0000;7.0000;70.0000;1;0;0;0;0;0;0;145.0000;-2391.0000;112.0000;267;262;295;0;0;28
3885;272;0;0;235;247;230;126.0000;107.0000;125.0000;75.0000;7.0000;70.0000;1;0;0;0;0;0;0;145.0000;-2391.0000;112.0000;267;262;295;0;0;28
3895;272;0;0;235;247;230;126.0000;-13.0000;132.0000;75.0000;7.0000;70.0000;1;0;0;0;0;0;0;145.0000;-2391.0000;112.0000;267;262;295;0;0;28
3906;272;0;0;235;247;230;126.0000;-13.0000;132.0000;75.0000;7.0000;70.0000;1;0;0;0;0;0;0;145.0000;-2391.0000;112.0000;267;262;295;0;0;28
3916;272;0;0;235;247;230;126.0000;-13.0000;132.0000;75.0000;7.0000;70.0000;1;0;0;0;0;0;0;145.0000;-2391.0000;112.0000;267;262;295;0;0;28
3927;272;0;0;235;247;230;126.0000;-13.0000;132.0000;75.0000;7.0000;70.0000;1;0;0;0;0;0;0;68.0000;-2391.0000;112.0000;267;262;295;0;0;28
3938;272;0;0;235;247;230;126.0000;-13.0000;132.0000;75.0000;7.0000;70.0000;1;0;0;0;0;0;0;68.0000;-2391.0000;115.0000;267;262;295;0;0;28
3948;272;0;0;235;247;230;126.0000;-13.0000;132.0000;75.0000;7.0000;70.0000;1;0;0;0;0;0;0;68.0000;-2391.0000;115.0000;267;262;295;0;0;28
3959;272;0;0;235;247;230;126.0000;-13.0000;132.0000;75.0000;7.0000;70.0000;1;0;0;0;0;0;0;68.0000;-2391.0000;115.0000;267;262;295;0;0;28
3970;272;0;0;235;247;230;126.0000;-13.0000;132.0000;75.0000;7.0000;70.0000;1;0;0;0;0;0;0;68.0000;-2391.0000;115.0000;267;262;295;0;0;28
3980;272;0;0;235;247;230;109.0000;-13.0000;132.0000;75.0000;7.0000;70.0000;1;0;0;0;0;0;0;68.0000;-2391.0000;115.0000;267;262;295;0;0;28
3991;272;0;0;235;247;230;109.0000;-13.0000;125.0000;75.0000;7.0000;70.0000;1;0;0;0;0;0;0;68.0000;-2391.0000;115.0000;267;262;295;0;0;28
4002;272;0;0;235;247;230;109.0000;147.0000;125.0000;75.0000;7.0000;70.0000;1;0;0;0;0;0;0;68.0000;-2391.0000;115.0000;267;262;295;0;0;28
4012;272;0;0;235;247;230;109.0000;147.0000;125.0000;75.0000;7.0000;70.0000;1;0;0;0;0;0;0;68.0000;-2391.0000;115.0000;267;262;295;0;0;28
4023;272;0;0;235;247;230;109.0000;147.0000;125.0000;75.0000;7.0000;70.0000;1;0;0;0;0;0;0;102.0000;-2391.0000;115.0000;267;262;295;0;0;28
4033;272;0;0;235;247;230;109.0000;147.0000;125.0000;75.0000;7.0000;70.0000;1;0;0;0;0;0;0;102.0000;-2391.0000;125.0000;267;262;295;0;0;28
4044;272;0;0;235;247;230;109.0000;147.0000;125.0000;75.0000;7.0000;70.0000;1;0;0;0;0;0;0;102.0000;-2391.0000;125.0000;267;262;295;0;0;28
4054;272;0;0;235;247;230;109.0000;147.0000;125.0000;75.0000;7.0000;70.0000;1;0;0;0;0;0;0;102.0000;-2391.0000;125.0000;267;262;295;0;0;28
4065;272;0;0;235;247;230;109.0000;147.0000;125.0000;75.0000;7.0000;70.0000;1;0;0;0;0;0;0;102.0000;-2391.0000;125.0000;267;262;295;0;0;28
4075;272;0;0;235;247;230;109.0000;147.0000;125.0000;75.0000;7.0000;70.0000;1;0;0;0;0;0;0;102.0000;-2391.0000;125.0000;267;262;295;0;0;28
4085;272;0;0;235;247;230;122.0000;147.0000;125.0000;75.0000;7.0000;70.0000;1;0;0;0;0;0;0;102.0000;-2391.0000;125.0000;267;262;295;0;0;28
4096;272;0;0;235;247;230;122.0000;147.0000;119.0000;75.0000;7.0000;70.0000;1;0;0;0;0;0;0;102.0000;-2391.0000;125.0000;267;262;295;0;0;28
4107;272;0;0;235;247;230;122.0000;134.0000;119.0000;75.0000;7.0000;70.0000;1;0;0;0;0;0;0;102.0000;-2391.0000;125.0000;267;262;295;0;0;28
4117;272;0;0;235;247;230;122.0000;134.0000;119.0000;75.0000;7.0000;70.0000;1;0;0;0;0;0;0;102.0000;-2391.0000;125.0000;267;262;295;0;0;28
4129;272;0;0;235;247;230;122.0000;134.0000;119.0000;75.0000;7.0000;70.0000;1;0;0;0;0;0;0;81.0000;-2391.0000;125.0000;267;262;295;0;0;28
4139;272;0;0;235;247;230;122.0000;134.0000;119.0000;75.0000;7.0000;70.0000;1;0;0;0;0;0;0;81.0000;-2391.0000;92.0000;267;262;295;0;0;28
4150;272;0;0;235;247;230;122.0000;134.0000;119.0000;75.0000;7.0000;70.0000;1;0;0;0;0;0;0;81.0000;-2391.0000;92.0000;267;262;295;0;0;28
4160;272;0;0;235;247;230;122.0000;134.0000;119.0000;75.0000;7.0000;70.0000;1;0;0;0;0;0;0;81.0000;-2391.0000;92.0000;267;262;295;0;0;28
4171;272;0;0;235;247;230;122.0000;134.0000;119.0000;75.0000;7.0000;70.0000;1;0;0;0;0;0;0;81.0000;-2391.0000;92.0000;267;262;295;0;0;28
4181;272;0;0;235;247;230;109.0000;134.0000;119.0000;75.0000;7.0000;70.0000;1;0;0;0;0;0;0;81.0000;-2391.0000;92.0000;267;262;295;0;0;28
4192;272;0;0;235;247;230;109.0000;134.0000;119.0000;75.0000;7.0000;70.0000;1;0;0;0;0;0;0;81.0000;-2391.0000;92.0000;267;262;295;0;0;28
4202;272;0;0;235;247;230;109.0000;-26.0000;88.0000;75.0000;7.0000;70.0000;1;0;0;0;0;0;0;81.0000;-2391.0000;92.0000;267;262;295;0;0;28
4220;272;0;0;235;247;230;109.0000;-26.0000;88.0000;75.0000;7.0000;70.0000;1;0;0;0;0;0;0;81.0000;-2391.0000;92.0000;267;262;295;0;0;28
4230;272;0;0;235;247;230;109.0000;-26.0000;88.0000;75.0000;7.0000;70.0000;1;0;0;0;0;0;0;112.0000;-2391.0000;92.0000;267;262;295;0;0;28
4241;272;0;0;235;247;230;109.0000;-26.0000;88.0000;75.0000;7.0000;70.0000;1;0;0;0;0;0;0;112.0000;-2391.0000;135.0000;267;262;295;0;0;28
4256;272;0;0;235;247;230;109.0000;-26.0000;88.0000;75.0000;7.0000;70.0000;1;0;0;0;0;0;0;112.0000;-2391.0000;135.0000;267;262;295;0;0;28
4266;272;0;0;235;247;230;109.0000;-26.0000;88.0000;75.0000;7.0000;70.0000;1;0;0;0;0;0;0;112.0000;-2391.0000;135.0000;267;262;295;0;0;28
4277;272;0;0;235;247;230;109.0000;-26.0000;88.0000;50.0000;7.0000;70.0000;1;0;0;0;0;0;0;112.0000;-2391.0000;135.0000;267;262;295;0;0;28
4287;272;0;0;235;247;230;112.0000;-26.0000;88.0000;50.0000;7.0000;70.0000;1;0;0;0;0;0;0;112.0000;-2391.0000;135.0000;267;262;295;0;0;4
4298;272;0;0;235;247;230;112.0000;-26.0000;112.0000;50.0000;7.0000;70.0000;1;0;0;0;0;0;0;112.0000;-2391.0000;135.0000;267;262;295;0;0;4
4309;272;0;0;235;247;230;112.0000;134.0000;112.0000;50.0000;7.0000;70.0000;1;0;0;0;0;0;0;112.0000;-2391.0000;135.0000;267;262;295;0;0;4
4319;272;0;0;235;247;230;112.0000;134.0000;112.0000;50.0000;7.0000;70.0000;1;0;0;0;0;0;0;112.0000;-2391.0000;135.0000;267;262;295;0;0;4
4330;272;0;0;235;247;230;112.0000;134.0000;112.0000;50.0000;7.0000;70.0000;1;0;0;0;0;0;0;68.0000;-2391.0000;135.0000;267;262;295;0;0;4
4341;272;0;0;235;247;230;112.0000;134.0000;112.0000;50.0000;7.0000;70.0000;1;0;0;0;0;0;0;68.0000;-2391.0000;125.0000;267;262;295;0;0;4
4351;272;0;0;235;247;230;112.0000;134.0000;112.0000;50.0000;7.0000;70.0000;1;0;0;0;0;0;0;68.0000;-2391.0000;125.0000;267;262;295;0;0;4
4362;272;0;0;235;247;230;112.0000;134.0000;112.0000;50.0000;7.0000;70.0000;1;0;0;0;0;0;0;68.0000;-2391.0000;125.0000;267;262;295;0;0;4
4372;272;0;0;235;247;230;112.0000;134.0000;112.0000;50.0000;7.0000;70.0000;1;0;0;0;0;0;0;68.0000;-2391.0000;125.0000;267;262;295;0;0;4
4383;272;0;0;235;247;230;85.0000;134.0000;112.0000;50.0000;7.0000;70.0000;1;0;0;0;0;0;0;68.0000;-2391.0000;125.0000;267;262;295;0;0;4
4395;272;0;0;235;247;230;85.0000;134.0000;129.0000;50.0000;7.0000;70.0000;1;0;0;0;0;0;0;68.0000;-2391.0000;125.0000;267;262;295;0;0;12
4406;272;0;0;235;247;230;85.0000;40.0000;129.0000;50.0000;7.0000;70.0000;1;0;0;0;0;0;0;68.0000;-2391.0000;125.0000;267;262;295;0;0;12
4416;272;0;0;235;247;230;85.0000;40.0000;129.0000;50.0000;7.0000;70.0000;1;0;0;0;0;0;0;68.0000;-2391.0000;125.0000;267;262;295;0;0;12
4427;272;0;0;235;247;230;85.0000;40.0000;129.0000;50.0000;7.0000;70.0000;1;0;0;0;0;0;0;95.0000;-2391.0000;125.0000;267;262;295;0;0;12
4438;272;0;0;235;247;230;85.0000;40.0000;129.0000;50.0000;7.0000;70.0000;1;0;0;0;0;0;0;95.0000;-2391.0000;122.0000;267;262;295;0;0;12
4448;272;0;0;235;247;230;85.0000;40.0000;129.0000;50.0000;7.0000;70.0000;1;0;0;0;0;0;0;95.0000;-2391.0000;122.0000;267;262;295;0;0;12
4458;272;0;0;235;247;230;85.0000;40.0000;129.0000;50.0000;7.0000;70.0000;1;0;0;0;0;0;0;95.0000;-2391.0000;122.0000;267;262;295;0;0;12
4469;272;0;0;235;247;230;85.0000;40.0000;129.0000;50.0000;7.0000;70.0000;1;0;0;0;0;0;0;95.0000;-2391.0000;122.0000;267;262;295;0;0;12
4479;272;0;0;235;247;230;85.0000;40.0000;129.0000;50.0000;7.0000;70.0000;1;0;0;0;0;0;0;95.0000;-2391.0000;122.0000;267;262;295;0;0;12
4490;272;0;0;235;247;230;82.0000;40.0000;129.0000;50.0000;7.0000;70.0000;1;0;0;0;0;0;0;95.0000;-2391.0000;122.0000;267;262;295;0;0;12
4503;272;0;0;235;247;230;82.0000;40.0000;129.0000;50.0000;7.0000;70.0000;1;0;0;0;0;0;0;95.0000;-2391.0000;122.0000;267;262;295;0;0;28
4513;272;0;0;235;247;230;82.0000;-26.0000;78.0000;50.0000;7.0000;70.0000;1;0;0;0;0;0;0;95.0000;-2391.0000;122.0000;267;262;295;0;0;28
4524;272;0;0;235;247;230;82.0000;-26.0000;78.0000;50.0000;7.0000;70.0000;1;0;0;0;0;0;0;95.0000;-2391.0000;122.0000;267;262;295;0;0;28
4535;272;0;0;235;247;230;82.0000;-26.0000;78.0000;50.0000;7.0000;70.0000;1;0;0;0;0;0;0;128.0000;-2391.0000;72.0000;267;262;295;0;0;28
4550;272;0;0;235;247;230;82.0000;-26.0000;78.0000;50.0000;7.0000;70.0000;1;0;0;0;0;0;0;128.0000;-2391.0000;72.0000;267;262;295;0;0;28
4560;272;0;0;235;247;230;82.0000;-26.0000;78.0000;50.0000;7.0000;70.0000;1;0;0;0;0;0;0;128.0000;-2391.0000;72.0000;267;262;295;0;0;28
4571;272;0;0;235;247;230;82.0000;-26.0000;78.0000;50.0000;7.0000;70.0000;1;0;0;0;0;0;0;128.0000;-2391.0000;72.0000;267;262;295;0;0;28
4583;272;0;0;235;247;230;82.0000;-26.0000;78.0000;50.0000;7.0000;70.0000;1;0;0;0;0;0;0;128.0000;-2391.0000;72.0000;267;262;295;0;0;28
4593;272;0;0;235;247;230;109.0000;-26.0000;78.0000;50.0000;7.0000;70.0000;1;0;0;0;0;0;0;128.0000;-2391.0000;72.0000;267;262;295;0;0;28
4607;272;0;0;235;247;230;109.0000;134.0000;98.0000;50.0000;7.0000;70.0000;1;0;0;0;0;0;0;128.0000;-2391.0000;72.0000;267;262;295;0;0;28
4618;272;0;0;235;247;230;109.0000;134.0000;98.0000;50.0000;7.0000;70.0000;1;0;0;0;0;0;0;128.0000;-2391.0000;72.0000;267;262;295;0;0;28
4629;272;0;0;235;247;230;109.0000;134.0000;98.0000;50.0000;7.0000;70.0000;1;0;0;0;0;0;0;81.0000;-2391.0000;72.0000;267;262;295;0;0;28
4640;272;0;0;235;247;230;109.0000;134.0000;98.0000;50.0000;7.0000;70.0000;1;0;0;0;0;0;0;81.0000;-2391.0000;82.0000;267;262;295;0;0;28
4650;272;0;0;235;247;230;109.0000;134.0000;98.0000;50.0000;7.0000;70.0000;1;0;0;0;0;0;0;81.0000;-2391.0000;82.0000;267;262;295;0;0;28
4661;272;0;0;235;247;230;109.0000;134.0000;98.0000;50.0000;7.0000;70.0000;1;0;0;0;0;0;0;81.0000;-2391.0000;82.0000;267;262;295;0;0;28
4671;272;0;0;235;247;230;109.0000;134.0000;98.0000;50.0000;7.0000;70.0000;1;0;0;0;0;0;0;81.0000;-2391.0000;82.0000;267;262;295;0;0;28
4681;272;0;0;235;247;230;109.0000;134.0000;98.0000;50.0000;7.0000;70.0000;1;0;0;0;0;0;0;81.0000;-2391.0000;82.0000;267;262;295;0;0;28
4692;272;0;0;235;247;230;85.0000;134.0000;98.0000;50.0000;7.0000;70.0000;1;0;0;0;0;0;0;81.0000;-2391.0000;82.0000;267;262;295;0;0;28
4702;272;0;0;235;247;230;85.0000;134.0000;125.0000;50.0000;7.0000;70.0000;1;0;0;0;0;0;0;81.0000;-2391.0000;82.0000;267;262;295;0;0;28
4713;272;0;0;235;247;230;85.0000;-26.0000;125.0000;50.0000;7.0000;70.0000;1;0;0;0;0;0;0;81.0000;-2391.0000;82.0000;267;262;295;0;0;28
4724;272;0;0;235;247;230;85.0000;-26.0000;125.0000;50.0000;7.0000;70.0000;1;0;0;0;0;0;0;81.0000;-2391.0000;82.0000;267;262;295;0;0;28
4734;272;0;0;235;247;230;85.0000;-26.0000;125.0000;50.0000;7.0000;70.0000;1;0;0;0;0;0;0;85.0000;-2391.0000;85.0000;267;262;295;0;0;28
4745;272;0;0;235;247;230;85.0000;-26.0000;125.0000;50.0000;7.0000;70.0000;1;0;0;0;0;0;0;85.0000;-2391.0000;85.0000;267;262;295;0;0;28
4755;272;0;0;235;247;230;85.0000;-26.0000;125.0000;50.0000;7.0000;70.0000;1;0;0;0;0;0;0;85.0000;-2391.0000;85.0000;267;262;295;0;0;28
4765;272;0;0;235;247;230;85.0000;-26.0000;125.0000;50.0000;7.0000;70.0000;1;0;0;0;0;0;0;85.0000;-2391.0000;85.0000;267;262;295;0;0;28
4776;272;0;0;235;247;230;85.0000;-26.0000;125.0000;50.0000;7.0000;70.0000;1;0;0;0;0;0;0;85.0000;-2391.0000;85.0000;267;262;295;0;0;28
4786;272;0;0;235;247;230;79.0000;-26.0000;125.0000;50.0000;7.0000;70.0000;1;0;0;0;0;0;0;85.0000;-2391.0000;85.0000;267;262;295;0;0;28
4797;272;0;0;235;247;230;79.0000;-26.0000;102.0000;50.0000;7.0000;70.0000;1;0;0;0;0;0;0;85.0000;-2391.0000;85.0000;267;262;295;0;0;28
4808;272;0;0;235;247;230;79.0000;161.0000;102.0000;50.0000;7.0000;70.0000;1;0;0;0;0;0;0;85.0000;-2391.0000;85.0000;267;262;295;0;0;28
4818;272;0;0;235;247;230;79.0000;161.0000;102.0000;50.0000;7.0000;70.0000;1;0;0;0;0;0;0;85.0000;-2391.0000;85.0000;267;262;295;0;0;28
4829;272;0;0;235;247;230;79.0000;161.0000;102.0000;50.0000;7.0000;70.0000;1;0;0;0;0;0;0;115.0000;-2391.0000;85.0000;267;262;295;0;0;28
4840;272;0;0;235;247;230;79.0000;161.0000;102.0000;50.0000;7.0000;70.0000;1;0;0;0;0;0;0;115.0000;-2391.0000;129.0000;267;262;295;0;0;28
4851;272;0;0;235;247;230;79.0000;161.0000;102.0000;50.0000;7.0000;70.0000;1;0;0;0;0;0;0;115.0000;-2391.0000;129.0000;267;262;295;0;0;28
4861;272;0;0;235;247;230;79.0000;161.0000;102.0000;50.0000;7.0000;70.0000;1;0;0;0;0;0;0;115.0000;-2391.0000;129.0000;267;262;295;0;0;28
4872;272;0;0;235;247;230;79.0000;161.0000;102.0000;50.0000;7.0000;70.0000;1;0;0;0;0;0;0;115.0000;-2391.0000;129.0000;267;262;295;0;0;28
4882;272;0;0;235;247;230;79.0000;161.0000;102.0000;50.0000;7.0000;70.0000;1;0;0;0;0;0;0;115.0000;-2391.0000;129.0000;267;262;295;0;0;28
4892;272;0;0;235;247;230;99.0000;161.0000;102.0000;50.0000;7.0000;70.0000;1;0;0;0;0;0;0;115.0000;-2391.0000;129.0000;267;262;295;0;0;28
4903;272;0;0;235;247;230;99.0000;161.0000;85.0000;50.0000;7.0000;70.0000;1;0;0;0;0;0;0;115.0000;-2391.0000;129.0000;267;262;295;0;0;28
4913;272;0;0;235;247;230;99.0000;53.0000;85.0000;50.0000;7.0000;70.0000;1;0;0;0;0;0;0;115.0000;-2391.0000;129.0000;267;262;295;0;0;28
4924;272;0;0;235;247;230;99.0000;53.0000;85.0000;50.0000;7.0000;70.0000;1;0;0;0;0;0;0;115.0000;-2391.0000;129.0000;267;262;295;0;0;28
4934;272;0;0;235;247;230;99.0000;53.0000;85.0000;50.0000;7.0000;70.0000;1;0;0;0;0;0;0;132.0000;-2391.0000;132.0000;267;262;295;0;0;28
4945;272;0;0;235;247;230;99.0000;53.0000;85.0000;50.0000;7.0000;70.0000;1;0;0;0;0;0;0;132.0000;-2391.0000;132.0000;267;262;295;0;0;28
4955;272;0;0;235;247;230;99.0000;53.0000;85.0000;50.0000;7.0000;70.0000;1;0;0;0;0;0;0;132.0000;-2391.0000;132.0000;267;262;295;0;0;28
4965;272;0;0;235;247;230;99.0000;53.0000;85.0000;50.0000;7.0000;70.0000;1;0;0;0;0;0;0;132.0000;-2391.0000;132.0000;267;262;295;0;0;28
4976;272;0;0;235;247;230;99.0000;53.0000;85.0000;50.0000;7.0000;70.0000;1;0;0;0;0;0;0;132.0000;-2391.0000;132.0000;267;262;295;0;0;28
4987;272;0;0;235;247;230;99.0000;53.0000;85.0000;50.0000;7.0000;70.0000;1;0;0;0;0;0;0;132.0000;-2391.0000;132.0000;267;262;295;0;0;28
4998;272;0;0;235;247;230;122.0000;53.0000;85.0000;50.0000;7.0000;70.0000;1;0;0;0;0;0;0;132.0000;-2391.0000;132.0000;267;262;295;0;0;28
5009;272;0;0;235;247;230;122.0000;120.0000;105.0000;50.0000;7.0000;70.0000;1;0;0;0;0;0;0;132.0000;-2391.0000;132.0000;267;262;295;0;0;28
5019;272;0;0;235;247;230;122.0000;120.0000;105.0000;50.0000;7.0000;70.0000;1;0;0;0;0;0;0;132.0000;-2391.0000;132.0000;267;262;295;0;0;28
5030;272;0;0;235;247;230;122.0000;120.0000;105.0000;50.0000;7.0000;70.0000;1;0;0;0;0;0;0;75.0000;-2391.0000;132.0000;267;262;295;0;0;28
5040;272;0;0;235;247;230;122.0000;120.0000;105.0000;50.0000;7.0000;70.0000;1;0;0;0;0;0;0;75.0000;-2391.0000;88.0000;267;262;295;0;0;28
5051;272;0;0;235;247;230;122.0000;120.0000;105.0000;50.0000;7.0000;70.0000;1;0;0;0;0;0;0;75.0000;-2391.0000;88.0000;267;262;295;0;0;28
5061;272;0;0;235;247;230;122.0000;120.0000;105.0000;50.0000;7.0000;70.0000;1;0;0;0;0;0;0;75.0000;-2391.0000;88.0000;267;262;295;0;0;28
5072;272;0;0;235;247;230;122.0000;120.0000;105.0000;50.0000;7.0000;70.0000;1;0;0;0;0;0;0;75.0000;-2391.0000;88.0000;267;262;295;0;0;28
5082;272;0;0;235;247;230;122.0000;120.0000;105.0000;50.0000;7.0000;70.0000;1;0;0;0;0;0;0;75.0000;-2391.0000;88.0000;267;262;295;0;0;28
5092;272;0;0;235;247;230;129.0000;120.0000;105.0000;50.0000;7.0000;70.0000;1;0;0;0;0;0;0;75.0000;-2391.0000;88.0000;267;262;295;0;0;28
5103;272;0;0;235;247;230;129.0000;120.0000;132.0000;50.0000;7.0000;70.0000;1;0;0;0;0;0;0;75.0000;-2391.0000;88.0000;267;262;295;0;0;28
5114;272;0;0;235;247;230;129.0000;93.0000;132.0000;50.0000;7.0000;70.0000;1;0;0;0;0;0;0;75.0000;-2391.0000;88.0000;267;262;295;0;0;28
5124;272;0;0;235;247;230;129.0000;93.0000;132.0000;50.0000;7.0000;70.0000;1;0;0;0;0;0;0;75.0000;-2391.0000;88.0000;267;262;295;0;0;28
5135;272;0;0;235;247;230;129.0000;93.0000;132.0000;50.0000;7.0000;70.0000;1;0;0;0;0;0;0;132.0000;-2391.0000;88.0000;267;262;295;0;0;28
5145;272;0;0;235;247;230;129.0000;93.0000;132.0000;50.0000;7.0000;70.0000;1;0;0;0;0;0;0;132.0000;-2391.0000;72.0000;267;262;295;0;0;28
5156;272;0;0;235;247;230;129.0000;93.0000;132.0000;50.0000;7.0000;70.0000;1;0;0;0;0;0;0;132.0000;-2391.0000;72.0000;267;262;295;0;0;28
5166;272;0;0;235;247;230;129.0000;93.0000;132.0000;50.0000;7.0000;70.0000;1;0;0;0;0;0;0;132.0000;-2391.0000;72.0000;267;262;295;0;0;28
5177;272;0;0;235;247;230;129.0000;93.0000;132.0000;50.0000;7.0000;70.0000;1;0;0;0;0;0;0;132.0000;-2391.0000;72.0000;267;262;295;0;0;28
5187;272;0;0;235;247;230;129.0000;93.0000;132.0000;50.0000;7.0000;70.0000;1;0;0;0;0;0;0;132.0000;-2391.0000;72.0000;267;262;295;0;0;28
5198;272;0;0;235;247;230;79.0000;93.0000;132.0000;50.0000;7.0000;70.0000;1;0;0;0;0;0;0;132.0000;-2391.0000;72.0000;267;262;295;0;0;28
5208;272;0;0;235;247;230;79.0000;93.0000;88.0000;50.0000;7.0000;70.0000;1;0;0;0;0;0;0;132.0000;-2391.0000;72.0000;267;262;295;0;0;28
5219;272;0;0;235;247;230;79.0000;134.0000;88.0000;50.0000;7.0000;70.0000;1;0;0;0;0;0;0;132.0000;-2391.0000;72.0000;267;262;295;0;0;24
5230;272;0;0;235;247;230;79.0000;134.0000;88.0000;50.0000;7.0000;70.0000;1;0;0;0;0;0;0;78.0000;-2391.0000;72.0000;267;262;295;0;0;0
5241;272;0;0;235;247;230;79.0000;134.0000;88.0000;50.0000;7.0000;70.0000;1;0;0;0;0;0;0;78.0000;-2391.0000;78.0000;267;262;295;0;0;0
5260;272;0;0;235;247;230;79.0000;134.0000;88.0000;50.0000;7.0000;70.0000;1;0;0;0;0;0;0;78.0000;-2391.0000;78.0000;267;262;295;0;0;0
5270;272;0;0;235;247;230;79.0000;134.0000;88.0000;50.0000;7.0000;70.0000;1;0;0;0;0;0;0;78.0000;-2391.0000;78.0000;267;262;295;0;0;0
5281;272;0;0;235;247;230;79.0000;134.0000;88.0000;30.0000;7.0000;70.0000;1;0;0;0;0;0;0;78.0000;-2391.0000;78.0000;267;262;295;0;0;0
5296;272;0;0;235;247;230;119.0000;134.0000;88.0000;30.0000;7.0000;70.0000;1;0;0;0;0;0;0;78.0000;-2391.0000;78.0000;267;262;295;0;0;0
5307;272;0;0;235;247;230;119.0000;134.0000;132.0000;30.0000;7.0000;70.0000;1;0;0;0;0;0;0;78.0000;-2391.0000;78.0000;267;262;295;0;0;0
5317;272;0;0;235;247;230;119.0000;-26.0000;132.0000;30.0000;7.0000;70.0000;1;0;0;0;0;0;0;78.0000;-2391.0000;78.0000;267;262;295;0;0;0
5330;272;0;0;235;247;230;119.0000;-26.0000;132.0000;30.0000;7.0000;70.0000;1;0;0;0;0;0;0;78.0000;-2391.0000;78.0000;267;262;295;0;0;4
5341;272;0;0;235;247;230;119.0000;-26.0000;132.0000;30.0000;7.0000;70.0000;1;0;0;0;0;0;0;139.0000;-2391.0000;72.0000;267;262;295;0;0;4
5352;272;0;0;235;247;230;119.0000;-26.0000;132.0000;30.0000;7.0000;70.0000;1;0;0;0;0;0;0;139.0000;-2391.0000;72.0000;267;262;295;0;0;4
5362;272;0;0;235;247;230;119.0000;-26.0000;132.0000;30.0000;7.0000;70.0000;1;0;0;0;0;0;0;139.0000;-2391.0000;72.0000;267;262;295;0;0;4
5376;272;0;0;235;247;230;119.0000;-26.0000;132.0000;30.0000;7.0000;70.0000;1;0;0;0;0;0;0;139.0000;-2391.0000;72.0000;267;262;295;0;0;4
5387;272;0;0;235;247;230;119.0000;-26.0000;132.0000;30.0000;7.0000;70.0000;1;0;0;0;0;0;0;139.0000;-2391.0000;72.0000;267;262;295;0;0;4
5402;272;0;0;235;247;230;99.0000;-26.0000;132.0000;30.0000;7.0000;70.0000;1;0;0;0;0;0;0;139.0000;-2391.0000;72.0000;267;262;295;0;0;4
5413;272;0;0;235;247;230;99.0000;-26.0000;125.0000;30.0000;7.0000;70.0000;1;0;0;0;0;0;0;139.0000;-2391.0000;72.0000;267;262;295;0;0;4
5424;272;0;0;235;247;230;99.0000;161.0000;125.0000;30.0000;7.0000;70.0000;1;0;0;0;0;0;0;139.0000;-2391.0000;72.0000;267;262;295;0;0;4
5435;272;0;0;235;247;230;99.0000;161.0000;125.0000;30.0000;7.0000;70.0000;1;0;0;0;0;0;0;128.0000;-2391.0000;72.0000;267;262;295;0;0;4
5446;272;0;0;235;247;230;99.0000;161.0000;125.0000;30.0000;7.0000;70.0000;1;0;0;0;0;0;0;128.0000;-2391.0000;112.0000;267;262;295;0;0;30
5456;272;0;0;235;247;230;99.0000;161.0000;125.0000;30.0000;7.0000;70.0000;1;0;0;0;0;0;0;128.0000;-2391.0000;112.0000;267;262;295;0;0;30
5467;272;0;0;235;247;230;99.0000;161.0000;125.0000;30.0000;7.0000;70.0000;1;0;0;0;0;0;0;128.0000;-2391.0000;112.0000;267;262;295;0;0;30
5477;272;0;0;235;247;230;99.0000;161.0000;125.0000;30.0000;7.0000;70.0000;1;0;0;0;0;0;0;128.0000;-2391.0000;112.0000;267;262;295;0;0;30
5487;272;0;0;235;247;230;99.0000;161.0000;125.0000;30.0000;7.0000;70.0000;1;0;0;0;0;0;0;128.0000;-2391.0000;112.0000;267;262;295;0;0;30
5498;272;0;0;235;247;230;68.0000;161.0000;125.0000;30.0000;7.0000;70.0000;1;0;0;0;0;0;0;128.0000;-2391.0000;112.0000;267;262;295;0;0;30
5508;272;0;0;235;247;230;68.0000;161.0000;102.0000;30.0000;7.0000;70.0000;1;0;0;0;0;0;0;128.0000;-2391.0000;112.0000;267;262;295;0;0;30
5519;272;0;0;235;247;230;68.0000;93.0000;102.0000;30.0000;7.0000;70.0000;1;0;0;0;0;0;0;128.0000;-2391.0000;112.0000;267;262;295;0;0;30
5533;272;0;0;235;247;230;68.0000;93.0000;102.0000;30.0000;7.0000;70.0000;1;0;0;0;0;0;0;128.0000;-2391.0000;112.0000;267;262;295;0;0;30
5545;272;0;0;235;247;230;68.0000;93.0000;102.0000;30.0000;7.0000;70.0000;1;0;0;0;0;0;0;139.0000;-2391.0000;65.0000;267;262;295;0;0;30
5556;272;0;0;235;247;230;68.0000;93.0000;102.0000;30.0000;7.0000;70.0000;1;0;0;0;0;0;0;139.0000;-2391.0000;65.0000;267;262;295;0;0;30
5566;272;0;0;235;247;230;68.0000;93.0000;102.0000;30.0000;7.0000;70.0000;1;0;0;0;0;0;0;139.0000;-2391.0000;65.0000;267;262;295;0;0;30
5577;272;0;0;235;247;230;68.0000;93.0000;102.0000;30.0000;7.0000;70.0000;1;0;0;0;0;0;0;139.0000;-2391.0000;65.0000;267;262;295;0;0;30
5590;272;0;0;235;247;230;68.0000;93.0000;102.0000;30.0000;7.0000;70.0000;1;0;0;0;0;0;0;139.0000;-2391.0000;65.0000;267;262;295;0;0;30
5600;272;0;0;235;247;230;109.0000;93.0000;102.0000;30.0000;7.0000;70.0000;1;0;0;0;0;0;0;139.0000;-2391.0000;65.0000;267;262;295;0;0;30
5611;272;0;0;235;247;230;109.0000;93.0000;135.0000;30.0000;7.0000;70.0000;1;0;0;0;0;0;0;139.0000;-2391.0000;65.0000;267;262;295;0;0;30
5621;272;0;0;235;247;230;109.0000;134.0000;135.0000;30.0000;7.0000;70.0000;1;0;0;0;0;0;0;139.0000;-2391.0000;65.0000;267;262;295;0;0;30
5632;272;0;0;235;247;230;109.0000;134.0000;135.0000;30.0000;7.0000;70.0000;1;0;0;0;0;0;0;139.0000;-2391.0000;65.0000;267;262;295;0;0;30
5642;272;0;0;235;247;230;109.0000;134.0000;135.0000;30.0000;7.0000;70.0000;1;0;0;0;0;0;0;139.0000;-2391.0000;68.0000;267;262;295;0;0;30
5653;272;0;0;235;247;230;109.0000;134.0000;135.0000;30.0000;7.0000;70.0000;1;0;0;0;0;0;0;139.0000;-2391.0000;68.0000;267;262;295;0;0;30
5663;272;0;0;235;247;230;109.0000;134.0000;135.0000;30.0000;7.0000;70.0000;1;0;0;0;0;0;0;139.0000;-2391.0000;68.0000;267;262;295;0;0;30
5674;272;0;0;235;247;230;109.0000;134.0000;135.0000;30.0000;7.0000;70.0000;1;0;0;0;0;0;0;139.0000;-2391.0000;68.0000;267;262;295;0;0;30
5684;272;0;0;235;247;230;109.0000;134.0000;135.0000;30.0000;7.0000;70.0000;1;0;0;0;0;0;0;139.0000;-2391.0000;68.0000;267;262;295;0;0;30
5694;272;0;0;235;247;230;112.0000;134.0000;135.0000;30.0000;7.0000;70.0000;1;0;0;0;0;0;1;139.0000;-2391.0000;68.0000;267;262;295;0;0;30
5705;272;0;0;235;247;230;112.0000;134.0000;135.0000;30.0000;7.0000;70.0000;1;0;0;0;0;0;1;139.0000;-2391.0000;68.0000;267;262;295;0;0;30
5715;272;0;0;235;247;230;112.0000;-13.0000;85.0000;30.0000;7.0000;70.0000;1;0;0;0;0;0;1;139.0000;-2391.0000;68.0000;267;262;295;0;0;30
5726;272;0;0;235;247;230;112.0000;-13.0000;85.0000;30.0000;7.0000;70.0000;1;0;0;0;0;0;1;139.0000;-2391.0000;68.0000;267;262;295;0;0;30
5737;272;0;0;235;247;230;112.0000;-13.0000;85.0000;30.0000;7.0000;70.0000;1;0;0;0;0;0;1;139.0000;-2391.0000;68.0000;267;262;295;0;0;30
5747;272;0;0;235;247;230;112.0000;-13.0000;85.0000;30.0000;7.0000;70.0000;1;0;0;0;0;0;1;112.0000;-2391.0000;102.0000;267;262;295;0;0;30
5758;272;0;0;235;247;230;112.0000;-13.0000;85.0000;30.0000;7.0000;70.0000;1;0;0;0;0;0;1;112.0000;-2391.0000;102.0000;267;262;295;0;0;30
5768;272;0;0;235;247;230;112.0000;-13.0000;85.0000;30.0000;7.0000;70.0000;1;0;0;0;0;0;1;112.0000;-2391.0000;102.0000;267;262;295;0;0;30
5778;272;0;0;235;247;230;112.0000;-13.0000;85.0000;30.0000;7.0000;70.0000;1;0;0;0;0;0;1;112.0000;-2391.0000;102.0000;267;262;295;0;0;30
5789;272;0;0;235;247;230;112.0000;-13.0000;85.0000;30.0000;7.0000;70.0000;1;0;0;0;0;0;1;112.0000;-2391.0000;102.0000;267;262;295;0;0;30
5799;272;0;0;235;247;230;122.0000;-13.0000;85.0000;30.0000;7.0000;70.0000;1;0;0;0;0;0;1;112.0000;-2391.0000;102.0000;267;262;295;0;0;30
5810;272;0;0;235;247;230;122.0000;-13.0000;85.0000;30.0000;7.0000;70.0000;1;0;0;0;0;0;1;112.0000;-2391.0000;102.0000;267;262;295;0;0;30
5821;272;0;0;235;247;230;122.0000;67.0000;85.0000;30.0000;7.0000;70.0000;1;0;0;0;0;0;1;112.0000;-2391.0000;102.0000;267;262;295;0;0;30
5831;272;0;0;235;247;230;122.0000;67.0000;85.0000;30.0000;7.0000;70.0000;1;0;0;0;0;0;1;112.0000;-2391.0000;102.0000;267;262;295;0;0;30
5842;272;0;0;235;247;230;122.0000;67.0000;85.0000;30.0000;7.0000;70.0000;1;0;0;0;0;0;1;71.0000;-2391.0000;129.0000;267;262;295;0;0;30
5854;272;0;0;235;247;230;122.0000;67.0000;85.0000;30.0000;7.0000;70.0000;1;0;0;0;0;0;1;71.0000;-2391.0000;129.0000;267;262;295;0;0;30
5864;272;0;0;235;247;230;122.0000;67.0000;85.0000;30.0000;7.0000;70.0000;1;0;0;0;0;0;1;71.0000;-2391.0000;129.0000;267;262;295;0;0;30
5875;272;0;0;235;247;230;122.0000;67.0000;85.0000;30.0000;7.0000;70.0000;1;0;0;0;0;0;1;71.0000;-2391.0000;129.0000;267;262;295;0;0;30
5885;272;0;0;235;247;230;122.0000;67.0000;85.0000;30.0000;7.0000;70.0000;1;0;0;0;0;0;1;71.0000;-2391.0000;129.0000;267;262;295;0;0;30
5896;272;0;0;235;247;230;99.0000;67.0000;85.0000;30.0000;7.0000;70.0000;1;0;0;0;0;0;1;71.0000;-2391.0000;129.0000;267;262;295;0;0;30
5908;272;0;0;235;247;230;99.0000;67.0000;85.0000;30.0000;7.0000;70.0000;1;0;0;0;0;0;1;71.0000;-2391.0000;129.0000;267;262;295;0;0;30
5918;272;0;0;235;247;230;99.0000;161.0000;135.0000;30.0000;7.0000;70.0000;1;0;0;0;0;0;1;71.0000;-2391.0000;129.0000;267;262;295;0;0;30
5929;272;0;0;235;247;230;99.0000;161.0000;135.0000;30.0000;7.0000;70.0000;1;0;0;0;0;0;1;71.0000;-2391.0000;129.0000;267;262;295;0;0;30
5940;272;0;0;235;247;230;99.0000;161.0000;135.0000;30.0000;7.0000;70.0000;1;0;0;0;0;0;1;108.0000;-2391.0000;129.0000;267;262;295;0;0;30
5954;272;0;0;235;247;230;99.0000;161.0000;135.0000;30.0000;7.0000;70.0000;1;0;0;0;0;0;1;108.0000;-2391.0000;72.0000;267;262;295;0;0;30
5964;272;0;0;235;247;230;99.0000;161.0000;135.0000;30.0000;7.0000;70.0000;1;0;0;0;0;0;1;108.0000;-2391.0000;72.0000;267;262;295;0;0;30
5975;272;0;0;235;247;230;99.0000;161.0000;135.0000;30.0000;7.0000;70.0000;1;0;0;0;0;0;1;108.0000;-2391.0000;72.0000;267;262;295;0;0;30
5985;272;0;0;235;247;230;99.0000;161.0000;135.0000;30.0000;7.0000;70.0000;1;0;0;0;0;0;1;108.0000;-2391.0000;72.0000;267;262;295;0;0;30
5996;272;0;0;235;247;230;99.0000;161.0000;135.0000;30.0000;7.0000;70.0000;1;0;0;0;0;0;1;108.0000;-2391.0000;72.0000;267;262;295;0;0;30
6006;272;0;0;235;247;230;99.0000;161.0000;135.0000;30.0000;7.0000;70.0000;1;0;0;0;0;0;1;108.0000;-2391.0000;72.0000;267;262;295;0;0;30
6017;272;0;0;235;247;230;99.0000;13.0000;92.0000;30.0000;7.0000;70.0000;1;0;0;0;0;0;1;108.0000;-2391.0000;72.0000;267;262;295;0;0;30
6028;272;0;0;235;247;230;99.0000;13.0000;92.0000;30.0000;7.0000;70.0000;1;0;0;0;0;0;1;108.0000;-2391.0000;72.0000;267;262;295;0;0;30
6038;272;0;0;235;247;230;99.0000;13.0000;92.0000;30.0000;7.0000;70.0000;1;0;0;0;0;0;1;108.0000;-2391.0000;72.0000;267;262;295;0;0;30
6050;272;0;0;235;247;230;99.0000;13.0000;92.0000;30.0000;7.0000;70.0000;1;0;0;0;0;0;1;108.0000;-2391.0000;112.0000;267;262;295;0;0;30
6061;272;0;0;235;247;230;99.0000;13.0000;92.0000;30.0000;7.0000;70.0000;1;0;0;0;0;0;1;108.0000;-2391.0000;112.0000;267;262;295;0;0;30
6071;272;0;0;235;247;230;99.0000;13.0000;92.0000;30.0000;7.0000;70.0000;1;0;0;0;0;0;1;108.0000;-2391.0000;112.0000;267;262;295;0;0;30
6082;272;0;0;235;247;230;99.0000;13.0000;92.0000;30.0000;7.0000;70.0000;1;0;0;0;0;0;1;108.0000;-2391.0000;112.0000;267;262;295;0;0;30
6092;272;0;0;235;247;230;99.0000;13.0000;92.0000;30.0000;7.0000;70.0000;1;0;0;0;0;0;1;108.0000;-2391.0000;112.0000;267;262;295;0;0;30
6103;272;0;0;235;247;230;126.0000;13.0000;92.0000;30.0000;7.0000;70.0000;1;0;0;0;0;0;1;108.0000;-2391.0000;112.0000;267;262;295;0;0;30
6116;272;0;0;235;247;230;126.0000;13.0000;108.0000;30.0000;7.0000;70.0000;1;0;0;0;0;0;1;108.0000;-2391.0000;112.0000;267;262;295;0;0;30
6127;272;0;0;235;247;230;126.0000;161.0000;108.0000;30.0000;7.0000;70.0000;1;0;0;0;0;0;1;108.0000;-2391.0000;112.0000;267;262;295;0;0;30
6137;272;0;0;235;247;230;126.0000;161.0000;108.0000;30.0000;7.0000;70.0000;1;0;0;0;0;0;1;108.0000;-2391.0000;112.0000;267;262;295;0;0;30
6147;272;0;0;235;247;230;126.0000;161.0000;108.0000;30.0000;7.0000;70.0000;1;0;0;0;0;0;1;92.0000;-2391.0000;119.0000;267;262;295;0;0;30
6158;272;0;0;235;247;230;126.0000;161.0000;108.0000;30.0000;7.0000;70.0000;1;0;0;0;0;0;1;92.0000;-2391.0000;119.0000;267;262;295;0;0;30
6168;272;0;0;235;247;230;126.0000;161.0000;108.0000;30.0000;7.0000;70.0000;1;0;0;0;0;0;1;92.0000;-2391.0000;119.0000;267;262;295;0;0;30
6179;272;0;0;235;247;230;126.0000;161.0000;108.0000;30.0000;7.0000;70.0000;1;0;0;0;0;0;1;92.0000;-2391.0000;119.0000;267;262;295;0;0;30
6189;272;0;0;235;247;230;126.0000;161.0000;108.0000;30.0000;7.0000;70.0000;1;0;0;0;0;0;1;92.0000;-2391.0000;119.0000;267;262;295;0;0;30
6200;272;0;0;235;247;230;126.0000;161.0000;108.0000;30.0000;7.0000;70.0000;1;0;0;0;0;0;1;92.0000;-2391.0000;119.0000;267;262;295;0;0;30
6210;272;0;0;235;247;230;89.0000;161.0000;108.0000;30.0000;7.0000;70.0000;1;0;0;0;0;0;1;92.0000;-2391.0000;119.0000;267;262;295;0;0;30
6222;272;0;0;235;247;230;89.0000;161.0000;115.0000;30.0000;7.0000;70.0000;1;0;0;0;0;0;1;92.0000;-2391.0000;119.0000;267;262;295;0;0;30
6232;272;0;0;235;247;230;89.0000;147.0000;115.0000;30.0000;7.0000;70.0000;1;0;0;0;0;0;1;92.0000;-2391.0000;119.0000;267;262;295;0;0;30
6244;272;0;0;235;247;230;89.0000;147.0000;115.0000;30.0000;7.0000;70.0000;1;0;0;0;0;0;1;92.0000;-2391.0000;119.0000;267;262;295;0;0;30
6254;272;0;0;235;247;230;89.0000;147.0000;115.0000;30.0000;7.0000;70.0000;1;0;0;0;0;0;1;98.0000;-2391.0000;68.0000;267;262;295;0;0;30
6266;272;0;0;235;247;230;89.0000;147.0000;115.0000;30.0000;7.0000;70.0000;1;0;0;0;0;0;1;98.0000;-2391.0000;68.0000;267;262;295;0;0;30
6277;272;0;0;235;247;230;89.0000;147.0000;115.0000;30.0000;7.0000;70.0000;1;0;0;0;0;0;1;98.0000;-2391.0000;68.0000;267;262;295;0;0;4
6287;272;0;0;235;247;230;89.0000;147.0000;115.0000;33.0000;7.0000;70.0000;1;0;0;0;0;0;1;98.0000;-2391.0000;68.0000;267;262;295;0;0;4
6298;272;0;0;235;247;230;89.0000;147.0000;115.0000;33.0000;7.0000;70.0000;1;0;0;0;0;0;1;98.0000;-2391.0000;68.0000;267;262;295;0;0;4
6308;272;0;0;235;247;230;119.0000;147.0000;115.0000;33.0000;7.0000;70.0000;1;0;0;0;0;0;1;98.0000;-2391.0000;68.0000;267;262;295;0;0;4
6318;272;0;0;235;247;230;119.0000;147.0000;132.0000;33.0000;7.0000;70.0000;1;0;0;0;0;0;1;98.0000;-2391.0000;68.0000;267;262;295;0;0;4
6329;272;0;0;235;247;230;119.0000;26.0000;132.0000;33.0000;7.0000;70.0000;1;0;0;0;0;0;1;98.0000;-2391.0000;68.0000;267;262;295;0;0;4
6339;272;0;0;235;247;230;119.0000;26.0000;132.0000;33.0000;7.0000;70.0000;1;0;0;0;0;0;1;98.0000;-2391.0000;68.0000;267;262;295;0;0;4
6350;272;0;0;235;247;230;119.0000;26.0000;132.0000;33.0000;7.0000;70.0000;1;0;0;0;0;0;1;85.0000;-2391.0000;78.0000;267;262;295;0;0;4
6361;272;0;0;235;247;230;119.0000;26.0000;132.0000;33.0000;7.0000;70.0000;1;0;0;0;0;0;1;85.0000;-2391.0000;78.0000;267;262;295;0;0;4
6372;272;0;0;235;247;230;119.0000;26.0000;132.0000;33.0000;7.0000;70.0000;1;0;0;0;0;0;1;85.0000;-2391.0000;78.0000;267;262;295;0;0;4
6382;272;0;0;235;247;230;119.0000;26.0000;132.0000;33.0000;7.0000;70.0000;1;0;0;0;0;0;1;85.0000;-2391.0000;78.0000;267;262;295;0;0;4
6393;272;0;0;235;247;230;119.0000;26.0000;132.0000;33.0000;7.0000;70.0000;1;0;0;0;0;0;1;85.0000;-2391.0000;78.0000;267;262;295;0;0;4
6405;272;0;0;235;247;230;119.0000;26.0000;132.0000;33.0000;7.0000;70.0000;1;0;0;0;0;0;1;85.0000;-2391.0000;78.0000;267;262;295;0;0;4
6416;272;0;0;235;247;230;119.0000;26.0000;122.0000;33.0000;7.0000;70.0000;1;0;0;0;0;0;1;85.0000;-2391.0000;78.0000;267;262;295;0;0;4
6428;272;0;0;235;247;230;119.0000;-13.0000;122.0000;33.0000;7.0000;70.0000;1;0;0;0;0;0;1;85.0000;-2391.0000;78.0000;267;262;295;0;0;4
6438;272;0;0;235;247;230;119.0000;-13.0000;122.0000;33.0000;7.0000;70.0000;1;0;0;0;0;0;1;85.0000;-2391.0000;78.0000;267;262;295;0;0;4
6449;272;0;0;235;247;230;119.0000;-13.0000;122.0000;33.0000;7.0000;70.0000;1;0;0;0;0;0;1;135.0000;-2391.0000;129.0000;267;262;295;0;0;4
6459;272;0;0;235;247;230;119.0000;-13.0000;122.0000;33.0000;7.0000;70.0000;1;0;0;0;0;0;1;135.0000;-2391.0000;129.0000;267;262;295;0;0;4
6470;272;0;0;235;247;230;119.0000;-13.0000;122.0000;33.0000;7.0000;70.0000;1;0;0;0;0;0;1;135.0000;-2391.0000;129.0000;267;262;295;0;0;4
6481;272;0;0;235;247;230;119.0000;-13.0000;122.0000;33.0000;7.0000;70.0000;1;0;0;0;0;0;1;135.0000;-2391.0000;129.0000;267;262;295;0;0;30
6491;272;0;0;235;247;230;119.0000;-13.0000;122.0000;33.0000;7.0000;70.0000;1;0;0;0;0;0;1;135.0000;-2391.0000;129.0000;267;262;295;0;0;30
6502;272;0;0;235;247;230;119.0000;-13.0000;122.0000;33.0000;7.0000;70.0000;1;0;0;0;0;0;1;135.0000;-2391.0000;129.0000;267;262;295;0;0;30
6512;272;0;0;235;247;230;115.0000;-13.0000;122.0000;33.0000;7.0000;70.0000;1;0;0;0;0;0;1;135.0000;-2391.0000;129.0000;267;262;295;0;0;30
6523;272;0;0;235;247;230;115.0000;-13.0000;119.0000;33.0000;7.0000;70.0000;1;0;0;0;0;0;1;135.0000;-2391.0000;129.0000;267;262;295;0;0;30
6534;272;0;0;235;247;230;115.0000;93.0000;119.0000;33.0000;7.0000;70.0000;1;0;0;0;0;0;1;135.0000;-2391.0000;129.0000;267;262;295;0;0;30
6544;272;0;0;235;247;230;115.0000;93.0000;119.0000;33.0000;7.0000;70.0000;1;0;0;0;0;0;1;81.0000;-2391.0000;129.0000;267;262;295;0;0;30
6556;272;0;0;235;247;230;115.0000;93.0000;119.0000;33.0000;7.0000;70.0000;1;0;0;0;0;0;1;81.0000;-2391.0000;75.0000;267;262;295;0;0;30
6567;272;0;0;235;247;230;115.0000;93.0000;119.0000;33.0000;7.0000;70.0000;1;0;0;0;0;0;1;81.0000;-2391.0000;75.0000;267;262;295;0;0;30
6577;272;0;0;235;247;230;115.0000;93.0000;119.0000;33.0000;7.0000;70.0000;1;0;0;0;0;0;1;81.0000;-2391.0000;75.0000;267;262;295;0;0;30
6587;272;0;0;235;247;230;115.0000;93.0000;119.0000;33.0000;7.0000;70.0000;1;0;0;0;0;0;1;81.0000;-2391.0000;75.0000;267;262;295;0;0;30
6598;272;0;0;235;247;230;115.0000;93.0000;119.0000;33.0000;7.0000;70.0000;1;0;0;0;0;0;1;81.0000;-2391.0000;75.0000;267;262;295;0;0;30
6608;272;0;0;235;247;230;95.0000;93.0000;119.0000;33.0000;7.0000;70.0000;1;0;0;0;0;0;1;81.0000;-2391.0000;75.0000;267;262;295;0;0;30
6619;272;0;0;235;247;230;95.0000;93.0000;119.0000;33.0000;7.0000;70.0000;1;0;0;0;0;0;1;81.0000;-2391.0000;75.0000;267;262;295;0;0;30
6630;272;0;0;235;247;230;95.0000;40.0000;119.0000;33.0000;7.0000;70.0000;1;0;0;0;0;0;1;81.0000;-2391.0000;75.0000;267;262;295;0;0;30
6641;272;0;0;235;247;230;95.0000;40.0000;119.0000;33.0000;7.0000;70.0000;1;0;0;0;0;0;1;81.0000;-2391.0000;75.0000;267;262;295;0;0;30
6651;272;0;0;235;247;230;95.0000;40.0000;119.0000;33.0000;7.0000;70.0000;1;0;0;0;0;0;1;78.0000;-2391.0000;92.0000;267;262;295;0;0;30
6662;272;0;0;235;247;230;95.0000;40.0000;119.0000;33.0000;7.0000;70.0000;1;0;0;0;0;0;1;78.0000;-2391.0000;92.0000;267;262;295;0;0;30
6672;272;0;0;235;247;230;95.0000;40.0000;119.0000;33.0000;7.0000;70.0000;1;0;0;0;0;0;1;78.0000;-2391.0000;92.0000;267;262;295;0;0;30
6683;272;0;0;235;247;230;95.0000;40.0000;119.0000;33.0000;7.0000;70.0000;1;0;0;0;0;0;1;78.0000;-2391.0000;92.0000;267;262;295;0;0;30
6693;272;0;0;235;247;230;95.0000;40.0000;119.0000;33.0000;7.0000;70.0000;1;0;0;0;0;0;1;78.0000;-2391.0000;92.0000;267;262;295;0;0;30
6704;272;0;0;235;247;230;95.0000;40.0000;119.0000;33.0000;7.0000;70.0000;1;0;0;0;0;0;1;78.0000;-2391.0000;92.0000;267;262;295;0;0;30
6715;272;0;0;235;247;230;122.0000;40.0000;119.0000;33.0000;7.0000;70.0000;1;0;0;0;0;0;1;78.0000;-2391.0000;92.0000;267;262;295;0;0;30
6725;272;0;0;235;247;230;122.0000;40.0000;102.0000;33.0000;7.0000;70.0000;1;0;0;0;0;0;1;78.0000;-2391.0000;92.0000;267;262;295;0;0;30
6736;272;0;0;235;247;230;122.0000;147.0000;102.0000;33.0000;7.0000;70.0000;1;0;0;0;0;0;1;78.0000;-2391.0000;92.0000;267;262;295;0;0;30
6746;272;0;0;235;247;230;122.0000;147.0000;102.0000;33.0000;7.0000;70.0000;1;0;0;0;0;0;1;78.0000;-2391.0000;92.0000;267;262;295;0;0;30
6757;272;0;0;235;247;230;122.0000;147.0000;102.0000;33.0000;7.0000;70.0000;1;0;0;0;0;0;1;65.0000;-2391.0000;135.0000;267;262;295;0;0;30
6767;272;0;0;235;247;230;122.0000;147.0000;102.0000;33.0000;7.0000;70.0000;1;0;0;0;0;0;1;65.0000;-2391.0000;135.0000;267;262;295;0;0;30
6777;272;0;0;235;247;230;122.0000;147.0000;102.0000;33.0000;7.0000;70.0000;1;0;0;0;0;0;1;65.0000;-2391.0000;135.0000;267;262;295;0;0;30
6788;272;0;0;235;247;230;122.0000;147.0000;102.0000;33.0000;7.0000;70.0000;1;0;0;0;0;0;1;65.0000;-2391.0000;135.0000;267;262;295;0;0;30
6800;272;0;0;235;247;230;122.0000;147.0000;102.0000;33.0000;7.0000;70.0000;1;0;0;0;0;0;1;65.0000;-2391.0000;135.0000;267;262;295;0;0;30
6810;272;0;0;235;247;230;109.0000;147.0000;102.0000;33.0000;7.0000;70.0000;1;0;0;0;0;0;1;65.0000;-2391.0000;135.0000;267;262;295;0;0;30
6821;272;0;0;235;247;230;109.0000;147.0000;102.0000;33.0000;7.0000;70.0000;1;0;0;0;0;0;1;65.0000;-2391.0000;135.0000;267;262;295;0;0;30
6837;272;0;0;235;247;230;109.0000;26.0000;105.0000;33.0000;7.0000;70.0000;1;0;0;0;0;0;1;65.0000;-2391.0000;135.0000;267;262;295;0;0;30
6848;272;0;0;235;247;230;109.0000;26.0000;105.0000;33.0000;7.0000;70.0000;1;0;0;0;0;0;1;65.0000;-2391.0000;135.0000;267;262;295;0;0;30
6858;272;0;0;235;247;230;109.0000;26.0000;105.0000;33.0000;7.0000;70.0000;1;0;0;0;0;0;1;71.0000;-2391.0000;119.0000;267;262;295;0;0;30
6869;272;0;0;235;247;230;109.0000;26.0000;105.0000;33.0000;7.0000;70.0000;1;0;0;0;0;0;1;71.0000;-2391.0000;119.0000;267;262;295;0;0;30
6879;272;0;0;235;247;230;109.0000;26.0000;105.0000;33.0000;7.0000;70.0000;1;0;0;0;0;0;1;71.0000;-2391.0000;119.0000;267;262;295;0;0;30
6890;272;0;0;235;247;230;109.0000;26.0000;105.0000;33.0000;7.0000;70.0000;1;0;0;0;0;0;1;71.0000;-2391.0000;119.0000;267;262;295;0;0;30
6900;272;0;0;235;247;230;109.0000;26.0000;105.0000;33.0000;7.0000;70.0000;1;0;0;0;0;0;1;71.0000;-2391.0000;119.0000;267;262;295;0;0;30
6910;272;0;0;235;247;230;95.0000;26.0000;105.0000;33.0000;7.0000;70.0000;1;0;0;0;0;0;1;71.0000;-2391.0000;119.0000;267;262;295;0;0;30
6921;272;0;0;235;247;230;95.0000;26.0000;105.0000;33.0000;7.0000;70.0000;1;0;0;0;0;0;1;71.0000;-2391.0000;119.0000;267;262;295;0;0;30
6932;272;0;0;235;247;230;95.0000;120.0000;92.0000;33.0000;7.0000;70.0000;1;0;0;0;0;0;1;71.0000;-2391.0000;119.0000;267;262;295;0;0;30
6944;272;0;0;235;247;230;95.0000;120.0000;92.0000;33.0000;7.0000;70.0000;1;0;0;0;0;0;1;71.0000;-2391.0000;119.0000;267;262;295;0;0;30
6954;272;0;0;235;247;230;95.0000;120.0000;92.0000;33.0000;7.0000;70.0000;1;0;0;0;0;0;1;132.0000;-2391.0000;65.0000;267;262;295;0;0;30
6965;272;0;0;235;247;230;95.0000;120.0000;92.0000;33.0000;7.0000;70.0000;1;0;0;0;0;0;1;132.0000;-2391.0000;65.0000;267;262;295;0;0;30
6975;272;0;0;235;247;230;95.0000;120.0000;92.0000;33.0000;7.0000;70.0000;1;0;0;0;0;0;1;132.0000;-2391.0000;65.0000;267;262;295;0;0;30
6985;272;0;0;235;247;230;95.0000;120.0000;92.0000;33.0000;7.0000;70.0000;1;0;0;0;0;0;1;132.0000;-2391.0000;65.0000;267;262;295;0;0;30
6996;272;0;0;235;247;230;95.0000;120.0000;92.0000;33.0000;7.0000;70.0000;1;0;0;0;0;0;1;132.0000;-2391.0000;65.0000;267;262;295;0;0;30
7006;272;0;0;235;247;230;95.0000;120.0000;92.0000;33.0000;7.0000;70.0000;1;0;0;0;0;0;1;132.0000;-2391.0000;65.0000;267;262;295;0;0;30
7017;272;0;0;235;247;230;109.0000;120.0000;92.0000;33.0000;7.0000;70.0000;1;0;0;0;0;0;1;132.0000;-2391.0000;65.0000;267;262;295;0;0;30
7027;272;0;0;235;247;230;109.0000;120.0000;132.0000;33.0000;7.0000;70.0000;1;0;0;0;0;0;1;132.0000;-2391.0000;65.0000;267;262;295;0;0;30
7038;272;0;0;235;247;230;109.0000;147.0000;132.0000;33.0000;7.0000;70.0000;1;0;0;0;0;0;1;132.0000;-2391.0000;65.0000;267;262;295;0;0;30
7048;272;0;0;235;247;230;109.0000;147.0000;132.0000;33.0000;7.0000;70.0000;1;0;0;0;0;0;1;132.0000;-2391.0000;65.0000;267;262;295;0;0;30
7059;272;0;0;235;247;230;109.0000;147.0000;132.0000;33.0000;7.0000;70.0000;1;0;0;0;0;0;1;75.0000;-2391.0000;119.0000;267;262;295;0;0;30
7069;272;0;0;235;247;230;109.0000;147.0000;132.0000;33.0000;7.0000;70.0000;1;0;0;0;0;0;1;75.0000;-2391.0000;119.0000;267;262;295;0;0;30
7080;272;0;0;235;247;230;109.0000;147.0000;132.0000;33.0000;7.0000;70.0000;1;0;0;0;0;0;1;75.0000;-2391.0000;119.0000;267;262;295;0;0;30
7090;272;0;0;235;247;230;109.0000;147.0000;132.0000;33.0000;7.0000;70.0000;1;0;0;0;0;0;1;75.0000;-2391.0000;119.0000;267;262;295;0;0;30
7101;272;0;0;235;247;230;109.0000;147.0000;132.0000;33.0000;7.0000;70.0000;1;0;0;0;0;0;1;75.0000;-2391.0000;119.0000;267;262;295;0;0;30
7111;272;0;0;235;247;230;109.0000;147.0000;132.0000;33.0000;7.0000;70.0000;1;0;0;0;0;0;1;75.0000;-2391.0000;119.0000;267;262;295;0;0;30
7122;272;0;0;235;247;230;109.0000;147.0000;132.0000;33.0000;7.0000;70.0000;1;0;0;0;0;0;1;75.0000;-2391.0000;119.0000;267;262;295;0;0;30
7133;272;0;0;235;247;230;109.0000;80.0000;139.0000;33.0000;7.0000;70.0000;1;0;0;0;0;0;1;75.0000;-2391.0000;119.0000;267;262;295;0;0;30
7145;272;0;0;235;247;230;109.0000;80.0000;139.0000;33.0000;7.0000;70.0000;1;0;0;0;0;0;1;75.0000;-2391.0000;119.0000;267;262;295;0;0;30
7155;272;0;0;235;247;230;109.0000;80.0000;139.0000;33.0000;7.0000;70.0000;1;0;0;0;0;0;1;132.0000;-2391.0000;65.0000;267;262;295;0;0;30
7166;272;0;0;235;247;230;109.0000;80.0000;139.0000;33.0000;7.0000;70.0000;1;0;0;0;0;0;1;132.0000;-2391.0000;65.0000;267;262;295;0;0;30
7176;272;0;0;235;247;230;109.0000;80.0000;139.0000;33.0000;7.0000;70.0000;1;0;0;0;0;0;1;132.0000;-2391.0000;65.0000;267;262;295;0;0;30
7187;272;0;0;235;247;230;109.0000;80.0000;139.0000;33.0000;7.0000;70.0000;1;0;0;0;0;0;1;132.0000;-2391.0000;65.0000;267;262;295;0;0;30
7197;272;0;0;235;247;230;109.0000;80.0000;139.0000;33.0000;7.0000;70.0000;1;0;0;0;0;0;1;132.0000;-2391.0000;65.0000;267;262;295;0;0;30
7208;272;0;0;235;247;230;109.0000;80.0000;139.0000;33.0000;7.0000;70.0000;1;0;0;0;0;0;1;132.0000;-2391.0000;65.0000;267;262;295;0;0;30
7218;272;0;0;235;247;230;89.0000;80.0000;139.0000;33.0000;7.0000;70.0000;1;0;0;0;0;0;1;132.0000;-2391.0000;65.0000;267;262;295;0;0;30
7229;272;0;0;235;247;230;89.0000;80.0000;122.0000;33.0000;7.0000;70.0000;1;0;0;0;0;0;1;132.0000;-2391.0000;65.0000;267;262;295;0;0;30
7239;272;0;0;235;247;230;89.0000;120.0000;122.0000;33.0000;7.0000;70.0000;1;0;0;0;0;0;1;132.0000;-2391.0000;65.0000;267;262;295;0;0;30
7250;272;0;0;235;247;230;89.0000;120.0000;122.0000;33.0000;7.0000;70.0000;1;0;0;0;0;0;1;132.0000;-2391.0000;65.0000;267;262;295;0;0;30
7260;272;0;0;235;247;230;89.0000;120.0000;122.0000;33.0000;7.0000;70.0000;1;0;0;0;0;0;1;132.0000;-2391.0000;132.0000;267;262;295;0;0;30
7271;272;0;0;235;247;230;89.0000;120.0000;122.0000;33.0000;7.0000;70.0000;1;0;0;0;0;0;1;132.0000;-2391.0000;132.0000;267;262;295;0;0;30
7281;272;0;0;235;247;230;89.0000;120.0000;122.0000;33.0000;7.0000;70.0000;1;0;0;0;0;0;1;132.0000;-2391.0000;132.0000;267;262;295;0;0;30
7292;272;0;0;235;247;230;89.0000;120.0000;122.0000;20.0000;7.0000;70.0000;1;0;0;0;0;0;1;132.0000;-2391.0000;132.0000;267;262;295;0;0;30
7302;272;0;0;235;247;230;89.0000;120.0000;122.0000;20.0000;7.0000;70.0000;1;0;0;0;0;0;1;132.0000;-2391.0000;132.0000;267;262;295;0;0;4
7313;272;0;0;235;247;230;126.0000;120.0000;122.0000;20.0000;7.0000;70.0000;1;0;0;0;0;0;1;132.0000;-2391.0000;132.0000;267;262;295;0;0;4
7323;272;0;0;235;247;230;126.0000;120.0000;122.0000;20.0000;7.0000;70.0000;1;0;0;0;0;0;1;132.0000;-2391.0000;132.0000;267;262;295;0;0;4
7334;272;0;0;235;247;230;126.0000;80.0000;108.0000;20.0000;7.0000;70.0000;1;0;0;0;0;0;1;132.0000;-2391.0000;132.0000;267;262;295;0;0;4
7347;272;0;0;235;247;230;126.0000;80.0000;108.0000;20.0000;7.0000;70.0000;1;0;0;0;0;0;1;132.0000;-2391.0000;132.0000;267;262;295;0;0;4
7358;272;0;0;235;247;230;126.0000;80.0000;108.0000;20.0000;7.0000;70.0000;1;0;0;0;0;0;1;132.0000;-2391.0000;132.0000;267;262;295;0;0;4
7369;272;0;0;235;247;230;126.0000;80.0000;108.0000;20.0000;7.0000;70.0000;1;0;0;0;0;0;1;142.0000;-2391.0000;72.0000;267;262;295;0;0;4
7381;272;0;0;235;247;230;126.0000;80.0000;108.0000;20.0000;7.0000;70.0000;1;0;0;0;0;0;1;142.0000;-2391.0000;72.0000;267;262;295;0;0;4
7405;272;0;0;235;247;230;126.0000;80.0000;108.0000;20.0000;7.0000;70.0000;1;0;0;0;0;0;1;142.0000;-2391.0000;72.0000;267;262;295;0;0;4
7416;272;0;0;235;247;230;126.0000;80.0000;108.0000;20.0000;7.0000;70.0000;1;0;0;0;0;0;1;142.0000;-2391.0000;72.0000;267;262;295;0;0;4
7427;272;0;0;235;247;230;102.0000;80.0000;108.0000;20.0000;7.0000;70.0000;1;0;0;0;0;0;1;142.0000;-2391.0000;72.0000;267;262;295;0;0;4
7438;272;0;0;235;247;230;102.0000;147.0000;115.0000;20.0000;7.0000;70.0000;1;0;0;0;0;0;1;142.0000;-2391.0000;72.0000;267;262;295;0;0;4
7448;272;0;0;235;247;230;102.0000;147.0000;115.0000;20.0000;7.0000;70.0000;1;0;0;0;0;0;1;142.0000;-2391.0000;72.0000;267;262;295;0;0;4
7459;272;0;0;235;247;230;102.0000;147.0000;115.0000;20.0000;7.0000;70.0000;1;0;0;0;0;0;1;61.0000;-2391.0000;72.0000;267;262;295;0;0;4
7470;272;0;0;235;247;230;102.0000;147.0000;115.0000;20.0000;7.0000;70.0000;1;0;0;0;0;0;1;61.0000;-2391.0000;65.0000;267;262;295;0;0;4
7481;272;0;0;235;247;230;102.0000;147.0000;115.0000;20.0000;7.0000;70.0000;1;0;0;0;0;0;1;61.0000;-2391.0000;65.0000;267;262;295;0;0;4
7491;272;0;0;235;247;230;102.0000;147.0000;115.0000;20.0000;7.0000;70.0000;1;0;0;0;0;0;1;61.0000;-2391.0000;65.0000;267;262;295;0;0;4
7502;272;0;0;235;247;230;102.0000;147.0000;115.0000;20.0000;7.0000;70.0000;1;0;0;0;0;0;1;61.0000;-2391.0000;65.0000;267;262;295;0;0;4
7514;272;0;0;235;247;230;75.0000;147.0000;115.0000;20.0000;7.0000;70.0000;1;0;0;0;0;0;1;61.0000;-2391.0000;65.0000;267;262;295;0;0;30
7524;272;0;0;235;247;230;75.0000;147.0000;115.0000;20.0000;7.0000;70.0000;1;0;0;0;0;0;1;61.0000;-2391.0000;65.0000;267;262;295;0;0;30
7535;272;0;0;235;247;230;75.0000;147.0000;108.0000;20.0000;7.0000;70.0000;1;0;0;0;0;0;1;61.0000;-2391.0000;65.0000;267;262;295;0;0;30
7546;272;0;0;235;247;230;75.0000;120.0000;108.0000;20.0000;7.0000;70.0000;1;0;0;0;0;0;1;61.0000;-2391.0000;65.0000;267;262;295;0;0;30
7557;272;0;0;235;247;230;75.0000;120.0000;108.0000;20.0000;7.0000;70.0000;1;0;0;0;0;0;1;88.0000;-2391.0000;65.0000;267;262;295;0;0;30
7568;272;0;0;235;247;230;75.0000;120.0000;108.0000;20.0000;7.0000;70.0000;1;0;0;0;0;0;1;88.0000;-2391.0000;82.0000;267;262;295;0;0;30
7579;272;0;0;235;247;230;75.0000;120.0000;108.0000;20.0000;7.0000;70.0000;1;0;0;0;0;0;1;88.0000;-2391.0000;82.0000;267;262;295;0;0;30
7589;272;0;0;235;247;230;75.0000;120.0000;108.0000;20.0000;7.0000;70.0000;1;0;0;0;0;0;1;88.0000;-2391.0000;82.0000;267;262;295;0;0;30
7599;272;0;0;235;247;230;75.0000;120.0000;108.0000;20.0000;7.0000;70.0000;1;0;0;0;0;0;1;88.0000;-2391.0000;82.0000;267;262;295;0;0;30
7615;272;0;0;235;247;230;75.0000;120.0000;108.0000;20.0000;7.0000;70.0000;1;0;0;0;0;0;1;88.0000;-2391.0000;82.0000;267;262;295;0;0;30
7626;272;0;0;235;247;230;72.0000;120.0000;108.0000;20.0000;7.0000;70.0000;1;0;0;0;0;0;1;88.0000;-2391.0000;82.0000;267;262;295;0;0;30
7637;272;0;0;235;247;230;72.0000;120.0000;115.0000;20.0000;7.0000;70.0000;1;0;0;0;0;0;1;88.0000;-2391.0000;82.0000;267;262;295;0;0;30
7649;272;0;0;235;247;230;72.0000;53.0000;115.0000;20.0000;7.0000;70.0000;1;0;0;0;0;0;1;88.0000;-2391.0000;82.0000;267;262;295;0;0;30
7661;272;0;0;235;247;230;72.0000;53.0000;115.0000;20.0000;7.0000;70.0000;1;0;0;0;0;0;1;68.0000;-2391.0000;82.0000;267;262;295;0;0;30
7671;272;0;0;235;247;230;72.0000;53.0000;115.0000;20.0000;7.0000;70.0000;1;0;0;0;0;0;1;68.0000;-2391.0000;135.0000;267;262;295;0;0;30
7682;272;0;0;235;247;230;72.0000;53.0000;115.0000;20.0000;7.0000;70.0000;1;0;0;0;0;0;1;68.0000;-2391.0000;135.0000;267;262;295;0;0;30
7692;272;0;0;235;247;230;72.0000;53.0000;115.0000;20.0000;7.0000;70.0000;1;0;0;0;0;0;1;68.0000;-2391.0000;135.0000;267;262;295;0;0;30
7704;272;0;0;235;247;230;72.0000;53.0000;115.0000;20.0000;7.0000;70.0000;1;0;0;0;0;0;1;68.0000;-2391.0000;135.0000;267;262;295;0;0;30
7714;272;0;0;235;247;230;95.0000;53.0000;115.0000;20.0000;7.0000;70.0000;1;0;0;0;0;0;1;68.0000;-2391.0000;135.0000;267;262;295;0;0;30
7725;272;0;0;235;247;230;95.0000;53.0000;115.0000;20.0000;7.0000;70.0000;1;0;0;0;0;0;1;68.0000;-2391.0000;135.0000;267;262;295;0;0;30
7736;272;0;0;235;247;230;95.0000;53.0000;88.0000;20.0000;7.0000;70.0000;1;0;0;0;0;0;1;68.0000;-2391.0000;135.0000;267;262;295;0;0;30
7746;272;0;0;235;247;230;95.0000;147.0000;88.0000;20.0000;7.0000;70.0000;1;0;0;0;0;0;1;68.0000;-2391.0000;135.0000;267;262;295;0;0;30
7757;272;0;0;235;247;230;95.0000;147.0000;88.0000;20.0000;7.0000;70.0000;1;0;0;0;0;0;1;68.0000;-2391.0000;135.0000;267;262;295;0;0;30
7767;272;0;0;235;247;230;95.0000;147.0000;88.0000;20.0000;7.0000;70.0000;1;0;0;0;0;0;1;92.0000;-2391.0000;72.0000;267;262;295;0;0;30
7778;272;0;0;235;247;230;95.0000;147.0000;88.0000;20.0000;7.0000;70.0000;1;0;0;0;0;0;1;92.0000;-2391.0000;72.0000;267;262;295;0;0;30
7788;272;0;0;235;247;230;95.0000;147.0000;88.0000;20.0000;7.0000;70.0000;1;0;0;0;0;0;1;92.0000;-2391.0000;72.0000;267;262;295;0;0;30
7799;272;0;0;235;247;230;95.0000;147.0000;88.0000;20.0000;7.0000;70.0000;1;0;0;0;0;0;1;92.0000;-2391.0000;72.0000;267;262;295;0;0;30
7809;272;0;0;235;247;230;95.0000;147.0000;88.0000;20.0000;7.0000;70.0000;1;0;0;0;0;0;1;92.0000;-2391.0000;72.0000;267;262;295;0;0;30
7819;272;0;0;235;247;230;99.0000;147.0000;88.0000;20.0000;7.0000;70.0000;1;0;0;0;0;0;1;92.0000;-2391.0000;72.0000;267;262;295;0;0;30
7831;272;0;0;235;247;230;99.0000;147.0000;122.0000;20.0000;7.0000;70.0000;1;0;0;0;0;0;1;92.0000;-2391.0000;72.0000;267;262;295;0;0;30
7842;272;0;0;235;247;230;99.0000;-26.0000;122.0000;20.0000;7.0000;70.0000;1;0;0;0;0;0;1;92.0000;-2391.0000;72.0000;267;262;295;0;0;30
7852;272;0;0;235;247;230;99.0000;-26.0000;122.0000;20.0000;7.0000;70.0000;1;0;0;0;0;0;1;92.0000;-2391.0000;72.0000;267;262;295;0;0;30
7863;272;0;0;235;247;230;99.0000;-26.0000;122.0000;20.0000;7.0000;70.0000;1;0;0;0;0;0;1;135.0000;-2391.0000;58.0000;267;262;295;0;0;30
7873;272;0;0;235;247;230;99.0000;-26.0000;122.0000;20.0000;7.0000;70.0000;1;0;0;0;0;0;1;135.0000;-2391.0000;58.0000;267;262;295;0;0;30
7884;272;0;0;235;247;230;99.0000;-26.0000;122.0000;20.0000;7.0000;70.0000;1;0;0;0;0;0;1;135.0000;-2391.0000;58.0000;267;262;295;0;0;30
7894;272;0;0;235;247;230;99.0000;-26.0000;122.0000;20.0000;7.0000;70.0000;1;0;0;0;0;0;1;135.0000;-2391.0000;58.0000;267;262;295;0;0;30
7904;272;0;0;235;247;230;99.0000;-26.0000;122.0000;20.0000;7.0000;70.0000;1;0;0;0;0;0;1;135.0000;-2391.0000;58.0000;267;262;295;0;0;30
7915;272;0;0;235;247;230;99.0000;-26.0000;122.0000;20.0000;7.0000;70.0000;1;0;0;0;0;0;1;135.0000;-2391.0000;58.0000;267;262;295;0;0;30
7926;272;0;0;235;247;230;92.0000;-26.0000;122.0000;20.0000;7.0000;70.0000;1;0;0;0;0;0;1;135.0000;-2391.0000;58.0000;267;262;295;0;0;30
7936;272;0;0;235;247;230;92.0000;-26.0000;98.0000;20.0000;7.0000;70.0000;1;0;0;0;0;0;1;135.0000;-2391.0000;58.0000;267;262;295;0;0;30
7947;272;0;0;235;247;230;92.0000;-13.0000;98.0000;20.0000;7.0000;70.0000;1;0;0;0;0;0;1;135.0000;-2391.0000;58.0000;267;262;295;0;0;30
7958;272;0;0;235;247;230;92.0000;-13.0000;98.0000;20.0000;7.0000;70.0000;1;0;0;0;0;0;1;135.0000;-2391.0000;58.0000;267;262;295;0;0;30
7968;272;0;0;235;247;230;92.0000;-13.0000;98.0000;20.0000;7.0000;70.0000;1;0;0;0;0;0;1;128.0000;-2391.0000;129.0000;267;262;295;0;0;30
7979;272;0;0;235;247;230;92.0000;-13.0000;98.0000;20.0000;7.0000;70.0000;1;0;0;0;0;0;1;128.0000;-2391.0000;129.0000;267;262;295;0;0;30
7989;272;0;0;235;247;230;92.0000;-13.0000;98.0000;20.0000;7.0000;70.0000;1;0;0;0;0;0;1;128.0000;-2391.0000;129.0000;267;262;295;0;0;30
7999;272;0;0;235;247;230;92.0000;-13.0000;98.0000;20.0000;7.0000;70.0000;1;0;0;0;0;0;1;128.0000;-2391.0000;129.0000;267;262;295;0;0;30
8010;272;0;0;235;247;230;92.0000;-13.0000;98.0000;20.0000;7.0000;70.0000;1;0;0;0;0;0;1;128.0000;-2391.0000;129.0000;267;262;295;0;0;30
8020;272;0;0;235;247;230;85.0000;-13.0000;98.0000;20.0000;7.0000;70.0000;1;0;0;0;0;0;1;128.0000;-2391.0000;129.0000;267;262;295;0;0;30
8031;272;0;0;235;247;230;85.0000;-13.0000;98.0000;20.0000;7.0000;70.0000;1;0;0;0;0;0;1;128.0000;-2391.0000;129.0000;267;262;295;0;0;30
8042;272;0;0;235;247;230;85.0000;40.0000;92.0000;20.0000;7.0000;70.0000;1;0;0;0;0;0;1;128.0000;-2391.0000;129.0000;267;262;295;0;0;30
8052;272;0;0;235;247;230;85.0000;40.0000;92.0000;20.0000;7.0000;70.0000;1;0;0;0;0;0;1;128.0000;-2391.0000;129.0000;267;262;295;0;0;30
8063;272;0;0;235;247;230;85.0000;40.0000;92.0000;20.0000;7.0000;70.0000;1;0;0;0;0;0;1;118.0000;-2391.0000;129.0000;267;262;295;0;0;30
8073;272;0;0;235;247;230;85.0000;40.0000;92.0000;20.0000;7.0000;70.0000;1;0;0;0;0;0;1;118.0000;-2391.0000;68.0000;267;262;295;0;0;30
8084;272;0;0;235;247;230;85.0000;40.0000;92.0000;20.0000;7.0000;70.0000;1;0;0;0;0;0;1;118.0000;-2391.0000;68.0000;267;262;295;0;0;30
8095;272;0;0;235;247;230;85.0000;40.0000;92.0000;20.0000;7.0000;70.0000;1;0;0;0;0;0;1;118.0000;-2391.0000;68.0000;267;262;295;0;0;30
8105;272;0;0;235;247;230;85.0000;40.0000;92.0000;20.0000;7.0000;70.0000;1;0;0;0;0;0;1;118.0000;-2391.0000;68.0000;267;262;295;0;0;30
8117;272;0;0;235;247;230;75.0000;40.0000;92.0000;20.0000;7.0000;70.0000;1;0;0;0;0;0;1;118.0000;-2391.0000;68.0000;267;262;295;0;0;30
8127;272;0;0;235;247;230;75.0000;40.0000;92.0000;20.0000;7.0000;70.0000;1;0;0;0;0;0;1;118.0000;-2391.0000;68.0000;267;262;295;0;0;30
8138;272;0;0;235;247;230;75.0000;40.0000;92.0000;20.0000;7.0000;70.0000;1;0;0;0;0;0;1;118.0000;-2391.0000;68.0000;267;262;295;0;0;30
8149;272;0;0;235;247;230;75.0000;120.0000;92.0000;20.0000;7.0000;70.0000;1;0;0;0;0;0;1;118.0000;-2391.0000;68.0000;267;262;295;0;0;30
8160;272;0;0;235;247;230;75.0000;120.0000;92.0000;20.0000;7.0000;70.0000;1;0;0;0;0;0;1;118.0000;-2391.0000;68.0000;267;262;295;0;0;30
8170;272;0;0;235;247;230;75.0000;120.0000;92.0000;20.0000;7.0000;70.0000;1;0;0;0;0;0;1;105.0000;-2391.0000;139.0000;267;262;295;0;0;30
8181;272;0;0;235;247;230;75.0000;120.0000;92.0000;20.0000;7.0000;70.0000;1;0;0;0;0;0;1;105.0000;-2391.0000;139.0000;267;262;295;0;0;30
8191;272;0;0;235;247;230;75.0000;120.0000;92.0000;20.0000;7.0000;70.0000;1;0;0;0;0;0;1;105.0000;-2391.0000;139.0000;267;262;295;0;0;30
8201;272;0;0;235;247;230;75.0000;120.0000;92.0000;20.0000;7.0000;70.0000;1;0;0;0;0;0;1;105.0000;-2391.0000;139.0000;267;262;295;0;0;30
8214;272;0;0;235;247;230;75.0000;120.0000;92.0000;20.0000;7.0000;70.0000;1;0;0;0;0;0;1;105.0000;-2391.0000;139.0000;267;262;295;0;0;30
8224;272;0;0;235;247;230;75.0000;120.0000;92.0000;20.0000;7.0000;70.0000;1;0;0;0;0;0;1;105.0000;-2391.0000;139.0000;267;262;295;0;0;30
8235;272;0;0;235;247;230;75.0000;120.0000;92.0000;20.0000;7.0000;70.0000;1;0;0;0;0;0;1;105.0000;-2391.0000;139.0000;267;262;295;0;0;24
8245;272;0;0;235;247;230;75.0000;134.0000;132.0000;20.0000;7.0000;70.0000;1;0;0;0;0;0;1;105.0000;-2391.0000;139.0000;267;262;295;0;0;0
8256;272;0;0;235;247;230;75.0000;134.0000;132.0000;20.0000;7.0000;70.0000;1;0;0;0;0;0;1;105.0000;-2391.0000;139.0000;267;262;295;0;0;0
8268;272;0;0;235;247;230;75.0000;134.0000;132.0000;20.0000;7.0000;70.0000;1;0;0;0;0;0;1;75.0000;-2391.0000;95.0000;267;262;295;0;0;0
8279;272;0;0;235;247;230;75.0000;134.0000;132.0000;20.0000;7.0000;70.0000;1;0;0;0;0;0;1;75.0000;-2391.0000;95.0000;267;262;295;0;0;0
8289;272;0;0;235;247;230;75.0000;134.0000;132.0000;33.0000;7.0000;70.0000;1;0;0;0;0;0;1;75.0000;-2391.0000;95.0000;267;262;295;0;0;0
8300;272;0;0;235;247;230;75.0000;134.0000;132.0000;33.0000;7.0000;70.0000;1;0;0;0;0;0;1;75.0000;-2391.0000;95.0000;267;262;295;0;0;0
8310;272;0;0;235;247;230;75.0000;134.0000;132.0000;33.0000;7.0000;70.0000;1;0;0;0;0;0;1;75.0000;-2391.0000;95.0000;267;262;295;0;0;0
8320;272;0;0;235;247;230;119.0000;134.0000;132.0000;33.0000;7.0000;70.0000;1;0;0;0;0;0;1;75.0000;-2391.0000;95.0000;267;262;295;0;0;0
8331;272;0;0;235;247;230;119.0000;134.0000;132.0000;33.0000;7.0000;70.0000;1;0;0;0;0;0;1;75.0000;-2391.0000;95.0000;267;262;295;0;0;0
8341;272;0;0;235;247;230;119.0000;134.0000;142.0000;33.0000;7.0000;70.0000;1;0;0;0;0;0;1;75.0000;-2391.0000;95.0000;267;262;295;0;0;0
8352;272;0;0;235;247;230;119.0000;13.0000;142.0000;33.0000;7.0000;70.0000;1;0;0;0;0;0;1;75.0000;-2391.0000;95.0000;267;262;295;0;0;4
8364;272;0;0;235;247;230;119.0000;13.0000;142.0000;33.0000;7.0000;70.0000;1;0;0;0;0;0;1;128.0000;-2391.0000;95.0000;267;262;295;0;0;4
8374;272;0;0;235;247;230;119.0000;13.0000;142.0000;33.0000;7.0000;70.0000;1;0;0;0;0;0;1;128.0000;-2391.0000;122.0000;267;262;295;0;0;4
8385;272;0;0;235;247;230;119.0000;13.0000;142.0000;33.0000;7.0000;70.0000;1;0;0;0;0;0;1;128.0000;-2391.0000;122.0000;267;262;295;0;0;4
8395;272;0;0;235;247;230;119.0000;13.0000;142.0000;33.0000;7.0000;70.0000;1;0;0;0;0;0;1;128.0000;-2391.0000;122.0000;267;262;295;0;0;4
8406;272;0;0;235;247;230;119.0000;13.0000;142.0000;33.0000;7.0000;70.0000;1;0;0;0;0;0;1;128.0000;-2391.0000;122.0000;267;262;295;0;0;4
8417;272;0;0;235;247;230;119.0000;13.0000;142.0000;33.0000;7.0000;70.0000;1;0;0;0;0;0;1;128.0000;-2391.0000;122.0000;267;262;295;0;0;4
8428;272;0;0;235;247;230;95.0000;13.0000;142.0000;33.0000;7.0000;70.0000;1;0;0;0;0;0;1;128.0000;-2391.0000;122.0000;267;262;295;0;0;4
8438;272;0;0;235;247;230;95.0000;13.0000;108.0000;33.0000;7.0000;70.0000;1;0;0;0;0;0;1;128.0000;-2391.0000;122.0000;267;262;295;0;0;4
8449;272;0;0;235;247;230;95.0000;-26.0000;108.0000;33.0000;7.0000;70.0000;1;0;0;0;0;0;1;128.0000;-2391.0000;122.0000;267;262;295;0;0;4
8459;272;0;0;235;247;230;95.0000;-26.0000;108.0000;33.0000;7.0000;70.0000;1;0;0;0;0;0;1;128.0000;-2391.0000;122.0000;267;262;295;0;0;30
8470;272;0;0;235;247;230;95.0000;-26.0000;108.0000;33.0000;7.0000;70.0000;1;0;0;0;0;0;1;139.0000;-2391.0000;85.0000;267;262;295;0;0;30
8480;272;0;0;235;247;230;95.0000;-26.0000;108.0000;33.0000;7.0000;70.0000;1;0;0;0;0;0;1;139.0000;-2391.0000;85.0000;267;262;295;0;0;30
8491;272;0;0;235;247;230;95.0000;-26.0000;108.0000;33.0000;7.0000;70.0000;1;0;0;0;0;0;1;139.0000;-2391.0000;85.0000;267;262;295;0;0;30
8501;272;0;0;235;247;230;95.0000;-26.0000;108.0000;33.0000;7.0000;70.0000;1;0;0;0;0;0;1;139.0000;-2391.0000;85.0000;267;262;295;0;0;30
8511;272;0;0;235;247;230;95.0000;-26.0000;108.0000;33.0000;7.0000;70.0000;1;0;0;0;0;0;1;139.0000;-2391.0000;85.0000;267;262;295;0;0;30
8522;272;0;0;235;247;230;82.0000;-26.0000;108.0000;33.0000;7.0000;70.0000;1;0;0;0;0;0;1;139.0000;-2391.0000;85.0000;267;262;295;0;0;30
8535;272;0;0;235;247;230;82.0000;-26.0000;108.0000;33.0000;7.0000;70.0000;1;0;0;0;0;0;1;139.0000;-2391.0000;85.0000;267;262;295;0;0;30
8545;272;0;0;235;247;230;82.0000;-26.0000;142.0000;33.0000;7.0000;70.0000;1;0;0;0;0;0;1;139.0000;-2391.0000;85.0000;267;262;295;0;0;30
8556;272;0;0;235;247;230;82.0000;-13.0000;142.0000;33.0000;7.0000;70.0000;1;0;0;0;0;0;1;139.0000;-2391.0000;85.0000;267;262;295;0;0;30
8568;272;0;0;235;247;230;82.0000;-13.0000;142.0000;33.0000;7.0000;70.0000;1;0;0;0;0;0;1;139.0000;-2391.0000;85.0000;267;262;295;0;0;30
8578;272;0;0;235;247;230;82.0000;-13.0000;142.0000;33.0000;7.0000;70.0000;1;0;0;0;0;0;1;118.0000;-2391.0000;132.0000;267;262;295;0;0;30
8589;272;0;0;235;247;230;82.0000;-13.0000;142.0000;33.0000;7.0000;70.0000;1;0;0;0;0;0;1;118.0000;-2391.0000;132.0000;267;262;295;0;0;30
8599;272;0;0;235;247;230;82.0000;-13.0000;142.0000;33.0000;7.0000;70.0000;1;0;0;0;0;0;1;118.0000;-2391.0000;132.0000;267;262;295;0;0;30
8609;272;0;0;235;247;230;82.0000;-13.0000;142.0000;33.0000;7.0000;70.0000;1;0;0;0;0;0;1;118.0000;-2391.0000;132.0000;267;262;295;0;0;30
8621;272;0;0;235;247;230;72.0000;-13.0000;142.0000;33.0000;7.0000;70.0000;1;0;0;0;0;0;1;118.0000;-2391.0000;132.0000;267;262;295;0;0;30
8632;272;0;0;235;247;230;72.0000;-13.0000;142.0000;33.0000;7.0000;70.0000;1;0;0;0;0;0;1;118.0000;-2391.0000;132.0000;267;262;297;0;0;30
8642;272;0;0;235;247;230;72.0000;-13.0000;112.0000;33.0000;7.0000;70.0000;1;0;0;0;0;0;1;118.0000;-2391.0000;132.0000;267;262;297;0;0;30
8653;272;0;0;235;247;230;72.0000;-26.0000;112.0000;33.0000;7.0000;70.0000;1;0;0;0;0;0;1;118.0000;-2391.0000;132.0000;267;262;297;0;0;30
8664;272;0;0;235;247;230;72.0000;-26.0000;112.0000;33.0000;7.0000;70.0000;1;0;0;0;0;0;1;118.0000;-2391.0000;132.0000;267;262;297;0;0;30
8674;272;0;0;235;247;230;72.0000;-26.0000;112.0000;33.0000;7.0000;70.0000;1;0;0;0;0;0;1;132.0000;-2391.0000;98.0000;267;262;297;0;0;30
8685;272;0;0;235;247;230;72.0000;-26.0000;112.0000;33.0000;7.0000;70.0000;1;0;0;0;0;0;1;132.0000;-2391.0000;98.0000;267;262;297;0;0;30
8695;272;0;0;235;247;230;72.0000;-26.0000;112.0000;33.0000;7.0000;70.0000;1;0;0;0;0;0;1;132.0000;-2391.0000;98.0000;267;262;297;0;0;30
8705;272;0;0;235;247;230;72.0000;-26.0000;112.0000;33.0000;7.0000;70.0000;1;0;0;0;0;0;1;132.0000;-2391.0000;98.0000;267;262;297;0;0;30
8716;272;0;0;235;247;230;72.0000;-26.0000;112.0000;33.0000;7.0000;70.0000;1;0;0;0;0;0;1;132.0000;-2391.0000;98.0000;267;262;297;0;0;30
8726;272;0;0;235;247;230;105.0000;-26.0000;112.0000;33.0000;7.0000;70.0000;1;0;0;0;0;0;1;132.0000;-2391.0000;98.0000;267;262;297;0;0;30
8736;272;0;0;235;247;230;105.0000;-26.0000;112.0000;33.0000;7.0000;70.0000;1;0;0;0;0;0;1;132.0000;-2391.0000;98.0000;267;262;297;0;0;30
8747;272;0;0;235;247;230;105.0000;-26.0000;122.0000;33.0000;7.0000;70.0000;1;0;0;0;0;0;1;132.0000;-2391.0000;98.0000;267;262;297;0;0;30
8757;272;0;0;235;247;230;105.0000;-26.0000;122.0000;33.0000;7.0000;70.0000;1;0;0;0;0;0;1;132.0000;-2391.0000;98.0000;267;262;297;0;0;30
8769;272;0;0;235;247;230;105.0000;-26.0000;122.0000;33.0000;7.0000;70.0000;1;0;0;0;0;0;1;132.0000;-2391.0000;98.0000;267;262;297;0;0;30
8779;272;0;0;235;247;230;105.0000;-26.0000;122.0000;33.0000;7.0000;70.0000;1;0;0;0;0;0;1;128.0000;-2391.0000;72.0000;267;262;297;0;0;30
8790;272;0;0;235;247;230;105.0000;-26.0000;122.0000;33.0000;7.0000;70.0000;1;0;0;0;0;0;1;128.0000;-2391.0000;72.0000;267;262;297;0;0;30
8800;272;0;0;235;247;230;105.0000;-26.0000;122.0000;33.0000;7.0000;70.0000;1;0;0;0;0;0;1;128.0000;-2391.0000;72.0000;267;262;297;0;0;30
8810;272;0;0;235;247;230;105.0000;-26.0000;122.0000;33.0000;7.0000;70.0000;1;0;0;0;0;0;1;128.0000;-2391.0000;72.0000;267;262;297;0;0;30
8822;272;0;0;235;247;230;105.0000;-26.0000;122.0000;33.0000;7.0000;70.0000;1;0;0;0;0;0;1;128.0000;-2391.0000;72.0000;267;262;297;0;0;30
8834;272;0;0;235;247;230;75.0000;-26.0000;122.0000;33.0000;7.0000;70.0000;1;0;0;0;0;0;1;128.0000;-2391.0000;72.0000;267;262;297;0;0;30
8845;272;0;0;235;247;230;75.0000;-26.0000;125.0000;33.0000;7.0000;70.0000;1;0;0;0;0;0;1;128.0000;-2391.0000;72.0000;267;262;297;0;0;30
8855;272;0;0;235;247;230;75.0000;120.0000;125.0000;33.0000;7.0000;70.0000;1;0;0;0;0;0;1;128.0000;-2391.0000;72.0000;267;262;297;0;0;30
8866;272;0;0;235;247;230;75.0000;120.0000;125.0000;33.0000;7.0000;70.0000;1;0;0;0;0;0;1;128.0000;-2391.0000;72.0000;267;262;297;0;0;30
8877;272;0;0;235;247;230;75.0000;120.0000;125.0000;33.0000;7.0000;70.0000;1;0;0;0;0;0;1;128.0000;-2391.0000;72.0000;267;262;297;0;0;30
8887;272;0;0;235;247;230;75.0000;120.0000;125.0000;33.0000;7.0000;70.0000;1;0;0;0;0;0;1;125.0000;-2391.0000;115.0000;267;262;297;0;0;30
8898;272;0;0;235;247;230;75.0000;120.0000;125.0000;33.0000;7.0000;70.0000;1;0;0;0;0;0;1;125.0000;-2391.0000;115.0000;267;262;297;0;0;30
8910;272;0;0;235;247;230;75.0000;120.0000;125.0000;33.0000;7.0000;70.0000;1;0;0;0;0;0;1;125.0000;-2391.0000;115.0000;267;262;297;0;0;30
8921;272;0;0;235;247;230;75.0000;120.0000;125.0000;33.0000;7.0000;70.0000;1;0;0;0;0;0;1;125.0000;-2391.0000;115.0000;267;262;297;0;0;30
8932;272;0;0;235;247;230;72.0000;120.0000;125.0000;33.0000;7.0000;70.0000;1;0;0;0;0;0;1;125.0000;-2391.0000;115.0000;267;262;297;0;0;30
8943;272;0;0;235;247;230;72.0000;120.0000;135.0000;33.0000;7.0000;70.0000;1;0;0;0;0;0;1;125.0000;-2391.0000;115.0000;267;262;297;0;0;30
8953;272;0;0;235;247;230;72.0000;161.0000;135.0000;33.0000;7.0000;70.0000;1;0;0;0;0;0;1;125.0000;-2391.0000;115.0000;267;262;297;0;0;30
8964;272;0;0;235;247;230;72.0000;161.0000;135.0000;33.0000;7.0000;70.0000;1;0;0;0;0;0;1;125.0000;-2391.0000;115.0000;267;262;297;0;0;30
8975;272;0;0;235;247;230;72.0000;161.0000;135.0000;33.0000;7.0000;70.0000;1;0;0;0;0;0;1;68.0000;-2391.0000;129.0000;267;262;297;0;0;30
8985;272;0;0;235;247;230;72.0000;161.0000;135.0000;33.0000;7.0000;70.0000;1;0;0;0;0;0;1;68.0000;-2391.0000;129.0000;267;262;297;0;0;30
8996;272;0;0;235;247;230;72.0000;161.0000;135.0000;33.0000;7.0000;70.0000;1;0;0;0;0;0;1;68.0000;-2391.0000;129.0000;267;262;297;0;0;30
9006;272;0;0;235;247;230;72.0000;161.0000;135.0000;33.0000;7.0000;70.0000;1;0;0;0;0;0;1;68.0000;-2391.0000;129.0000;267;262;297;0;0;30
9016;272;0;0;235;247;230;72.0000;161.0000;135.0000;33.0000;7.0000;70.0000;1;0;0;0;0;0;1;68.0000;-2391.0000;129.0000;267;262;297;0;0;30
9026;272;0;0;235;247;230;72.0000;161.0000;135.0000;33.0000;7.0000;70.0000;1;0;0;0;0;0;1;68.0000;-2391.0000;129.0000;267;262;297;0;0;30
9037;272;0;0;235;247;230;72.0000;161.0000;135.0000;33.0000;7.0000;70.0000;1;0;0;0;0;0;1;68.0000;-2391.0000;129.0000;267;262;297;0;0;30
9047;272;0;0;235;247;230;72.0000;161.0000;122.0000;33.0000;7.0000;70.0000;1;0;0;0;0;0;1;68.0000;-2391.0000;129.0000;267;262;297;0;0;30
9058;272;0;0;235;247;230;72.0000;-26.0000;122.0000;33.0000;7.0000;70.0000;1;0;0;0;0;0;1;68.0000;-2391.0000;129.0000;267;262;297;0;0;30
9069;272;0;0;235;247;230;72.0000;-26.0000;122.0000;33.0000;7.0000;70.0000;1;0;0;0;0;0;1;81.0000;-2391.0000;129.0000;267;262;297;0;0;30
9079;272;0;0;235;247;230;72.0000;-26.0000;122.0000;33.0000;7.0000;70.0000;1;0;0;0;0;0;1;81.0000;-2391.0000;119.0000;267;262;297;0;0;30
9090;272;0;0;235;247;230;72.0000;-26.0000;122.0000;33.0000;7.0000;70.0000;1;0;0;0;0;0;1;81.0000;-2391.0000;119.0000;267;262;297;0;0;30
9101;272;0;0;235;247;230;72.0000;-26.0000;122.0000;33.0000;7.0000;70.0000;1;0;0;0;0;0;1;81.0000;-2391.0000;119.0000;267;262;297;0;0;30
9112;272;0;0;235;247;230;72.0000;-26.0000;122.0000;33.0000;7.0000;70.0000;1;0;0;0;0;0;1;81.0000;-2391.0000;119.0000;267;262;297;0;0;30
9123;272;0;0;235;247;230;72.0000;-26.0000;122.0000;33.0000;7.0000;70.0000;1;0;0;0;0;0;1;81.0000;-2391.0000;119.0000;267;262;297;0;0;30
9133;272;0;0;235;247;230;105.0000;-26.0000;122.0000;33.0000;7.0000;70.0000;1;0;0;0;0;0;1;81.0000;-2391.0000;119.0000;267;262;297;0;0;30
9144;272;0;0;235;247;230;105.0000;-26.0000;132.0000;33.0000;7.0000;70.0000;1;0;0;0;0;0;1;81.0000;-2391.0000;119.0000;267;262;297;0;0;30
9154;272;0;0;235;247;230;105.0000;40.0000;132.0000;33.0000;7.0000;70.0000;1;0;0;0;0;0;1;81.0000;-2391.0000;119.0000;267;262;297;0;0;30
9165;272;0;0;235;247;230;105.0000;40.0000;132.0000;33.0000;7.0000;70.0000;1;0;0;0;0;0;1;81.0000;-2391.0000;119.0000;267;262;297;0;0;30
9175;272;0;0;235;247;230;105.0000;40.0000;132.0000;33.0000;7.0000;70.0000;1;0;0;0;0;0;1;81.0000;-2391.0000;119.0000;267;262;297;0;0;30
9185;272;0;0;235;247;230;105.0000;40.0000;132.0000;33.0000;7.0000;70.0000;1;0;0;0;0;0;1;88.0000;-2391.0000;105.0000;267;262;297;0;0;30
9196;272;0;0;235;247;230;105.0000;40.0000;132.0000;33.0000;7.0000;70.0000;1;0;0;0;0;0;1;88.0000;-2391.0000;105.0000;267;262;297;0;0;30
9206;272;0;0;235;247;230;105.0000;40.0000;132.0000;33.0000;7.0000;70.0000;1;0;0;0;0;0;1;88.0000;-2391.0000;105.0000;267;262;297;0;0;30
9217;272;0;0;235;247;230;105.0000;40.0000;132.0000;33.0000;7.0000;70.0000;1;0;0;0;0;0;1;88.0000;-2391.0000;105.0000;267;262;297;0;0;30
9227;272;0;0;235;247;230;119.0000;40.0000;132.0000;33.0000;7.0000;70.0000;1;0;0;0;0;0;1;88.0000;-2391.0000;105.0000;267;262;297;0;0;30
9238;272;0;0;235;247;230;119.0000;40.0000;132.0000;33.0000;7.0000;70.0000;1;0;0;0;0;0;1;88.0000;-2391.0000;105.0000;267;262;297;0;0;30
9248;272;0;0;235;247;230;119.0000;40.0000;132.0000;33.0000;7.0000;70.0000;1;0;0;0;0;0;1;88.0000;-2391.0000;105.0000;267;262;297;0;0;30
9259;272;0;0;235;247;230;119.0000;147.0000;132.0000;33.0000;7.0000;70.0000;1;0;0;0;0;0;1;88.0000;-2391.0000;105.0000;267;262;297;0;0;30
9270;272;0;0;235;247;230;119.0000;147.0000;132.0000;33.0000;7.0000;70.0000;1;0;0;0;0;0;1;132.0000;-2391.0000;105.0000;267;262;297;0;0;30
9281;272;0;0;235;247;230;119.0000;147.0000;132.0000;33.0000;7.0000;70.0000;1;0;0;0;0;0;1;132.0000;-2391.0000;85.0000;267;262;297;0;0;30
9291;272;0;0;235;247;230;119.0000;147.0000;132.0000;30.0000;7.0000;70.0000;1;0;0;0;0;0;1;132.0000;-2391.0000;85.0000;267;262;297;0;0;28
9302;272;0;0;235;247;230;119.0000;147.0000;132.0000;30.0000;7.0000;70.0000;1;0;0;0;0;0;1;132.0000;-2391.0000;85.0000;267;262;297;0;0;4
9312;272;0;0;235;247;230;119.0000;147.0000;132.0000;30.0000;7.0000;70.0000;1;0;0;0;0;0;1;132.0000;-2391.0000;85.0000;267;262;297;0;0;4
9323;272;0;0;235;247;230;119.0000;147.0000;132.0000;30.0000;7.0000;70.0000;1;0;0;0;0;0;1;132.0000;-2391.0000;85.0000;267;262;297;0;0;4
9333;272;0;0;235;247;230;122.0000;147.0000;132.0000;30.0000;7.0000;70.0000;1;0;0;0;0;0;1;132.0000;-2391.0000;85.0000;267;262;297;0;0;4
9344;272;0;0;235;247;230;122.0000;147.0000;132.0000;30.0000;7.0000;70.0000;1;0;0;0;0;0;1;132.0000;-2391.0000;85.0000;267;262;297;0;0;4
9355;272;0;0;235;247;230;122.0000;134.0000;88.0000;30.0000;7.0000;70.0000;1;0;0;0;0;0;1;132.0000;-2391.0000;85.0000;267;262;297;0;0;4
9366;272;0;0;235;247;230;122.0000;134.0000;88.0000;30.0000;7.0000;70.0000;1;0;0;0;0;0;1;132.0000;-2391.0000;85.0000;267;262;297;0;0;4
9377;272;0;0;235;247;230;122.0000;134.0000;88.0000;30.0000;7.0000;70.0000;1;0;0;0;0;0;1;105.0000;-2391.0000;98.0000;267;262;297;0;0;4
9388;272;0;0;235;247;230;122.0000;134.0000;88.0000;30.0000;7.0000;70.0000;1;0;0;0;0;0;1;105.0000;-2391.0000;98.0000;267;262;297;0;0;4
9398;272;0;0;235;247;230;122.0000;134.0000;88.0000;30.0000;7.0000;70.0000;1;0;0;0;0;0;1;105.0000;-2391.0000;98.0000;267;262;297;0;0;4
9409;272;0;0;235;247;230;122.0000;134.0000;88.0000;30.0000;7.0000;70.0000;1;0;0;0;0;0;1;105.0000;-2391.0000;98.0000;267;262;297;0;0;4
9420;272;0;0;235;247;230;122.0000;134.0000;88.0000;30.0000;7.0000;70.0000;1;0;0;0;0;0;1;105.0000;-2391.0000;98.0000;267;262;297;0;0;4
9432;272;0;0;235;247;230;122.0000;134.0000;88.0000;30.0000;7.0000;70.0000;1;0;0;0;0;0;1;105.0000;-2391.0000;98.0000;267;262;297;0;0;4
9442;272;0;0;235;247;230;72.0000;134.0000;88.0000;30.0000;7.0000;70.0000;1;0;0;0;0;0;1;105.0000;-2391.0000;98.0000;267;262;297;0;0;4
9453;272;0;0;235;247;230;72.0000;134.0000;119.0000;30.0000;7.0000;70.0000;1;0;0;0;0;0;1;105.0000;-2391.0000;98.0000;267;262;297;0;0;4
9463;272;0;0;235;247;230;72.0000;-13.0000;119.0000;30.0000;7.0000;70.0000;1;0;0;0;0;0;1;105.0000;-2391.0000;98.0000;267;262;297;0;0;4
9474;272;0;0;235;247;230;72.0000;-13.0000;119.0000;30.0000;7.0000;70.0000;1;0;0;0;0;0;1;105.0000;-2391.0000;98.0000;267;262;297;0;0;4
9484;272;0;0;235;247;230;72.0000;-13.0000;119.0000;30.0000;7.0000;70.0000;1;0;0;0;0;0;1;128.0000;-2391.0000;108.0000;267;262;297;0;0;4
9495;272;0;0;235;247;230;72.0000;-13.0000;119.0000;30.0000;7.0000;70.0000;1;0;0;0;0;0;1;128.0000;-2391.0000;108.0000;267;262;297;0;0;4
9507;272;0;0;235;247;230;72.0000;-13.0000;119.0000;30.0000;7.0000;70.0000;1;0;0;0;0;0;1;128.0000;-2391.0000;108.0000;267;262;297;0;0;30
9517;272;0;0;235;247;230;72.0000;-13.0000;119.0000;30.0000;7.0000;70.0000;1;0;0;0;0;0;1;128.0000;-2391.0000;108.0000;267;262;297;0;0;30
9528;272;0;0;235;247;230;122.0000;-13.0000;119.0000;30.0000;7.0000;70.0000;1;0;0;0;0;0;1;128.0000;-2391.0000;108.0000;267;262;297;0;0;30
9538;272;0;0;235;247;230;122.0000;-13.0000;119.0000;30.0000;7.0000;70.0000;1;0;0;0;0;0;1;128.0000;-2391.0000;108.0000;267;262;297;0;0;30
9550;272;0;0;235;247;230;122.0000;-13.0000;129.0000;30.0000;7.0000;70.0000;1;0;0;0;0;0;1;128.0000;-2391.0000;108.0000;267;262;297;0;0;30
9561;272;0;0;235;247;230;122.0000;134.0000;129.0000;30.0000;7.0000;70.0000;1;0;0;0;0;0;1;128.0000;-2391.0000;108.0000;267;262;297;0;0;30
9571;272;0;0;235;247;230;122.0000;134.0000;129.0000;30.0000;7.0000;70.0000;1;0;0;0;0;0;1;128.0000;-2391.0000;108.0000;267;262;297;0;0;30
9587;272;0;0;235;247;230;122.0000;134.0000;129.0000;30.0000;7.0000;70.0000;1;0;0;0;0;0;1;135.0000;-2391.0000;108.0000;267;262;297;0;0;30
9598;272;0;0;235;247;230;122.0000;134.0000;129.0000;30.0000;7.0000;70.0000;1;0;0;0;0;0;1;135.0000;-2391.0000;122.0000;267;262;297;0;0;30
9608;272;0;0;235;247;230;122.0000;134.0000;129.0000;30.0000;7.0000;70.0000;1;0;0;0;0;0;1;135.0000;-2391.0000;122.0000;267;262;297;0;0;30
9619;272;0;0;235;247;230;122.0000;134.0000;129.0000;30.0000;7.0000;70.0000;1;0;0;0;0;0;1;135.0000;-2391.0000;122.0000;267;262;297;0;0;30
9629;272;0;0;235;247;230;82.0000;134.0000;129.0000;30.0000;7.0000;70.0000;1;0;0;0;0;0;1;135.0000;-2391.0000;122.0000;267;262;297;0;0;30
9640;272;0;0;235;247;230;82.0000;134.0000;129.0000;30.0000;7.0000;70.0000;1;0;0;0;0;0;1;135.0000;-2391.0000;122.0000;267;262;297;0;0;30
9651;272;0;0;235;247;230;82.0000;134.0000;122.0000;30.0000;7.0000;70.0000;1;0;0;0;0;0;1;135.0000;-2391.0000;122.0000;267;262;297;0;0;30
9661;272;0;0;235;247;230;82.0000;120.0000;122.0000;30.0000;7.0000;70.0000;1;0;0;0;0;0;1;135.0000;-2391.0000;122.0000;267;262;297;0;0;30
9672;272;0;0;235;247;230;82.0000;120.0000;122.0000;30.0000;7.0000;70.0000;1;0;0;0;0;0;1;135.0000;-2391.0000;122.0000;267;262;297;0;0;30
9682;272;0;0;235;247;230;82.0000;120.0000;122.0000;30.0000;7.0000;70.0000;1;0;0;0;0;0;1;102.0000;-2391.0000;95.0000;267;262;297;0;0;30
9693;272;0;0;235;247;230;82.0000;120.0000;122.0000;30.0000;7.0000;70.0000;1;0;0;0;0;0;1;102.0000;-2391.0000;95.0000;267;262;297;0;0;30
9703;272;0;0;235;247;230;82.0000;120.0000;122.0000;30.0000;7.0000;70.0000;1;0;0;0;0;0;1;102.0000;-2391.0000;95.0000;267;262;297;0;0;30
9714;272;0;0;235;247;230;82.0000;120.0000;122.0000;30.0000;7.0000;70.0000;1;0;0;0;0;0;1;102.0000;-2391.0000;95.0000;267;262;297;0;0;30
9724;272;0;0;235;247;230;82.0000;120.0000;122.0000;30.0000;7.0000;70.0000;1;0;0;0;0;0;1;102.0000;-2391.0000;95.0000;267;262;297;0;0;30
9734;272;0;0;235;247;230;122.0000;120.0000;122.0000;30.0000;7.0000;70.0000;1;0;0;0;0;0;1;102.0000;-2391.0000;95.0000;267;262;297;0;0;30
9745;272;0;0;235;247;230;122.0000;120.0000;122.0000;30.0000;7.0000;70.0000;1;0;0;0;0;0;1;102.0000;-2391.0000;95.0000;267;262;297;0;0;30
9756;272;0;0;235;247;230;122.0000;120.0000;98.0000;30.0000;7.0000;70.0000;1;0;0;0;0;0;1;102.0000;-2391.0000;95.0000;267;262;297;0;0;30
9766;272;0;0;235;247;230;122.0000;-26.0000;98.0000;30.0000;7.0000;70.0000;1;0;0;0;0;0;1;102.0000;-2391.0000;95.0000;267;262;297;0;0;30
9777;272;0;0;235;247;230;122.0000;-26.0000;98.0000;30.0000;7.0000;70.0000;1;0;0;0;0;0;1;118.0000;-2391.0000;129.0000;267;262;297;0;0;30
9788;272;0;0;235;247;230;122.0000;-26.0000;98.0000;30.0000;7.0000;70.0000;1;0;0;0;0;0;1;118.0000;-2391.0000;129.0000;267;262;297;0;0;30
9798;272;0;0;235;247;230;122.0000;-26.0000;98.0000;30.0000;7.0000;70.0000;1;0;0;0;0;0;1;118.0000;-2391.0000;129.0000;267;262;297;0;0;30
9809;272;0;0;235;247;230;122.0000;-26.0000;98.0000;30.0000;7.0000;70.0000;1;0;0;0;0;0;1;118.0000;-2391.0000;129.0000;267;262;297;0;0;30
9819;272;0;0;235;247;230;122.0000;-26.0000;98.0000;30.0000;7.0000;70.0000;1;0;0;0;0;0;1;118.0000;-2391.0000;129.0000;267;262;297;0;0;30
9830;272;0;0;235;247;230;82.0000;-26.0000;98.0000;30.0000;7.0000;70.0000;1;0;0;0;0;0;1;118.0000;-2391.0000;129.0000;267;262;297;0;0;30
9841;272;0;0;235;247;230;82.0000;-26.0000;98.0000;30.0000;7.0000;70.0000;1;0;0;0;0;0;1;118.0000;-2391.0000;129.0000;267;262;297;0;0;30
9851;272;0;0;235;247;230;82.0000;-26.0000;102.0000;30.0000;7.0000;70.0000;1;0;0;0;0;0;1;118.0000;-2391.0000;129.0000;267;262;297;0;0;30
9863;272;0;0;235;247;230;82.0000;161.0000;102.0000;30.0000;7.0000;70.0000;1;0;0;0;0;0;1;118.0000;-2391.0000;129.0000;267;262;297;0;0;30
9873;272;0;0;235;247;230;82.0000;161.0000;102.0000;30.0000;7.0000;70.0000;1;0;0;0;0;0;1;118.0000;-2391.0000;129.0000;267;262;297;0;0;30
9884;272;0;0;235;247;230;82.0000;161.0000;102.0000;30.0000;7.0000;70.0000;1;0;0;0;0;0;1;122.0000;-2391.0000;75.0000;267;262;297;0;0;30
9894;272;0;0;235;247;230;82.0000;161.0000;102.0000;30.0000;7.0000;70.0000;1;0;0;0;0;0;1;122.0000;-2391.0000;75.0000;267;262;297;0;0;30
9905;272;0;0;235;247;230;82.0000;161.0000;102.0000;30.0000;7.0000;70.0000;1;0;0;0;0;0;1;122.0000;-2391.0000;75.0000;267;262;297;0;0;30
9916;272;0;0;235;247;230;82.0000;161.0000;102.0000;30.0000;7.0000;70.0000;1;0;0;0;0;0;1;122.0000;-2391.0000;75.0000;267;262;297;0;0;30
9926;272;0;0;235;247;230;82.0000;161.0000;102.0000;30.0000;7.0000;70.0000;1;0;0;0;0;0;1;122.0000;-2391.0000;75.0000;267;262;297;0;0;30
9936;272;0;0;235;247;230;102.0000;161.0000;102.0000;30.0000;7.0000;70.0000;1;0;0;0;0;0;1;122.0000;-2391.0000;75.0000;267;262;297;0;0;30
9948;272;0;0;235;247;230;102.0000;161.0000;102.0000;30.0000;7.0000;70.0000;1;0;0;0;0;0;1;122.0000;-2391.0000;75.0000;267;262;297;0;0;30
9959;272;0;0;235;247;230;102.0000;161.0000;85.0000;30.0000;7.0000;70.0000;1;0;0;0;0;0;1;122.0000;-2391.0000;75.0000;267;262;297;0;0;30
9969;272;0;0;235;247;230;102.0000;161.0000;85.0000;30.0000;7.0000;70.0000;1;0;0;0;0;0;1;122.0000;-2391.0000;75.0000;267;262;297;0;0;30
9981;272;0;0;235;247;230;102.0000;161.0000;85.0000;30.0000;7.0000;70.0000;1;0;0;0;0;0;1;125.0000;-2391.0000;119.0000;267;262;297;0;0;30
9991;272;0;0;235;247;230;102.0000;161.0000;85.0000;30.0000;7.0000;70.0000;1;0;0;0;0;0;1;125.0000;-2391.0000;119.0000;267;262;297;0;0;30
10002;272;0;0;235;247;230;102.0000;161.0000;85.0000;30.0000;7.0000;70.0000;1;0;0;0;0;0;1;125.0000;-2391.0000;119.0000;267;262;297;0;0;30
10012;272;0;0;235;247;230;102.0000;161.0000;85.0000;30.0000;7.0000;70.0000;1;0;0;0;0;0;1;125.0000;-2391.0000;119.0000;267;262;297;0;0;30
10022;272;0;0;235;247;230;102.0000;161.0000;85.0000;30.0000;7.0000;70.0000;1;0;0;0;0;0;1;125.0000;-2391.0000;119.0000;267;262;297;0;0;30
10033;272;0;0;235;247;230;126.0000;161.0000;85.0000;30.0000;7.0000;70.0000;1;0;0;0;0;0;1;125.0000;-2391.0000;119.0000;267;262;297;0;0;30
10043;272;0;0;235;247;230;126.0000;161.0000;85.0000;30.0000;7.0000;70.0000;1;0;0;0;0;0;1;125.0000;-2391.0000;119.0000;267;262;297;0;0;30
10054;272;0;0;235;247;230;126.0000;161.0000;119.0000;30.0000;7.0000;70.0000;1;0;0;0;0;0;1;125.0000;-2391.0000;119.0000;267;262;297;0;0;30
10064;272;0;0;235;247;230;126.0000;93.0000;119.0000;30.0000;7.0000;70.0000;1;0;0;0;0;0;1;125.0000;-2391.0000;119.0000;267;262;297;0;0;30
10075;272;0;0;235;247;230;126.0000;93.0000;119.0000;30.0000;7.0000;70.0000;1;0;0;0;0;0;1;125.0000;-2391.0000;119.0000;267;262;297;0;0;30
10085;272;0;0;235;247;230;126.0000;93.0000;119.0000;30.0000;7.0000;70.0000;1;0;0;0;0;0;1;81.0000;-2391.0000;72.0000;267;262;297;0;0;30
10096;272;0;0;235;247;230;126.0000;93.0000;119.0000;30.0000;7.0000;70.0000;1;0;0;0;0;0;1;81.0000;-2391.0000;72.0000;267;262;297;0;0;30
10108;272;0;0;235;247;230;126.0000;93.0000;119.0000;30.0000;7.0000;70.0000;1;0;0;0;0;0;1;81.0000;-2391.0000;72.0000;267;262;297;0;0;30
10120;272;0;0;235;247;230;126.0000;93.0000;119.0000;30.0000;7.0000;70.0000;1;0;0;0;0;0;1;81.0000;-2391.0000;72.0000;267;262;297;0;0;30
10133;272;0;0;235;247;230;126.0000;93.0000;119.0000;30.0000;7.0000;70.0000;1;0;0;0;0;0;1;81.0000;-2391.0000;72.0000;267;262;297;0;0;30
10144;272;0;0;235;247;230;126.0000;93.0000;119.0000;30.0000;7.0000;70.0000;1;0;0;0;0;0;1;81.0000;-2391.0000;72.0000;267;262;297;0;0;30
10154;272;0;0;235;247;230;126.0000;93.0000;82.0000;30.0000;7.0000;70.0000;1;0;0;0;0;0;1;81.0000;-2391.0000;72.0000;267;262;297;0;0;30
10165;272;0;0;235;247;230;126.0000;-13.0000;82.0000;30.0000;7.0000;70.0000;1;0;0;0;0;0;1;81.0000;-2391.0000;72.0000;267;262;297;0;0;30
10175;272;0;0;235;247;230;126.0000;-13.0000;82.0000;30.0000;7.0000;70.0000;1;0;0;0;0;0;1;81.0000;-2391.0000;72.0000;267;262;297;0;0;30
10186;272;0;0;235;247;230;126.0000;-13.0000;82.0000;30.0000;7.0000;70.0000;1;0;0;0;0;0;1;132.0000;-2391.0000;92.0000;267;262;297;0;0;30
10197;272;0;0;235;247;230;126.0000;-13.0000;82.0000;30.0000;7.0000;70.0000;1;0;0;0;0;0;1;132.0000;-2391.0000;92.0000;267;262;297;0;0;30
10207;272;0;0;235;247;230;126.0000;-13.0000;82.0000;30.0000;7.0000;70.0000;1;0;0;0;0;0;1;132.0000;-2391.0000;92.0000;267;262;297;0;0;30
10217;272;0;0;235;247;230;126.0000;-13.0000;82.0000;30.0000;7.0000;70.0000;1;0;0;0;0;0;1;132.0000;-2391.0000;92.0000;267;262;297;0;0;30
10228;272;0;0;235;247;230;126.0000;-13.0000;82.0000;30.0000;7.0000;70.0000;1;0;0;0;0;0;1;132.0000;-2391.0000;92.0000;267;262;297;0;0;0
10238;272;0;0;235;247;230;95.0000;-13.0000;82.0000;30.0000;7.0000;70.0000;1;0;0;0;0;0;1;132.0000;-2391.0000;92.0000;267;262;297;0;0;0
10249;272;0;0;235;247;230;95.0000;-13.0000;82.0000;30.0000;7.0000;70.0000;1;0;0;0;0;0;1;132.0000;-2391.0000;92.0000;267;262;297;0;0;0
10260;272;0;0;235;247;230;95.0000;-13.0000;105.0000;30.0000;7.0000;70.0000;1;0;0;0;0;0;1;132.0000;-2391.0000;92.0000;267;262;297;0;0;0
10271;272;0;0;235;247;230;95.0000;93.0000;105.0000;30.0000;7.0000;70.0000;1;0;0;0;0;0;1;132.0000;-2391.0000;92.0000;267;262;297;0;0;0
10281;272;0;0;235;247;230;95.0000;93.0000;105.0000;30.0000;7.0000;70.0000;1;0;0;0;0;0;1;118.0000;-2391.0000;119.0000;267;262;297;0;0;0
10292;272;0;0;235;247;230;95.0000;93.0000;105.0000;40.0000;7.0000;70.0000;1;0;0;0;0;0;1;118.0000;-2391.0000;119.0000;267;262;297;0;0;0
10302;272;0;0;235;247;230;95.0000;93.0000;105.0000;40.0000;7.0000;70.0000;1;0;0;0;0;0;1;118.0000;-2391.0000;119.0000;267;262;297;0;0;0
10313;272;0;0;235;247;230;95.0000;93.0000;105.0000;40.0000;7.0000;70.0000;1;0;0;0;0;0;1;118.0000;-2391.0000;119.0000;267;262;297;0;0;0
10323;272;0;0;235;247;230;95.0000;93.0000;105.0000;40.0000;7.0000;70.0000;1;0;0;0;0;0;1;118.0000;-2391.0000;119.0000;267;262;297;0;0;0
10334;272;0;0;235;247;230;89.0000;93.0000;105.0000;40.0000;7.0000;70.0000;1;0;0;0;0;0;1;118.0000;-2391.0000;119.0000;267;262;297;0;0;4
10345;272;0;0;235;247;230;89.0000;93.0000;105.0000;40.0000;7.0000;70.0000;1;0;0;0;0;0;1;118.0000;-2391.0000;119.0000;267;262;297;0;0;4
10357;272;0;0;235;247;230;89.0000;93.0000;115.0000;40.0000;7.0000;70.0000;1;0;0;0;0;0;1;118.0000;-2391.0000;119.0000;267;262;297;0;0;4
10368;272;0;0;235;247;230;89.0000;93.0000;115.0000;40.0000;7.0000;70.0000;1;0;0;0;0;0;1;118.0000;-2391.0000;119.0000;267;262;297;0;0;4
10378;272;0;0;235;247;230;89.0000;53.0000;115.0000;40.0000;7.0000;70.0000;1;0;0;0;0;0;1;118.0000;-2391.0000;119.0000;267;262;297;0;0;4
10389;272;0;0;235;247;230;89.0000;53.0000;115.0000;40.0000;7.0000;70.0000;1;0;0;0;0;0;1;61.0000;-2391.0000;82.0000;267;262;297;0;0;4
10400;272;0;0;235;247;230;89.0000;53.0000;115.0000;40.0000;7.0000;70.0000;1;0;0;0;0;0;1;61.0000;-2391.0000;82.0000;267;262;297;0;0;4
10411;272;0;0;235;247;230;89.0000;53.0000;115.0000;40.0000;7.0000;70.0000;1;0;0;0;0;0;2;61.0000;-2391.0000;82.0000;267;262;297;0;0;4
10421;272;0;0;235;247;230;89.0000;53.0000;115.0000;40.0000;7.0000;70.0000;1;0;0;0;0;0;2;61.0000;-2391.0000;82.0000;267;262;297;0;0;4
10432;272;0;0;235;247;230;89.0000;53.0000;115.0000;40.0000;7.0000;70.0000;1;0;0;0;0;0;2;61.0000;-2391.0000;82.0000;267;262;297;0;0;16388
10442;272;0;0;235;247;230;89.0000;53.0000;115.0000;40.0000;7.0000;70.0000;1;0;0;0;0;0;2;61.0000;-2391.0000;82.0000;267;262;297;0;0;16412
10453;272;0;0;235;247;230;92.0000;53.0000;115.0000;40.0000;7.0000;70.0000;1;0;0;0;0;0;2;61.0000;-2391.0000;82.0000;267;262;297;0;0;16892
10464;272;0;0;235;247;230;92.0000;53.0000;108.0000;40.0000;7.0000;70.0000;1;0;0;0;0;0;2;61.0000;-2391.0000;82.0000;267;262;297;0;0;17404
10474;272;0;0;235;247;230;92.0000;147.0000;108.0000;40.0000;7.0000;70.0000;1;0;0;0;0;0;2;61.0000;-2391.0000;82.0000;267;262;297;0;0;17404
10485;272;0;0;235;247;230;92.0000;147.0000;108.0000;40.0000;7.0000;70.0000;1;0;0;0;0;0;2;68.0000;-2391.0000;115.0000;267;262;297;0;0;17404
10496;272;0;0;235;247;230;92.0000;147.0000;108.0000;40.0000;7.0000;70.0000;1;0;0;0;0;0;2;68.0000;-2391.0000;115.0000;267;262;297;0;0;17404
10506;272;0;0;235;247;230;92.0000;147.0000;108.0000;40.0000;7.0000;70.0000;1;0;0;0;0;0;2;68.0000;-2391.0000;115.0000;267;262;297;0;0;17404
10516;272;0;0;235;247;230;92.0000;147.0000;108.0000;40.0000;7.0000;70.0000;1;0;0;0;0;0;2;68.0000;-2391.0000;115.0000;267;262;297;0;0;17404
10527;272;0;0;235;247;230;92.0000;147.0000;108.0000;40.0000;7.0000;70.0000;1;0;0;0;0;0;2;68.0000;-2391.0000;115.0000;267;262;297;0;0;17404
10538;272;0;0;235;247;230;115.0000;147.0000;108.0000;40.0000;7.0000;70.0000;1;0;0;0;0;0;2;68.0000;-2391.0000;115.0000;267;262;297;0;0;17404
10548;272;0;0;235;247;230;115.0000;147.0000;108.0000;40.0000;7.0000;70.0000;1;0;0;0;0;0;2;68.0000;-2391.0000;115.0000;267;262;297;0;0;17404
10559;272;0;0;235;247;230;115.0000;147.0000;108.0000;40.0000;7.0000;70.0000;1;0;0;0;0;0;2;68.0000;-2391.0000;115.0000;267;262;297;0;0;17406
10571;272;0;0;235;247;230;115.0000;40.0000;112.0000;40.0000;7.0000;70.0000;1;0;0;0;0;0;2;68.0000;-2391.0000;115.0000;267;262;297;0;0;17406
10583;272;0;0;235;247;230;115.0000;40.0000;112.0000;40.0000;7.0000;70.0000;1;0;0;0;0;0;2;135.0000;-2391.0000;108.0000;267;262;297;0;0;17406
10593;272;0;0;235;247;230;115.0000;40.0000;112.0000;40.0000;7.0000;70.0000;1;0;0;0;0;0;2;135.0000;-2391.0000;108.0000;267;262;297;0;0;17406
10603;272;0;0;235;247;230;115.0000;40.0000;112.0000;40.0000;7.0000;70.0000;1;0;0;0;0;0;2;135.0000;-2391.0000;108.0000;267;262;297;0;0;17406
10614;272;0;0;235;247;230;115.0000;40.0000;112.0000;40.0000;7.0000;70.0000;1;0;0;0;0;0;2;135.0000;-2391.0000;108.0000;267;262;297;0;0;17406
10624;272;0;0;235;247;230;115.0000;40.0000;112.0000;40.0000;7.0000;70.0000;1;0;0;0;0;0;2;135.0000;-2391.0000;108.0000;267;262;297;0;0;17406
10635;272;0;0;235;247;230;115.0000;40.0000;112.0000;40.0000;7.0000;70.0000;1;0;0;0;0;0;2;135.0000;-2391.0000;108.0000;267;262;297;0;0;17406
10645;272;0;0;235;247;230;95.0000;40.0000;112.0000;40.0000;7.0000;70.0000;1;0;0;0;0;0;2;135.0000;-2391.0000;108.0000;267;262;297;0;0;17406
10655;272;0;0;235;247;230;95.0000;40.0000;112.0000;40.0000;7.0000;70.0000;1;0;0;0;0;0;2;135.0000;-2391.0000;108.0000;267;262;297;0;0;17406
10666;272;0;0;235;247;230;95.0000;40.0000;129.0000;40.0000;7.0000;70.0000;1;0;0;0;0;0;2;135.0000;-2391.0000;108.0000;267;262;297;0;0;17406
10677;272;0;0;235;247;230;95.0000;26.0000;129.0000;40.0000;7.0000;70.0000;1;0;0;0;0;0;2;135.0000;-2391.0000;108.0000;267;262;297;0;0;17406
10687;272;0;0;235;247;230;95.0000;26.0000;129.0000;40.0000;7.0000;70.0000;1;0;0;0;0;0;2;71.0000;-2391.0000;115.0000;267;262;297;0;0;17406
10698;272;0;0;235;247;230;95.0000;26.0000;129.0000;40.0000;7.0000;70.0000;1;0;0;0;0;0;2;71.0000;-2391.0000;115.0000;267;262;297;0;0;17406
10708;272;0;0;235;247;230;95.0000;26.0000;129.0000;40.0000;7.0000;70.0000;1;0;0;0;0;0;2;71.0000;-2391.0000;115.0000;267;262;297;0;0;17406
10719;272;0;0;235;247;230;95.0000;26.0000;129.0000;40.0000;7.0000;70.0000;1;0;0;0;0;0;2;71.0000;-2391.0000;115.0000;267;262;297;0;0;17406
10729;272;0;0;235;247;230;95.0000;26.0000;129.0000;40.0000;7.0000;70.0000;1;0;0;0;0;0;2;71.0000;-2391.0000;115.0000;267;262;297;0;0;17406
10740;272;0;0;235;247;230;119.0000;26.0000;129.0000;40.0000;7.0000;70.0000;1;0;0;0;0;0;2;71.0000;-2391.0000;115.0000;267;262;297;0;0;17406
10751;272;0;0;235;247;230;119.0000;26.0000;129.0000;40.0000;7.0000;70.0000;1;0;0;0;0;0;2;71.0000;-2391.0000;115.0000;267;262;297;0;0;17406
10761;272;0;0;235;247;230;119.0000;26.0000;132.0000;40.0000;7.0000;70.0000;1;0;0;0;0;0;2;71.0000;-2391.0000;115.0000;267;262;297;0;0;17406
10772;272;0;0;235;247;230;119.0000;161.0000;132.0000;40.0000;7.0000;70.0000;1;0;0;0;0;0;2;71.0000;-2391.0000;115.0000;267;262;297;0;0;17406
10783;272;0;0;235;247;230;119.0000;161.0000;132.0000;40.0000;7.0000;70.0000;1;0;0;0;0;0;2;125.0000;-2391.0000;115.0000;267;262;297;0;0;17406
10794;272;0;0;235;247;230;119.0000;161.0000;132.0000;40.0000;7.0000;70.0000;1;0;0;0;0;0;2;125.0000;-2391.0000;102.0000;267;262;297;0;0;17406
10804;272;0;0;235;247;230;119.0000;161.0000;132.0000;40.0000;7.0000;70.0000;1;0;0;0;0;0;2;125.0000;-2391.0000;102.0000;267;262;297;0;0;17406
10815;272;0;0;235;247;230;119.0000;161.0000;132.0000;40.0000;7.0000;70.0000;1;0;0;0;0;0;2;125.0000;-2391.0000;102.0000;267;262;297;0;0;17406
10825;272;0;0;235;247;230;119.0000;161.0000;132.0000;40.0000;7.0000;70.0000;1;0;0;0;0;0;2;125.0000;-2391.0000;102.0000;267;262;297;0;0;17406
10835;272;0;0;235;247;230;119.0000;161.0000;132.0000;40.0000;7.0000;70.0000;1;0;0;0;0;0;2;125.0000;-2391.0000;102.0000;267;262;297;0;0;17406
10846;272;0;0;235;247;230;95.0000;161.0000;132.0000;40.0000;7.0000;70.0000;1;0;0;0;0;0;2;125.0000;-2391.0000;102.0000;267;262;297;0;0;17406
10856;272;0;0;235;247;230;95.0000;161.0000;132.0000;40.0000;7.0000;70.0000;1;0;0;0;0;0;2;125.0000;-2391.0000;102.0000;267;262;297;0;0;17406
10866;272;0;0;235;247;230;95.0000;161.0000;88.0000;40.0000;7.0000;70.0000;1;0;0;0;0;0;2;125.0000;-2391.0000;102.0000;267;262;297;0;0;17406
10877;272;0;0;235;247;230;95.0000;-26.0000;88.0000;40.0000;7.0000;70.0000;1;0;0;0;0;0;2;125.0000;-2391.0000;102.0000;267;262;297;0;0;17406
10888;272;0;0;235;247;230;95.0000;-26.0000;88.0000;40.0000;7.0000;70.0000;1;0;0;0;0;0;2;122.0000;-2391.0000;95.0000;267;262;297;0;0;17406
10898;272;0;0;235;247;230;95.0000;-26.0000;88.0000;40.0000;7.0000;70.0000;1;0;0;0;0;0;2;122.0000;-2391.0000;95.0000;267;262;297;0;0;17406
10908;272;0;0;235;247;230;95.0000;-26.0000;88.0000;40.0000;7.0000;70.0000;1;0;0;0;0;0;2;122.0000;-2391.0000;95.0000;267;262;297;0;0;17406
10919;272;0;0;235;247;230;95.0000;-26.0000;88.0000;40.0000;7.0000;70.0000;1;0;0;0;0;0;2;122.0000;-2391.0000;95.0000;267;262;297;0;0;17406
10929;272;0;0;235;247;230;95.0000;-26.0000;88.0000;40.0000;7.0000;70.0000;1;0;0;0;0;0;2;122.0000;-2391.0000;95.0000;267;262;297;0;0;17406
10940;272;0;0;235;247;230;95.0000;-26.0000;88.0000;40.0000;7.0000;70.0000;1;0;0;0;0;0;2;122.0000;-2391.0000;95.0000;267;262;297;0;0;17406
10950;272;0;0;235;247;230;95.0000;-26.0000;88.0000;40.0000;7.0000;70.0000;1;0;0;0;0;0;2;122.0000;-2391.0000;95.0000;267;262;297;0;0;17406
10961;272;0;0;235;247;230;95.0000;-26.0000;92.0000;40.0000;7.0000;70.0000;1;0;0;0;0;0;2;122.0000;-2391.0000;95.0000;267;262;297;0;0;17406
10972;272;0;0;235;247;230;95.0000;-26.0000;92.0000;40.0000;7.0000;70.0000;1;0;0;0;0;0;2;122.0000;-2391.0000;95.0000;267;262;297;0;0;17406
10983;272;0;0;235;247;230;95.0000;147.0000;92.0000;40.0000;7.0000;70.0000;1;0;0;0;0;0;2;122.0000;-2391.0000;95.0000;267;262;297;0;0;17406
10993;272;0;0;235;247;230;95.0000;147.0000;92.0000;40.0000;7.0000;70.0000;1;0;0;0;0;0;2;78.0000;-2391.0000;65.0000;267;262;297;0;0;17406
11004;272;0;0;235;247;230;95.0000;147.0000;92.0000;40.0000;7.0000;70.0000;1;0;0;0;0;0;2;78.0000;-2391.0000;65.0000;267;262;297;0;0;17406
11014;272;0;0;235;247;230;95.0000;147.0000;92.0000;40.0000;7.0000;70.0000;1;0;0;0;0;0;2;78.0000;-2391.0000;65.0000;267;262;297;0;0;17406
11024;272;0;0;235;247;230;95.0000;147.0000;92.0000;40.0000;7.0000;70.0000;1;0;0;0;0;0;2;78.0000;-2391.0000;65.0000;267;262;297;0;0;17406
11035;272;0;0;235;247;230;95.0000;147.0000;92.0000;40.0000;7.0000;70.0000;1;0;0;0;0;0;2;78.0000;-2391.0000;65.0000;267;262;297;0;0;17406
11045;272;0;0;235;247;230;79.0000;147.0000;92.0000;40.0000;7.0000;70.0000;1;0;0;0;0;0;2;78.0000;-2391.0000;65.0000;267;262;297;0;0;17406
11055;272;0;0;235;247;230;79.0000;147.0000;92.0000;40.0000;7.0000;70.0000;1;0;0;0;0;0;2;78.0000;-2391.0000;65.0000;267;262;297;0;0;17406
11066;272;0;0;235;247;230;79.0000;147.0000;88.0000;40.0000;7.0000;70.0000;1;0;0;0;0;0;2;78.0000;-2391.0000;65.0000;267;262;297;0;0;17406
11076;272;0;0;235;247;230;79.0000;-13.0000;88.0000;40.0000;7.0000;70.0000;1;0;0;0;0;0;2;78.0000;-2391.0000;65.0000;267;262;297;0;0;17406
11087;272;0;0;235;247;230;79.0000;-13.0000;88.0000;40.0000;7.0000;70.0000;1;0;0;0;0;0;2;81.0000;-2391.0000;135.0000;267;262;297;0;0;17406
11098;272;0;0;235;247;230;79.0000;-13.0000;88.0000;40.0000;7.0000;70.0000;1;0;0;0;0;0;2;81.0000;-2391.0000;135.0000;267;262;297;0;0;17406
11109;272;0;0;235;247;230;79.0000;-13.0000;88.0000;40.0000;7.0000;70.0000;1;0;0;0;0;0;2;81.0000;-2391.0000;135.0000;267;262;297;0;0;17406
11119;272;0;0;235;247;230;79.0000;-13.0000;88.0000;40.0000;7.0000;70.0000;1;0;0;0;0;0;2;81.0000;-2391.0000;135.0000;267;262;297;0;0;17406
11130;272;0;0;235;247;230;79.0000;-13.0000;88.0000;40.0000;7.0000;70.0000;1;0;0;0;0;0;2;81.0000;-2391.0000;135.0000;267;262;297;0;0;17406
11140;272;0;0;235;247;230;79.0000;-13.0000;88.0000;40.0000;7.0000;70.0000;1;0;0;0;0;0;2;81.0000;-2391.0000;135.0000;267;262;297;0;0;17406
11151;272;0;0;235;247;230;115.0000;-13.0000;88.0000;40.0000;7.0000;70.0000;1;0;0;0;0;0;2;81.0000;-2391.0000;135.0000;267;262;297;0;0;17406
11161;272;0;0;235;247;230;115.0000;-13.0000;88.0000;40.0000;7.0000;70.0000;1;0;0;0;0;0;2;81.0000;-2391.0000;135.0000;267;262;297;0;0;17406
11174;272;0;0;235;247;230;115.0000;-13.0000;122.0000;40.0000;7.0000;70.0000;1;0;0;0;0;0;2;81.0000;-2391.0000;135.0000;267;262;297;0;0;17406
11184;272;0;0;235;247;230;115.0000;40.0000;122.0000;40.0000;7.0000;70.0000;1;0;0;0;0;0;2;125.0000;-2391.0000;135.0000;267;262;297;0;0;17406
11195;272;0;0;235;247;230;115.0000;40.0000;122.0000;40.0000;7.0000;70.0000;1;0;0;0;0;0;2;125.0000;-2391.0000;65.0000;267;262;297;0;0;17406
11206;272;0;0;235;247;230;115.0000;40.0000;122.0000;40.0000;7.0000;70.0000;1;0;0;0;0;0;2;125.0000;-2391.0000;65.0000;267;262;297;0;0;17406
11216;272;0;0;235;247;230;115.0000;40.0000;122.0000;40.0000;7.0000;70.0000;1;0;0;0;0;0;2;125.0000;-2391.0000;65.0000;267;262;297;0;0;17406
11227;272;0;0;235;247;230;115.0000;40.0000;122.0000;40.0000;7.0000;70.0000;1;0;0;0;0;0;2;125.0000;-2391.0000;65.0000;267;262;297;0;0;17406
11237;272;0;0;235;247;230;115.0000;40.0000;122.0000;40.0000;7.0000;70.0000;1;0;0;0;0;0;2;125.0000;-2391.0000;65.0000;267;262;297;0;0;17406
11247;272;0;0;235;247;230;75.0000;40.0000;122.0000;40.0000;7.0000;70.0000;1;0;0;0;0;0;2;125.0000;-2391.0000;65.0000;267;262;297;0;0;17406
11258;272;0;0;235;247;230;75.0000;40.0000;122.0000;40.0000;7.0000;70.0000;1;0;0;0;0;0;2;125.0000;-2391.0000;65.0000;267;262;297;0;0;17406
11269;272;0;0;235;247;230;75.0000;40.0000;102.0000;40.0000;7.0000;70.0000;1;0;0;0;0;0;2;125.0000;-2391.0000;65.0000;267;262;297;0;0;17406
11280;272;0;0;235;247;230;75.0000;147.0000;102.0000;40.0000;7.0000;70.0000;1;0;0;0;0;0;2;125.0000;-2391.0000;65.0000;267;262;297;0;0;17396
11295;272;0;0;235;247;230;75.0000;147.0000;102.0000;44.0000;7.0000;70.0000;1;0;0;0;0;0;2;122.0000;-2391.0000;135.0000;267;262;297;0;0;17380
11305;272;0;0;235;247;230;75.0000;147.0000;102.0000;44.0000;7.0000;70.0000;1;0;0;0;0;0;2;122.0000;-2391.0000;135.0000;267;262;297;0;0;17380
11316;272;0;0;235;247;230;75.0000;147.0000;102.0000;44.0000;7.0000;70.0000;1;0;0;0;0;0;2;122.0000;-2391.0000;135.0000;267;262;297;0;0;17380
11326;272;0;0;235;247;230;75.0000;147.0000;102.0000;44.0000;7.0000;70.0000;1;0;0;0;0;0;2;122.0000;-2391.0000;135.0000;267;262;297;0;0;17380
11336;272;0;0;235;247;230;75.0000;147.0000;102.0000;44.0000;7.0000;70.0000;1;0;0;0;0;0;2;122.0000;-2391.0000;135.0000;267;262;297;0;0;17380
11346;272;0;0;235;247;230;72.0000;147.0000;102.0000;44.0000;7.0000;70.0000;1;0;0;0;0;0;2;122.0000;-2391.0000;135.0000;267;262;297;0;0;17380
11357;272;0;0;235;247;230;72.0000;147.0000;102.0000;44.0000;7.0000;70.0000;1;0;0;0;0;0;2;122.0000;-2391.0000;135.0000;267;262;297;0;0;17380
11368;272;0;0;235;247;230;72.0000;147.0000;122.0000;44.0000;7.0000;70.0000;1;0;0;0;0;0;2;122.0000;-2391.0000;135.0000;267;262;297;0;0;17380
11378;272;0;0;235;247;230;72.0000;147.0000;122.0000;44.0000;7.0000;70.0000;1;0;0;0;0;0;2;122.0000;-2391.0000;135.0000;267;262;297;0;0;17380
11389;272;0;0;235;247;230;72.0000;147.0000;122.0000;44.0000;7.0000;70.0000;1;0;0;0;0;0;2;78.0000;-2391.0000;135.0000;267;262;297;0;0;17380
11400;272;0;0;235;247;230;72.0000;147.0000;122.0000;44.0000;7.0000;70.0000;1;0;0;0;0;0;2;78.0000;-2391.0000;82.0000;267;262;297;0;0;17380
11411;272;0;0;235;247;230;72.0000;147.0000;122.0000;44.0000;7.0000;70.0000;1;0;0;0;0;0;2;78.0000;-2391.0000;82.0000;267;262;297;0;0;17380
11421;272;0;0;235;247;230;72.0000;147.0000;122.0000;44.0000;7.0000;70.0000;1;0;0;0;0;0;2;78.0000;-2391.0000;82.0000;267;262;297;0;0;17380
11431;272;0;0;235;247;230;72.0000;147.0000;122.0000;44.0000;7.0000;70.0000;1;0;0;0;0;0;2;78.0000;-2391.0000;82.0000;267;262;297;0;0;17380
11442;272;0;0;235;247;230;72.0000;147.0000;122.0000;44.0000;7.0000;70.0000;1;0;0;0;0;0;2;78.0000;-2391.0000;82.0000;267;262;297;0;0;17380
11452;272;0;0;235;247;230;79.0000;147.0000;122.0000;44.0000;7.0000;70.0000;1;0;0;0;0;0;2;78.0000;-2391.0000;82.0000;267;262;297;0;0;17380
11463;272;0;0;235;247;230;79.0000;147.0000;122.0000;44.0000;7.0000;70.0000;1;0;0;0;0;0;2;78.0000;-2391.0000;82.0000;267;262;297;0;0;17380
11474;272;0;0;235;247;230;79.0000;147.0000;108.0000;44.0000;7.0000;70.0000;1;0;0;0;0;0;2;78.0000;-2391.0000;82.0000;267;262;297;0;0;17380
11484;272;0;0;235;247;230;79.0000;107.0000;108.0000;44.0000;7.0000;70.0000;1;0;0;0;0;0;2;78.0000;-2391.0000;82.0000;267;262;297;0;0;17380
11496;272;0;0;235;247;230;79.0000;107.0000;108.0000;44.0000;7.0000;70.0000;1;0;0;0;0;0;2;132.0000;-2391.0000;65.0000;267;262;297;0;0;17382
11506;272;0;0;235;247;230;79.0000;107.0000;108.0000;44.0000;7.0000;70.0000;1;0;0;0;0;0;2;132.0000;-2391.0000;65.0000;267;262;297;0;0;17406
11517;272;0;0;235;247;230;79.0000;107.0000;108.0000;44.0000;7.0000;70.0000;1;0;0;0;0;0;2;132.0000;-2391.0000;65.0000;267;262;297;0;0;17406
11527;272;0;0;235;247;230;79.0000;107.0000;108.0000;44.0000;7.0000;70.0000;1;0;0;0;0;0;2;132.0000;-2391.0000;65.0000;267;262;297;0;0;17406
11540;272;0;0;235;247;230;79.0000;107.0000;108.0000;44.0000;7.0000;70.0000;1;0;0;0;0;0;2;132.0000;-2391.0000;65.0000;267;262;297;0;0;17406
11550;272;0;0;235;247;230;102.0000;107.0000;108.0000;44.0000;7.0000;70.0000;1;0;0;0;0;0;2;132.0000;-2391.0000;65.0000;267;262;297;0;0;17406
11561;272;0;0;235;247;230;102.0000;107.0000;108.0000;44.0000;7.0000;70.0000;1;0;0;0;0;0;2;132.0000;-2391.0000;65.0000;267;262;297;0;0;17406
11571;272;0;0;235;247;230;102.0000;107.0000;125.0000;44.0000;7.0000;70.0000;1;0;0;0;0;0;2;132.0000;-2391.0000;65.0000;267;262;297;0;0;17406
11582;272;0;0;235;247;230;102.0000;134.0000;125.0000;44.0000;7.0000;70.0000;1;0;0;0;0;0;2;132.0000;-2391.0000;65.0000;267;262;297;0;0;17406
11592;272;0;0;235;247;230;102.0000;134.0000;125.0000;44.0000;7.0000;70.0000;1;0;0;0;0;0;2;68.0000;-2391.0000;135.0000;267;262;297;0;0;17406
11605;272;0;0;235;247;230;102.0000;134.0000;125.0000;44.0000;7.0000;70.0000;1;0;0;0;0;0;2;68.0000;-2391.0000;135.0000;267;262;297;0;0;17406
11615;272;0;0;235;247;230;102.0000;134.0000;125.0000;44.0000;7.0000;70.0000;1;0;0;0;0;0;2;68.0000;-2391.0000;135.0000;267;262;297;0;0;17406
11626;272;0;0;235;247;230;102.0000;134.0000;125.0000;44.0000;7.0000;70.0000;1;0;0;0;0;0;2;68.0000;-2391.0000;135.0000;267;262;297;0;0;17406
11636;272;0;0;235;247;230;102.0000;134.0000;125.0000;44.0000;7.0000;70.0000;1;0;0;0;0;0;2;68.0000;-2391.0000;135.0000;267;262;297;0;0;17406
11647;272;0;0;235;247;230;115.0000;134.0000;125.0000;44.0000;7.0000;70.0000;1;0;0;0;0;0;2;68.0000;-2391.0000;135.0000;267;262;297;0;0;17406
11657;272;0;0;235;247;230;115.0000;134.0000;125.0000;44.0000;7.0000;70.0000;1;0;0;0;0;0;2;68.0000;-2391.0000;135.0000;267;262;297;0;0;17406
11668;272;0;0;235;247;230;115.0000;134.0000;115.0000;44.0000;7.0000;70.0000;1;0;0;0;0;0;2;68.0000;-2391.0000;135.0000;267;262;297;0;0;17406
11678;272;0;0;235;247;230;115.0000;134.0000;115.0000;44.0000;7.0000;70.0000;1;0;0;0;0;0;2;68.0000;-2391.0000;135.0000;267;262;297;0;0;17406
11688;272;0;0;235;247;230;115.0000;174.0000;115.0000;44.0000;7.0000;70.0000;1;0;0;0;0;0;2;105.0000;-2391.0000;135.0000;267;262;297;0;0;17406
11699;272;0;0;235;247;230;115.0000;174.0000;115.0000;44.0000;7.0000;70.0000;1;0;0;0;0;0;2;105.0000;-2391.0000;132.0000;267;262;297;0;0;17406
11710;272;0;0;235;247;230;115.0000;174.0000;115.0000;44.0000;7.0000;70.0000;1;0;0;0;0;0;2;105.0000;-2391.0000;132.0000;267;262;297;0;0;17406
11720;272;0;0;235;247;230;115.0000;174.0000;115.0000;44.0000;7.0000;70.0000;1;0;0;0;0;0;2;105.0000;-2391.0000;132.0000;267;262;297;0;0;17406
11731;272;0;0;235;247;230;115.0000;174.0000;115.0000;44.0000;7.0000;70.0000;1;0;0;0;0;0;2;105.0000;-2391.0000;132.0000;267;262;297;0;0;17406
11741;272;0;0;235;247;230;115.0000;174.0000;115.0000;44.0000;7.0000;70.0000;1;0;0;0;0;0;2;105.0000;-2391.0000;132.0000;267;262;297;0;0;17406
11752;272;0;0;235;247;230;119.0000;174.0000;115.0000;44.0000;7.0000;70.0000;1;0;0;0;0;0;2;105.0000;-2391.0000;132.0000;267;262;297;0;0;17406
11762;272;0;0;235;247;230;119.0000;174.0000;115.0000;44.0000;7.0000;70.0000;1;0;0;0;0;0;2;105.0000;-2391.0000;132.0000;267;262;297;0;0;17406
11772;272;0;0;235;247;230;119.0000;174.0000;129.0000;44.0000;7.0000;70.0000;1;0;0;0;0;0;2;105.0000;-2391.0000;132.0000;267;262;297;0;0;17406
11784;272;0;0;235;247;230;119.0000;-13.0000;129.0000;44.0000;7.0000;70.0000;1;0;0;0;0;0;2;105.0000;-2391.0000;132.0000;267;262;297;0;0;17406
11794;272;0;0;235;247;230;119.0000;-13.0000;129.0000;44.0000;7.0000;70.0000;1;0;0;0;0;0;2;71.0000;-2391.0000;72.0000;267;262;297;0;0;17406
11805;272;0;0;235;247;230;119.0000;-13.0000;129.0000;44.0000;7.0000;70.0000;1;0;0;0;0;0;2;71.0000;-2391.0000;72.0000;267;262;297;0;0;17406
11815;272;0;0;235;247;230;119.0000;-13.0000;129.0000;44.0000;7.0000;70.0000;1;0;0;0;0;0;2;71.0000;-2391.0000;72.0000;267;262;297;0;0;17406
11826;272;0;0;235;247;230;119.0000;-13.0000;129.0000;44.0000;7.0000;70.0000;1;0;0;0;0;0;2;71.0000;-2391.0000;72.0000;267;262;297;0;0;17406
11836;272;0;0;235;247;230;119.0000;-13.0000;129.0000;44.0000;7.0000;70.0000;1;0;0;0;0;0;2;71.0000;-2391.0000;72.0000;267;262;297;0;0;17406
11847;272;0;0;235;247;230;89.0000;-13.0000;129.0000;44.0000;7.0000;70.0000;1;0;0;0;0;0;2;71.0000;-2391.0000;72.0000;267;262;297;0;0;17406
11857;272;0;0;235;247;230;89.0000;-13.0000;129.0000;44.0000;7.0000;70.0000;1;0;0;0;0;0;2;71.0000;-2391.0000;72.0000;267;262;297;0;0;17406
11868;272;0;0;235;247;230;89.0000;-13.0000;108.0000;44.0000;7.0000;70.0000;1;0;0;0;0;0;2;71.0000;-2391.0000;72.0000;267;262;297;0;0;17406
11878;272;0;0;235;247;230;89.0000;-13.0000;108.0000;44.0000;7.0000;70.0000;1;0;0;0;0;0;2;71.0000;-2391.0000;72.0000;267;262;297;0;0;17406
11889;272;0;0;235;247;230;89.0000;107.0000;108.0000;44.0000;7.0000;70.0000;1;0;0;0;0;0;2;71.0000;-2391.0000;72.0000;267;262;297;0;0;17406
11901;272;0;0;235;247;230;89.0000;107.0000;108.0000;44.0000;7.0000;70.0000;1;0;0;0;0;0;2;75.0000;-2391.0000;72.0000;267;262;297;0;0;17406
11911;272;0;0;235;247;230;89.0000;107.0000;108.0000;44.0000;7.0000;70.0000;1;0;0;0;0;0;2;75.0000;-2391.0000;105.0000;267;262;297;0;0;17406
11922;272;0;0;235;247;230;89.0000;107.0000;108.0000;44.0000;7.0000;70.0000;1;0;0;0;0;0;2;75.0000;-2391.0000;105.0000;267;262;297;0;0;17406
11934;272;0;0;235;247;230;89.0000;107.0000;108.0000;44.0000;7.0000;70.0000;1;0;0;0;0;0;2;75.0000;-2391.0000;105.0000;267;262;297;0;0;17406
11945;272;0;0;235;247;230;89.0000;107.0000;108.0000;44.0000;7.0000;70.0000;1;0;0;0;0;0;2;75.0000;-2391.0000;105.0000;267;262;297;0;0;17406
11955;272;0;0;235;247;230;95.0000;107.0000;108.0000;44.0000;7.0000;70.0000;1;0;0;0;0;0;2;75.0000;-2391.0000;105.0000;267;262;297;0;0;17406
11966;272;0;0;235;247;230;95.0000;107.0000;108.0000;44.0000;7.0000;70.0000;1;0;0;0;0;0;2;75.0000;-2391.0000;105.0000;267;262;297;0;0;17406
11977;272;0;0;235;247;230;95.0000;107.0000;98.0000;44.0000;7.0000;70.0000;1;0;0;0;0;0;2;75.0000;-2391.0000;105.0000;267;262;297;0;0;17406
11987;272;0;0;235;247;230;95.0000;107.0000;98.0000;44.0000;7.0000;70.0000;1;0;0;0;0;0;2;75.0000;-2391.0000;105.0000;267;262;297;0;0;17406
11998;272;0;0;235;247;230;95.0000;107.0000;98.0000;44.0000;7.0000;70.0000;1;0;0;0;0;0;2;88.0000;-2391.0000;72.0000;267;262;297;0;0;17406
12008;272;0;0;235;247;230;95.0000;107.0000;98.0000;44.0000;7.0000;70.0000;1;0;0;0;0;0;2;88.0000;-2391.0000;72.0000;267;262;297;0;0;17406
12019;272;0;0;235;247;230;95.0000;107.0000;98.0000;44.0000;7.0000;70.0000;1;0;0;0;0;0;2;88.0000;-2391.0000;72.0000;267;262;297;0;0;17406
12029;272;0;0;235;247;230;95.0000;107.0000;98.0000;44.0000;7.0000;70.0000;1;0;0;0;0;0;2;88.0000;-2391.0000;72.0000;267;262;297;0;0;17406
12040;272;0;0;235;247;230;95.0000;107.0000;98.0000;44.0000;7.0000;70.0000;1;0;0;0;0;0;2;88.0000;-2391.0000;72.0000;267;262;297;0;0;17406
12050;272;0;0;235;247;230;72.0000;107.0000;98.0000;44.0000;7.0000;70.0000;1;0;0;0;0;0;2;88.0000;-2391.0000;72.0000;267;262;297;0;0;17406
12061;272;0;0;235;247;230;72.0000;107.0000;98.0000;44.0000;7.0000;70.0000;1;0;0;0;0;0;2;88.0000;-2391.0000;72.0000;267;262;297;0;0;17406
12071;272;0;0;235;247;230;72.0000;107.0000;85.0000;44.0000;7.0000;70.0000;1;0;0;0;0;0;2;88.0000;-2391.0000;72.0000;267;262;297;0;0;17406
12082;272;0;0;235;247;230;72.0000;107.0000;85.0000;44.0000;7.0000;70.0000;1;0;0;0;0;0;2;88.0000;-2391.0000;72.0000;267;262;297;0;0;17406
12093;272;0;0;235;247;230;72.0000;-26.0000;85.0000;44.0000;7.0000;70.0000;1;0;0;0;0;0;2;112.0000;-2391.0000;112.0000;267;262;297;0;0;17406
12104;272;0;0;235;247;230;72.0000;-26.0000;85.0000;44.0000;7.0000;70.0000;1;0;0;0;0;0;2;112.0000;-2391.0000;112.0000;267;262;297;0;0;17406
12117;272;0;0;235;247;230;72.0000;-26.0000;85.0000;44.0000;7.0000;70.0000;1;0;0;0;0;0;2;112.0000;-2391.0000;112.0000;267;262;297;0;0;17406
12130;272;0;0;235;247;230;72.0000;-26.0000;85.0000;44.0000;7.0000;70.0000;1;0;0;0;0;0;2;112.0000;-2391.0000;112.0000;267;262;297;0;0;17406
12141;272;0;0;235;247;230;72.0000;-26.0000;85.0000;44.0000;7.0000;70.0000;1;0;0;0;0;0;2;112.0000;-2391.0000;112.0000;267;262;297;0;0;17406
12151;272;0;0;235;247;230;112.0000;-26.0000;85.0000;44.0000;7.0000;70.0000;1;0;0;0;0;0;2;112.0000;-2391.0000;112.0000;267;262;297;0;0;17406
12162;272;0;0;235;247;230;112.0000;-26.0000;85.0000;44.0000;7.0000;70.0000;1;0;0;0;0;0;2;112.0000;-2391.0000;112.0000;267;262;297;0;0;17406
12172;272;0;0;235;247;230;112.0000;-26.0000;88.0000;44.0000;7.0000;70.0000;1;0;0;0;0;0;2;112.0000;-2391.0000;112.0000;267;262;297;0;0;17406
12183;272;0;0;235;247;230;112.0000;-26.0000;88.0000;44.0000;7.0000;70.0000;1;0;0;0;0;0;2;112.0000;-2391.0000;112.0000;267;262;297;0;0;17406
12194;272;0;0;235;247;230;112.0000;53.0000;88.0000;44.0000;7.0000;70.0000;1;0;0;0;0;0;2;115.0000;-2391.0000;98.0000;267;262;297;0;0;17406
12205;272;0;0;235;247;230;112.0000;53.0000;88.0000;44.0000;7.0000;70.0000;1;0;0;0;0;0;2;115.0000;-2391.0000;98.0000;267;262;297;0;0;17406
12215;272;0;0;235;247;230;112.0000;53.0000;88.0000;44.0000;7.0000;70.0000;1;0;0;0;0;0;2;115.0000;-2391.0000;98.0000;267;262;297;0;0;17406
12226;272;0;0;235;247;230;112.0000;53.0000;88.0000;44.0000;7.0000;70.0000;1;0;0;0;0;0;2;115.0000;-2391.0000;98.0000;267;262;297;0;0;17376
12236;272;0;0;235;247;230;112.0000;53.0000;88.0000;44.0000;7.0000;70.0000;1;0;0;0;0;0;2;115.0000;-2391.0000;98.0000;267;262;297;0;0;17376
12246;272;0;0;235;247;230;112.0000;53.0000;88.0000;44.0000;7.0000;70.0000;1;0;0;0;0;0;2;115.0000;-2391.0000;98.0000;267;262;297;0;0;17376
12257;272;0;0;235;247;230;102.0000;53.0000;88.0000;44.0000;7.0000;70.0000;1;0;0;0;0;0;2;115.0000;-2391.0000;98.0000;267;262;297;0;0;17376
12267;272;0;0;235;247;230;102.0000;53.0000;88.0000;44.0000;7.0000;70.0000;1;0;0;0;0;0;2;115.0000;-2391.0000;98.0000;267;262;297;0;0;17376
12278;272;0;0;235;247;230;102.0000;53.0000;125.0000;44.0000;7.0000;70.0000;1;0;0;0;0;0;2;115.0000;-2391.0000;98.0000;267;262;297;0;0;17376
12289;272;0;0;235;247;230;102.0000;134.0000;125.0000;44.0000;7.0000;70.0000;1;0;0;0;0;0;2;115.0000;-2391.0000;98.0000;267;262;297;0;0;17376
12300;272;0;0;235;247;230;102.0000;134.0000;125.0000;40.0000;7.0000;70.0000;1;0;0;0;0;0;2;135.0000;-2391.0000;132.0000;267;262;297;0;0;17376
12311;272;0;0;235;247;230;102.0000;134.0000;125.0000;40.0000;7.0000;70.0000;1;0;0;0;0;0;2;135.0000;-2391.0000;132.0000;267;262;297;0;0;17376
12322;272;0;0;235;247;230;102.0000;134.0000;125.0000;40.0000;7.0000;70.0000;1;0;0;0;0;0;2;135.0000;-2391.0000;132.0000;267;262;297;0;0;17376
12332;272;0;0;235;247;230;102.0000;134.0000;125.0000;40.0000;7.0000;70.0000;1;0;0;0;0;0;2;135.0000;-2391.0000;132.0000;267;262;297;0;0;17380
12343;272;0;0;235;247;230;102.0000;134.0000;125.0000;40.0000;7.0000;70.0000;1;0;0;0;0;0;2;135.0000;-2391.0000;132.0000;267;262;297;0;0;17380
12353;272;0;0;235;247;230;75.0000;134.0000;125.0000;40.0000;7.0000;70.0000;1;0;0;0;0;0;2;135.0000;-2391.0000;132.0000;267;262;297;0;0;17380
12364;272;0;0;235;247;230;75.0000;134.0000;125.0000;40.0000;7.0000;70.0000;1;0;0;0;0;0;2;135.0000;-2391.0000;132.0000;267;262;297;0;0;17380
12374;272;0;0;235;247;230;75.0000;134.0000;129.0000;40.0000;7.0000;70.0000;1;0;0;0;0;0;2;135.0000;-2391.0000;132.0000;267;262;297;0;0;17380
12385;272;0;0;235;247;230;75.0000;134.0000;129.0000;40.0000;7.0000;70.0000;1;0;0;0;0;0;2;135.0000;-2391.0000;132.0000;267;262;297;0;0;17380
12396;272;0;0;235;247;230;75.0000;120.0000;129.0000;40.0000;7.0000;70.0000;1;0;0;0;0;0;2;135.0000;-2391.0000;132.0000;267;262;297;0;0;17380
12425;272;0;0;235;247;230;75.0000;120.0000;129.0000;40.0000;7.0000;70.0000;1;0;0;0;0;0;2;112.0000;-2391.0000;119.0000;267;262;297;0;0;17380
12436;272;0;0;235;247;230;75.0000;120.0000;129.0000;40.0000;7.0000;70.0000;1;0;0;0;0;0;2;112.0000;-2391.0000;119.0000;267;262;297;0;0;17404
12446;272;0;0;235;247;230;75.0000;120.0000;129.0000;40.0000;7.0000;70.0000;1;0;0;0;0;0;2;112.0000;-2391.0000;119.0000;267;262;297;0;0;17404
12457;272;0;0;235;247;230;119.0000;120.0000;129.0000;40.0000;7.0000;70.0000;1;0;0;0;0;0;2;112.0000;-2391.0000;119.0000;267;262;297;0;0;17404
12467;272;0;0;235;247;230;119.0000;120.0000;129.0000;40.0000;7.0000;70.0000;1;0;0;0;0;0;2;112.0000;-2391.0000;119.0000;267;262;297;0;0;17404
12477;272;0;0;235;247;230;119.0000;120.0000;85.0000;40.0000;7.0000;70.0000;1;0;0;0;0;0;2;112.0000;-2391.0000;119.0000;267;262;297;0;0;17404
12489;272;0;0;235;247;230;119.0000;53.0000;85.0000;40.0000;7.0000;70.0000;1;0;0;0;0;0;2;112.0000;-2391.0000;119.0000;267;262;297;0;0;17404
12499;272;0;0;235;247;230;119.0000;53.0000;85.0000;40.0000;7.0000;70.0000;1;0;0;0;0;0;2;68.0000;-2391.0000;119.0000;267;262;297;0;0;17404
12510;272;0;0;235;247;230;119.0000;53.0000;85.0000;40.0000;7.0000;70.0000;1;0;0;0;0;0;2;68.0000;-2391.0000;119.0000;267;262;297;0;0;17404
12520;272;0;0;235;247;230;119.0000;53.0000;85.0000;40.0000;7.0000;70.0000;1;0;0;0;0;0;2;68.0000;-2391.0000;119.0000;267;262;297;0;0;17404
12531;272;0;0;235;247;230;119.0000;53.0000;85.0000;40.0000;7.0000;70.0000;1;0;0;0;0;0;2;68.0000;-2391.0000;119.0000;267;262;297;0;0;17404
12541;272;0;0;235;247;230;119.0000;53.0000;85.0000;40.0000;7.0000;70.0000;1;0;0;0;0;0;2;68.0000;-2391.0000;119.0000;267;262;297;0;0;17406
12552;272;0;0;235;247;230;119.0000;53.0000;85.0000;40.0000;7.0000;70.0000;1;0;0;0;0;0;2;68.0000;-2391.0000;119.0000;267;262;297;0;0;17406
12562;272;0;0;235;247;230;92.0000;53.0000;85.0000;40.0000;7.0000;70.0000;1;0;0;0;0;0;2;68.0000;-2391.0000;119.0000;267;262;297;0;0;17406
12573;272;0;0;235;247;230;92.0000;53.0000;115.0000;40.0000;7.0000;70.0000;1;0;0;0;0;0;2;68.0000;-2391.0000;119.0000;267;262;297;0;0;17406
12584;272;0;0;235;247;230;92.0000;53.0000;115.0000;40.0000;7.0000;70.0000;1;0;0;0;0;0;2;68.0000;-2391.0000;119.0000;267;262;297;0;0;17406
12594;272;0;0;235;247;230;92.0000;53.0000;115.0000;40.0000;7.0000;70.0000;1;0;0;0;0;0;2;88.0000;-2391.0000;119.0000;267;262;297;0;0;17406
12606;272;0;0;235;247;230;92.0000;53.0000;115.0000;40.0000;7.0000;70.0000;1;0;0;0;0;0;2;88.0000;-2391.0000;68.0000;267;262;297;0;0;17406
12617;272;0;0;235;247;230;92.0000;53.0000;115.0000;40.0000;7.0000;70.0000;1;0;0;0;0;0;2;88.0000;-2391.0000;68.0000;267;262;297;0;0;17406
12627;272;0;0;235;247;230;92.0000;53.0000;115.0000;40.0000;7.0000;70.0000;1;0;0;0;0;0;2;88.0000;-2391.0000;68.0000;267;262;297;0;0;17406
12638;272;0;0;235;247;230;92.0000;53.0000;115.0000;40.0000;7.0000;70.0000;1;0;0;0;0;0;2;88.0000;-2391.0000;68.0000;267;262;297;0;0;17406
12650;272;0;0;235;247;230;92.0000;53.0000;115.0000;40.0000;7.0000;70.0000;1;0;0;0;0;0;2;88.0000;-2391.0000;68.0000;267;262;297;0;0;17406
12660;272;0;0;235;247;230;79.0000;53.0000;115.0000;40.0000;7.0000;70.0000;1;0;0;0;0;0;2;88.0000;-2391.0000;68.0000;267;262;297;0;0;17406
12672;272;0;0;235;247;230;79.0000;53.0000;115.0000;40.0000;7.0000;70.0000;1;0;0;0;0;0;2;88.0000;-2391.0000;68.0000;267;262;297;0;0;17406
12686;272;0;0;235;247;230;79.0000;53.0000;125.0000;40.0000;7.0000;70.0000;1;0;0;0;0;0;2;88.0000;-2391.0000;68.0000;267;262;297;0;0;17406
12697;272;0;0;235;247;230;79.0000;-26.0000;125.0000;40.0000;7.0000;70.0000;1;0;0;0;0;0;2;65.0000;-2391.0000;95.0000;267;262;297;0;0;17406
12708;272;0;0;235;247;230;79.0000;-26.0000;125.0000;40.0000;7.0000;70.0000;1;0;0;0;0;0;2;65.0000;-2391.0000;95.0000;267;262;297;0;0;17406
12718;272;0;0;235;247;230;79.0000;-26.0000;125.0000;40.0000;7.0000;70.0000;1;0;0;0;0;0;2;65.0000;-2391.0000;95.0000;267;262;297;0;0;17406
12728;272;0;0;235;247;230;79.0000;-26.0000;125.0000;40.0000;7.0000;70.0000;1;0;0;0;0;0;2;65.0000;-2391.0000;95.0000;267;262;297;0;0;17406
12739;272;0;0;235;247;230;79.0000;-26.0000;125.0000;40.0000;7.0000;70.0000;1;0;0;0;0;0;2;65.0000;-2391.0000;95.0000;267;262;297;0;0;17406
12749;272;0;0;235;247;230;79.0000;-26.0000;125.0000;40.0000;7.0000;70.0000;1;0;0;0;0;0;2;65.0000;-2391.0000;95.0000;267;262;297;0;0;17406
12759;272;0;0;235;247;230;112.0000;-26.0000;125.0000;40.0000;7.0000;70.0000;1;0;0;0;0;0;2;65.0000;-2391.0000;95.0000;267;262;297;0;0;17406
12770;272;0;0;235;247;230;112.0000;-26.0000;125.0000;40.0000;7.0000;70.0000;1;0;0;0;0;0;2;65.0000;-2391.0000;95.0000;267;262;297;0;0;17406
12781;272;0;0;235;247;230;112.0000;-26.0000;85.0000;40.0000;7.0000;70.0000;1;0;0;0;0;0;2;65.0000;-2391.0000;95.0000;267;262;297;0;0;17406
12793;272;0;0;235;247;230;112.0000;161.0000;85.0000;40.0000;7.0000;70.0000;1;0;0;0;0;0;2;65.0000;-2391.0000;95.0000;267;262;297;0;0;17406
12803;272;0;0;235;247;230;112.0000;161.0000;85.0000;40.0000;7.0000;70.0000;1;0;0;0;0;0;2;128.0000;-2391.0000;68.0000;267;262;297;0;0;17406
12814;272;0;0;235;247;230;112.0000;161.0000;85.0000;40.0000;7.0000;70.0000;1;0;0;0;0;0;2;128.0000;-2391.0000;68.0000;267;262;297;0;0;17406
12824;272;0;0;235;247;230;112.0000;161.0000;85.0000;40.0000;7.0000;70.0000;1;0;0;0;0;0;2;128.0000;-2391.0000;68.0000;267;262;297;0;0;17406
12834;272;0;0;235;247;230;112.0000;161.0000;85.0000;40.0000;7.0000;70.0000;1;0;0;0;0;0;2;128.0000;-2391.0000;68.0000;267;262;297;0;0;17406
12845;272;0;0;235;247;230;112.0000;161.0000;85.0000;40.0000;7.0000;70.0000;1;0;0;0;0;0;2;128.0000;-2391.0000;68.0000;267;262;297;0;0;17406
12855;272;0;0;235;247;230;112.0000;161.0000;85.0000;40.0000;7.0000;70.0000;1;0;0;0;0;0;2;128.0000;-2391.0000;68.0000;267;262;297;0;0;17406
12866;272;0;0;235;247;230;119.0000;161.0000;85.0000;40.0000;7.0000;70.0000;1;0;0;0;0;0;2;128.0000;-2391.0000;68.0000;267;262;297;0;0;17406
12876;272;0;0;235;247;230;119.0000;161.0000;129.0000;40.0000;7.0000;70.0000;1;0;0;0;0;0;2;128.0000;-2391.0000;68.0000;267;262;297;0;0;17406
12887;272;0;0;235;247;230;119.0000;161.0000;129.0000;40.0000;7.0000;70.0000;1;0;0;0;0;0;2;128.0000;-2391.0000;68.0000;267;262;297;0;0;17406
12898;272;0;0;235;247;230;119.0000;147.0000;129.0000;40.0000;7.0000;70.0000;1;0;0;0;0;0;2;75.0000;-2391.0000;68.0000;267;262;297;0;0;17406
12908;272;0;0;235;247;230;119.0000;147.0000;129.0000;40.0000;7.0000;70.0000;1;0;0;0;0;0;2;75.0000;-2391.0000;102.0000;267;262;297;0;0;17406
12919;272;0;0;235;247;230;119.0000;147.0000;129.0000;40.0000;7.0000;70.0000;1;0;0;0;0;0;2;75.0000;-2391.0000;102.0000;267;262;297;0;0;17406
12929;272;0;0;235;247;230;119.0000;147.0000;129.0000;40.0000;7.0000;70.0000;1;0;0;0;0;0;2;75.0000;-2391.0000;102.0000;267;262;297;0;0;17406
12939;272;0;0;235;247;230;119.0000;147.0000;129.0000;40.0000;7.0000;70.0000;1;0;0;0;0;0;2;75.0000;-2391.0000;102.0000;267;262;297;0;0;17406
12950;272;0;0;235;247;230;119.0000;147.0000;129.0000;40.0000;7.0000;70.0000;1;0;0;0;0;0;2;75.0000;-2391.0000;102.0000;267;262;297;0;0;17406
12966;272;0;0;235;247;230;95.0000;147.0000;129.0000;40.0000;7.0000;70.0000;1;0;0;0;0;0;2;75.0000;-2391.0000;102.0000;267;262;297;0;0;17406
12976;272;0;0;235;247;230;95.0000;147.0000;85.0000;40.0000;7.0000;70.0000;1;0;0;0;0;0;2;75.0000;-2391.0000;102.0000;267;262;297;0;0;17406
12987;272;0;0;235;247;230;95.0000;147.0000;85.0000;40.0000;7.0000;70.0000;1;0;0;0;0;0;2;75.0000;-2391.0000;102.0000;267;262;297;0;0;17406
12998;272;0;0;235;247;230;95.0000;-13.0000;85.0000;40.0000;7.0000;70.0000;1;0;0;0;0;0;2;92.0000;-2391.0000;102.0000;267;262;297;0;0;17406
13008;272;0;0;235;247;230;95.0000;-13.0000;85.0000;40.0000;7.0000;70.0000;1;0;0;0;0;0;2;92.0000;-2391.0000;115.0000;267;262;297;0;0;17406
13019;272;0;0;235;247;230;95.0000;-13.0000;85.0000;40.0000;7.0000;70.0000;1;0;0;0;0;0;2;92.0000;-2391.0000;115.0000;267;262;297;0;0;17406
13029;272;0;0;235;247;230;95.0000;-13.0000;85.0000;40.0000;7.0000;70.0000;1;0;0;0;0;0;2;92.0000;-2391.0000;115.0000;267;262;297;0;0;17406
13039;272;0;0;235;247;230;95.0000;-13.0000;85.0000;40.0000;7.0000;70.0000;1;0;0;0;0;0;2;92.0000;-2391.0000;115.0000;267;262;297;0;0;17406
13049;272;0;0;235;247;230;95.0000;-13.0000;85.0000;40.0000;7.0000;70.0000;1;0;0;0;0;0;2;92.0000;-2391.0000;115.0000;267;262;297;0;0;17406
13061;272;0;0;235;247;230;95.0000;-13.0000;85.0000;40.0000;7.0000;70.0000;1;0;0;0;0;0;2;92.0000;-2391.0000;115.0000;267;262;297;0;0;17406
13071;272;0;0;235;247;230;122.0000;-13.0000;85.0000;40.0000;7.0000;70.0000;1;0;0;0;0;0;2;92.0000;-2391.0000;115.0000;267;262;297;0;0;17406
13082;272;0;0;235;247;230;122.0000;-13.0000;105.0000;40.0000;7.0000;70.0000;1;0;0;0;0;0;2;92.0000;-2391.0000;115.0000;267;262;297;0;0;17406
13093;272;0;0;235;247;230;122.0000;-13.0000;105.0000;40.0000;7.0000;70.0000;1;0;0;0;0;0;2;92.0000;-2391.0000;115.0000;267;262;297;0;0;17406
13104;272;0;0;235;247;230;122.0000;67.0000;105.0000;40.0000;7.0000;70.0000;1;0;0;0;0;0;2;112.0000;-2391.0000;135.0000;267;262;297;0;0;17406
13115;272;0;0;235;247;230;122.0000;67.0000;105.0000;40.0000;7.0000;70.0000;1;0;0;0;0;0;2;112.0000;-2391.0000;135.0000;267;262;297;0;0;17406
13125;272;0;0;235;247;230;122.0000;67.0000;105.0000;40.0000;7.0000;70.0000;1;0;0;0;0;0;2;112.0000;-2391.0000;135.0000;267;262;297;0;0;17406
13136;272;0;0;235;247;230;122.0000;67.0000;105.0000;40.0000;7.0000;70.0000;1;0;0;0;0;0;2;112.0000;-2391.0000;135.0000;267;262;297;0;0;17406
13146;272;0;0;235;247;230;122.0000;67.0000;105.0000;40.0000;7.0000;70.0000;1;0;0;0;0;0;2;112.0000;-2391.0000;135.0000;267;262;297;0;0;17406
13156;272;0;0;235;247;230;122.0000;67.0000;105.0000;40.0000;7.0000;70.0000;1;0;0;0;0;0;2;112.0000;-2391.0000;135.0000;267;262;297;0;0;17406
13167;272;0;0;235;247;230;99.0000;67.0000;105.0000;40.0000;7.0000;70.0000;1;0;0;0;0;0;2;112.0000;-2391.0000;135.0000;267;262;297;0;0;17406
13177;272;0;0;235;247;230;99.0000;67.0000;125.0000;40.0000;7.0000;70.0000;1;0;0;0;0;0;2;112.0000;-2391.0000;135.0000;267;262;297;0;0;17406
13188;272;0;0;235;247;230;99.0000;67.0000;125.0000;40.0000;7.0000;70.0000;1;0;0;0;0;0;2;112.0000;-2391.0000;135.0000;267;262;297;0;0;17406
13199;272;0;0;235;247;230;99.0000;-26.0000;125.0000;40.0000;7.0000;70.0000;1;0;0;0;0;0;2;75.0000;-2391.0000;135.0000;267;262;297;0;0;17406
13214;272;0;0;235;247;230;99.0000;-26.0000;125.0000;40.0000;7.0000;70.0000;1;0;0;0;0;0;2;75.0000;-2391.0000;135.0000;267;262;297;0;0;17406
13225;272;0;0;235;247;230;99.0000;-26.0000;125.0000;40.0000;7.0000;70.0000;1;0;0;0;0;0;2;75.0000;-2391.0000;135.0000;267;262;297;0;0;17406
13235;272;0;0;235;247;230;99.0000;-26.0000;125.0000;40.0000;7.0000;70.0000;1;0;0;0;0;0;2;75.0000;-2391.0000;135.0000;267;262;297;0;0;17406
13250;272;0;0;235;247;230;99.0000;-26.0000;125.0000;40.0000;7.0000;70.0000;1;0;0;0;0;0;2;75.0000;-2391.0000;135.0000;267;262;297;0;0;17406
13260;272;0;0;235;247;230;99.0000;-26.0000;125.0000;40.0000;7.0000;70.0000;1;0;0;0;0;0;2;75.0000;-2391.0000;135.0000;267;262;297;0;0;17406
13271;272;0;0;235;247;230;109.0000;-26.0000;125.0000;40.0000;7.0000;70.0000;1;0;0;0;0;0;2;75.0000;-2391.0000;135.0000;267;262;297;0;0;17396
13281;272;0;0;235;247;230;109.0000;-26.0000;132.0000;40.0000;7.0000;70.0000;1;0;0;0;0;0;2;75.0000;-2391.0000;135.0000;267;262;297;0;0;17380
13292;272;0;0;235;247;230;109.0000;-26.0000;132.0000;40.0000;7.0000;70.0000;1;0;0;0;0;0;2;75.0000;-2391.0000;135.0000;267;262;297;0;0;17380
13304;272;0;0;235;247;230;109.0000;80.0000;132.0000;55.0000;7.0000;70.0000;1;0;0;0;0;0;2;132.0000;-2391.0000;135.0000;267;262;297;0;0;17380
13314;272;0;0;235;247;230;109.0000;80.0000;132.0000;55.0000;7.0000;70.0000;1;0;0;0;0;0;2;132.0000;-2391.0000;135.0000;267;262;297;0;0;17380
13325;272;0;0;235;247;230;109.0000;80.0000;132.0000;55.0000;7.0000;70.0000;1;0;0;0;0;0;2;132.0000;-2391.0000;135.0000;267;262;297;0;0;17380
13335;272;0;0;235;247;230;109.0000;80.0000;132.0000;55.0000;7.0000;70.0000;1;0;0;0;0;0;2;132.0000;-2391.0000;135.0000;267;262;297;0;0;17380
13345;272;0;0;235;247;230;109.0000;80.0000;132.0000;55.0000;7.0000;70.0000;1;0;0;0;0;0;2;132.0000;-2391.0000;135.0000;267;262;297;0;0;17380
13356;272;0;0;235;247;230;109.0000;80.0000;132.0000;55.0000;7.0000;70.0000;1;0;0;0;0;0;2;132.0000;-2391.0000;135.0000;267;262;297;0;0;17380
13366;272;0;0;235;247;230;85.0000;80.0000;132.0000;55.0000;7.0000;70.0000;1;0;0;0;0;0;2;132.0000;-2391.0000;135.0000;267;262;297;0;0;17380
13377;272;0;0;235;247;230;85.0000;80.0000;132.0000;55.0000;7.0000;70.0000;1;0;0;0;0;0;2;132.0000;-2391.0000;135.0000;267;262;297;0;0;17380
13388;272;0;0;235;247;230;85.0000;80.0000;122.0000;55.0000;7.0000;70.0000;1;0;0;0;0;0;2;132.0000;-2391.0000;135.0000;267;262;297;0;0;17380
13399;272;0;0;235;247;230;85.0000;147.0000;122.0000;55.0000;7.0000;70.0000;1;0;0;0;0;0;2;132.0000;-2391.0000;135.0000;267;262;297;0;0;17380
13409;272;0;0;235;247;230;85.0000;147.0000;122.0000;55.0000;7.0000;70.0000;1;0;0;0;0;0;2;122.0000;-2391.0000;82.0000;267;262;297;0;0;17380
13420;272;0;0;235;247;230;85.0000;147.0000;122.0000;55.0000;7.0000;70.0000;1;0;0;0;0;0;2;122.0000;-2391.0000;82.0000;267;262;297;0;0;17380
13431;272;0;0;235;247;230;85.0000;147.0000;122.0000;55.0000;7.0000;70.0000;1;0;0;0;0;0;2;122.0000;-2391.0000;82.0000;267;262;297;0;0;17380
13443;272;0;0;235;247;230;85.0000;147.0000;122.0000;55.0000;7.0000;70.0000;1;0;0;0;0;0;2;122.0000;-2391.0000;82.0000;267;262;297;0;0;17380
13454;272;0;0;235;247;230;85.0000;147.0000;122.0000;55.0000;7.0000;70.0000;1;0;0;0;0;0;2;122.0000;-2391.0000;82.0000;267;262;297;0;0;17380
13464;272;0;0;235;247;230;85.0000;147.0000;122.0000;55.0000;7.0000;70.0000;1;0;0;0;0;0;2;122.0000;-2391.0000;82.0000;267;262;297;0;0;17380
13475;272;0;0;235;247;230;82.0000;147.0000;122.0000;55.0000;7.0000;70.0000;1;0;0;0;0;0;2;122.0000;-2391.0000;82.0000;267;262;297;0;0;17380
13485;272;0;0;235;247;230;82.0000;147.0000;115.0000;55.0000;7.0000;70.0000;1;0;0;0;0;0;2;122.0000;-2391.0000;82.0000;267;262;297;0;0;17406
13496;272;0;0;235;247;230;82.0000;147.0000;115.0000;55.0000;7.0000;70.0000;1;0;0;0;0;0;2;122.0000;-2391.0000;82.0000;267;262;297;0;0;17406
13506;272;0;0;235;247;230;82.0000;161.0000;115.0000;55.0000;7.0000;70.0000;1;0;0;0;0;0;2;132.0000;-2391.0000;135.0000;267;262;297;0;0;17406
13517;272;0;0;235;247;230;82.0000;161.0000;115.0000;55.0000;7.0000;70.0000;1;0;0;0;0;0;2;132.0000;-2391.0000;135.0000;267;262;297;0;0;17406
13527;272;0;0;235;247;230;82.0000;161.0000;115.0000;55.0000;7.0000;70.0000;1;0;0;0;0;0;2;132.0000;-2391.0000;135.0000;267;262;297;0;0;17406
13537;272;0;0;235;247;230;82.0000;161.0000;115.0000;55.0000;7.0000;70.0000;1;0;0;0;0;0;2;132.0000;-2391.0000;135.0000;267;262;297;0;0;17406
13548;272;0;0;235;247;230;82.0000;161.0000;115.0000;55.0000;7.0000;70.0000;1;0;0;0;0;0;2;132.0000;-2391.0000;135.0000;267;262;297;0;0;17406
13558;272;0;0;235;247;230;82.0000;161.0000;115.0000;55.0000;7.0000;70.0000;1;0;0;0;0;0;2;132.0000;-2391.0000;135.0000;267;262;297;0;0;17406
13568;272;0;0;235;247;230;112.0000;161.0000;115.0000;55.0000;7.0000;70.0000;1;0;0;0;0;0;2;132.0000;-2391.0000;135.0000;267;262;297;0;0;17406
13579;272;0;0;235;247;230;112.0000;161.0000;115.0000;55.0000;7.0000;70.0000;1;0;0;0;0;0;2;132.0000;-2391.0000;135.0000;267;262;297;0;0;17406
13589;272;0;0;235;247;230;112.0000;161.0000;129.0000;55.0000;7.0000;70.0000;1;0;0;0;0;0;2;132.0000;-2391.0000;135.0000;267;262;297;0;0;17406
13601;272;0;0;235;247;230;112.0000;161.0000;129.0000;55.0000;7.0000;70.0000;1;0;0;0;0;0;2;132.0000;-2391.0000;135.0000;267;262;297;0;0;17406
13611;272;0;0;235;247;230;112.0000;161.0000;129.0000;55.0000;7.0000;70.0000;1;0;0;0;0;0;2;142.0000;-2391.0000;125.0000;267;262;297;0;0;17406
13622;272;0;0;235;247;230;112.0000;161.0000;129.0000;55.0000;7.0000;70.0000;1;0;0;0;0;0;2;142.0000;-2391.0000;125.0000;267;262;297;0;0;17406
13632;272;0;0;235;247;230;112.0000;161.0000;129.0000;55.0000;7.0000;70.0000;1;0;0;0;0;0;2;142.0000;-2391.0000;125.0000;267;262;297;0;0;17406
13642;272;0;0;235;247;230;112.0000;161.0000;129.0000;55.0000;7.0000;70.0000;1;0;0;0;0;0;2;142.0000;-2391.0000;125.0000;267;262;297;0;0;17406
13653;272;0;0;235;247;230;112.0000;161.0000;129.0000;55.0000;7.0000;70.0000;1;0;0;0;0;0;2;142.0000;-2391.0000;125.0000;267;262;297;0;0;17406
13663;272;0;0;235;247;230;112.0000;161.0000;129.0000;55.0000;7.0000;70.0000;1;0;0;0;0;0;2;142.0000;-2391.0000;125.0000;267;262;297;0;0;17406
13673;272;0;0;235;247;230;109.0000;161.0000;129.0000;55.0000;7.0000;70.0000;1;0;0;0;0;0;2;142.0000;-2391.0000;125.0000;267;262;297;0;0;17406
13684;272;0;0;235;247;230;109.0000;161.0000;139.0000;55.0000;7.0000;70.0000;1;0;0;0;0;0;2;142.0000;-2391.0000;125.0000;267;262;297;0;0;17406
13694;272;0;0;235;247;230;109.0000;161.0000;139.0000;55.0000;7.0000;70.0000;1;0;0;0;0;0;2;142.0000;-2391.0000;125.0000;267;262;297;0;0;17406
13705;272;0;0;235;247;230;109.0000;93.0000;139.0000;55.0000;7.0000;70.0000;1;0;0;0;0;0;2;125.0000;-2391.0000;98.0000;267;262;297;0;0;17406
13716;272;0;0;235;247;230;109.0000;93.0000;139.0000;55.0000;7.0000;70.0000;1;0;0;0;0;0;2;125.0000;-2391.0000;98.0000;267;262;297;0;0;17406
13726;272;0;0;235;247;230;109.0000;93.0000;139.0000;55.0000;7.0000;70.0000;1;0;0;0;0;0;2;125.0000;-2391.0000;98.0000;267;262;297;0;0;17406
13737;272;0;0;235;247;230;109.0000;93.0000;139.0000;55.0000;7.0000;70.0000;1;0;0;0;0;0;2;125.0000;-2391.0000;98.0000;267;262;297;0;0;17406
13747;272;0;0;235;247;230;109.0000;93.0000;139.0000;55.0000;7.0000;70.0000;1;0;0;0;0;0;2;125.0000;-2391.0000;98.0000;267;262;297;0;0;17406
13757;272;0;0;235;247;230;109.0000;93.0000;139.0000;55.0000;7.0000;70.0000;1;0;0;0;0;0;2;125.0000;-2391.0000;98.0000;267;262;297;0;0;17406
13768;272;0;0;235;247;230;109.0000;93.0000;139.0000;55.0000;7.0000;70.0000;1;0;0;0;0;0;2;125.0000;-2391.0000;98.0000;267;262;297;0;0;17406
13778;272;0;0;235;247;230;95.0000;93.0000;139.0000;55.0000;7.0000;70.0000;1;0;0;0;0;0;2;125.0000;-2391.0000;98.0000;267;262;297;0;0;17406
13789;272;0;0;235;247;230;95.0000;93.0000;129.0000;55.0000;7.0000;70.0000;1;0;0;0;0;0;2;125.0000;-2391.0000;98.0000;267;262;297;0;0;17406
13800;272;0;0;235;247;230;95.0000;147.0000;129.0000;55.0000;7.0000;70.0000;1;0;0;0;0;0;2;125.0000;-2391.0000;98.0000;267;262;297;0;0;17406
13811;272;0;0;235;247;230;95.0000;147.0000;129.0000;55.0000;7.0000;70.0000;1;0;0;0;0;0;2;135.0000;-2391.0000;72.0000;267;262;297;0;0;17406
13822;272;0;0;235;247;230;95.0000;147.0000;129.0000;55.0000;7.0000;70.0000;1;0;0;0;0;0;2;135.0000;-2391.0000;72.0000;267;262;297;0;0;17406
13832;272;0;0;235;247;230;95.0000;147.0000;129.0000;55.0000;7.0000;70.0000;1;0;0;0;0;0;2;135.0000;-2391.0000;72.0000;267;262;297;0;0;17406
13842;272;0;0;235;247;230;95.0000;147.0000;129.0000;55.0000;7.0000;70.0000;1;0;0;0;0;0;2;135.0000;-2391.0000;72.0000;267;262;297;0;0;17406
13853;272;0;0;235;247;230;95.0000;147.0000;129.0000;55.0000;7.0000;70.0000;1;0;0;0;0;0;2;135.0000;-2391.0000;72.0000;267;262;297;0;0;17406
13863;272;0;0;235;247;230;95.0000;147.0000;129.0000;55.0000;7.0000;70.0000;1;0;0;0;0;0;2;135.0000;-2391.0000;72.0000;267;262;297;0;0;17406
13873;272;0;0;235;247;230;102.0000;147.0000;129.0000;55.0000;7.0000;70.0000;1;0;0;0;0;0;2;135.0000;-2391.0000;72.0000;267;262;297;0;0;17406
13884;272;0;0;235;247;230;102.0000;147.0000;108.0000;55.0000;7.0000;70.0000;1;0;0;0;0;0;2;135.0000;-2391.0000;72.0000;267;262;297;0;0;17406
13896;272;0;0;235;247;230;102.0000;147.0000;108.0000;55.0000;7.0000;70.0000;1;0;0;0;0;0;2;135.0000;-2391.0000;72.0000;267;262;297;0;0;17406
13906;272;0;0;235;247;230;102.0000;93.0000;108.0000;55.0000;7.0000;70.0000;1;0;0;0;0;0;2;68.0000;-2391.0000;82.0000;267;262;297;0;0;17406
13917;272;0;0;235;247;230;102.0000;93.0000;108.0000;55.0000;7.0000;70.0000;1;0;0;0;0;0;2;68.0000;-2391.0000;82.0000;267;262;297;0;0;17406
13927;272;0;0;235;247;230;102.0000;93.0000;108.0000;55.0000;7.0000;70.0000;1;0;0;0;0;0;2;68.0000;-2391.0000;82.0000;267;262;297;0;0;17406
13937;272;0;0;235;247;230;102.0000;93.0000;108.0000;55.0000;7.0000;70.0000;1;0;0;0;0;0;2;68.0000;-2391.0000;82.0000;267;262;297;0;0;17406
13948;272;0;0;235;247;230;102.0000;93.0000;108.0000;55.0000;7.0000;70.0000;1;0;0;0;0;0;2;68.0000;-2391.0000;82.0000;267;262;297;0;0;17406
13960;272;0;0;235;247;230;102.0000;93.0000;108.0000;55.0000;7.0000;70.0000;1;0;0;0;0;0;2;68.0000;-2391.0000;82.0000;267;262;297;0;0;17406
13970;272;0;0;235;247;230;72.0000;93.0000;108.0000;55.0000;7.0000;70.0000;1;0;0;0;0;0;2;68.0000;-2391.0000;82.0000;267;262;297;0;0;17406
13981;272;0;0;235;247;230;72.0000;93.0000;108.0000;55.0000;7.0000;70.0000;1;0;0;0;0;0;2;68.0000;-2391.0000;82.0000;267;262;297;0;0;17406
13991;272;0;0;235;247;230;72.0000;93.0000;129.0000;55.0000;7.0000;70.0000;1;0;0;0;0;0;2;68.0000;-2391.0000;82.0000;267;262;297;0;0;17406
14002;272;0;0;235;247;230;72.0000;93.0000;129.0000;55.0000;7.0000;70.0000;1;0;0;0;0;0;2;68.0000;-2391.0000;82.0000;267;262;297;0;0;17406
14012;272;0;0;235;247;230;72.0000;-13.0000;129.0000;55.0000;7.0000;70.0000;1;0;0;0;0;0;2;92.0000;-2391.0000;68.0000;267;262;297;0;0;17406
14023;272;0;0;235;247;230;72.0000;-13.0000;129.0000;55.0000;7.0000;70.0000;1;0;0;0;0;0;2;92.0000;-2391.0000;68.0000;267;262;297;0;0;17406
14033;272;0;0;235;247;230;72.0000;-13.0000;129.0000;55.0000;7.0000;70.0000;1;0;0;0;0;0;2;92.0000;-2391.0000;68.0000;267;262;297;0;0;17406
14043;272;0;0;235;247;230;72.0000;-13.0000;129.0000;55.0000;7.0000;70.0000;1;0;0;0;0;0;2;92.0000;-2391.0000;68.0000;267;262;297;0;0;17406
14054;272;0;0;235;247;230;72.0000;-13.0000;129.0000;55.0000;7.0000;70.0000;1;0;0;0;0;0;2;92.0000;-2391.0000;68.0000;267;262;297;0;0;17406
14064;272;0;0;235;247;230;72.0000;-13.0000;129.0000;55.0000;7.0000;70.0000;1;0;0;0;0;0;2;92.0000;-2391.0000;68.0000;267;262;297;0;0;17406
14074;272;0;0;235;247;230;99.0000;-13.0000;129.0000;55.0000;7.0000;70.0000;1;0;0;0;0;0;2;92.0000;-2391.0000;68.0000;267;262;297;0;0;17406
14085;272;0;0;235;247;230;99.0000;-13.0000;88.0000;55.0000;7.0000;70.0000;1;0;0;0;0;0;2;92.0000;-2391.0000;68.0000;267;262;297;0;0;17406
14095;272;0;0;235;247;230;99.0000;-13.0000;88.0000;55.0000;7.0000;70.0000;1;0;0;0;0;0;2;92.0000;-2391.0000;68.0000;267;262;297;0;0;17406
14107;272;0;0;235;247;230;99.0000;-13.0000;88.0000;55.0000;7.0000;70.0000;1;0;0;0;0;0;2;92.0000;-2391.0000;68.0000;267;262;297;0;0;17406
14119;272;0;0;235;247;230;99.0000;134.0000;88.0000;55.0000;7.0000;70.0000;1;0;0;0;0;0;2;88.0000;-2391.0000;139.0000;267;262;297;0;0;17406
14129;272;0;0;235;247;230;99.0000;134.0000;88.0000;55.0000;7.0000;70.0000;1;0;0;0;0;0;2;88.0000;-2391.0000;139.0000;267;262;297;0;0;17406
14140;272;0;0;235;247;230;99.0000;134.0000;88.0000;55.0000;7.0000;70.0000;1;0;0;0;0;0;2;88.0000;-2391.0000;139.0000;267;262;297;0;0;17406
14151;272;0;0;235;247;230;99.0000;134.0000;88.0000;55.0000;7.0000;70.0000;1;0;0;0;0;0;2;88.0000;-2391.0000;139.0000;267;262;297;0;0;17406
14161;272;0;0;235;247;230;99.0000;134.0000;88.0000;55.0000;7.0000;70.0000;1;0;0;0;0;0;2;88.0000;-2391.0000;139.0000;267;262;297;0;0;17406
14172;272;0;0;235;247;230;105.0000;134.0000;88.0000;55.0000;7.0000;70.0000;1;0;0;0;0;0;2;88.0000;-2391.0000;139.0000;267;262;297;0;0;17406
14184;272;0;0;235;247;230;105.0000;134.0000;129.0000;55.0000;7.0000;70.0000;1;0;0;0;0;0;2;88.0000;-2391.0000;139.0000;267;262;297;0;0;17406
14195;272;0;0;235;247;230;105.0000;134.0000;129.0000;55.0000;7.0000;70.0000;1;0;0;0;0;0;2;88.0000;-2391.0000;139.0000;267;262;297;0;0;17406
14206;272;0;0;235;247;230;105.0000;134.0000;129.0000;55.0000;7.0000;70.0000;1;0;0;0;0;0;2;118.0000;-2391.0000;139.0000;267;262;297;0;0;17406
14216;272;0;0;235;247;230;105.0000;80.0000;129.0000;55.0000;7.0000;70.0000;1;0;0;0;0;0;2;118.0000;-2391.0000;112.0000;267;262;297;0;0;17406
14226;272;0;0;235;247;230;105.0000;80.0000;129.0000;55.0000;7.0000;70.0000;1;0;0;0;0;0;2;118.0000;-2391.0000;112.0000;267;262;297;0;0;17406
14237;272;0;0;235;247;230;105.0000;80.0000;129.0000;55.0000;7.0000;70.0000;1;0;0;0;0;0;2;118.0000;-2391.0000;112.0000;267;262;297;0;0;17406
14247;272;0;0;235;247;230;105.0000;80.0000;129.0000;55.0000;7.0000;70.0000;1;0;0;0;0;0;2;118.0000;-2391.0000;112.0000;267;262;297;0;0;17406
14258;272;0;0;235;247;230;105.0000;80.0000;129.0000;55.0000;7.0000;70.0000;1;0;0;0;0;0;2;118.0000;-2391.0000;112.0000;267;262;297;0;0;17406
14269;272;0;0;235;247;230;105.0000;80.0000;129.0000;55.0000;7.0000;70.0000;1;0;0;0;0;0;2;118.0000;-2391.0000;112.0000;267;262;297;0;0;17406
14279;272;0;0;235;247;230;129.0000;80.0000;129.0000;55.0000;7.0000;70.0000;1;0;0;0;0;0;2;118.0000;-2391.0000;112.0000;267;262;297;0;0;17406
14290;272;0;0;235;247;230;129.0000;80.0000;82.0000;55.0000;7.0000;70.0000;1;0;0;0;0;0;2;118.0000;-2391.0000;112.0000;267;262;297;0;0;17406
14304;272;0;0;235;247;230;129.0000;80.0000;82.0000;50.0000;7.0000;70.0000;1;0;0;0;0;0;2;118.0000;-2391.0000;112.0000;267;262;297;0;0;17406
14316;272;0;0;235;247;230;129.0000;174.0000;82.0000;50.0000;7.0000;70.0000;1;0;0;0;0;0;2;71.0000;-2391.0000;75.0000;267;262;297;0;0;17396
14326;272;0;0;235;247;230;129.0000;174.0000;82.0000;50.0000;7.0000;70.0000;1;0;0;0;0;0;2;71.0000;-2391.0000;75.0000;267;262;297;0;0;17380
14337;272;0;0;235;247;230;129.0000;174.0000;82.0000;50.0000;7.0000;70.0000;1;0;0;0;0;0;2;71.0000;-2391.0000;75.0000;267;262;297;0;0;17380
14347;272;0;0;235;247;230;129.0000;174.0000;82.0000;50.0000;7.0000;70.0000;1;0;0;0;0;0;2;71.0000;-2391.0000;75.0000;267;262;297;0;0;17380
14358;272;0;0;235;247;230;129.0000;174.0000;82.0000;50.0000;7.0000;70.0000;1;0;0;0;0;0;2;71.0000;-2391.0000;75.0000;267;262;297;0;0;17380
14368;272;0;0;235;247;230;129.0000;174.0000;82.0000;50.0000;7.0000;70.0000;1;0;0;0;0;0;2;71.0000;-2391.0000;75.0000;267;262;297;0;0;17380
14379;272;0;0;235;247;230;126.0000;174.0000;82.0000;50.0000;7.0000;70.0000;1;0;0;0;0;0;2;71.0000;-2391.0000;75.0000;267;262;297;0;0;17380
14389;272;0;0;235;247;230;126.0000;174.0000;108.0000;50.0000;7.0000;70.0000;1;0;0;0;0;0;2;71.0000;-2391.0000;75.0000;267;262;297;0;0;17380
14400;272;0;0;235;247;230;126.0000;174.0000;108.0000;50.0000;7.0000;70.0000;1;0;0;0;0;0;2;71.0000;-2391.0000;75.0000;267;262;297;0;0;17380
14410;272;0;0;235;247;230;126.0000;26.0000;108.0000;50.0000;7.0000;70.0000;1;0;0;0;0;0;2;135.0000;-2391.0000;75.0000;267;262;297;0;0;17380
14421;272;0;0;235;247;230;126.0000;26.0000;108.0000;50.0000;7.0000;70.0000;1;0;0;0;0;0;2;135.0000;-2391.0000;92.0000;267;262;297;0;0;17380
14432;272;0;0;235;247;230;126.0000;26.0000;108.0000;50.0000;7.0000;70.0000;1;0;0;0;0;0;2;135.0000;-2391.0000;92.0000;267;262;297;0;0;17380
14442;272;0;0;235;247;230;126.0000;26.0000;108.0000;50.0000;7.0000;70.0000;1;0;0;0;0;0;2;135.0000;-2391.0000;92.0000;267;262;297;0;0;17380
14453;272;0;0;235;247;230;126.0000;26.0000;108.0000;50.0000;7.0000;70.0000;1;0;0;0;0;0;2;135.0000;-2391.0000;92.0000;267;262;297;0;0;17380
14463;272;0;0;235;247;230;126.0000;26.0000;108.0000;50.0000;7.0000;70.0000;1;0;0;0;0;0;2;135.0000;-2391.0000;92.0000;267;262;297;0;0;17380
14475;272;0;0;235;247;230;95.0000;26.0000;108.0000;50.0000;7.0000;70.0000;1;0;0;0;0;0;2;135.0000;-2391.0000;92.0000;267;262;297;0;0;17380
14487;272;0;0;235;247;230;95.0000;26.0000;129.0000;50.0000;7.0000;70.0000;1;0;0;0;0;0;2;135.0000;-2391.0000;92.0000;267;262;297;0;0;17380
14498;272;0;0;235;247;230;95.0000;26.0000;129.0000;50.0000;7.0000;70.0000;1;0;0;0;0;0;2;135.0000;-2391.0000;92.0000;267;262;297;0;0;17380
14509;272;0;0;235;247;230;95.0000;26.0000;129.0000;50.0000;7.0000;70.0000;1;0;0;0;0;0;2;128.0000;-2391.0000;92.0000;267;262;297;0;0;17380
14520;272;0;0;235;247;230;95.0000;67.0000;129.0000;50.0000;7.0000;70.0000;1;0;0;0;0;0;2;128.0000;-2391.0000;72.0000;267;262;297;0;0;17380
14530;272;0;0;235;247;230;95.0000;67.0000;129.0000;50.0000;7.0000;70.0000;1;0;0;0;0;0;2;128.0000;-2391.0000;72.0000;267;262;297;0;0;17406
14541;272;0;0;235;247;230;95.0000;67.0000;129.0000;50.0000;7.0000;70.0000;1;0;0;0;0;0;2;128.0000;-2391.0000;72.0000;267;262;297;0;0;17406
14551;272;0;0;235;247;230;95.0000;67.0000;129.0000;50.0000;7.0000;70.0000;1;0;0;0;0;0;2;128.0000;-2391.0000;72.0000;267;262;297;0;0;17406
14562;272;0;0;235;247;230;95.0000;67.0000;129.0000;50.0000;7.0000;70.0000;1;0;0;0;0;0;2;128.0000;-2391.0000;72.0000;267;262;297;0;0;17406
14572;272;0;0;235;247;230;95.0000;67.0000;129.0000;50.0000;7.0000;70.0000;1;0;0;0;0;0;2;128.0000;-2391.0000;72.0000;267;262;297;0;0;17406
14582;272;0;0;235;247;230;122.0000;67.0000;129.0000;50.0000;7.0000;70.0000;1;0;0;0;0;0;2;128.0000;-2391.0000;72.0000;267;262;297;0;0;17406
14595;272;0;0;235;247;230;122.0000;67.0000;95.0000;50.0000;7.0000;70.0000;1;0;0;0;0;0;2;128.0000;-2391.0000;72.0000;267;262;297;0;0;17406
14606;272;0;0;235;247;230;122.0000;67.0000;95.0000;50.0000;7.0000;70.0000;1;0;0;0;0;0;2;128.0000;-2391.0000;72.0000;267;262;297;0;0;17406
14616;272;0;0;235;247;230;122.0000;67.0000;95.0000;50.0000;7.0000;70.0000;1;0;0;0;0;0;2;128.0000;-2391.0000;72.0000;267;262;297;0;0;17406
14627;272;0;0;235;247;230;122.0000;147.0000;95.0000;50.0000;7.0000;70.0000;1;0;0;0;0;0;2;92.0000;-2391.0000;122.0000;267;262;297;0;0;17406
14638;272;0;0;235;247;230;122.0000;147.0000;95.0000;50.0000;7.0000;70.0000;1;0;0;0;0;0;2;92.0000;-2391.0000;122.0000;267;262;297;0;0;17406
14648;272;0;0;235;247;230;122.0000;147.0000;95.0000;50.0000;7.0000;70.0000;1;0;0;0;0;0;2;92.0000;-2391.0000;122.0000;267;262;297;0;0;17406
14658;272;0;0;235;247;230;122.0000;147.0000;95.0000;50.0000;7.0000;70.0000;1;0;0;0;0;0;2;92.0000;-2391.0000;122.0000;267;262;297;0;0;17406
14669;272;0;0;235;247;230;122.0000;147.0000;95.0000;50.0000;7.0000;70.0000;1;0;0;0;0;0;2;92.0000;-2391.0000;122.0000;267;262;297;0;0;17406
14679;272;0;0;235;247;230;92.0000;147.0000;95.0000;50.0000;7.0000;70.0000;1;0;0;0;0;0;2;92.0000;-2391.0000;122.0000;267;262;297;0;0;17406
14689;272;0;0;235;247;230;92.0000;147.0000;122.0000;50.0000;7.0000;70.0000;1;0;0;0;0;0;2;92.0000;-2391.0000;122.0000;267;262;297;0;0;17406
14700;272;0;0;235;247;230;92.0000;147.0000;122.0000;50.0000;7.0000;70.0000;1;0;0;0;0;0;2;92.0000;-2391.0000;122.0000;267;262;297;0;0;17406
14711;272;0;0;235;247;230;92.0000;147.0000;122.0000;50.0000;7.0000;70.0000;1;0;0;0;0;0;2;98.0000;-2391.0000;122.0000;267;262;297;0;0;17406
14721;272;0;0;235;247;230;92.0000;-40.0000;122.0000;50.0000;7.0000;70.0000;1;0;0;0;0;0;2;98.0000;-2391.0000;122.0000;267;262;297;0;0;17406
14732;272;0;0;235;247;230;92.0000;-40.0000;122.0000;50.0000;7.0000;70.0000;1;0;0;0;0;0;2;98.0000;-2391.0000;122.0000;267;262;297;0;0;17406
14742;272;0;0;235;247;230;92.0000;-40.0000;122.0000;50.0000;7.0000;70.0000;1;0;0;0;0;0;2;98.0000;-2391.0000;122.0000;267;262;297;0;0;17406
14753;272;0;0;235;247;230;92.0000;-40.0000;122.0000;50.0000;7.0000;70.0000;1;0;0;0;0;0;2;98.0000;-2391.0000;122.0000;267;262;297;0;0;17406
14763;272;0;0;235;247;230;92.0000;-40.0000;122.0000;50.0000;7.0000;70.0000;1;0;0;0;0;0;2;98.0000;-2391.0000;122.0000;267;262;297;0;0;17406
14773;272;0;0;235;247;230;92.0000;-40.0000;122.0000;50.0000;7.0000;70.0000;1;0;0;0;0;0;2;98.0000;-2391.0000;122.0000;267;262;297;0;0;17406
14784;272;0;0;235;247;230;82.0000;-40.0000;122.0000;50.0000;7.0000;70.0000;1;0;0;0;0;0;2;98.0000;-2391.0000;122.0000;267;262;297;0;0;17406
14795;272;0;0;235;247;230;82.0000;-40.0000;102.0000;50.0000;7.0000;70.0000;1;0;0;0;0;0;2;98.0000;-2391.0000;122.0000;267;262;297;0;0;17406
14806;272;0;0;235;247;230;82.0000;-40.0000;102.0000;50.0000;7.0000;70.0000;1;0;0;0;0;0;2;98.0000;-2391.0000;122.0000;267;262;297;0;0;17406
14817;272;0;0;235;247;230;82.0000;161.0000;102.0000;50.0000;7.0000;70.0000;1;0;0;0;0;0;2;135.0000;-2391.0000;82.0000;267;262;297;0;0;17406
14828;272;0;0;235;247;230;82.0000;161.0000;102.0000;50.0000;7.0000;70.0000;1;0;0;0;0;0;2;135.0000;-2391.0000;82.0000;267;262;297;0;0;17406
14838;272;0;0;235;247;230;82.0000;161.0000;102.0000;50.0000;7.0000;70.0000;1;0;0;0;0;0;2;135.0000;-2391.0000;82.0000;267;262;297;0;0;17406
14849;272;0;0;235;247;230;82.0000;161.0000;102.0000;50.0000;7.0000;70.0000;1;0;0;0;0;0;2;135.0000;-2391.0000;82.0000;267;262;297;0;0;17406
14859;272;0;0;235;247;230;82.0000;161.0000;102.0000;50.0000;7.0000;70.0000;1;0;0;0;0;0;2;135.0000;-2391.0000;82.0000;267;262;300;0;0;17406
14870;272;0;0;235;247;230;82.0000;161.0000;102.0000;50.0000;7.0000;70.0000;1;0;0;0;0;0;2;135.0000;-2391.0000;82.0000;267;262;300;0;0;17406
14880;272;0;0;235;247;230;122.0000;161.0000;102.0000;50.0000;7.0000;70.0000;1;0;0;0;0;0;2;135.0000;-2391.0000;82.0000;267;262;300;0;0;17406
14891;272;0;0;235;247;230;122.0000;161.0000;135.0000;50.0000;7.0000;70.0000;1;0;0;0;0;0;2;135.0000;-2391.0000;82.0000;267;262;300;0;0;17406
14901;272;0;0;235;247;230;122.0000;161.0000;135.0000;50.0000;7.0000;70.0000;1;0;0;0;0;0;2;135.0000;-2391.0000;82.0000;267;262;300;0;0;17406
14912;272;0;0;235;247;230;122.0000;161.0000;135.0000;50.0000;7.0000;70.0000;1;0;0;0;0;0;2;125.0000;-2391.0000;82.0000;267;262;300;0;0;17406
14923;272;0;0;235;247;230;122.0000;147.0000;135.0000;50.0000;7.0000;70.0000;1;0;0;0;0;0;2;125.0000;-2391.0000;112.0000;267;262;300;0;0;17406
14933;272;0;0;235;247;230;122.0000;147.0000;135.0000;50.0000;7.0000;70.0000;1;0;0;0;0;0;2;125.0000;-2391.0000;112.0000;267;262;300;0;0;17406
14944;272;0;0;235;247;230;122.0000;147.0000;135.0000;50.0000;7.0000;70.0000;1;0;0;0;0;0;2;125.0000;-2391.0000;112.0000;267;262;300;0;0;17406
14954;272;0;0;235;247;230;122.0000;147.0000;135.0000;50.0000;7.0000;70.0000;1;0;0;0;0;0;2;125.0000;-2391.0000;112.0000;267;262;300;0;0;17406
14964;272;0;0;235;247;230;122.0000;147.0000;135.0000;50.0000;7.0000;70.0000;1;0;0;0;0;0;2;125.0000;-2391.0000;112.0000;267;262;300;0;0;17406
14975;272;0;0;235;247;230;122.0000;147.0000;135.0000;50.0000;7.0000;70.0000;1;0;0;0;0;0;2;125.0000;-2391.0000;112.0000;267;262;300;0;0;17406
14985;272;0;0;235;247;230;89.0000;147.0000;135.0000;50.0000;7.0000;70.0000;1;0;0;0;0;0;2;125.0000;-2391.0000;112.0000;267;262;300;0;0;17406
14996;272;0;0;235;247;230;89.0000;147.0000;98.0000;50.0000;7.0000;70.0000;1;0;0;0;0;0;2;125.0000;-2391.0000;112.0000;267;262;300;0;0;17406
15007;272;0;0;235;247;230;89.0000;147.0000;98.0000;50.0000;7.0000;70.0000;1;0;0;0;0;0;2;125.0000;-2391.0000;112.0000;267;262;300;0;0;17406
15018;272;0;0;235;247;230;89.0000;0.0000;98.0000;50.0000;7.0000;70.0000;1;0;0;0;0;0;2;115.0000;-2391.0000;78.0000;267;262;300;0;0;17406
15029;272;0;0;235;247;230;89.0000;0.0000;98.0000;50.0000;7.0000;70.0000;1;0;0;0;0;0;2;115.0000;-2391.0000;78.0000;267;262;300;0;0;17406
15039;272;0;0;235;247;230;89.0000;0.0000;98.0000;50.0000;7.0000;70.0000;1;0;0;0;0;0;2;115.0000;-2391.0000;78.0000;267;262;300;0;0;17406
15050;272;0;0;235;247;230;89.0000;0.0000;98.0000;50.0000;7.0000;70.0000;1;0;0;0;0;0;2;115.0000;-2391.0000;78.0000;267;262;300;0;0;17406
15066;272;0;0;235;247;230;89.0000;0.0000;98.0000;50.0000;7.0000;70.0000;1;0;0;0;0;0;2;115.0000;-2391.0000;78.0000;267;262;300;0;0;17406
15076;272;0;0;235;247;230;89.0000;0.0000;98.0000;50.0000;7.0000;70.0000;1;0;0;0;0;0;2;115.0000;-2391.0000;78.0000;267;262;300;0;0;17406
15086;272;0;0;235;247;230;99.0000;0.0000;98.0000;50.0000;7.0000;70.0000;1;0;0;0;0;0;2;115.0000;-2391.0000;78.0000;267;262;300;0;0;17406
15097;272;0;0;235;247;230;99.0000;0.0000;129.0000;50.0000;7.0000;70.0000;1;0;0;0;0;0;2;115.0000;-2391.0000;78.0000;267;262;300;0;0;17406
15108;272;0;0;235;247;230;99.0000;0.0000;129.0000;50.0000;7.0000;70.0000;1;0;0;0;0;0;2;115.0000;-2391.0000;78.0000;267;262;300;0;0;17406
15120;272;0;0;235;247;230;99.0000;0.0000;129.0000;50.0000;7.0000;70.0000;1;0;0;0;0;0;2;98.0000;-2391.0000;122.0000;267;262;300;0;0;17406
15133;272;0;0;235;247;230;99.0000;40.0000;129.0000;50.0000;7.0000;70.0000;1;0;0;0;0;0;2;98.0000;-2391.0000;122.0000;267;262;300;0;0;17406
15144;272;0;0;235;247;230;99.0000;40.0000;129.0000;50.0000;7.0000;70.0000;1;0;0;0;0;0;2;98.0000;-2391.0000;122.0000;267;262;300;0;0;17406
15154;272;0;0;235;247;230;99.0000;40.0000;129.0000;50.0000;7.0000;70.0000;1;0;0;0;0;0;2;98.0000;-2391.0000;122.0000;267;262;300;0;0;17406
15165;272;0;0;235;247;230;99.0000;40.0000;129.0000;50.0000;7.0000;70.0000;1;0;0;0;0;0;2;98.0000;-2391.0000;122.0000;267;262;300;0;0;17406
15175;272;0;0;235;247;230;99.0000;40.0000;129.0000;50.0000;7.0000;70.0000;1;0;0;0;0;0;2;98.0000;-2391.0000;122.0000;267;262;300;0;0;17406
15185;272;0;0;235;247;230;82.0000;40.0000;129.0000;50.0000;7.0000;70.0000;1;0;0;0;0;0;2;98.0000;-2391.0000;122.0000;267;262;300;0;0;17406
15196;272;0;0;235;247;230;82.0000;40.0000;129.0000;50.0000;7.0000;70.0000;1;0;0;0;0;0;2;98.0000;-2391.0000;122.0000;267;262;300;0;0;17406
15207;272;0;0;235;247;230;82.0000;40.0000;129.0000;50.0000;7.0000;70.0000;1;0;0;0;0;0;2;98.0000;-2391.0000;122.0000;267;262;300;0;0;17406
15217;272;0;0;235;247;230;82.0000;40.0000;129.0000;50.0000;7.0000;70.0000;1;0;0;0;0;0;2;85.0000;-2391.0000;72.0000;267;262;300;0;0;17406
15227;272;0;0;235;247;230;82.0000;161.0000;129.0000;50.0000;7.0000;70.0000;1;0;0;0;0;0;2;85.0000;-2391.0000;72.0000;267;262;300;0;0;17406
15238;272;0;0;235;247;230;82.0000;161.0000;129.0000;50.0000;7.0000;70.0000;1;0;0;0;0;0;2;85.0000;-2391.0000;72.0000;267;262;300;0;0;17406
15249;272;0;0;235;247;230;82.0000;161.0000;129.0000;50.0000;7.0000;70.0000;1;0;0;0;0;0;2;85.0000;-2391.0000;72.0000;267;262;300;0;0;17400
15259;272;0;0;235;247;230;82.0000;161.0000;129.0000;50.0000;7.0000;70.0000;1;0;0;0;0;0;2;85.0000;-2391.0000;72.0000;267;262;300;0;0;17376
15271;272;0;0;235;247;230;82.0000;161.0000;129.0000;50.0000;7.0000;70.0000;1;0;0;0;0;0;2;85.0000;-2391.0000;72.0000;267;262;300;0;0;17376
15281;272;0;0;235;247;230;122.0000;161.0000;129.0000;50.0000;7.0000;70.0000;1;0;0;0;0;0;2;85.0000;-2391.0000;72.0000;267;262;300;0;0;17376
15292;272;0;0;235;247;230;122.0000;161.0000;85.0000;50.0000;7.0000;70.0000;1;0;0;0;0;0;2;85.0000;-2391.0000;72.0000;267;262;300;0;0;17376
15302;272;0;0;235;247;230;122.0000;161.0000;85.0000;50.0000;7.0000;70.0000;1;0;0;0;0;0;2;85.0000;-2391.0000;72.0000;267;262;300;0;0;17376
15313;272;0;0;235;247;230;122.0000;161.0000;85.0000;41.0000;7.0000;70.0000;1;0;0;0;0;0;2;85.0000;-2391.0000;72.0000;267;262;300;0;0;17376
15327;272;0;0;235;247;230;122.0000;161.0000;85.0000;41.0000;7.0000;70.0000;1;0;0;0;0;0;2;132.0000;-2391.0000;72.0000;267;262;300;0;0;17376
15337;272;0;0;235;247;230;122.0000;147.0000;85.0000;41.0000;7.0000;70.0000;1;0;0;0;0;0;2;132.0000;-2391.0000;72.0000;267;262;300;0;0;17376
15348;272;0;0;235;247;230;122.0000;147.0000;85.0000;41.0000;7.0000;70.0000;1;0;0;0;0;0;2;132.0000;-2391.0000;72.0000;267;262;300;0;0;17376
15358;272;0;0;235;247;230;122.0000;147.0000;85.0000;41.0000;7.0000;70.0000;1;0;0;0;0;0;2;132.0000;-2391.0000;72.0000;267;262;300;0;0;17380
15369;272;0;0;235;247;230;122.0000;147.0000;85.0000;41.0000;7.0000;70.0000;1;0;0;0;0;0;2;132.0000;-2391.0000;72.0000;267;262;300;0;0;17380
15380;272;0;0;235;247;230;122.0000;147.0000;85.0000;41.0000;7.0000;70.0000;1;0;0;0;0;0;2;132.0000;-2391.0000;72.0000;267;262;300;0;0;17380
15390;272;0;0;235;247;230;85.0000;147.0000;85.0000;41.0000;7.0000;70.0000;1;0;0;0;0;0;2;132.0000;-2391.0000;72.0000;267;262;300;0;0;17380
15401;272;0;0;235;247;230;85.0000;147.0000;82.0000;41.0000;7.0000;70.0000;1;0;0;0;0;0;2;132.0000;-2391.0000;72.0000;267;262;300;0;0;17380
15411;272;0;0;235;247;230;85.0000;147.0000;82.0000;41.0000;7.0000;70.0000;1;0;0;0;0;0;2;132.0000;-2391.0000;72.0000;267;262;300;0;0;17380
15423;272;0;0;235;247;230;85.0000;40.0000;82.0000;41.0000;7.0000;70.0000;1;0;0;0;0;0;2;118.0000;-2391.0000;125.0000;267;262;300;0;0;17380
15435;272;0;0;235;247;230;85.0000;40.0000;82.0000;41.0000;7.0000;70.0000;1;0;0;0;0;0;2;118.0000;-2391.0000;125.0000;267;262;300;0;0;17380
15445;272;0;0;235;247;230;85.0000;40.0000;82.0000;41.0000;7.0000;70.0000;1;0;0;0;0;0;2;118.0000;-2391.0000;125.0000;267;262;300;0;0;17380
15456;272;0;0;235;247;230;85.0000;40.0000;82.0000;41.0000;7.0000;70.0000;1;0;0;0;0;0;2;118.0000;-2391.0000;125.0000;267;262;300;0;0;17380
15466;272;0;0;235;247;230;85.0000;40.0000;82.0000;41.0000;7.0000;70.0000;1;0;0;0;0;0;2;118.0000;-2391.0000;125.0000;267;262;300;0;0;17406
15477;272;0;0;235;247;230;85.0000;40.0000;82.0000;41.0000;7.0000;70.0000;1;0;0;0;0;0;2;118.0000;-2391.0000;125.0000;267;262;300;0;0;17406
15488;272;0;0;235;247;230;126.0000;40.0000;82.0000;41.0000;7.0000;70.0000;1;0;0;0;0;0;2;118.0000;-2391.0000;125.0000;267;262;300;0;0;17406
15498;272;0;0;235;247;230;126.0000;40.0000;132.0000;41.0000;7.0000;70.0000;1;0;0;0;0;0;2;118.0000;-2391.0000;125.0000;267;262;300;0;0;17406
15509;272;0;0;235;247;230;126.0000;40.0000;132.0000;41.0000;7.0000;70.0000;1;0;0;0;0;0;2;118.0000;-2391.0000;125.0000;267;262;300;0;0;17406
15519;272;0;0;235;247;230;126.0000;40.0000;132.0000;41.0000;7.0000;70.0000;1;0;0;0;0;0;2;132.0000;-2391.0000;75.0000;267;262;300;0;0;17406
15530;272;0;0;235;247;230;126.0000;53.0000;132.0000;41.0000;7.0000;70.0000;1;0;0;0;0;0;2;132.0000;-2391.0000;75.0000;267;262;300;0;0;17406
15540;272;0;0;235;247;230;126.0000;53.0000;132.0000;41.0000;7.0000;70.0000;1;0;0;0;0;0;2;132.0000;-2391.0000;75.0000;267;262;300;0;0;17406
15551;272;0;0;235;247;230;126.0000;53.0000;132.0000;41.0000;7.0000;70.0000;1;0;0;0;0;0;2;132.0000;-2391.0000;75.0000;267;262;300;0;0;17406
15561;272;0;0;235;247;230;126.0000;53.0000;132.0000;41.0000;7.0000;70.0000;1;0;0;0;0;0;2;132.0000;-2391.0000;75.0000;267;262;300;0;0;17406
15571;272;0;0;235;247;230;126.0000;53.0000;132.0000;41.0000;7.0000;70.0000;1;0;0;0;0;0;2;132.0000;-2391.0000;75.0000;267;262;300;0;0;17406
15583;272;0;0;235;247;230;119.0000;53.0000;132.0000;41.0000;7.0000;70.0000;1;0;0;0;0;0;2;132.0000;-2391.0000;75.0000;267;262;300;0;0;17406
15594;272;0;0;235;247;230;119.0000;53.0000;105.0000;41.0000;7.0000;70.0000;1;0;0;0;0;0;2;132.0000;-2391.0000;75.0000;267;262;300;0;0;17406
15606;272;0;0;235;247;230;119.0000;53.0000;105.0000;41.0000;7.0000;70.0000;1;0;0;0;0;0;2;132.0000;-2391.0000;75.0000;267;262;300;0;0;17406
15617;272;0;0;235;247;230;119.0000;53.0000;105.0000;41.0000;7.0000;70.0000;1;0;0;0;0;0;2;132.0000;-2391.0000;75.0000;267;262;300;0;0;17406
15628;272;0;0;235;247;230;119.0000;161.0000;105.0000;41.0000;7.0000;70.0000;1;0;0;0;0;0;2;92.0000;-2391.0000;129.0000;267;262;300;0;0;17406
15638;272;0;0;235;247;230;119.0000;161.0000;105.0000;41.0000;7.0000;70.0000;1;0;0;0;0;0;2;92.0000;-2391.0000;129.0000;267;262;300;0;0;17406
15649;272;0;0;235;247;230;119.0000;161.0000;105.0000;41.0000;7.0000;70.0000;1;0;0;0;0;0;2;92.0000;-2391.0000;129.0000;267;262;300;0;0;17406
15659;272;0;0;235;247;230;119.0000;161.0000;105.0000;41.0000;7.0000;70.0000;1;0;0;0;0;0;2;92.0000;-2391.0000;129.0000;267;262;300;0;0;17406
15669;272;0;0;235;247;230;119.0000;161.0000;105.0000;41.0000;7.0000;70.0000;1;0;0;0;0;0;2;92.0000;-2391.0000;129.0000;267;262;300;0;0;17406
15680;272;0;0;235;247;230;119.0000;161.0000;105.0000;41.0000;7.0000;70.0000;1;0;0;0;0;0;2;92.0000;-2391.0000;129.0000;267;262;300;0;0;17406
15690;272;0;0;235;247;230;82.0000;161.0000;105.0000;41.0000;7.0000;70.0000;1;0;0;0;0;0;2;92.0000;-2391.0000;129.0000;267;262;300;0;0;17406
15701;272;0;0;235;247;230;82.0000;161.0000;125.0000;41.0000;7.0000;70.0000;1;0;0;0;0;0;2;92.0000;-2391.0000;129.0000;267;262;300;0;0;17406
15712;272;0;0;235;247;230;82.0000;161.0000;125.0000;41.0000;7.0000;70.0000;1;0;0;0;0;0;2;92.0000;-2391.0000;129.0000;267;262;300;0;0;17406
15722;272;0;0;235;247;230;82.0000;161.0000;125.0000;41.0000;7.0000;70.0000;1;0;0;0;0;0;2;108.0000;-2391.0000;125.0000;267;262;300;0;0;17406
15733;272;0;0;235;247;230;82.0000;67.0000;125.0000;41.0000;7.0000;70.0000;1;0;0;0;0;0;2;108.0000;-2391.0000;125.0000;267;262;300;0;0;17406
15743;272;0;0;235;247;230;82.0000;67.0000;125.0000;41.0000;7.0000;70.0000;1;0;0;0;0;0;2;108.0000;-2391.0000;125.0000;267;262;300;0;0;17406
15754;272;0;0;235;247;230;82.0000;67.0000;125.0000;41.0000;7.0000;70.0000;1;0;0;0;0;0;2;108.0000;-2391.0000;125.0000;267;262;300;0;0;17406
15764;272;0;0;235;247;230;82.0000;67.0000;125.0000;41.0000;7.0000;70.0000;1;0;0;0;0;0;2;108.0000;-2391.0000;125.0000;267;262;300;0;0;17406
15774;272;0;0;235;247;230;82.0000;67.0000;125.0000;41.0000;7.0000;70.0000;1;0;0;0;0;0;2;108.0000;-2391.0000;125.0000;267;262;300;0;0;17406
15785;272;0;0;235;247;230;119.0000;67.0000;125.0000;41.0000;7.0000;70.0000;1;0;0;0;0;0;2;108.0000;-2391.0000;125.0000;267;262;300;0;0;17406
15796;272;0;0;235;247;230;119.0000;67.0000;98.0000;41.0000;7.0000;70.0000;1;0;0;0;0;0;2;108.0000;-2391.0000;125.0000;267;262;300;0;0;17406
15806;272;0;0;235;247;230;119.0000;67.0000;98.0000;41.0000;7.0000;70.0000;1;0;0;0;0;0;2;108.0000;-2391.0000;125.0000;267;262;300;0;0;17406
15817;272;0;0;235;247;230;119.0000;67.0000;98.0000;41.0000;7.0000;70.0000;1;0;0;0;0;0;2;142.0000;-2391.0000;125.0000;267;262;300;0;0;17406
15827;272;0;0;235;247;230;119.0000;13.0000;98.0000;41.0000;7.0000;70.0000;1;0;0;0;0;0;2;142.0000;-2391.0000;119.0000;267;262;300;0;0;17406
15838;272;0;0;235;247;230;119.0000;13.0000;98.0000;41.0000;7.0000;70.0000;1;0;0;0;0;0;2;142.0000;-2391.0000;119.0000;267;262;300;0;0;17406
15848;272;0;0;235;247;230;119.0000;13.0000;98.0000;41.0000;7.0000;70.0000;1;0;0;0;0;0;2;142.0000;-2391.0000;119.0000;267;262;300;0;0;17406
15858;272;0;0;235;247;230;119.0000;13.0000;98.0000;41.0000;7.0000;70.0000;1;0;0;0;0;0;2;142.0000;-2391.0000;119.0000;267;262;300;0;0;17406
15869;272;0;0;235;247;230;119.0000;13.0000;98.0000;41.0000;7.0000;70.0000;1;0;0;0;0;0;2;142.0000;-2391.0000;119.0000;267;262;300;0;0;17406
15879;272;0;0;235;247;230;119.0000;13.0000;98.0000;41.0000;7.0000;70.0000;1;0;0;0;0;0;2;142.0000;-2391.0000;119.0000;267;262;300;0;0;17406
15891;272;0;0;235;247;230;119.0000;13.0000;98.0000;41.0000;7.0000;70.0000;1;0;0;0;0;0;2;142.0000;-2391.0000;119.0000;267;262;300;0;0;17406
15901;272;0;0;235;247;230;92.0000;13.0000;125.0000;41.0000;7.0000;70.0000;1;0;0;0;0;0;2;142.0000;-2391.0000;119.0000;267;262;300;0;0;17406
15912;272;0;0;235;247;230;92.0000;13.0000;125.0000;41.0000;7.0000;70.0000;1;0;0;0;0;0;2;142.0000;-2391.0000;119.0000;267;262;300;0;0;17406
15922;272;0;0;235;247;230;92.0000;13.0000;125.0000;41.0000;7.0000;70.0000;1;0;0;0;0;0;2;122.0000;-2391.0000;75.0000;267;262;300;0;0;17406
15940;272;0;0;235;247;230;92.0000;161.0000;125.0000;41.0000;7.0000;70.0000;1;0;0;0;0;0;2;122.0000;-2391.0000;75.0000;267;262;300;0;0;17406
15950;272;0;0;235;247;230;92.0000;161.0000;125.0000;41.0000;7.0000;70.0000;1;0;0;0;0;0;2;122.0000;-2391.0000;75.0000;267;262;300;0;0;17406
15961;272;0;0;235;247;230;92.0000;161.0000;125.0000;41.0000;7.0000;70.0000;1;0;0;0;0;0;2;122.0000;-2391.0000;75.0000;267;262;300;0;0;17406
15971;272;0;0;235;247;230;92.0000;161.0000;125.0000;41.0000;7.0000;70.0000;1;0;0;0;0;0;2;122.0000;-2391.0000;75.0000;267;262;300;0;0;17406
15982;272;0;0;235;247;230;92.0000;161.0000;125.0000;41.0000;7.0000;70.0000;1;0;0;0;0;0;2;122.0000;-2391.0000;75.0000;267;262;300;0;0;17406
15992;272;0;0;235;247;230;92.0000;161.0000;125.0000;41.0000;7.0000;70.0000;1;0;0;0;0;0;2;122.0000;-2391.0000;75.0000;267;262;300;0;0;17406
16002;272;0;0;235;247;230;75.0000;161.0000;139.0000;41.0000;7.0000;70.0000;1;0;0;0;0;0;2;122.0000;-2391.0000;75.0000;267;262;300;0;0;17406
16013;272;0;0;235;247;230;75.0000;161.0000;139.0000;41.0000;7.0000;70.0000;1;0;0;0;0;0;2;122.0000;-2391.0000;75.0000;267;262;300;0;0;17406
16023;272;0;0;235;247;230;75.0000;161.0000;139.0000;41.0000;7.0000;70.0000;1;0;0;0;0;0;2;135.0000;-2391.0000;72.0000;267;262;300;0;0;17406
16034;272;0;0;235;247;230;75.0000;-26.0000;139.0000;41.0000;7.0000;70.0000;1;0;0;0;0;0;2;135.0000;-2391.0000;72.0000;267;262;300;0;0;17406
16044;272;0;0;235;247;230;75.0000;-26.0000;139.0000;41.0000;7.0000;70.0000;1;0;0;0;0;0;2;135.0000;-2391.0000;72.0000;267;262;300;0;0;17406
16055;272;0;0;235;247;230;75.0000;-26.0000;139.0000;41.0000;7.0000;70.0000;1;0;0;0;0;0;2;135.0000;-2391.0000;72.0000;267;262;300;0;0;17406
16065;272;0;0;235;247;230;75.0000;-26.0000;139.0000;41.0000;7.0000;70.0000;1;0;0;0;0;0;2;135.0000;-2391.0000;72.0000;267;262;300;0;0;17406
16077;272;0;0;235;247;230;75.0000;-26.0000;139.0000;41.0000;7.0000;70.0000;1;0;0;0;0;0;2;135.0000;-2391.0000;72.0000;267;262;300;0;0;17406
16087;272;0;0;235;247;230;75.0000;-26.0000;139.0000;41.0000;7.0000;70.0000;1;0;0;0;0;0;2;135.0000;-2391.0000;72.0000;267;262;300;0;0;17406
16098;272;0;0;235;247;230;75.0000;-26.0000;139.0000;41.0000;7.0000;70.0000;1;0;0;0;0;0;2;135.0000;-2391.0000;72.0000;267;262;300;0;0;17406
16109;272;0;0;235;247;230;75.0000;-26.0000;129.0000;41.0000;7.0000;70.0000;1;0;0;0;0;0;2;135.0000;-2391.0000;72.0000;267;262;300;0;0;17406
16120;272;0;0;235;247;230;75.0000;-26.0000;129.0000;41.0000;7.0000;70.0000;1;0;0;0;0;0;2;135.0000;-2391.0000;72.0000;267;262;300;0;0;17406
16133;272;0;0;235;247;230;75.0000;-40.0000;129.0000;41.0000;7.0000;70.0000;1;0;0;0;0;0;2;58.0000;-2391.0000;98.0000;267;262;300;0;0;17406
16143;272;0;0;235;247;230;75.0000;-40.0000;129.0000;41.0000;7.0000;70.0000;1;0;0;0;0;0;2;58.0000;-2391.0000;98.0000;267;262;300;0;0;17406
16154;272;0;0;235;247;230;75.0000;-40.0000;129.0000;41.0000;7.0000;70.0000;1;0;0;0;0;0;2;58.0000;-2391.0000;98.0000;267;262;300;0;0;17406
16168;272;0;0;235;247;230;75.0000;-40.0000;129.0000;41.0000;7.0000;70.0000;1;0;0;0;0;0;2;58.0000;-2391.0000;98.0000;267;262;300;0;0;17406
16190;272;0;0;235;247;230;75.0000;-40.0000;129.0000;41.0000;7.0000;70.0000;1;0;0;0;0;0;2;58.0000;-2391.0000;98.0000;267;262;300;0;0;17406
16200;272;0;0;235;247;230;122.0000;-40.0000;129.0000;41.0000;7.0000;70.0000;1;0;0;0;0;0;2;58.0000;-2391.0000;98.0000;267;262;300;0;0;17406
16211;272;0;0;235;247;230;122.0000;-40.0000;129.0000;41.0000;7.0000;70.0000;1;0;0;0;0;0;2;58.0000;-2391.0000;98.0000;267;262;300;0;0;17406
16221;272;0;0;235;247;230;122.0000;-40.0000;129.0000;41.0000;7.0000;70.0000;1;0;0;0;0;0;2;58.0000;-2391.0000;98.0000;267;262;300;0;0;17406
16232;272;0;0;235;247;230;122.0000;-26.0000;129.0000;41.0000;7.0000;70.0000;1;0;0;0;0;0;2;75.0000;-2391.0000;135.0000;267;262;300;0;0;17406
16242;272;0;0;235;247;230;122.0000;-26.0000;129.0000;41.0000;7.0000;70.0000;1;0;0;0;0;0;2;75.0000;-2391.0000;135.0000;267;262;300;0;0;17406
16253;272;0;0;235;247;230;122.0000;-26.0000;129.0000;41.0000;7.0000;70.0000;1;0;0;0;0;0;2;75.0000;-2391.0000;135.0000;267;262;300;0;0;17406
16263;272;0;0;235;247;230;122.0000;-26.0000;129.0000;41.0000;7.0000;70.0000;1;0;0;0;0;0;2;75.0000;-2391.0000;135.0000;267;262;300;0;0;17406
16274;272;0;0;235;247;230;122.0000;-26.0000;129.0000;41.0000;7.0000;70.0000;1;0;0;0;0;0;2;75.0000;-2391.0000;135.0000;267;262;300;0;0;17406
16284;272;0;0;235;247;230;122.0000;-26.0000;129.0000;41.0000;7.0000;70.0000;1;0;0;0;0;0;2;75.0000;-2391.0000;135.0000;267;262;300;0;0;17406
16295;272;0;0;235;247;230;122.0000;-26.0000;129.0000;41.0000;7.0000;70.0000;1;0;0;0;0;0;2;75.0000;-2391.0000;135.0000;267;262;300;0;0;17396
16305;272;0;0;235;247;230;115.0000;-26.0000;129.0000;41.0000;7.0000;70.0000;1;0;0;0;0;0;2;75.0000;-2391.0000;135.0000;267;262;300;0;0;17380
16316;272;0;0;235;247;230;115.0000;-26.0000;129.0000;80.0000;7.0000;70.0000;1;0;0;0;0;0;2;75.0000;-2391.0000;135.0000;267;262;300;0;0;17380
16327;272;0;0;235;247;230;115.0000;-26.0000;129.0000;80.0000;7.0000;70.0000;1;0;0;0;0;0;2;95.0000;-2391.0000;78.0000;267;262;300;0;0;17380
16337;272;0;0;235;247;230;115.0000;161.0000;129.0000;80.0000;7.0000;70.0000;1;0;0;0;0;0;2;95.0000;-2391.0000;78.0000;267;262;300;0;0;17380
16347;272;0;0;235;247;230;115.0000;161.0000;129.0000;80.0000;7.0000;70.0000;1;0;0;0;0;0;2;95.0000;-2391.0000;78.0000;267;262;300;0;0;17380
16358;272;0;0;235;247;230;115.0000;161.0000;129.0000;80.0000;7.0000;70.0000;1;0;0;0;0;0;2;95.0000;-2391.0000;78.0000;267;262;300;0;0;17380
16369;272;0;0;235;247;230;115.0000;161.0000;129.0000;80.0000;7.0000;70.0000;1;0;0;0;0;0;2;95.0000;-2391.0000;78.0000;267;262;300;0;0;17380
16379;272;0;0;235;247;230;115.0000;161.0000;129.0000;80.0000;7.0000;70.0000;1;0;0;0;0;0;2;95.0000;-2391.0000;78.0000;267;262;300;0;0;17380
16389;272;0;0;235;247;230;115.0000;161.0000;129.0000;80.0000;7.0000;70.0000;1;0;0;0;0;0;2;95.0000;-2391.0000;78.0000;267;262;300;0;0;17380
16400;272;0;0;235;247;230;115.0000;161.0000;129.0000;80.0000;7.0000;70.0000;1;0;0;0;0;0;2;95.0000;-2391.0000;78.0000;267;262;300;0;0;17380
16414;272;0;0;235;247;230;119.0000;161.0000;108.0000;80.0000;7.0000;70.0000;1;0;0;0;0;0;2;95.0000;-2391.0000;78.0000;267;262;300;0;0;17380
16425;272;0;0;235;247;230;119.0000;161.0000;108.0000;80.0000;7.0000;70.0000;1;0;0;0;0;0;2;135.0000;-2391.0000;119.0000;267;262;300;0;0;17380
16437;272;0;0;235;247;230;119.0000;93.0000;108.0000;80.0000;7.0000;70.0000;1;0;0;0;0;0;2;135.0000;-2391.0000;119.0000;267;262;300;0;0;17380
16448;272;0;0;235;247;230;119.0000;93.0000;108.0000;80.0000;7.0000;70.0000;1;0;0;0;0;0;2;135.0000;-2391.0000;119.0000;267;262;300;0;0;17380
16458;272;0;0;235;247;230;119.0000;93.0000;108.0000;80.0000;7.0000;70.0000;1;0;0;0;0;0;2;135.0000;-2391.0000;119.0000;267;262;300;0;0;17380
16469;272;0;0;235;247;230;119.0000;93.0000;108.0000;80.0000;7.0000;70.0000;1;0;0;0;0;0;2;135.0000;-2391.0000;119.0000;267;262;300;0;0;17380
16479;272;0;0;235;247;230;119.0000;93.0000;108.0000;80.0000;7.0000;70.0000;1;0;0;0;0;0;2;135.0000;-2391.0000;119.0000;267;262;300;0;0;17380
16490;272;0;0;235;247;230;119.0000;93.0000;108.0000;80.0000;7.0000;70.0000;1;0;0;0;0;0;2;135.0000;-2391.0000;119.0000;267;262;300;0;0;17380
16500;272;0;0;235;247;230;119.0000;93.0000;108.0000;80.0000;7.0000;70.0000;1;0;0;0;0;0;2;135.0000;-2391.0000;119.0000;267;262;300;0;0;17380
16512;272;0;0;235;247;230;89.0000;93.0000;122.0000;80.0000;7.0000;70.0000;1;0;0;0;0;0;2;135.0000;-2391.0000;119.0000;267;262;300;0;0;17382
16524;272;0;0;235;247;230;89.0000;93.0000;122.0000;80.0000;7.0000;70.0000;1;0;0;0;0;0;2;102.0000;-2391.0000;119.0000;267;262;300;0;0;17406
16534;272;0;0;235;247;230;89.0000;93.0000;122.0000;80.0000;7.0000;70.0000;1;0;0;0;0;0;2;102.0000;-2391.0000;125.0000;267;262;300;0;0;17406
16545;272;0;0;235;247;230;89.0000;93.0000;122.0000;80.0000;7.0000;70.0000;1;0;0;0;0;0;2;102.0000;-2391.0000;125.0000;267;262;300;0;0;17406
16555;272;0;0;235;247;230;89.0000;93.0000;122.0000;80.0000;7.0000;70.0000;1;0;0;0;0;0;2;102.0000;-2391.0000;125.0000;267;262;300;0;0;17406
16565;272;0;0;235;247;230;89.0000;93.0000;122.0000;80.0000;7.0000;70.0000;1;0;0;0;0;0;2;102.0000;-2391.0000;125.0000;267;262;300;0;0;17406
16576;272;0;0;235;247;230;89.0000;93.0000;122.0000;80.0000;7.0000;70.0000;1;0;0;0;0;0;2;102.0000;-2391.0000;125.0000;267;262;300;0;0;17406
16586;272;0;0;235;247;230;89.0000;93.0000;122.0000;80.0000;7.0000;70.0000;1;0;0;0;0;0;2;102.0000;-2391.0000;125.0000;267;262;300;0;0;17406
16596;272;0;0;235;247;230;89.0000;93.0000;122.0000;80.0000;7.0000;70.0000;1;0;0;0;0;0;2;102.0000;-2391.0000;125.0000;267;262;300;0;0;17406
16607;272;0;0;235;247;230;122.0000;93.0000;105.0000;80.0000;7.0000;70.0000;1;0;0;0;0;0;2;102.0000;-2391.0000;125.0000;267;262;300;0;0;17406
16619;272;0;0;235;247;230;122.0000;93.0000;105.0000;80.0000;7.0000;70.0000;1;0;0;0;0;0;2;102.0000;-2391.0000;125.0000;267;262;300;0;0;17406
16629;272;0;0;235;247;230;122.0000;93.0000;105.0000;80.0000;7.0000;70.0000;1;0;0;0;0;0;2;78.0000;-2391.0000;132.0000;267;262;300;0;0;17406
16640;272;0;0;235;247;230;122.0000;53.0000;105.0000;80.0000;7.0000;70.0000;1;0;0;0;0;0;2;78.0000;-2391.0000;132.0000;267;262;300;0;0;17406
16660;272;0;0;235;247;230;122.0000;53.0000;105.0000;80.0000;7.0000;70.0000;1;0;0;0;0;0;2;78.0000;-2391.0000;132.0000;267;262;300;0;0;17406
16670;272;0;0;235;247;230;122.0000;53.0000;105.0000;80.0000;7.0000;70.0000;1;0;0;0;0;0;2;78.0000;-2391.0000;132.0000;267;262;300;0;0;17406
16681;272;0;0;235;247;230;122.0000;53.0000;105.0000;80.0000;7.0000;70.0000;1;0;0;0;0;0;2;78.0000;-2391.0000;132.0000;267;262;300;0;0;17406
16696;272;0;0;235;247;230;122.0000;53.0000;105.0000;80.0000;7.0000;70.0000;1;0;0;0;0;0;2;78.0000;-2391.0000;132.0000;267;262;300;0;0;17406
16707;272;0;0;235;247;230;72.0000;53.0000;119.0000;80.0000;7.0000;70.0000;1;0;0;0;0;0;2;78.0000;-2391.0000;132.0000;267;262;300;0;0;17406
16717;272;0;0;235;247;230;72.0000;53.0000;119.0000;80.0000;7.0000;70.0000;1;0;0;0;0;0;2;78.0000;-2391.0000;132.0000;267;262;300;0;0;17406
16728;272;0;0;235;247;230;72.0000;53.0000;119.0000;80.0000;7.0000;70.0000;1;0;0;0;0;0;2;75.0000;-2391.0000;129.0000;267;262;300;0;0;17406
16739;272;0;0;235;247;230;72.0000;161.0000;119.0000;80.0000;7.0000;70.0000;1;0;0;0;0;0;2;75.0000;-2391.0000;129.0000;267;262;300;0;0;17406
16749;272;0;0;235;247;230;72.0000;161.0000;119.0000;80.0000;7.0000;70.0000;1;0;0;0;0;0;2;75.0000;-2391.0000;129.0000;267;262;300;0;0;17406
16760;272;0;0;235;247;230;72.0000;161.0000;119.0000;80.0000;7.0000;70.0000;1;0;0;0;0;0;2;75.0000;-2391.0000;129.0000;267;262;300;0;0;17406
16770;272;0;0;235;247;230;72.0000;161.0000;119.0000;80.0000;7.0000;70.0000;1;0;0;0;0;0;2;75.0000;-2391.0000;129.0000;267;262;300;0;0;17406
16780;272;0;0;235;247;230;72.0000;161.0000;119.0000;80.0000;7.0000;70.0000;1;0;0;0;0;0;2;75.0000;-2391.0000;129.0000;267;262;300;0;0;17406
16791;272;0;0;235;247;230;72.0000;161.0000;119.0000;80.0000;7.0000;70.0000;1;0;0;0;0;0;2;75.0000;-2391.0000;129.0000;267;262;300;0;0;17406
16801;272;0;0;235;247;230;72.0000;161.0000;119.0000;80.0000;7.0000;70.0000;1;0;0;0;0;0;2;75.0000;-2391.0000;129.0000;267;262;300;0;0;17406
16811;272;0;0;235;247;230;89.0000;161.0000;125.0000;80.0000;7.0000;70.0000;1;0;0;0;0;0;2;75.0000;-2391.0000;129.0000;267;262;300;0;0;17406
16822;272;0;0;235;247;230;89.0000;161.0000;125.0000;80.0000;7.0000;70.0000;1;0;0;0;0;0;2;75.0000;-2391.0000;129.0000;267;262;300;0;0;17406
16833;272;0;0;235;247;230;89.0000;161.0000;125.0000;80.0000;7.0000;70.0000;1;0;0;0;0;0;2;92.0000;-2391.0000;65.0000;267;262;300;0;0;17406
16844;272;0;0;235;247;230;89.0000;161.0000;125.0000;80.0000;7.0000;70.0000;1;0;0;0;0;0;2;92.0000;-2391.0000;65.0000;267;262;300;0;0;17406
16854;272;0;0;235;247;230;89.0000;161.0000;125.0000;80.0000;7.0000;70.0000;1;0;0;0;0;0;2;92.0000;-2391.0000;65.0000;267;262;300;0;0;17406
16865;272;0;0;235;247;230;89.0000;161.0000;125.0000;80.0000;7.0000;70.0000;1;0;0;0;0;0;2;92.0000;-2391.0000;65.0000;267;262;300;0;0;17406
16875;272;0;0;235;247;230;89.0000;161.0000;125.0000;80.0000;7.0000;70.0000;1;0;0;0;0;0;2;92.0000;-2391.0000;65.0000;267;262;300;0;0;17406
16885;272;0;0;235;247;230;89.0000;161.0000;125.0000;80.0000;7.0000;70.0000;1;0;0;0;0;0;2;92.0000;-2391.0000;65.0000;267;262;300;0;0;17406
16896;272;0;0;235;247;230;89.0000;161.0000;125.0000;80.0000;7.0000;70.0000;1;0;0;0;0;0;2;92.0000;-2391.0000;65.0000;267;262;300;0;0;17406
16906;272;0;0;235;247;230;115.0000;161.0000;125.0000;80.0000;7.0000;70.0000;1;0;0;0;0;0;2;92.0000;-2391.0000;65.0000;267;262;300;0;0;17406
16917;272;0;0;235;247;230;115.0000;161.0000;135.0000;80.0000;7.0000;70.0000;1;0;0;0;0;0;2;92.0000;-2391.0000;65.0000;267;262;300;0;0;17406
16928;272;0;0;235;247;230;115.0000;161.0000;135.0000;80.0000;7.0000;70.0000;1;0;0;0;0;0;2;68.0000;-2391.0000;129.0000;267;262;300;0;0;17406
16938;272;0;0;235;247;230;115.0000;161.0000;135.0000;80.0000;7.0000;70.0000;1;0;0;0;0;0;2;68.0000;-2391.0000;129.0000;267;262;300;0;0;17406
16949;272;0;0;235;247;230;115.0000;161.0000;135.0000;80.0000;7.0000;70.0000;1;0;0;0;0;0;2;68.0000;-2391.0000;129.0000;267;262;300;0;0;17406
16959;272;0;0;235;247;230;115.0000;161.0000;135.0000;80.0000;7.0000;70.0000;1;0;0;0;0;0;2;68.0000;-2391.0000;129.0000;267;262;300;0;0;17406
16970;272;0;0;235;247;230;115.0000;161.0000;135.0000;80.0000;7.0000;70.0000;1;0;0;0;0;0;2;68.0000;-2391.0000;129.0000;267;262;300;0;0;17406
16980;272;0;0;235;247;230;115.0000;161.0000;135.0000;80.0000;7.0000;70.0000;1;0;0;0;0;0;2;68.0000;-2391.0000;129.0000;267;262;300;0;0;17406
16990;272;0;0;235;247;230;115.0000;161.0000;135.0000;80.0000;7.0000;70.0000;1;0;0;0;0;0;2;68.0000;-2391.0000;129.0000;267;262;300;0;0;17406
17001;272;0;0;235;247;230;115.0000;161.0000;135.0000;80.0000;7.0000;70.0000;1;0;0;0;0;0;2;68.0000;-2391.0000;129.0000;267;262;300;0;0;17406
17011;272;0;0;235;247;230;95.0000;161.0000;95.0000;80.0000;7.0000;70.0000;1;0;0;0;0;0;2;68.0000;-2391.0000;129.0000;267;262;300;0;0;17406
17021;272;0;0;235;247;230;95.0000;161.0000;95.0000;80.0000;7.0000;70.0000;1;0;0;0;0;0;2;68.0000;-2391.0000;129.0000;267;262;300;0;0;17406
17032;272;0;0;235;247;230;95.0000;161.0000;95.0000;80.0000;7.0000;70.0000;1;0;0;0;0;0;2;68.0000;-2391.0000;78.0000;267;262;300;0;0;17406
17042;272;0;0;235;247;230;95.0000;0.0000;95.0000;80.0000;7.0000;70.0000;1;0;0;0;0;0;2;68.0000;-2391.0000;78.0000;267;262;300;0;0;17406
17053;272;0;0;235;247;230;95.0000;0.0000;95.0000;80.0000;7.0000;70.0000;1;0;0;0;0;0;2;68.0000;-2391.0000;78.0000;267;262;300;0;0;17406
17063;272;0;0;235;247;230;95.0000;0.0000;95.0000;80.0000;7.0000;70.0000;1;0;0;0;0;0;2;68.0000;-2391.0000;78.0000;267;262;300;0;0;17406
17074;272;0;0;235;247;230;95.0000;0.0000;95.0000;80.0000;7.0000;70.0000;1;0;0;0;0;0;2;68.0000;-2391.0000;78.0000;267;262;300;0;0;17406
17084;272;0;0;235;247;230;95.0000;0.0000;95.0000;80.0000;7.0000;70.0000;1;0;0;0;0;0;2;68.0000;-2391.0000;78.0000;267;262;300;0;0;17406
17094;272;0;0;235;247;230;95.0000;0.0000;95.0000;80.0000;7.0000;70.0000;1;0;0;0;0;0;2;68.0000;-2391.0000;78.0000;267;262;300;0;0;17406
17104;272;0;0;235;247;230;95.0000;0.0000;95.0000;80.0000;7.0000;70.0000;1;0;0;0;0;0;2;68.0000;-2391.0000;78.0000;267;262;300;0;0;17406
17116;272;0;0;235;247;230;132.0000;0.0000;82.0000;80.0000;7.0000;70.0000;1;0;0;0;0;0;2;68.0000;-2391.0000;78.0000;267;262;300;0;0;17406
17127;272;0;0;235;247;230;132.0000;0.0000;82.0000;80.0000;7.0000;70.0000;1;0;0;0;0;0;2;68.0000;-2391.0000;78.0000;267;262;300;0;0;17406
17139;272;0;0;235;247;230;132.0000;0.0000;82.0000;80.0000;7.0000;70.0000;1;0;0;0;0;0;2;95.0000;-2391.0000;125.0000;267;262;300;0;0;17406
17149;272;0;0;235;247;230;132.0000;-13.0000;82.0000;80.0000;7.0000;70.0000;1;0;0;0;0;0;2;95.0000;-2391.0000;125.0000;267;262;300;0;0;17406
17160;272;0;0;235;247;230;132.0000;-13.0000;82.0000;80.0000;7.0000;70.0000;1;0;0;0;0;0;2;95.0000;-2391.0000;125.0000;267;262;300;0;0;17406
17180;272;0;0;235;247;230;132.0000;-13.0000;82.0000;80.0000;7.0000;70.0000;1;0;0;0;0;0;2;95.0000;-2391.0000;125.0000;267;262;300;0;0;17406
17190;272;0;0;235;247;230;132.0000;-13.0000;82.0000;80.0000;7.0000;70.0000;1;0;0;0;0;0;2;95.0000;-2391.0000;125.0000;267;262;300;0;0;17406
17201;272;0;0;235;247;230;132.0000;-13.0000;82.0000;80.0000;7.0000;70.0000;1;0;0;0;0;0;2;95.0000;-2391.0000;125.0000;267;262;300;0;0;17406
17215;272;0;0;235;247;230;79.0000;-13.0000;112.0000;80.0000;7.0000;70.0000;1;0;0;0;0;0;2;95.0000;-2391.0000;125.0000;267;262;300;0;0;17406
17225;272;0;0;235;247;230;79.0000;-13.0000;112.0000;80.0000;7.0000;70.0000;1;0;0;0;0;0;2;95.0000;-2391.0000;125.0000;267;262;300;0;0;17406
17238;272;0;0;235;247;230;79.0000;-13.0000;112.0000;80.0000;7.0000;70.0000;1;0;0;0;0;0;2;75.0000;-2391.0000;125.0000;267;262;300;0;0;17406
17250;272;0;0;235;247;230;79.0000;-26.0000;112.0000;80.0000;7.0000;70.0000;1;0;0;0;0;0;2;75.0000;-2391.0000;129.0000;267;262;300;0;0;17404
17261;272;0;0;235;247;230;79.0000;-26.0000;112.0000;80.0000;7.0000;70.0000;1;0;0;0;0;0;2;75.0000;-2391.0000;129.0000;267;262;300;0;0;17400
17272;272;0;0;235;247;230;79.0000;-26.0000;112.0000;80.0000;7.0000;70.0000;1;0;0;0;0;0;2;75.0000;-2391.0000;129.0000;267;262;300;0;0;17376
17282;272;0;0;235;247;230;79.0000;-26.0000;112.0000;80.0000;7.0000;70.0000;1;0;0;0;0;0;2;75.0000;-2391.0000;129.0000;267;262;300;0;0;17376
17293;272;0;0;235;247;230;79.0000;-26.0000;112.0000;80.0000;7.0000;70.0000;1;0;0;0;0;0;2;75.0000;-2391.0000;129.0000;267;262;300;0;0;17376
17303;272;0;0;235;247;230;79.0000;-26.0000;112.0000;80.0000;7.0000;70.0000;1;0;0;0;0;0;2;75.0000;-2391.0000;129.0000;267;262;300;0;0;17376
17314;272;0;0;235;247;230;122.0000;-26.0000;85.0000;80.0000;7.0000;70.0000;1;0;0;0;0;0;2;75.0000;-2391.0000;129.0000;267;262;300;0;0;17376
17324;272;0;0;235;247;230;122.0000;-26.0000;85.0000;63.0000;7.0000;70.0000;1;0;0;0;0;0;2;75.0000;-2391.0000;129.0000;267;262;300;0;0;17376
17335;272;0;0;235;247;230;122.0000;-26.0000;85.0000;63.0000;7.0000;70.0000;1;0;0;0;0;0;2;115.0000;-2391.0000;125.0000;267;262;300;0;0;17376
17345;272;0;0;235;247;230;122.0000;40.0000;85.0000;63.0000;7.0000;70.0000;1;0;0;0;0;0;2;115.0000;-2391.0000;125.0000;267;262;300;0;0;17376
17356;272;0;0;235;247;230;122.0000;40.0000;85.0000;63.0000;7.0000;70.0000;1;0;0;0;0;0;2;115.0000;-2391.0000;125.0000;267;262;300;0;0;17376
17366;272;0;0;235;247;230;122.0000;40.0000;85.0000;63.0000;7.0000;70.0000;1;0;0;0;0;0;2;115.0000;-2391.0000;125.0000;267;262;300;0;0;17380
17377;272;0;0;235;247;230;122.0000;40.0000;85.0000;63.0000;7.0000;70.0000;1;0;0;0;0;0;2;115.0000;-2391.0000;125.0000;267;262;300;0;0;17380
17387;272;0;0;235;247;230;122.0000;40.0000;85.0000;63.0000;7.0000;70.0000;1;0;0;0;0;0;2;115.0000;-2391.0000;125.0000;267;262;300;0;0;17380
17398;272;0;0;235;247;230;122.0000;40.0000;85.0000;63.0000;7.0000;70.0000;1;0;0;0;0;0;2;115.0000;-2391.0000;125.0000;267;262;300;0;0;17380
17408;272;0;0;235;247;230;122.0000;40.0000;85.0000;63.0000;7.0000;70.0000;1;0;0;0;0;0;2;115.0000;-2391.0000;125.0000;267;262;300;0;0;17380
17492;272;0;0;235;247;230;102.0000;-13.0000;132.0000;63.0000;7.0000;70.0000;1;0;0;0;0;0;2;122.0000;-2391.0000;85.0000;267;262;300;0;0;17406
17502;272;0;0;235;247;230;102.0000;-13.0000;132.0000;63.0000;7.0000;70.0000;1;0;0;0;0;0;2;122.0000;-2391.0000;85.0000;267;262;300;0;0;17406
17513;272;0;0;235;247;230;119.0000;-13.0000;132.0000;63.0000;7.0000;70.0000;1;0;0;0;0;0;2;122.0000;-2391.0000;85.0000;267;262;300;0;0;17406
17524;272;0;0;235;247;230;119.0000;-13.0000;85.0000;63.0000;7.0000;70.0000;1;0;0;0;0;0;2;122.0000;-2391.0000;85.0000;267;262;300;0;0;17406
17534;272;0;0;235;247;230;119.0000;-13.0000;85.0000;63.0000;7.0000;70.0000;1;0;0;0;0;0;2;75.0000;-2391.0000;132.0000;267;262;300;0;0;17406
17545;272;0;0;235;247;230;119.0000;-13.0000;85.0000;63.0000;7.0000;70.0000;1;0;0;0;0;0;2;75.0000;-2391.0000;132.0000;267;262;300;0;0;17406
17555;272;0;0;235;247;230;119.0000;80.0000;85.0000;63.0000;7.0000;70.0000;1;0;0;0;0;0;2;75.0000;-2391.0000;132.0000;267;262;300;0;0;17406
17566;272;0;0;235;247;230;119.0000;80.0000;85.0000;63.0000;7.0000;70.0000;1;0;0;0;0;0;2;75.0000;-2391.0000;132.0000;267;262;300;0;0;17406
17576;272;0;0;235;247;230;119.0000;80.0000;85.0000;63.0000;7.0000;70.0000;1;0;0;0;0;0;2;75.0000;-2391.0000;132.0000;267;262;300;0;0;17406
17587;272;0;0;235;247;230;119.0000;80.0000;85.0000;63.0000;7.0000;70.0000;1;0;0;0;0;0;2;75.0000;-2391.0000;132.0000;267;262;300;0;0;17406
17597;272;0;0;235;247;230;119.0000;80.0000;85.0000;63.0000;7.0000;70.0000;1;0;0;0;0;0;2;75.0000;-2391.0000;132.0000;267;262;300;0;0;17406
17607;272;0;0;235;247;230;119.0000;80.0000;85.0000;63.0000;7.0000;70.0000;1;0;0;0;0;0;2;75.0000;-2391.0000;132.0000;267;262;300;0;0;17406
17619;272;0;0;235;247;230;79.0000;80.0000;119.0000;63.0000;7.0000;70.0000;1;0;0;0;0;0;2;75.0000;-2391.0000;132.0000;267;262;300;0;0;17406
17631;272;0;0;235;247;230;79.0000;80.0000;119.0000;63.0000;7.0000;70.0000;1;0;0;0;0;0;2;75.0000;-2391.0000;132.0000;267;262;300;0;0;17406
17641;272;0;0;235;247;230;79.0000;80.0000;119.0000;63.0000;7.0000;70.0000;1;0;0;0;0;0;2;78.0000;-2391.0000;135.0000;267;262;300;0;0;17406
17652;272;0;0;235;247;230;79.0000;147.0000;119.0000;63.0000;7.0000;70.0000;1;0;0;0;0;0;2;78.0000;-2391.0000;135.0000;267;262;300;0;0;17406
17662;272;0;0;235;247;230;79.0000;147.0000;119.0000;63.0000;7.0000;70.0000;1;0;0;0;0;0;2;78.0000;-2391.0000;135.0000;267;262;300;0;0;17406
17672;272;0;0;235;247;230;79.0000;147.0000;119.0000;63.0000;7.0000;70.0000;1;0;0;0;0;0;2;78.0000;-2391.0000;135.0000;267;262;300;0;0;17406
17683;272;0;0;235;247;230;79.0000;147.0000;119.0000;63.0000;7.0000;70.0000;1;0;0;0;0;0;2;78.0000;-2391.0000;135.0000;267;262;300;0;0;17406
17693;272;0;0;235;247;230;79.0000;147.0000;119.0000;63.0000;7.0000;70.0000;1;0;0;0;0;0;2;78.0000;-2391.0000;135.0000;267;262;300;0;0;17406
17704;272;0;0;235;247;230;79.0000;147.0000;119.0000;63.0000;7.0000;70.0000;1;0;0;0;0;0;2;78.0000;-2391.0000;135.0000;267;262;300;0;0;17406
17714;272;0;0;235;247;230;79.0000;147.0000;119.0000;63.0000;7.0000;70.0000;1;0;0;0;0;0;2;78.0000;-2391.0000;135.0000;267;262;300;0;0;17406
17725;272;0;0;235;247;230;112.0000;147.0000;135.0000;63.0000;7.0000;70.0000;1;0;0;0;0;0;2;78.0000;-2391.0000;135.0000;267;262;300;0;0;17406
17736;272;0;0;235;247;230;112.0000;147.0000;135.0000;63.0000;7.0000;70.0000;1;0;0;0;0;0;2;78.0000;-2391.0000;135.0000;267;262;300;0;0;17406
17747;272;0;0;235;247;230;112.0000;147.0000;135.0000;63.0000;7.0000;70.0000;1;0;0;0;0;0;2;78.0000;-2391.0000;95.0000;267;262;300;0;0;17406
17757;272;0;0;235;247;230;112.0000;0.0000;135.0000;63.0000;7.0000;70.0000;1;0;0;0;0;0;2;78.0000;-2391.0000;95.0000;267;262;300;0;0;17406
17768;272;0;0;235;247;230;112.0000;0.0000;135.0000;63.0000;7.0000;70.0000;1;0;0;0;0;0;2;78.0000;-2391.0000;95.0000;267;262;300;0;0;17406
17778;272;0;0;235;247;230;112.0000;0.0000;135.0000;63.0000;7.0000;70.0000;1;0;0;0;0;0;2;78.0000;-2391.0000;95.0000;267;262;300;0;0;17406
17788;272;0;0;235;247;230;112.0000;0.0000;135.0000;63.0000;7.0000;70.0000;1;0;0;0;0;0;2;78.0000;-2391.0000;95.0000;267;262;300;0;0;17406
17799;272;0;0;235;247;230;112.0000;0.0000;135.0000;63.0000;7.0000;70.0000;1;0;0;0;0;0;2;78.0000;-2391.0000;95.0000;267;262;300;0;0;17406
17809;272;0;0;235;247;230;112.0000;0.0000;135.0000;63.0000;7.0000;70.0000;1;0;0;0;0;0;2;78.0000;-2391.0000;95.0000;267;262;300;0;0;17406
17820;272;0;0;235;247;230;72.0000;0.0000;102.0000;63.0000;7.0000;70.0000;1;0;0;0;0;0;2;78.0000;-2391.0000;95.0000;267;262;300;0;0;17406
17831;272;0;0;235;247;230;72.0000;0.0000;102.0000;63.0000;7.0000;70.0000;1;0;0;0;0;0;2;128.0000;-2391.0000;95.0000;267;262;300;0;0;17406
17842;272;0;0;235;247;230;72.0000;0.0000;102.0000;63.0000;7.0000;70.0000;1;0;0;0;0;0;2;128.0000;-2391.0000;108.0000;267;262;300;0;0;17406
17852;272;0;0;235;247;230;72.0000;134.0000;102.0000;63.0000;7.0000;70.0000;1;0;0;0;0;0;2;128.0000;-2391.0000;108.0000;267;262;300;0;0;17406
17863;272;0;0;235;247;230;72.0000;134.0000;102.0000;63.0000;7.0000;70.0000;1;0;0;0;0;0;2;128.0000;-2391.0000;108.0000;267;262;300;0;0;17406
17873;272;0;0;235;247;230;72.0000;134.0000;102.0000;63.0000;7.0000;70.0000;1;0;0;0;0;0;2;128.0000;-2391.0000;108.0000;267;262;300;0;0;17406
17883;272;0;0;235;247;230;72.0000;134.0000;102.0000;63.0000;7.0000;70.0000;1;0;0;0;0;0;2;128.0000;-2391.0000;108.0000;267;262;300;0;0;17406
17894;272;0;0;235;247;230;72.0000;134.0000;102.0000;63.0000;7.0000;70.0000;1;0;0;0;0;0;2;128.0000;-2391.0000;108.0000;267;262;300;0;0;17406
17904;272;0;0;235;247;230;72.0000;134.0000;102.0000;63.0000;7.0000;70.0000;1;0;0;0;0;0;2;128.0000;-2391.0000;108.0000;267;262;300;0;0;17406
17916;272;0;0;235;247;230;112.0000;134.0000;102.0000;63.0000;7.0000;70.0000;1;0;0;0;0;0;2;128.0000;-2391.0000;108.0000;267;262;300;0;0;17406
17926;272;0;0;235;247;230;112.0000;134.0000;105.0000;63.0000;7.0000;70.0000;1;0;0;0;0;0;2;128.0000;-2391.0000;108.0000;267;262;300;0;0;17406
17937;272;0;0;235;247;230;112.0000;134.0000;105.0000;63.0000;7.0000;70.0000;1;0;0;0;0;0;2;102.0000;-2391.0000;108.0000;267;262;300;0;0;17406
17947;272;0;0;235;247;230;112.0000;134.0000;105.0000;63.0000;7.0000;70.0000;1;0;0;0;0;0;2;102.0000;-2391.0000;115.0000;267;262;300;0;0;17406
17958;272;0;0;235;247;230;112.0000;67.0000;105.0000;63.0000;7.0000;70.0000;1;0;0;0;0;0;2;102.0000;-2391.0000;115.0000;267;262;300;0;0;17406
17968;272;0;0;235;247;230;112.0000;67.0000;105.0000;63.0000;7.0000;70.0000;1;0;0;0;0;0;2;102.0000;-2391.0000;115.0000;267;262;300;0;0;17406
17978;272;0;0;235;247;230;112.0000;67.0000;105.0000;63.0000;7.0000;70.0000;1;0;0;0;0;0;2;102.0000;-2391.0000;115.0000;267;262;300;0;0;17406
17990;272;0;0;235;247;230;112.0000;67.0000;105.0000;63.0000;7.0000;70.0000;1;0;0;0;0;0;2;102.0000;-2391.0000;115.0000;267;262;300;0;0;17406
18000;272;0;0;235;247;230;112.0000;67.0000;105.0000;63.0000;7.0000;70.0000;1;0;0;0;0;0;2;102.0000;-2391.0000;115.0000;267;262;300;0;0;17406
18011;272;0;0;235;247;230;112.0000;67.0000;105.0000;63.0000;7.0000;70.0000;1;0;0;0;0;0;2;102.0000;-2391.0000;115.0000;267;262;300;0;0;17406
18022;272;0;0;235;247;230;112.0000;67.0000;88.0000;63.0000;7.0000;70.0000;1;0;0;0;0;0;2;102.0000;-2391.0000;115.0000;267;262;300;0;0;17406
18032;272;0;0;235;247;230;112.0000;67.0000;88.0000;63.0000;7.0000;70.0000;1;0;0;0;0;0;2;102.0000;-2391.0000;115.0000;267;262;300;0;0;17406
18043;272;0;0;235;247;230;112.0000;67.0000;88.0000;63.0000;7.0000;70.0000;1;0;0;0;0;0;2;128.0000;-2391.0000;78.0000;267;262;300;0;0;17406
18053;272;0;0;235;247;230;112.0000;13.0000;88.0000;63.0000;7.0000;70.0000;1;0;0;0;0;0;2;128.0000;-2391.0000;78.0000;267;262;300;0;0;17406
18070;272;0;0;235;247;230;112.0000;13.0000;88.0000;63.0000;7.0000;70.0000;1;0;0;0;0;0;2;128.0000;-2391.0000;78.0000;267;262;300;0;0;17406
18080;272;0;0;235;247;230;112.0000;13.0000;88.0000;63.0000;7.0000;70.0000;1;0;0;0;0;0;2;128.0000;-2391.0000;78.0000;267;262;300;0;0;17406
18091;272;0;0;235;247;230;112.0000;13.0000;88.0000;63.0000;7.0000;70.0000;1;0;0;0;0;0;2;128.0000;-2391.0000;78.0000;267;262;300;0;0;17406
18101;272;0;0;235;247;230;112.0000;13.0000;88.0000;63.0000;7.0000;70.0000;1;0;0;0;0;0;2;128.0000;-2391.0000;78.0000;267;262;300;0;0;17406
18111;272;0;0;235;247;230;112.0000;13.0000;88.0000;63.0000;7.0000;70.0000;1;0;0;0;0;0;2;128.0000;-2391.0000;78.0000;267;262;300;0;0;17406
18122;272;0;0;235;247;230;105.0000;13.0000;88.0000;63.0000;7.0000;70.0000;1;0;0;0;0;0;2;128.0000;-2391.0000;78.0000;267;262;300;0;0;17406
18133;272;0;0;235;247;230;105.0000;13.0000;132.0000;63.0000;7.0000;70.0000;1;0;0;0;0;0;2;128.0000;-2391.0000;78.0000;267;262;300;0;0;17406
18144;272;0;0;235;247;230;105.0000;13.0000;132.0000;63.0000;7.0000;70.0000;1;0;0;0;0;0;2;98.0000;-2391.0000;129.0000;267;262;300;0;0;17406
18155;272;0;0;235;247;230;105.0000;-26.0000;132.0000;63.0000;7.0000;70.0000;1;0;0;0;0;0;2;98.0000;-2391.0000;129.0000;267;262;300;0;0;17406
18165;272;0;0;235;247;230;105.0000;-26.0000;132.0000;63.0000;7.0000;70.0000;1;0;0;0;0;0;2;98.0000;-2391.0000;129.0000;267;262;300;0;0;17406
18176;272;0;0;235;247;230;105.0000;-26.0000;132.0000;63.0000;7.0000;70.0000;1;0;0;0;0;0;2;98.0000;-2391.0000;129.0000;267;262;300;0;0;17406
18186;272;0;0;235;247;230;105.0000;-26.0000;132.0000;63.0000;7.0000;70.0000;1;0;0;0;0;0;2;98.0000;-2391.0000;129.0000;267;262;300;0;0;17406
18196;272;0;0;235;247;230;105.0000;-26.0000;132.0000;63.0000;7.0000;70.0000;1;0;0;0;0;0;2;98.0000;-2391.0000;129.0000;267;262;300;0;0;17406
18207;272;0;0;235;247;230;105.0000;-26.0000;132.0000;63.0000;7.0000;70.0000;1;0;0;0;0;0;2;98.0000;-2391.0000;129.0000;267;262;300;0;0;17406
18218;272;0;0;235;247;230;105.0000;-26.0000;132.0000;63.0000;7.0000;70.0000;1;0;0;0;0;0;2;98.0000;-2391.0000;129.0000;267;262;300;0;0;17406
18228;272;0;0;235;247;230;72.0000;-26.0000;88.0000;63.0000;7.0000;70.0000;1;0;0;0;0;0;2;98.0000;-2391.0000;129.0000;267;262;300;0;0;17406
18239;272;0;0;235;247;230;72.0000;-26.0000;88.0000;63.0000;7.0000;70.0000;1;0;0;0;0;0;2;65.0000;-2391.0000;129.0000;267;262;300;0;0;17406
18250;272;0;0;235;247;230;72.0000;-26.0000;88.0000;63.0000;7.0000;70.0000;1;0;0;0;0;0;2;65.0000;-2391.0000;142.0000;267;262;300;0;0;17406
18260;272;0;0;235;247;230;72.0000;134.0000;88.0000;63.0000;7.0000;70.0000;1;0;0;0;0;0;2;65.0000;-2391.0000;142.0000;267;262;300;0;0;17406
18271;272;0;0;235;247;230;72.0000;134.0000;88.0000;63.0000;7.0000;70.0000;1;0;0;0;0;0;2;65.0000;-2391.0000;142.0000;267;262;300;0;0;17406
18281;272;0;0;235;247;230;72.0000;134.0000;88.0000;63.0000;7.0000;70.0000;1;0;0;0;0;0;2;65.0000;-2391.0000;142.0000;267;262;300;0;0;17406
18292;272;0;0;235;247;230;72.0000;134.0000;88.0000;63.0000;7.0000;70.0000;1;0;0;0;0;0;2;65.0000;-2391.0000;142.0000;267;262;300;0;0;17406
18302;272;0;0;235;247;230;72.0000;134.0000;88.0000;63.0000;7.0000;70.0000;1;0;0;0;0;0;2;65.0000;-2391.0000;142.0000;267;262;300;0;0;17380
18312;272;0;0;235;247;230;72.0000;134.0000;88.0000;63.0000;7.0000;70.0000;1;0;0;0;0;0;2;65.0000;-2391.0000;142.0000;267;262;300;0;0;17380
18324;272;0;0;235;247;230;82.0000;134.0000;88.0000;30.0000;7.0000;70.0000;1;0;0;0;0;0;2;65.0000;-2391.0000;142.0000;267;262;300;0;0;17380
18335;272;0;0;235;247;230;82.0000;134.0000;132.0000;30.0000;7.0000;70.0000;1;0;0;0;0;0;2;65.0000;-2391.0000;142.0000;267;262;300;0;0;17380
18346;272;0;0;235;247;230;82.0000;134.0000;132.0000;30.0000;7.0000;70.0000;1;0;0;0;0;0;2;122.0000;-2391.0000;142.0000;267;262;300;0;0;17380
18356;272;0;0;235;247;230;82.0000;134.0000;132.0000;30.0000;7.0000;70.0000;1;0;0;0;0;0;2;122.0000;-2391.0000;115.0000;267;262;300;0;0;17380
18367;272;0;0;235;247;230;82.0000;147.0000;132.0000;30.0000;7.0000;70.0000;1;0;0;0;0;0;2;122.0000;-2391.0000;115.0000;267;262;300;0;0;17380
18377;272;0;0;235;247;230;82.0000;147.0000;132.0000;30.0000;7.0000;70.0000;1;0;0;0;0;0;2;122.0000;-2391.0000;115.0000;267;262;300;0;0;17380
18390;272;0;0;235;247;230;82.0000;147.0000;132.0000;30.0000;7.0000;70.0000;1;0;0;0;0;0;2;122.0000;-2391.0000;115.0000;267;262;300;0;0;17380
18400;272;0;0;235;247;230;82.0000;147.0000;132.0000;30.0000;7.0000;70.0000;1;0;0;0;0;0;2;122.0000;-2391.0000;115.0000;267;262;300;0;0;17380
18411;272;0;0;235;247;230;82.0000;147.0000;132.0000;30.0000;7.0000;70.0000;1;0;0;0;0;0;2;122.0000;-2391.0000;115.0000;267;262;300;0;0;17380
18423;272;0;0;235;247;230;82.0000;147.0000;132.0000;30.0000;7.0000;70.0000;1;0;0;0;0;0;2;122.0000;-2391.0000;115.0000;267;262;300;0;0;17380
18434;272;0;0;235;247;230;82.0000;147.0000;122.0000;30.0000;7.0000;70.0000;1;0;0;0;0;0;2;122.0000;-2391.0000;115.0000;267;262;300;0;0;17380
18447;272;0;0;235;247;230;82.0000;147.0000;122.0000;30.0000;7.0000;70.0000;1;0;0;0;0;0;2;128.0000;-2391.0000;115.0000;267;262;300;0;0;17380
18458;272;0;0;235;247;230;82.0000;147.0000;122.0000;30.0000;7.0000;70.0000;1;0;0;0;0;0;2;128.0000;-2391.0000;129.0000;267;262;300;0;0;17380
18469;272;0;0;235;247;230;82.0000;120.0000;122.0000;30.0000;7.0000;70.0000;1;0;0;0;0;0;2;128.0000;-2391.0000;129.0000;267;262;300;0;0;17380
18480;272;0;0;235;247;230;82.0000;120.0000;122.0000;30.0000;7.0000;70.0000;1;0;0;0;0;0;2;128.0000;-2391.0000;129.0000;267;262;300;0;0;17380
18490;272;0;0;235;247;230;82.0000;120.0000;122.0000;30.0000;7.0000;70.0000;1;0;0;0;0;0;2;128.0000;-2391.0000;129.0000;267;262;300;0;0;17380
18501;272;0;0;235;247;230;82.0000;120.0000;122.0000;30.0000;7.0000;70.0000;1;0;0;0;0;0;2;128.0000;-2391.0000;129.0000;267;262;300;0;0;17380
18511;272;0;0;235;247;230;82.0000;120.0000;122.0000;30.0000;7.0000;70.0000;1;0;0;0;0;0;2;128.0000;-2391.0000;129.0000;267;262;300;0;0;17406
18522;272;0;0;235;247;230;82.0000;120.0000;122.0000;30.0000;7.0000;70.0000;1;0;0;0;0;0;2;128.0000;-2391.0000;129.0000;267;262;300;0;0;17406
18534;272;0;0;235;247;230;72.0000;120.0000;129.0000;30.0000;7.0000;70.0000;1;0;0;0;0;0;2;128.0000;-2391.0000;129.0000;267;262;300;0;0;17406
18544;272;0;0;235;247;230;72.0000;120.0000;129.0000;30.0000;7.0000;70.0000;1;0;0;0;0;0;2;61.0000;-2391.0000;129.0000;267;262;300;0;0;17406
18555;272;0;0;235;247;230;72.0000;120.0000;129.0000;30.0000;7.0000;70.0000;1;0;0;0;0;0;2;61.0000;-2391.0000;132.0000;267;262;300;0;0;17406
18565;272;0;0;235;247;230;72.0000;-26.0000;129.0000;30.0000;7.0000;70.0000;1;0;0;0;0;0;2;61.0000;-2391.0000;132.0000;267;262;300;0;0;17406
18576;272;0;0;235;247;230;72.0000;-26.0000;129.0000;30.0000;7.0000;70.0000;1;0;0;0;0;0;2;61.0000;-2391.0000;132.0000;267;262;300;0;0;17406
18586;272;0;0;235;247;230;72.0000;-26.0000;129.0000;30.0000;7.0000;70.0000;1;0;0;0;0;0;2;61.0000;-2391.0000;132.0000;267;262;300;0;0;17406
18596;272;0;0;235;247;230;72.0000;-26.0000;129.0000;30.0000;7.0000;70.0000;1;0;0;0;0;0;2;61.0000;-2391.0000;132.0000;267;262;300;0;0;17406
18607;272;0;0;235;247;230;72.0000;-26.0000;129.0000;30.0000;7.0000;70.0000;1;0;0;0;0;0;2;61.0000;-2391.0000;132.0000;267;262;300;0;0;17406
18617;272;0;0;235;247;230;72.0000;-26.0000;129.0000;30.0000;7.0000;70.0000;1;0;0;0;0;0;2;61.0000;-2391.0000;132.0000;267;262;300;0;0;17406
18628;272;0;0;235;247;230;109.0000;-26.0000;129.0000;30.0000;7.0000;70.0000;1;0;0;0;0;0;2;61.0000;-2391.0000;132.0000;267;262;300;0;0;17406
18638;272;0;0;235;247;230;109.0000;-26.0000;92.0000;30.0000;7.0000;70.0000;1;0;0;0;0;0;2;61.0000;-2391.0000;132.0000;267;262;300;0;0;17406
18649;272;0;0;235;247;230;109.0000;-26.0000;92.0000;30.0000;7.0000;70.0000;1;0;0;0;0;0;2;128.0000;-2391.0000;119.0000;267;262;300;0;0;17406
18659;272;0;0;235;247;230;109.0000;-26.0000;92.0000;30.0000;7.0000;70.0000;1;0;0;0;0;0;2;128.0000;-2391.0000;119.0000;267;262;300;0;0;17406
18670;272;0;0;235;247;230;109.0000;147.0000;92.0000;30.0000;7.0000;70.0000;1;0;0;0;0;0;2;128.0000;-2391.0000;119.0000;267;262;300;0;0;17406
18680;272;0;0;235;247;230;109.0000;147.0000;92.0000;30.0000;7.0000;70.0000;1;0;0;0;0;0;2;128.0000;-2391.0000;119.0000;267;262;300;0;0;17406
18691;272;0;0;235;247;230;109.0000;147.0000;92.0000;30.0000;7.0000;70.0000;1;0;0;0;0;0;2;128.0000;-2391.0000;119.0000;267;262;300;0;0;17406
18701;272;0;0;235;247;230;109.0000;147.0000;92.0000;30.0000;7.0000;70.0000;1;0;0;0;0;0;2;128.0000;-2391.0000;119.0000;267;262;300;0;0;17406
18712;272;0;0;235;247;230;109.0000;147.0000;92.0000;30.0000;7.0000;70.0000;1;0;0;0;0;0;2;128.0000;-2391.0000;119.0000;267;262;300;0;0;17406
18722;272;0;0;235;247;230;109.0000;147.0000;92.0000;30.0000;7.0000;70.0000;1;0;0;0;0;0;2;128.0000;-2391.0000;119.0000;267;262;300;0;0;17406
18732;272;0;0;235;247;230;68.0000;147.0000;95.0000;30.0000;7.0000;70.0000;1;0;0;0;0;0;2;128.0000;-2391.0000;119.0000;267;262;300;0;0;17406
18744;272;0;0;235;247;230;68.0000;147.0000;95.0000;30.0000;7.0000;70.0000;1;0;0;0;0;0;2;115.0000;-2391.0000;119.0000;267;262;300;0;0;17406
18754;272;0;0;235;247;230;68.0000;147.0000;95.0000;30.0000;7.0000;70.0000;1;0;0;0;0;0;2;115.0000;-2391.0000;75.0000;267;262;300;0;0;17406
18765;272;0;0;235;247;230;68.0000;147.0000;95.0000;30.0000;7.0000;70.0000;1;0;0;0;0;0;2;115.0000;-2391.0000;75.0000;267;262;300;0;0;17406
18775;272;0;0;235;247;230;68.0000;67.0000;95.0000;30.0000;7.0000;70.0000;1;0;0;0;0;0;2;115.0000;-2391.0000;75.0000;267;262;300;0;0;17406
18786;272;0;0;235;247;230;68.0000;67.0000;95.0000;30.0000;7.0000;70.0000;1;0;0;0;0;0;2;115.0000;-2391.0000;75.0000;267;262;300;0;0;17406
18800;272;0;0;235;247;230;68.0000;67.0000;95.0000;30.0000;7.0000;70.0000;1;0;0;0;0;0;2;115.0000;-2391.0000;75.0000;267;262;300;0;0;17406
18810;272;0;0;235;247;230;68.0000;67.0000;95.0000;30.0000;7.0000;70.0000;1;0;0;0;0;0;2;115.0000;-2391.0000;75.0000;267;262;300;0;0;17406
18821;272;0;0;235;247;230;68.0000;67.0000;95.0000;30.0000;7.0000;70.0000;1;0;0;0;0;0;2;115.0000;-2391.0000;75.0000;267;262;300;0;0;17406
18831;272;0;0;235;247;230;122.0000;67.0000;95.0000;30.0000;7.0000;70.0000;1;0;0;0;0;0;2;115.0000;-2391.0000;75.0000;267;262;300;0;0;17406
18843;272;0;0;235;247;230;122.0000;67.0000;119.0000;30.0000;7.0000;70.0000;1;0;0;0;0;0;2;115.0000;-2391.0000;75.0000;267;262;300;0;0;17406
18853;272;0;0;235;247;230;122.0000;67.0000;119.0000;30.0000;7.0000;70.0000;1;0;0;0;0;0;2;88.0000;-2391.0000;135.0000;267;262;300;0;0;17406
18864;272;0;0;235;247;230;122.0000;67.0000;119.0000;30.0000;7.0000;70.0000;1;0;0;0;0;0;2;88.0000;-2391.0000;135.0000;267;262;300;0;0;17406
18879;272;0;0;235;247;230;122.0000;161.0000;119.0000;30.0000;7.0000;70.0000;1;0;0;0;0;0;2;88.0000;-2391.0000;135.0000;267;262;300;0;0;17406
18890;272;0;0;235;247;230;122.0000;161.0000;119.0000;30.0000;7.0000;70.0000;1;0;0;0;0;0;2;88.0000;-2391.0000;135.0000;267;262;300;0;0;17406
18910;272;0;0;235;247;230;122.0000;161.0000;119.0000;30.0000;7.0000;70.0000;1;0;0;0;0;0;2;88.0000;-2391.0000;135.0000;267;262;300;0;0;17406
18920;272;0;0;235;247;230;122.0000;161.0000;119.0000;30.0000;7.0000;70.0000;1;0;0;0;0;0;2;88.0000;-2391.0000;135.0000;267;262;300;0;0;17406
18931;272;0;0;235;247;230;129.0000;161.0000;119.0000;30.0000;7.0000;70.0000;1;0;0;0;0;0;2;88.0000;-2391.0000;135.0000;267;262;300;0;0;17406
18950;272;0;0;235;247;230;129.0000;161.0000;135.0000;30.0000;7.0000;70.0000;1;0;0;0;0;0;2;88.0000;-2391.0000;135.0000;267;262;300;0;0;17406
18960;272;0;0;235;247;230;129.0000;161.0000;135.0000;30.0000;7.0000;70.0000;1;0;0;0;0;0;2;125.0000;-2391.0000;61.0000;267;262;300;0;0;17406
18971;272;0;0;235;247;230;129.0000;147.0000;135.0000;30.0000;7.0000;70.0000;1;0;0;0;0;0;2;125.0000;-2391.0000;61.0000;267;262;300;0;0;17406
18981;272;0;0;235;247;230;129.0000;147.0000;135.0000;30.0000;7.0000;70.0000;1;0;0;0;0;0;2;125.0000;-2391.0000;61.0000;267;262;300;0;0;17406
18994;272;0;0;235;247;230;129.0000;147.0000;135.0000;30.0000;7.0000;70.0000;1;0;0;0;0;0;2;125.0000;-2391.0000;61.0000;267;262;300;0;0;17406
19004;272;0;0;235;247;230;129.0000;147.0000;135.0000;30.0000;7.0000;70.0000;1;0;0;0;0;0;2;125.0000;-2391.0000;61.0000;267;262;300;0;0;17406
19015;272;0;0;235;247;230;129.0000;147.0000;135.0000;30.0000;7.0000;70.0000;1;0;0;0;0;0;2;125.0000;-2391.0000;61.0000;267;262;300;0;0;17406
19026;272;0;0;235;247;230;129.0000;147.0000;135.0000;30.0000;7.0000;70.0000;1;0;0;0;0;0;2;125.0000;-2391.0000;61.0000;267;262;300;0;0;17406
19036;272;0;0;235;247;230;129.0000;147.0000;129.0000;30.0000;7.0000;70.0000;1;0;0;0;0;0;2;125.0000;-2391.0000;61.0000;267;262;300;0;0;17406
19047;272;0;0;235;247;230;129.0000;147.0000;129.0000;30.0000;7.0000;70.0000;1;0;0;0;0;0;2;132.0000;-2391.0000;61.0000;267;262;300;0;0;17406
19058;272;0;0;235;247;230;129.0000;147.0000;129.0000;30.0000;7.0000;70.0000;1;0;0;0;0;0;2;132.0000;-2391.0000;142.0000;267;262;300;0;0;17406
19068;272;0;0;235;247;230;129.0000;40.0000;129.0000;30.0000;7.0000;70.0000;1;0;0;0;0;0;2;132.0000;-2391.0000;142.0000;267;262;300;0;0;17406
19079;272;0;0;235;247;230;129.0000;40.0000;129.0000;30.0000;7.0000;70.0000;1;0;0;0;0;0;2;132.0000;-2391.0000;142.0000;267;262;300;0;0;17406
19089;272;0;0;235;247;230;129.0000;40.0000;129.0000;30.0000;7.0000;70.0000;1;0;0;0;0;0;2;132.0000;-2391.0000;142.0000;267;262;300;0;0;17406
19099;272;0;0;235;247;230;129.0000;40.0000;129.0000;30.0000;7.0000;70.0000;1;0;0;0;0;0;2;132.0000;-2391.0000;142.0000;267;262;300;0;0;17406
19110;272;0;0;235;247;230;129.0000;40.0000;129.0000;30.0000;7.0000;70.0000;1;0;0;0;0;0;2;132.0000;-2391.0000;142.0000;267;262;300;0;0;17406
19120;272;0;0;235;247;230;129.0000;40.0000;129.0000;30.0000;7.0000;70.0000;1;0;0;0;0;0;2;132.0000;-2391.0000;142.0000;267;262;300;0;0;17406
19132;272;0;0;235;247;230;82.0000;40.0000;129.0000;30.0000;7.0000;70.0000;1;0;0;0;0;0;2;132.0000;-2391.0000;142.0000;267;262;300;0;0;17406
19144;272;0;0;235;247;230;82.0000;40.0000;82.0000;30.0000;7.0000;70.0000;1;0;0;0;0;0;2;132.0000;-2391.0000;142.0000;267;262;300;0;0;17406
19154;272;0;0;235;247;230;82.0000;40.0000;82.0000;30.0000;7.0000;70.0000;1;0;0;0;0;0;2;65.0000;-2391.0000;129.0000;267;262;300;0;0;17406
19165;272;0;0;235;247;230;82.0000;40.0000;82.0000;30.0000;7.0000;70.0000;1;0;0;0;0;0;2;65.0000;-2391.0000;129.0000;267;262;300;0;0;17406
19175;272;0;0;235;247;230;82.0000;107.0000;82.0000;30.0000;7.0000;70.0000;1;0;0;0;0;0;2;65.0000;-2391.0000;129.0000;267;262;300;0;0;17406
19186;272;0;0;235;247;230;82.0000;107.0000;82.0000;30.0000;7.0000;70.0000;1;0;0;0;0;0;2;65.0000;-2391.0000;129.0000;267;262;300;0;0;17406
19196;272;0;0;235;247;230;82.0000;107.0000;82.0000;30.0000;7.0000;70.0000;1;0;0;0;0;0;2;65.0000;-2391.0000;129.0000;267;262;300;0;0;17406
19207;272;0;0;235;247;230;82.0000;107.0000;82.0000;30.0000;7.0000;70.0000;1;0;0;0;0;0;2;65.0000;-2391.0000;129.0000;267;262;300;0;0;17406
19217;272;0;0;235;247;230;82.0000;107.0000;82.0000;30.0000;7.0000;70.0000;1;0;0;0;0;0;2;65.0000;-2391.0000;129.0000;267;262;300;0;0;17406
19228;272;0;0;235;247;230;82.0000;107.0000;82.0000;30.0000;7.0000;70.0000;1;0;0;0;0;0;2;65.0000;-2391.0000;129.0000;267;262;300;0;0;17376
19239;272;0;0;235;247;230;79.0000;107.0000;98.0000;30.0000;7.0000;70.0000;1;0;0;0;0;0;2;65.0000;-2391.0000;129.0000;267;262;300;0;0;17376
19250;272;0;0;235;247;230;79.0000;107.0000;98.0000;30.0000;7.0000;70.0000;1;0;0;0;0;0;2;81.0000;-2391.0000;129.0000;267;262;300;0;0;17376
19265;272;0;0;235;247;230;79.0000;107.0000;98.0000;30.0000;7.0000;70.0000;1;0;0;0;0;0;2;81.0000;-2391.0000;68.0000;267;262;300;0;0;17376
19275;272;0;0;235;247;230;79.0000;147.0000;98.0000;30.0000;7.0000;70.0000;1;0;0;0;0;0;2;81.0000;-2391.0000;68.0000;267;262;300;0;0;17376
19286;272;0;0;235;247;230;79.0000;147.0000;98.0000;30.0000;7.0000;70.0000;1;0;0;0;0;0;2;81.0000;-2391.0000;68.0000;267;262;300;0;0;17376
19297;272;0;0;235;247;230;79.0000;147.0000;98.0000;30.0000;7.0000;70.0000;1;0;0;0;0;0;2;81.0000;-2391.0000;68.0000;267;262;300;0;0;17376
19307;272;0;0;235;247;230;79.0000;147.0000;98.0000;30.0000;7.0000;70.0000;1;0;0;0;0;0;2;81.0000;-2391.0000;68.0000;267;262;300;0;0;17376
19317;272;0;0;235;247;230;79.0000;147.0000;98.0000;30.0000;7.0000;70.0000;1;0;0;0;0;0;2;81.0000;-2391.0000;68.0000;267;262;300;0;0;17376
19328;272;0;0;235;247;230;79.0000;147.0000;98.0000;30.0000;7.0000;70.0000;1;0;0;0;0;0;2;81.0000;-2391.0000;68.0000;267;262;300;0;0;17376
19338;272;0;0;235;247;230;92.0000;147.0000;98.0000;30.0000;7.0000;70.0000;1;0;0;0;0;0;2;81.0000;-2391.0000;68.0000;267;262;300;0;0;17380
19350;272;0;0;235;247;230;92.0000;147.0000;98.0000;30.0000;7.0000;70.0000;1;0;0;0;0;0;2;115.0000;-2391.0000;68.0000;267;262;300;0;0;17380
19361;272;0;0;235;247;230;92.0000;147.0000;98.0000;30.0000;7.0000;70.0000;1;0;0;0;0;0;2;115.0000;-2391.0000;85.0000;267;262;300;0;0;17380
19371;272;0;0;235;247;230;92.0000;-26.0000;98.0000;30.0000;7.0000;70.0000;1;0;0;0;0;0;2;115.0000;-2391.0000;85.0000;267;262;300;0;0;17380
19382;272;0;0;235;247;230;92.0000;-26.0000;98.0000;30.0000;7.0000;70.0000;1;0;0;0;0;0;2;115.0000;-2391.0000;85.0000;267;262;300;0;0;17380
19392;272;0;0;235;247;230;92.0000;-26.0000;98.0000;30.0000;7.0000;70.0000;1;0;0;0;0;0;2;115.0000;-2391.0000;85.0000;267;262;300;0;0;17380
19403;272;0;0;235;247;230;92.0000;-26.0000;98.0000;30.0000;7.0000;70.0000;1;0;0;0;0;0;2;115.0000;-2391.0000;85.0000;267;262;300;0;0;17380
19413;272;0;0;235;247;230;92.0000;-26.0000;98.0000;30.0000;7.0000;70.0000;1;0;0;0;0;0;2;115.0000;-2391.0000;85.0000;267;262;300;0;0;17380
19423;272;0;0;235;247;230;92.0000;-26.0000;98.0000;30.0000;7.0000;70.0000;1;0;0;0;0;0;2;115.0000;-2391.0000;85.0000;267;262;300;0;0;17380
19434;272;0;0;235;247;230;115.0000;-26.0000;98.0000;30.0000;7.0000;70.0000;1;0;0;0;0;0;2;115.0000;-2391.0000;85.0000;267;262;300;0;0;17380
19444;272;0;0;235;247;230;115.0000;-26.0000;125.0000;30.0000;7.0000;70.0000;1;0;0;0;0;0;2;115.0000;-2391.0000;85.0000;267;262;300;0;0;17380
19455;272;0;0;235;247;230;115.0000;-26.0000;125.0000;30.0000;7.0000;70.0000;1;0;0;0;0;0;2;71.0000;-2391.0000;119.0000;267;262;300;0;0;17380
19466;272;0;0;235;247;230;115.0000;-26.0000;125.0000;30.0000;7.0000;70.0000;1;0;0;0;0;0;2;71.0000;-2391.0000;119.0000;267;262;300;0;0;17380
19476;272;0;0;235;247;230;115.0000;147.0000;125.0000;30.0000;7.0000;70.0000;1;0;0;0;0;0;2;71.0000;-2391.0000;119.0000;267;262;300;0;0;17380
19487;272;0;0;235;247;230;115.0000;147.0000;125.0000;30.0000;7.0000;70.0000;1;0;0;0;0;0;2;71.0000;-2391.0000;119.0000;267;262;300;0;0;17380
19497;272;0;0;235;247;230;115.0000;147.0000;125.0000;30.0000;7.0000;70.0000;1;0;0;0;0;0;2;71.0000;-2391.0000;119.0000;267;262;300;0;0;17380
19507;272;0;0;235;247;230;115.0000;147.0000;125.0000;30.0000;7.0000;70.0000;1;0;0;0;0;0;2;71.0000;-2391.0000;119.0000;267;262;300;0;0;17380
19518;272;0;0;235;247;230;115.0000;147.0000;125.0000;30.0000;7.0000;70.0000;1;0;0;0;0;0;2;71.0000;-2391.0000;119.0000;267;262;300;0;0;17380
19528;272;0;0;235;247;230;115.0000;147.0000;125.0000;30.0000;7.0000;70.0000;1;0;0;0;0;0;2;71.0000;-2391.0000;119.0000;267;262;300;0;0;17380
19539;272;0;0;235;247;230;79.0000;147.0000;125.0000;30.0000;7.0000;70.0000;1;0;0;0;0;0;2;71.0000;-2391.0000;119.0000;267;262;300;0;0;17380
19553;272;0;0;235;247;230;79.0000;147.0000;105.0000;30.0000;7.0000;70.0000;1;0;0;0;0;0;2;71.0000;-2391.0000;119.0000;267;262;300;0;0;17406
19563;272;0;0;235;247;230;79.0000;147.0000;105.0000;30.0000;7.0000;70.0000;1;0;0;0;0;0;2;128.0000;-2391.0000;135.0000;267;262;300;0;0;17406
19575;272;0;0;235;247;230;79.0000;120.0000;105.0000;30.0000;7.0000;70.0000;1;0;0;0;0;0;2;128.0000;-2391.0000;135.0000;267;262;300;0;0;17406
19585;272;0;0;235;247;230;79.0000;120.0000;105.0000;30.0000;7.0000;70.0000;1;0;0;0;0;0;2;128.0000;-2391.0000;135.0000;267;262;300;0;0;17406
19596;272;0;0;235;247;230;79.0000;120.0000;105.0000;30.0000;7.0000;70.0000;1;0;0;0;0;0;2;128.0000;-2391.0000;135.0000;267;262;300;0;0;17406
19606;272;0;0;235;247;230;79.0000;120.0000;105.0000;30.0000;7.0000;70.0000;1;0;0;0;0;0;2;128.0000;-2391.0000;135.0000;267;262;300;0;0;17406
19617;272;0;0;235;247;230;79.0000;120.0000;105.0000;30.0000;7.0000;70.0000;1;0;0;0;0;0;2;128.0000;-2391.0000;135.0000;267;262;300;0;0;17406
19627;272;0;0;235;247;230;79.0000;120.0000;105.0000;30.0000;7.0000;70.0000;1;0;0;0;0;0;2;128.0000;-2391.0000;135.0000;267;262;300;0;0;17406
19638;272;0;0;235;247;230;92.0000;120.0000;105.0000;30.0000;7.0000;70.0000;1;0;0;0;0;0;2;128.0000;-2391.0000;135.0000;267;262;300;0;0;17406
19649;272;0;0;235;247;230;92.0000;120.0000;122.0000;30.0000;7.0000;70.0000;1;0;0;0;0;0;2;128.0000;-2391.0000;135.0000;267;262;300;0;0;17406
19659;272;0;0;235;247;230;92.0000;120.0000;122.0000;30.0000;7.0000;70.0000;1;0;0;0;0;0;2;132.0000;-2391.0000;108.0000;267;262;300;0;0;17406
19669;272;0;0;235;247;230;92.0000;120.0000;122.0000;30.0000;7.0000;70.0000;1;0;0;0;0;0;2;132.0000;-2391.0000;108.0000;267;262;300;0;0;17406
19680;272;0;0;235;247;230;92.0000;187.0000;122.0000;30.0000;7.0000;70.0000;1;0;0;0;0;0;2;132.0000;-2391.0000;108.0000;267;262;300;0;0;17406
19691;272;0;0;235;247;230;92.0000;187.0000;122.0000;30.0000;7.0000;70.0000;1;0;0;0;0;0;2;132.0000;-2391.0000;108.0000;267;262;300;0;0;17406
19701;272;0;0;235;247;230;92.0000;187.0000;122.0000;30.0000;7.0000;70.0000;1;0;0;0;0;0;2;132.0000;-2391.0000;108.0000;267;262;300;0;0;17406
19711;272;0;0;235;247;230;92.0000;187.0000;122.0000;30.0000;7.0000;70.0000;1;0;0;0;0;0;2;132.0000;-2391.0000;108.0000;267;262;300;0;0;17406
19722;272;0;0;235;247;230;92.0000;187.0000;122.0000;30.0000;7.0000;70.0000;1;0;0;0;0;0;2;132.0000;-2391.0000;108.0000;267;262;300;0;0;17406
19732;272;0;0;235;247;230;92.0000;187.0000;122.0000;30.0000;7.0000;70.0000;1;0;0;0;0;0;2;132.0000;-2391.0000;108.0000;267;262;300;0;0;17406
19743;272;0;0;235;247;230;85.0000;187.0000;132.0000;30.0000;7.0000;70.0000;1;0;0;0;0;0;2;132.0000;-2391.0000;108.0000;267;262;300;0;0;17406
19755;272;0;0;235;247;230;85.0000;187.0000;132.0000;30.0000;7.0000;70.0000;1;0;0;0;0;0;2;135.0000;-2391.0000;92.0000;267;262;300;0;0;17406
19765;272;0;0;235;247;230;85.0000;187.0000;132.0000;30.0000;7.0000;70.0000;1;0;0;0;0;0;2;135.0000;-2391.0000;92.0000;267;262;300;0;0;17406
19776;272;0;0;235;247;230;85.0000;26.0000;132.0000;30.0000;7.0000;70.0000;1;0;0;0;0;0;2;135.0000;-2391.0000;92.0000;267;262;300;0;0;17406
19786;272;0;0;235;247;230;85.0000;26.0000;132.0000;30.0000;7.0000;70.0000;1;0;0;0;0;0;2;135.0000;-2391.0000;92.0000;267;262;300;0;0;17406
19797;272;0;0;235;247;230;85.0000;26.0000;132.0000;30.0000;7.0000;70.0000;1;0;0;0;0;0;2;135.0000;-2391.0000;92.0000;267;262;300;0;0;17406
19807;272;0;0;235;247;230;85.0000;26.0000;132.0000;30.0000;7.0000;70.0000;1;0;0;0;0;0;2;135.0000;-2391.0000;92.0000;267;262;300;0;0;17406
19817;272;0;0;235;247;230;85.0000;26.0000;132.0000;30.0000;7.0000;70.0000;1;0;0;0;0;0;2;135.0000;-2391.0000;92.0000;267;262;300;0;0;17406
19827;272;0;0;235;247;230;85.0000;26.0000;132.0000;30.0000;7.0000;70.0000;1;0;0;0;0;0;2;135.0000;-2391.0000;92.0000;267;262;300;0;0;17406
19838;272;0;0;235;247;230;85.0000;26.0000;132.0000;30.0000;7.0000;70.0000;1;0;0;0;0;0;2;135.0000;-2391.0000;92.0000;267;262;300;0;0;17406
19848;272;0;0;235;247;230;112.0000;26.0000;105.0000;30.0000;7.0000;70.0000;1;0;0;0;0;0;2;135.0000;-2391.0000;92.0000;267;262;300;0;0;17406
19859;272;0;0;235;247;230;112.0000;26.0000;105.0000;30.0000;7.0000;70.0000;1;0;0;0;0;0;2;128.0000;-2391.0000;135.0000;267;262;300;0;0;17406
19869;272;0;0;235;247;230;112.0000;26.0000;105.0000;30.0000;7.0000;70.0000;1;0;0;0;0;0;2;128.0000;-2391.0000;135.0000;267;262;300;0;0;17406
19880;272;0;0;235;247;230;112.0000;-26.0000;105.0000;30.0000;7.0000;70.0000;1;0;0;0;0;0;2;128.0000;-2391.0000;135.0000;267;262;300;0;0;17406
19890;272;0;0;235;247;230;112.0000;-26.0000;105.0000;30.0000;7.0000;70.0000;1;0;0;0;0;0;2;128.0000;-2391.0000;135.0000;267;262;300;0;0;17406
19901;272;0;0;235;247;230;112.0000;-26.0000;105.0000;30.0000;7.0000;70.0000;1;0;0;0;0;0;2;128.0000;-2391.0000;135.0000;267;262;300;0;0;17406
19911;272;0;0;235;247;230;112.0000;-26.0000;105.0000;30.0000;7.0000;70.0000;1;0;0;0;0;0;2;128.0000;-2391.0000;135.0000;267;262;300;0;0;17406
19921;272;0;0;235;247;230;112.0000;-26.0000;105.0000;30.0000;7.0000;70.0000;1;0;0;0;0;0;2;128.0000;-2391.0000;135.0000;267;262;300;0;0;17406
19932;272;0;0;235;247;230;112.0000;-26.0000;105.0000;30.0000;7.0000;70.0000;1;0;0;0;0;0;2;128.0000;-2391.0000;135.0000;267;262;300;0;0;17406
19942;272;0;0;235;247;230;82.0000;-26.0000;105.0000;30.0000;7.0000;70.0000;1;0;0;0;0;0;2;128.0000;-2391.0000;135.0000;267;262;300;0;0;17406
19954;272;0;0;235;247;230;82.0000;-26.0000;132.0000;30.0000;7.0000;70.0000;1;0;0;0;0;0;2;135.0000;-2391.0000;135.0000;267;262;300;0;0;17406
19965;272;0;0;235;247;230;82.0000;-26.0000;132.0000;30.0000;7.0000;70.0000;1;0;0;0;0;0;2;135.0000;-2391.0000;72.0000;267;262;300;0;0;17406
19976;272;0;0;235;247;230;82.0000;67.0000;132.0000;30.0000;7.0000;70.0000;1;0;0;0;0;0;2;135.0000;-2391.0000;72.0000;267;262;300;0;0;17406
19987;272;0;0;235;247;230;82.0000;67.0000;132.0000;30.0000;7.0000;70.0000;1;0;0;0;0;0;2;135.0000;-2391.0000;72.0000;267;262;300;0;0;17406
19997;272;0;0;235;247;230;82.0000;67.0000;132.0000;30.0000;7.0000;70.0000;1;0;0;0;0;0;2;135.0000;-2391.0000;72.0000;267;262;300;0;0;17406
20007;272;0;0;235;247;230;82.0000;67.0000;132.0000;30.0000;7.0000;70.0000;1;0;0;0;0;0;2;135.0000;-2391.0000;72.0000;267;262;300;0;0;17406
20018;272;0;0;235;247;230;82.0000;67.0000;132.0000;30.0000;7.0000;70.0000;1;0;0;0;0;0;2;135.0000;-2391.0000;72.0000;267;262;300;0;0;17406
20028;272;0;0;235;247;230;82.0000;67.0000;132.0000;30.0000;7.0000;70.0000;1;0;0;0;0;0;2;135.0000;-2391.0000;72.0000;267;262;300;0;0;17406
20038;272;0;0;235;247;230;82.0000;67.0000;132.0000;30.0000;7.0000;70.0000;1;0;0;0;0;0;2;135.0000;-2391.0000;72.0000;267;262;300;0;0;17406
20049;272;0;0;235;247;230;105.0000;67.0000;82.0000;30.0000;7.0000;70.0000;1;0;0;0;0;0;2;135.0000;-2391.0000;72.0000;267;262;300;0;0;17406
20059;272;0;0;235;247;230;105.0000;67.0000;82.0000;30.0000;7.0000;70.0000;1;0;0;0;0;0;2;128.0000;-2391.0000;102.0000;267;262;300;0;0;17406
20070;272;0;0;235;247;230;105.0000;67.0000;82.0000;30.0000;7.0000;70.0000;1;0;0;0;0;0;2;128.0000;-2391.0000;102.0000;267;262;300;0;0;17406
20081;272;0;0;235;247;230;105.0000;53.0000;82.0000;30.0000;7.0000;70.0000;1;0;0;0;0;0;2;128.0000;-2391.0000;102.0000;267;262;300;0;0;17406
20092;272;0;0;235;247;230;105.0000;53.0000;82.0000;30.0000;7.0000;70.0000;1;0;0;0;0;0;2;128.0000;-2391.0000;102.0000;267;262;300;0;0;17406
20102;272;0;0;235;247;230;105.0000;53.0000;82.0000;30.0000;7.0000;70.0000;1;0;0;0;0;0;2;128.0000;-2391.0000;102.0000;267;262;300;0;0;17406
20113;272;0;0;235;247;230;105.0000;53.0000;82.0000;30.0000;7.0000;70.0000;1;0;0;0;0;0;2;128.0000;-2391.0000;102.0000;267;262;300;0;0;17406
20124;272;0;0;235;247;230;105.0000;53.0000;82.0000;30.0000;7.0000;70.0000;1;0;0;0;0;0;2;128.0000;-2391.0000;102.0000;267;262;300;0;0;17406
20134;272;0;0;235;247;230;105.0000;53.0000;82.0000;30.0000;7.0000;70.0000;1;0;0;0;0;0;2;128.0000;-2391.0000;102.0000;267;262;300;0;0;17406
20145;272;0;0;235;247;230;105.0000;53.0000;82.0000;30.0000;7.0000;70.0000;1;0;0;0;0;0;2;128.0000;-2391.0000;102.0000;267;262;300;0;0;17406
20158;272;0;0;235;247;230;68.0000;53.0000;125.0000;30.0000;7.0000;70.0000;1;0;0;0;0;0;2;132.0000;-2391.0000;102.0000;267;262;300;0;0;17406
20169;272;0;0;235;247;230;68.0000;53.0000;125.0000;30.0000;7.0000;70.0000;1;0;0;0;0;0;2;132.0000;-2391.0000;72.0000;267;262;300;0;0;17406
20179;272;0;0;235;247;230;68.0000;120.0000;125.0000;30.0000;7.0000;70.0000;1;0;0;0;0;0;2;132.0000;-2391.0000;72.0000;267;262;300;0;0;17406
20190;272;0;0;235;247;230;68.0000;120.0000;125.0000;30.0000;7.0000;70.0000;1;0;0;0;0;0;2;132.0000;-2391.0000;72.0000;267;262;300;0;0;17406
20200;272;0;0;235;247;230;68.0000;120.0000;125.0000;30.0000;7.0000;70.0000;1;0;0;0;0;0;2;132.0000;-2391.0000;72.0000;267;262;300;0;0;17406
20211;272;0;0;235;247;230;68.0000;120.0000;125.0000;30.0000;7.0000;70.0000;1;0;0;0;0;0;2;132.0000;-2391.0000;72.0000;267;262;300;0;0;17406
20221;272;0;0;235;247;230;68.0000;120.0000;125.0000;30.0000;7.0000;70.0000;1;0;0;0;0;0;2;132.0000;-2391.0000;72.0000;267;262;300;0;0;17406
20231;272;0;0;235;247;230;68.0000;120.0000;125.0000;30.0000;7.0000;70.0000;1;0;0;0;0;0;2;132.0000;-2391.0000;72.0000;267;262;300;0;0;17406
20242;272;0;0;235;247;230;68.0000;120.0000;125.0000;30.0000;7.0000;70.0000;1;0;0;0;0;0;2;132.0000;-2391.0000;72.0000;267;262;300;0;0;17406
20253;272;0;0;235;247;230;72.0000;120.0000;132.0000;30.0000;7.0000;70.0000;1;0;0;0;0;0;2;125.0000;-2391.0000;72.0000;267;262;300;0;0;17406
20264;272;0;0;235;247;230;72.0000;120.0000;132.0000;30.0000;7.0000;70.0000;1;0;0;0;0;0;2;125.0000;-2391.0000;75.0000;267;262;300;0;0;17406
20275;272;0;0;235;247;230;72.0000;120.0000;132.0000;30.0000;7.0000;70.0000;1;0;0;0;0;0;2;125.0000;-2391.0000;75.0000;267;262;300;0;0;17376
20285;272;0;0;235;247;230;72.0000;147.0000;132.0000;30.0000;7.0000;70.0000;1;0;0;0;0;0;2;125.0000;-2391.0000;75.0000;267;262;300;0;0;17376
20296;272;0;0;235;247;230;72.0000;147.0000;132.0000;30.0000;7.0000;70.0000;1;0;0;0;0;0;2;125.0000;-2391.0000;75.0000;267;262;300;0;0;17376
20306;272;0;0;235;247;230;72.0000;147.0000;132.0000;30.0000;7.0000;70.0000;1;0;0;0;0;0;2;125.0000;-2391.0000;75.0000;267;262;300;0;0;17376
20318;272;0;0;235;247;230;72.0000;147.0000;132.0000;30.0000;7.0000;70.0000;1;0;0;0;0;0;2;125.0000;-2391.0000;75.0000;267;262;300;0;0;17376
20329;272;0;0;235;247;230;72.0000;147.0000;132.0000;30.0000;7.0000;70.0000;1;0;0;0;0;0;2;125.0000;-2391.0000;75.0000;267;262;300;0;0;17376
20339;272;0;0;235;247;230;72.0000;147.0000;132.0000;30.0000;7.0000;70.0000;1;0;0;0;0;0;2;125.0000;-2391.0000;75.0000;267;262;300;0;0;17376
20350;272;0;0;235;247;230;112.0000;147.0000;132.0000;30.0000;7.0000;70.0000;1;0;0;0;0;0;2;125.0000;-2391.0000;75.0000;267;262;300;0;0;17376
20361;272;0;0;235;247;230;112.0000;147.0000;125.0000;30.0000;7.0000;70.0000;1;0;0;0;0;0;2;112.0000;-2391.0000;75.0000;267;262;300;0;0;17376
20372;272;0;0;235;247;230;112.0000;147.0000;125.0000;30.0000;7.0000;70.0000;1;0;0;0;0;0;2;112.0000;-2391.0000;82.0000;267;262;300;0;0;17376
20385;272;0;0;235;247;230;112.0000;161.0000;125.0000;30.0000;7.0000;70.0000;1;0;0;0;0;0;2;112.0000;-2391.0000;82.0000;267;262;300;0;0;17380
20395;272;0;0;235;247;230;112.0000;161.0000;125.0000;30.0000;7.0000;70.0000;1;0;0;0;0;0;2;112.0000;-2391.0000;82.0000;267;262;300;0;0;17380
20406;272;0;0;235;247;230;112.0000;161.0000;125.0000;30.0000;7.0000;70.0000;1;0;0;0;0;0;2;112.0000;-2391.0000;82.0000;267;262;300;0;0;17380
20416;272;0;0;235;247;230;112.0000;161.0000;125.0000;30.0000;7.0000;70.0000;1;0;0;0;0;0;2;112.0000;-2391.0000;82.0000;267;262;300;0;0;17380
20426;272;0;0;235;247;230;112.0000;161.0000;125.0000;30.0000;7.0000;70.0000;1;0;0;0;0;0;2;112.0000;-2391.0000;82.0000;267;262;300;0;0;17380
20437;272;0;0;235;247;230;112.0000;161.0000;125.0000;30.0000;7.0000;70.0000;1;0;0;0;0;0;2;112.0000;-2391.0000;82.0000;267;262;300;0;0;17380
20447;272;0;0;235;247;230;85.0000;161.0000;125.0000;30.0000;7.0000;70.0000;1;0;0;0;0;0;2;112.0000;-2391.0000;82.0000;267;262;300;0;0;17380
20458;272;0;0;235;247;230;85.0000;161.0000;125.0000;30.0000;7.0000;70.0000;1;0;0;0;0;0;2;71.0000;-2391.0000;82.0000;267;262;300;0;0;17380
20469;272;0;0;235;247;230;85.0000;161.0000;125.0000;30.0000;7.0000;70.0000;1;0;0;0;0;0;2;71.0000;-2391.0000;102.0000;267;262;300;0;0;17380
20479;272;0;0;235;247;230;85.0000;161.0000;125.0000;30.0000;7.0000;70.0000;1;0;0;0;0;0;2;71.0000;-2391.0000;102.0000;267;262;300;0;0;17380
20490;272;0;0;235;247;230;85.0000;107.0000;125.0000;30.0000;7.0000;70.0000;1;0;0;0;0;0;2;71.0000;-2391.0000;102.0000;267;262;300;0;0;17406
20501;272;0;0;235;247;230;85.0000;107.0000;125.0000;30.0000;7.0000;70.0000;1;0;0;0;0;0;2;71.0000;-2391.0000;102.0000;267;262;300;0;0;17406
20511;272;0;0;235;247;230;85.0000;107.0000;125.0000;30.0000;7.0000;70.0000;1;0;0;0;0;0;2;71.0000;-2391.0000;102.0000;267;262;300;0;0;17406
20521;272;0;0;235;247;230;85.0000;107.0000;125.0000;30.0000;7.0000;70.0000;1;0;0;0;0;0;2;71.0000;-2391.0000;102.0000;267;262;300;0;0;17406
20532;272;0;0;235;247;230;85.0000;107.0000;125.0000;30.0000;7.0000;70.0000;1;0;0;0;0;0;2;71.0000;-2391.0000;102.0000;267;262;300;0;0;17406
20542;272;0;0;235;247;230;85.0000;107.0000;125.0000;30.0000;7.0000;70.0000;1;0;0;0;0;0;2;71.0000;-2391.0000;102.0000;267;262;300;0;0;17406
20553;272;0;0;235;247;230;119.0000;107.0000;125.0000;30.0000;7.0000;70.0000;1;0;0;0;0;0;2;71.0000;-2391.0000;102.0000;267;262;300;0;0;17406
20563;272;0;0;235;247;230;119.0000;107.0000;105.0000;30.0000;7.0000;70.0000;1;0;0;0;0;0;2;122.0000;-2391.0000;112.0000;267;262;300;0;0;17406
20574;272;0;0;235;247;230;119.0000;107.0000;105.0000;30.0000;7.0000;70.0000;1;0;0;0;0;0;2;122.0000;-2391.0000;112.0000;267;262;300;0;0;17406
20586;272;0;0;235;247;230;119.0000;67.0000;105.0000;30.0000;7.0000;70.0000;1;0;0;0;0;0;2;122.0000;-2391.0000;112.0000;267;262;300;0;0;17406
20596;272;0;0;235;247;230;119.0000;67.0000;105.0000;30.0000;7.0000;70.0000;1;0;0;0;0;0;2;122.0000;-2391.0000;112.0000;267;262;300;0;0;17406
20606;272;0;0;235;247;230;119.0000;67.0000;105.0000;30.0000;7.0000;70.0000;1;0;0;0;0;0;2;122.0000;-2391.0000;112.0000;267;262;300;0;0;17406
20617;272;0;0;235;247;230;119.0000;67.0000;105.0000;30.0000;7.0000;70.0000;1;0;0;0;0;0;2;122.0000;-2391.0000;112.0000;267;262;300;0;0;17406
20628;272;0;0;235;247;230;119.0000;67.0000;105.0000;30.0000;7.0000;70.0000;1;0;0;0;0;0;2;122.0000;-2391.0000;112.0000;267;262;300;0;0;17406
20638;272;0;0;235;247;230;119.0000;67.0000;105.0000;30.0000;7.0000;70.0000;1;0;0;0;0;0;2;122.0000;-2391.0000;112.0000;267;262;300;0;0;17406
20650;272;0;0;235;247;230;122.0000;67.0000;105.0000;30.0000;7.0000;70.0000;1;0;0;0;0;0;2;122.0000;-2391.0000;112.0000;267;262;300;0;0;17406
20663;272;0;0;235;247;230;122.0000;67.0000;98.0000;30.0000;7.0000;70.0000;1;0;0;0;0;0;2;85.0000;-2391.0000;112.0000;267;262;300;0;0;17406
20674;272;0;0;235;247;230;122.0000;67.0000;98.0000;30.0000;7.0000;70.0000;1;0;0;0;0;0;2;85.0000;-2391.0000;65.0000;267;262;300;0;0;17406
20684;272;0;0;235;247;230;122.0000;120.0000;98.0000;30.0000;7.0000;70.0000;1;0;0;0;0;0;2;85.0000;-2391.0000;65.0000;267;262;300;0;0;17406
20696;272;0;0;235;247;230;122.0000;120.0000;98.0000;30.0000;7.0000;70.0000;1;0;0;0;0;0;2;85.0000;-2391.0000;65.0000;267;262;300;0;0;17406
20706;272;0;0;235;247;230;122.0000;120.0000;98.0000;30.0000;7.0000;70.0000;1;0;0;0;0;0;2;85.0000;-2391.0000;65.0000;267;262;300;0;0;17406
20717;272;0;0;235;247;230;122.0000;120.0000;98.0000;30.0000;7.0000;70.0000;1;0;0;0;0;0;2;85.0000;-2391.0000;65.0000;267;262;300;0;0;17406
20727;272;0;0;235;247;230;122.0000;120.0000;98.0000;30.0000;7.0000;70.0000;1;0;0;0;0;0;2;85.0000;-2391.0000;65.0000;267;262;300;0;0;17406
20737;272;0;0;235;247;230;122.0000;120.0000;98.0000;30.0000;7.0000;70.0000;1;0;0;0;0;0;2;85.0000;-2391.0000;65.0000;267;262;300;0;0;17406
20748;272;0;0;235;247;230;99.0000;120.0000;98.0000;30.0000;7.0000;70.0000;1;0;0;0;0;0;2;85.0000;-2391.0000;65.0000;267;262;300;0;0;17406
20761;272;0;0;235;247;230;99.0000;120.0000;119.0000;30.0000;7.0000;70.0000;1;0;0;0;0;0;2;71.0000;-2391.0000;65.0000;267;262;300;0;0;17406
20771;272;0;0;235;247;230;99.0000;120.0000;119.0000;30.0000;7.0000;70.0000;1;0;0;0;0;0;2;71.0000;-2391.0000;129.0000;267;262;300;0;0;17406
20782;272;0;0;235;247;230;99.0000;120.0000;119.0000;30.0000;7.0000;70.0000;1;0;0;0;0;0;2;71.0000;-2391.0000;129.0000;267;262;300;0;0;17406
20792;272;0;0;235;247;230;99.0000;161.0000;119.0000;30.0000;7.0000;70.0000;1;0;0;0;0;0;2;71.0000;-2391.0000;129.0000;267;262;300;0;0;17406
20802;272;0;0;235;247;230;99.0000;161.0000;119.0000;30.0000;7.0000;70.0000;1;0;0;0;0;0;2;71.0000;-2391.0000;129.0000;267;262;300;0;0;17406
20813;272;0;0;235;247;230;99.0000;161.0000;119.0000;30.0000;7.0000;70.0000;1;0;0;0;0;0;2;71.0000;-2391.0000;129.0000;267;262;300;0;0;17406
20823;272;0;0;235;247;230;99.0000;161.0000;119.0000;30.0000;7.0000;70.0000;1;0;0;0;0;0;2;71.0000;-2391.0000;129.0000;267;262;300;0;0;17406
20834;272;0;0;235;247;230;99.0000;161.0000;119.0000;30.0000;7.0000;70.0000;1;0;0;0;0;0;2;71.0000;-2391.0000;129.0000;267;262;300;0;0;17406
20844;272;0;0;235;247;230;99.0000;161.0000;119.0000;30.0000;7.0000;70.0000;1;0;0;0;0;0;2;71.0000;-2391.0000;129.0000;267;262;300;0;0;17406
20854;272;0;0;235;247;230;75.0000;161.0000;119.0000;30.0000;7.0000;70.0000;1;0;0;0;0;0;2;71.0000;-2391.0000;129.0000;267;262;300;0;0;17406
20864;272;0;0;235;247;230;75.0000;161.0000;122.0000;30.0000;7.0000;70.0000;1;0;0;0;0;0;2;122.0000;-2391.0000;68.0000;267;262;300;0;0;17406
20875;272;0;0;235;247;230;75.0000;161.0000;122.0000;30.0000;7.0000;70.0000;1;0;0;0;0;0;2;122.0000;-2391.0000;68.0000;267;262;300;0;0;17406
20885;272;0;0;235;247;230;75.0000;120.0000;122.0000;30.0000;7.0000;70.0000;1;0;0;0;0;0;2;122.0000;-2391.0000;68.0000;267;262;300;0;0;17406
20896;272;0;0;235;247;230;75.0000;120.0000;122.0000;30.0000;7.0000;70.0000;1;0;0;0;0;0;2;122.0000;-2391.0000;68.0000;267;262;300;0;0;17406
20906;272;0;0;235;247;230;75.0000;120.0000;122.0000;30.0000;7.0000;70.0000;1;0;0;0;0;0;2;122.0000;-2391.0000;68.0000;267;262;300;0;0;17406
20917;272;0;0;235;247;230;75.0000;120.0000;122.0000;30.0000;7.0000;70.0000;1;0;0;0;0;0;2;122.0000;-2391.0000;68.0000;267;262;300;0;0;17406
20927;272;0;0;235;247;230;75.0000;120.0000;122.0000;30.0000;7.0000;70.0000;1;0;0;0;0;0;2;122.0000;-2391.0000;68.0000;267;262;300;0;0;17406
20938;272;0;0;235;247;230;75.0000;120.0000;122.0000;30.0000;7.0000;70.0000;1;0;0;0;0;0;2;122.0000;-2391.0000;68.0000;267;262;300;0;0;17406
20949;272;0;0;235;247;230;82.0000;120.0000;122.0000;30.0000;7.0000;70.0000;1;0;0;0;0;0;2;122.0000;-2391.0000;68.0000;267;262;300;0;0;17406
20963;272;0;0;235;247;230;82.0000;120.0000;135.0000;30.0000;7.0000;70.0000;1;0;0;0;0;0;2;81.0000;-2391.0000;68.0000;267;262;300;0;0;17406
20973;272;0;0;235;247;230;82.0000;120.0000;135.0000;30.0000;7.0000;70.0000;1;0;0;0;0;0;2;81.0000;-2391.0000;135.0000;267;262;300;0;0;17406
20985;272;0;0;235;247;230;82.0000;134.0000;135.0000;30.0000;7.0000;70.0000;1;0;0;0;0;0;2;81.0000;-2391.0000;135.0000;267;262;300;0;0;17406
20995;272;0;0;235;247;230;82.0000;134.0000;135.0000;30.0000;7.0000;70.0000;1;0;0;0;0;0;2;81.0000;-2391.0000;135.0000;267;262;300;0;0;17406
21006;272;0;0;235;247;230;82.0000;134.0000;135.0000;30.0000;7.0000;70.0000;1;0;0;0;0;0;2;81.0000;-2391.0000;135.0000;267;262;300;0;0;17406
21016;272;0;0;235;247;230;82.0000;134.0000;135.0000;30.0000;7.0000;70.0000;1;0;0;0;0;0;2;81.0000;-2391.0000;135.0000;267;262;300;0;0;17406
21027;272;0;0;235;247;230;82.0000;134.0000;135.0000;30.0000;7.0000;70.0000;1;0;0;0;0;0;2;81.0000;-2391.0000;135.0000;267;262;300;0;0;17406
21037;272;0;0;235;247;230;82.0000;134.0000;135.0000;30.0000;7.0000;70.0000;1;0;0;0;0;0;2;81.0000;-2391.0000;135.0000;267;262;300;0;0;17406
21047;272;0;0;235;247;230;82.0000;134.0000;135.0000;30.0000;7.0000;70.0000;1;0;0;0;0;0;2;81.0000;-2391.0000;135.0000;267;262;300;0;0;17406
21058;272;0;0;235;247;230;99.0000;134.0000;135.0000;30.0000;7.0000;70.0000;1;0;0;0;0;0;2;81.0000;-2391.0000;135.0000;267;262;300;0;0;17406
21068;272;0;0;235;247;230;99.0000;134.0000;92.0000;30.0000;7.0000;70.0000;1;0;0;0;0;0;2;78.0000;-2391.0000;122.0000;267;262;300;0;0;17406
21079;272;0;0;235;247;230;99.0000;134.0000;92.0000;30.0000;7.0000;70.0000;1;0;0;0;0;0;2;78.0000;-2391.0000;122.0000;267;262;300;0;0;17406
21089;272;0;0;235;247;230;99.0000;161.0000;92.0000;30.0000;7.0000;70.0000;1;0;0;0;0;0;2;78.0000;-2391.0000;122.0000;267;262;300;0;0;17406
21100;272;0;0;235;247;230;99.0000;161.0000;92.0000;30.0000;7.0000;70.0000;1;0;0;0;0;0;2;78.0000;-2391.0000;122.0000;267;262;300;0;0;17406
21110;272;0;0;235;247;230;99.0000;161.0000;92.0000;30.0000;7.0000;70.0000;1;0;0;0;0;0;2;78.0000;-2391.0000;122.0000;267;262;300;0;0;17406
21121;272;0;0;235;247;230;99.0000;161.0000;92.0000;30.0000;7.0000;70.0000;1;0;0;0;0;0;2;78.0000;-2391.0000;122.0000;267;262;300;0;0;17406
21132;272;0;0;235;247;230;99.0000;161.0000;92.0000;30.0000;7.0000;70.0000;1;0;0;0;0;0;2;78.0000;-2391.0000;122.0000;267;262;302;0;0;17406
21143;272;0;0;235;247;230;99.0000;161.0000;92.0000;30.0000;7.0000;70.0000;1;0;0;0;0;0;2;78.0000;-2391.0000;122.0000;267;262;302;0;0;17406
21153;272;0;0;235;247;230;92.0000;161.0000;92.0000;30.0000;7.0000;70.0000;1;0;0;0;0;0;2;78.0000;-2391.0000;122.0000;267;262;302;0;0;17406
21165;272;0;0;235;247;230;92.0000;161.0000;92.0000;30.0000;7.0000;70.0000;1;0;0;0;0;0;2;132.0000;-2391.0000;122.0000;267;262;302;0;0;17406
21175;272;0;0;235;247;230;92.0000;161.0000;132.0000;30.0000;7.0000;70.0000;1;0;0;0;0;0;2;132.0000;-2391.0000;125.0000;267;262;302;0;0;17406
21187;272;0;0;235;247;230;92.0000;13.0000;132.0000;30.0000;7.0000;70.0000;1;0;0;0;0;0;2;132.0000;-2391.0000;125.0000;267;262;302;0;0;17406
21197;272;0;0;235;247;230;92.0000;13.0000;132.0000;30.0000;7.0000;70.0000;1;0;0;0;0;0;2;132.0000;-2391.0000;125.0000;267;262;302;0;0;17406
21208;272;0;0;235;247;230;92.0000;13.0000;132.0000;30.0000;7.0000;70.0000;1;0;0;0;0;0;2;132.0000;-2391.0000;125.0000;267;262;302;0;0;17406
21218;272;0;0;235;247;230;92.0000;13.0000;132.0000;30.0000;7.0000;70.0000;1;0;0;0;0;0;2;132.0000;-2391.0000;125.0000;267;262;302;0;0;17406
21229;272;0;0;235;247;230;92.0000;13.0000;132.0000;30.0000;7.0000;70.0000;1;0;0;0;0;0;2;132.0000;-2391.0000;125.0000;267;262;302;0;0;17406
21239;272;0;0;235;247;230;92.0000;13.0000;132.0000;30.0000;7.0000;70.0000;1;0;0;0;0;0;2;132.0000;-2391.0000;125.0000;267;262;302;0;0;17406
21250;272;0;0;235;247;230;92.0000;13.0000;132.0000;30.0000;7.0000;70.0000;1;0;0;0;0;0;2;132.0000;-2391.0000;125.0000;267;262;302;0;0;17406
21262;272;0;0;235;247;230;129.0000;13.0000;132.0000;30.0000;7.0000;70.0000;1;0;0;0;0;0;2;132.0000;-2391.0000;125.0000;267;262;302;0;0;17406
21272;272;0;0;235;247;230;129.0000;13.0000;139.0000;30.0000;7.0000;70.0000;1;0;0;0;0;0;2;95.0000;-2391.0000;85.0000;267;262;302;0;0;17406
21283;272;0;0;235;247;230;129.0000;13.0000;139.0000;30.0000;7.0000;70.0000;1;0;0;0;0;0;2;95.0000;-2391.0000;85.0000;267;262;302;0;0;17406
21293;272;0;0;235;247;230;129.0000;-26.0000;139.0000;30.0000;7.0000;70.0000;1;0;0;0;0;0;2;95.0000;-2391.0000;85.0000;267;262;302;0;0;17406
21304;272;0;0;235;247;230;129.0000;-26.0000;139.0000;30.0000;7.0000;70.0000;1;0;0;0;0;0;2;95.0000;-2391.0000;85.0000;267;262;302;0;0;17406
21314;272;0;0;235;247;230;129.0000;-26.0000;139.0000;30.0000;7.0000;70.0000;1;0;0;0;0;0;2;95.0000;-2391.0000;85.0000;267;262;302;0;0;17380
21324;272;0;0;235;247;230;129.0000;-26.0000;139.0000;30.0000;7.0000;70.0000;1;0;0;0;0;0;2;95.0000;-2391.0000;85.0000;267;262;302;0;0;17380
21335;272;0;0;235;247;230;129.0000;-26.0000;139.0000;55.0000;7.0000;70.0000;1;0;0;0;0;0;2;95.0000;-2391.0000;85.0000;267;262;302;0;0;17380
21345;272;0;0;235;247;230;129.0000;-26.0000;139.0000;55.0000;7.0000;70.0000;1;0;0;0;0;0;2;95.0000;-2391.0000;85.0000;267;262;302;0;0;17380
21356;272;0;0;235;247;230;89.0000;-26.0000;139.0000;55.0000;7.0000;70.0000;1;0;0;0;0;0;2;95.0000;-2391.0000;85.0000;267;262;302;0;0;17380
21369;272;0;0;235;247;230;89.0000;-26.0000;139.0000;55.0000;7.0000;70.0000;1;0;0;0;0;0;2;125.0000;-2391.0000;85.0000;267;262;302;0;0;17380
21380;272;0;0;235;247;230;89.0000;-26.0000;92.0000;55.0000;7.0000;70.0000;1;0;0;0;0;0;2;125.0000;-2391.0000;88.0000;267;262;302;0;0;17380
21391;272;0;0;235;247;230;89.0000;120.0000;92.0000;55.0000;7.0000;70.0000;1;0;0;0;0;0;2;125.0000;-2391.0000;88.0000;267;262;302;0;0;17380
21403;272;0;0;235;247;230;89.0000;120.0000;92.0000;55.0000;7.0000;70.0000;1;0;0;0;0;0;2;125.0000;-2391.0000;88.0000;267;262;302;0;0;17380
21413;272;0;0;235;247;230;89.0000;120.0000;92.0000;55.0000;7.0000;70.0000;1;0;0;0;0;0;2;125.0000;-2391.0000;88.0000;267;262;302;0;0;17380
21424;272;0;0;235;247;230;89.0000;120.0000;92.0000;55.0000;7.0000;70.0000;1;0;0;0;0;0;2;125.0000;-2391.0000;88.0000;267;262;302;0;0;17380
21434;272;0;0;235;247;230;89.0000;120.0000;92.0000;55.0000;7.0000;70.0000;1;0;0;0;0;0;2;125.0000;-2391.0000;88.0000;267;262;302;0;0;17380
21444;272;0;0;235;247;230;89.0000;120.0000;92.0000;55.0000;7.0000;70.0000;1;0;0;0;0;0;2;125.0000;-2391.0000;88.0000;267;262;302;0;0;17380
21455;272;0;0;235;247;230;89.0000;120.0000;92.0000;55.0000;7.0000;70.0000;1;0;0;0;0;0;2;125.0000;-2391.0000;88.0000;267;262;302;0;0;17380
21467;272;0;0;235;247;230;109.0000;120.0000;92.0000;55.0000;7.0000;70.0000;1;0;0;0;0;0;2;135.0000;-2391.0000;88.0000;267;262;302;0;0;17380
21480;272;0;0;235;247;230;109.0000;120.0000;92.0000;55.0000;7.0000;70.0000;1;0;0;0;0;0;2;135.0000;-2391.0000;85.0000;267;262;302;0;0;17380
21491;272;0;0;235;247;230;109.0000;120.0000;92.0000;55.0000;7.0000;70.0000;1;0;0;0;0;0;2;135.0000;-2391.0000;85.0000;267;262;302;0;0;17380
21501;272;0;0;235;247;230;109.0000;161.0000;92.0000;55.0000;7.0000;70.0000;1;0;0;0;0;0;2;135.0000;-2391.0000;85.0000;267;262;302;0;0;17380
21512;272;0;0;235;247;230;109.0000;161.0000;92.0000;55.0000;7.0000;70.0000;1;0;0;0;0;0;2;135.0000;-2391.0000;85.0000;267;262;302;0;0;17380
21522;272;0;0;235;247;230;109.0000;161.0000;92.0000;55.0000;7.0000;70.0000;1;0;0;0;0;0;2;135.0000;-2391.0000;85.0000;267;262;302;0;0;17406
21533;272;0;0;235;247;230;109.0000;161.0000;92.0000;55.0000;7.0000;70.0000;1;0;0;0;0;0;2;135.0000;-2391.0000;85.0000;267;262;302;0;0;17406
21543;272;0;0;235;247;230;109.0000;161.0000;92.0000;55.0000;7.0000;70.0000;1;0;0;0;0;0;2;135.0000;-2391.0000;85.0000;267;262;302;0;0;17406
21554;272;0;0;235;247;230;109.0000;161.0000;92.0000;55.0000;7.0000;70.0000;1;0;0;0;0;0;2;135.0000;-2391.0000;85.0000;267;262;302;0;0;17406
21564;272;0;0;235;247;230;102.0000;161.0000;92.0000;55.0000;7.0000;70.0000;1;0;0;0;0;0;2;135.0000;-2391.0000;85.0000;267;262;302;0;0;17406
21575;272;0;0;235;247;230;102.0000;161.0000;105.0000;55.0000;7.0000;70.0000;1;0;0;0;0;0;2;135.0000;-2391.0000;122.0000;267;262;302;0;0;17406
21585;272;0;0;235;247;230;102.0000;161.0000;105.0000;55.0000;7.0000;70.0000;1;0;0;0;0;0;2;135.0000;-2391.0000;122.0000;267;262;302;0;0;17406
21596;272;0;0;235;247;230;102.0000;134.0000;105.0000;55.0000;7.0000;70.0000;1;0;0;0;0;0;2;135.0000;-2391.0000;122.0000;267;262;302;0;0;17406
21606;272;0;0;235;247;230;102.0000;134.0000;105.0000;55.0000;7.0000;70.0000;1;0;0;0;0;0;2;135.0000;-2391.0000;122.0000;267;262;302;0;0;17406
21617;272;0;0;235;247;230;102.0000;134.0000;105.0000;55.0000;7.0000;70.0000;1;0;0;0;0;0;2;135.0000;-2391.0000;122.0000;267;262;302;0;0;17406
21627;272;0;0;235;247;230;102.0000;134.0000;105.0000;55.0000;7.0000;70.0000;1;0;0;0;0;0;2;135.0000;-2391.0000;122.0000;267;262;302;0;0;17406
21638;272;0;0;235;247;230;102.0000;134.0000;105.0000;55.0000;7.0000;70.0000;1;0;0;0;0;0;2;135.0000;-2391.0000;122.0000;267;262;302;0;0;17406
21648;272;0;0;235;247;230;102.0000;134.0000;105.0000;55.0000;7.0000;70.0000;1;0;0;0;0;0;2;135.0000;-2391.0000;122.0000;267;262;302;0;0;17406
21658;272;0;0;235;247;230;109.0000;134.0000;105.0000;55.0000;7.0000;70.0000;1;0;0;0;0;0;2;135.0000;-2391.0000;122.0000;267;262;302;0;0;17406
21669;272;0;0;235;247;230;109.0000;134.0000;105.0000;55.0000;7.0000;70.0000;1;0;0;0;0;0;2;118.0000;-2391.0000;122.0000;267;262;302;0;0;17406
21679;272;0;0;235;247;230;109.0000;134.0000;129.0000;55.0000;7.0000;70.0000;1;0;0;0;0;0;2;118.0000;-2391.0000;108.0000;267;262;302;0;0;17406
21690;272;0;0;235;247;230;109.0000;134.0000;129.0000;55.0000;7.0000;70.0000;1;0;0;0;0;0;2;118.0000;-2391.0000;108.0000;267;262;302;0;0;17406
21701;272;0;0;235;247;230;109.0000;120.0000;129.0000;55.0000;7.0000;70.0000;1;0;0;0;0;0;2;118.0000;-2391.0000;108.0000;267;262;302;0;0;17406
21711;272;0;0;235;247;230;109.0000;120.0000;129.0000;55.0000;7.0000;70.0000;1;0;0;0;0;0;2;118.0000;-2391.0000;108.0000;267;262;302;0;0;17406
21722;272;0;0;235;247;230;109.0000;120.0000;129.0000;55.0000;7.0000;70.0000;1;0;0;0;0;0;2;118.0000;-2391.0000;108.0000;265;262;302;0;0;17406
21732;272;0;0;235;247;230;109.0000;120.0000;129.0000;55.0000;7.0000;70.0000;1;0;0;0;0;0;2;118.0000;-2391.0000;108.0000;265;262;302;0;0;17406
21742;272;0;0;235;247;230;109.0000;120.0000;129.0000;55.0000;7.0000;70.0000;1;0;0;0;0;0;2;118.0000;-2391.0000;108.0000;265;262;302;0;0;17406
21753;272;0;0;235;247;230;109.0000;120.0000;129.0000;55.0000;7.0000;70.0000;1;0;0;0;0;0;2;118.0000;-2391.0000;108.0000;265;262;302;0;0;17406
21764;272;0;0;235;247;230;95.0000;120.0000;129.0000;55.0000;7.0000;70.0000;1;0;0;0;0;0;2;118.0000;-2391.0000;108.0000;265;262;302;0;0;17406
21774;272;0;0;235;247;230;95.0000;120.0000;125.0000;55.0000;7.0000;70.0000;1;0;0;0;0;0;2;98.0000;-2391.0000;115.0000;265;262;302;0;0;17406
21785;272;0;0;235;247;230;95.0000;120.0000;125.0000;55.0000;7.0000;70.0000;1;0;0;0;0;0;2;98.0000;-2391.0000;115.0000;265;262;302;0;0;17406
21796;272;0;0;235;247;230;95.0000;80.0000;125.0000;55.0000;7.0000;70.0000;1;0;0;0;0;0;2;98.0000;-2391.0000;115.0000;265;262;302;0;0;17406
21806;272;0;0;235;247;230;95.0000;80.0000;125.0000;55.0000;7.0000;70.0000;1;0;0;0;0;0;2;98.0000;-2391.0000;115.0000;265;262;302;0;0;17406
21817;272;0;0;235;247;230;95.0000;80.0000;125.0000;55.0000;7.0000;70.0000;1;0;0;0;0;0;2;98.0000;-2391.0000;115.0000;265;262;302;0;0;17406
21827;272;0;0;235;247;230;95.0000;80.0000;125.0000;55.0000;7.0000;70.0000;1;0;0;0;0;0;2;98.0000;-2391.0000;115.0000;265;262;302;0;0;17406
21838;272;0;0;235;247;230;95.0000;80.0000;125.0000;55.0000;7.0000;70.0000;1;0;0;0;0;0;2;98.0000;-2391.0000;115.0000;265;262;302;0;0;17406
21848;272;0;0;235;247;230;95.0000;80.0000;125.0000;55.0000;7.0000;70.0000;1;0;0;0;0;0;2;98.0000;-2391.0000;115.0000;265;262;302;0;0;17406
21858;272;0;0;235;247;230;119.0000;80.0000;125.0000;55.0000;7.0000;70.0000;1;0;0;0;0;0;2;98.0000;-2391.0000;115.0000;265;262;302;0;0;17406
21869;272;0;0;235;247;230;119.0000;80.0000;125.0000;55.0000;7.0000;70.0000;1;0;0;0;0;0;2;142.0000;-2391.0000;115.0000;265;262;302;0;0;17406
21879;272;0;0;235;247;230;119.0000;80.0000;102.0000;55.0000;7.0000;70.0000;1;0;0;0;0;0;2;142.0000;-2391.0000;135.0000;265;262;302;0;0;17406
21890;272;0;0;235;247;230;119.0000;80.0000;102.0000;55.0000;7.0000;70.0000;1;0;0;0;0;0;2;142.0000;-2391.0000;135.0000;265;262;302;0;0;17406
21900;272;0;0;235;247;230;119.0000;13.0000;102.0000;55.0000;7.0000;70.0000;1;0;0;0;0;0;2;142.0000;-2391.0000;135.0000;265;262;302;0;0;17406
21911;272;0;0;235;247;230;119.0000;13.0000;102.0000;55.0000;7.0000;70.0000;1;0;0;0;0;0;2;142.0000;-2391.0000;135.0000;265;262;302;0;0;17406
21921;272;0;0;235;247;230;119.0000;13.0000;102.0000;55.0000;7.0000;70.0000;1;0;0;0;0;0;2;142.0000;-2391.0000;135.0000;265;262;302;0;0;17406
21932;272;0;0;235;247;230;119.0000;13.0000;102.0000;55.0000;7.0000;70.0000;1;0;0;0;0;0;2;142.0000;-2391.0000;135.0000;265;262;302;0;0;17406
21942;272;0;0;235;247;230;119.0000;13.0000;102.0000;55.0000;7.0000;70.0000;1;0;0;0;0;0;2;142.0000;-2391.0000;135.0000;265;262;302;0;0;17406
21952;272;0;0;235;247;230;119.0000;13.0000;102.0000;55.0000;7.0000;70.0000;1;0;0;0;0;0;2;142.0000;-2391.0000;135.0000;265;262;302;0;0;17406
21963;272;0;0;235;247;230;122.0000;13.0000;102.0000;55.0000;7.0000;70.0000;1;0;0;0;0;0;2;142.0000;-2391.0000;135.0000;265;262;302;0;0;17406
21973;272;0;0;235;247;230;122.0000;13.0000;102.0000;55.0000;7.0000;70.0000;1;0;0;0;0;0;2;65.0000;-2391.0000;88.0000;265;262;302;0;0;17406
21984;272;0;0;235;247;230;122.0000;13.0000;85.0000;55.0000;7.0000;70.0000;1;0;0;0;0;0;2;65.0000;-2391.0000;88.0000;265;262;302;0;0;17406
21994;272;0;0;235;247;230;122.0000;13.0000;85.0000;55.0000;7.0000;70.0000;1;0;0;0;0;0;2;65.0000;-2391.0000;88.0000;265;262;302;0;0;17406
22005;272;0;0;235;247;230;122.0000;147.0000;85.0000;55.0000;7.0000;70.0000;1;0;0;0;0;0;2;65.0000;-2391.0000;88.0000;265;262;302;0;0;17406
22015;272;0;0;235;247;230;122.0000;147.0000;85.0000;55.0000;7.0000;70.0000;1;0;0;0;0;0;2;65.0000;-2391.0000;88.0000;265;262;302;0;0;17406
22025;272;0;0;235;247;230;122.0000;147.0000;85.0000;55.0000;7.0000;70.0000;1;0;0;0;0;0;2;65.0000;-2391.0000;88.0000;265;262;302;0;0;17406
22036;272;0;0;235;247;230;122.0000;147.0000;85.0000;55.0000;7.0000;70.0000;1;0;0;0;0;0;2;65.0000;-2391.0000;88.0000;265;262;302;0;0;17406
22046;272;0;0;235;247;230;122.0000;147.0000;85.0000;55.0000;7.0000;70.0000;1;0;0;0;0;0;2;65.0000;-2391.0000;88.0000;265;262;302;0;0;17406
22056;272;0;0;235;247;230;122.0000;147.0000;85.0000;55.0000;7.0000;70.0000;1;0;0;0;0;0;2;65.0000;-2391.0000;88.0000;265;262;302;0;0;17406
22067;272;0;0;235;247;230;112.0000;147.0000;85.0000;55.0000;7.0000;70.0000;1;0;0;0;0;0;2;135.0000;-2391.0000;88.0000;265;262;302;0;0;17406
22078;272;0;0;235;247;230;112.0000;147.0000;108.0000;55.0000;7.0000;70.0000;1;0;0;0;0;0;2;135.0000;-2391.0000;139.0000;265;262;302;0;0;17406
22088;272;0;0;235;247;230;112.0000;147.0000;108.0000;55.0000;7.0000;70.0000;1;0;0;0;0;0;2;135.0000;-2391.0000;139.0000;265;262;302;0;0;17406
22099;272;0;0;235;247;230;112.0000;93.0000;108.0000;55.0000;7.0000;70.0000;1;0;0;0;0;0;2;135.0000;-2391.0000;139.0000;265;262;302;0;0;17406
22109;272;0;0;235;247;230;112.0000;93.0000;108.0000;55.0000;7.0000;70.0000;1;0;0;0;0;0;2;135.0000;-2391.0000;139.0000;265;262;302;0;0;17406
22120;272;0;0;235;247;230;112.0000;93.0000;108.0000;55.0000;7.0000;70.0000;1;0;0;0;0;0;2;135.0000;-2391.0000;139.0000;265;262;302;0;0;17406
22130;272;0;0;235;247;230;112.0000;93.0000;108.0000;55.0000;7.0000;70.0000;1;0;0;0;0;0;2;135.0000;-2391.0000;139.0000;265;262;302;0;0;17406
22141;272;0;0;235;247;230;112.0000;93.0000;108.0000;55.0000;7.0000;70.0000;1;0;0;0;0;0;2;135.0000;-2391.0000;139.0000;265;262;302;0;0;17406
22151;272;0;0;235;247;230;112.0000;93.0000;108.0000;55.0000;7.0000;70.0000;1;0;0;0;0;0;2;135.0000;-2391.0000;139.0000;265;262;302;0;0;17406
22162;272;0;0;235;247;230;122.0000;93.0000;108.0000;55.0000;7.0000;70.0000;1;0;0;0;0;0;2;135.0000;-2391.0000;139.0000;265;262;302;0;0;17406
22173;272;0;0;235;247;230;122.0000;93.0000;108.0000;55.0000;7.0000;70.0000;1;0;0;0;0;0;2;139.0000;-2391.0000;72.0000;265;262;302;0;0;17406
22184;272;0;0;235;247;230;122.0000;93.0000;92.0000;55.0000;7.0000;70.0000;1;0;0;0;0;0;2;139.0000;-2391.0000;72.0000;265;262;302;0;0;17406
22196;272;0;0;235;247;230;122.0000;93.0000;92.0000;55.0000;7.0000;70.0000;1;0;0;0;0;0;2;139.0000;-2391.0000;72.0000;265;262;302;0;0;17406
22206;272;0;0;235;247;230;122.0000;-13.0000;92.0000;55.0000;7.0000;70.0000;1;0;0;0;0;0;2;139.0000;-2391.0000;72.0000;265;262;302;0;0;17406
22217;272;0;0;235;247;230;122.0000;-13.0000;92.0000;55.0000;7.0000;70.0000;1;0;0;0;0;0;2;139.0000;-2391.0000;72.0000;265;262;302;0;0;17406
22227;272;0;0;235;247;230;122.0000;-13.0000;92.0000;55.0000;7.0000;70.0000;1;0;0;0;0;0;2;139.0000;-2391.0000;72.0000;265;262;302;0;0;17406
22239;272;0;0;235;247;230;122.0000;-13.0000;92.0000;55.0000;7.0000;70.0000;1;0;0;0;0;0;2;139.0000;-2391.0000;72.0000;265;262;302;0;0;17392
22249;272;0;0;235;247;230;122.0000;-13.0000;92.0000;55.0000;7.0000;70.0000;1;0;0;0;0;0;2;139.0000;-2391.0000;72.0000;265;262;302;0;0;17376
22260;272;0;0;235;247;230;122.0000;-13.0000;92.0000;55.0000;7.0000;70.0000;1;0;0;0;0;0;2;139.0000;-2391.0000;72.0000;265;262;302;0;0;17376
22275;272;0;0;235;247;230;75.0000;-13.0000;92.0000;55.0000;7.0000;70.0000;1;0;0;0;0;0;2;132.0000;-2391.0000;72.0000;265;262;302;0;0;17376
22286;272;0;0;235;247;230;75.0000;-13.0000;85.0000;55.0000;7.0000;70.0000;1;0;0;0;0;0;2;132.0000;-2391.0000;129.0000;265;262;302;0;0;17376
22296;272;0;0;235;247;230;75.0000;-13.0000;85.0000;55.0000;7.0000;70.0000;1;0;0;0;0;0;2;132.0000;-2391.0000;129.0000;265;262;302;0;0;17376
22307;272;0;0;235;247;230;75.0000;0.0000;85.0000;55.0000;7.0000;70.0000;1;0;0;0;0;0;2;132.0000;-2391.0000;129.0000;265;262;302;0;0;17376
22317;272;0;0;235;247;230;75.0000;0.0000;85.0000;55.0000;7.0000;70.0000;1;0;0;0;0;0;2;132.0000;-2391.0000;129.0000;265;262;302;0;0;17376
22330;272;0;0;235;247;230;75.0000;0.0000;85.0000;55.0000;7.0000;70.0000;1;0;0;0;0;0;2;132.0000;-2391.0000;129.0000;265;262;302;0;0;17376
22340;272;0;0;235;247;230;75.0000;0.0000;85.0000;60.0000;7.0000;70.0000;1;0;0;0;0;0;2;132.0000;-2391.0000;129.0000;265;262;302;0;0;17376
22351;272;0;0;235;247;230;75.0000;0.0000;85.0000;60.0000;7.0000;70.0000;1;0;0;0;0;0;2;132.0000;-2391.0000;129.0000;265;262;302;0;0;17380
22369;272;0;0;235;247;230;75.0000;0.0000;85.0000;60.0000;7.0000;70.0000;1;0;0;0;0;0;2;81.0000;-2391.0000;129.0000;265;262;302;0;0;17380
22381;272;0;0;235;247;230;109.0000;0.0000;115.0000;60.0000;7.0000;70.0000;1;0;0;0;0;0;2;81.0000;-2391.0000;135.0000;265;262;302;0;0;17380
22392;272;0;0;235;247;230;109.0000;0.0000;115.0000;60.0000;7.0000;70.0000;1;0;0;0;0;0;2;81.0000;-2391.0000;135.0000;265;262;302;0;0;17380
22402;272;0;0;235;247;230;109.0000;0.0000;115.0000;60.0000;7.0000;70.0000;1;0;0;0;0;0;2;81.0000;-2391.0000;135.0000;265;262;302;0;0;17380
22413;272;0;0;235;247;230;109.0000;0.0000;115.0000;60.0000;7.0000;70.0000;1;0;0;0;0;0;2;81.0000;-2391.0000;135.0000;265;262;302;0;0;17380
22480;272;0;0;235;247;230;119.0000;0.0000;115.0000;60.0000;7.0000;70.0000;1;0;0;0;0;0;2;68.0000;-2391.0000;139.0000;265;262;302;0;0;17380
22491;272;0;0;235;247;230;119.0000;0.0000;112.0000;60.0000;7.0000;70.0000;1;0;0;0;0;0;2;68.0000;-2391.0000;139.0000;265;262;302;0;0;17380
22501;272;0;0;235;247;230;119.0000;0.0000;112.0000;60.0000;7.0000;70.0000;1;0;0;0;0;0;2;68.0000;-2391.0000;139.0000;265;262;302;0;0;17380
22512;272;0;0;235;247;230;119.0000;147.0000;112.0000;60.0000;7.0000;70.0000;1;0;0;0;0;0;2;68.0000;-2391.0000;139.0000;265;262;302;0;0;17380
22522;272;0;0;235;247;230;119.0000;147.0000;112.0000;60.0000;7.0000;70.0000;1;0;0;0;0;0;2;68.0000;-2391.0000;139.0000;265;262;302;0;0;17380
22533;272;0;0;235;247;230;119.0000;147.0000;112.0000;60.0000;7.0000;70.0000;1;0;0;0;0;0;2;68.0000;-2391.0000;139.0000;265;262;302;0;0;17380
22543;272;0;0;235;247;230;119.0000;147.0000;112.0000;60.0000;7.0000;70.0000;1;0;0;0;0;0;2;68.0000;-2391.0000;139.0000;265;262;302;0;0;17380
22554;272;0;0;235;247;230;119.0000;147.0000;112.0000;60.0000;7.0000;70.0000;1;0;0;0;0;0;2;68.0000;-2391.0000;139.0000;265;262;302;0;0;17406
22565;272;0;0;235;247;230;115.0000;147.0000;112.0000;60.0000;7.0000;70.0000;1;0;0;0;0;0;2;68.0000;-2391.0000;139.0000;265;262;302;0;0;17406
22576;272;0;0;235;247;230;115.0000;147.0000;112.0000;60.0000;7.0000;70.0000;1;0;0;0;0;0;2;135.0000;-2391.0000;125.0000;265;262;302;0;0;17406
22586;272;0;0;235;247;230;115.0000;147.0000;88.0000;60.0000;7.0000;70.0000;1;0;0;0;0;0;2;135.0000;-2391.0000;125.0000;265;262;302;0;0;17406
22597;272;0;0;235;247;230;115.0000;147.0000;88.0000;60.0000;7.0000;70.0000;1;0;0;0;0;0;2;135.0000;-2391.0000;125.0000;265;262;302;0;0;17406
22607;272;0;0;235;247;230;115.0000;-13.0000;88.0000;60.0000;7.0000;70.0000;1;0;0;0;0;0;2;135.0000;-2391.0000;125.0000;265;262;302;0;0;17406
22618;272;0;0;235;247;230;115.0000;-13.0000;88.0000;60.0000;7.0000;70.0000;1;0;0;0;0;0;2;135.0000;-2391.0000;125.0000;265;262;302;0;0;17406
22628;272;0;0;235;247;230;115.0000;-13.0000;88.0000;60.0000;7.0000;70.0000;1;0;0;0;0;0;2;135.0000;-2391.0000;125.0000;265;262;302;0;0;17406
22639;272;0;0;235;247;230;115.0000;-13.0000;88.0000;60.0000;7.0000;70.0000;1;0;0;0;0;0;2;135.0000;-2391.0000;125.0000;265;262;302;0;0;17406
22649;272;0;0;235;247;230;115.0000;-13.0000;88.0000;60.0000;7.0000;70.0000;1;0;0;0;0;0;2;135.0000;-2391.0000;125.0000;265;262;302;0;0;17406
22660;272;0;0;235;247;230;115.0000;-13.0000;88.0000;60.0000;7.0000;70.0000;1;0;0;0;0;0;2;135.0000;-2391.0000;125.0000;265;262;302;0;0;17406
22672;272;0;0;235;247;230;95.0000;-13.0000;88.0000;60.0000;7.0000;70.0000;1;0;0;0;0;0;2;92.0000;-2391.0000;125.0000;265;262;302;0;0;17406
22684;272;0;0;235;247;230;95.0000;-13.0000;88.0000;60.0000;7.0000;70.0000;1;0;0;0;0;0;2;92.0000;-2391.0000;115.0000;265;262;302;0;0;17406
22694;272;0;0;235;247;230;95.0000;-13.0000;135.0000;60.0000;7.0000;70.0000;1;0;0;0;0;0;2;92.0000;-2391.0000;115.0000;265;262;302;0;0;17406
22705;272;0;0;235;247;230;95.0000;161.0000;135.0000;60.0000;7.0000;70.0000;1;0;0;0;0;0;2;92.0000;-2391.0000;115.0000;265;262;302;0;0;17406
22715;272;0;0;235;247;230;95.0000;161.0000;135.0000;60.0000;7.0000;70.0000;1;0;0;0;0;0;2;92.0000;-2391.0000;115.0000;265;262;302;0;0;17406
22726;272;0;0;235;247;230;95.0000;161.0000;135.0000;60.0000;7.0000;70.0000;1;0;0;0;0;0;2;92.0000;-2391.0000;115.0000;265;262;302;0;0;17406
22736;272;0;0;235;247;230;95.0000;161.0000;135.0000;60.0000;7.0000;70.0000;1;0;0;0;0;0;2;92.0000;-2391.0000;115.0000;265;262;302;0;0;17406
22746;272;0;0;235;247;230;95.0000;161.0000;135.0000;60.0000;7.0000;70.0000;1;0;0;0;0;0;2;92.0000;-2391.0000;115.0000;265;262;302;0;0;17406
22758;272;0;0;235;247;230;95.0000;161.0000;135.0000;60.0000;7.0000;70.0000;1;0;0;0;0;0;2;92.0000;-2391.0000;115.0000;267;262;302;0;0;17406
22769;272;0;0;235;247;230;102.0000;161.0000;135.0000;60.0000;7.0000;70.0000;1;0;0;0;0;0;2;92.0000;-2391.0000;115.0000;267;262;302;0;0;17406
22780;272;0;0;235;247;230;102.0000;161.0000;135.0000;60.0000;7.0000;70.0000;1;0;0;0;0;0;2;135.0000;-2391.0000;108.0000;267;262;302;0;0;17406
22790;272;0;0;235;247;230;102.0000;161.0000;108.0000;60.0000;7.0000;70.0000;1;0;0;0;0;0;2;135.0000;-2391.0000;108.0000;267;262;302;0;0;17406
22801;272;0;0;235;247;230;102.0000;161.0000;108.0000;60.0000;7.0000;70.0000;1;0;0;0;0;0;2;135.0000;-2391.0000;108.0000;267;262;302;0;0;17406
22811;272;0;0;235;247;230;102.0000;120.0000;108.0000;60.0000;7.0000;70.0000;1;0;0;0;0;0;2;135.0000;-2391.0000;108.0000;267;262;302;0;0;17406
22822;272;0;0;235;247;230;102.0000;120.0000;108.0000;60.0000;7.0000;70.0000;1;0;0;0;0;0;2;135.0000;-2391.0000;108.0000;267;262;302;0;0;17406
22832;272;0;0;235;247;230;102.0000;120.0000;108.0000;60.0000;7.0000;70.0000;1;0;0;0;0;0;2;135.0000;-2391.0000;108.0000;267;262;302;0;0;17406
22843;272;0;0;235;247;230;102.0000;120.0000;108.0000;60.0000;7.0000;70.0000;1;0;0;0;0;0;2;135.0000;-2391.0000;108.0000;267;262;302;0;0;17406
22853;272;0;0;235;247;230;102.0000;120.0000;108.0000;60.0000;7.0000;70.0000;1;0;0;0;0;0;2;135.0000;-2391.0000;108.0000;267;262;302;0;0;17406
22863;272;0;0;235;247;230;102.0000;120.0000;108.0000;60.0000;7.0000;70.0000;1;0;0;0;0;0;2;135.0000;-2391.0000;108.0000;267;262;302;0;0;17406
22875;272;0;0;235;247;230;75.0000;120.0000;108.0000;60.0000;7.0000;70.0000;1;0;0;0;0;0;2;115.0000;-2391.0000;108.0000;267;262;302;0;0;17406
22886;272;0;0;235;247;230;75.0000;120.0000;125.0000;60.0000;7.0000;70.0000;1;0;0;0;0;0;2;115.0000;-2391.0000;72.0000;267;262;302;0;0;17406
22897;272;0;0;235;247;230;75.0000;120.0000;125.0000;60.0000;7.0000;70.0000;1;0;0;0;0;0;2;115.0000;-2391.0000;72.0000;267;262;302;0;0;17406
22907;272;0;0;235;247;230;75.0000;53.0000;125.0000;60.0000;7.0000;70.0000;1;0;0;0;0;0;2;115.0000;-2391.0000;72.0000;267;262;302;0;0;17406
22917;272;0;0;235;247;230;75.0000;53.0000;125.0000;60.0000;7.0000;70.0000;1;0;0;0;0;0;2;115.0000;-2391.0000;72.0000;267;262;302;0;0;17406
22928;272;0;0;235;247;230;75.0000;53.0000;125.0000;60.0000;7.0000;70.0000;1;0;0;0;0;0;2;115.0000;-2391.0000;72.0000;267;262;302;0;0;17406
22938;272;0;0;235;247;230;75.0000;53.0000;125.0000;60.0000;7.0000;70.0000;1;0;0;0;0;0;2;115.0000;-2391.0000;72.0000;267;262;302;0;0;17406
22949;272;0;0;235;247;230;75.0000;53.0000;125.0000;60.0000;7.0000;70.0000;1;0;0;0;0;0;2;115.0000;-2391.0000;72.0000;267;262;302;0;0;17406
22959;272;0;0;235;247;230;75.0000;53.0000;125.0000;60.0000;7.0000;70.0000;1;0;0;0;0;0;2;115.0000;-2391.0000;72.0000;267;262;302;0;0;17406
22970;272;0;0;235;247;230;75.0000;53.0000;125.0000;60.0000;7.0000;70.0000;1;0;0;0;0;0;2;115.0000;-2391.0000;72.0000;267;262;302;0;0;17406
22981;272;0;0;235;247;230;105.0000;53.0000;125.0000;60.0000;7.0000;70.0000;1;0;0;0;0;0;2;139.0000;-2391.0000;72.0000;267;262;302;0;0;17406
22992;272;0;0;235;247;230;105.0000;53.0000;108.0000;60.0000;7.0000;70.0000;1;0;0;0;0;0;2;139.0000;-2391.0000;72.0000;267;262;302;0;0;17406
23002;272;0;0;235;247;230;105.0000;53.0000;108.0000;60.0000;7.0000;70.0000;1;0;0;0;0;0;2;139.0000;-2391.0000;72.0000;267;262;302;0;0;17406
23016;272;0;0;235;247;230;105.0000;-40.0000;108.0000;60.0000;7.0000;70.0000;1;0;0;0;0;0;2;139.0000;-2391.0000;72.0000;267;262;302;0;0;17406
23026;272;0;0;235;247;230;105.0000;-40.0000;108.0000;60.0000;7.0000;70.0000;1;0;0;0;0;0;2;139.0000;-2391.0000;72.0000;267;262;302;0;0;17406
23036;272;0;0;235;247;230;105.0000;-40.0000;108.0000;60.0000;7.0000;70.0000;1;0;0;0;0;0;2;139.0000;-2391.0000;72.0000;267;262;302;0;0;17406
23050;272;0;0;235;247;230;105.0000;-40.0000;108.0000;60.0000;7.0000;70.0000;1;0;0;0;0;0;2;139.0000;-2391.0000;72.0000;267;262;302;0;0;17406
23060;272;0;0;235;247;232;105.0000;-40.0000;108.0000;60.0000;7.0000;70.0000;1;0;0;0;0;0;2;139.0000;-2391.0000;72.0000;267;262;302;0;0;17406
23072;272;0;0;235;247;232;119.0000;-40.0000;108.0000;60.0000;7.0000;70.0000;1;0;0;0;0;0;2;139.0000;-2391.0000;72.0000;267;262;302;0;0;17406
23082;272;0;0;235;247;232;119.0000;-40.0000;108.0000;60.0000;7.0000;70.0000;1;0;0;0;0;0;2;95.0000;-2391.0000;115.0000;267;262;302;0;0;17406
23093;272;0;0;235;247;232;119.0000;-40.0000;119.0000;60.0000;7.0000;70.0000;1;0;0;0;0;0;2;95.0000;-2391.0000;115.0000;267;262;302;0;0;17406
23103;272;0;0;235;247;232;119.0000;-40.0000;119.0000;60.0000;7.0000;70.0000;1;0;0;0;0;0;2;95.0000;-2391.0000;115.0000;267;262;302;0;0;17406
23114;272;0;0;235;247;232;119.0000;161.0000;119.0000;60.0000;7.0000;70.0000;1;0;0;0;0;0;2;95.0000;-2391.0000;115.0000;267;262;302;0;0;17406
23124;272;0;0;235;247;232;119.0000;161.0000;119.0000;60.0000;7.0000;70.0000;1;0;0;0;0;0;2;95.0000;-2391.0000;115.0000;267;262;302;0;0;17406
23135;272;0;0;235;247;232;119.0000;161.0000;119.0000;60.0000;7.0000;70.0000;1;0;0;0;0;0;2;95.0000;-2391.0000;115.0000;267;262;302;0;0;17406
23146;272;0;0;235;247;232;119.0000;161.0000;119.0000;60.0000;7.0000;70.0000;1;0;0;0;0;0;2;95.0000;-2391.0000;115.0000;267;262;302;0;0;17406
23156;272;0;0;235;247;232;119.0000;161.0000;119.0000;60.0000;7.0000;70.0000;1;0;0;0;0;0;2;95.0000;-2391.0000;115.0000;267;262;302;0;0;17406
23167;272;0;0;235;247;232;119.0000;161.0000;119.0000;60.0000;7.0000;70.0000;1;0;0;0;0;0;2;95.0000;-2391.0000;115.0000;267;262;302;0;0;17406
23178;272;0;0;235;247;232;122.0000;161.0000;119.0000;60.0000;7.0000;70.0000;1;0;0;0;0;0;2;95.0000;-2391.0000;115.0000;267;262;302;0;0;17406
23190;272;0;0;235;247;232;122.0000;161.0000;122.0000;60.0000;7.0000;70.0000;1;0;0;0;0;0;2;95.0000;-2391.0000;132.0000;267;262;302;0;0;17406
23200;272;0;0;235;247;232;122.0000;161.0000;122.0000;60.0000;7.0000;70.0000;1;0;0;0;0;0;2;95.0000;-2391.0000;132.0000;267;262;302;0;0;17406
23211;272;0;0;235;247;232;122.0000;134.0000;122.0000;60.0000;7.0000;70.0000;1;0;0;0;0;0;2;95.0000;-2391.0000;132.0000;267;262;302;0;0;17406
23221;272;0;0;235;247;232;122.0000;134.0000;122.0000;60.0000;7.0000;70.0000;1;0;0;0;0;0;2;95.0000;-2391.0000;132.0000;267;262;302;0;0;17406
23232;272;0;0;235;247;232;122.0000;134.0000;122.0000;60.0000;7.0000;70.0000;1;0;0;0;0;0;2;95.0000;-2391.0000;132.0000;267;262;302;0;0;17406
23243;272;0;0;235;247;232;122.0000;134.0000;122.0000;60.0000;7.0000;70.0000;1;0;0;0;0;0;2;95.0000;-2391.0000;132.0000;267;262;302;0;0;17406
23253;272;0;0;235;247;232;122.0000;134.0000;122.0000;60.0000;7.0000;70.0000;1;0;0;0;0;0;2;95.0000;-2391.0000;132.0000;267;262;302;0;0;17406
23264;272;0;0;235;247;232;122.0000;134.0000;122.0000;60.0000;7.0000;70.0000;1;0;0;0;0;0;2;95.0000;-2391.0000;132.0000;267;262;302;0;0;17406
23276;272;0;0;235;247;232;122.0000;134.0000;122.0000;60.0000;7.0000;70.0000;1;0;0;0;0;0;2;95.0000;-2391.0000;132.0000;267;262;302;0;0;17406
23287;272;0;0;235;247;232;122.0000;134.0000;122.0000;60.0000;7.0000;70.0000;1;0;0;0;0;0;2;95.0000;-2391.0000;132.0000;267;262;302;0;0;17392
23300;272;0;0;235;247;232;122.0000;134.0000;98.0000;60.0000;7.0000;70.0000;1;0;0;0;0;0;2;75.0000;-2391.0000;119.0000;267;262;302;0;0;17376
23310;272;0;0;235;247;232;122.0000;93.0000;98.0000;60.0000;7.0000;70.0000;1;0;0;0;0;0;2;75.0000;-2391.0000;119.0000;267;262;302;0;0;17376
23321;272;0;0;235;247;232;122.0000;93.0000;98.0000;60.0000;7.0000;70.0000;1;0;0;0;0;0;2;75.0000;-2391.0000;119.0000;267;262;302;0;0;17376
23332;272;0;0;235;247;232;122.0000;93.0000;98.0000;60.0000;7.0000;70.0000;1;0;0;0;0;0;2;75.0000;-2391.0000;119.0000;267;262;302;0;0;17376
23342;272;0;0;235;247;232;122.0000;93.0000;98.0000;40.0000;7.0000;70.0000;1;0;0;0;0;0;2;75.0000;-2391.0000;119.0000;267;262;302;0;0;17376
23353;272;0;0;235;247;232;122.0000;93.0000;98.0000;40.0000;7.0000;70.0000;1;0;0;0;0;0;2;75.0000;-2391.0000;119.0000;267;262;302;0;0;17376
23363;272;0;0;235;247;232;122.0000;93.0000;98.0000;40.0000;7.0000;70.0000;1;0;0;0;0;0;2;75.0000;-2391.0000;119.0000;267;262;302;0;0;17376
23374;272;0;0;235;247;232;119.0000;93.0000;98.0000;40.0000;7.0000;70.0000;1;0;0;0;0;0;2;75.0000;-2391.0000;119.0000;267;262;302;0;0;17376
23384;272;0;0;235;247;232;119.0000;93.0000;98.0000;40.0000;7.0000;70.0000;1;0;0;0;0;0;2;132.0000;-2391.0000;68.0000;267;262;302;0;0;17376
23395;272;0;0;235;247;232;119.0000;93.0000;82.0000;40.0000;7.0000;70.0000;1;0;0;0;0;0;2;132.0000;-2391.0000;68.0000;267;262;302;0;0;17376
23406;272;0;0;235;247;232;119.0000;93.0000;82.0000;40.0000;7.0000;70.0000;1;0;0;0;0;0;2;132.0000;-2391.0000;68.0000;267;262;302;0;0;17380
23417;272;0;0;235;247;232;119.0000;147.0000;82.0000;40.0000;7.0000;70.0000;1;0;0;0;0;0;2;132.0000;-2391.0000;68.0000;267;262;302;0;0;17380
23427;272;0;0;235;247;232;119.0000;147.0000;82.0000;40.0000;7.0000;70.0000;1;0;0;0;0;0;2;132.0000;-2391.0000;68.0000;267;262;302;0;0;17380
23437;272;0;0;235;247;232;119.0000;147.0000;82.0000;40.0000;7.0000;70.0000;1;0;0;0;0;0;2;132.0000;-2391.0000;68.0000;267;262;302;0;0;17380
23448;272;0;0;235;247;232;119.0000;147.0000;82.0000;40.0000;7.0000;70.0000;1;0;0;0;0;0;2;132.0000;-2391.0000;68.0000;267;262;302;0;0;17380
23458;272;0;0;235;247;232;119.0000;147.0000;82.0000;40.0000;7.0000;70.0000;1;0;0;0;0;0;2;132.0000;-2391.0000;68.0000;267;262;302;0;0;17380
23468;272;0;0;235;247;232;119.0000;147.0000;82.0000;40.0000;7.0000;70.0000;1;0;0;0;0;0;2;132.0000;-2391.0000;68.0000;267;262;302;0;0;17380
23479;272;0;0;235;247;232;115.0000;147.0000;82.0000;40.0000;7.0000;70.0000;1;0;0;0;0;0;2;132.0000;-2391.0000;68.0000;267;262;302;0;0;17380
23490;272;0;0;235;247;232;115.0000;147.0000;82.0000;40.0000;7.0000;70.0000;1;0;0;0;0;0;2;142.0000;-2391.0000;135.0000;267;262;302;0;0;17380
23500;272;0;0;235;247;232;115.0000;147.0000;108.0000;40.0000;7.0000;70.0000;1;0;0;0;0;0;2;142.0000;-2391.0000;135.0000;267;262;302;0;0;17380
23513;272;0;0;235;247;232;115.0000;80.0000;108.0000;40.0000;7.0000;70.0000;1;0;0;0;0;0;2;142.0000;-2391.0000;135.0000;267;262;302;0;0;17406
23526;272;0;0;235;247;232;115.0000;80.0000;108.0000;40.0000;7.0000;70.0000;1;0;0;0;0;0;2;142.0000;-2391.0000;135.0000;267;262;302;0;0;17406
23536;272;0;0;235;247;232;115.0000;80.0000;108.0000;40.0000;7.0000;70.0000;1;0;0;0;0;0;2;142.0000;-2391.0000;135.0000;267;262;302;0;0;17406
23547;272;0;0;235;247;232;115.0000;80.0000;108.0000;40.0000;7.0000;70.0000;1;0;0;0;0;0;2;142.0000;-2391.0000;135.0000;267;262;302;0;0;17406
23557;272;0;0;235;247;232;115.0000;80.0000;108.0000;40.0000;7.0000;70.0000;1;0;0;0;0;0;2;142.0000;-2391.0000;135.0000;267;262;302;0;0;17406
23567;272;0;0;235;247;232;115.0000;80.0000;108.0000;40.0000;7.0000;70.0000;1;0;0;0;0;0;2;142.0000;-2391.0000;135.0000;267;262;302;0;0;17406
23578;272;0;0;235;247;232;115.0000;80.0000;108.0000;40.0000;7.0000;70.0000;1;0;0;0;0;0;2;142.0000;-2391.0000;135.0000;267;262;302;0;0;17406
23588;272;0;0;235;247;232;115.0000;80.0000;108.0000;40.0000;7.0000;70.0000;1;0;0;0;0;0;2;95.0000;-2391.0000;115.0000;267;262;302;0;0;17406
23599;272;0;0;235;247;232;115.0000;80.0000;129.0000;40.0000;7.0000;70.0000;1;0;0;0;0;0;2;95.0000;-2391.0000;115.0000;267;262;302;0;0;17406
23610;272;0;0;235;247;232;115.0000;147.0000;129.0000;40.0000;7.0000;70.0000;1;0;0;0;0;0;2;95.0000;-2391.0000;115.0000;267;262;302;0;0;17406
23620;272;0;0;235;247;232;115.0000;147.0000;129.0000;40.0000;7.0000;70.0000;1;0;0;0;0;0;2;95.0000;-2391.0000;115.0000;267;262;302;0;0;17406
23631;272;0;0;235;247;232;115.0000;147.0000;129.0000;40.0000;7.0000;70.0000;1;0;0;0;0;0;2;95.0000;-2391.0000;115.0000;267;262;302;0;0;17406
23641;272;0;0;235;247;232;115.0000;147.0000;129.0000;40.0000;7.0000;70.0000;1;0;0;0;0;0;2;95.0000;-2391.0000;115.0000;267;262;302;0;0;17406
23652;272;0;0;235;247;232;115.0000;147.0000;129.0000;40.0000;7.0000;70.0000;1;0;0;0;0;0;2;95.0000;-2391.0000;115.0000;267;262;302;0;0;17406
23662;272;0;0;235;247;232;115.0000;147.0000;129.0000;40.0000;7.0000;70.0000;1;0;0;0;0;0;2;95.0000;-2391.0000;115.0000;267;262;302;0;0;17406
23672;272;0;0;235;247;232;115.0000;147.0000;129.0000;40.0000;7.0000;70.0000;1;0;0;0;0;0;2;95.0000;-2391.0000;115.0000;267;262;302;0;0;17406
23683;272;0;0;235;247;232;115.0000;147.0000;129.0000;40.0000;7.0000;70.0000;1;0;0;0;0;0;2;68.0000;-2391.0000;115.0000;267;262;302;0;0;17406
23693;272;0;0;235;247;232;115.0000;147.0000;129.0000;40.0000;7.0000;70.0000;1;0;0;0;0;0;2;68.0000;-2391.0000;129.0000;267;262;302;0;0;17406
23704;272;0;0;235;247;232;115.0000;147.0000;115.0000;40.0000;7.0000;70.0000;1;0;0;0;0;0;2;68.0000;-2391.0000;129.0000;267;262;302;0;0;17406
23715;272;0;0;235;247;232;115.0000;134.0000;115.0000;40.0000;7.0000;70.0000;1;0;0;0;0;0;2;68.0000;-2391.0000;129.0000;267;262;302;0;0;17406
23725;272;0;0;235;247;232;115.0000;134.0000;115.0000;40.0000;7.0000;70.0000;1;0;0;0;0;0;2;68.0000;-2391.0000;129.0000;267;262;302;0;0;17406
23736;272;0;0;235;247;232;115.0000;134.0000;115.0000;40.0000;7.0000;70.0000;1;0;0;0;0;0;2;68.0000;-2391.0000;129.0000;267;262;302;0;0;17406
23746;272;0;0;235;247;232;115.0000;134.0000;115.0000;40.0000;7.0000;70.0000;1;0;0;0;0;0;2;68.0000;-2391.0000;129.0000;267;262;302;0;0;17406
23756;272;0;0;235;247;232;115.0000;134.0000;115.0000;40.0000;7.0000;70.0000;1;0;0;0;0;0;2;68.0000;-2391.0000;129.0000;267;262;302;0;0;17406
23770;272;0;0;235;247;232;115.0000;134.0000;115.0000;40.0000;7.0000;70.0000;1;0;0;0;0;0;2;68.0000;-2391.0000;129.0000;267;262;302;0;0;17406
23780;272;0;0;235;247;232;119.0000;134.0000;115.0000;40.0000;7.0000;70.0000;1;0;0;0;0;0;2;68.0000;-2391.0000;129.0000;267;262;302;0;0;17406
23791;272;0;0;235;247;232;119.0000;134.0000;115.0000;40.0000;7.0000;70.0000;1;0;0;0;0;0;2;118.0000;-2391.0000;68.0000;267;262;302;0;0;17406
23806;272;0;0;235;247;232;119.0000;134.0000;88.0000;40.0000;7.0000;70.0000;1;0;0;0;0;0;2;118.0000;-2391.0000;68.0000;267;262;302;0;0;17406
23816;272;0;0;235;247;232;119.0000;134.0000;88.0000;40.0000;7.0000;70.0000;1;0;0;0;0;0;2;118.0000;-2391.0000;68.0000;267;262;302;0;0;17406
23827;272;0;0;235;247;232;119.0000;134.0000;88.0000;40.0000;7.0000;70.0000;1;0;0;0;0;0;2;118.0000;-2391.0000;68.0000;267;262;302;0;0;17406
23837;272;0;0;235;247;232;119.0000;134.0000;88.0000;40.0000;7.0000;70.0000;1;0;0;0;0;0;2;118.0000;-2391.0000;68.0000;267;262;302;0;0;17406
23848;272;0;0;235;247;232;119.0000;134.0000;88.0000;40.0000;7.0000;70.0000;1;0;0;0;0;0;2;118.0000;-2391.0000;68.0000;267;262;302;0;0;17406
23858;272;0;0;235;247;232;119.0000;134.0000;88.0000;40.0000;7.0000;70.0000;1;0;0;0;0;0;2;118.0000;-2391.0000;68.0000;267;262;302;0;0;17406
23869;272;0;0;235;247;232;119.0000;134.0000;88.0000;40.0000;7.0000;70.0000;1;0;0;0;0;0;2;118.0000;-2391.0000;68.0000;267;262;302;0;0;17406
23879;272;0;0;235;247;232;102.0000;134.0000;88.0000;40.0000;7.0000;70.0000;1;0;0;0;0;0;2;118.0000;-2391.0000;68.0000;267;262;302;0;0;17406
23889;272;0;0;235;247;232;102.0000;134.0000;88.0000;40.0000;7.0000;70.0000;1;0;0;0;0;0;2;125.0000;-2391.0000;78.0000;267;262;302;0;0;17406
23900;272;0;0;235;247;232;102.0000;134.0000;132.0000;40.0000;7.0000;70.0000;1;0;0;0;0;0;2;125.0000;-2391.0000;78.0000;267;262;302;0;0;17406
23912;272;0;0;235;247;232;102.0000;53.0000;132.0000;40.0000;7.0000;70.0000;1;0;0;0;0;0;2;125.0000;-2391.0000;78.0000;267;262;302;0;0;17406
23923;272;0;0;235;247;232;102.0000;53.0000;132.0000;40.0000;7.0000;70.0000;1;0;0;0;0;0;2;125.0000;-2391.0000;78.0000;267;262;302;0;0;17406
23934;272;0;0;235;247;232;102.0000;53.0000;132.0000;40.0000;7.0000;70.0000;1;0;0;0;0;0;2;125.0000;-2391.0000;78.0000;267;262;302;0;0;17406
23944;272;0;0;235;247;232;102.0000;53.0000;132.0000;40.0000;7.0000;70.0000;1;0;0;0;0;0;2;125.0000;-2391.0000;78.0000;267;262;302;0;0;17406
23954;272;0;0;235;247;232;102.0000;53.0000;132.0000;40.0000;7.0000;70.0000;1;0;0;0;0;0;2;125.0000;-2391.0000;78.0000;267;262;302;0;0;17406
23965;272;0;0;235;247;232;102.0000;53.0000;132.0000;40.0000;7.0000;70.0000;1;0;0;0;0;0;2;125.0000;-2391.0000;78.0000;267;262;302;0;0;17406
23976;272;0;0;235;247;232;102.0000;53.0000;132.0000;40.0000;7.0000;70.0000;1;0;0;0;0;0;2;125.0000;-2391.0000;78.0000;267;262;302;0;0;17406
23987;272;0;0;235;247;232;109.0000;53.0000;132.0000;40.0000;7.0000;70.0000;1;0;0;0;0;0;2;125.0000;-2391.0000;78.0000;267;262;302;0;0;17406
23998;272;0;0;235;247;232;109.0000;53.0000;129.0000;40.0000;7.0000;70.0000;1;0;0;0;0;0;2;81.0000;-2391.0000;112.0000;267;262;302;0;0;17406
24008;272;0;0;235;247;232;109.0000;53.0000;129.0000;40.0000;7.0000;70.0000;1;0;0;0;0;0;2;81.0000;-2391.0000;112.0000;267;262;302;0;0;17406
24019;272;0;0;235;247;232;109.0000;147.0000;129.0000;40.0000;7.0000;70.0000;1;0;0;0;0;0;2;81.0000;-2391.0000;112.0000;267;262;302;0;0;17406
24029;272;0;0;235;247;232;109.0000;147.0000;129.0000;40.0000;7.0000;70.0000;1;0;0;0;0;0;2;81.0000;-2391.0000;112.0000;267;262;302;0;0;17406
24050;272;0;0;235;247;232;109.0000;147.0000;129.0000;40.0000;7.0000;70.0000;1;0;0;0;0;0;2;81.0000;-2391.0000;112.0000;267;262;302;0;0;17406
24060;272;0;0;235;247;232;109.0000;147.0000;129.0000;40.0000;7.0000;70.0000;1;0;0;0;0;0;2;81.0000;-2391.0000;112.0000;267;262;302;0;0;17406
24071;272;0;0;235;247;232;109.0000;147.0000;129.0000;40.0000;7.0000;70.0000;1;0;0;0;0;0;2;81.0000;-2391.0000;112.0000;267;262;302;0;0;17406
24081;272;0;0;235;247;232;126.0000;147.0000;129.0000;40.0000;7.0000;70.0000;1;0;0;0;0;0;2;81.0000;-2391.0000;112.0000;267;262;302;0;0;17406
24092;272;0;0;235;247;232;126.0000;147.0000;129.0000;40.0000;7.0000;70.0000;1;0;0;0;0;0;2;128.0000;-2391.0000;112.0000;267;262;302;0;0;17406
24102;272;0;0;235;247;232;126.0000;147.0000;95.0000;40.0000;7.0000;70.0000;1;0;0;0;0;0;2;128.0000;-2391.0000;78.0000;267;262;302;0;0;17406
24114;272;0;0;235;247;232;126.0000;107.0000;95.0000;40.0000;7.0000;70.0000;1;0;0;0;0;0;2;128.0000;-2391.0000;78.0000;267;262;302;0;0;17406
24125;272;0;0;235;247;232;126.0000;107.0000;95.0000;40.0000;7.0000;70.0000;1;0;0;0;0;0;2;128.0000;-2391.0000;78.0000;267;262;302;0;0;17406
24135;272;0;0;235;247;232;126.0000;107.0000;95.0000;40.0000;7.0000;70.0000;1;0;0;0;0;0;2;128.0000;-2391.0000;78.0000;267;262;302;0;0;17406
24146;272;0;0;235;247;232;126.0000;107.0000;95.0000;40.0000;7.0000;70.0000;1;0;0;0;0;0;2;128.0000;-2391.0000;78.0000;267;262;302;0;0;17406
24156;272;0;0;235;247;232;126.0000;107.0000;95.0000;40.0000;7.0000;70.0000;1;0;0;0;0;0;2;128.0000;-2391.0000;78.0000;267;262;302;0;0;17406
24167;272;0;0;235;247;232;126.0000;107.0000;95.0000;40.0000;7.0000;70.0000;1;0;0;0;0;0;2;128.0000;-2391.0000;78.0000;267;262;302;0;0;17406
24178;272;0;0;235;247;232;126.0000;107.0000;95.0000;40.0000;7.0000;70.0000;1;0;0;0;0;0;2;128.0000;-2391.0000;78.0000;267;262;302;0;0;17406
24191;272;0;0;235;247;232;126.0000;107.0000;95.0000;40.0000;7.0000;70.0000;1;0;0;0;0;0;2;115.0000;-2391.0000;78.0000;267;262;302;0;0;17406
24201;272;0;0;235;247;232;126.0000;107.0000;119.0000;40.0000;7.0000;70.0000;1;0;0;0;0;0;2;115.0000;-2391.0000;129.0000;267;262;302;0;0;17406
24212;272;0;0;235;247;232;126.0000;107.0000;119.0000;40.0000;7.0000;70.0000;1;0;0;0;0;0;2;115.0000;-2391.0000;129.0000;267;262;302;0;0;17406
24222;272;0;0;235;247;232;126.0000;0.0000;119.0000;40.0000;7.0000;70.0000;1;0;0;0;0;0;2;115.0000;-2391.0000;129.0000;267;262;302;0;0;17406
24234;272;0;0;235;247;232;126.0000;0.0000;119.0000;40.0000;7.0000;70.0000;1;0;0;0;0;0;2;115.0000;-2391.0000;129.0000;267;262;302;0;0;17376
24245;272;0;0;235;247;232;126.0000;0.0000;119.0000;40.0000;7.0000;70.0000;1;0;0;0;0;0;2;115.0000;-2391.0000;129.0000;267;262;302;0;0;17376
24255;272;0;0;235;247;232;126.0000;0.0000;119.0000;40.0000;7.0000;70.0000;1;0;0;0;0;0;2;115.0000;-2391.0000;129.0000;267;262;302;0;0;17376
24266;272;0;0;235;247;232;126.0000;0.0000;119.0000;40.0000;7.0000;70.0000;1;0;0;0;0;0;2;115.0000;-2391.0000;129.0000;267;262;302;0;0;17376
24276;272;0;0;235;247;232;126.0000;0.0000;119.0000;40.0000;7.0000;70.0000;1;0;0;0;0;0;2;115.0000;-2391.0000;129.0000;267;262;302;0;0;17376
24286;272;0;0;235;247;232;102.0000;0.0000;119.0000;40.0000;7.0000;70.0000;1;0;0;0;0;0;2;115.0000;-2391.0000;129.0000;267;262;302;0;0;17376
24297;272;0;0;235;247;232;102.0000;0.0000;119.0000;40.0000;7.0000;70.0000;1;0;0;0;0;0;2;115.0000;-2391.0000;129.0000;267;262;302;0;0;17376
24308;272;0;0;235;247;232;102.0000;0.0000;108.0000;40.0000;7.0000;70.0000;1;0;0;0;0;0;2;92.0000;-2391.0000;119.0000;267;262;302;0;0;17376
24319;272;0;0;235;247;232;102.0000;-26.0000;108.0000;40.0000;7.0000;70.0000;1;0;0;0;0;0;2;92.0000;-2391.0000;119.0000;267;262;302;0;0;17376
24329;272;0;0;235;247;232;102.0000;-26.0000;108.0000;40.0000;7.0000;70.0000;1;0;0;0;0;0;2;92.0000;-2391.0000;119.0000;267;262;302;0;0;17376
24340;272;0;0;235;247;232;102.0000;-26.0000;108.0000;30.0000;7.0000;70.0000;1;0;0;0;0;0;2;92.0000;-2391.0000;119.0000;267;262;302;0;0;17376
24350;272;0;0;235;247;232;102.0000;-26.0000;108.0000;30.0000;7.0000;70.0000;1;0;0;0;0;0;2;92.0000;-2391.0000;119.0000;267;262;302;0;0;17380
24362;272;0;0;235;247;232;102.0000;-26.0000;108.0000;30.0000;7.0000;70.0000;1;0;0;0;0;0;2;92.0000;-2391.0000;119.0000;267;262;302;0;0;17380
24373;272;0;0;235;247;232;102.0000;-26.0000;108.0000;30.0000;7.0000;70.0000;1;0;0;0;0;0;2;92.0000;-2391.0000;119.0000;267;262;302;0;0;17380
24383;272;0;0;235;247;232;122.0000;-26.0000;108.0000;30.0000;7.0000;70.0000;1;0;0;0;0;0;2;92.0000;-2391.0000;119.0000;267;262;302;0;0;17380
24394;272;0;0;235;247;232;122.0000;-26.0000;108.0000;30.0000;7.0000;70.0000;1;0;0;0;0;0;2;78.0000;-2391.0000;119.0000;267;262;302;0;0;17380
24405;272;0;0;235;247;232;122.0000;-26.0000;102.0000;30.0000;7.0000;70.0000;1;0;0;0;0;0;2;78.0000;-2391.0000;92.0000;267;262;302;0;0;17380
24416;272;0;0;235;247;232;122.0000;-13.0000;102.0000;30.0000;7.0000;70.0000;1;0;0;0;0;0;2;78.0000;-2391.0000;92.0000;267;262;302;0;0;17380
24426;272;0;0;235;247;232;122.0000;-13.0000;102.0000;30.0000;7.0000;70.0000;1;0;0;0;0;0;2;78.0000;-2391.0000;92.0000;267;262;302;0;0;17380
24437;272;0;0;235;247;232;122.0000;-13.0000;102.0000;30.0000;7.0000;70.0000;1;0;0;0;0;0;2;78.0000;-2391.0000;92.0000;267;262;302;0;0;17380
24447;272;0;0;235;247;232;122.0000;-13.0000;102.0000;30.0000;7.0000;70.0000;1;0;0;0;0;0;2;78.0000;-2391.0000;92.0000;267;262;302;0;0;17380
24458;272;0;0;235;247;232;122.0000;-13.0000;102.0000;30.0000;7.0000;70.0000;1;0;0;0;0;0;2;78.0000;-2391.0000;92.0000;267;262;302;0;0;17380
24468;272;0;0;235;247;232;122.0000;-13.0000;102.0000;30.0000;7.0000;70.0000;1;0;0;0;0;0;2;78.0000;-2391.0000;92.0000;267;262;302;0;0;17380
24479;272;0;0;235;247;232;122.0000;-13.0000;102.0000;30.0000;7.0000;70.0000;1;0;0;0;0;0;2;78.0000;-2391.0000;92.0000;267;262;302;0;0;17380
24490;272;0;0;235;247;232;126.0000;-13.0000;102.0000;30.0000;7.0000;70.0000;1;0;0;0;0;0;2;78.0000;-2391.0000;92.0000;267;262;302;0;0;17380
24503;272;0;0;235;247;232;126.0000;-13.0000;102.0000;30.0000;7.0000;70.0000;1;0;0;0;0;0;2;71.0000;-2391.0000;139.0000;267;262;302;0;0;17380
24515;272;0;0;235;247;232;126.0000;147.0000;112.0000;30.0000;7.0000;70.0000;1;0;0;0;0;0;2;71.0000;-2391.0000;139.0000;267;262;302;0;0;17380
24526;272;0;0;235;247;232;126.0000;147.0000;112.0000;30.0000;7.0000;70.0000;1;0;0;0;0;0;2;71.0000;-2391.0000;139.0000;267;262;302;0;0;17380
24537;272;0;0;235;247;232;126.0000;147.0000;112.0000;30.0000;7.0000;70.0000;1;0;0;0;0;0;2;71.0000;-2391.0000;139.0000;267;262;302;0;0;17380
24547;272;0;0;235;247;232;126.0000;147.0000;112.0000;30.0000;7.0000;70.0000;1;0;0;0;0;0;2;71.0000;-2391.0000;139.0000;267;262;302;0;0;17380
24558;272;0;0;235;247;232;126.0000;147.0000;112.0000;30.0000;7.0000;70.0000;1;0;0;0;0;0;2;71.0000;-2391.0000;139.0000;267;262;302;0;0;17406
24568;272;0;0;235;247;232;126.0000;147.0000;112.0000;30.0000;7.0000;70.0000;1;0;0;0;0;0;2;71.0000;-2391.0000;139.0000;267;262;302;0;0;17406
24579;272;0;0;235;247;232;126.0000;147.0000;112.0000;30.0000;7.0000;70.0000;1;0;0;0;0;0;2;71.0000;-2391.0000;139.0000;267;262;302;0;0;17406
24590;272;0;0;235;247;232;102.0000;147.0000;112.0000;30.0000;7.0000;70.0000;1;0;0;0;0;0;2;71.0000;-2391.0000;139.0000;267;265;302;0;0;17406
24601;272;0;0;235;247;232;102.0000;147.0000;112.0000;30.0000;7.0000;70.0000;1;0;0;0;0;0;2;132.0000;-2391.0000;139.0000;267;265;302;0;0;17406
24611;272;0;0;235;247;232;102.0000;147.0000;122.0000;30.0000;7.0000;70.0000;1;0;0;0;0;0;2;132.0000;-2391.0000;65.0000;267;265;302;0;0;17406
24622;272;0;0;235;247;232;102.0000;107.0000;122.0000;30.0000;7.0000;70.0000;1;0;0;0;0;0;2;132.0000;-2391.0000;65.0000;267;265;302;0;0;17406
24633;272;0;0;235;247;232;102.0000;107.0000;122.0000;30.0000;7.0000;70.0000;1;0;0;0;0;0;2;132.0000;-2391.0000;65.0000;267;265;302;0;0;17406
24643;272;0;0;235;247;232;102.0000;107.0000;122.0000;30.0000;7.0000;70.0000;1;0;0;0;0;0;2;132.0000;-2391.0000;65.0000;267;265;302;0;0;17406
24655;272;0;0;235;247;232;102.0000;107.0000;122.0000;30.0000;7.0000;70.0000;1;0;0;0;0;0;2;132.0000;-2391.0000;65.0000;267;265;302;0;0;17406
24665;272;0;0;235;247;232;102.0000;107.0000;122.0000;30.0000;7.0000;70.0000;1;0;0;0;0;0;2;132.0000;-2391.0000;65.0000;267;265;302;0;0;17406
24675;272;0;0;235;247;232;102.0000;107.0000;122.0000;30.0000;7.0000;70.0000;1;0;0;0;0;0;2;132.0000;-2391.0000;65.0000;267;265;302;0;0;17406
24686;272;0;0;235;247;232;115.0000;107.0000;122.0000;30.0000;7.0000;70.0000;1;0;0;0;0;0;2;132.0000;-2391.0000;65.0000;267;265;302;0;0;17406
24696;272;0;0;235;247;232;115.0000;107.0000;122.0000;30.0000;7.0000;70.0000;1;0;0;0;0;0;2;102.0000;-2391.0000;65.0000;267;265;302;0;0;17406
24707;272;0;0;235;247;232;115.0000;107.0000;125.0000;30.0000;7.0000;70.0000;1;0;0;0;0;0;2;102.0000;-2391.0000;85.0000;267;265;302;0;0;17406
24717;272;0;0;235;247;232;115.0000;174.0000;125.0000;30.0000;7.0000;70.0000;1;0;0;0;0;0;2;102.0000;-2391.0000;85.0000;267;265;302;0;0;17406
24728;272;0;0;235;247;232;115.0000;174.0000;125.0000;30.0000;7.0000;70.0000;1;0;0;0;0;0;2;102.0000;-2391.0000;85.0000;267;265;302;0;0;17406
24738;272;0;0;235;247;232;115.0000;174.0000;125.0000;30.0000;7.0000;70.0000;1;0;0;0;0;0;2;102.0000;-2391.0000;85.0000;267;265;302;0;0;17406
24749;272;0;0;235;247;232;115.0000;174.0000;125.0000;30.0000;7.0000;70.0000;1;0;0;0;0;0;2;102.0000;-2391.0000;85.0000;267;265;302;0;0;17406
24759;272;0;0;235;247;232;115.0000;174.0000;125.0000;30.0000;7.0000;70.0000;1;0;0;0;0;0;2;102.0000;-2391.0000;85.0000;267;265;302;0;0;17406
24769;272;0;0;235;247;232;115.0000;174.0000;125.0000;30.0000;7.0000;70.0000;1;0;0;0;0;0;2;102.0000;-2391.0000;85.0000;267;265;302;0;0;17406
24780;272;0;0;235;247;232;115.0000;174.0000;125.0000;30.0000;7.0000;70.0000;1;0;0;0;0;0;2;102.0000;-2391.0000;85.0000;267;265;302;0;0;17406
24790;272;0;0;235;247;232;72.0000;174.0000;125.0000;30.0000;7.0000;70.0000;1;0;0;0;0;0;2;102.0000;-2391.0000;85.0000;267;265;302;0;0;17406
24801;272;0;0;235;247;232;72.0000;174.0000;125.0000;30.0000;7.0000;70.0000;1;0;0;0;0;0;2;108.0000;-2391.0000;85.0000;267;265;302;0;0;17406
24811;272;0;0;235;247;232;72.0000;174.0000;115.0000;30.0000;7.0000;70.0000;1;0;0;0;0;0;2;108.0000;-2391.0000;132.0000;267;265;302;0;0;17406
24822;272;0;0;235;247;232;72.0000;93.0000;115.0000;30.0000;7.0000;70.0000;1;0;0;0;0;0;2;108.0000;-2391.0000;132.0000;267;265;302;0;0;17406
24832;272;0;0;235;247;232;72.0000;93.0000;115.0000;30.0000;7.0000;70.0000;1;0;0;0;0;0;2;108.0000;-2391.0000;132.0000;267;265;302;0;0;17406
24843;272;0;0;235;247;232;72.0000;93.0000;115.0000;30.0000;7.0000;70.0000;1;0;0;0;0;0;2;108.0000;-2391.0000;132.0000;267;265;302;0;0;17406
24853;272;0;0;235;247;232;72.0000;93.0000;115.0000;30.0000;7.0000;70.0000;1;0;0;0;0;0;2;108.0000;-2391.0000;132.0000;267;265;302;0;0;17406
24863;272;0;0;235;247;232;72.0000;93.0000;115.0000;30.0000;7.0000;70.0000;1;0;0;0;0;0;2;108.0000;-2391.0000;132.0000;267;265;302;0;0;17406
24874;272;0;0;235;247;232;72.0000;93.0000;115.0000;30.0000;7.0000;70.0000;1;0;0;0;0;0;2;108.0000;-2391.0000;132.0000;267;265;302;0;0;17406
24884;272;0;0;235;247;232;92.0000;93.0000;115.0000;30.0000;7.0000;70.0000;1;0;0;0;0;0;2;108.0000;-2391.0000;132.0000;267;265;302;0;0;17406
24895;272;0;0;235;247;232;92.0000;93.0000;115.0000;30.0000;7.0000;70.0000;1;0;0;0;0;0;2;108.0000;-2391.0000;132.0000;267;265;302;0;0;17406
24905;272;0;0;235;247;232;92.0000;93.0000;115.0000;30.0000;7.0000;70.0000;1;0;0;0;0;0;2;81.0000;-2391.0000;132.0000;267;265;302;0;0;17406
24916;272;0;0;235;247;232;92.0000;93.0000;105.0000;30.0000;7.0000;70.0000;1;0;0;0;0;0;2;81.0000;-2391.0000;72.0000;267;265;302;0;0;17406
24926;272;0;0;235;247;232;92.0000;107.0000;105.0000;30.0000;7.0000;70.0000;1;0;0;0;0;0;2;81.0000;-2391.0000;72.0000;267;265;302;0;0;17406
24937;272;0;0;235;247;232;92.0000;107.0000;105.0000;30.0000;7.0000;70.0000;1;0;0;0;0;0;2;81.0000;-2391.0000;72.0000;267;265;302;0;0;17406
24947;272;0;0;235;247;232;92.0000;107.0000;105.0000;30.0000;7.0000;70.0000;1;0;0;0;0;0;2;81.0000;-2391.0000;72.0000;267;265;302;0;0;17406
24958;272;0;0;235;247;232;92.0000;107.0000;105.0000;30.0000;7.0000;70.0000;1;0;0;0;0;0;2;81.0000;-2391.0000;72.0000;267;265;302;0;0;17406
24968;272;0;0;235;247;232;92.0000;107.0000;105.0000;30.0000;7.0000;70.0000;1;0;0;0;0;0;2;81.0000;-2391.0000;72.0000;267;265;302;0;0;17406
24978;272;0;0;235;247;232;92.0000;107.0000;105.0000;30.0000;7.0000;70.0000;1;0;0;0;0;0;2;81.0000;-2391.0000;72.0000;267;265;302;0;0;17406
24990;272;0;0;235;247;232;75.0000;107.0000;105.0000;30.0000;7.0000;70.0000;1;0;0;0;0;0;2;81.0000;-2391.0000;72.0000;267;265;302;0;0;17406
25001;272;0;0;235;247;232;75.0000;107.0000;105.0000;30.0000;7.0000;70.0000;1;0;0;0;0;0;2;71.0000;-2391.0000;72.0000;267;265;302;0;0;17406
25012;272;0;0;235;247;232;75.0000;107.0000;135.0000;30.0000;7.0000;70.0000;1;0;0;0;0;0;2;71.0000;-2391.0000;95.0000;267;265;302;0;0;17406
25022;272;0;0;235;247;232;75.0000;-13.0000;135.0000;30.0000;7.0000;70.0000;1;0;0;0;0;0;2;71.0000;-2391.0000;95.0000;267;265;302;0;0;17406
25033;272;0;0;235;247;232;75.0000;-13.0000;135.0000;30.0000;7.0000;70.0000;1;0;0;0;0;0;2;71.0000;-2391.0000;95.0000;267;265;302;0;0;17406
25043;272;0;0;235;247;232;75.0000;-13.0000;135.0000;30.0000;7.0000;70.0000;1;0;0;0;0;0;2;71.0000;-2391.0000;95.0000;267;265;302;0;0;17406
25053;272;0;0;235;247;232;75.0000;-13.0000;135.0000;30.0000;7.0000;70.0000;1;0;0;0;0;0;2;71.0000;-2391.0000;95.0000;267;265;302;0;0;17406
25064;272;0;0;235;247;232;75.0000;-13.0000;135.0000;30.0000;7.0000;70.0000;1;0;0;0;0;0;2;71.0000;-2391.0000;95.0000;267;265;302;0;0;17406
25074;272;0;0;235;247;232;75.0000;-13.0000;135.0000;30.0000;7.0000;70.0000;1;0;0;0;0;0;2;71.0000;-2391.0000;95.0000;267;265;302;0;0;17406
25084;272;0;0;235;247;232;75.0000;-13.0000;135.0000;30.0000;7.0000;70.0000;1;0;0;0;0;0;2;71.0000;-2391.0000;95.0000;267;265;302;0;0;17406
25095;272;0;0;235;247;232;122.0000;-13.0000;135.0000;30.0000;7.0000;70.0000;1;0;0;0;0;0;2;71.0000;-2391.0000;95.0000;267;265;302;0;0;17406
25105;272;0;0;235;247;232;122.0000;-13.0000;135.0000;30.0000;7.0000;70.0000;1;0;0;0;0;0;2;71.0000;-2391.0000;95.0000;267;265;302;0;0;17406
25116;272;0;0;235;247;232;122.0000;-13.0000;102.0000;30.0000;7.0000;70.0000;1;0;0;0;0;0;2;71.0000;-2391.0000;65.0000;267;265;302;0;0;17406
25127;272;0;0;235;247;232;122.0000;-53.0000;102.0000;30.0000;7.0000;70.0000;1;0;0;0;0;0;2;71.0000;-2391.0000;65.0000;267;265;302;0;0;17406
25138;272;0;0;235;247;232;122.0000;-53.0000;102.0000;30.0000;7.0000;70.0000;1;0;0;0;0;0;2;71.0000;-2391.0000;65.0000;267;265;302;0;0;17406
25148;272;0;0;235;247;232;122.0000;-53.0000;102.0000;30.0000;7.0000;70.0000;1;0;0;0;0;0;2;71.0000;-2391.0000;65.0000;267;265;302;0;0;17406
25159;272;0;0;235;247;232;122.0000;-53.0000;102.0000;30.0000;7.0000;70.0000;1;0;0;0;0;0;2;71.0000;-2391.0000;65.0000;267;265;302;0;0;17406
25171;272;0;0;235;247;232;122.0000;-53.0000;102.0000;30.0000;7.0000;70.0000;1;0;0;0;0;0;2;71.0000;-2391.0000;65.0000;267;265;302;0;0;17406
25182;272;0;0;235;247;232;122.0000;-53.0000;102.0000;30.0000;7.0000;70.0000;1;0;0;0;0;0;2;71.0000;-2391.0000;65.0000;267;265;302;0;0;17406
25192;272;0;0;235;247;232;112.0000;-53.0000;102.0000;30.0000;7.0000;70.0000;1;0;0;0;0;0;2;71.0000;-2391.0000;65.0000;267;265;302;0;0;17406
25203;272;0;0;235;247;232;112.0000;-53.0000;102.0000;30.0000;7.0000;70.0000;1;0;0;0;0;0;2;71.0000;-2391.0000;65.0000;267;265;302;0;0;17406
25213;272;0;0;235;247;232;112.0000;-53.0000;98.0000;30.0000;7.0000;70.0000;1;0;0;0;0;0;2;68.0000;-2391.0000;88.0000;267;265;302;0;0;17406
25226;272;0;0;235;247;232;112.0000;174.0000;98.0000;30.0000;7.0000;70.0000;1;0;0;0;0;0;2;68.0000;-2391.0000;88.0000;267;265;302;0;0;17406
25236;272;0;0;235;247;232;112.0000;174.0000;98.0000;30.0000;7.0000;70.0000;1;0;0;0;0;0;2;68.0000;-2391.0000;88.0000;267;265;302;0;0;17406
25246;272;0;0;235;247;232;112.0000;174.0000;98.0000;30.0000;7.0000;70.0000;1;0;0;0;0;0;2;68.0000;-2391.0000;88.0000;267;265;302;0;0;17406
25257;272;0;0;235;247;232;112.0000;174.0000;98.0000;30.0000;7.0000;70.0000;1;0;0;0;0;0;2;68.0000;-2391.0000;88.0000;267;265;302;0;0;17406
25267;272;0;0;235;247;232;112.0000;174.0000;98.0000;30.0000;7.0000;70.0000;1;0;0;0;0;0;2;68.0000;-2391.0000;88.0000;267;265;302;0;0;17406
25278;272;0;0;235;247;232;112.0000;174.0000;98.0000;30.0000;7.0000;70.0000;1;0;0;0;0;0;2;68.0000;-2391.0000;88.0000;267;265;302;0;0;17376
25289;272;0;0;235;247;232;126.0000;174.0000;98.0000;30.0000;7.0000;70.0000;1;0;0;0;0;0;2;68.0000;-2391.0000;88.0000;267;265;302;0;0;17376
25299;272;0;0;235;247;232;126.0000;174.0000;98.0000;30.0000;7.0000;70.0000;1;0;0;0;0;0;2;68.0000;-2391.0000;88.0000;267;265;302;0;0;17376
25311;272;0;0;235;247;232;126.0000;174.0000;98.0000;30.0000;7.0000;70.0000;1;0;0;0;0;0;2;92.0000;-2391.0000;88.0000;267;265;302;0;0;17376
25321;272;0;0;235;247;232;126.0000;174.0000;105.0000;30.0000;7.0000;70.0000;1;0;0;0;0;0;2;92.0000;-2391.0000;135.0000;267;265;302;0;0;17376
25332;272;0;0;235;247;232;126.0000;40.0000;105.0000;30.0000;7.0000;70.0000;1;0;0;0;0;0;2;92.0000;-2391.0000;135.0000;267;265;302;0;0;17376
25342;272;0;0;235;247;232;126.0000;40.0000;105.0000;22.0000;7.0000;70.0000;1;0;0;0;0;0;2;92.0000;-2391.0000;135.0000;267;265;302;0;0;17376
25353;272;0;0;235;247;232;126.0000;40.0000;105.0000;22.0000;7.0000;70.0000;1;0;0;0;0;0;2;92.0000;-2391.0000;135.0000;267;265;302;0;0;17376
25363;272;0;0;235;247;232;126.0000;40.0000;105.0000;22.0000;7.0000;70.0000;1;0;0;0;0;0;2;92.0000;-2391.0000;135.0000;267;265;302;0;0;17376
25374;272;0;0;235;247;232;126.0000;40.0000;105.0000;22.0000;7.0000;70.0000;1;0;0;0;0;0;2;92.0000;-2391.0000;135.0000;267;265;302;0;0;17376
25384;272;0;0;235;247;232;126.0000;40.0000;105.0000;22.0000;7.0000;70.0000;1;0;0;0;0;0;2;92.0000;-2391.0000;135.0000;267;265;302;0;0;17380
25395;272;0;0;235;247;232;119.0000;40.0000;105.0000;22.0000;7.0000;70.0000;1;0;0;0;0;0;2;92.0000;-2391.0000;135.0000;267;265;302;0;0;17380
25405;272;0;0;235;247;232;119.0000;40.0000;105.0000;22.0000;7.0000;70.0000;1;0;0;0;0;0;2;105.0000;-2391.0000;135.0000;267;265;302;0;0;17380
25416;272;0;0;235;247;232;119.0000;40.0000;95.0000;22.0000;7.0000;70.0000;1;0;0;0;0;0;2;105.0000;-2391.0000;75.0000;267;265;302;0;0;17380
25426;272;0;0;235;247;232;119.0000;161.0000;95.0000;22.0000;7.0000;70.0000;1;0;0;0;0;0;2;105.0000;-2391.0000;75.0000;267;265;302;0;0;17380
25437;272;0;0;235;247;232;119.0000;161.0000;95.0000;22.0000;7.0000;70.0000;1;0;0;0;0;0;2;105.0000;-2391.0000;75.0000;267;265;302;0;0;17380
25447;272;0;0;235;247;232;119.0000;161.0000;95.0000;22.0000;7.0000;70.0000;1;0;0;0;0;0;2;105.0000;-2391.0000;75.0000;267;265;302;0;0;17380
25458;272;0;0;235;247;232;119.0000;161.0000;95.0000;22.0000;7.0000;70.0000;1;0;0;0;0;0;2;105.0000;-2391.0000;75.0000;267;265;302;0;0;17380
25468;272;0;0;235;247;232;119.0000;161.0000;95.0000;22.0000;7.0000;70.0000;1;0;0;0;0;0;2;105.0000;-2391.0000;75.0000;267;265;302;0;0;17380
25479;272;0;0;235;247;232;119.0000;161.0000;95.0000;22.0000;7.0000;70.0000;1;0;0;0;0;0;2;105.0000;-2391.0000;75.0000;267;265;302;0;0;17380
25491;272;0;0;235;247;232;119.0000;161.0000;95.0000;22.0000;7.0000;70.0000;1;0;0;0;0;0;2;105.0000;-2391.0000;75.0000;267;265;302;0;0;17396
25501;272;0;0;235;247;232;115.0000;161.0000;95.0000;22.0000;7.0000;70.0000;1;0;0;0;0;0;2;105.0000;-2391.0000;75.0000;267;265;302;0;0;17396
25514;272;0;0;235;247;232;115.0000;161.0000;95.0000;22.0000;7.0000;70.0000;1;0;0;0;0;0;2;122.0000;-2391.0000;75.0000;267;265;302;0;0;17396
25527;272;0;0;235;247;232;115.0000;53.0000;92.0000;22.0000;7.0000;70.0000;1;0;0;0;0;0;2;122.0000;-2391.0000;75.0000;267;265;302;0;0;17396
25537;272;0;0;235;247;232;115.0000;53.0000;92.0000;22.0000;7.0000;70.0000;1;0;0;0;0;0;2;122.0000;-2391.0000;75.0000;267;265;302;0;0;17396
25547;272;0;0;235;247;232;115.0000;53.0000;92.0000;22.0000;7.0000;70.0000;1;0;0;0;0;0;2;122.0000;-2391.0000;75.0000;267;265;302;0;0;17396
25558;272;0;0;235;247;232;115.0000;53.0000;92.0000;22.0000;7.0000;70.0000;1;0;0;0;0;0;2;122.0000;-2391.0000;75.0000;267;265;302;0;0;17396
25568;272;0;0;235;247;232;115.0000;53.0000;92.0000;22.0000;7.0000;70.0000;1;0;0;0;0;0;2;122.0000;-2391.0000;75.0000;267;265;302;0;0;17396
25578;272;0;0;235;247;232;115.0000;53.0000;92.0000;22.0000;7.0000;70.0000;1;0;0;0;0;0;2;122.0000;-2391.0000;75.0000;267;265;302;0;0;17396
25590;272;0;0;235;247;232;115.0000;53.0000;92.0000;22.0000;7.0000;70.0000;1;0;0;0;0;0;2;122.0000;-2391.0000;75.0000;267;265;302;0;0;17398
25601;272;0;0;235;247;232;109.0000;53.0000;92.0000;22.0000;7.0000;70.0000;1;0;0;0;0;0;2;122.0000;-2391.0000;75.0000;267;265;302;0;0;17406
25612;272;0;0;235;247;232;109.0000;53.0000;92.0000;22.0000;7.0000;70.0000;1;0;0;0;0;0;2;135.0000;-2391.0000;75.0000;267;265;302;0;0;17406
25622;272;0;0;235;247;232;109.0000;53.0000;95.0000;22.0000;7.0000;70.0000;1;0;0;0;0;0;2;135.0000;-2391.0000;88.0000;267;265;302;0;0;17406
25633;272;0;0;235;247;232;109.0000;147.0000;95.0000;22.0000;7.0000;70.0000;1;0;0;0;0;0;2;135.0000;-2391.0000;88.0000;267;265;302;0;0;17406
25643;272;0;0;235;247;232;109.0000;147.0000;95.0000;22.0000;7.0000;70.0000;1;0;0;0;0;0;2;135.0000;-2391.0000;88.0000;267;265;302;0;0;17406
25653;272;0;0;235;247;232;109.0000;147.0000;95.0000;22.0000;7.0000;70.0000;1;0;0;0;0;0;2;135.0000;-2391.0000;88.0000;267;265;302;0;0;17406
25664;272;0;0;235;247;232;109.0000;147.0000;95.0000;22.0000;7.0000;70.0000;1;0;0;0;0;0;2;135.0000;-2391.0000;88.0000;267;265;302;0;0;17406
25674;272;0;0;235;247;232;109.0000;147.0000;95.0000;22.0000;7.0000;70.0000;1;0;0;0;0;0;2;135.0000;-2391.0000;88.0000;267;265;302;0;0;17406
25685;272;0;0;235;247;232;109.0000;147.0000;95.0000;22.0000;7.0000;70.0000;1;0;0;0;0;0;2;135.0000;-2391.0000;88.0000;267;265;302;0;0;17406
25695;272;0;0;235;247;232;119.0000;147.0000;95.0000;22.0000;7.0000;70.0000;1;0;0;0;0;0;2;135.0000;-2391.0000;88.0000;267;265;302;0;0;17406
25705;272;0;0;235;247;232;119.0000;147.0000;95.0000;22.0000;7.0000;70.0000;1;0;0;0;0;0;2;132.0000;-2391.0000;88.0000;267;265;302;0;0;17406
25716;272;0;0;235;247;232;119.0000;147.0000;95.0000;22.0000;7.0000;70.0000;1;0;0;0;0;0;2;132.0000;-2391.0000;129.0000;267;265;302;0;0;17406
25728;272;0;0;235;247;232;119.0000;147.0000;95.0000;22.0000;7.0000;70.0000;1;0;0;0;0;0;2;132.0000;-2391.0000;129.0000;267;265;302;0;0;17406
25738;272;0;0;235;247;232;119.0000;147.0000;95.0000;22.0000;7.0000;70.0000;1;0;0;0;0;0;2;132.0000;-2391.0000;129.0000;267;265;302;0;0;17406
25749;272;0;0;235;247;232;119.0000;147.0000;95.0000;22.0000;7.0000;70.0000;1;0;0;0;0;0;2;132.0000;-2391.0000;129.0000;267;265;302;0;0;17406
25759;272;0;0;235;247;232;119.0000;147.0000;95.0000;22.0000;7.0000;70.0000;1;0;0;0;0;0;2;132.0000;-2391.0000;129.0000;267;265;302;0;0;17406
25770;272;0;0;235;247;232;119.0000;147.0000;95.0000;22.0000;7.0000;70.0000;1;0;0;0;0;0;2;132.0000;-2391.0000;129.0000;267;265;302;0;0;17406
25781;272;0;0;235;247;232;119.0000;147.0000;95.0000;22.0000;7.0000;70.0000;1;0;0;0;0;0;2;132.0000;-2391.0000;129.0000;267;265;302;0;0;17406
25792;272;0;0;235;247;232;119.0000;147.0000;95.0000;22.0000;7.0000;70.0000;1;0;0;0;0;0;2;132.0000;-2391.0000;129.0000;267;265;302;0;0;17406
25802;272;0;0;235;247;232;119.0000;147.0000;95.0000;22.0000;7.0000;70.0000;1;0;0;0;0;0;2;132.0000;-2391.0000;129.0000;267;265;302;0;0;17406
25814;272;0;0;235;247;232;119.0000;147.0000;95.0000;22.0000;7.0000;70.0000;1;0;0;0;0;0;2;88.0000;-2391.0000;129.0000;267;265;302;0;0;17406
25824;272;0;0;235;247;232;119.0000;147.0000;92.0000;22.0000;7.0000;70.0000;1;0;0;0;0;0;2;88.0000;-2391.0000;105.0000;267;265;302;0;0;17406
25835;272;0;0;235;247;232;119.0000;13.0000;92.0000;22.0000;7.0000;70.0000;1;0;0;0;0;0;2;88.0000;-2391.0000;105.0000;267;265;302;0;0;17406
25845;272;0;0;235;247;232;119.0000;13.0000;92.0000;22.0000;7.0000;70.0000;1;0;0;0;0;0;2;88.0000;-2391.0000;105.0000;267;265;302;0;0;17406
25855;272;0;0;235;247;232;119.0000;13.0000;92.0000;22.0000;7.0000;70.0000;1;0;0;0;0;0;2;88.0000;-2391.0000;105.0000;267;265;302;0;0;17406
25866;272;0;0;235;247;232;119.0000;13.0000;92.0000;22.0000;7.0000;70.0000;1;0;0;0;0;0;2;88.0000;-2391.0000;105.0000;267;265;302;0;0;17406
25876;272;0;0;235;247;232;119.0000;13.0000;92.0000;22.0000;7.0000;70.0000;1;0;0;0;0;0;2;88.0000;-2391.0000;105.0000;267;265;302;0;0;17406
25886;272;0;0;235;247;232;119.0000;13.0000;92.0000;22.0000;7.0000;70.0000;1;0;0;0;0;0;2;88.0000;-2391.0000;105.0000;267;265;302;0;0;17406
25897;272;0;0;235;247;232;75.0000;13.0000;92.0000;22.0000;7.0000;70.0000;1;0;0;0;0;0;2;88.0000;-2391.0000;105.0000;267;265;302;0;0;17406
25907;272;0;0;235;247;232;75.0000;13.0000;92.0000;22.0000;7.0000;70.0000;1;0;0;0;0;0;2;85.0000;-2391.0000;105.0000;267;265;302;0;0;17406
25918;272;0;0;235;247;232;75.0000;13.0000;92.0000;22.0000;7.0000;70.0000;1;0;0;0;0;0;2;85.0000;-2391.0000;129.0000;267;265;302;0;0;17406
25931;272;0;0;235;247;232;75.0000;134.0000;92.0000;22.0000;7.0000;70.0000;1;0;0;0;0;0;2;85.0000;-2391.0000;129.0000;267;265;302;0;0;17406
25941;272;0;0;235;247;232;75.0000;134.0000;92.0000;22.0000;7.0000;70.0000;1;0;0;0;0;0;2;85.0000;-2391.0000;129.0000;267;265;302;0;0;17406
25951;272;0;0;235;247;232;75.0000;134.0000;92.0000;22.0000;7.0000;70.0000;1;0;0;0;0;0;2;85.0000;-2391.0000;129.0000;267;265;302;0;0;17406
25962;272;0;0;235;247;232;75.0000;134.0000;92.0000;22.0000;7.0000;70.0000;1;0;0;0;0;0;2;85.0000;-2391.0000;129.0000;267;265;302;0;0;17406
25973;272;0;0;235;247;232;75.0000;134.0000;92.0000;22.0000;7.0000;70.0000;1;0;0;0;0;0;2;85.0000;-2391.0000;129.0000;267;265;302;0;0;17406
25983;272;0;0;235;247;232;75.0000;134.0000;92.0000;22.0000;7.0000;70.0000;1;0;0;0;0;0;2;85.0000;-2391.0000;129.0000;267;265;302;0;0;17406
25995;272;0;0;235;247;232;48.0000;134.0000;92.0000;22.0000;7.0000;70.0000;1;0;0;0;0;0;2;85.0000;-2391.0000;129.0000;267;265;302;0;0;17406
26007;272;0;0;235;247;232;48.0000;134.0000;92.0000;22.0000;7.0000;70.0000;1;0;0;0;0;0;2;85.0000;-2391.0000;129.0000;267;265;302;0;0;17406
26019;272;0;0;235;247;232;48.0000;134.0000;108.0000;22.0000;7.0000;70.0000;1;0;0;0;0;0;2;135.0000;-2391.0000;135.0000;267;265;302;0;0;17406
26030;272;0;0;235;247;232;48.0000;134.0000;108.0000;22.0000;7.0000;70.0000;1;0;0;0;0;0;2;135.0000;-2391.0000;135.0000;267;265;302;0;0;17406
26041;272;0;0;235;247;232;48.0000;147.0000;108.0000;22.0000;7.0000;70.0000;1;0;0;0;0;0;2;135.0000;-2391.0000;135.0000;267;265;302;0;0;17406
26051;272;0;0;235;247;232;48.0000;147.0000;108.0000;22.0000;7.0000;70.0000;1;0;0;0;0;0;2;135.0000;-2391.0000;135.0000;267;265;302;0;0;17406
26061;272;0;0;235;247;232;48.0000;147.0000;108.0000;22.0000;7.0000;70.0000;1;0;0;0;0;0;2;135.0000;-2391.0000;135.0000;267;265;302;0;0;17406
26072;272;0;0;235;247;232;48.0000;147.0000;108.0000;22.0000;7.0000;70.0000;1;0;0;0;0;0;2;135.0000;-2391.0000;135.0000;267;265;302;0;0;17406
26082;272;0;0;235;247;232;48.0000;147.0000;108.0000;22.0000;7.0000;70.0000;1;0;0;0;0;0;2;135.0000;-2391.0000;135.0000;267;265;302;0;0;17406
26092;272;0;0;235;247;232;48.0000;147.0000;108.0000;22.0000;7.0000;70.0000;1;0;0;0;0;0;2;135.0000;-2391.0000;135.0000;267;265;302;0;0;17406
26103;272;0;0;235;247;232;119.0000;147.0000;108.0000;22.0000;7.0000;70.0000;1;0;0;0;0;0;2;135.0000;-2391.0000;135.0000;267;265;302;0;0;17406
26113;272;0;0;235;247;232;119.0000;147.0000;108.0000;22.0000;7.0000;70.0000;1;0;0;0;0;0;2;139.0000;-2391.0000;135.0000;267;265;302;0;0;17406
26124;272;0;0;235;247;232;119.0000;147.0000;85.0000;22.0000;7.0000;70.0000;1;0;0;0;0;0;2;139.0000;-2391.0000;125.0000;267;265;302;0;0;17406
26134;272;0;0;235;247;232;119.0000;80.0000;85.0000;22.0000;7.0000;70.0000;1;0;0;0;0;0;2;139.0000;-2391.0000;125.0000;267;265;302;0;0;17406
26145;272;0;0;235;247;232;119.0000;80.0000;85.0000;22.0000;7.0000;70.0000;1;0;0;0;0;0;2;139.0000;-2391.0000;125.0000;267;265;302;0;0;17406
26156;272;0;0;235;247;232;119.0000;80.0000;85.0000;22.0000;7.0000;70.0000;1;0;0;0;0;0;2;139.0000;-2391.0000;125.0000;267;265;302;0;0;17406
26166;272;0;0;235;247;232;119.0000;80.0000;85.0000;22.0000;7.0000;70.0000;1;0;0;0;0;0;2;139.0000;-2391.0000;125.0000;267;265;302;0;0;17406
26177;272;0;0;235;247;232;119.0000;80.0000;85.0000;22.0000;7.0000;70.0000;1;0;0;0;0;0;2;139.0000;-2391.0000;125.0000;267;265;302;0;0;17406
26187;272;0;0;235;247;232;119.0000;80.0000;85.0000;22.0000;7.0000;70.0000;1;0;0;0;0;0;2;139.0000;-2391.0000;125.0000;267;265;302;0;0;17406
26198;272;0;0;235;247;232;112.0000;80.0000;85.0000;22.0000;7.0000;70.0000;1;0;0;0;0;0;2;139.0000;-2391.0000;125.0000;267;265;302;0;0;17406
26208;272;0;0;235;247;232;112.0000;80.0000;85.0000;22.0000;7.0000;70.0000;1;0;0;0;0;0;2;102.0000;-2391.0000;125.0000;267;265;302;0;0;17406
26220;272;0;0;235;247;232;112.0000;80.0000;129.0000;22.0000;7.0000;70.0000;1;0;0;0;0;0;2;102.0000;-2391.0000;82.0000;267;265;302;0;0;17406
26240;272;0;0;235;247;232;112.0000;147.0000;129.0000;22.0000;7.0000;70.0000;1;0;0;0;0;0;2;102.0000;-2391.0000;82.0000;267;265;302;0;0;17406
26251;272;0;0;235;247;232;112.0000;147.0000;129.0000;22.0000;7.0000;70.0000;1;0;0;0;0;0;2;102.0000;-2391.0000;82.0000;267;265;302;0;0;17406
26264;272;0;0;235;247;232;112.0000;147.0000;129.0000;22.0000;7.0000;70.0000;1;0;0;0;0;0;2;102.0000;-2391.0000;82.0000;267;265;302;0;0;17406
26275;272;0;0;235;247;232;112.0000;147.0000;129.0000;22.0000;7.0000;70.0000;1;0;0;0;0;0;2;102.0000;-2391.0000;82.0000;267;265;302;0;0;17406
26285;272;0;0;235;247;232;112.0000;147.0000;129.0000;22.0000;7.0000;70.0000;1;0;0;0;0;0;2;102.0000;-2391.0000;82.0000;267;265;302;0;0;17406
26296;272;0;0;235;247;232;122.0000;147.0000;129.0000;22.0000;7.0000;70.0000;1;0;0;0;0;0;2;102.0000;-2391.0000;82.0000;267;265;302;0;0;17406
26308;272;0;0;235;247;232;122.0000;147.0000;129.0000;22.0000;7.0000;70.0000;1;0;0;0;0;0;2;78.0000;-2391.0000;82.0000;267;265;302;0;0;17406
26319;272;0;0;235;247;232;122.0000;147.0000;129.0000;22.0000;7.0000;70.0000;1;0;0;0;0;0;2;78.0000;-2391.0000;82.0000;267;265;302;0;0;17380
26329;272;0;0;235;247;232;122.0000;147.0000;92.0000;22.0000;7.0000;70.0000;1;0;0;0;0;0;2;78.0000;-2391.0000;125.0000;267;265;302;0;0;17380
26341;272;0;0;235;247;232;122.0000;161.0000;92.0000;60.0000;7.0000;70.0000;1;0;0;0;0;0;2;78.0000;-2391.0000;125.0000;267;265;302;0;0;17380
26352;272;0;0;235;247;232;122.0000;161.0000;92.0000;60.0000;7.0000;70.0000;1;0;0;0;0;0;2;78.0000;-2391.0000;125.0000;267;265;302;0;0;17380
26362;272;0;0;235;247;232;122.0000;161.0000;92.0000;60.0000;7.0000;70.0000;1;0;0;0;0;0;2;78.0000;-2391.0000;125.0000;267;265;302;0;0;17380
26373;272;0;0;235;247;232;122.0000;161.0000;92.0000;60.0000;7.0000;70.0000;1;0;0;0;0;0;2;78.0000;-2391.0000;125.0000;267;265;302;0;0;17380
26383;272;0;0;235;247;232;122.0000;161.0000;92.0000;60.0000;7.0000;70.0000;1;0;0;0;0;0;2;78.0000;-2391.0000;125.0000;267;265;302;0;0;17380
26394;272;0;0;235;247;232;122.0000;161.0000;92.0000;60.0000;7.0000;70.0000;1;0;0;0;0;0;2;78.0000;-2391.0000;125.0000;267;265;302;0;0;17380
26404;272;0;0;235;247;232;102.0000;161.0000;92.0000;60.0000;7.0000;70.0000;1;0;0;0;0;0;2;78.0000;-2391.0000;125.0000;267;265;302;0;0;17380
26415;272;0;0;235;247;232;102.0000;161.0000;92.0000;60.0000;7.0000;70.0000;1;0;0;0;0;0;2;98.0000;-2391.0000;125.0000;267;265;302;0;0;17380
26425;272;0;0;235;247;232;102.0000;161.0000;105.0000;60.0000;7.0000;70.0000;1;0;0;0;0;0;2;98.0000;-2391.0000;125.0000;267;265;302;0;0;17380
26436;272;0;0;235;247;232;102.0000;40.0000;105.0000;60.0000;7.0000;70.0000;1;0;0;0;0;0;2;98.0000;-2391.0000;125.0000;267;265;302;0;0;17380
26446;272;0;0;235;247;232;102.0000;40.0000;105.0000;60.0000;7.0000;70.0000;1;0;0;0;0;0;2;98.0000;-2391.0000;125.0000;267;265;302;0;0;17380
26457;272;0;0;235;247;232;102.0000;40.0000;105.0000;60.0000;7.0000;70.0000;1;0;0;0;0;0;2;98.0000;-2391.0000;125.0000;267;265;302;0;0;17380
26467;272;0;0;235;247;232;102.0000;40.0000;105.0000;60.0000;7.0000;70.0000;1;0;0;0;0;0;2;98.0000;-2391.0000;125.0000;267;265;302;0;0;17380
26478;272;0;0;235;247;232;102.0000;40.0000;105.0000;60.0000;7.0000;70.0000;1;0;0;0;0;0;2;98.0000;-2391.0000;125.0000;267;265;302;0;0;17380
26488;272;0;0;235;247;232;102.0000;40.0000;105.0000;60.0000;7.0000;70.0000;1;0;0;0;0;0;2;98.0000;-2391.0000;125.0000;267;265;302;0;0;17380
26499;272;0;0;235;247;232;126.0000;40.0000;105.0000;60.0000;7.0000;70.0000;1;0;0;0;0;0;2;98.0000;-2391.0000;125.0000;267;265;302;0;0;17380
26511;272;0;0;235;247;232;126.0000;40.0000;105.0000;60.0000;7.0000;70.0000;1;0;0;0;0;0;2;105.0000;-2391.0000;125.0000;267;265;302;0;0;17380
26522;272;0;0;235;247;232;126.0000;40.0000;105.0000;60.0000;7.0000;70.0000;1;0;0;0;0;0;2;105.0000;-2391.0000;112.0000;267;265;302;0;0;17380
26535;272;0;0;235;247;232;126.0000;40.0000;135.0000;60.0000;7.0000;70.0000;1;0;0;0;0;0;2;105.0000;-2391.0000;112.0000;267;265;302;0;0;17382
26546;272;0;0;235;247;232;126.0000;80.0000;135.0000;60.0000;7.0000;70.0000;1;0;0;0;0;0;2;105.0000;-2391.0000;112.0000;267;265;302;0;0;17406
26560;272;0;0;235;247;232;126.0000;80.0000;135.0000;60.0000;7.0000;70.0000;1;0;0;0;0;0;2;105.0000;-2391.0000;112.0000;267;265;302;0;0;17406
26570;272;0;0;235;247;232;126.0000;80.0000;135.0000;60.0000;7.0000;70.0000;1;0;0;0;0;0;2;105.0000;-2391.0000;112.0000;267;265;302;0;0;17406
26581;272;0;0;235;247;232;126.0000;80.0000;135.0000;60.0000;7.0000;70.0000;1;0;0;0;0;0;2;105.0000;-2391.0000;112.0000;267;265;302;0;0;17406
26595;272;0;0;235;247;232;126.0000;80.0000;135.0000;60.0000;7.0000;70.0000;1;0;0;0;0;0;2;105.0000;-2391.0000;112.0000;267;265;302;0;0;17406
26605;272;0;0;235;247;232;95.0000;80.0000;135.0000;60.0000;7.0000;70.0000;1;0;0;0;0;0;2;105.0000;-2391.0000;112.0000;267;265;302;0;0;17406
26616;272;0;0;235;247;232;95.0000;80.0000;135.0000;60.0000;7.0000;70.0000;1;0;0;0;0;0;2;92.0000;-2391.0000;112.0000;267;265;302;0;0;17406
26626;272;0;0;235;247;232;95.0000;80.0000;119.0000;60.0000;7.0000;70.0000;1;0;0;0;0;0;2;92.0000;-2391.0000;135.0000;267;265;302;0;0;17406
26637;272;0;0;235;247;232;95.0000;147.0000;119.0000;60.0000;7.0000;70.0000;1;0;0;0;0;0;2;92.0000;-2391.0000;135.0000;267;265;302;0;0;17406
26648;272;0;0;235;247;232;95.0000;147.0000;119.0000;60.0000;7.0000;70.0000;1;0;0;0;0;0;2;92.0000;-2391.0000;135.0000;267;265;302;0;0;17406
26658;272;0;0;235;247;232;95.0000;147.0000;119.0000;60.0000;7.0000;70.0000;1;0;0;0;0;0;2;92.0000;-2391.0000;135.0000;267;265;302;0;0;17406
26668;272;0;0;235;247;232;95.0000;147.0000;119.0000;60.0000;7.0000;70.0000;1;0;0;0;0;0;2;92.0000;-2391.0000;135.0000;267;265;302;0;0;17406
26679;272;0;0;235;247;232;95.0000;147.0000;119.0000;60.0000;7.0000;70.0000;1;0;0;0;0;0;2;92.0000;-2391.0000;135.0000;267;265;302;0;0;17406
26689;272;0;0;235;247;232;95.0000;147.0000;119.0000;60.0000;7.0000;70.0000;1;0;0;0;0;0;2;92.0000;-2391.0000;135.0000;267;262;302;0;0;17406
26700;272;0;0;235;247;232;75.0000;147.0000;119.0000;60.0000;7.0000;70.0000;1;0;0;0;0;0;2;92.0000;-2391.0000;135.0000;267;262;302;0;0;17406
26711;272;0;0;235;247;232;75.0000;147.0000;119.0000;60.0000;7.0000;70.0000;1;0;0;0;0;0;2;92.0000;-2391.0000;135.0000;267;262;302;0;0;17406
26721;272;0;0;235;247;232;75.0000;147.0000;119.0000;60.0000;7.0000;70.0000;1;0;0;0;0;0;2;112.0000;-2391.0000;112.0000;267;262;302;0;0;17406
26732;272;0;0;235;247;232;75.0000;147.0000;98.0000;60.0000;7.0000;70.0000;1;0;0;0;0;0;2;112.0000;-2391.0000;112.0000;267;262;302;0;0;17406
26742;272;0;0;235;247;232;75.0000;0.0000;98.0000;60.0000;7.0000;70.0000;1;0;0;0;0;0;2;112.0000;-2391.0000;112.0000;267;262;302;0;0;17406
26753;272;0;0;235;247;232;75.0000;0.0000;98.0000;60.0000;7.0000;70.0000;1;0;0;0;0;0;2;112.0000;-2391.0000;112.0000;267;262;302;0;0;17406
26763;272;0;0;235;247;232;75.0000;0.0000;98.0000;60.0000;7.0000;70.0000;1;0;0;0;0;0;2;112.0000;-2391.0000;112.0000;267;262;302;0;0;17406
26774;272;0;0;235;247;232;75.0000;0.0000;98.0000;60.0000;7.0000;70.0000;1;0;0;0;0;0;2;112.0000;-2391.0000;112.0000;267;262;302;0;0;17406
26784;272;0;0;235;247;232;75.0000;0.0000;98.0000;60.0000;7.0000;70.0000;1;0;0;0;0;0;2;112.0000;-2391.0000;112.0000;267;262;302;0;0;17406
26794;272;0;0;235;247;232;75.0000;0.0000;98.0000;60.0000;7.0000;70.0000;1;0;0;0;0;0;2;112.0000;-2391.0000;112.0000;267;262;302;0;0;17406
26804;272;0;0;235;247;232;119.0000;0.0000;98.0000;60.0000;7.0000;70.0000;1;0;0;0;0;0;2;112.0000;-2391.0000;112.0000;267;262;302;0;0;17406
26815;272;0;0;235;247;232;119.0000;0.0000;98.0000;60.0000;7.0000;70.0000;1;0;0;0;0;0;2;102.0000;-2391.0000;112.0000;267;262;302;0;0;17406
26826;272;0;0;235;247;232;119.0000;0.0000;102.0000;60.0000;7.0000;70.0000;1;0;0;0;0;0;2;102.0000;-2391.0000;68.0000;267;262;302;0;0;17406
26838;272;0;0;235;247;232;119.0000;147.0000;102.0000;60.0000;7.0000;70.0000;1;0;0;0;0;0;2;102.0000;-2391.0000;68.0000;267;262;302;0;0;17406
26850;272;0;0;235;247;232;119.0000;147.0000;102.0000;60.0000;7.0000;70.0000;1;0;0;0;0;0;2;102.0000;-2391.0000;68.0000;267;262;302;0;0;17406
26861;272;0;0;235;247;232;119.0000;147.0000;102.0000;60.0000;7.0000;70.0000;1;0;0;0;0;0;2;102.0000;-2391.0000;68.0000;267;262;302;0;0;17406
26871;272;0;0;235;247;232;119.0000;147.0000;102.0000;60.0000;7.0000;70.0000;1;0;0;0;0;0;2;102.0000;-2391.0000;68.0000;267;262;302;0;0;17406
26890;272;0;0;235;247;232;119.0000;147.0000;102.0000;60.0000;7.0000;70.0000;1;0;0;0;0;0;2;102.0000;-2391.0000;68.0000;267;262;302;0;0;17406
26900;272;0;0;235;247;232;75.0000;147.0000;102.0000;60.0000;7.0000;70.0000;1;0;0;0;0;0;2;102.0000;-2391.0000;68.0000;267;262;302;0;0;17406
26911;272;0;0;235;247;232;75.0000;147.0000;102.0000;60.0000;7.0000;70.0000;1;0;0;0;0;0;2;102.0000;-2391.0000;68.0000;267;262;302;0;0;17406
26921;272;0;0;235;247;232;75.0000;147.0000;102.0000;60.0000;7.0000;70.0000;1;0;0;0;0;0;2;105.0000;-2391.0000;68.0000;267;262;302;0;0;17406
26932;272;0;0;235;247;232;75.0000;147.0000;78.0000;60.0000;7.0000;70.0000;1;0;0;0;0;0;2;105.0000;-2391.0000;75.0000;267;262;302;0;0;17406
26942;272;0;0;235;247;232;75.0000;53.0000;78.0000;60.0000;7.0000;70.0000;1;0;0;0;0;0;2;105.0000;-2391.0000;75.0000;267;262;302;0;0;17406
26953;272;0;0;235;247;232;75.0000;53.0000;78.0000;60.0000;7.0000;70.0000;1;0;0;0;0;0;2;105.0000;-2391.0000;75.0000;267;262;302;0;0;17406
26963;272;0;0;235;247;232;75.0000;53.0000;78.0000;60.0000;7.0000;70.0000;1;0;0;0;0;0;2;105.0000;-2391.0000;75.0000;267;262;302;0;0;17406
26974;272;0;0;235;247;232;75.0000;53.0000;78.0000;60.0000;7.0000;70.0000;1;0;0;0;0;0;2;105.0000;-2391.0000;75.0000;267;262;302;0;0;17406
26984;272;0;0;235;247;232;75.0000;53.0000;78.0000;60.0000;7.0000;70.0000;1;0;0;0;0;0;2;105.0000;-2391.0000;75.0000;267;262;302;0;0;17406
26994;272;0;0;235;247;232;75.0000;53.0000;78.0000;60.0000;7.0000;70.0000;1;0;0;0;0;0;2;105.0000;-2391.0000;75.0000;267;262;302;0;0;17406
27005;272;0;0;235;247;232;89.0000;53.0000;78.0000;60.0000;7.0000;70.0000;1;0;0;0;0;0;2;105.0000;-2391.0000;75.0000;267;262;302;0;0;17406
27015;272;0;0;235;247;232;89.0000;53.0000;78.0000;60.0000;7.0000;70.0000;1;0;0;0;0;0;2;118.0000;-2391.0000;75.0000;267;262;302;0;0;17406
27026;272;0;0;235;247;232;89.0000;53.0000;78.0000;60.0000;7.0000;70.0000;1;0;0;0;0;0;2;118.0000;-2391.0000;122.0000;267;262;302;0;0;17406
27036;272;0;0;235;247;232;89.0000;53.0000;129.0000;60.0000;7.0000;70.0000;1;0;0;0;0;0;2;118.0000;-2391.0000;122.0000;267;262;302;0;0;17406
27047;272;0;0;235;247;232;89.0000;53.0000;129.0000;60.0000;7.0000;70.0000;1;0;0;0;0;0;2;118.0000;-2391.0000;122.0000;267;262;302;0;0;17406
27057;272;0;0;235;247;232;89.0000;53.0000;129.0000;60.0000;7.0000;70.0000;1;0;0;0;0;0;2;118.0000;-2391.0000;122.0000;267;262;302;0;0;17406
27068;272;0;0;235;247;232;89.0000;53.0000;129.0000;60.0000;7.0000;70.0000;1;0;0;0;0;0;2;118.0000;-2391.0000;122.0000;267;262;302;0;0;17406
27078;272;0;0;235;247;232;89.0000;53.0000;129.0000;60.0000;7.0000;70.0000;1;0;0;0;0;0;2;118.0000;-2391.0000;122.0000;267;262;302;0;0;17406
27088;272;0;0;235;247;232;89.0000;53.0000;129.0000;60.0000;7.0000;70.0000;1;0;0;0;0;0;2;118.0000;-2391.0000;122.0000;267;262;302;0;0;17406
27099;272;0;0;235;247;232;89.0000;53.0000;129.0000;60.0000;7.0000;70.0000;1;0;0;0;0;0;2;118.0000;-2391.0000;122.0000;267;262;302;0;0;17406
27109;272;0;0;235;247;232;122.0000;53.0000;129.0000;60.0000;7.0000;70.0000;1;0;0;0;0;0;2;118.0000;-2391.0000;122.0000;267;262;302;0;0;17406
27119;272;0;0;235;247;232;122.0000;53.0000;129.0000;60.0000;7.0000;70.0000;1;0;0;0;0;0;2;125.0000;-2391.0000;122.0000;267;262;302;0;0;17406
27130;272;0;0;235;247;232;122.0000;53.0000;125.0000;60.0000;7.0000;70.0000;1;0;0;0;0;0;2;125.0000;-2391.0000;122.0000;267;262;302;0;0;17406
27143;272;0;0;235;247;232;122.0000;147.0000;125.0000;60.0000;7.0000;70.0000;1;0;0;0;0;0;2;125.0000;-2391.0000;122.0000;267;262;302;0;0;17406
27154;272;0;0;235;247;232;122.0000;147.0000;125.0000;60.0000;7.0000;70.0000;1;0;0;0;0;0;2;125.0000;-2391.0000;122.0000;267;262;302;0;0;17406
27164;272;0;0;235;247;232;122.0000;147.0000;125.0000;60.0000;7.0000;70.0000;1;0;0;0;0;0;2;125.0000;-2391.0000;122.0000;267;262;302;0;0;17406
27175;272;0;0;235;247;232;122.0000;147.0000;125.0000;60.0000;7.0000;70.0000;1;0;0;0;0;0;2;125.0000;-2391.0000;122.0000;267;262;302;0;0;17406
27185;272;0;0;235;247;232;122.0000;147.0000;125.0000;60.0000;7.0000;70.0000;1;0;0;0;0;0;2;125.0000;-2391.0000;122.0000;267;262;302;0;0;17406
27196;272;0;0;235;247;232;122.0000;147.0000;125.0000;60.0000;7.0000;70.0000;1;0;0;0;0;0;2;125.0000;-2391.0000;122.0000;267;262;302;0;0;17406
27206;272;0;0;235;247;232;85.0000;147.0000;125.0000;60.0000;7.0000;70.0000;1;0;0;0;0;0;2;125.0000;-2391.0000;122.0000;267;262;302;0;0;17406
27217;272;0;0;235;247;232;85.0000;147.0000;125.0000;60.0000;7.0000;70.0000;1;0;0;0;0;0;2;125.0000;-2391.0000;122.0000;267;262;302;0;0;17406
27227;272;0;0;235;247;232;85.0000;147.0000;125.0000;60.0000;7.0000;70.0000;1;0;0;0;0;0;2;88.0000;-2391.0000;78.0000;267;262;302;0;0;17406
27238;272;0;0;235;247;232;85.0000;147.0000;129.0000;60.0000;7.0000;70.0000;1;0;0;0;0;0;2;88.0000;-2391.0000;78.0000;267;262;302;0;0;17406
27249;272;0;0;235;247;232;85.0000;-13.0000;129.0000;60.0000;7.0000;70.0000;1;0;0;0;0;0;2;88.0000;-2391.0000;78.0000;267;262;302;0;0;17406
27260;272;0;0;235;247;232;85.0000;-13.0000;129.0000;60.0000;7.0000;70.0000;1;0;0;0;0;0;2;88.0000;-2391.0000;78.0000;267;262;302;0;0;17406
27270;272;0;0;235;247;232;85.0000;-13.0000;129.0000;60.0000;7.0000;70.0000;1;0;0;0;0;0;2;88.0000;-2391.0000;78.0000;267;262;302;0;0;17376
27281;272;0;0;235;247;232;85.0000;-13.0000;129.0000;60.0000;7.0000;70.0000;1;0;0;0;0;0;2;88.0000;-2391.0000;78.0000;267;262;302;0;0;17376
27299;272;0;0;235;247;232;85.0000;-13.0000;129.0000;60.0000;7.0000;70.0000;1;0;0;0;0;0;2;88.0000;-2391.0000;78.0000;267;262;302;0;0;17376
27310;272;0;0;235;247;232;82.0000;-13.0000;129.0000;60.0000;7.0000;70.0000;1;0;0;0;0;0;2;88.0000;-2391.0000;78.0000;267;262;302;0;0;17376
27320;272;0;0;237;247;230;82.0000;-13.0000;129.0000;60.0000;7.0000;70.0000;1;0;0;0;0;0;2;115.0000;-2391.0000;78.0000;267;262;302;0;0;17376
27331;272;0;0;237;247;230;82.0000;-13.0000;129.0000;60.0000;7.0000;70.0000;1;0;0;0;0;0;2;115.0000;-2391.0000;129.0000;267;262;302;0;0;17376
27344;272;0;0;237;247;230;82.0000;-26.0000;129.0000;55.0000;7.0000;70.0000;1;0;0;0;0;0;2;115.0000;-2391.0000;129.0000;267;262;302;0;0;17376
27355;272;0;0;237;247;230;82.0000;-26.0000;129.0000;55.0000;7.0000;70.0000;1;0;0;0;0;0;2;115.0000;-2391.0000;129.0000;267;262;302;0;0;17376
27366;272;0;0;237;247;230;82.0000;-26.0000;129.0000;55.0000;7.0000;70.0000;1;0;0;0;0;0;2;115.0000;-2391.0000;129.0000;267;262;302;0;0;17376
27376;272;0;0;237;247;230;82.0000;-26.0000;129.0000;55.0000;7.0000;70.0000;1;0;0;0;0;0;2;115.0000;-2391.0000;129.0000;267;262;302;0;0;17380
27387;272;0;0;237;247;230;82.0000;-26.0000;129.0000;55.0000;7.0000;70.0000;1;0;0;0;0;0;2;115.0000;-2391.0000;129.0000;267;262;302;0;0;17380
27397;272;0;0;237;247;230;82.0000;-26.0000;129.0000;55.0000;7.0000;70.0000;1;0;0;0;0;0;2;115.0000;-2391.0000;129.0000;267;262;302;0;0;17380
27408;272;0;0;237;247;230;126.0000;-26.0000;129.0000;55.0000;7.0000;70.0000;1;0;0;0;0;0;2;115.0000;-2391.0000;129.0000;267;262;302;0;0;17380
27418;272;0;0;237;247;230;126.0000;-26.0000;129.0000;55.0000;7.0000;70.0000;1;0;0;0;0;0;2;68.0000;-2391.0000;129.0000;267;262;302;0;0;17380
27430;272;0;0;237;247;230;126.0000;-26.0000;129.0000;55.0000;7.0000;70.0000;1;0;0;0;0;0;2;68.0000;-2391.0000;129.0000;267;262;302;0;0;17380
27506;272;0;0;237;247;230;126.0000;120.0000;92.0000;55.0000;7.0000;70.0000;1;0;0;0;0;0;2;68.0000;-2391.0000;102.0000;267;262;302;0;0;17396
27516;272;0;0;237;247;230;79.0000;120.0000;92.0000;55.0000;7.0000;70.0000;1;0;0;0;0;0;2;68.0000;-2391.0000;102.0000;267;262;302;0;0;17396
27527;272;0;0;237;247;230;79.0000;120.0000;92.0000;55.0000;7.0000;70.0000;1;0;0;0;0;0;2;115.0000;-2391.0000;132.0000;267;262;302;0;0;17396
27538;272;0;0;237;247;230;79.0000;120.0000;82.0000;55.0000;7.0000;70.0000;1;0;0;0;0;0;2;115.0000;-2391.0000;132.0000;267;262;302;0;0;17396
27549;272;0;0;237;247;230;79.0000;174.0000;82.0000;55.0000;7.0000;70.0000;1;0;0;0;0;0;2;115.0000;-2391.0000;132.0000;267;262;302;0;0;17396
27559;272;0;0;237;247;230;79.0000;174.0000;82.0000;55.0000;7.0000;70.0000;1;0;0;0;0;0;2;115.0000;-2391.0000;132.0000;267;262;302;0;0;17396
27570;272;0;0;237;247;230;79.0000;174.0000;82.0000;55.0000;7.0000;70.0000;1;0;0;0;0;0;2;115.0000;-2391.0000;132.0000;267;262;302;0;0;17396
27582;272;0;0;237;247;230;79.0000;174.0000;82.0000;55.0000;7.0000;70.0000;1;0;0;0;0;0;2;115.0000;-2391.0000;132.0000;267;262;302;0;0;17406
27592;272;0;0;237;247;230;79.0000;174.0000;82.0000;55.0000;7.0000;70.0000;1;0;0;0;0;0;2;115.0000;-2391.0000;132.0000;267;262;302;0;0;17406
27602;272;0;0;237;247;230;79.0000;174.0000;82.0000;55.0000;7.0000;70.0000;1;0;0;0;0;0;2;115.0000;-2391.0000;132.0000;267;262;302;0;0;17406
27613;272;0;0;237;247;230;85.0000;174.0000;82.0000;55.0000;7.0000;70.0000;1;0;0;0;0;0;2;115.0000;-2391.0000;132.0000;267;262;302;0;0;17406
27625;272;0;0;237;247;230;85.0000;174.0000;82.0000;55.0000;7.0000;70.0000;1;0;0;0;0;0;2;132.0000;-2391.0000;72.0000;267;262;302;0;0;17406
27636;272;0;0;237;247;230;85.0000;174.0000;82.0000;55.0000;7.0000;70.0000;1;0;0;0;0;0;2;132.0000;-2391.0000;72.0000;267;262;302;0;0;17406
27647;272;0;0;237;247;230;85.0000;161.0000;85.0000;55.0000;7.0000;70.0000;1;0;0;0;0;0;2;132.0000;-2391.0000;72.0000;267;262;302;0;0;17406
27657;272;0;0;237;247;230;85.0000;161.0000;85.0000;55.0000;7.0000;70.0000;1;0;0;0;0;0;2;132.0000;-2391.0000;72.0000;267;262;302;0;0;17406
27668;272;0;0;237;247;230;85.0000;161.0000;85.0000;55.0000;7.0000;70.0000;1;0;0;0;0;0;2;132.0000;-2391.0000;72.0000;267;262;302;0;0;17406
27678;272;0;0;237;247;230;85.0000;161.0000;85.0000;55.0000;7.0000;70.0000;1;0;0;0;0;0;2;132.0000;-2391.0000;72.0000;267;262;302;0;0;17406
27688;272;0;0;237;247;230;85.0000;161.0000;85.0000;55.0000;7.0000;70.0000;1;0;0;0;0;0;2;132.0000;-2391.0000;72.0000;267;262;302;0;0;17406
27699;272;0;0;237;247;230;85.0000;161.0000;85.0000;55.0000;7.0000;70.0000;1;0;0;0;0;0;2;132.0000;-2391.0000;72.0000;267;262;302;0;0;17406
27709;272;0;0;237;247;230;85.0000;161.0000;85.0000;55.0000;7.0000;70.0000;1;0;0;0;0;0;2;132.0000;-2391.0000;72.0000;267;262;302;0;0;17406
27720;272;0;0;237;247;230;79.0000;161.0000;85.0000;55.0000;7.0000;70.0000;1;0;0;0;0;0;2;95.0000;-2391.0000;72.0000;267;262;302;0;0;17406
27730;272;0;0;237;247;230;79.0000;161.0000;85.0000;55.0000;7.0000;70.0000;1;0;0;0;0;0;2;95.0000;-2391.0000;108.0000;267;262;302;0;0;17406
27741;272;0;0;237;247;230;79.0000;161.0000;95.0000;55.0000;7.0000;70.0000;1;0;0;0;0;0;2;95.0000;-2391.0000;108.0000;267;262;302;0;0;17406
27752;272;0;0;237;247;230;79.0000;134.0000;95.0000;55.0000;7.0000;70.0000;1;0;0;0;0;0;2;95.0000;-2391.0000;108.0000;267;265;302;0;0;17406
27763;272;0;0;237;247;230;79.0000;134.0000;95.0000;55.0000;7.0000;70.0000;1;0;0;0;0;0;2;95.0000;-2391.0000;108.0000;267;265;302;0;0;17406
27773;272;0;0;237;247;230;79.0000;134.0000;95.0000;55.0000;7.0000;70.0000;1;0;0;0;0;0;2;95.0000;-2391.0000;108.0000;267;265;302;0;0;17406
27790;272;0;0;237;247;230;79.0000;134.0000;95.0000;55.0000;7.0000;70.0000;1;0;0;0;0;0;2;95.0000;-2391.0000;108.0000;267;265;302;0;0;17406
27800;272;0;0;237;247;230;79.0000;134.0000;95.0000;55.0000;7.0000;70.0000;1;0;0;0;0;0;2;95.0000;-2391.0000;108.0000;267;265;302;0;0;17406
27811;272;0;0;237;247;230;109.0000;134.0000;95.0000;55.0000;7.0000;70.0000;1;0;0;0;0;0;2;95.0000;-2391.0000;108.0000;267;265;302;0;0;17406
27824;272;0;0;237;247;230;109.0000;134.0000;95.0000;55.0000;7.0000;70.0000;1;0;0;0;0;0;2;68.0000;-2391.0000;108.0000;267;265;302;0;0;17406
27835;272;0;0;237;247;230;109.0000;134.0000;95.0000;55.0000;7.0000;70.0000;1;0;0;0;0;0;2;68.0000;-2391.0000;115.0000;267;265;302;0;0;17406
27845;272;0;0;237;247;230;109.0000;134.0000;125.0000;55.0000;7.0000;70.0000;1;0;0;0;0;0;2;68.0000;-2391.0000;115.0000;267;265;302;0;0;17406
27855;272;0;0;237;247;230;109.0000;26.0000;125.0000;55.0000;7.0000;70.0000;1;0;0;0;0;0;2;68.0000;-2391.0000;115.0000;267;265;302;0;0;17406
27866;272;0;0;237;247;230;109.0000;26.0000;125.0000;55.0000;7.0000;70.0000;1;0;0;0;0;0;2;68.0000;-2391.0000;115.0000;267;265;302;0;0;17406
27876;272;0;0;237;247;230;109.0000;26.0000;125.0000;55.0000;7.0000;70.0000;1;0;0;0;0;0;2;68.0000;-2391.0000;115.0000;267;265;302;0;0;17406
27887;272;0;0;237;247;230;109.0000;26.0000;125.0000;55.0000;7.0000;70.0000;1;0;0;0;0;0;2;68.0000;-2391.0000;115.0000;267;265;302;0;0;17406
27897;272;0;0;237;247;230;109.0000;26.0000;125.0000;55.0000;7.0000;70.0000;1;0;0;0;0;0;2;68.0000;-2391.0000;115.0000;267;265;302;0;0;17406
27908;272;0;0;237;247;230;109.0000;26.0000;125.0000;55.0000;7.0000;70.0000;1;0;0;0;0;0;2;68.0000;-2391.0000;115.0000;267;265;302;0;0;17406
27918;272;0;0;237;247;230;109.0000;26.0000;125.0000;55.0000;7.0000;70.0000;1;0;0;0;0;0;2;75.0000;-2391.0000;115.0000;267;265;302;0;0;17406
27929;272;0;0;237;247;230;109.0000;26.0000;125.0000;55.0000;7.0000;70.0000;1;0;0;0;0;0;2;75.0000;-2391.0000;68.0000;267;265;302;0;0;17406
27939;272;0;0;237;247;230;109.0000;26.0000;132.0000;55.0000;7.0000;70.0000;1;0;0;0;0;0;2;75.0000;-2391.0000;68.0000;267;265;302;0;0;17406
27950;272;0;0;237;247;230;109.0000;0.0000;132.0000;55.0000;7.0000;70.0000;1;0;0;0;0;0;2;75.0000;-2391.0000;68.0000;267;265;302;0;0;17406
27960;272;0;0;237;247;230;109.0000;0.0000;132.0000;55.0000;7.0000;70.0000;1;0;0;0;0;0;2;75.0000;-2391.0000;68.0000;267;265;302;0;0;17406
27971;272;0;0;237;247;230;109.0000;0.0000;132.0000;55.0000;7.0000;70.0000;1;0;0;0;0;0;2;75.0000;-2391.0000;68.0000;267;265;302;0;0;17406
27981;272;0;0;237;247;230;109.0000;0.0000;132.0000;55.0000;7.0000;70.0000;1;0;0;0;0;0;2;75.0000;-2391.0000;68.0000;267;265;302;0;0;17406
27991;272;0;0;237;247;230;109.0000;0.0000;132.0000;55.0000;7.0000;70.0000;1;0;0;0;0;0;2;75.0000;-2391.0000;68.0000;267;265;302;0;0;17406
28001;272;0;0;237;247;230;109.0000;0.0000;132.0000;55.0000;7.0000;70.0000;1;0;0;0;0;0;2;75.0000;-2391.0000;68.0000;267;265;302;0;0;17406
28012;272;0;0;237;247;230;79.0000;0.0000;132.0000;55.0000;7.0000;70.0000;1;0;0;0;0;0;2;75.0000;-2391.0000;68.0000;267;265;302;0;0;17406
28023;272;0;0;237;247;230;79.0000;0.0000;132.0000;55.0000;7.0000;70.0000;1;0;0;0;0;0;2;115.0000;-2391.0000;68.0000;267;265;302;0;0;17406
28033;272;0;0;237;247;230;79.0000;0.0000;132.0000;55.0000;7.0000;70.0000;1;0;0;0;0;0;2;115.0000;-2391.0000;55.0000;267;265;302;0;0;17406
28044;272;0;0;237;247;230;79.0000;0.0000;92.0000;55.0000;7.0000;70.0000;1;0;0;0;0;0;2;115.0000;-2391.0000;55.0000;267;265;302;0;0;17406
28054;272;0;0;237;247;230;79.0000;174.0000;92.0000;55.0000;7.0000;70.0000;1;0;0;0;0;0;2;115.0000;-2391.0000;55.0000;267;265;302;0;0;17406
28065;272;0;0;237;247;230;79.0000;174.0000;92.0000;55.0000;7.0000;70.0000;1;0;0;0;0;0;2;115.0000;-2391.0000;55.0000;267;265;302;0;0;17406
28075;272;0;0;237;247;230;79.0000;174.0000;92.0000;55.0000;7.0000;70.0000;1;0;0;0;0;0;2;115.0000;-2391.0000;55.0000;267;265;302;0;0;17406
28085;272;0;0;237;247;230;79.0000;174.0000;92.0000;55.0000;7.0000;70.0000;1;0;0;0;0;0;2;115.0000;-2391.0000;55.0000;267;265;302;0;0;17406
28096;272;0;0;237;247;230;79.0000;174.0000;92.0000;55.0000;7.0000;70.0000;1;0;0;0;0;0;2;115.0000;-2391.0000;55.0000;267;265;302;0;0;17406
28106;272;0;0;237;247;230;79.0000;174.0000;92.0000;55.0000;7.0000;70.0000;1;0;0;0;0;0;2;115.0000;-2391.0000;55.0000;267;265;302;0;0;17406
28116;272;0;0;237;247;230;95.0000;174.0000;92.0000;55.0000;7.0000;70.0000;1;0;0;0;0;0;2;115.0000;-2391.0000;55.0000;267;265;302;0;0;17406
28127;272;0;0;237;247;230;95.0000;174.0000;92.0000;55.0000;7.0000;70.0000;1;0;0;0;0;0;2;132.0000;-2391.0000;72.0000;267;265;302;0;0;17406
28137;272;0;0;237;247;230;95.0000;174.0000;92.0000;55.0000;7.0000;70.0000;1;0;0;0;0;0;2;132.0000;-2391.0000;72.0000;267;265;302;0;0;17406
28148;272;0;0;237;247;230;95.0000;174.0000;129.0000;55.0000;7.0000;70.0000;1;0;0;0;0;0;2;132.0000;-2391.0000;72.0000;267;265;302;0;0;17406
28159;272;0;0;237;247;230;95.0000;13.0000;129.0000;55.0000;7.0000;70.0000;1;0;0;0;0;0;2;132.0000;-2391.0000;72.0000;267;265;302;0;0;17406
28169;272;0;0;237;247;230;95.0000;13.0000;129.0000;55.0000;7.0000;70.0000;1;0;0;0;0;0;2;132.0000;-2391.0000;72.0000;267;265;302;0;0;17406
28180;272;0;0;237;247;230;95.0000;13.0000;129.0000;55.0000;7.0000;70.0000;1;0;0;0;0;0;2;132.0000;-2391.0000;72.0000;267;265;302;0;0;17406
28190;272;0;0;237;247;230;95.0000;13.0000;129.0000;55.0000;7.0000;70.0000;1;0;0;0;0;0;2;132.0000;-2391.0000;72.0000;267;265;302;0;0;17406
28201;272;0;0;237;247;230;95.0000;13.0000;129.0000;55.0000;7.0000;70.0000;1;0;0;0;0;0;2;132.0000;-2391.0000;72.0000;267;265;302;0;0;17406
28212;272;0;0;237;247;230;95.0000;13.0000;129.0000;55.0000;7.0000;70.0000;1;0;0;0;0;0;2;132.0000;-2391.0000;72.0000;267;265;302;0;0;17406
28222;272;0;0;237;247;230;122.0000;13.0000;129.0000;55.0000;7.0000;70.0000;1;0;0;0;0;0;2;68.0000;-2391.0000;72.0000;267;265;302;0;0;17406
28233;272;0;0;237;247;230;122.0000;13.0000;129.0000;55.0000;7.0000;70.0000;1;0;0;0;0;0;2;68.0000;-2391.0000;65.0000;267;265;302;0;0;17406
28243;272;0;0;237;247;230;122.0000;13.0000;125.0000;55.0000;7.0000;70.0000;1;0;0;0;0;0;2;68.0000;-2391.0000;65.0000;267;265;302;0;0;17406
28254;272;0;0;237;247;230;122.0000;-13.0000;125.0000;55.0000;7.0000;70.0000;1;0;0;0;0;0;2;68.0000;-2391.0000;65.0000;267;265;302;0;0;17406
28264;272;0;0;237;247;230;122.0000;-13.0000;125.0000;55.0000;7.0000;70.0000;1;0;0;0;0;0;2;68.0000;-2391.0000;65.0000;267;265;302;0;0;17406
28275;272;0;0;237;247;230;122.0000;-13.0000;125.0000;55.0000;7.0000;70.0000;1;0;0;0;0;0;2;68.0000;-2391.0000;65.0000;267;265;302;0;0;17406
28285;272;0;0;237;247;230;122.0000;-13.0000;125.0000;55.0000;7.0000;70.0000;1;0;0;0;0;0;2;68.0000;-2391.0000;65.0000;267;265;302;0;0;17406
28295;272;0;0;237;247;230;122.0000;-13.0000;125.0000;55.0000;7.0000;70.0000;1;0;0;0;0;0;2;68.0000;-2391.0000;65.0000;267;265;302;0;0;17406
28307;272;0;0;237;247;230;122.0000;-13.0000;125.0000;55.0000;7.0000;70.0000;1;0;0;0;0;0;2;68.0000;-2391.0000;65.0000;267;265;302;0;0;17376
28318;272;0;0;237;247;230;99.0000;-13.0000;125.0000;55.0000;7.0000;70.0000;1;0;0;0;0;0;2;68.0000;-2391.0000;65.0000;267;265;302;0;0;17376
28329;272;0;0;237;247;230;99.0000;-13.0000;125.0000;55.0000;7.0000;70.0000;1;0;0;0;0;0;2;139.0000;-2391.0000;72.0000;267;265;302;0;0;17376
28340;272;0;0;237;247;230;99.0000;-13.0000;125.0000;55.0000;7.0000;70.0000;1;0;0;0;0;0;2;139.0000;-2391.0000;72.0000;267;265;302;0;0;17376
28351;272;0;0;237;247;230;99.0000;161.0000;108.0000;53.0000;7.0000;70.0000;1;0;0;0;0;0;2;139.0000;-2391.0000;72.0000;267;265;302;0;0;17376
28362;272;0;0;237;247;230;99.0000;161.0000;108.0000;53.0000;7.0000;70.0000;1;0;0;0;0;0;2;139.0000;-2391.0000;72.0000;267;265;302;0;0;17376
28372;272;0;0;237;247;230;99.0000;161.0000;108.0000;53.0000;7.0000;70.0000;1;0;0;0;0;0;2;139.0000;-2391.0000;72.0000;267;265;302;0;0;17376
28383;272;0;0;237;247;230;99.0000;161.0000;108.0000;53.0000;7.0000;70.0000;1;0;0;0;0;0;2;139.0000;-2391.0000;72.0000;267;265;302;0;0;17376
28400;272;0;0;237;247;230;99.0000;161.0000;108.0000;53.0000;7.0000;70.0000;1;0;0;0;0;0;2;139.0000;-2391.0000;72.0000;267;265;302;0;0;17376
28410;272;0;0;237;247;230;99.0000;161.0000;108.0000;53.0000;7.0000;70.0000;1;0;0;0;0;0;2;139.0000;-2391.0000;72.0000;267;265;302;0;0;17380
28421;272;0;0;237;247;230;122.0000;161.0000;108.0000;53.0000;7.0000;70.0000;1;0;0;0;0;0;2;68.0000;-2391.0000;72.0000;267;265;302;0;0;17380
28431;272;0;0;237;247;230;122.0000;161.0000;108.0000;53.0000;7.0000;70.0000;1;0;0;0;0;0;2;68.0000;-2391.0000;72.0000;267;265;302;0;0;17380
28442;272;0;0;237;247;230;122.0000;161.0000;108.0000;53.0000;7.0000;70.0000;1;0;0;0;0;0;2;68.0000;-2391.0000;72.0000;267;265;302;0;0;17380
28452;272;0;0;237;247;230;122.0000;-13.0000;139.0000;53.0000;7.0000;70.0000;1;0;0;0;0;0;2;68.0000;-2391.0000;72.0000;267;265;302;0;0;17380
28463;272;0;0;237;247;230;122.0000;-13.0000;139.0000;53.0000;7.0000;70.0000;1;0;0;0;0;0;2;68.0000;-2391.0000;72.0000;267;265;302;0;0;17380
28474;272;0;0;237;247;230;122.0000;-13.0000;139.0000;53.0000;7.0000;70.0000;1;0;0;0;0;0;2;68.0000;-2391.0000;72.0000;267;265;302;0;0;17380
28484;272;0;0;237;247;230;122.0000;-13.0000;139.0000;53.0000;7.0000;70.0000;1;0;0;0;0;0;2;68.0000;-2391.0000;72.0000;267;265;302;0;0;17380
28495;272;0;0;237;247;230;122.0000;-13.0000;139.0000;53.0000;7.0000;70.0000;1;0;0;0;0;0;2;68.0000;-2391.0000;72.0000;267;265;302;0;0;17380
28505;272;0;0;237;247;230;122.0000;-13.0000;139.0000;53.0000;7.0000;70.0000;1;0;0;0;0;0;2;68.0000;-2391.0000;72.0000;267;265;302;0;0;17380
28516;272;0;0;237;247;230;122.0000;-13.0000;139.0000;53.0000;7.0000;70.0000;1;0;0;0;0;0;2;68.0000;-2391.0000;72.0000;267;265;302;0;0;17396
28527;272;0;0;237;247;230;115.0000;-13.0000;139.0000;53.0000;7.0000;70.0000;1;0;0;0;0;0;2;75.0000;-2391.0000;72.0000;267;265;302;0;0;17396
28537;272;0;0;237;247;230;115.0000;-13.0000;139.0000;53.0000;7.0000;70.0000;1;0;0;0;0;0;2;75.0000;-2391.0000;135.0000;267;265;302;0;0;17396
28548;272;0;0;237;247;230;115.0000;-13.0000;88.0000;53.0000;7.0000;70.0000;1;0;0;0;0;0;2;75.0000;-2391.0000;135.0000;267;265;302;0;0;17396
28558;272;0;0;237;247;230;115.0000;93.0000;88.0000;53.0000;7.0000;70.0000;1;0;0;0;0;0;2;75.0000;-2391.0000;135.0000;267;265;302;0;0;17396
28569;272;0;0;237;247;230;115.0000;93.0000;88.0000;53.0000;7.0000;70.0000;1;0;0;0;0;0;2;75.0000;-2391.0000;135.0000;267;265;302;0;0;17396
28579;272;0;0;237;247;230;115.0000;93.0000;88.0000;53.0000;7.0000;70.0000;1;0;0;0;0;0;2;75.0000;-2391.0000;135.0000;267;265;302;0;0;17396
28590;272;0;0;237;247;230;115.0000;93.0000;88.0000;53.0000;7.0000;70.0000;1;0;0;0;0;0;2;75.0000;-2391.0000;135.0000;267;265;302;0;0;17396
28600;272;0;0;237;247;230;115.0000;93.0000;88.0000;53.0000;7.0000;70.0000;1;0;0;0;0;0;2;75.0000;-2391.0000;135.0000;267;265;302;0;0;17396
28610;272;0;0;237;247;230;115.0000;93.0000;88.0000;53.0000;7.0000;70.0000;1;0;0;0;0;0;2;75.0000;-2391.0000;135.0000;267;265;302;0;0;17396
28621;272;0;0;237;247;230;85.0000;93.0000;88.0000;53.0000;7.0000;70.0000;1;0;0;0;0;0;2;75.0000;-2391.0000;135.0000;267;265;302;0;0;17396
28633;272;0;0;237;247;230;85.0000;93.0000;88.0000;53.0000;7.0000;70.0000;1;0;0;0;0;0;2;125.0000;-2391.0000;115.0000;267;265;302;0;0;17406
28645;272;0;0;237;247;230;85.0000;93.0000;132.0000;53.0000;7.0000;70.0000;1;0;0;0;0;0;2;125.0000;-2391.0000;115.0000;267;265;302;0;0;17406
28655;272;0;0;237;247;230;85.0000;174.0000;132.0000;53.0000;7.0000;70.0000;1;0;0;0;0;0;2;125.0000;-2391.0000;115.0000;267;265;302;0;0;17406
28665;272;0;0;237;247;230;85.0000;174.0000;132.0000;53.0000;7.0000;70.0000;1;0;0;0;0;0;2;125.0000;-2391.0000;115.0000;267;265;302;0;0;17406
28680;272;0;0;237;247;230;85.0000;174.0000;132.0000;53.0000;7.0000;70.0000;1;0;0;0;0;0;2;125.0000;-2391.0000;115.0000;267;265;302;0;0;17406
28690;272;0;0;237;247;230;85.0000;174.0000;132.0000;53.0000;7.0000;70.0000;1;0;0;0;0;0;2;125.0000;-2391.0000;115.0000;267;265;302;0;0;17406
28701;272;0;0;237;247;230;85.0000;174.0000;132.0000;53.0000;7.0000;70.0000;1;0;0;0;0;0;2;125.0000;-2391.0000;115.0000;267;265;302;0;0;17406
28711;272;0;0;237;247;230;85.0000;174.0000;132.0000;53.0000;7.0000;70.0000;1;0;0;0;0;0;2;125.0000;-2391.0000;115.0000;267;265;302;0;0;17406
28722;272;0;0;237;247;230;112.0000;174.0000;132.0000;53.0000;7.0000;70.0000;1;0;0;0;0;0;2;125.0000;-2391.0000;115.0000;267;265;302;0;0;17406
28733;272;0;0;237;247;230;112.0000;174.0000;132.0000;53.0000;7.0000;70.0000;1;0;0;0;0;0;2;102.0000;-2391.0000;72.0000;267;265;302;0;0;17406
28746;272;0;0;237;247;230;112.0000;174.0000;108.0000;53.0000;7.0000;70.0000;1;0;0;0;0;0;2;102.0000;-2391.0000;72.0000;267;265;302;0;0;17406
28756;272;0;0;237;247;230;112.0000;53.0000;108.0000;53.0000;7.0000;70.0000;1;0;0;0;0;0;2;102.0000;-2391.0000;72.0000;267;265;302;0;0;17406
28767;272;0;0;237;247;230;112.0000;53.0000;108.0000;53.0000;7.0000;70.0000;1;0;0;0;0;0;2;102.0000;-2391.0000;72.0000;267;265;302;0;0;17406
28777;272;0;0;237;247;230;112.0000;53.0000;108.0000;53.0000;7.0000;70.0000;1;0;0;0;0;0;2;102.0000;-2391.0000;72.0000;267;265;302;0;0;17406
28787;272;0;0;237;247;230;112.0000;53.0000;108.0000;53.0000;7.0000;70.0000;1;0;0;0;0;0;2;102.0000;-2391.0000;72.0000;267;265;302;0;0;17406
28798;272;0;0;237;247;230;112.0000;53.0000;108.0000;53.0000;7.0000;70.0000;1;0;0;0;0;0;2;102.0000;-2391.0000;72.0000;267;265;302;0;0;17406
28808;272;0;0;237;247;230;112.0000;53.0000;108.0000;53.0000;7.0000;70.0000;1;0;0;0;0;0;2;102.0000;-2391.0000;72.0000;267;265;302;0;0;17406
28818;272;0;0;237;247;230;112.0000;53.0000;108.0000;53.0000;7.0000;70.0000;1;0;0;0;0;0;2;102.0000;-2391.0000;72.0000;267;265;302;0;0;17406
28829;272;0;0;237;247;230;75.0000;53.0000;108.0000;53.0000;7.0000;70.0000;1;0;0;0;0;0;2;88.0000;-2391.0000;72.0000;267;265;302;0;0;17406
28839;272;0;0;237;247;230;75.0000;53.0000;108.0000;53.0000;7.0000;70.0000;1;0;0;0;0;0;2;88.0000;-2391.0000;132.0000;267;265;302;0;0;17406
28850;272;0;0;237;247;230;75.0000;53.0000;132.0000;53.0000;7.0000;70.0000;1;0;0;0;0;0;2;88.0000;-2391.0000;132.0000;267;265;302;0;0;17406
28861;272;0;0;237;247;230;75.0000;-53.0000;132.0000;53.0000;7.0000;70.0000;1;0;0;0;0;0;2;88.0000;-2391.0000;132.0000;267;265;302;0;0;17406
28873;272;0;0;237;247;230;75.0000;-53.0000;132.0000;53.0000;7.0000;70.0000;1;0;0;0;0;0;2;88.0000;-2391.0000;132.0000;267;265;302;0;0;17406
28883;272;0;0;237;247;230;75.0000;-53.0000;132.0000;53.0000;7.0000;70.0000;1;0;0;0;0;0;2;88.0000;-2391.0000;132.0000;267;265;302;0;0;17406
28894;272;0;0;237;247;230;75.0000;-53.0000;132.0000;53.0000;7.0000;70.0000;1;0;0;0;0;0;2;88.0000;-2391.0000;132.0000;267;265;302;0;0;17406
28904;272;0;0;237;247;230;75.0000;-53.0000;132.0000;53.0000;7.0000;70.0000;1;0;0;0;0;0;2;88.0000;-2391.0000;132.0000;267;265;302;0;0;17406
28915;272;0;0;237;247;230;75.0000;-53.0000;132.0000;53.0000;7.0000;70.0000;1;0;0;0;0;0;2;88.0000;-2391.0000;132.0000;267;265;302;0;0;17406
28925;272;0;0;237;247;230;82.0000;-53.0000;132.0000;53.0000;7.0000;70.0000;1;0;0;0;0;0;2;68.0000;-2391.0000;132.0000;267;265;302;0;0;17406
28936;272;0;0;237;247;230;82.0000;-53.0000;132.0000;53.0000;7.0000;70.0000;1;0;0;0;0;0;2;68.0000;-2391.0000;72.0000;267;265;302;0;0;17406
28947;272;0;0;237;247;230;82.0000;-53.0000;85.0000;53.0000;7.0000;70.0000;1;0;0;0;0;0;2;68.0000;-2391.0000;72.0000;267;265;302;0;0;17406
28957;272;0;0;237;247;230;82.0000;53.0000;85.0000;53.0000;7.0000;70.0000;1;0;0;0;0;0;2;68.0000;-2391.0000;72.0000;267;265;302;0;0;17406
28968;272;0;0;237;247;230;82.0000;53.0000;85.0000;53.0000;7.0000;70.0000;1;0;0;0;0;0;2;68.0000;-2391.0000;72.0000;267;265;302;0;0;17406
28978;272;0;0;237;247;230;82.0000;53.0000;85.0000;53.0000;7.0000;70.0000;1;0;0;0;0;0;2;68.0000;-2391.0000;72.0000;267;265;302;0;0;17406
28988;272;0;0;237;247;230;82.0000;53.0000;85.0000;53.0000;7.0000;70.0000;1;0;0;0;0;0;2;68.0000;-2391.0000;72.0000;267;265;302;0;0;17406
28998;272;0;0;237;247;230;82.0000;53.0000;85.0000;53.0000;7.0000;70.0000;1;0;0;0;0;0;2;68.0000;-2391.0000;72.0000;267;265;302;0;0;17406
29009;272;0;0;237;247;230;82.0000;53.0000;85.0000;53.0000;7.0000;70.0000;1;0;0;0;0;0;2;68.0000;-2391.0000;72.0000;267;265;302;0;0;17406
29019;272;0;0;237;247;230;82.0000;53.0000;85.0000;53.0000;7.0000;70.0000;1;0;0;0;0;0;2;68.0000;-2391.0000;72.0000;267;265;302;0;0;17406
29029;272;0;0;237;247;230;109.0000;53.0000;85.0000;53.0000;7.0000;70.0000;1;0;0;0;0;0;2;122.0000;-2391.0000;72.0000;267;265;302;0;0;17406
29041;272;0;0;237;247;230;109.0000;53.0000;85.0000;53.0000;7.0000;70.0000;1;0;0;0;0;0;2;122.0000;-2391.0000;85.0000;267;265;302;0;0;17406
29052;272;0;0;237;247;230;109.0000;53.0000;85.0000;53.0000;7.0000;70.0000;1;0;0;0;0;0;2;122.0000;-2391.0000;85.0000;267;265;302;0;0;17406
29062;272;0;0;237;247;230;109.0000;161.0000;85.0000;53.0000;7.0000;70.0000;1;0;0;0;0;0;2;122.0000;-2391.0000;85.0000;267;265;302;0;0;17406
29073;272;0;0;237;247;230;109.0000;161.0000;85.0000;53.0000;7.0000;70.0000;1;0;0;0;0;0;2;122.0000;-2391.0000;85.0000;267;265;302;0;0;17406
29083;272;0;0;237;247;230;109.0000;161.0000;85.0000;53.0000;7.0000;70.0000;1;0;0;0;0;0;2;122.0000;-2391.0000;85.0000;267;265;302;0;0;17406
29093;272;0;0;237;247;230;109.0000;161.0000;85.0000;53.0000;7.0000;70.0000;1;0;0;0;0;0;2;122.0000;-2391.0000;85.0000;267;265;302;0;0;17406
29103;272;0;0;237;247;230;109.0000;161.0000;85.0000;53.0000;7.0000;70.0000;1;0;0;0;0;0;2;122.0000;-2391.0000;85.0000;267;265;302;0;0;17406
29114;272;0;0;237;247;230;109.0000;161.0000;85.0000;53.0000;7.0000;70.0000;1;0;0;0;0;0;2;122.0000;-2391.0000;85.0000;267;265;302;0;0;17406
29126;272;0;0;237;247;230;115.0000;161.0000;85.0000;53.0000;7.0000;70.0000;1;0;0;0;0;0;2;98.0000;-2391.0000;85.0000;267;265;302;0;0;17406
29137;272;0;0;237;247;230;115.0000;161.0000;85.0000;53.0000;7.0000;70.0000;1;0;0;0;0;0;2;98.0000;-2391.0000;65.0000;267;265;302;0;0;17406
29149;272;0;0;237;247;230;115.0000;161.0000;85.0000;53.0000;7.0000;70.0000;1;0;0;0;0;0;2;98.0000;-2391.0000;65.0000;267;265;302;0;0;17406
29161;272;0;0;237;247;230;115.0000;161.0000;132.0000;53.0000;7.0000;70.0000;1;0;0;0;0;0;2;98.0000;-2391.0000;65.0000;267;265;302;0;0;17406
29171;272;0;0;237;247;230;115.0000;107.0000;132.0000;53.0000;7.0000;70.0000;1;0;0;0;0;0;2;98.0000;-2391.0000;65.0000;267;265;302;0;0;17406
29182;272;0;0;237;247;230;115.0000;107.0000;132.0000;53.0000;7.0000;70.0000;1;0;0;0;0;0;2;98.0000;-2391.0000;65.0000;267;265;302;0;0;17406
29192;272;0;0;237;247;230;115.0000;107.0000;132.0000;53.0000;7.0000;70.0000;1;0;0;0;0;0;2;98.0000;-2391.0000;65.0000;267;265;302;0;0;17406
29203;272;0;0;237;247;230;115.0000;107.0000;132.0000;53.0000;7.0000;70.0000;1;0;0;0;0;0;2;98.0000;-2391.0000;65.0000;267;265;302;0;0;17406
29213;272;0;0;237;247;230;115.0000;107.0000;132.0000;53.0000;7.0000;70.0000;1;0;0;0;0;0;2;98.0000;-2391.0000;65.0000;267;265;302;0;0;17406
29227;272;0;0;237;247;230;126.0000;107.0000;132.0000;53.0000;7.0000;70.0000;1;0;0;0;0;0;2;98.0000;-2391.0000;65.0000;267;265;302;0;0;17406
29237;272;0;0;237;247;230;126.0000;107.0000;132.0000;53.0000;7.0000;70.0000;1;0;0;0;0;0;2;65.0000;-2391.0000;112.0000;267;265;302;0;0;17406
29249;272;0;0;237;247;230;126.0000;107.0000;132.0000;53.0000;7.0000;70.0000;1;0;0;0;0;0;2;65.0000;-2391.0000;112.0000;267;265;302;0;0;17404
29259;272;0;0;237;247;230;126.0000;107.0000;135.0000;53.0000;7.0000;70.0000;1;0;0;0;0;0;2;65.0000;-2391.0000;112.0000;267;265;302;0;0;17376
29270;272;0;0;237;247;230;126.0000;134.0000;135.0000;53.0000;7.0000;70.0000;1;0;0;0;0;0;2;65.0000;-2391.0000;112.0000;267;265;302;0;0;17376
29280;272;0;0;237;247;230;126.0000;134.0000;135.0000;53.0000;7.0000;70.0000;1;0;0;0;0;0;2;65.0000;-2391.0000;112.0000;267;265;302;0;0;17376
29291;272;0;0;237;247;230;126.0000;134.0000;135.0000;53.0000;7.0000;70.0000;1;0;0;0;0;0;2;65.0000;-2391.0000;112.0000;267;265;302;0;0;17376
29301;272;0;0;237;247;230;126.0000;134.0000;135.0000;53.0000;7.0000;70.0000;1;0;0;0;0;0;2;65.0000;-2391.0000;112.0000;267;265;302;0;0;17376
29311;272;0;0;237;247;230;126.0000;134.0000;135.0000;53.0000;7.0000;70.0000;1;0;0;0;0;0;2;65.0000;-2391.0000;112.0000;267;265;302;0;0;17376
29322;272;0;0;237;247;230;126.0000;134.0000;135.0000;53.0000;7.0000;70.0000;1;0;0;0;0;0;2;65.0000;-2391.0000;112.0000;267;265;302;0;0;17376
29333;272;0;0;237;247;230;82.0000;134.0000;135.0000;53.0000;7.0000;70.0000;1;0;0;0;0;0;2;75.0000;-2391.0000;112.0000;267;265;302;0;0;17376
29344;272;0;0;237;247;230;82.0000;134.0000;135.0000;53.0000;7.0000;70.0000;1;0;0;0;0;0;2;75.0000;-2391.0000;75.0000;267;265;302;0;0;17376
29355;272;0;0;237;247;230;82.0000;134.0000;129.0000;55.0000;7.0000;70.0000;1;0;0;0;0;0;2;75.0000;-2391.0000;75.0000;267;265;302;0;0;17376
29366;272;0;0;237;247;230;82.0000;134.0000;129.0000;55.0000;7.0000;70.0000;1;0;0;0;0;0;2;75.0000;-2391.0000;75.0000;267;265;302;0;0;17380
29377;272;0;0;237;247;230;82.0000;161.0000;129.0000;55.0000;7.0000;70.0000;1;0;0;0;0;0;2;75.0000;-2391.0000;75.0000;267;265;302;0;0;17380
29387;272;0;0;237;247;230;82.0000;161.0000;129.0000;55.0000;7.0000;70.0000;1;0;0;0;0;0;2;75.0000;-2391.0000;75.0000;267;265;302;0;0;17380
29398;272;0;0;237;247;230;82.0000;161.0000;129.0000;55.0000;7.0000;70.0000;1;0;0;0;0;0;2;75.0000;-2391.0000;75.0000;267;265;302;0;0;17380
29408;272;0;0;237;247;230;82.0000;161.0000;129.0000;55.0000;7.0000;70.0000;1;0;0;0;0;0;2;75.0000;-2391.0000;75.0000;267;265;302;0;0;17380
29419;272;0;0;237;247;230;82.0000;161.0000;129.0000;55.0000;7.0000;70.0000;1;0;0;0;0;0;2;75.0000;-2391.0000;75.0000;267;265;302;0;0;17380
29429;272;0;0;237;247;230;105.0000;161.0000;129.0000;55.0000;7.0000;70.0000;1;0;0;0;0;0;2;128.0000;-2391.0000;75.0000;267;265;302;0;0;17380
29439;272;0;0;237;247;230;105.0000;161.0000;129.0000;55.0000;7.0000;70.0000;1;0;0;0;0;0;2;128.0000;-2391.0000;132.0000;267;265;302;0;0;17380
29450;272;0;0;237;247;230;105.0000;161.0000;129.0000;55.0000;7.0000;70.0000;1;0;0;0;0;0;2;128.0000;-2391.0000;132.0000;267;265;302;0;0;17380
29460;272;0;0;237;247;230;105.0000;161.0000;119.0000;55.0000;7.0000;70.0000;1;0;0;0;0;0;2;128.0000;-2391.0000;132.0000;267;265;302;0;0;17380
29472;272;0;0;237;247;230;105.0000;93.0000;119.0000;55.0000;7.0000;70.0000;1;0;0;0;0;0;2;128.0000;-2391.0000;132.0000;267;265;302;0;0;17396
29490;272;0;0;237;247;230;105.0000;93.0000;119.0000;55.0000;7.0000;70.0000;1;0;0;0;0;0;2;128.0000;-2391.0000;132.0000;267;265;302;0;0;17396
29501;272;0;0;237;247;230;105.0000;93.0000;119.0000;55.0000;7.0000;70.0000;1;0;0;0;0;0;2;128.0000;-2391.0000;132.0000;267;265;302;0;0;17396
29511;272;0;0;237;247;230;105.0000;93.0000;119.0000;55.0000;7.0000;70.0000;1;0;0;0;0;0;2;128.0000;-2391.0000;132.0000;267;265;302;0;0;17396
29521;272;0;0;237;247;230;105.0000;93.0000;119.0000;55.0000;7.0000;70.0000;1;0;0;0;0;0;2;128.0000;-2391.0000;132.0000;267;265;302;0;0;17396
29532;272;0;0;237;247;230;105.0000;93.0000;119.0000;55.0000;7.0000;70.0000;1;0;0;0;0;0;2;58.0000;-2391.0000;132.0000;267;265;302;0;0;17396
29543;272;0;0;237;247;230;112.0000;93.0000;119.0000;55.0000;7.0000;70.0000;1;0;0;0;0;0;2;58.0000;-2391.0000;129.0000;267;265;302;0;0;17396
29554;272;0;0;237;247;230;112.0000;93.0000;112.0000;55.0000;7.0000;70.0000;1;0;0;0;0;0;2;58.0000;-2391.0000;129.0000;267;265;302;0;0;17396
29564;272;0;0;237;247;230;112.0000;93.0000;112.0000;55.0000;7.0000;70.0000;1;0;0;0;0;0;2;58.0000;-2391.0000;129.0000;267;265;302;0;0;17396
29575;272;0;0;237;247;230;112.0000;13.0000;112.0000;55.0000;7.0000;70.0000;1;0;0;0;0;0;2;58.0000;-2391.0000;129.0000;267;265;302;0;0;17396
29586;272;0;0;237;247;230;112.0000;13.0000;112.0000;55.0000;7.0000;70.0000;1;0;0;0;0;0;2;58.0000;-2391.0000;129.0000;267;265;302;0;0;17406
29596;272;0;0;237;247;230;112.0000;13.0000;112.0000;55.0000;7.0000;70.0000;1;0;0;0;0;0;2;58.0000;-2391.0000;129.0000;267;265;302;0;0;17406
29607;272;0;0;237;247;230;112.0000;13.0000;112.0000;55.0000;7.0000;70.0000;1;0;0;0;0;0;2;58.0000;-2391.0000;129.0000;267;265;302;0;0;17406
29617;272;0;0;237;247;230;112.0000;13.0000;112.0000;55.0000;7.0000;70.0000;1;0;0;0;0;0;2;58.0000;-2391.0000;129.0000;267;265;302;0;0;17406
29627;272;0;0;237;247;230;112.0000;13.0000;112.0000;55.0000;7.0000;70.0000;1;0;0;0;0;0;2;78.0000;-2391.0000;129.0000;267;265;302;0;0;17406
29638;272;0;0;237;247;230;109.0000;13.0000;112.0000;55.0000;7.0000;70.0000;1;0;0;0;0;0;2;78.0000;-2391.0000;129.0000;267;265;302;0;0;17406
29649;272;0;0;237;247;230;109.0000;13.0000;112.0000;55.0000;7.0000;70.0000;1;0;0;0;0;0;2;78.0000;-2391.0000;72.0000;267;265;302;0;0;17406
29660;272;0;0;237;247;230;109.0000;13.0000;122.0000;55.0000;7.0000;70.0000;1;0;0;0;0;0;2;78.0000;-2391.0000;72.0000;267;265;302;0;0;17406
29672;272;0;0;237;247;230;109.0000;147.0000;122.0000;55.0000;7.0000;70.0000;1;0;0;0;0;0;2;78.0000;-2391.0000;72.0000;267;265;302;0;0;17406
29683;272;0;0;237;247;230;109.0000;147.0000;122.0000;55.0000;7.0000;70.0000;1;0;0;0;0;0;2;78.0000;-2391.0000;72.0000;267;265;302;0;0;17406
29693;272;0;0;237;247;230;109.0000;147.0000;122.0000;55.0000;7.0000;70.0000;1;0;0;0;0;0;2;78.0000;-2391.0000;72.0000;267;265;302;0;0;17406
29703;272;0;0;237;247;230;109.0000;147.0000;122.0000;55.0000;7.0000;70.0000;1;0;0;0;0;0;2;78.0000;-2391.0000;72.0000;267;265;302;0;0;17406
29714;272;0;0;237;247;230;109.0000;147.0000;122.0000;55.0000;7.0000;70.0000;1;0;0;0;0;0;2;78.0000;-2391.0000;72.0000;267;265;302;0;0;17406
29724;272;0;0;237;247;230;109.0000;147.0000;122.0000;55.0000;7.0000;70.0000;1;0;0;0;0;0;2;78.0000;-2391.0000;72.0000;267;265;302;0;0;17406
29734;272;0;0;237;247;230;112.0000;147.0000;122.0000;55.0000;7.0000;70.0000;1;0;0;0;0;0;2;125.0000;-2391.0000;72.0000;267;265;302;0;0;17406
29745;272;0;0;237;247;230;112.0000;147.0000;122.0000;55.0000;7.0000;70.0000;1;0;0;0;0;0;2;125.0000;-2391.0000;72.0000;267;265;302;0;0;17406
29756;272;0;0;237;247;230;112.0000;147.0000;88.0000;55.0000;7.0000;70.0000;1;0;0;0;0;0;2;125.0000;-2391.0000;72.0000;267;265;302;0;0;17406
29766;272;0;0;237;247;230;112.0000;147.0000;88.0000;55.0000;7.0000;70.0000;1;0;0;0;0;0;2;125.0000;-2391.0000;72.0000;267;265;302;0;0;17406
29777;272;0;0;237;247;230;112.0000;161.0000;88.0000;55.0000;7.0000;70.0000;1;0;0;0;0;0;2;125.0000;-2391.0000;72.0000;267;265;302;0;0;17406
29787;272;0;0;237;247;230;112.0000;161.0000;88.0000;55.0000;7.0000;70.0000;1;0;0;0;0;0;2;125.0000;-2391.0000;72.0000;267;265;302;0;0;17406
29798;272;0;0;237;247;230;112.0000;161.0000;88.0000;55.0000;7.0000;70.0000;1;0;0;0;0;0;2;125.0000;-2391.0000;72.0000;267;265;302;0;0;17406
29808;272;0;0;237;247;230;112.0000;161.0000;88.0000;55.0000;7.0000;70.0000;1;0;0;0;0;0;2;125.0000;-2391.0000;72.0000;267;265;302;0;0;17406
29818;272;0;0;237;247;230;112.0000;161.0000;88.0000;55.0000;7.0000;70.0000;1;0;0;0;0;0;2;125.0000;-2391.0000;72.0000;267;265;302;0;0;17406
29829;272;0;0;237;247;230;112.0000;161.0000;88.0000;55.0000;7.0000;70.0000;1;0;0;0;0;0;2;135.0000;-2391.0000;72.0000;267;265;302;0;0;17406
29839;272;0;0;237;247;230;119.0000;161.0000;88.0000;55.0000;7.0000;70.0000;1;0;0;0;0;0;2;135.0000;-2391.0000;72.0000;267;265;302;0;0;17406
29850;272;0;0;237;247;230;119.0000;161.0000;88.0000;55.0000;7.0000;70.0000;1;0;0;0;0;0;2;135.0000;-2391.0000;72.0000;267;265;302;0;0;17406
29860;272;0;0;237;247;230;119.0000;161.0000;132.0000;55.0000;7.0000;70.0000;1;0;0;0;0;0;2;135.0000;-2391.0000;72.0000;267;265;302;0;0;17406
29871;272;0;0;237;247;230;119.0000;161.0000;132.0000;55.0000;7.0000;70.0000;1;0;0;0;0;0;2;135.0000;-2391.0000;72.0000;267;265;302;0;0;17406
29881;272;0;0;237;247;230;119.0000;-13.0000;132.0000;55.0000;7.0000;70.0000;1;0;0;0;0;0;2;135.0000;-2391.0000;72.0000;267;265;302;0;0;17406
29892;272;0;0;237;247;230;119.0000;-13.0000;132.0000;55.0000;7.0000;70.0000;1;0;0;0;0;0;2;135.0000;-2391.0000;72.0000;267;265;302;0;0;17406
29902;272;0;0;237;247;230;119.0000;-13.0000;132.0000;55.0000;7.0000;70.0000;1;0;0;0;0;0;2;135.0000;-2391.0000;72.0000;267;265;302;0;0;17406
29913;272;0;0;237;247;230;119.0000;-13.0000;132.0000;55.0000;7.0000;70.0000;1;0;0;0;0;0;2;135.0000;-2391.0000;72.0000;267;265;302;0;0;17406
29923;272;0;0;237;247;230;119.0000;-13.0000;132.0000;55.0000;7.0000;70.0000;1;0;0;0;0;0;2;135.0000;-2391.0000;72.0000;267;265;302;0;0;17406
29934;272;0;0;237;247;230;119.0000;-13.0000;132.0000;55.0000;7.0000;70.0000;1;0;0;0;0;0;2;75.0000;-2391.0000;72.0000;267;265;302;0;0;17406
29944;272;0;0;237;247;230;109.0000;-13.0000;132.0000;55.0000;7.0000;70.0000;1;0;0;0;0;0;2;75.0000;-2391.0000;129.0000;267;265;302;0;0;17406
29956;272;0;0;237;247;230;109.0000;-13.0000;132.0000;55.0000;7.0000;70.0000;1;0;0;0;0;0;2;75.0000;-2391.0000;129.0000;267;265;302;0;0;17406
29966;272;0;0;237;247;230;109.0000;-13.0000;122.0000;55.0000;7.0000;70.0000;1;0;0;0;0;0;2;75.0000;-2391.0000;129.0000;267;265;302;0;0;17406
29976;272;0;0;237;247;230;109.0000;161.0000;122.0000;55.0000;7.0000;70.0000;1;0;0;0;0;0;2;75.0000;-2391.0000;129.0000;267;265;302;0;0;17406
29987;272;0;0;237;247;230;109.0000;161.0000;122.0000;55.0000;7.0000;70.0000;1;0;0;0;0;0;2;75.0000;-2391.0000;129.0000;267;265;302;0;0;17406
29998;272;0;0;237;247;230;109.0000;161.0000;122.0000;55.0000;7.0000;70.0000;1;0;0;0;0;0;2;75.0000;-2391.0000;129.0000;267;265;302;0;0;17406
30008;272;0;0;237;247;230;109.0000;161.0000;122.0000;55.0000;7.0000;70.0000;1;0;0;0;0;0;2;75.0000;-2391.0000;129.0000;267;265;302;0;0;17406
30019;272;0;0;237;247;230;109.0000;161.0000;122.0000;55.0000;7.0000;70.0000;1;0;0;0;0;0;2;75.0000;-2391.0000;129.0000;267;265;302;0;0;17406
30030;272;0;0;237;247;230;109.0000;161.0000;122.0000;55.0000;7.0000;70.0000;1;0;0;0;0;0;2;125.0000;-2391.0000;129.0000;267;265;302;0;0;17406
30050;272;0;0;237;247;230;92.0000;161.0000;122.0000;55.0000;7.0000;70.0000;1;0;0;0;0;0;2;125.0000;-2391.0000;135.0000;267;265;302;0;0;17406
30061;272;0;0;237;247;230;92.0000;161.0000;132.0000;55.0000;7.0000;70.0000;1;0;0;0;0;0;2;125.0000;-2391.0000;135.0000;267;265;302;0;0;17406
30071;272;0;0;237;247;230;92.0000;161.0000;132.0000;55.0000;7.0000;70.0000;1;0;0;0;0;0;2;125.0000;-2391.0000;135.0000;267;265;302;0;0;17406
30082;272;0;0;237;247;230;92.0000;161.0000;132.0000;55.0000;7.0000;70.0000;1;0;0;0;0;0;2;125.0000;-2391.0000;135.0000;267;265;302;0;0;17406
30092;272;0;0;237;247;230;92.0000;161.0000;132.0000;55.0000;7.0000;70.0000;1;0;0;0;0;0;2;125.0000;-2391.0000;135.0000;267;265;302;0;0;17406
30102;272;0;0;237;247;230;92.0000;161.0000;132.0000;55.0000;7.0000;70.0000;1;0;0;0;0;0;2;125.0000;-2391.0000;135.0000;267;265;302;0;0;17406
30113;272;0;0;237;247;230;92.0000;161.0000;132.0000;55.0000;7.0000;70.0000;1;0;0;0;0;0;2;125.0000;-2391.0000;135.0000;267;265;302;0;0;17406
30125;272;0;0;237;247;230;92.0000;161.0000;132.0000;55.0000;7.0000;70.0000;1;0;0;0;0;0;2;125.0000;-2391.0000;135.0000;267;265;302;0;0;17406
30136;272;0;0;237;247;230;92.0000;161.0000;132.0000;55.0000;7.0000;70.0000;1;0;0;0;0;0;2;75.0000;-2391.0000;135.0000;267;265;302;0;0;17406
30146;272;0;0;237;247;230;119.0000;161.0000;132.0000;55.0000;7.0000;70.0000;1;0;0;0;0;0;2;75.0000;-2391.0000;122.0000;267;265;302;0;0;17406
30159;272;0;0;237;247;230;119.0000;161.0000;132.0000;55.0000;7.0000;70.0000;1;0;0;0;0;0;2;75.0000;-2391.0000;122.0000;267;265;302;0;0;17406
30170;272;0;0;237;247;230;119.0000;161.0000;115.0000;55.0000;7.0000;70.0000;1;0;0;0;0;0;2;75.0000;-2391.0000;122.0000;267;265;302;0;0;17406
30181;272;0;0;237;247;230;119.0000;161.0000;115.0000;55.0000;7.0000;70.0000;1;0;0;0;0;0;2;75.0000;-2391.0000;122.0000;267;265;302;0;0;17406
30191;272;0;0;237;247;230;119.0000;-26.0000;115.0000;55.0000;7.0000;70.0000;1;0;0;0;0;0;2;75.0000;-2391.0000;122.0000;267;265;302;0;0;17406
30202;272;0;0;237;247;230;119.0000;-26.0000;115.0000;55.0000;7.0000;70.0000;1;0;0;0;0;0;2;75.0000;-2391.0000;122.0000;267;265;302;0;0;17406
30213;272;0;0;237;247;230;119.0000;-26.0000;115.0000;55.0000;7.0000;70.0000;1;0;0;0;0;0;2;75.0000;-2391.0000;122.0000;267;265;302;0;0;17406
30223;272;0;0;237;247;230;119.0000;-26.0000;115.0000;55.0000;7.0000;70.0000;1;0;0;0;0;0;2;75.0000;-2391.0000;122.0000;267;265;302;0;0;17406
30233;272;0;0;237;247;230;119.0000;-26.0000;115.0000;55.0000;7.0000;70.0000;1;0;0;0;0;0;2;122.0000;-2391.0000;122.0000;267;265;302;0;0;17406
30244;272;0;0;237;247;230;119.0000;-26.0000;115.0000;55.0000;7.0000;70.0000;1;0;0;0;0;0;2;122.0000;-2391.0000;129.0000;267;265;302;0;0;17406
30254;272;0;0;237;247;230;119.0000;-26.0000;115.0000;55.0000;7.0000;70.0000;1;0;0;0;0;0;2;122.0000;-2391.0000;129.0000;267;265;302;0;0;17406
30265;272;0;0;237;247;230;119.0000;-26.0000;122.0000;55.0000;7.0000;70.0000;1;0;0;0;0;0;2;122.0000;-2391.0000;129.0000;267;265;302;0;0;17406
30276;272;0;0;237;247;230;119.0000;-26.0000;122.0000;55.0000;7.0000;70.0000;1;0;0;0;0;0;2;122.0000;-2391.0000;129.0000;267;265;302;0;0;17406
30286;272;0;0;237;247;230;119.0000;107.0000;122.0000;55.0000;7.0000;70.0000;1;0;0;0;0;0;2;122.0000;-2391.0000;129.0000;267;265;302;0;0;17406
30297;272;0;0;237;247;230;119.0000;107.0000;122.0000;55.0000;7.0000;70.0000;1;0;0;0;0;0;2;122.0000;-2391.0000;129.0000;267;265;302;0;0;17400
30307;272;0;0;237;247;230;119.0000;107.0000;122.0000;55.0000;7.0000;70.0000;1;0;0;0;0;0;2;122.0000;-2391.0000;129.0000;267;265;302;0;0;17376
30318;272;0;0;237;247;230;119.0000;107.0000;122.0000;55.0000;7.0000;70.0000;1;0;0;0;0;0;2;122.0000;-2391.0000;129.0000;267;265;302;0;0;17376
30328;272;0;0;237;247;230;119.0000;107.0000;122.0000;55.0000;7.0000;70.0000;1;0;0;0;0;0;2;122.0000;-2391.0000;129.0000;267;265;302;0;0;17376
30339;272;0;0;237;247;230;85.0000;107.0000;122.0000;55.0000;7.0000;70.0000;1;0;0;0;0;0;2;78.0000;-2391.0000;129.0000;267;265;302;0;0;17376
30350;272;0;0;237;247;230;85.0000;107.0000;122.0000;55.0000;7.0000;70.0000;1;0;0;0;0;0;2;78.0000;-2391.0000;92.0000;267;265;302;0;0;17376
30363;272;0;0;237;247;230;85.0000;107.0000;122.0000;55.0000;7.0000;70.0000;1;0;0;0;0;0;2;78.0000;-2391.0000;92.0000;267;265;302;0;0;17376
30373;272;0;0;237;247;230;85.0000;107.0000;108.0000;55.0000;7.0000;70.0000;1;0;0;0;0;0;2;78.0000;-2391.0000;92.0000;267;265;302;0;0;17376
30384;272;0;0;237;247;230;85.0000;147.0000;108.0000;55.0000;7.0000;70.0000;1;0;0;0;0;0;2;78.0000;-2391.0000;92.0000;267;265;302;0;0;17376
30394;272;0;0;237;247;230;85.0000;147.0000;108.0000;55.0000;7.0000;70.0000;1;0;0;0;0;0;2;78.0000;-2391.0000;92.0000;267;265;302;0;0;17376
30405;272;0;0;237;247;230;85.0000;147.0000;108.0000;55.0000;7.0000;70.0000;1;0;0;0;0;0;2;78.0000;-2391.0000;92.0000;267;265;302;0;0;17380
30415;272;0;0;237;247;230;85.0000;147.0000;108.0000;55.0000;7.0000;70.0000;1;0;0;0;0;0;2;78.0000;-2391.0000;92.0000;267;265;302;0;0;17380
30426;272;0;0;237;247;230;85.0000;147.0000;108.0000;55.0000;7.0000;70.0000;1;0;0;0;0;0;2;78.0000;-2391.0000;92.0000;267;265;302;0;0;17380
30437;272;0;0;237;247;230;85.0000;147.0000;108.0000;55.0000;7.0000;70.0000;1;0;0;0;0;0;2;85.0000;-2391.0000;92.0000;267;265;302;0;0;17380
30447;272;0;0;237;247;230;132.0000;147.0000;108.0000;55.0000;7.0000;70.0000;1;0;0;0;0;0;2;85.0000;-2391.0000;125.0000;267;265;302;0;0;17380
30457;272;0;0;237;247;230;132.0000;147.0000;108.0000;55.0000;7.0000;70.0000;1;0;0;0;0;0;2;85.0000;-2391.0000;125.0000;267;265;302;0;0;17380
30468;272;0;0;237;247;230;132.0000;147.0000;102.0000;55.0000;7.0000;70.0000;1;0;0;0;0;0;2;85.0000;-2391.0000;125.0000;267;265;302;0;0;17380
30479;272;0;0;237;247;230;132.0000;147.0000;102.0000;55.0000;7.0000;70.0000;1;0;0;0;0;0;2;85.0000;-2391.0000;125.0000;267;265;302;0;0;17380
30489;272;0;0;237;247;230;132.0000;26.0000;102.0000;55.0000;7.0000;70.0000;1;0;0;0;0;0;2;85.0000;-2391.0000;125.0000;267;265;302;0;0;17380
30500;272;0;0;237;247;230;132.0000;26.0000;102.0000;55.0000;7.0000;70.0000;1;0;0;0;0;0;2;85.0000;-2391.0000;125.0000;267;265;302;0;0;17380
30516;272;0;0;237;247;230;132.0000;26.0000;102.0000;55.0000;7.0000;70.0000;1;0;0;0;0;0;2;85.0000;-2391.0000;125.0000;267;265;302;0;0;17396
30527;272;0;0;237;247;230;132.0000;26.0000;102.0000;55.0000;7.0000;70.0000;1;0;0;0;0;0;2;85.0000;-2391.0000;125.0000;267;265;302;0;0;17396
30537;272;0;0;237;247;230;132.0000;26.0000;102.0000;55.0000;7.0000;70.0000;1;0;0;0;0;0;2;65.0000;-2391.0000;125.0000;267;265;302;0;0;17396
30548;272;0;0;237;247;230;85.0000;26.0000;102.0000;55.0000;7.0000;70.0000;1;0;0;0;0;0;2;65.0000;-2391.0000;92.0000;267;265;302;0;0;17396
30558;272;0;0;237;247;230;85.0000;26.0000;102.0000;55.0000;7.0000;70.0000;1;0;0;0;0;0;2;65.0000;-2391.0000;92.0000;267;265;302;0;0;17396
30569;272;0;0;237;247;230;85.0000;26.0000;122.0000;55.0000;7.0000;70.0000;1;0;0;0;0;0;2;65.0000;-2391.0000;92.0000;267;265;302;0;0;17396
30580;272;0;0;237;247;230;85.0000;26.0000;122.0000;55.0000;7.0000;70.0000;1;0;0;0;0;0;2;65.0000;-2391.0000;92.0000;267;265;302;0;0;17396
30591;272;0;0;237;247;230;85.0000;134.0000;122.0000;55.0000;7.0000;70.0000;1;0;0;0;0;0;2;65.0000;-2391.0000;92.0000;267;265;302;0;0;17396
30601;272;0;0;237;247;230;85.0000;134.0000;122.0000;55.0000;7.0000;70.0000;1;0;0;0;0;0;2;65.0000;-2391.0000;92.0000;267;265;302;0;0;17396
30612;272;0;0;237;247;230;85.0000;134.0000;122.0000;55.0000;7.0000;70.0000;1;0;0;0;0;0;2;65.0000;-2391.0000;92.0000;267;265;302;0;0;17406
30622;272;0;0;237;247;230;85.0000;134.0000;122.0000;55.0000;7.0000;70.0000;1;0;0;0;0;0;2;65.0000;-2391.0000;92.0000;267;265;302;0;0;17406
30633;272;0;0;237;247;230;85.0000;134.0000;122.0000;55.0000;7.0000;70.0000;1;0;0;0;0;0;2;75.0000;-2391.0000;92.0000;267;265;302;0;0;17406
30645;272;0;0;237;247;230;119.0000;134.0000;122.0000;55.0000;7.0000;70.0000;1;0;0;0;0;0;2;75.0000;-2391.0000;92.0000;267;265;302;0;0;17406
30655;272;0;0;237;247;230;119.0000;134.0000;122.0000;55.0000;7.0000;70.0000;1;0;0;0;0;0;2;75.0000;-2391.0000;85.0000;267;265;302;0;0;17406
30666;272;0;0;237;247;230;119.0000;134.0000;115.0000;55.0000;7.0000;70.0000;1;0;0;0;0;0;2;75.0000;-2391.0000;85.0000;267;265;302;0;0;17406
30676;272;0;0;237;247;230;119.0000;134.0000;115.0000;55.0000;7.0000;70.0000;1;0;0;0;0;0;2;75.0000;-2391.0000;85.0000;267;265;302;0;0;17406
30687;272;0;0;237;247;230;119.0000;-26.0000;115.0000;55.0000;7.0000;70.0000;1;0;0;0;0;0;2;75.0000;-2391.0000;85.0000;267;265;302;0;0;17406
30697;272;0;0;237;247;230;119.0000;-26.0000;115.0000;55.0000;7.0000;70.0000;1;0;0;0;0;0;2;75.0000;-2391.0000;85.0000;267;265;302;0;0;17406
30708;272;0;0;237;247;230;119.0000;-26.0000;115.0000;55.0000;7.0000;70.0000;1;0;0;0;0;0;2;75.0000;-2391.0000;85.0000;267;265;302;0;0;17406
30718;272;0;0;237;247;230;119.0000;-26.0000;115.0000;55.0000;7.0000;70.0000;1;0;0;0;0;0;2;75.0000;-2391.0000;85.0000;267;265;302;0;0;17406
30728;272;0;0;237;247;230;119.0000;-26.0000;115.0000;55.0000;7.0000;70.0000;1;0;0;0;0;0;2;75.0000;-2391.0000;85.0000;267;265;302;0;0;17406
30739;272;0;0;237;247;230;119.0000;-26.0000;115.0000;55.0000;7.0000;70.0000;1;0;0;0;0;0;2;78.0000;-2391.0000;85.0000;267;265;302;0;0;17406
30750;272;0;0;237;247;230;115.0000;-26.0000;115.0000;55.0000;7.0000;70.0000;1;0;0;0;0;0;2;78.0000;-2391.0000;68.0000;267;265;302;0;0;17406
30761;272;0;0;237;247;230;115.0000;-26.0000;115.0000;55.0000;7.0000;70.0000;1;0;0;0;0;0;2;78.0000;-2391.0000;68.0000;267;265;302;0;0;17406
30771;272;0;0;237;247;230;115.0000;-26.0000;85.0000;55.0000;7.0000;70.0000;1;0;0;0;0;0;2;78.0000;-2391.0000;68.0000;267;265;302;0;0;17406
30782;272;0;0;237;247;230;115.0000;-26.0000;85.0000;55.0000;7.0000;70.0000;1;0;0;0;0;0;2;78.0000;-2391.0000;68.0000;267;265;302;0;0;17406
30800;272;0;0;237;247;230;115.0000;13.0000;85.0000;55.0000;7.0000;70.0000;1;0;0;0;0;0;2;78.0000;-2391.0000;68.0000;267;265;302;0;0;17406
30810;272;0;0;237;247;230;115.0000;13.0000;85.0000;55.0000;7.0000;70.0000;1;0;0;0;0;0;2;78.0000;-2391.0000;68.0000;267;265;302;0;0;17406
30821;272;0;0;237;247;230;115.0000;13.0000;85.0000;55.0000;7.0000;70.0000;1;0;0;0;0;0;2;78.0000;-2391.0000;68.0000;267;265;302;0;0;17406
30831;272;0;0;237;247;230;115.0000;13.0000;85.0000;55.0000;7.0000;70.0000;1;0;0;0;0;0;2;78.0000;-2391.0000;68.0000;267;265;302;0;0;17406
30843;272;0;0;237;247;230;85.0000;13.0000;85.0000;55.0000;7.0000;70.0000;1;0;0;0;0;0;2;112.0000;-2391.0000;68.0000;267;265;302;0;0;17406
30854;272;0;0;237;247;230;85.0000;13.0000;85.0000;55.0000;7.0000;70.0000;1;0;0;0;0;0;2;112.0000;-2391.0000;82.0000;267;265;302;0;0;17406
30865;272;0;0;237;247;230;85.0000;13.0000;102.0000;55.0000;7.0000;70.0000;1;0;0;0;0;0;2;112.0000;-2391.0000;82.0000;267;265;302;0;0;17406
30876;272;0;0;237;247;230;85.0000;13.0000;102.0000;55.0000;7.0000;70.0000;1;0;0;0;0;0;2;112.0000;-2391.0000;82.0000;267;265;302;0;0;17406
30886;272;0;0;237;247;230;85.0000;147.0000;102.0000;55.0000;7.0000;70.0000;1;0;0;0;0;0;2;112.0000;-2391.0000;82.0000;267;265;302;0;0;17406
30897;272;0;0;237;247;230;85.0000;147.0000;102.0000;55.0000;7.0000;70.0000;1;0;0;0;0;0;2;112.0000;-2391.0000;82.0000;267;265;302;0;0;17406
30907;272;0;0;237;247;230;85.0000;147.0000;102.0000;55.0000;7.0000;70.0000;1;0;0;0;0;0;2;112.0000;-2391.0000;82.0000;267;265;302;0;0;17406
30919;272;0;0;237;247;230;85.0000;147.0000;102.0000;55.0000;7.0000;70.0000;1;0;0;0;0;0;2;112.0000;-2391.0000;82.0000;267;265;302;0;0;17406
30929;272;0;0;237;247;230;85.0000;147.0000;102.0000;55.0000;7.0000;70.0000;1;0;0;0;0;0;2;112.0000;-2391.0000;82.0000;267;265;302;0;0;17406
30940;272;0;0;237;247;230;85.0000;147.0000;102.0000;55.0000;7.0000;70.0000;1;0;0;0;0;0;2;118.0000;-2391.0000;82.0000;267;265;302;0;0;17406
30950;272;0;0;237;247;230;99.0000;147.0000;102.0000;55.0000;7.0000;70.0000;1;0;0;0;0;0;2;118.0000;-2391.0000;75.0000;267;265;302;0;0;17406
30969;272;0;0;237;247;230;99.0000;147.0000;102.0000;55.0000;7.0000;70.0000;1;0;0;0;0;0;2;118.0000;-2391.0000;75.0000;267;265;302;0;0;17406
30980;272;0;0;237;247;230;99.0000;147.0000;129.0000;55.0000;7.0000;70.0000;1;0;0;0;0;0;2;118.0000;-2391.0000;75.0000;267;265;302;0;0;17406
30990;272;0;0;237;247;230;99.0000;161.0000;129.0000;55.0000;7.0000;70.0000;1;0;0;0;0;0;2;118.0000;-2391.0000;75.0000;267;265;302;0;0;17406
31001;272;0;0;237;247;230;99.0000;161.0000;129.0000;55.0000;7.0000;70.0000;1;0;0;0;0;0;2;118.0000;-2391.0000;75.0000;267;265;302;0;0;17406
31011;272;0;0;237;247;230;99.0000;161.0000;129.0000;55.0000;7.0000;70.0000;1;0;0;0;0;0;2;118.0000;-2391.0000;75.0000;267;265;302;0;0;17406
31027;272;0;0;237;247;230;99.0000;161.0000;129.0000;55.0000;7.0000;70.0000;1;0;0;0;0;0;2;118.0000;-2391.0000;75.0000;267;265;302;0;0;17406
31038;272;0;0;237;247;230;99.0000;161.0000;129.0000;55.0000;7.0000;70.0000;1;0;0;0;0;0;2;68.0000;-2391.0000;75.0000;267;265;302;0;0;17406
31049;272;0;0;237;247;230;112.0000;161.0000;129.0000;55.0000;7.0000;70.0000;1;0;0;0;0;0;2;68.0000;-2391.0000;72.0000;267;265;302;0;0;17406
31059;272;0;0;237;247;230;112.0000;161.0000;129.0000;55.0000;7.0000;70.0000;1;0;0;0;0;0;2;68.0000;-2391.0000;72.0000;267;265;302;0;0;17406
31070;272;0;0;237;247;230;112.0000;161.0000;129.0000;55.0000;7.0000;70.0000;1;0;0;0;0;0;2;68.0000;-2391.0000;72.0000;267;265;302;0;0;17406
31081;272;0;0;237;247;230;112.0000;161.0000;132.0000;55.0000;7.0000;70.0000;1;0;0;0;0;0;2;68.0000;-2391.0000;72.0000;267;265;302;0;0;17406
31092;272;0;0;237;247;230;112.0000;161.0000;132.0000;55.0000;7.0000;70.0000;1;0;0;0;0;0;2;68.0000;-2391.0000;72.0000;267;265;302;0;0;17406
31103;272;0;0;237;247;230;112.0000;0.0000;132.0000;55.0000;7.0000;70.0000;1;0;0;0;0;0;2;68.0000;-2391.0000;72.0000;267;265;302;0;0;17406
31113;272;0;0;237;247;230;112.0000;0.0000;132.0000;55.0000;7.0000;70.0000;1;0;0;0;0;0;2;68.0000;-2391.0000;72.0000;267;265;302;0;0;17406
31124;272;0;0;237;247;230;112.0000;0.0000;132.0000;55.0000;7.0000;70.0000;1;0;0;0;0;0;2;68.0000;-2391.0000;72.0000;267;265;302;0;0;17406
31136;272;0;0;237;247;230;112.0000;0.0000;132.0000;55.0000;7.0000;70.0000;1;0;0;0;0;0;2;68.0000;-2391.0000;72.0000;267;265;302;0;0;17406
31148;272;0;0;237;247;230;112.0000;0.0000;132.0000;55.0000;7.0000;70.0000;1;0;0;0;0;0;2;68.0000;-2391.0000;72.0000;267;265;302;0;0;17406
31158;272;0;0;237;247;230;75.0000;0.0000;132.0000;55.0000;7.0000;70.0000;1;0;0;0;0;0;2;125.0000;-2391.0000;122.0000;267;265;302;0;0;17406
31169;272;0;0;237;247;230;75.0000;0.0000;132.0000;55.0000;7.0000;70.0000;1;0;0;0;0;0;2;125.0000;-2391.0000;122.0000;267;265;302;0;0;17406
31182;272;0;0;237;247;230;75.0000;0.0000;132.0000;55.0000;7.0000;70.0000;1;0;0;0;0;0;2;125.0000;-2391.0000;122.0000;267;265;302;0;0;17406
31193;272;0;0;237;247;230;75.0000;0.0000;92.0000;55.0000;7.0000;70.0000;1;0;0;0;0;0;2;125.0000;-2391.0000;122.0000;267;265;302;0;0;17406
31204;272;0;0;237;247;230;75.0000;-26.0000;92.0000;55.0000;7.0000;70.0000;1;0;0;0;0;0;2;125.0000;-2391.0000;122.0000;267;265;302;0;0;17406
31215;272;0;0;237;247;230;75.0000;-26.0000;92.0000;55.0000;7.0000;70.0000;1;0;0;0;0;0;2;125.0000;-2391.0000;122.0000;267;265;302;0;0;17406
31225;272;0;0;237;247;230;75.0000;-26.0000;92.0000;55.0000;7.0000;70.0000;1;0;0;0;0;0;2;125.0000;-2391.0000;122.0000;267;265;302;0;0;17406
31238;272;0;0;237;247;230;75.0000;-26.0000;92.0000;55.0000;7.0000;70.0000;1;0;0;0;0;0;2;125.0000;-2391.0000;122.0000;267;265;302;0;0;17406
31251;272;0;0;237;247;230;75.0000;-26.0000;92.0000;55.0000;7.0000;70.0000;1;0;0;0;0;0;2;75.0000;-2391.0000;122.0000;267;265;302;0;0;17406
31262;272;0;0;237;247;230;95.0000;-26.0000;92.0000;55.0000;7.0000;70.0000;1;0;0;0;0;0;2;75.0000;-2391.0000;102.0000;267;265;302;0;0;17406
31272;272;0;0;237;247;230;95.0000;-26.0000;92.0000;55.0000;7.0000;70.0000;1;0;0;0;0;0;2;75.0000;-2391.0000;102.0000;267;265;302;0;0;17406
31283;272;0;0;237;247;230;95.0000;-26.0000;129.0000;55.0000;7.0000;70.0000;1;0;0;0;0;0;2;75.0000;-2391.0000;102.0000;267;265;302;0;0;17406
31293;272;0;0;237;247;230;95.0000;-26.0000;129.0000;55.0000;7.0000;70.0000;1;0;0;0;0;0;2;75.0000;-2391.0000;102.0000;267;265;302;0;0;17406
31304;272;0;0;237;247;230;95.0000;53.0000;129.0000;55.0000;7.0000;70.0000;1;0;0;0;0;0;2;75.0000;-2391.0000;102.0000;267;265;302;0;0;17406
31314;272;0;0;237;247;230;95.0000;53.0000;129.0000;55.0000;7.0000;70.0000;1;0;0;0;0;0;2;75.0000;-2391.0000;102.0000;267;265;302;0;0;17406
31326;272;0;0;237;247;230;95.0000;53.0000;129.0000;55.0000;7.0000;70.0000;1;0;0;0;0;0;2;75.0000;-2391.0000;102.0000;267;265;302;0;0;17406
31338;272;0;0;237;247;230;95.0000;53.0000;129.0000;55.0000;7.0000;70.0000;1;0;0;0;0;0;2;85.0000;-2391.0000;102.0000;267;265;302;0;0;17406
31349;272;0;0;237;247;230;95.0000;53.0000;129.0000;55.0000;7.0000;70.0000;1;0;0;0;0;0;2;85.0000;-2391.0000;112.0000;267;265;302;0;0;17380
31364;272;0;0;237;247;230;95.0000;53.0000;129.0000;55.0000;7.0000;70.0000;1;0;0;0;0;0;2;85.0000;-2391.0000;112.0000;267;265;302;0;0;17380
31375;272;0;0;237;247;230;129.0000;53.0000;129.0000;100.0000;7.0000;70.0000;1;0;0;0;0;0;2;85.0000;-2391.0000;112.0000;267;265;302;0;0;17380
31387;272;0;0;237;247;230;129.0000;53.0000;122.0000;100.0000;7.0000;70.0000;1;0;0;0;0;0;2;85.0000;-2391.0000;112.0000;267;265;302;0;0;17380
31400;272;0;0;237;247;230;129.0000;53.0000;122.0000;100.0000;7.0000;70.0000;1;0;0;0;0;0;2;85.0000;-2391.0000;112.0000;267;265;302;0;0;17380
31411;272;0;0;237;247;230;129.0000;134.0000;122.0000;100.0000;7.0000;70.0000;1;0;0;0;0;0;2;85.0000;-2391.0000;112.0000;267;265;302;0;0;17380
31421;272;0;0;237;247;230;129.0000;134.0000;122.0000;100.0000;7.0000;70.0000;1;0;0;0;0;0;2;85.0000;-2391.0000;112.0000;267;265;302;0;0;17380
31432;272;0;0;237;247;230;129.0000;134.0000;122.0000;100.0000;7.0000;70.0000;1;0;0;0;0;0;2;85.0000;-2391.0000;112.0000;267;265;302;0;0;17380
31443;272;0;0;237;247;230;129.0000;134.0000;122.0000;100.0000;7.0000;70.0000;1;0;0;0;0;0;2;115.0000;-2391.0000;112.0000;267;265;302;0;0;17380
31454;272;0;0;237;247;230;122.0000;134.0000;122.0000;100.0000;7.0000;70.0000;1;0;0;0;0;0;2;115.0000;-2391.0000;112.0000;267;265;302;0;0;17380
31465;272;0;0;237;247;230;122.0000;134.0000;122.0000;100.0000;7.0000;70.0000;1;0;0;0;0;0;2;115.0000;-2391.0000;129.0000;267;265;302;0;0;17380
31480;272;0;0;237;247;230;122.0000;134.0000;122.0000;100.0000;7.0000;70.0000;1;0;0;0;0;0;2;115.0000;-2391.0000;129.0000;267;265;302;0;0;17380
31491;272;0;0;237;247;230;122.0000;134.0000;122.0000;100.0000;7.0000;70.0000;1;0;0;0;0;0;2;115.0000;-2391.0000;129.0000;267;265;302;0;0;17380
31501;272;0;0;237;247;230;122.0000;-13.0000;92.0000;100.0000;7.0000;70.0000;1;0;0;0;0;0;2;115.0000;-2391.0000;129.0000;267;265;302;0;0;17380
31512;272;0;0;237;247;230;122.0000;-13.0000;92.0000;100.0000;7.0000;70.0000;1;0;0;0;0;0;2;115.0000;-2391.0000;129.0000;267;265;302;0;0;17380
31523;272;0;0;237;247;230;122.0000;-13.0000;92.0000;100.0000;7.0000;70.0000;1;0;0;0;0;0;2;115.0000;-2391.0000;129.0000;267;265;302;0;0;17380
31533;272;0;0;237;247;230;122.0000;-13.0000;92.0000;100.0000;7.0000;70.0000;1;0;0;0;0;0;2;115.0000;-2391.0000;129.0000;267;265;302;0;0;17380
31544;272;0;0;237;247;230;122.0000;-13.0000;92.0000;100.0000;7.0000;70.0000;1;0;0;0;0;0;2;122.0000;-2391.0000;129.0000;267;265;302;0;0;17380
31560;272;0;0;237;247;230;122.0000;-13.0000;92.0000;100.0000;7.0000;70.0000;1;0;0;0;0;0;2;122.0000;-2391.0000;129.0000;267;265;302;0;0;17380
31572;272;0;0;237;247;230;82.0000;-13.0000;92.0000;100.0000;7.0000;70.0000;1;0;0;0;0;0;2;122.0000;-2391.0000;102.0000;267;265;302;0;0;17390
31583;272;0;0;237;247;230;82.0000;-13.0000;92.0000;100.0000;7.0000;70.0000;1;0;0;0;0;0;2;122.0000;-2391.0000;102.0000;267;265;302;0;0;17406
31594;272;0;0;237;247;230;82.0000;-13.0000;92.0000;100.0000;7.0000;70.0000;1;0;0;0;0;0;2;122.0000;-2391.0000;102.0000;267;265;302;0;0;17406
31605;272;0;0;237;247;230;82.0000;161.0000;85.0000;100.0000;7.0000;70.0000;1;0;0;0;0;0;2;122.0000;-2391.0000;102.0000;267;265;302;0;0;17406
31615;272;0;0;237;247;230;82.0000;161.0000;85.0000;100.0000;7.0000;70.0000;1;0;0;0;0;0;2;122.0000;-2391.0000;102.0000;267;265;302;0;0;17406
31628;272;0;0;237;247;230;82.0000;161.0000;85.0000;100.0000;7.0000;70.0000;1;0;0;0;0;0;2;122.0000;-2391.0000;102.0000;267;265;302;0;0;17406
31640;272;0;0;237;247;230;82.0000;161.0000;85.0000;100.0000;7.0000;70.0000;1;0;0;0;0;0;2;122.0000;-2391.0000;102.0000;267;265;302;0;0;17406
31652;272;0;0;237;247;230;82.0000;161.0000;85.0000;100.0000;7.0000;70.0000;1;0;0;0;0;0;2;135.0000;-2391.0000;102.0000;267;265;302;0;0;17406
31663;272;0;0;237;247;230;82.0000;161.0000;85.0000;100.0000;7.0000;70.0000;1;0;0;0;0;0;2;135.0000;-2391.0000;139.0000;267;265;302;0;0;17406
31674;272;0;0;237;247;230;115.0000;161.0000;85.0000;100.0000;7.0000;70.0000;1;0;0;0;0;0;2;135.0000;-2391.0000;139.0000;267;265;302;0;0;17406
31684;272;0;0;237;247;230;115.0000;161.0000;85.0000;100.0000;7.0000;70.0000;1;0;0;0;0;0;2;135.0000;-2391.0000;139.0000;267;265;302;0;0;17406
31695;272;0;0;237;247;230;115.0000;161.0000;125.0000;100.0000;7.0000;70.0000;1;0;0;0;0;0;2;135.0000;-2391.0000;139.0000;267;265;302;0;0;17406
31706;272;0;0;237;247;230;115.0000;-26.0000;125.0000;100.0000;7.0000;70.0000;1;0;0;0;0;0;2;135.0000;-2391.0000;139.0000;267;265;302;0;0;17406
31719;272;0;0;237;247;230;115.0000;-26.0000;125.0000;100.0000;7.0000;70.0000;1;0;0;0;0;0;2;135.0000;-2391.0000;139.0000;267;265;302;0;0;17406
31730;272;0;0;237;247;230;115.0000;-26.0000;125.0000;100.0000;7.0000;70.0000;1;0;0;0;0;0;2;135.0000;-2391.0000;139.0000;267;265;305;0;0;17406
31741;272;0;0;237;247;230;115.0000;-26.0000;125.0000;100.0000;7.0000;70.0000;1;0;0;0;0;0;2;105.0000;-2391.0000;139.0000;267;265;305;0;0;17406
31754;272;0;0;237;247;230;115.0000;-26.0000;125.0000;100.0000;7.0000;70.0000;1;0;0;0;0;0;2;105.0000;-2391.0000;139.0000;267;265;305;0;0;17406
31765;272;0;0;237;247;230;115.0000;-26.0000;125.0000;100.0000;7.0000;70.0000;1;0;0;0;0;0;2;105.0000;-2391.0000;75.0000;267;265;305;0;0;17406
31779;272;0;0;237;247;230;119.0000;-26.0000;125.0000;100.0000;7.0000;70.0000;1;0;0;0;0;0;2;105.0000;-2391.0000;75.0000;267;265;305;0;0;17406
31790;272;0;0;237;247;230;119.0000;-26.0000;125.0000;100.0000;7.0000;70.0000;1;0;0;0;0;0;2;105.0000;-2391.0000;75.0000;267;265;305;0;0;17406
31801;272;0;0;237;247;230;119.0000;-26.0000;119.0000;100.0000;7.0000;70.0000;1;0;0;0;0;0;2;105.0000;-2391.0000;75.0000;267;265;305;0;0;17406
31811;272;0;0;237;247;230;119.0000;26.0000;119.0000;100.0000;7.0000;70.0000;1;0;0;0;0;0;2;105.0000;-2391.0000;75.0000;267;265;305;0;0;17406
31822;272;0;0;237;247;230;119.0000;26.0000;119.0000;100.0000;7.0000;70.0000;1;0;0;0;0;0;2;105.0000;-2391.0000;75.0000;267;265;305;0;0;17406
31838;272;0;0;237;247;230;119.0000;26.0000;119.0000;100.0000;7.0000;70.0000;1;0;0;0;0;0;2;105.0000;-2391.0000;75.0000;267;265;305;0;0;17406
31850;272;0;0;237;247;230;119.0000;26.0000;119.0000;100.0000;7.0000;70.0000;1;0;0;0;0;0;2;81.0000;-2391.0000;75.0000;267;265;305;0;0;17406
31861;272;0;0;237;247;230;119.0000;26.0000;119.0000;100.0000;7.0000;70.0000;1;0;0;0;0;0;2;81.0000;-2391.0000;102.0000;267;265;305;0;0;17406
31890;272;0;0;237;247;230;119.0000;26.0000;119.0000;100.0000;7.0000;70.0000;1;0;0;0;0;0;2;81.0000;-2391.0000;102.0000;267;265;305;0;0;17406
31901;272;0;0;237;247;230;89.0000;26.0000;102.0000;100.0000;7.0000;70.0000;1;0;0;0;0;0;2;81.0000;-2391.0000;102.0000;267;265;305;0;0;17406
31916;272;0;0;237;247;230;89.0000;26.0000;102.0000;100.0000;7.0000;70.0000;1;0;0;0;0;0;2;81.0000;-2391.0000;102.0000;267;265;305;0;0;17406
31927;272;0;0;237;247;230;89.0000;26.0000;102.0000;100.0000;7.0000;70.0000;1;0;0;0;0;0;2;81.0000;-2391.0000;102.0000;267;265;305;0;0;17406
31940;272;0;0;237;247;230;89.0000;26.0000;102.0000;100.0000;7.0000;70.0000;1;0;0;0;0;0;2;81.0000;-2391.0000;102.0000;267;265;305;0;0;17406
31952;272;0;0;237;247;230;89.0000;26.0000;102.0000;100.0000;7.0000;70.0000;1;0;0;0;0;0;2;115.0000;-2391.0000;102.0000;267;265;305;0;0;17406
31963;272;0;0;237;247;230;89.0000;26.0000;102.0000;100.0000;7.0000;70.0000;1;0;0;0;0;0;2;115.0000;-2391.0000;98.0000;267;265;305;0;0;17406
31973;272;0;0;237;247;230;89.0000;26.0000;102.0000;100.0000;7.0000;70.0000;1;0;0;0;0;0;2;115.0000;-2391.0000;98.0000;267;265;305;0;0;17406
31984;272;0;0;237;247;230;115.0000;26.0000;102.0000;100.0000;7.0000;70.0000;1;0;0;0;0;0;2;115.0000;-2391.0000;98.0000;267;265;305;0;0;17406
31995;272;0;0;237;247;230;115.0000;26.0000;102.0000;100.0000;7.0000;70.0000;1;0;0;0;0;0;2;115.0000;-2391.0000;98.0000;267;265;305;0;0;17406
32006;272;0;0;237;247;230;115.0000;26.0000;115.0000;100.0000;7.0000;70.0000;1;0;0;0;0;0;2;115.0000;-2391.0000;98.0000;267;265;305;0;0;17406
32020;272;0;0;237;247;230;115.0000;107.0000;115.0000;100.0000;7.0000;70.0000;1;0;0;0;0;0;2;115.0000;-2391.0000;98.0000;267;265;305;0;0;17406
32031;272;0;0;237;247;230;115.0000;107.0000;115.0000;100.0000;7.0000;70.0000;1;0;0;0;0;0;2;115.0000;-2391.0000;98.0000;267;265;305;0;0;17406
32042;272;0;0;237;247;230;115.0000;107.0000;115.0000;100.0000;7.0000;70.0000;1;0;0;0;0;0;2;115.0000;-2391.0000;98.0000;267;265;305;0;0;17406
32052;272;0;0;237;247;230;115.0000;107.0000;115.0000;100.0000;7.0000;70.0000;1;0;0;0;0;0;2;132.0000;-2391.0000;98.0000;267;265;305;0;0;17406
32063;272;0;0;237;247;230;115.0000;107.0000;115.0000;100.0000;7.0000;70.0000;1;0;0;0;0;0;2;132.0000;-2391.0000;68.0000;267;265;305;0;0;17406
32073;272;0;0;237;247;230;115.0000;107.0000;115.0000;100.0000;7.0000;70.0000;1;0;0;0;0;0;2;132.0000;-2391.0000;68.0000;267;265;305;0;0;17406
32084;272;0;0;237;247;230;122.0000;107.0000;115.0000;100.0000;7.0000;70.0000;1;0;0;0;0;0;2;132.0000;-2391.0000;68.0000;267;265;305;0;0;17406
32094;272;0;0;237;247;230;122.0000;107.0000;115.0000;100.0000;7.0000;70.0000;1;0;0;0;0;0;2;132.0000;-2391.0000;68.0000;267;265;305;0;0;17406
32105;272;0;0;237;247;230;122.0000;107.0000;115.0000;100.0000;7.0000;70.0000;1;0;0;0;0;0;2;132.0000;-2391.0000;68.0000;267;265;305;0;0;17406
32118;272;0;0;237;247;230;122.0000;120.0000;75.0000;100.0000;7.0000;70.0000;1;0;0;0;0;0;2;132.0000;-2391.0000;68.0000;267;265;305;0;0;17406
32129;272;0;0;237;247;230;122.0000;120.0000;75.0000;100.0000;7.0000;70.0000;1;0;0;0;0;0;2;132.0000;-2391.0000;68.0000;267;265;305;0;0;17406
32141;272;0;0;237;247;230;122.0000;120.0000;75.0000;100.0000;7.0000;70.0000;1;0;0;0;0;0;2;65.0000;-2391.0000;68.0000;267;265;305;0;0;17406
32153;272;0;0;237;247;230;122.0000;120.0000;75.0000;100.0000;7.0000;70.0000;1;0;0;0;0;0;2;65.0000;-2391.0000;68.0000;267;265;305;0;0;17406
32166;272;0;0;237;247;230;122.0000;120.0000;75.0000;100.0000;7.0000;70.0000;1;0;0;0;0;0;2;65.0000;-2391.0000;112.0000;267;265;305;0;0;17406
32177;272;0;0;237;247;230;122.0000;120.0000;75.0000;100.0000;7.0000;70.0000;1;0;0;0;0;0;2;65.0000;-2391.0000;112.0000;267;265;305;0;0;17406
32188;272;0;0;237;247;230;89.0000;120.0000;75.0000;100.0000;7.0000;70.0000;1;0;0;0;0;0;2;65.0000;-2391.0000;112.0000;267;265;305;0;0;17406
32203;272;0;0;237;247;230;89.0000;120.0000;75.0000;100.0000;7.0000;70.0000;1;0;0;0;0;0;2;65.0000;-2391.0000;112.0000;267;265;305;0;0;17406
32213;272;0;0;237;247;230;89.0000;-26.0000;95.0000;100.0000;7.0000;70.0000;1;0;0;0;0;0;2;65.0000;-2391.0000;112.0000;267;265;305;0;0;17406
32224;272;0;0;237;247;230;89.0000;-26.0000;95.0000;100.0000;7.0000;70.0000;1;0;0;0;0;0;2;65.0000;-2391.0000;112.0000;267;265;305;0;0;17406
32236;272;0;0;237;247;230;89.0000;-26.0000;95.0000;100.0000;7.0000;70.0000;1;0;0;0;0;0;2;65.0000;-2391.0000;112.0000;267;265;305;0;0;17406
32247;272;0;0;237;247;230;89.0000;-26.0000;95.0000;100.0000;7.0000;70.0000;1;0;0;0;0;0;2;88.0000;-2391.0000;112.0000;267;265;305;0;0;17406
32258;272;0;0;237;247;230;89.0000;-26.0000;95.0000;100.0000;7.0000;70.0000;1;0;0;0;0;0;2;88.0000;-2391.0000;112.0000;267;265;305;0;0;17406
32269;272;0;0;237;247;230;89.0000;-26.0000;95.0000;100.0000;7.0000;70.0000;1;0;0;0;0;0;2;88.0000;-2391.0000;122.0000;267;265;305;0;0;17406
32281;272;0;0;237;247;230;89.0000;-26.0000;95.0000;100.0000;7.0000;70.0000;1;0;0;0;0;0;2;88.0000;-2391.0000;122.0000;267;265;305;0;0;17406
32292;272;0;0;237;247;230;109.0000;-26.0000;95.0000;100.0000;7.0000;70.0000;1;0;0;0;0;0;2;88.0000;-2391.0000;122.0000;267;265;305;0;0;17406
32302;272;0;0;237;247;230;109.0000;-26.0000;95.0000;100.0000;7.0000;70.0000;1;0;0;0;0;0;2;88.0000;-2391.0000;122.0000;267;265;305;0;0;17406
32313;272;0;0;237;247;230;109.0000;-26.0000;95.0000;100.0000;7.0000;70.0000;1;0;0;0;0;0;2;88.0000;-2391.0000;122.0000;267;265;305;0;0;17406
32329;272;0;0;237;247;230;109.0000;-26.0000;129.0000;100.0000;7.0000;70.0000;1;0;0;0;0;0;2;88.0000;-2391.0000;122.0000;267;265;305;0;0;17406
32341;272;0;0;237;247;230;109.0000;-26.0000;129.0000;100.0000;7.0000;70.0000;1;0;0;0;0;0;2;88.0000;-2391.0000;122.0000;267;265;305;0;0;17380
32352;272;0;0;237;247;230;109.0000;-26.0000;129.0000;100.0000;7.0000;70.0000;1;0;0;0;0;0;2;92.0000;-2391.0000;122.0000;267;265;305;0;0;17380
32363;272;0;0;237;247;230;109.0000;-26.0000;129.0000;100.0000;7.0000;70.0000;1;0;0;0;0;0;2;92.0000;-2391.0000;122.0000;267;265;305;0;0;17380
32373;272;0;0;237;247;230;109.0000;-26.0000;129.0000;80.0000;7.0000;70.0000;1;0;0;0;0;0;2;92.0000;-2391.0000;92.0000;267;265;305;0;0;17380
32390;272;0;0;237;247;230;72.0000;-26.0000;129.0000;80.0000;7.0000;70.0000;1;0;0;0;0;0;2;92.0000;-2391.0000;92.0000;267;265;305;0;0;17380
32407;272;0;0;237;247;230;72.0000;-26.0000;129.0000;80.0000;7.0000;70.0000;1;0;0;0;0;0;2;92.0000;-2391.0000;92.0000;267;265;305;0;0;17380
32418;272;0;0;237;247;230;72.0000;13.0000;129.0000;80.0000;7.0000;70.0000;1;0;0;0;0;0;2;92.0000;-2391.0000;92.0000;267;265;305;0;0;17380
32428;272;0;0;237;247;230;72.0000;13.0000;129.0000;80.0000;7.0000;70.0000;1;0;0;0;0;0;2;92.0000;-2391.0000;92.0000;267;265;305;0;0;17380
32440;272;0;0;237;247;230;72.0000;13.0000;129.0000;80.0000;7.0000;70.0000;1;0;0;0;0;0;2;92.0000;-2391.0000;92.0000;267;265;305;0;0;17380
32453;272;0;0;237;247;230;72.0000;13.0000;129.0000;80.0000;7.0000;70.0000;1;0;0;0;0;0;2;132.0000;-2391.0000;92.0000;267;265;305;0;0;17380
32550;272;0;0;237;247;230;72.0000;-13.0000;88.0000;80.0000;7.0000;70.0000;1;0;0;0;0;0;2;115.0000;-2391.0000;129.0000;267;265;305;0;0;17380
32561;272;0;0;237;247;230;72.0000;-13.0000;88.0000;80.0000;7.0000;70.0000;1;0;0;0;0;0;2;115.0000;-2391.0000;129.0000;267;265;305;0;0;17380
32576;272;0;0;237;247;230;72.0000;-13.0000;88.0000;80.0000;7.0000;70.0000;1;0;0;0;0;0;2;115.0000;-2391.0000;75.0000;267;265;305;0;0;17380
32587;272;0;0;237;247;230;75.0000;-13.0000;88.0000;80.0000;7.0000;70.0000;1;0;0;0;0;0;2;115.0000;-2391.0000;75.0000;267;265;305;0;0;17390
32599;272;0;0;237;247;230;75.0000;-13.0000;88.0000;80.0000;7.0000;70.0000;1;0;0;0;0;0;2;115.0000;-2391.0000;75.0000;267;265;305;0;0;17406
32610;272;0;0;237;247;230;75.0000;-13.0000;88.0000;80.0000;7.0000;70.0000;1;0;0;0;0;0;2;115.0000;-2391.0000;75.0000;267;265;305;0;0;17406
32624;272;0;0;237;247;230;75.0000;40.0000;112.0000;80.0000;7.0000;70.0000;1;0;0;0;0;0;2;115.0000;-2391.0000;75.0000;267;265;305;0;0;17406
32637;272;0;0;237;247;230;75.0000;40.0000;112.0000;80.0000;7.0000;70.0000;1;0;0;0;0;0;2;115.0000;-2391.0000;75.0000;267;265;305;0;0;17406
32650;272;0;0;237;247;230;75.0000;40.0000;112.0000;80.0000;7.0000;70.0000;1;0;0;0;0;0;2;115.0000;-2391.0000;75.0000;267;265;305;0;0;17406
32661;272;0;0;237;247;230;75.0000;40.0000;112.0000;80.0000;7.0000;70.0000;1;0;0;0;0;0;2;68.0000;-2391.0000;75.0000;267;265;305;0;0;17406
32671;272;0;0;237;247;230;75.0000;40.0000;112.0000;80.0000;7.0000;70.0000;1;0;0;0;0;0;2;68.0000;-2391.0000;119.0000;267;265;305;0;0;17406
32692;272;0;0;237;247;230;75.0000;40.0000;112.0000;80.0000;7.0000;70.0000;1;0;0;0;0;0;2;68.0000;-2391.0000;119.0000;267;265;305;0;0;17406
32703;272;0;0;237;247;230;102.0000;40.0000;112.0000;80.0000;7.0000;70.0000;1;0;0;0;0;0;2;68.0000;-2391.0000;119.0000;267;265;305;0;0;17406
32713;272;0;0;237;247;230;102.0000;40.0000;112.0000;80.0000;7.0000;70.0000;1;0;0;0;0;0;2;68.0000;-2391.0000;119.0000;267;265;305;0;0;17406
32730;272;0;0;237;247;230;102.0000;40.0000;112.0000;80.0000;7.0000;70.0000;1;0;0;0;0;0;2;68.0000;-2391.0000;119.0000;267;265;305;0;0;17406
32741;272;0;0;237;247;230;102.0000;40.0000;112.0000;80.0000;7.0000;70.0000;1;0;0;0;0;0;2;68.0000;-2391.0000;119.0000;267;265;305;0;0;17406
32754;272;0;0;237;247;230;102.0000;161.0000;135.0000;80.0000;7.0000;70.0000;1;0;0;0;0;0;2;68.0000;-2391.0000;119.0000;267;265;305;0;0;17406
32770;272;0;0;237;247;230;102.0000;161.0000;135.0000;80.0000;7.0000;70.0000;1;0;0;0;0;0;2;68.0000;-2391.0000;119.0000;267;265;305;0;0;17406
32788;272;0;0;237;247;230;102.0000;161.0000;135.0000;80.0000;7.0000;70.0000;1;0;0;0;0;0;2;139.0000;-2391.0000;78.0000;267;265;305;0;0;17406
32799;272;0;0;237;247;230;68.0000;161.0000;135.0000;80.0000;7.0000;70.0000;1;0;0;0;0;0;2;139.0000;-2391.0000;78.0000;267;265;305;0;0;17406
32810;272;0;0;237;247;230;68.0000;161.0000;135.0000;80.0000;7.0000;70.0000;1;0;0;0;0;0;2;139.0000;-2391.0000;78.0000;267;265;305;0;0;17406
32825;272;0;0;237;247;230;68.0000;161.0000;135.0000;80.0000;7.0000;70.0000;1;0;0;0;0;0;2;139.0000;-2391.0000;78.0000;267;265;305;0;0;17406
32837;272;0;0;237;247;230;68.0000;-67.0000;135.0000;80.0000;7.0000;70.0000;1;0;0;0;0;0;2;139.0000;-2391.0000;78.0000;267;265;305;0;0;17406
32850;272;0;0;237;247;230;68.0000;-67.0000;132.0000;80.0000;7.0000;70.0000;1;0;0;0;0;0;2;115.0000;-2391.0000;78.0000;267;265;305;0;0;17406
32861;272;0;0;237;247;230;68.0000;-67.0000;132.0000;80.0000;7.0000;70.0000;1;0;0;0;0;0;2;115.0000;-2391.0000;78.0000;267;265;305;0;0;17406
32872;272;0;0;237;247;230;68.0000;-67.0000;132.0000;80.0000;7.0000;70.0000;1;0;0;0;0;0;2;115.0000;-2391.0000;132.0000;267;265;305;0;0;17406
32885;272;0;0;237;247;230;68.0000;-67.0000;132.0000;80.0000;7.0000;70.0000;1;0;0;0;0;0;2;115.0000;-2391.0000;132.0000;267;265;305;0;0;17406
32896;272;0;0;237;247;230;68.0000;-67.0000;132.0000;80.0000;7.0000;70.0000;1;0;0;0;0;0;2;115.0000;-2391.0000;132.0000;267;265;305;0;0;17406
32914;272;0;0;237;247;230;109.0000;-67.0000;132.0000;80.0000;7.0000;70.0000;1;0;0;0;0;0;2;115.0000;-2391.0000;132.0000;267;265;305;0;0;17406
32925;272;0;0;237;247;230;109.0000;-67.0000;132.0000;80.0000;7.0000;70.0000;1;0;0;0;0;0;2;115.0000;-2391.0000;132.0000;267;265;305;0;0;17406
32941;272;0;0;237;247;230;109.0000;147.0000;132.0000;80.0000;7.0000;70.0000;1;0;0;0;0;0;2;115.0000;-2391.0000;132.0000;267;265;305;0;0;17406
32951;272;0;0;237;247;230;109.0000;147.0000;125.0000;80.0000;7.0000;70.0000;1;0;0;0;0;0;2;75.0000;-2391.0000;132.0000;267;265;305;0;0;17406
32971;272;0;0;237;247;230;109.0000;147.0000;125.0000;80.0000;7.0000;70.0000;1;0;0;0;0;0;2;75.0000;-2391.0000;88.0000;267;265;305;0;0;17406
32982;272;0;0;237;247;230;109.0000;147.0000;125.0000;80.0000;7.0000;70.0000;1;0;0;0;0;0;2;75.0000;-2391.0000;88.0000;267;265;305;0;0;17406
32994;272;0;0;237;247;230;109.0000;147.0000;125.0000;80.0000;7.0000;70.0000;1;0;0;0;0;0;2;75.0000;-2391.0000;88.0000;267;265;305;0;0;17406
33005;272;0;0;237;247;230;109.0000;147.0000;125.0000;80.0000;7.0000;70.0000;1;0;0;0;0;0;2;75.0000;-2391.0000;88.0000;267;265;305;0;0;17406
33020;272;0;0;237;247;230;75.0000;147.0000;125.0000;80.0000;7.0000;70.0000;1;0;0;0;0;0;2;75.0000;-2391.0000;88.0000;267;265;305;0;0;17406
33031;272;0;0;237;247;230;75.0000;147.0000;125.0000;80.0000;7.0000;70.0000;1;0;0;0;0;0;2;75.0000;-2391.0000;88.0000;267;265;305;0;0;17406
33041;272;0;0;237;247;230;75.0000;187.0000;125.0000;80.0000;7.0000;70.0000;1;0;0;0;0;0;2;75.0000;-2391.0000;88.0000;267;265;305;0;0;17406
33053;272;0;0;237;247;230;75.0000;187.0000;125.0000;80.0000;7.0000;70.0000;1;0;0;0;0;0;2;75.0000;-2391.0000;88.0000;267;265;305;0;0;17406
33064;272;0;0;237;247;230;75.0000;187.0000;145.0000;80.0000;7.0000;70.0000;1;0;0;0;0;0;2;81.0000;-2391.0000;88.0000;267;265;305;0;0;17406
33074;272;0;0;237;247;230;75.0000;187.0000;145.0000;80.0000;7.0000;70.0000;1;0;0;0;0;0;2;81.0000;-2391.0000;82.0000;267;265;305;0;0;17406
33087;272;0;0;237;247;230;75.0000;187.0000;145.0000;80.0000;7.0000;70.0000;1;0;0;0;0;0;2;81.0000;-2391.0000;82.0000;267;265;305;0;0;17406
33098;272;0;0;237;247;230;75.0000;187.0000;145.0000;80.0000;7.0000;70.0000;1;0;0;0;0;0;2;81.0000;-2391.0000;82.0000;267;265;305;0;0;17406
33109;272;0;0;237;247;230;102.0000;187.0000;145.0000;80.0000;7.0000;70.0000;1;0;0;0;0;0;2;81.0000;-2391.0000;82.0000;267;265;305;0;0;17406
33119;272;0;0;237;247;230;102.0000;187.0000;145.0000;80.0000;7.0000;70.0000;1;0;0;0;0;0;2;81.0000;-2391.0000;82.0000;267;265;305;0;0;17406
33132;272;0;0;237;247;230;102.0000;187.0000;145.0000;80.0000;7.0000;70.0000;1;0;0;0;0;0;2;81.0000;-2391.0000;82.0000;267;265;305;0;0;17406
33142;272;0;0;237;247;230;102.0000;-26.0000;129.0000;80.0000;7.0000;70.0000;1;0;0;0;0;0;2;81.0000;-2391.0000;82.0000;267;265;305;0;0;17406
33154;272;0;0;237;247;230;102.0000;-26.0000;129.0000;80.0000;7.0000;70.0000;1;0;0;0;0;0;2;135.0000;-2391.0000;82.0000;267;265;305;0;0;17406
33166;272;0;0;237;247;230;102.0000;-26.0000;129.0000;80.0000;7.0000;70.0000;1;0;0;0;0;0;2;135.0000;-2391.0000;82.0000;267;265;305;0;0;17406
33178;272;0;0;237;247;230;102.0000;-26.0000;129.0000;80.0000;7.0000;70.0000;1;0;0;0;0;0;2;135.0000;-2391.0000;88.0000;267;265;305;0;0;17406
33189;272;0;0;237;247;230;102.0000;-26.0000;129.0000;80.0000;7.0000;70.0000;1;0;0;0;0;0;2;135.0000;-2391.0000;88.0000;267;265;305;0;0;17406
33201;272;0;0;237;247;230;102.0000;-26.0000;129.0000;80.0000;7.0000;70.0000;1;0;0;0;0;0;2;135.0000;-2391.0000;88.0000;267;265;305;0;0;17406
33212;272;0;0;237;247;230;75.0000;-26.0000;129.0000;80.0000;7.0000;70.0000;1;0;0;0;0;0;2;135.0000;-2391.0000;88.0000;267;265;305;0;0;17406
33222;272;0;0;237;247;230;75.0000;-26.0000;129.0000;80.0000;7.0000;70.0000;1;0;0;0;0;0;2;135.0000;-2391.0000;88.0000;267;265;305;0;0;17406
33234;272;0;0;237;247;230;75.0000;-26.0000;129.0000;80.0000;7.0000;70.0000;1;0;0;0;0;0;2;135.0000;-2391.0000;88.0000;267;265;305;0;0;17406
33244;272;0;0;237;247;230;75.0000;-26.0000;129.0000;80.0000;7.0000;70.0000;1;0;0;0;0;0;2;135.0000;-2391.0000;88.0000;267;265;305;0;0;17406
33269;272;0;0;237;247;230;75.0000;161.0000;122.0000;80.0000;7.0000;70.0000;1;0;0;0;0;0;2;112.0000;-2391.0000;88.0000;267;265;305;0;0;17406
33284;272;0;0;237;247;230;75.0000;161.0000;122.0000;80.0000;7.0000;70.0000;1;0;0;0;0;0;2;112.0000;-2391.0000;108.0000;267;265;305;0;0;17406
33295;272;0;0;237;247;230;75.0000;161.0000;122.0000;80.0000;7.0000;70.0000;1;0;0;0;0;0;2;112.0000;-2391.0000;108.0000;267;265;305;0;0;17406
33306;272;0;0;237;247;230;75.0000;161.0000;122.0000;80.0000;7.0000;70.0000;1;0;0;0;0;0;2;112.0000;-2391.0000;108.0000;267;265;305;0;0;17406
33317;272;0;0;237;247;230;72.0000;161.0000;122.0000;80.0000;7.0000;70.0000;1;0;0;0;0;0;2;112.0000;-2391.0000;108.0000;267;265;305;0;0;17406
33331;272;0;0;237;247;230;72.0000;161.0000;122.0000;80.0000;7.0000;70.0000;1;0;0;0;0;0;2;112.0000;-2391.0000;108.0000;267;265;305;0;0;17406
33346;272;0;0;237;247;230;72.0000;161.0000;139.0000;80.0000;7.0000;70.0000;1;0;0;0;0;0;2;112.0000;-2391.0000;108.0000;267;265;305;0;0;17406
33361;272;0;0;237;247;230;72.0000;174.0000;139.0000;80.0000;7.0000;70.0000;1;0;0;0;0;0;2;128.0000;-2391.0000;108.0000;267;265;305;0;0;17406
33374;272;0;0;237;247;230;72.0000;174.0000;139.0000;80.0000;7.0000;70.0000;1;0;0;0;0;0;2;128.0000;-2391.0000;108.0000;267;265;305;0;0;17406
33392;272;0;0;237;247;230;72.0000;174.0000;139.0000;100.0000;8.0000;70.0000;1;0;0;0;0;0;2;128.0000;-2391.0000;112.0000;267;265;305;0;0;17406
33403;272;0;0;237;247;230;72.0000;174.0000;139.0000;100.0000;8.0000;70.0000;1;0;0;0;0;0;2;128.0000;-2391.0000;112.0000;267;265;305;0;0;17406
33413;272;0;0;237;247;230;102.0000;174.0000;139.0000;100.0000;8.0000;70.0000;1;0;0;0;0;0;2;128.0000;-2391.0000;112.0000;267;265;305;0;0;17406
33424;272;0;0;237;247;230;102.0000;174.0000;139.0000;100.0000;8.0000;70.0000;1;0;0;0;0;0;2;128.0000;-2391.0000;112.0000;267;265;305;0;0;17406
33435;272;0;0;237;247;230;102.0000;174.0000;139.0000;100.0000;8.0000;70.0000;1;0;0;0;0;0;2;128.0000;-2391.0000;112.0000;267;265;305;0;0;17406
33446;272;0;0;237;247;230;102.0000;174.0000;145.0000;100.0000;8.0000;70.0000;1;0;0;0;0;0;2;128.0000;-2391.0000;112.0000;267;265;305;0;0;17406
33458;272;0;0;237;247;230;102.0000;120.0000;145.0000;100.0000;8.0000;70.0000;1;0;0;0;0;0;2;128.0000;-2391.0000;112.0000;267;265;305;0;0;17406
33469;272;0;0;237;247;230;102.0000;120.0000;145.0000;100.0000;8.0000;70.0000;1;0;0;0;0;0;2;125.0000;-2391.0000;125.0000;267;265;305;0;0;17406
33479;272;0;0;237;247;230;102.0000;120.0000;145.0000;100.0000;8.0000;70.0000;1;0;0;0;0;0;2;125.0000;-2391.0000;125.0000;267;265;305;0;0;17406
33490;272;0;0;237;247;230;102.0000;120.0000;145.0000;100.0000;8.0000;70.0000;1;0;0;0;0;0;2;125.0000;-2391.0000;125.0000;267;265;305;0;0;17406
33501;272;0;0;237;247;230;102.0000;120.0000;145.0000;100.0000;8.0000;70.0000;1;0;0;0;0;0;2;125.0000;-2391.0000;125.0000;267;265;305;0;0;17406
33512;272;0;0;237;247;230;102.0000;120.0000;145.0000;100.0000;8.0000;70.0000;1;0;0;0;0;0;2;125.0000;-2391.0000;125.0000;267;265;305;0;0;17406
33523;272;0;0;237;247;230;89.0000;120.0000;145.0000;100.0000;8.0000;70.0000;1;0;0;0;0;0;2;125.0000;-2391.0000;125.0000;267;265;305;0;0;17406
33536;272;0;0;237;247;230;89.0000;120.0000;145.0000;100.0000;8.0000;70.0000;1;0;0;0;0;0;2;125.0000;-2391.0000;125.0000;267;265;305;0;0;17406
33546;272;0;0;237;247;230;89.0000;120.0000;132.0000;100.0000;8.0000;70.0000;1;0;0;0;0;0;2;125.0000;-2391.0000;125.0000;267;265;305;0;0;17406
33557;272;0;0;237;247;230;89.0000;53.0000;132.0000;100.0000;8.0000;70.0000;1;0;0;0;0;0;2;88.0000;-2391.0000;125.0000;267;265;305;0;0;17406
33568;272;0;0;237;247;230;89.0000;53.0000;132.0000;100.0000;8.0000;70.0000;1;0;0;0;0;0;2;88.0000;-2391.0000;119.0000;267;265;305;0;0;17406
33580;272;0;0;237;247;230;89.0000;53.0000;132.0000;100.0000;8.0000;70.0000;1;0;0;0;0;0;2;88.0000;-2391.0000;119.0000;267;265;305;0;0;17406
33591;272;0;0;237;247;230;89.0000;53.0000;132.0000;100.0000;8.0000;70.0000;1;0;0;0;0;0;2;88.0000;-2391.0000;119.0000;267;265;305;0;0;17406
33602;272;0;0;237;247;230;89.0000;53.0000;132.0000;100.0000;8.0000;70.0000;1;0;0;0;0;0;2;88.0000;-2391.0000;119.0000;267;265;305;0;0;17406
33613;272;0;0;237;247;230;92.0000;53.0000;132.0000;100.0000;8.0000;70.0000;1;0;0;0;0;0;2;88.0000;-2391.0000;119.0000;267;265;305;0;0;17406
33624;272;0;0;237;247;230;92.0000;53.0000;132.0000;100.0000;8.0000;70.0000;1;0;0;0;0;0;2;88.0000;-2391.0000;119.0000;267;265;305;0;0;17406
33634;272;0;0;237;247;230;92.0000;53.0000;132.0000;100.0000;8.0000;70.0000;1;0;0;0;0;0;2;88.0000;-2391.0000;119.0000;267;265;305;0;0;17406
33649;272;0;0;237;247;230;92.0000;53.0000;78.0000;100.0000;8.0000;70.0000;1;0;0;0;0;0;2;88.0000;-2391.0000;119.0000;267;265;305;0;0;17406
33661;272;0;0;237;247;230;92.0000;134.0000;78.0000;100.0000;8.0000;70.0000;1;0;0;0;0;0;2;125.0000;-2391.0000;119.0000;267;265;305;0;0;17406
33681;272;0;0;237;247;230;92.0000;134.0000;78.0000;100.0000;8.0000;70.0000;1;0;0;0;0;0;2;125.0000;-2391.0000;119.0000;267;265;305;0;0;17406
33691;272;0;0;237;247;232;92.0000;134.0000;78.0000;100.0000;8.0000;70.0000;1;0;0;0;0;0;2;125.0000;-2391.0000;75.0000;267;265;305;0;0;17406
33702;272;0;0;237;247;232;92.0000;134.0000;78.0000;100.0000;8.0000;70.0000;1;0;0;0;0;0;2;125.0000;-2391.0000;75.0000;267;265;305;0;0;17406
33713;272;0;0;237;247;232;92.0000;134.0000;78.0000;100.0000;8.0000;70.0000;1;0;0;0;0;0;2;125.0000;-2391.0000;75.0000;267;265;305;0;0;17406
33724;272;0;0;237;247;232;126.0000;134.0000;78.0000;100.0000;8.0000;70.0000;1;0;0;0;0;0;2;125.0000;-2391.0000;75.0000;267;265;305;0;0;17406
33734;272;0;0;237;247;232;126.0000;134.0000;78.0000;100.0000;8.0000;70.0000;1;0;0;0;0;0;2;125.0000;-2391.0000;75.0000;267;265;305;0;0;17406
33746;272;0;0;237;247;232;126.0000;134.0000;108.0000;100.0000;8.0000;70.0000;1;0;0;0;0;0;2;125.0000;-2391.0000;75.0000;267;265;305;0;0;17406
33759;272;0;0;237;247;232;126.0000;134.0000;108.0000;100.0000;8.0000;70.0000;1;0;0;0;0;0;2;88.0000;-2391.0000;75.0000;267;265;305;0;0;17406
33769;272;0;0;237;247;232;126.0000;-40.0000;108.0000;100.0000;8.0000;70.0000;1;0;0;0;0;0;2;88.0000;-2391.0000;85.0000;267;265;305;0;0;17406
33780;272;0;0;237;247;232;126.0000;-40.0000;108.0000;100.0000;8.0000;70.0000;1;0;0;0;0;0;2;88.0000;-2391.0000;85.0000;267;265;305;0;0;17406
33791;272;0;0;237;247;232;126.0000;-40.0000;108.0000;100.0000;8.0000;70.0000;1;0;0;0;0;0;2;88.0000;-2391.0000;85.0000;267;265;305;0;0;17406
33802;272;0;0;237;247;232;126.0000;-40.0000;108.0000;100.0000;8.0000;70.0000;1;0;0;0;0;0;2;88.0000;-2391.0000;85.0000;267;265;305;0;0;17406
33812;272;0;0;237;247;232;126.0000;-40.0000;108.0000;100.0000;8.0000;70.0000;1;0;0;0;0;0;2;88.0000;-2391.0000;85.0000;267;265;305;0;0;17406
33824;272;0;0;237;247;232;119.0000;-40.0000;108.0000;100.0000;8.0000;70.0000;1;0;0;0;0;0;2;88.0000;-2391.0000;85.0000;267;265;305;0;0;17406
33839;272;0;0;237;247;232;119.0000;-40.0000;108.0000;100.0000;8.0000;70.0000;1;0;0;0;0;0;2;88.0000;-2391.0000;85.0000;267;265;305;0;0;17406
33849;272;0;0;237;247;232;119.0000;-40.0000;112.0000;100.0000;8.0000;70.0000;1;0;0;0;0;0;2;88.0000;-2391.0000;85.0000;267;265;305;0;0;17406
33860;272;0;0;237;247;232;119.0000;-40.0000;112.0000;100.0000;8.0000;70.0000;1;0;0;0;0;0;2;132.0000;-2391.0000;85.0000;267;265;305;0;0;17406
33872;272;0;0;237;247;232;119.0000;67.0000;112.0000;100.0000;8.0000;70.0000;1;0;0;0;0;0;2;132.0000;-2391.0000;85.0000;267;265;305;0;0;17406
33882;272;0;0;237;247;232;119.0000;67.0000;112.0000;100.0000;8.0000;70.0000;1;0;0;0;0;0;2;132.0000;-2391.0000;132.0000;267;265;305;0;0;17406
33893;272;0;0;237;247;232;119.0000;67.0000;112.0000;100.0000;8.0000;70.0000;1;0;0;0;0;0;2;132.0000;-2391.0000;132.0000;267;265;305;0;0;17406
33903;272;0;0;237;247;232;119.0000;67.0000;112.0000;100.0000;8.0000;70.0000;1;0;0;0;0;0;2;132.0000;-2391.0000;132.0000;267;265;305;0;0;17406
33914;272;0;0;237;247;232;119.0000;67.0000;112.0000;100.0000;8.0000;70.0000;1;0;0;0;0;0;2;132.0000;-2391.0000;132.0000;267;265;305;0;0;17406
33925;272;0;0;237;247;232;102.0000;67.0000;112.0000;100.0000;8.0000;70.0000;1;0;0;0;0;0;2;132.0000;-2391.0000;132.0000;267;265;305;0;0;17406
33940;272;0;0;237;247;232;102.0000;67.0000;112.0000;100.0000;8.0000;70.0000;1;0;0;0;0;0;2;132.0000;-2391.0000;132.0000;267;265;305;0;0;17406
33950;272;0;0;237;247;232;102.0000;67.0000;115.0000;100.0000;8.0000;70.0000;1;0;0;0;0;0;2;132.0000;-2391.0000;132.0000;267;265;305;0;0;17406
33967;272;0;0;237;247;232;102.0000;80.0000;115.0000;100.0000;8.0000;70.0000;1;0;0;0;0;0;2;85.0000;-2391.0000;132.0000;267;265;305;0;0;17406
33977;272;0;0;237;247;232;102.0000;80.0000;115.0000;100.0000;8.0000;70.0000;1;0;0;0;0;0;2;85.0000;-2391.0000;129.0000;267;265;305;0;0;17406
33988;272;0;0;237;247;232;102.0000;80.0000;115.0000;100.0000;8.0000;70.0000;1;0;0;0;0;0;2;85.0000;-2391.0000;129.0000;267;265;305;0;0;17406
33999;272;0;0;237;247;232;102.0000;80.0000;115.0000;100.0000;8.0000;70.0000;1;0;0;0;0;0;2;85.0000;-2391.0000;129.0000;267;265;305;0;0;17406
34010;272;0;0;237;247;232;102.0000;80.0000;115.0000;100.0000;8.0000;70.0000;1;0;0;0;0;0;2;85.0000;-2391.0000;129.0000;267;265;305;0;0;17406
34021;272;0;0;237;247;232;115.0000;80.0000;115.0000;100.0000;8.0000;70.0000;1;0;0;0;0;0;2;85.0000;-2391.0000;129.0000;267;265;305;0;0;17406
34031;272;0;0;237;247;232;115.0000;80.0000;115.0000;100.0000;8.0000;70.0000;1;0;0;0;0;0;2;85.0000;-2391.0000;129.0000;267;265;305;0;0;17406
34042;272;0;0;237;247;232;115.0000;80.0000;115.0000;100.0000;8.0000;70.0000;1;0;0;0;0;0;2;85.0000;-2391.0000;129.0000;267;265;305;0;0;17406
34055;272;0;0;237;247;232;115.0000;80.0000;135.0000;100.0000;8.0000;70.0000;1;0;0;0;0;0;2;135.0000;-2391.0000;129.0000;267;265;305;0;0;17406
34066;272;0;0;237;247;232;115.0000;147.0000;135.0000;100.0000;8.0000;70.0000;1;0;0;0;0;0;2;135.0000;-2391.0000;129.0000;267;265;305;0;0;17406
34077;272;0;0;237;247;232;115.0000;147.0000;135.0000;100.0000;8.0000;70.0000;1;0;0;0;0;0;2;135.0000;-2391.0000;119.0000;267;265;305;0;0;17406
34088;272;0;0;237;247;232;115.0000;147.0000;135.0000;100.0000;8.0000;70.0000;1;0;0;0;0;0;2;135.0000;-2391.0000;119.0000;267;265;305;0;0;17406
34099;272;0;0;237;247;232;115.0000;147.0000;135.0000;100.0000;8.0000;70.0000;1;0;0;0;0;0;2;135.0000;-2391.0000;119.0000;267;265;305;0;0;17406
34109;272;0;0;237;247;232;115.0000;147.0000;135.0000;100.0000;8.0000;70.0000;1;0;0;0;0;0;2;135.0000;-2391.0000;119.0000;267;265;305;0;0;17406
34120;272;0;0;237;247;232;115.0000;147.0000;135.0000;100.0000;8.0000;70.0000;1;0;0;0;0;0;2;135.0000;-2391.0000;119.0000;267;265;305;0;0;17406
34131;272;0;0;237;247;232;126.0000;147.0000;135.0000;100.0000;8.0000;70.0000;1;0;0;0;0;0;2;135.0000;-2391.0000;119.0000;267;265;305;0;0;17406
34146;272;0;0;237;247;232;126.0000;147.0000;135.0000;100.0000;8.0000;70.0000;1;0;0;0;0;0;2;135.0000;-2391.0000;119.0000;267;265;305;0;0;17406
34157;272;0;0;237;247;232;126.0000;147.0000;92.0000;100.0000;8.0000;70.0000;1;0;0;0;0;0;2;92.0000;-2391.0000;119.0000;267;265;305;0;0;17406
34169;272;0;0;237;247;232;126.0000;161.0000;92.0000;100.0000;8.0000;70.0000;1;0;0;0;0;0;2;92.0000;-2391.0000;119.0000;267;265;305;0;0;17406
34180;272;0;0;237;247;232;126.0000;161.0000;92.0000;100.0000;8.0000;70.0000;1;0;0;0;0;0;2;92.0000;-2391.0000;122.0000;267;265;305;0;0;17406
34191;272;0;0;237;247;232;126.0000;161.0000;92.0000;100.0000;8.0000;70.0000;1;0;0;0;0;0;2;92.0000;-2391.0000;122.0000;267;265;305;0;0;17406
34202;272;0;0;237;247;232;126.0000;161.0000;92.0000;100.0000;8.0000;70.0000;1;0;0;0;0;0;2;92.0000;-2391.0000;122.0000;267;265;305;0;0;17406
34212;272;0;0;237;247;232;126.0000;161.0000;92.0000;100.0000;8.0000;70.0000;1;0;0;0;0;0;2;92.0000;-2391.0000;122.0000;267;265;305;0;0;17406
34223;272;0;0;237;247;232;126.0000;161.0000;92.0000;100.0000;8.0000;70.0000;1;0;0;0;0;0;2;92.0000;-2391.0000;122.0000;267;265;305;0;0;17406
34234;272;0;0;237;247;232;75.0000;161.0000;92.0000;100.0000;8.0000;70.0000;1;0;0;0;0;0;2;92.0000;-2391.0000;122.0000;267;265;305;0;0;17406
34244;272;0;0;237;247;232;75.0000;161.0000;92.0000;100.0000;8.0000;70.0000;1;0;0;0;0;0;2;92.0000;-2391.0000;122.0000;267;265;305;0;0;17406
34255;272;0;0;237;247;232;75.0000;161.0000;122.0000;100.0000;8.0000;70.0000;1;0;0;0;0;0;2;92.0000;-2391.0000;122.0000;267;265;305;0;0;17406
34266;272;0;0;237;247;232;75.0000;-40.0000;122.0000;100.0000;8.0000;70.0000;1;0;0;0;0;0;2;112.0000;-2391.0000;122.0000;267;265;305;0;0;17406
34277;272;0;0;237;247;232;75.0000;-40.0000;122.0000;100.0000;8.0000;70.0000;1;0;0;0;0;0;2;112.0000;-2391.0000;129.0000;267;265;305;0;0;17406
34288;272;0;0;237;247;232;75.0000;-40.0000;122.0000;100.0000;8.0000;70.0000;1;0;0;0;0;0;2;112.0000;-2391.0000;129.0000;267;265;305;0;0;17406
34299;272;0;0;237;247;232;75.0000;-40.0000;122.0000;100.0000;8.0000;70.0000;1;0;0;0;0;0;2;112.0000;-2391.0000;129.0000;267;265;305;0;0;17406
34310;272;0;0;237;247;232;75.0000;-40.0000;122.0000;100.0000;8.0000;70.0000;1;0;0;0;0;0;2;112.0000;-2391.0000;129.0000;267;265;305;0;0;17406
34320;272;0;0;237;247;232;75.0000;-40.0000;122.0000;100.0000;8.0000;70.0000;1;0;0;0;0;0;2;112.0000;-2391.0000;129.0000;267;265;305;0;0;17406
34331;272;0;0;237;247;232;75.0000;-40.0000;122.0000;100.0000;8.0000;70.0000;1;0;0;0;0;0;2;112.0000;-2391.0000;129.0000;267;265;305;0;0;17406
34342;272;0;0;237;247;232;75.0000;-40.0000;122.0000;100.0000;8.0000;70.0000;1;0;0;0;0;0;2;112.0000;-2391.0000;129.0000;267;265;305;0;0;17404
34353;272;0;0;237;247;232;75.0000;-40.0000;122.0000;100.0000;8.0000;70.0000;1;0;0;0;0;0;2;112.0000;-2391.0000;129.0000;267;265;305;0;0;17380
34363;272;0;0;237;247;232;75.0000;-40.0000;98.0000;100.0000;8.0000;70.0000;1;0;0;0;0;0;2;105.0000;-2391.0000;129.0000;267;265;305;0;0;17380
34375;272;0;0;237;247;232;75.0000;120.0000;98.0000;100.0000;8.0000;70.0000;1;0;0;0;0;0;2;105.0000;-2391.0000;129.0000;267;265;305;0;0;17380
34385;272;0;0;237;247;232;75.0000;120.0000;98.0000;100.0000;8.0000;70.0000;1;0;0;0;0;0;2;105.0000;-2391.0000;92.0000;267;265;305;0;0;17380
34398;272;0;0;237;247;232;75.0000;120.0000;98.0000;100.0000;8.0000;70.0000;1;0;0;0;0;0;2;105.0000;-2391.0000;92.0000;267;265;305;0;0;17380
34409;272;0;0;237;247;232;75.0000;120.0000;98.0000;100.0000;8.0000;70.0000;1;0;0;0;0;0;2;105.0000;-2391.0000;92.0000;267;265;305;0;0;17380
34420;272;0;0;237;247;232;75.0000;120.0000;98.0000;100.0000;8.0000;70.0000;1;0;0;0;0;0;2;105.0000;-2391.0000;92.0000;267;265;305;0;0;17380
34431;272;0;0;237;247;232;62.0000;120.0000;98.0000;100.0000;8.0000;70.0000;1;0;0;0;0;0;2;105.0000;-2391.0000;92.0000;267;265;305;0;0;17380
34448;272;0;0;237;247;232;62.0000;120.0000;98.0000;100.0000;8.0000;70.0000;1;0;0;0;0;0;2;105.0000;-2391.0000;92.0000;267;265;305;0;0;17380
34458;272;0;0;237;247;232;62.0000;120.0000;82.0000;100.0000;8.0000;70.0000;1;0;0;0;0;0;2;105.0000;-2391.0000;92.0000;267;265;305;0;0;17380
34469;272;0;0;237;247;232;62.0000;-13.0000;82.0000;100.0000;8.0000;70.0000;1;0;0;0;0;0;2;102.0000;-2391.0000;92.0000;267;265;305;0;0;17380
34480;272;0;0;237;247;232;62.0000;-13.0000;82.0000;100.0000;8.0000;70.0000;1;0;0;0;0;0;2;102.0000;-2391.0000;92.0000;267;265;305;0;0;17380
34491;272;0;0;237;247;232;62.0000;-13.0000;82.0000;100.0000;8.0000;70.0000;1;0;0;0;0;0;2;102.0000;-2391.0000;122.0000;267;265;305;0;0;17380
34502;272;0;0;237;247;232;62.0000;-13.0000;82.0000;100.0000;8.0000;70.0000;1;0;0;0;0;0;2;102.0000;-2391.0000;122.0000;267;265;305;0;0;17380
34513;272;0;0;237;247;232;62.0000;-13.0000;82.0000;100.0000;8.0000;70.0000;1;0;0;0;0;0;2;102.0000;-2391.0000;122.0000;267;265;305;0;0;17380
34525;272;0;0;237;247;232;62.0000;-13.0000;82.0000;100.0000;8.0000;70.0000;1;0;0;0;0;0;2;102.0000;-2391.0000;122.0000;267;265;305;0;0;17380
34536;272;0;0;237;247;232;65.0000;-13.0000;82.0000;100.0000;8.0000;70.0000;1;0;0;0;0;0;2;102.0000;-2391.0000;122.0000;267;265;305;0;0;17380
34550;272;0;0;237;247;232;65.0000;-13.0000;82.0000;100.0000;8.0000;70.0000;1;0;0;0;0;0;2;102.0000;-2391.0000;122.0000;267;265;305;0;0;17380
34562;272;0;0;237;247;232;65.0000;-13.0000;82.0000;100.0000;8.0000;70.0000;1;0;0;0;0;0;2;115.0000;-2391.0000;122.0000;267;265;305;0;0;17380
34573;272;0;0;237;247;232;65.0000;13.0000;82.0000;100.0000;8.0000;70.0000;1;0;0;0;0;0;2;115.0000;-2391.0000;125.0000;267;265;305;0;0;17398
34583;272;0;0;237;247;232;65.0000;13.0000;82.0000;100.0000;8.0000;70.0000;1;0;0;0;0;0;2;115.0000;-2391.0000;125.0000;267;265;305;0;0;17398
34598;272;0;0;237;247;232;65.0000;13.0000;82.0000;100.0000;8.0000;70.0000;1;0;0;0;0;0;2;115.0000;-2391.0000;125.0000;267;265;305;0;0;17398
34608;272;0;0;237;247;232;65.0000;13.0000;82.0000;100.0000;8.0000;70.0000;1;0;0;0;0;0;2;115.0000;-2391.0000;125.0000;267;265;305;0;0;17398
34619;272;0;0;237;247;232;65.0000;13.0000;82.0000;100.0000;8.0000;70.0000;1;0;0;0;0;0;2;115.0000;-2391.0000;125.0000;267;265;305;0;0;17398
34632;272;0;0;237;247;232;122.0000;13.0000;82.0000;100.0000;8.0000;70.0000;1;0;0;0;0;0;2;115.0000;-2391.0000;125.0000;267;265;305;0;0;17398
34642;272;0;0;237;247;232;122.0000;13.0000;82.0000;100.0000;8.0000;70.0000;1;0;0;0;0;0;2;115.0000;-2391.0000;125.0000;267;265;305;0;0;17398
34653;272;0;0;237;247;232;122.0000;13.0000;82.0000;100.0000;8.0000;70.0000;1;0;0;0;0;0;2;115.0000;-2391.0000;125.0000;267;265;305;0;0;17398
34663;272;0;0;237;247;232;122.0000;13.0000;82.0000;100.0000;8.0000;70.0000;1;0;0;0;0;0;2;115.0000;-2391.0000;125.0000;267;265;305;0;0;17398
34674;272;0;0;237;247;232;122.0000;13.0000;108.0000;100.0000;8.0000;70.0000;1;0;0;0;0;0;2;132.0000;-2391.0000;125.0000;267;265;305;0;0;17398
34686;272;0;0;237;247;232;122.0000;161.0000;108.0000;100.0000;8.0000;70.0000;1;0;0;0;0;0;2;132.0000;-2391.0000;135.0000;267;265;305;0;0;17398
34700;272;0;0;237;247;232;122.0000;161.0000;108.0000;100.0000;8.0000;70.0000;1;0;0;0;0;0;2;132.0000;-2391.0000;135.0000;267;265;305;0;0;17406
34711;272;0;0;237;247;232;122.0000;161.0000;108.0000;100.0000;8.0000;70.0000;1;0;0;0;0;0;2;132.0000;-2391.0000;135.0000;267;265;305;0;0;17406
34722;272;0;0;237;247;232;122.0000;161.0000;108.0000;100.0000;8.0000;70.0000;1;0;0;0;0;0;2;132.0000;-2391.0000;135.0000;267;265;305;0;0;17406
34732;272;0;0;237;247;232;122.0000;161.0000;108.0000;100.0000;8.0000;70.0000;1;0;0;0;0;0;2;132.0000;-2391.0000;135.0000;267;265;305;0;0;17406
34743;272;0;0;237;247;232;95.0000;161.0000;108.0000;100.0000;8.0000;70.0000;1;0;0;0;0;0;2;132.0000;-2391.0000;135.0000;267;265;305;0;0;17406
34754;272;0;0;237;247;232;95.0000;161.0000;108.0000;100.0000;8.0000;70.0000;1;0;0;0;0;0;2;132.0000;-2391.0000;135.0000;267;265;305;0;0;17406
34764;272;0;0;237;247;232;95.0000;161.0000;108.0000;100.0000;8.0000;70.0000;1;0;0;0;0;0;2;132.0000;-2391.0000;135.0000;267;265;305;0;0;17406
34775;272;0;0;237;247;232;95.0000;161.0000;129.0000;100.0000;8.0000;70.0000;1;0;0;0;0;0;2;115.0000;-2391.0000;135.0000;267;265;305;0;0;17406
34789;272;0;0;237;247;232;95.0000;134.0000;129.0000;100.0000;8.0000;70.0000;1;0;0;0;0;0;2;115.0000;-2391.0000;102.0000;267;265;305;0;0;17406
34801;272;0;0;237;247;232;95.0000;134.0000;129.0000;100.0000;8.0000;70.0000;1;0;0;0;0;0;2;115.0000;-2391.0000;102.0000;267;265;305;0;0;17406
34812;272;0;0;237;247;232;95.0000;134.0000;129.0000;100.0000;8.0000;70.0000;1;0;0;0;0;0;2;115.0000;-2391.0000;102.0000;267;265;305;0;0;17406
34823;272;0;0;237;247;232;95.0000;134.0000;129.0000;100.0000;8.0000;70.0000;1;0;0;0;0;0;2;115.0000;-2391.0000;102.0000;267;265;305;0;0;17406
34833;272;0;0;237;247;232;95.0000;134.0000;129.0000;100.0000;8.0000;70.0000;1;0;0;0;0;0;2;115.0000;-2391.0000;102.0000;267;265;305;0;0;17406
34844;272;0;0;237;247;232;68.0000;134.0000;129.0000;100.0000;8.0000;70.0000;1;0;0;0;0;0;2;115.0000;-2391.0000;102.0000;267;265;305;0;0;17406
34855;272;0;0;237;247;232;68.0000;134.0000;129.0000;100.0000;8.0000;70.0000;1;0;0;0;0;0;2;115.0000;-2391.0000;102.0000;267;265;305;0;0;17406
34865;272;0;0;237;247;232;68.0000;134.0000;129.0000;100.0000;8.0000;70.0000;1;0;0;0;0;0;2;98.0000;-2391.0000;102.0000;267;265;305;0;0;17406
34876;272;0;0;237;247;232;68.0000;134.0000;135.0000;100.0000;8.0000;70.0000;1;0;0;0;0;0;2;98.0000;-2391.0000;102.0000;267;265;305;0;0;17406
34890;272;0;0;237;247;232;68.0000;53.0000;135.0000;100.0000;8.0000;70.0000;1;0;0;0;0;0;2;98.0000;-2391.0000;75.0000;267;265;305;0;0;17406
34901;272;0;0;237;247;232;68.0000;53.0000;135.0000;100.0000;8.0000;70.0000;1;0;0;0;0;0;2;98.0000;-2391.0000;75.0000;267;265;305;0;0;17406
34912;272;0;0;237;247;232;68.0000;53.0000;135.0000;100.0000;8.0000;70.0000;1;0;0;0;0;0;2;98.0000;-2391.0000;75.0000;267;265;305;0;0;17406
34922;272;0;0;237;247;232;68.0000;53.0000;135.0000;100.0000;8.0000;70.0000;1;0;0;0;0;0;2;98.0000;-2391.0000;75.0000;267;265;305;0;0;17406
34933;272;0;0;237;247;232;68.0000;53.0000;135.0000;100.0000;8.0000;70.0000;1;0;0;0;0;0;2;98.0000;-2391.0000;75.0000;267;265;305;0;0;17406
34944;272;0;0;237;247;232;112.0000;53.0000;135.0000;100.0000;8.0000;70.0000;1;0;0;0;0;0;2;98.0000;-2391.0000;75.0000;267;265;305;0;0;17406
34964;272;0;0;237;247;232;112.0000;53.0000;135.0000;100.0000;8.0000;70.0000;1;0;0;0;0;0;2;98.0000;-2391.0000;75.0000;267;265;305;0;0;17406
34974;272;0;0;237;247;232;112.0000;53.0000;122.0000;100.0000;8.0000;70.0000;1;0;0;0;0;0;2;92.0000;-2391.0000;75.0000;267;265;305;0;0;17406
34985;272;0;0;237;247;232;112.0000;-26.0000;122.0000;100.0000;8.0000;70.0000;1;0;0;0;0;0;2;92.0000;-2391.0000;95.0000;267;265;305;0;0;17406
34996;272;0;0;237;247;232;112.0000;-26.0000;122.0000;100.0000;8.0000;70.0000;1;0;0;0;0;0;2;92.0000;-2391.0000;95.0000;267;265;305;0;0;17406
35006;272;0;0;237;247;232;112.0000;-26.0000;122.0000;100.0000;8.0000;70.0000;1;0;0;0;0;0;2;92.0000;-2391.0000;95.0000;267;265;305;0;0;17406
35017;272;0;0;237;247;232;112.0000;-26.0000;122.0000;100.0000;8.0000;70.0000;1;0;0;0;0;0;2;92.0000;-2391.0000;95.0000;267;265;305;0;0;17406
35028;272;0;0;237;247;232;112.0000;-26.0000;122.0000;100.0000;8.0000;70.0000;1;0;0;0;0;0;2;92.0000;-2391.0000;95.0000;267;265;305;0;0;17406
35039;272;0;0;237;247;232;112.0000;-26.0000;122.0000;100.0000;8.0000;70.0000;1;0;0;0;0;0;2;92.0000;-2391.0000;95.0000;267;265;305;0;0;17406
35051;272;0;0;237;247;232;75.0000;-26.0000;122.0000;100.0000;8.0000;70.0000;1;0;0;0;0;0;2;92.0000;-2391.0000;95.0000;267;265;305;0;0;17406
35063;272;0;0;237;247;232;75.0000;-26.0000;122.0000;100.0000;8.0000;70.0000;1;0;0;0;0;0;2;128.0000;-2391.0000;95.0000;267;265;305;0;0;17406
35075;272;0;0;237;247;232;75.0000;-26.0000;88.0000;100.0000;8.0000;70.0000;1;0;0;0;0;0;2;128.0000;-2391.0000;95.0000;267;265;305;0;0;17406
35090;272;0;0;237;247;232;75.0000;120.0000;88.0000;100.0000;8.0000;70.0000;1;0;0;0;0;0;2;128.0000;-2391.0000;119.0000;267;265;305;0;0;17406
35101;272;0;0;237;247;232;75.0000;120.0000;88.0000;100.0000;8.0000;70.0000;1;0;0;0;0;0;2;128.0000;-2391.0000;119.0000;267;265;305;0;0;17406
35111;272;0;0;237;247;232;75.0000;120.0000;88.0000;100.0000;8.0000;70.0000;1;0;0;0;0;0;2;128.0000;-2391.0000;119.0000;267;265;305;0;0;17406
35122;272;0;0;237;247;232;75.0000;120.0000;88.0000;100.0000;8.0000;70.0000;1;0;0;0;0;0;2;128.0000;-2391.0000;119.0000;267;265;305;0;0;17406
35132;272;0;0;237;247;232;75.0000;120.0000;88.0000;100.0000;8.0000;70.0000;1;0;0;0;0;0;2;128.0000;-2391.0000;119.0000;267;265;305;0;0;17406
35144;272;0;0;237;247;232;109.0000;120.0000;88.0000;100.0000;8.0000;70.0000;1;0;0;0;0;0;2;128.0000;-2391.0000;119.0000;267;265;305;0;0;17406
35161;272;0;0;237;247;232;109.0000;120.0000;88.0000;100.0000;8.0000;70.0000;1;0;0;0;0;0;2;128.0000;-2391.0000;119.0000;267;265;305;0;0;17406
35176;272;0;0;237;247;232;109.0000;120.0000;88.0000;100.0000;8.0000;70.0000;1;0;0;0;0;0;2;139.0000;-2391.0000;119.0000;267;265;305;0;0;17406
35187;272;0;0;237;247;232;109.0000;120.0000;132.0000;100.0000;8.0000;70.0000;1;0;0;0;0;0;2;139.0000;-2391.0000;82.0000;267;265;305;0;0;17406
35198;272;0;0;237;247;232;109.0000;147.0000;132.0000;100.0000;8.0000;70.0000;1;0;0;0;0;0;2;139.0000;-2391.0000;82.0000;267;265;305;0;0;17406
35210;272;0;0;237;247;232;109.0000;147.0000;132.0000;100.0000;8.0000;70.0000;1;0;0;0;0;0;2;139.0000;-2391.0000;82.0000;267;265;305;0;0;17406
35221;272;0;0;237;247;232;109.0000;147.0000;132.0000;100.0000;8.0000;70.0000;1;0;0;0;0;0;2;139.0000;-2391.0000;82.0000;267;265;305;0;0;17406
35231;272;0;0;237;247;232;109.0000;147.0000;132.0000;100.0000;8.0000;70.0000;1;0;0;0;0;0;2;139.0000;-2391.0000;82.0000;267;265;305;0;0;17406
35242;272;0;0;237;247;232;79.0000;147.0000;132.0000;100.0000;8.0000;70.0000;1;0;0;0;0;0;2;139.0000;-2391.0000;82.0000;267;265;305;0;0;17406
35253;272;0;0;237;247;232;79.0000;147.0000;132.0000;100.0000;8.0000;70.0000;1;0;0;0;0;0;2;139.0000;-2391.0000;82.0000;267;265;305;0;0;17406
35265;272;0;0;237;247;232;79.0000;147.0000;132.0000;100.0000;8.0000;70.0000;1;0;0;0;0;0;2;139.0000;-2391.0000;82.0000;267;265;305;0;0;17406
35276;272;0;0;237;247;232;79.0000;147.0000;142.0000;100.0000;8.0000;70.0000;1;0;0;0;0;0;2;135.0000;-2391.0000;82.0000;267;265;305;0;0;17406
35287;272;0;0;237;247;232;79.0000;147.0000;142.0000;100.0000;8.0000;70.0000;1;0;0;0;0;0;2;135.0000;-2391.0000;75.0000;267;265;305;0;0;17406
35297;272;0;0;237;247;232;79.0000;134.0000;142.0000;100.0000;8.0000;70.0000;1;0;0;0;0;0;2;135.0000;-2391.0000;75.0000;267;265;305;0;0;17406
35310;272;0;0;237;247;232;79.0000;134.0000;142.0000;100.0000;8.0000;70.0000;1;0;0;0;0;0;2;135.0000;-2391.0000;75.0000;267;265;305;0;0;17406
35322;272;0;0;237;247;232;79.0000;134.0000;142.0000;100.0000;8.0000;70.0000;1;0;0;0;0;0;2;135.0000;-2391.0000;75.0000;267;265;305;0;0;17406
35332;272;0;0;237;247;232;79.0000;134.0000;142.0000;100.0000;8.0000;70.0000;1;0;0;0;0;0;2;135.0000;-2391.0000;75.0000;267;265;305;0;0;17376
35343;272;0;0;237;247;232;79.0000;134.0000;142.0000;100.0000;8.0000;70.0000;1;0;0;0;0;0;2;135.0000;-2391.0000;75.0000;267;265;305;0;0;17376
35353;272;0;0;237;247;232;126.0000;134.0000;142.0000;100.0000;8.0000;70.0000;1;0;0;0;0;0;2;135.0000;-2391.0000;75.0000;267;265;305;0;0;17376
35364;272;0;0;237;247;232;126.0000;134.0000;142.0000;100.0000;8.0000;70.0000;1;0;0;0;0;0;2;122.0000;-2391.0000;75.0000;267;265;305;0;0;17376
35379;272;0;0;237;247;232;126.0000;134.0000;142.0000;100.0000;8.0000;70.0000;1;0;0;0;0;0;2;122.0000;-2391.0000;75.0000;267;265;305;0;0;17376
35391;272;0;0;237;247;232;126.0000;134.0000;125.0000;100.0000;8.0000;70.0000;1;0;0;0;0;0;2;122.0000;-2391.0000;132.0000;267;265;305;0;0;17376
35409;272;0;0;237;247;232;126.0000;120.0000;125.0000;100.0000;8.0000;70.0000;1;0;0;0;0;0;2;122.0000;-2391.0000;132.0000;267;265;305;0;0;17376
35419;272;0;0;237;247;232;126.0000;120.0000;125.0000;100.0000;8.0000;70.0000;1;0;0;0;0;0;2;122.0000;-2391.0000;132.0000;267;265;305;0;0;17376
35433;272;0;0;237;247;232;126.0000;120.0000;125.0000;100.0000;8.0000;70.0000;1;0;0;0;0;0;2;122.0000;-2391.0000;132.0000;267;265;305;0;0;17380
35443;272;0;0;237;247;232;126.0000;120.0000;125.0000;100.0000;8.0000;70.0000;1;0;0;0;0;0;2;122.0000;-2391.0000;132.0000;267;265;305;0;0;17380
35455;272;0;0;237;247;232;85.0000;120.0000;125.0000;100.0000;8.0000;70.0000;1;0;0;0;0;0;2;122.0000;-2391.0000;132.0000;267;265;305;0;0;17380
35467;272;0;0;237;247;232;85.0000;120.0000;125.0000;100.0000;8.0000;70.0000;1;0;0;0;0;0;2;122.0000;-2391.0000;132.0000;267;265;305;0;0;17380
35477;272;0;0;237;247;232;85.0000;120.0000;85.0000;100.0000;8.0000;70.0000;1;0;0;0;0;0;2;125.0000;-2391.0000;132.0000;267;265;305;0;0;17380
35488;272;0;0;237;247;232;85.0000;120.0000;85.0000;100.0000;8.0000;70.0000;1;0;0;0;0;0;2;125.0000;-2391.0000;92.0000;267;265;305;0;0;17380
35499;272;0;0;237;247;232;85.0000;-26.0000;85.0000;100.0000;8.0000;70.0000;1;0;0;0;0;0;2;125.0000;-2391.0000;92.0000;267;265;305;0;0;17380
35510;272;0;0;237;247;232;85.0000;-26.0000;85.0000;100.0000;8.0000;70.0000;1;0;0;0;0;0;2;125.0000;-2391.0000;92.0000;267;265;305;0;0;17380
35521;272;0;0;237;247;232;85.0000;-26.0000;85.0000;100.0000;8.0000;70.0000;1;0;0;0;0;0;2;125.0000;-2391.0000;92.0000;267;265;305;0;0;17380
35532;272;0;0;237;247;232;85.0000;-26.0000;85.0000;100.0000;8.0000;70.0000;1;0;0;0;0;0;2;125.0000;-2391.0000;92.0000;267;265;305;0;0;17380
35542;272;0;0;237;247;232;85.0000;-26.0000;85.0000;100.0000;8.0000;70.0000;1;0;0;0;0;0;2;125.0000;-2391.0000;92.0000;267;265;305;0;0;17396
35555;272;0;0;237;247;232;126.0000;-26.0000;85.0000;100.0000;8.0000;70.0000;1;0;0;0;0;0;2;125.0000;-2391.0000;92.0000;267;265;305;0;0;17396
35566;272;0;0;237;247;232;126.0000;-26.0000;85.0000;100.0000;8.0000;70.0000;1;0;0;0;0;0;2;125.0000;-2391.0000;92.0000;267;265;305;0;0;17396
35577;272;0;0;237;247;232;126.0000;-26.0000;85.0000;100.0000;8.0000;70.0000;1;0;0;0;0;0;2;122.0000;-2391.0000;92.0000;267;265;305;0;0;17396
35588;272;0;0;237;247;232;126.0000;-26.0000;129.0000;100.0000;8.0000;70.0000;1;0;0;0;0;0;2;122.0000;-2391.0000;68.0000;267;265;305;0;0;17396
35599;272;0;0;237;247;232;126.0000;-26.0000;129.0000;100.0000;8.0000;70.0000;1;0;0;0;0;0;2;122.0000;-2391.0000;68.0000;267;265;305;0;0;17396
35609;272;0;0;237;247;232;126.0000;-26.0000;129.0000;100.0000;8.0000;70.0000;1;0;0;0;0;0;2;122.0000;-2391.0000;68.0000;267;265;305;0;0;17396
35624;272;0;0;237;247;232;126.0000;-26.0000;129.0000;100.0000;8.0000;70.0000;1;0;0;0;0;0;2;122.0000;-2391.0000;68.0000;267;265;305;0;0;17396
35635;272;0;0;237;247;232;126.0000;-26.0000;129.0000;100.0000;8.0000;70.0000;1;0;0;0;0;0;2;122.0000;-2391.0000;68.0000;267;265;305;0;0;17396
35645;272;0;0;237;247;232;126.0000;-26.0000;129.0000;100.0000;8.0000;70.0000;1;0;0;0;0;0;2;122.0000;-2391.0000;68.0000;267;265;305;0;0;17406
35656;272;0;0;237;247;232;105.0000;-26.0000;129.0000;100.0000;8.0000;70.0000;1;0;0;0;0;0;2;122.0000;-2391.0000;68.0000;267;265;305;0;0;17406
35667;272;0;0;237;247;232;105.0000;-26.0000;129.0000;100.0000;8.0000;70.0000;1;0;0;0;0;0;2;122.0000;-2391.0000;68.0000;267;265;305;0;0;17406
35677;272;0;0;237;247;232;105.0000;-26.0000;82.0000;100.0000;8.0000;70.0000;1;0;0;0;0;0;2;122.0000;-2391.0000;68.0000;267;265;305;0;0;17406
35690;272;0;0;237;247;232;105.0000;-26.0000;82.0000;100.0000;8.0000;70.0000;1;0;0;0;0;0;2;122.0000;-2391.0000;85.0000;267;265;305;0;0;17406
35701;272;0;0;237;247;232;105.0000;107.0000;82.0000;100.0000;8.0000;70.0000;1;0;0;0;0;0;2;122.0000;-2391.0000;85.0000;267;265;305;0;0;17406
35711;272;0;0;237;247;232;105.0000;107.0000;82.0000;100.0000;8.0000;70.0000;1;0;0;0;0;0;2;122.0000;-2391.0000;85.0000;267;265;305;0;0;17406
35730;272;0;0;237;247;232;105.0000;107.0000;82.0000;100.0000;8.0000;70.0000;1;0;0;0;0;0;2;122.0000;-2391.0000;85.0000;267;265;305;0;0;17406
35741;272;0;0;237;247;232;105.0000;107.0000;82.0000;100.0000;8.0000;70.0000;1;0;0;0;0;0;2;122.0000;-2391.0000;85.0000;267;265;305;0;0;17406
35752;272;0;0;237;247;232;105.0000;107.0000;82.0000;100.0000;8.0000;70.0000;1;0;0;0;0;0;2;122.0000;-2391.0000;85.0000;267;265;305;0;0;17406
35762;272;0;0;237;247;232;85.0000;107.0000;82.0000;100.0000;8.0000;70.0000;1;0;0;0;0;0;2;122.0000;-2391.0000;85.0000;267;265;305;0;0;17406
35773;272;0;0;237;247;232;85.0000;107.0000;82.0000;100.0000;8.0000;70.0000;1;0;0;0;0;0;2;81.0000;-2391.0000;85.0000;267;265;305;0;0;17406
35783;272;0;0;237;247;232;85.0000;107.0000;98.0000;100.0000;8.0000;70.0000;1;0;0;0;0;0;2;81.0000;-2391.0000;119.0000;267;265;305;0;0;17406
35794;272;0;0;237;247;232;85.0000;107.0000;98.0000;100.0000;8.0000;70.0000;1;0;0;0;0;0;2;81.0000;-2391.0000;119.0000;267;265;305;0;0;17406
35810;272;0;0;237;247;232;85.0000;161.0000;98.0000;100.0000;8.0000;70.0000;1;0;0;0;0;0;2;81.0000;-2391.0000;119.0000;267;265;305;0;0;17406
35821;272;0;0;237;247;232;85.0000;161.0000;98.0000;100.0000;8.0000;70.0000;1;0;0;0;0;0;2;81.0000;-2391.0000;119.0000;267;265;305;0;0;17406
35831;272;0;0;237;247;232;85.0000;161.0000;98.0000;100.0000;8.0000;70.0000;1;0;0;0;0;0;2;81.0000;-2391.0000;119.0000;267;265;305;0;0;17406
35842;272;0;0;237;247;232;85.0000;161.0000;98.0000;100.0000;8.0000;70.0000;1;0;0;0;0;0;2;81.0000;-2391.0000;119.0000;267;265;305;0;0;17406
35853;272;0;0;237;247;232;68.0000;161.0000;98.0000;100.0000;8.0000;70.0000;1;0;0;0;0;0;2;81.0000;-2391.0000;119.0000;267;265;305;0;0;17406
35863;272;0;0;237;247;232;68.0000;161.0000;98.0000;100.0000;8.0000;70.0000;1;0;0;0;0;0;2;81.0000;-2391.0000;119.0000;267;265;305;0;0;17406
35875;272;0;0;237;247;232;68.0000;161.0000;98.0000;100.0000;8.0000;70.0000;1;0;0;0;0;0;2;108.0000;-2391.0000;119.0000;267;265;305;0;0;17406
35885;272;0;0;237;247;232;68.0000;161.0000;132.0000;100.0000;8.0000;70.0000;1;0;0;0;0;0;2;108.0000;-2391.0000;105.0000;267;265;305;0;0;17406
35896;272;0;0;237;247;232;68.0000;161.0000;132.0000;100.0000;8.0000;70.0000;1;0;0;0;0;0;2;108.0000;-2391.0000;105.0000;267;265;305;0;0;17406
35907;272;0;0;237;247;232;68.0000;147.0000;132.0000;100.0000;8.0000;70.0000;1;0;0;0;0;0;2;108.0000;-2391.0000;105.0000;267;265;305;0;0;17406
35918;272;0;0;237;247;232;68.0000;147.0000;132.0000;100.0000;8.0000;70.0000;1;0;0;0;0;0;2;108.0000;-2391.0000;105.0000;267;265;305;0;0;17406
35929;272;0;0;237;247;232;68.0000;147.0000;132.0000;100.0000;8.0000;70.0000;1;0;0;0;0;0;2;108.0000;-2391.0000;105.0000;267;265;305;0;0;17406
35941;272;0;0;237;247;232;68.0000;147.0000;132.0000;100.0000;8.0000;70.0000;1;0;0;0;0;0;2;108.0000;-2391.0000;105.0000;267;265;305;0;0;17406
35953;272;0;0;237;247;232;68.0000;147.0000;132.0000;100.0000;8.0000;70.0000;1;0;0;0;0;0;2;108.0000;-2391.0000;105.0000;267;265;305;0;0;17406
35965;272;0;0;237;247;232;122.0000;147.0000;132.0000;100.0000;8.0000;70.0000;1;0;0;0;0;0;2;108.0000;-2391.0000;105.0000;267;265;305;0;0;17406
35975;272;0;0;237;247;232;122.0000;147.0000;132.0000;100.0000;8.0000;70.0000;1;0;0;0;0;0;2;132.0000;-2391.0000;105.0000;267;265;305;0;0;17406
35986;272;0;0;237;247;232;122.0000;147.0000;88.0000;100.0000;8.0000;70.0000;1;0;0;0;0;0;2;132.0000;-2391.0000;125.0000;267;265;305;0;0;17406
36000;272;0;0;237;247;232;122.0000;120.0000;88.0000;100.0000;8.0000;70.0000;1;0;0;0;0;0;2;132.0000;-2391.0000;125.0000;267;265;305;0;0;17406
36011;272;0;0;237;247;232;122.0000;120.0000;88.0000;100.0000;8.0000;70.0000;1;0;0;0;0;0;2;132.0000;-2391.0000;125.0000;267;265;305;0;0;17406
36022;272;0;0;237;247;232;122.0000;120.0000;88.0000;100.0000;8.0000;70.0000;1;0;0;0;0;0;2;132.0000;-2391.0000;125.0000;267;265;305;0;0;17406
36032;272;0;0;237;247;232;122.0000;120.0000;88.0000;100.0000;8.0000;70.0000;1;0;0;0;0;0;2;132.0000;-2391.0000;125.0000;267;265;305;0;0;17406
36046;272;0;0;237;247;232;122.0000;120.0000;88.0000;100.0000;8.0000;70.0000;1;0;0;0;0;0;2;132.0000;-2391.0000;125.0000;267;265;305;0;0;17406
36057;272;0;0;237;247;232;105.0000;120.0000;88.0000;100.0000;8.0000;70.0000;1;0;0;0;0;0;2;132.0000;-2391.0000;125.0000;267;265;305;0;0;17406
36068;272;0;0;237;247;232;105.0000;120.0000;88.0000;100.0000;8.0000;70.0000;1;0;0;0;0;0;2;75.0000;-2391.0000;125.0000;267;265;305;0;0;17406
36078;272;0;0;237;247;232;105.0000;120.0000;88.0000;100.0000;8.0000;70.0000;1;0;0;0;0;0;2;75.0000;-2391.0000;125.0000;267;265;305;0;0;17406
36089;272;0;0;237;247;232;105.0000;120.0000;115.0000;100.0000;8.0000;70.0000;1;0;0;0;0;0;2;75.0000;-2391.0000;115.0000;267;265;305;0;0;17406
36101;272;0;0;237;247;232;105.0000;120.0000;115.0000;100.0000;8.0000;70.0000;1;0;0;0;0;0;2;75.0000;-2391.0000;115.0000;267;265;305;0;0;17406
36111;272;0;0;237;247;232;105.0000;120.0000;115.0000;100.0000;8.0000;70.0000;1;0;0;0;0;0;2;75.0000;-2391.0000;115.0000;267;265;305;0;0;17406
36122;272;0;0;237;247;232;105.0000;80.0000;115.0000;100.0000;8.0000;70.0000;1;0;0;0;0;0;2;75.0000;-2391.0000;115.0000;267;265;305;0;0;17406
36133;272;0;0;237;247;232;105.0000;80.0000;115.0000;100.0000;8.0000;70.0000;1;0;0;0;0;0;2;75.0000;-2391.0000;115.0000;267;265;305;0;0;17406
36143;272;0;0;237;247;232;105.0000;80.0000;115.0000;100.0000;8.0000;70.0000;1;0;0;0;0;0;2;75.0000;-2391.0000;115.0000;267;265;305;0;0;17406
36154;272;0;0;237;247;232;105.0000;80.0000;115.0000;100.0000;8.0000;70.0000;1;0;0;0;0;0;2;75.0000;-2391.0000;115.0000;267;265;305;0;0;17406
36165;272;0;0;237;247;232;72.0000;80.0000;115.0000;100.0000;8.0000;70.0000;1;0;0;0;0;0;2;75.0000;-2391.0000;115.0000;267;265;305;0;0;17406
36175;272;0;0;237;247;232;72.0000;80.0000;115.0000;100.0000;8.0000;70.0000;1;0;0;0;0;0;2;132.0000;-2391.0000;115.0000;267;265;305;0;0;17406
36186;272;0;0;237;247;232;72.0000;80.0000;78.0000;100.0000;8.0000;70.0000;1;0;0;0;0;0;2;132.0000;-2391.0000;115.0000;267;265;305;0;0;17406
36197;272;0;0;237;247;232;72.0000;80.0000;78.0000;100.0000;8.0000;70.0000;1;0;0;0;0;0;2;132.0000;-2391.0000;132.0000;267;265;305;0;0;17406
36208;272;0;0;237;247;232;72.0000;134.0000;78.0000;100.0000;8.0000;70.0000;1;0;0;0;0;0;2;132.0000;-2391.0000;132.0000;267;265;305;0;0;17406
36219;272;0;0;237;247;232;72.0000;134.0000;78.0000;100.0000;8.0000;70.0000;1;0;0;0;0;0;2;132.0000;-2391.0000;132.0000;267;265;305;0;0;17406
36230;272;0;0;237;247;232;72.0000;134.0000;78.0000;100.0000;8.0000;70.0000;1;0;0;0;0;0;2;132.0000;-2391.0000;132.0000;267;265;305;0;0;17406
36241;272;0;0;237;247;232;72.0000;134.0000;78.0000;100.0000;8.0000;70.0000;1;0;0;0;0;0;2;132.0000;-2391.0000;132.0000;267;265;305;0;0;17406
36253;272;0;0;237;247;232;115.0000;134.0000;78.0000;100.0000;8.0000;70.0000;1;0;0;0;0;0;2;132.0000;-2391.0000;132.0000;267;265;305;0;0;17406
36264;272;0;0;237;247;232;115.0000;134.0000;78.0000;100.0000;8.0000;70.0000;1;0;0;0;0;0;2;132.0000;-2391.0000;132.0000;267;265;305;0;0;17406
36280;272;0;0;237;247;232;115.0000;134.0000;78.0000;100.0000;8.0000;70.0000;1;0;0;0;0;0;2;81.0000;-2391.0000;132.0000;267;265;305;0;0;17406
36294;272;0;0;237;247;232;115.0000;134.0000;98.0000;100.0000;8.0000;70.0000;1;0;0;0;0;0;2;81.0000;-2391.0000;112.0000;267;265;305;0;0;17406
36305;272;0;0;237;247;232;115.0000;134.0000;98.0000;100.0000;8.0000;70.0000;1;0;0;0;0;0;2;81.0000;-2391.0000;112.0000;267;265;305;0;0;17376
36316;272;0;0;237;247;232;115.0000;-13.0000;98.0000;100.0000;8.0000;70.0000;1;0;0;0;0;0;2;81.0000;-2391.0000;112.0000;267;265;305;0;0;17376
36330;272;0;0;237;247;232;115.0000;-13.0000;98.0000;100.0000;8.0000;70.0000;1;0;0;0;0;0;2;81.0000;-2391.0000;112.0000;267;265;305;0;0;17376
36341;272;0;0;237;247;232;115.0000;-13.0000;98.0000;100.0000;8.0000;70.0000;1;0;0;0;0;0;2;81.0000;-2391.0000;112.0000;267;265;305;0;0;17376
36351;272;0;0;237;247;232;119.0000;-13.0000;98.0000;100.0000;8.0000;70.0000;1;0;0;0;0;0;2;81.0000;-2391.0000;112.0000;267;265;305;0;0;17376
36362;272;0;0;237;247;232;119.0000;-13.0000;98.0000;100.0000;8.0000;70.0000;1;0;0;0;0;0;2;81.0000;-2391.0000;112.0000;267;265;305;0;0;17376
36373;272;0;0;237;247;232;119.0000;-13.0000;98.0000;100.0000;8.0000;70.0000;1;0;0;0;0;0;2;88.0000;-2391.0000;112.0000;267;265;305;0;0;17376
36384;272;0;0;237;247;232;119.0000;-13.0000;98.0000;100.0000;8.0000;70.0000;1;0;0;0;0;0;2;88.0000;-2391.0000;112.0000;267;265;305;0;0;17376
36397;272;0;0;237;247;232;119.0000;-13.0000;108.0000;100.0000;8.0000;70.0000;1;0;0;0;0;0;2;88.0000;-2391.0000;72.0000;267;265;305;0;0;17376
36420;272;0;0;237;247;232;119.0000;-13.0000;108.0000;100.0000;9.0000;70.0000;1;0;0;0;0;0;2;88.0000;-2391.0000;72.0000;267;265;305;0;0;17376
36433;272;0;0;237;247;232;119.0000;93.0000;108.0000;100.0000;9.0000;70.0000;1;0;0;0;0;0;2;88.0000;-2391.0000;72.0000;267;265;305;0;0;17380
36443;272;0;0;237;247;232;119.0000;93.0000;108.0000;100.0000;9.0000;70.0000;1;0;0;0;0;0;2;88.0000;-2391.0000;72.0000;267;265;305;0;0;17380
36454;272;0;0;237;247;232;119.0000;93.0000;108.0000;100.0000;9.0000;70.0000;1;0;0;0;0;0;2;88.0000;-2391.0000;72.0000;267;265;305;0;0;17380
36465;272;0;0;237;247;232;122.0000;93.0000;108.0000;100.0000;9.0000;70.0000;1;0;0;0;0;0;2;88.0000;-2391.0000;72.0000;267;265;305;0;0;17380
36475;272;0;0;237;247;232;122.0000;93.0000;108.0000;100.0000;9.0000;70.0000;1;0;0;0;0;0;2;102.0000;-2391.0000;72.0000;267;265;305;0;0;17380
36486;272;0;0;237;247;232;122.0000;93.0000;108.0000;100.0000;9.0000;70.0000;1;0;0;0;0;0;2;102.0000;-2391.0000;95.0000;267;265;305;0;0;17380
36497;272;0;0;237;247;232;122.0000;93.0000;108.0000;100.0000;9.0000;70.0000;1;0;0;0;0;0;2;102.0000;-2391.0000;95.0000;267;265;305;0;0;17380
36507;272;0;0;237;247;232;122.0000;93.0000;122.0000;100.0000;9.0000;70.0000;1;0;0;0;0;0;2;102.0000;-2391.0000;95.0000;267;265;305;0;0;17380
36518;272;0;0;237;247;232;122.0000;147.0000;122.0000;100.0000;9.0000;70.0000;1;0;0;0;0;0;2;102.0000;-2391.0000;95.0000;267;265;305;0;0;17380
36529;272;0;0;237;247;232;122.0000;147.0000;122.0000;100.0000;9.0000;70.0000;1;0;0;0;0;0;2;102.0000;-2391.0000;95.0000;267;265;305;0;0;17380
36539;272;0;0;237;247;232;122.0000;147.0000;122.0000;100.0000;9.0000;70.0000;1;0;0;0;0;0;2;102.0000;-2391.0000;95.0000;267;265;305;0;0;17396
36551;272;0;0;237;247;232;122.0000;147.0000;122.0000;100.0000;9.0000;70.0000;1;0;0;0;0;0;2;102.0000;-2391.0000;95.0000;267;265;305;0;0;17396
36562;272;0;0;237;247;232;115.0000;147.0000;122.0000;100.0000;9.0000;70.0000;1;0;0;0;0;0;2;102.0000;-2391.0000;95.0000;267;265;305;0;0;17396
36572;272;0;0;237;247;232;115.0000;147.0000;122.0000;100.0000;9.0000;70.0000;1;0;0;0;0;0;2;118.0000;-2391.0000;95.0000;267;265;305;0;0;17396
36590;272;0;0;237;247;232;115.0000;147.0000;122.0000;100.0000;9.0000;70.0000;1;0;0;0;0;0;2;118.0000;-2391.0000;95.0000;267;265;305;0;0;17396
36601;272;0;0;237;247;232;115.0000;147.0000;122.0000;100.0000;9.0000;70.0000;1;0;0;0;0;0;2;118.0000;-2391.0000;95.0000;267;265;305;0;0;17396
36612;272;0;0;237;247;232;115.0000;147.0000;132.0000;100.0000;9.0000;70.0000;1;0;0;0;0;0;2;118.0000;-2391.0000;115.0000;267;265;305;0;0;17396
36622;272;0;0;237;247;232;115.0000;147.0000;132.0000;100.0000;9.0000;70.0000;1;0;0;0;0;0;2;118.0000;-2391.0000;115.0000;267;265;305;0;0;17396
36633;272;0;0;237;247;232;115.0000;161.0000;132.0000;100.0000;9.0000;70.0000;1;0;0;0;0;0;2;118.0000;-2391.0000;115.0000;267;265;305;0;0;17396
36647;272;0;0;237;247;232;115.0000;161.0000;132.0000;100.0000;9.0000;70.0000;1;0;0;0;0;0;2;118.0000;-2391.0000;115.0000;267;265;305;0;0;17396
36660;272;0;0;237;247;232;115.0000;161.0000;132.0000;100.0000;9.0000;70.0000;1;0;0;0;0;0;2;118.0000;-2391.0000;115.0000;267;265;305;0;0;17406
36672;272;0;0;237;247;232;115.0000;161.0000;132.0000;100.0000;9.0000;70.0000;1;0;0;0;0;0;2;118.0000;-2391.0000;115.0000;267;265;305;0;0;17406
36685;272;0;0;237;247;232;95.0000;161.0000;132.0000;100.0000;9.0000;70.0000;1;0;0;0;0;0;2;118.0000;-2391.0000;115.0000;267;265;305;0;0;17406
36695;272;0;0;237;247;232;95.0000;161.0000;132.0000;100.0000;9.0000;70.0000;1;0;0;0;0;0;2;128.0000;-2391.0000;129.0000;267;265;305;0;0;17406
36707;272;0;0;237;247;232;95.0000;161.0000;132.0000;100.0000;9.0000;70.0000;1;0;0;0;0;0;2;128.0000;-2391.0000;129.0000;267;265;305;0;0;17406
36721;272;0;0;237;247;232;95.0000;161.0000;132.0000;100.0000;9.0000;70.0000;1;0;0;0;0;0;2;128.0000;-2391.0000;129.0000;267;265;305;0;0;17406
36732;272;0;0;237;247;232;95.0000;134.0000;132.0000;100.0000;9.0000;70.0000;1;0;0;0;0;0;2;128.0000;-2391.0000;129.0000;267;265;305;0;0;17406
36742;272;0;0;237;247;232;95.0000;134.0000;132.0000;100.0000;9.0000;70.0000;1;0;0;0;0;0;2;128.0000;-2391.0000;129.0000;267;265;305;0;0;17406
36767;272;0;0;237;247;232;95.0000;134.0000;132.0000;100.0000;9.0000;70.0000;1;0;0;0;0;0;2;128.0000;-2391.0000;129.0000;267;265;305;0;0;17406
36778;272;0;0;237;247;232;99.0000;134.0000;132.0000;100.0000;9.0000;70.0000;1;0;0;0;0;0;2;65.0000;-2391.0000;129.0000;267;265;305;0;0;17406
36789;272;0;0;237;247;232;99.0000;134.0000;132.0000;100.0000;9.0000;70.0000;1;0;0;0;0;0;2;65.0000;-2391.0000;129.0000;267;265;305;0;0;17406
36799;272;0;0;237;247;232;99.0000;134.0000;132.0000;100.0000;9.0000;70.0000;1;0;0;0;0;0;2;65.0000;-2391.0000;72.0000;267;265;305;0;0;17406
36810;272;0;0;237;247;232;99.0000;134.0000;129.0000;100.0000;9.0000;70.0000;1;0;0;0;0;0;2;65.0000;-2391.0000;72.0000;267;265;305;0;0;17406
36830;272;0;0;237;247;232;99.0000;134.0000;129.0000;100.0000;9.0000;70.0000;1;0;0;0;0;0;2;65.0000;-2391.0000;72.0000;267;265;305;0;0;17406
36841;272;0;0;237;247;232;99.0000;-13.0000;129.0000;100.0000;9.0000;70.0000;1;0;0;0;0;0;2;65.0000;-2391.0000;72.0000;267;265;305;0;0;17406
36860;272;0;0;237;247;232;99.0000;-13.0000;129.0000;100.0000;9.0000;70.0000;1;0;0;0;0;0;2;65.0000;-2391.0000;72.0000;267;265;305;0;0;17406
36871;272;0;0;237;247;232;99.0000;-13.0000;129.0000;100.0000;9.0000;70.0000;1;0;0;0;0;0;2;65.0000;-2391.0000;72.0000;267;265;305;0;0;17406
36882;272;0;0;237;247;232;109.0000;-13.0000;129.0000;100.0000;9.0000;70.0000;1;0;0;0;0;0;2;65.0000;-2391.0000;72.0000;267;265;305;0;0;17406
36893;272;0;0;237;247;232;109.0000;-13.0000;129.0000;100.0000;9.0000;70.0000;1;0;0;0;0;0;2;132.0000;-2391.0000;112.0000;267;265;305;0;0;17406
36904;272;0;0;237;247;232;109.0000;-13.0000;129.0000;100.0000;9.0000;70.0000;1;0;0;0;0;0;2;132.0000;-2391.0000;112.0000;267;265;305;0;0;17406
36920;272;0;0;237;247;232;109.0000;-13.0000;119.0000;100.0000;9.0000;70.0000;1;0;0;0;0;0;2;132.0000;-2391.0000;112.0000;267;265;305;0;0;17406
36932;272;0;0;237;247;232;109.0000;147.0000;119.0000;100.0000;9.0000;70.0000;1;0;0;0;0;0;2;132.0000;-2391.0000;112.0000;267;265;305;0;0;17406
36950;272;0;0;237;247;232;109.0000;147.0000;119.0000;100.0000;9.0000;70.0000;1;0;0;0;0;0;2;132.0000;-2391.0000;112.0000;267;265;305;0;0;17406
36961;272;0;0;237;247;232;109.0000;147.0000;119.0000;100.0000;9.0000;70.0000;1;0;0;0;0;0;2;132.0000;-2391.0000;112.0000;267;265;305;0;0;17406
36971;272;0;0;237;247;232;109.0000;147.0000;119.0000;100.0000;9.0000;70.0000;1;0;0;0;0;0;2;132.0000;-2391.0000;112.0000;267;265;305;0;0;17406
36982;272;0;0;237;247;232;109.0000;147.0000;119.0000;100.0000;9.0000;70.0000;1;0;0;0;0;0;2;132.0000;-2391.0000;112.0000;267;265;305;0;0;17406
37002;272;0;0;237;247;232;109.0000;147.0000;119.0000;100.0000;9.0000;70.0000;1;0;0;0;0;0;2;92.0000;-2391.0000;112.0000;267;265;305;0;0;17406
37020;272;0;0;237;247;232;126.0000;147.0000;119.0000;100.0000;9.0000;70.0000;1;0;0;0;0;0;2;92.0000;-2391.0000;119.0000;267;265;305;0;0;17406
37031;272;0;0;237;247;232;126.0000;147.0000;132.0000;100.0000;9.0000;70.0000;1;0;0;0;0;0;2;92.0000;-2391.0000;119.0000;267;265;305;0;0;17406
37041;272;0;0;237;247;232;126.0000;26.0000;132.0000;100.0000;9.0000;70.0000;1;0;0;0;0;0;2;92.0000;-2391.0000;119.0000;267;265;305;0;0;17406
37052;272;0;0;237;247;232;126.0000;26.0000;132.0000;100.0000;9.0000;70.0000;1;0;0;0;0;0;2;92.0000;-2391.0000;119.0000;267;265;305;0;0;17406
37069;272;0;0;237;247;232;126.0000;26.0000;132.0000;100.0000;9.0000;70.0000;1;0;0;0;0;0;2;92.0000;-2391.0000;119.0000;267;265;305;0;0;17406
37080;272;0;0;237;247;232;126.0000;26.0000;132.0000;100.0000;9.0000;70.0000;1;0;0;0;0;0;2;92.0000;-2391.0000;119.0000;267;265;305;0;0;17406
37092;272;0;0;237;247;232;126.0000;26.0000;132.0000;100.0000;9.0000;70.0000;1;0;0;0;0;0;2;128.0000;-2391.0000;119.0000;267;265;305;0;0;17406
37102;272;0;0;237;247;232;126.0000;26.0000;132.0000;100.0000;9.0000;70.0000;1;0;0;0;0;0;2;128.0000;-2391.0000;75.0000;267;265;305;0;0;17406
37117;272;0;0;237;247;232;126.0000;26.0000;129.0000;100.0000;9.0000;70.0000;1;0;0;0;0;0;2;128.0000;-2391.0000;75.0000;267;265;305;0;0;17406
37130;272;0;0;237;247;232;126.0000;26.0000;129.0000;100.0000;9.0000;70.0000;1;0;0;0;0;0;2;128.0000;-2391.0000;75.0000;267;265;305;0;0;17406
37149;272;0;0;237;247;232;126.0000;-13.0000;129.0000;100.0000;9.0000;70.0000;1;0;0;0;0;0;2;128.0000;-2391.0000;75.0000;267;265;305;0;0;17406
37160;272;0;0;237;247;232;126.0000;-13.0000;129.0000;100.0000;9.0000;70.0000;1;0;0;0;0;0;2;128.0000;-2391.0000;75.0000;267;265;305;0;0;17406
37170;272;0;0;237;247;232;126.0000;-13.0000;129.0000;100.0000;9.0000;70.0000;1;0;0;0;0;0;2;128.0000;-2391.0000;75.0000;267;265;305;0;0;17406
37183;272;0;0;237;247;232;126.0000;-13.0000;129.0000;100.0000;9.0000;70.0000;1;0;0;0;0;0;2;128.0000;-2391.0000;75.0000;267;265;305;0;0;17406
37199;272;0;0;237;247;232;122.0000;-13.0000;129.0000;100.0000;9.0000;70.0000;1;0;0;0;0;0;2;81.0000;-2391.0000;129.0000;267;265;305;0;0;17406
37212;272;0;0;237;247;232;122.0000;-13.0000;129.0000;100.0000;9.0000;70.0000;1;0;0;0;0;0;2;81.0000;-2391.0000;129.0000;267;265;305;0;0;17406
37225;272;0;0;237;247;232;122.0000;-13.0000;125.0000;100.0000;9.0000;70.0000;1;0;0;0;0;0;2;81.0000;-2391.0000;129.0000;267;265;305;0;0;17406
37236;272;0;0;237;247;232;122.0000;-13.0000;125.0000;100.0000;9.0000;70.0000;1;0;0;0;0;0;2;81.0000;-2391.0000;129.0000;267;265;305;0;0;17406
37250;272;0;0;237;247;232;122.0000;147.0000;125.0000;100.0000;9.0000;70.0000;1;0;0;0;0;0;2;81.0000;-2391.0000;129.0000;267;265;305;0;0;17406
37262;272;0;0;237;247;232;122.0000;147.0000;125.0000;100.0000;9.0000;70.0000;1;0;0;0;0;0;2;81.0000;-2391.0000;129.0000;267;265;305;0;0;17406
37275;272;0;0;237;247;232;122.0000;147.0000;125.0000;100.0000;9.0000;70.0000;1;0;0;0;0;0;2;81.0000;-2391.0000;129.0000;267;265;305;0;0;17406
37295;272;0;0;237;247;232;122.0000;147.0000;125.0000;100.0000;9.0000;70.0000;1;0;0;0;0;0;2;81.0000;-2391.0000;129.0000;267;265;305;0;0;17406
37305;272;0;0;237;247;232;82.0000;147.0000;125.0000;100.0000;9.0000;70.0000;1;0;0;0;0;0;2;78.0000;-2391.0000;68.0000;267;265;305;0;0;17406
37316;272;0;0;237;247;232;82.0000;147.0000;135.0000;100.0000;9.0000;70.0000;1;0;0;0;0;0;2;78.0000;-2391.0000;68.0000;267;265;305;0;0;17406
37330;272;0;0;237;247;232;82.0000;147.0000;135.0000;100.0000;9.0000;70.0000;1;0;0;0;0;0;2;78.0000;-2391.0000;68.0000;267;265;305;0;0;17406
37341;272;0;0;237;247;232;82.0000;53.0000;135.0000;100.0000;9.0000;70.0000;1;0;0;0;0;0;2;78.0000;-2391.0000;68.0000;267;265;305;0;0;17392
37353;272;0;0;237;247;232;82.0000;53.0000;135.0000;100.0000;9.0000;70.0000;1;0;0;0;0;0;2;78.0000;-2391.0000;68.0000;267;265;305;0;0;17376
37364;272;0;0;237;247;232;82.0000;53.0000;135.0000;100.0000;9.0000;70.0000;1;0;0;0;0;0;2;78.0000;-2391.0000;68.0000;267;265;305;0;0;17376
37376;272;0;0;237;247;232;82.0000;53.0000;135.0000;100.0000;9.0000;70.0000;1;0;0;0;0;0;2;78.0000;-2391.0000;68.0000;267;265;305;0;0;17376
37389;272;0;0;237;247;232;82.0000;53.0000;135.0000;100.0000;9.0000;70.0000;1;0;0;0;0;0;2;122.0000;-2391.0000;68.0000;267;265;305;0;0;17376
37401;272;0;0;237;247;232;119.0000;53.0000;135.0000;100.0000;9.0000;70.0000;1;0;0;0;0;0;2;122.0000;-2391.0000;112.0000;267;265;305;0;0;17376
37412;272;0;0;237;247;232;119.0000;53.0000;135.0000;100.0000;8.0000;71.0000;1;0;0;0;0;0;2;122.0000;-2391.0000;112.0000;267;265;305;0;0;17376
37422;272;0;0;237;247;232;119.0000;53.0000;119.0000;100.0000;8.0000;71.0000;1;0;0;0;0;0;2;122.0000;-2391.0000;112.0000;267;265;305;0;0;17376
37435;272;0;0;237;247;232;119.0000;53.0000;119.0000;100.0000;8.0000;71.0000;1;0;0;0;0;0;2;122.0000;-2391.0000;112.0000;267;265;305;0;0;17376
37447;272;0;0;237;247;232;119.0000;53.0000;119.0000;100.0000;8.0000;71.0000;1;0;0;0;0;0;2;122.0000;-2391.0000;112.0000;267;265;305;0;0;17376
37458;272;0;0;237;247;232;119.0000;120.0000;119.0000;100.0000;8.0000;71.0000;1;0;0;0;0;0;2;122.0000;-2391.0000;112.0000;267;265;305;0;0;17380
37470;272;0;0;237;247;232;119.0000;120.0000;119.0000;100.0000;8.0000;71.0000;1;0;0;0;0;0;2;122.0000;-2391.0000;112.0000;267;265;305;0;0;17380
37566;272;0;0;237;247;232;72.0000;147.0000;125.0000;100.0000;8.0000;71.0000;1;0;0;0;0;0;2;132.0000;-2391.0000;132.0000;267;265;305;0;0;17380
37577;272;0;0;237;247;232;72.0000;147.0000;125.0000;100.0000;8.0000;71.0000;1;0;0;0;0;0;2;132.0000;-2391.0000;132.0000;267;265;305;0;0;17398
37588;272;0;0;237;247;232;72.0000;147.0000;125.0000;100.0000;8.0000;71.0000;1;0;0;0;0;0;2;98.0000;-2391.0000;132.0000;267;265;305;0;0;17398
37599;272;0;0;237;247;232;85.0000;147.0000;125.0000;100.0000;8.0000;71.0000;1;0;0;0;0;0;2;98.0000;-2391.0000;108.0000;267;265;305;0;0;17398
37610;272;0;0;237;247;232;85.0000;147.0000;125.0000;100.0000;8.0000;71.0000;1;0;0;0;0;0;2;98.0000;-2391.0000;108.0000;267;265;305;0;0;17398
37626;272;0;0;237;247;232;85.0000;147.0000;125.0000;100.0000;8.0000;71.0000;1;0;0;0;0;0;2;98.0000;-2391.0000;108.0000;267;265;305;0;0;17398
37637;272;0;0;237;247;232;85.0000;147.0000;88.0000;100.0000;8.0000;71.0000;1;0;0;0;0;0;2;98.0000;-2391.0000;108.0000;267;265;305;0;0;17398
37650;272;0;0;237;247;232;85.0000;161.0000;88.0000;100.0000;8.0000;71.0000;1;0;0;0;0;0;2;98.0000;-2391.0000;108.0000;267;265;305;0;0;17398
37664;272;0;0;237;247;232;85.0000;161.0000;88.0000;100.0000;8.0000;71.0000;1;0;0;0;0;0;2;98.0000;-2391.0000;108.0000;267;265;305;0;0;17398
37678;272;0;0;237;247;232;85.0000;161.0000;88.0000;100.0000;8.0000;71.0000;1;0;0;0;0;0;2;98.0000;-2391.0000;108.0000;267;265;305;0;0;17398
37691;272;0;0;237;247;232;85.0000;161.0000;88.0000;100.0000;8.0000;71.0000;1;0;0;0;0;0;2;108.0000;-2391.0000;108.0000;267;265;305;0;0;17406
37702;272;0;0;237;247;232;68.0000;161.0000;88.0000;100.0000;8.0000;71.0000;1;0;0;0;0;0;2;108.0000;-2391.0000;85.0000;267;265;305;0;0;17406
37720;272;0;0;237;247;232;68.0000;161.0000;88.0000;100.0000;8.0000;71.0000;1;0;0;0;0;0;2;108.0000;-2391.0000;85.0000;267;265;305;0;0;17406
37731;272;0;0;237;247;232;68.0000;161.0000;125.0000;100.0000;8.0000;71.0000;1;0;0;0;0;0;2;108.0000;-2391.0000;85.0000;267;265;305;0;0;17406
37741;272;0;0;237;247;232;68.0000;161.0000;125.0000;100.0000;8.0000;71.0000;1;0;0;0;0;0;2;108.0000;-2391.0000;85.0000;267;265;305;0;0;17406
37752;272;0;0;237;247;232;68.0000;-26.0000;125.0000;100.0000;8.0000;71.0000;1;0;0;0;0;0;2;108.0000;-2391.0000;85.0000;267;265;305;0;0;17406
37762;272;0;0;237;247;232;68.0000;-26.0000;125.0000;100.0000;8.0000;71.0000;1;0;0;0;0;0;2;108.0000;-2391.0000;85.0000;267;265;305;0;0;17406
37773;272;0;0;237;247;232;68.0000;-26.0000;125.0000;100.0000;8.0000;71.0000;1;0;0;0;0;0;2;108.0000;-2391.0000;85.0000;267;265;305;0;0;17406
37783;272;0;0;237;247;232;68.0000;-26.0000;125.0000;100.0000;8.0000;71.0000;1;0;0;0;0;0;2;102.0000;-2391.0000;85.0000;267;265;305;0;0;17406
37794;272;0;0;237;247;232;68.0000;-26.0000;125.0000;100.0000;8.0000;71.0000;1;0;0;0;0;0;2;102.0000;-2391.0000;122.0000;267;265;305;0;0;17406
37804;272;0;0;237;247;232;119.0000;-26.0000;125.0000;100.0000;8.0000;71.0000;1;0;0;0;0;0;2;102.0000;-2391.0000;122.0000;267;265;305;0;0;17406
37815;272;0;0;237;247;232;119.0000;-26.0000;125.0000;100.0000;8.0000;71.0000;1;0;0;0;0;0;2;102.0000;-2391.0000;122.0000;267;265;305;0;0;17406
37826;272;0;0;237;247;232;119.0000;-26.0000;129.0000;100.0000;8.0000;71.0000;1;0;0;0;0;0;2;102.0000;-2391.0000;122.0000;267;265;305;0;0;17406
37838;272;0;0;237;247;232;119.0000;-26.0000;129.0000;100.0000;8.0000;71.0000;1;0;0;0;0;0;2;102.0000;-2391.0000;122.0000;267;265;305;0;0;17406
37849;272;0;0;237;247;232;119.0000;-26.0000;129.0000;100.0000;8.0000;71.0000;1;0;0;0;0;0;2;102.0000;-2391.0000;122.0000;267;265;305;0;0;17406
37860;272;0;0;237;247;232;119.0000;-26.0000;129.0000;100.0000;8.0000;71.0000;1;0;0;0;0;0;2;102.0000;-2391.0000;122.0000;267;265;305;0;0;17406
37871;272;0;0;237;247;232;119.0000;26.0000;129.0000;100.0000;8.0000;71.0000;1;0;0;0;0;0;2;102.0000;-2391.0000;122.0000;267;265;305;0;0;17406
37881;272;0;0;237;247;232;119.0000;26.0000;129.0000;100.0000;8.0000;71.0000;1;0;0;0;0;0;2;102.0000;-2391.0000;122.0000;267;265;305;0;0;17406
37908;272;0;0;237;247;232;119.0000;26.0000;129.0000;100.0000;8.0000;71.0000;1;0;0;0;0;0;2;95.0000;-2391.0000;122.0000;267;265;305;0;0;17406
37919;272;0;0;237;247;232;115.0000;26.0000;129.0000;100.0000;8.0000;71.0000;1;0;0;0;0;0;2;95.0000;-2391.0000;122.0000;267;265;305;0;0;17406
37930;272;0;0;237;247;232;115.0000;26.0000;129.0000;100.0000;8.0000;71.0000;1;0;0;0;0;0;2;95.0000;-2391.0000;122.0000;267;265;305;0;0;17406
37947;272;0;0;237;247;232;115.0000;26.0000;132.0000;100.0000;8.0000;71.0000;1;0;0;0;0;0;2;95.0000;-2391.0000;122.0000;267;265;305;0;0;17406
37959;272;0;0;237;247;232;115.0000;26.0000;132.0000;100.0000;8.0000;71.0000;1;0;0;0;0;0;2;95.0000;-2391.0000;122.0000;267;265;305;0;0;17406
37969;272;0;0;237;247;232;115.0000;147.0000;132.0000;100.0000;8.0000;71.0000;1;0;0;0;0;0;2;95.0000;-2391.0000;122.0000;267;265;305;0;0;17406
37981;272;0;0;237;247;232;115.0000;147.0000;132.0000;100.0000;8.0000;71.0000;1;0;0;0;0;0;2;95.0000;-2391.0000;122.0000;267;265;305;0;0;17406
37992;272;0;0;237;247;232;115.0000;147.0000;132.0000;100.0000;8.0000;71.0000;1;0;0;0;0;0;2;85.0000;-2391.0000;122.0000;267;265;305;0;0;17406
38002;272;0;0;237;247;232;115.0000;147.0000;132.0000;100.0000;8.0000;71.0000;1;0;0;0;0;0;2;85.0000;-2391.0000;68.0000;267;265;305;0;0;17406
38013;272;0;0;237;247;232;95.0000;147.0000;132.0000;100.0000;8.0000;71.0000;1;0;0;0;0;0;2;85.0000;-2391.0000;68.0000;267;265;305;0;0;17406
38024;272;0;0;237;247;232;95.0000;147.0000;132.0000;100.0000;8.0000;71.0000;1;0;0;0;0;0;2;85.0000;-2391.0000;68.0000;267;265;305;0;0;17406
38034;272;0;0;237;247;232;95.0000;147.0000;119.0000;100.0000;8.0000;71.0000;1;0;0;0;0;0;2;85.0000;-2391.0000;68.0000;267;265;305;0;0;17406
38050;272;0;0;237;247;232;95.0000;147.0000;119.0000;100.0000;8.0000;71.0000;1;0;0;0;0;0;2;85.0000;-2391.0000;68.0000;267;265;305;0;0;17406
38061;272;0;0;237;247;232;95.0000;93.0000;119.0000;100.0000;8.0000;71.0000;1;0;0;0;0;0;2;85.0000;-2391.0000;68.0000;267;265;305;0;0;17406
38071;272;0;0;237;247;232;95.0000;93.0000;119.0000;100.0000;8.0000;71.0000;1;0;0;0;0;0;2;85.0000;-2391.0000;68.0000;267;265;305;0;0;17406
38082;272;0;0;237;247;232;95.0000;93.0000;119.0000;100.0000;8.0000;71.0000;1;0;0;0;0;0;2;85.0000;-2391.0000;68.0000;267;265;305;0;0;17406
38092;272;0;0;237;247;232;95.0000;93.0000;119.0000;100.0000;8.0000;71.0000;1;0;0;0;0;0;2;112.0000;-2391.0000;68.0000;267;265;305;0;0;17406
38103;272;0;0;237;247;232;95.0000;93.0000;119.0000;100.0000;8.0000;71.0000;1;0;0;0;0;0;2;112.0000;-2391.0000;129.0000;267;265;305;0;0;17406
38115;272;0;0;237;247;232;109.0000;93.0000;119.0000;100.0000;8.0000;71.0000;1;0;0;0;0;0;2;112.0000;-2391.0000;129.0000;267;265;305;0;0;17406
38125;272;0;0;237;247;232;109.0000;93.0000;119.0000;100.0000;8.0000;71.0000;1;0;0;0;0;0;2;112.0000;-2391.0000;129.0000;267;265;305;0;0;17406
38140;272;0;0;237;247;232;109.0000;93.0000;102.0000;100.0000;8.0000;71.0000;1;0;0;0;0;0;2;112.0000;-2391.0000;129.0000;267;265;305;0;0;17406
38151;272;0;0;237;247;232;109.0000;93.0000;102.0000;100.0000;8.0000;71.0000;1;0;0;0;0;0;2;112.0000;-2391.0000;129.0000;267;265;305;0;0;17406
38162;272;0;0;237;247;232;109.0000;93.0000;102.0000;100.0000;8.0000;71.0000;1;0;0;0;0;0;2;112.0000;-2391.0000;129.0000;267;265;305;0;0;17406
38172;272;0;0;237;247;232;109.0000;-26.0000;102.0000;100.0000;8.0000;71.0000;1;0;0;0;0;0;2;112.0000;-2391.0000;129.0000;267;265;305;0;0;17406
38183;272;0;0;237;247;232;109.0000;-26.0000;102.0000;100.0000;8.0000;71.0000;1;0;0;0;0;0;2;105.0000;-2391.0000;129.0000;267;265;305;0;0;17406
38193;272;0;0;237;247;232;109.0000;-26.0000;102.0000;100.0000;8.0000;71.0000;1;0;0;0;0;0;2;105.0000;-2391.0000;129.0000;267;265;305;0;0;17406
38204;272;0;0;237;247;232;109.0000;-26.0000;102.0000;100.0000;8.0000;71.0000;1;0;0;0;0;0;2;105.0000;-2391.0000;129.0000;267;265;305;0;0;17406
38218;272;0;0;237;247;232;92.0000;-26.0000;102.0000;100.0000;8.0000;71.0000;1;0;0;0;0;0;2;105.0000;-2391.0000;92.0000;267;265;305;0;0;17406
38231;272;0;0;237;247;232;92.0000;-26.0000;102.0000;100.0000;8.0000;71.0000;1;0;0;0;0;0;2;105.0000;-2391.0000;92.0000;267;265;305;0;0;17406
38242;272;0;0;237;247;232;92.0000;-26.0000;102.0000;100.0000;8.0000;71.0000;1;0;0;0;0;0;2;105.0000;-2391.0000;92.0000;267;265;305;0;0;17406
38253;272;0;0;237;247;232;92.0000;-26.0000;95.0000;100.0000;8.0000;71.0000;1;0;0;0;0;0;2;105.0000;-2391.0000;92.0000;267;265;305;0;0;17406
38264;272;0;0;237;247;232;92.0000;174.0000;95.0000;100.0000;8.0000;71.0000;1;0;0;0;0;0;2;105.0000;-2391.0000;92.0000;267;265;305;0;0;17406
38275;272;0;0;237;247;232;92.0000;174.0000;95.0000;100.0000;8.0000;71.0000;1;0;0;0;0;0;2;105.0000;-2391.0000;92.0000;267;265;305;0;0;17406
38291;272;0;0;237;247;232;92.0000;174.0000;95.0000;100.0000;8.0000;71.0000;1;0;0;0;0;0;2;139.0000;-2391.0000;92.0000;267;265;305;0;0;17406
38304;272;0;0;237;247;232;92.0000;174.0000;95.0000;100.0000;8.0000;71.0000;1;0;0;0;0;0;2;139.0000;-2391.0000;92.0000;267;265;305;0;0;17406
38314;272;0;0;237;247;232;92.0000;174.0000;95.0000;100.0000;8.0000;71.0000;1;0;0;0;0;0;2;139.0000;-2391.0000;135.0000;267;265;305;0;0;17404
38326;272;0;0;237;247;232;92.0000;174.0000;95.0000;100.0000;8.0000;71.0000;1;0;0;0;0;0;2;139.0000;-2391.0000;135.0000;267;265;305;0;0;17400
38337;272;0;0;237;247;232;126.0000;174.0000;95.0000;100.0000;8.0000;71.0000;1;0;0;0;0;0;2;139.0000;-2391.0000;135.0000;267;265;305;0;0;17376
38347;272;0;0;237;247;232;126.0000;174.0000;85.0000;100.0000;8.0000;71.0000;1;0;0;0;0;0;2;139.0000;-2391.0000;135.0000;267;265;305;0;0;17376
38360;272;0;0;237;247;232;126.0000;174.0000;85.0000;100.0000;8.0000;71.0000;1;0;0;0;0;0;2;139.0000;-2391.0000;135.0000;267;265;305;0;0;17376
38380;272;0;0;237;247;232;126.0000;134.0000;85.0000;100.0000;8.0000;71.0000;1;0;0;0;0;0;2;139.0000;-2391.0000;135.0000;267;265;305;0;0;17376
38391;272;0;0;237;247;232;126.0000;134.0000;85.0000;100.0000;8.0000;71.0000;1;0;0;0;0;0;2;132.0000;-2391.0000;135.0000;267;265;305;0;0;17376
38401;272;0;0;237;247;232;126.0000;134.0000;85.0000;100.0000;8.0000;71.0000;1;0;0;0;0;0;2;132.0000;-2391.0000;135.0000;267;265;305;0;0;17376
38412;272;0;0;237;247;232;126.0000;134.0000;85.0000;100.0000;7.0000;72.0000;1;0;0;0;0;0;2;132.0000;-2391.0000;78.0000;267;265;305;0;0;17376
38426;272;0;0;237;247;232;112.0000;134.0000;85.0000;100.0000;7.0000;72.0000;1;0;0;0;0;0;2;132.0000;-2391.0000;78.0000;267;265;305;0;0;17376
38438;272;0;0;237;247;232;112.0000;134.0000;85.0000;100.0000;7.0000;72.0000;1;0;0;0;0;0;2;132.0000;-2391.0000;78.0000;267;265;305;0;0;17380
38449;272;0;0;237;247;232;112.0000;134.0000;92.0000;100.0000;7.0000;72.0000;1;0;0;0;0;0;2;132.0000;-2391.0000;78.0000;267;265;305;0;0;17380
38460;272;0;0;237;247;232;112.0000;134.0000;92.0000;100.0000;7.0000;72.0000;1;0;0;0;0;0;2;132.0000;-2391.0000;78.0000;267;265;305;0;0;17380
38471;272;0;0;237;247;232;112.0000;161.0000;92.0000;100.0000;7.0000;72.0000;1;0;0;0;0;0;2;132.0000;-2391.0000;78.0000;267;265;305;0;0;17380
38481;272;0;0;237;247;232;112.0000;161.0000;92.0000;100.0000;7.0000;72.0000;1;0;0;0;0;0;2;132.0000;-2391.0000;78.0000;267;265;305;0;0;17380
38492;272;0;0;237;247;232;112.0000;161.0000;92.0000;100.0000;7.0000;72.0000;1;0;0;0;0;0;2;92.0000;-2391.0000;78.0000;267;265;305;0;0;17380
38511;272;0;0;237;247;232;112.0000;161.0000;92.0000;100.0000;7.0000;72.0000;1;0;0;0;0;0;2;92.0000;-2391.0000;129.0000;267;265;305;0;0;17380
38523;272;0;0;237;247;232;112.0000;161.0000;92.0000;100.0000;7.0000;72.0000;1;0;0;0;0;0;2;92.0000;-2391.0000;129.0000;267;265;305;0;0;17380
38536;272;0;0;237;247;232;99.0000;161.0000;92.0000;100.0000;7.0000;72.0000;1;0;0;0;0;0;2;92.0000;-2391.0000;129.0000;267;265;305;0;0;17380
38550;272;0;0;237;247;232;99.0000;161.0000;105.0000;100.0000;7.0000;72.0000;1;0;0;0;0;0;2;92.0000;-2391.0000;129.0000;267;265;305;0;0;17396
38564;272;0;0;237;247;232;99.0000;161.0000;105.0000;100.0000;7.0000;72.0000;1;0;0;0;0;0;2;92.0000;-2391.0000;129.0000;267;265;305;0;0;17396
38574;272;0;0;237;247;232;99.0000;40.0000;105.0000;100.0000;7.0000;72.0000;1;0;0;0;0;0;2;92.0000;-2391.0000;129.0000;267;265;305;0;0;17396
38585;272;0;0;237;247;232;99.0000;40.0000;105.0000;100.0000;7.0000;72.0000;1;0;0;0;0;0;2;128.0000;-2391.0000;129.0000;267;265;305;0;0;17396
38595;272;0;0;237;247;232;99.0000;40.0000;105.0000;100.0000;7.0000;72.0000;1;0;0;0;0;0;2;128.0000;-2391.0000;129.0000;267;265;305;0;0;17396
38606;272;0;0;237;247;232;99.0000;40.0000;105.0000;100.0000;7.0000;72.0000;1;0;0;0;0;0;2;128.0000;-2391.0000;119.0000;267;265;305;0;0;17396
38618;272;0;0;237;247;232;99.0000;40.0000;105.0000;100.0000;7.0000;72.0000;1;0;0;0;0;0;2;128.0000;-2391.0000;119.0000;267;265;305;0;0;17396
38629;272;0;0;237;247;232;109.0000;40.0000;105.0000;100.0000;7.0000;72.0000;1;0;0;0;0;0;2;128.0000;-2391.0000;119.0000;267;265;305;0;0;17396
38641;272;0;0;237;247;232;109.0000;40.0000;105.0000;100.0000;7.0000;72.0000;1;0;0;0;0;0;2;128.0000;-2391.0000;119.0000;267;265;305;0;0;17396
38651;272;0;0;237;247;232;109.0000;40.0000;105.0000;100.0000;7.0000;72.0000;1;0;0;0;0;0;2;128.0000;-2391.0000;119.0000;267;265;305;0;0;17396
38662;272;0;0;237;247;232;109.0000;40.0000;105.0000;100.0000;7.0000;72.0000;1;0;0;0;0;0;2;128.0000;-2391.0000;119.0000;267;265;305;0;0;17396
38672;272;0;0;237;247;232;109.0000;174.0000;129.0000;100.0000;7.0000;72.0000;1;0;0;0;0;0;2;128.0000;-2391.0000;119.0000;267;265;305;0;0;17406
38683;272;0;0;237;247;232;109.0000;174.0000;129.0000;100.0000;7.0000;72.0000;1;0;0;0;0;0;2;128.0000;-2391.0000;119.0000;267;265;305;0;0;17406
38694;272;0;0;237;247;232;109.0000;174.0000;129.0000;100.0000;7.0000;72.0000;1;0;0;0;0;0;2;142.0000;-2391.0000;119.0000;267;265;305;0;0;17406
38704;272;0;0;237;247;232;109.0000;174.0000;129.0000;100.0000;7.0000;72.0000;1;0;0;0;0;0;2;142.0000;-2391.0000;105.0000;267;265;305;0;0;17406
38715;272;0;0;237;247;232;109.0000;174.0000;129.0000;100.0000;7.0000;72.0000;1;0;0;0;0;0;2;142.0000;-2391.0000;105.0000;267;265;305;0;0;17406
38725;272;0;0;237;247;232;109.0000;174.0000;129.0000;100.0000;7.0000;72.0000;1;0;0;0;0;0;2;142.0000;-2391.0000;105.0000;267;265;305;0;0;17406
38736;272;0;0;237;247;232;119.0000;174.0000;129.0000;100.0000;7.0000;72.0000;1;0;0;0;0;0;2;142.0000;-2391.0000;105.0000;267;265;305;0;0;17406
38746;272;0;0;237;247;232;119.0000;174.0000;129.0000;100.0000;7.0000;72.0000;1;0;0;0;0;0;2;142.0000;-2391.0000;105.0000;267;265;305;0;0;17406
38757;272;0;0;237;247;232;119.0000;174.0000;119.0000;100.0000;7.0000;72.0000;1;0;0;0;0;0;2;142.0000;-2391.0000;105.0000;267;265;305;0;0;17406
38768;272;0;0;237;247;232;119.0000;-26.0000;119.0000;100.0000;7.0000;72.0000;1;0;0;0;0;0;2;142.0000;-2391.0000;105.0000;267;265;305;0;0;17406
38778;272;0;0;237;247;232;119.0000;-26.0000;119.0000;100.0000;7.0000;72.0000;1;0;0;0;0;0;2;142.0000;-2391.0000;105.0000;267;265;305;0;0;17406
38789;272;0;0;237;247;232;119.0000;-26.0000;119.0000;100.0000;7.0000;72.0000;1;0;0;0;0;0;2;85.0000;-2391.0000;105.0000;267;265;305;0;0;17406
38800;272;0;0;237;247;232;119.0000;-26.0000;119.0000;100.0000;7.0000;72.0000;1;0;0;0;0;0;2;85.0000;-2391.0000;105.0000;267;265;305;0;0;17406
38810;272;0;0;237;247;232;119.0000;-26.0000;119.0000;100.0000;7.0000;72.0000;1;0;0;0;0;0;2;85.0000;-2391.0000;82.0000;267;265;305;0;0;17406
38821;272;0;0;237;247;232;119.0000;-26.0000;119.0000;100.0000;7.0000;72.0000;1;0;0;0;0;0;2;85.0000;-2391.0000;82.0000;267;265;305;0;0;17406
38831;272;0;0;237;247;232;112.0000;-26.0000;119.0000;100.0000;7.0000;72.0000;1;0;0;0;0;0;2;85.0000;-2391.0000;82.0000;267;265;305;0;0;17406
38841;272;0;0;237;247;232;112.0000;-26.0000;119.0000;100.0000;7.0000;72.0000;1;0;0;0;0;0;2;85.0000;-2391.0000;82.0000;267;265;305;0;0;17406
38852;272;0;0;237;247;232;112.0000;-26.0000;108.0000;100.0000;7.0000;72.0000;1;0;0;0;0;0;2;85.0000;-2391.0000;82.0000;267;265;305;0;0;17406
38862;272;0;0;237;247;232;112.0000;-26.0000;108.0000;100.0000;7.0000;72.0000;1;0;0;0;0;0;2;85.0000;-2391.0000;82.0000;267;265;305;0;0;17406
38873;272;0;0;237;247;232;112.0000;-13.0000;108.0000;100.0000;7.0000;72.0000;1;0;0;0;0;0;2;85.0000;-2391.0000;82.0000;267;265;305;0;0;17406
38883;272;0;0;237;247;232;112.0000;-13.0000;108.0000;100.0000;7.0000;72.0000;1;0;0;0;0;0;2;85.0000;-2391.0000;82.0000;267;265;305;0;0;17406
38893;272;0;0;237;247;232;112.0000;-13.0000;108.0000;100.0000;7.0000;72.0000;1;0;0;0;0;0;2;139.0000;-2391.0000;82.0000;267;265;305;0;0;17406
38904;272;0;0;237;247;232;112.0000;-13.0000;108.0000;100.0000;7.0000;72.0000;1;0;0;0;0;0;2;139.0000;-2391.0000;82.0000;267;265;305;0;0;17406
38915;272;0;0;237;247;232;112.0000;-13.0000;108.0000;100.0000;7.0000;72.0000;1;0;0;0;0;0;2;139.0000;-2391.0000;72.0000;267;265;305;0;0;17406
38925;272;0;0;237;247;232;112.0000;-13.0000;108.0000;100.0000;7.0000;72.0000;1;0;0;0;0;0;2;139.0000;-2391.0000;72.0000;267;265;305;0;0;17406
38936;272;0;0;237;247;232;119.0000;-13.0000;108.0000;100.0000;7.0000;72.0000;1;0;0;0;0;0;2;139.0000;-2391.0000;72.0000;267;265;305;0;0;17406
38946;272;0;0;237;247;232;119.0000;-13.0000;108.0000;100.0000;7.0000;72.0000;1;0;0;0;0;0;2;139.0000;-2391.0000;72.0000;267;265;305;0;0;17406
38957;272;0;0;237;247;232;119.0000;-13.0000;122.0000;100.0000;7.0000;72.0000;1;0;0;0;0;0;2;139.0000;-2391.0000;72.0000;267;265;305;0;0;17406
38967;272;0;0;237;247;232;119.0000;-13.0000;122.0000;100.0000;7.0000;72.0000;1;0;0;0;0;0;2;139.0000;-2391.0000;72.0000;267;265;305;0;0;17406
38978;272;0;0;237;247;232;119.0000;80.0000;122.0000;100.0000;7.0000;72.0000;1;0;0;0;0;0;2;139.0000;-2391.0000;72.0000;267;265;305;0;0;17406
38989;272;0;0;237;247;232;119.0000;80.0000;122.0000;100.0000;7.0000;72.0000;1;0;0;0;0;0;2;132.0000;-2391.0000;72.0000;267;265;305;0;0;17406
38999;272;0;0;237;247;232;119.0000;80.0000;122.0000;100.0000;7.0000;72.0000;1;0;0;0;0;0;2;132.0000;-2391.0000;72.0000;267;265;305;0;0;17406
39010;272;0;0;237;247;232;119.0000;80.0000;122.0000;100.0000;7.0000;72.0000;1;0;0;0;0;0;2;132.0000;-2391.0000;88.0000;267;265;305;0;0;17406
39020;272;0;0;237;247;232;119.0000;80.0000;122.0000;100.0000;7.0000;72.0000;1;0;0;0;0;0;2;132.0000;-2391.0000;88.0000;267;265;305;0;0;17406
39031;272;0;0;237;247;232;105.0000;80.0000;122.0000;100.0000;7.0000;72.0000;1;0;0;0;0;0;2;132.0000;-2391.0000;88.0000;267;265;305;0;0;17406
39042;272;0;0;237;247;232;105.0000;80.0000;122.0000;100.0000;7.0000;72.0000;1;0;0;0;0;0;2;132.0000;-2391.0000;88.0000;267;265;305;0;0;17406
39052;272;0;0;237;247;232;105.0000;80.0000;122.0000;100.0000;7.0000;72.0000;1;0;0;0;0;0;2;132.0000;-2391.0000;88.0000;267;265;305;0;0;17406
39063;272;0;0;237;247;232;105.0000;80.0000;122.0000;100.0000;7.0000;72.0000;1;0;0;0;0;0;2;132.0000;-2391.0000;88.0000;267;265;305;0;0;17406
39073;272;0;0;237;247;232;105.0000;93.0000;122.0000;100.0000;7.0000;72.0000;1;0;0;0;0;0;2;132.0000;-2391.0000;88.0000;267;265;305;0;0;17406
39085;272;0;0;237;247;232;105.0000;93.0000;122.0000;100.0000;7.0000;72.0000;1;0;0;0;0;0;2;132.0000;-2391.0000;88.0000;267;265;305;0;0;17406
39095;272;0;0;237;247;232;105.0000;93.0000;122.0000;100.0000;7.0000;72.0000;1;0;0;0;0;0;2;68.0000;-2391.0000;88.0000;267;265;305;0;0;17406
39106;272;0;0;237;247;232;105.0000;93.0000;122.0000;100.0000;7.0000;72.0000;1;0;0;0;0;0;2;68.0000;-2391.0000;129.0000;267;265;305;0;0;17406
39116;272;0;0;237;247;232;105.0000;93.0000;122.0000;100.0000;7.0000;72.0000;1;0;0;0;0;0;2;68.0000;-2391.0000;129.0000;267;265;305;0;0;17406
39127;272;0;0;237;247;232;105.0000;93.0000;122.0000;100.0000;7.0000;72.0000;1;0;0;0;0;0;2;68.0000;-2391.0000;129.0000;267;265;305;0;0;17406
39137;272;0;0;237;247;232;122.0000;93.0000;122.0000;100.0000;7.0000;72.0000;1;0;0;0;0;0;2;68.0000;-2391.0000;129.0000;267;265;305;0;0;17406
39148;272;0;0;237;247;232;122.0000;93.0000;122.0000;100.0000;7.0000;72.0000;1;0;0;0;0;0;2;68.0000;-2391.0000;129.0000;267;265;305;0;0;17406
39158;272;0;0;237;247;232;122.0000;93.0000;92.0000;100.0000;7.0000;72.0000;1;0;0;0;0;0;2;68.0000;-2391.0000;129.0000;267;265;305;0;0;17406
39170;272;0;0;237;247;232;122.0000;93.0000;92.0000;100.0000;7.0000;72.0000;1;0;0;0;0;0;2;68.0000;-2391.0000;129.0000;267;265;305;0;0;17406
39181;272;0;0;237;247;232;122.0000;147.0000;92.0000;100.0000;7.0000;72.0000;1;0;0;0;0;0;2;68.0000;-2391.0000;129.0000;267;265;305;0;0;17406
39193;272;0;0;237;247;232;122.0000;147.0000;92.0000;100.0000;7.0000;72.0000;1;0;0;0;0;0;2;71.0000;-2391.0000;129.0000;267;265;305;0;0;17406
39204;272;0;0;237;247;232;122.0000;147.0000;92.0000;100.0000;7.0000;72.0000;1;0;0;0;0;0;2;71.0000;-2391.0000;129.0000;267;265;305;0;0;17406
39214;272;0;0;237;247;232;122.0000;147.0000;92.0000;100.0000;7.0000;72.0000;1;0;0;0;0;0;2;71.0000;-2391.0000;88.0000;267;265;305;0;0;17406
39225;272;0;0;237;247;232;122.0000;147.0000;92.0000;100.0000;7.0000;72.0000;1;0;0;0;0;0;2;71.0000;-2391.0000;88.0000;267;265;305;0;0;17406
39236;272;0;0;237;247;232;122.0000;147.0000;92.0000;100.0000;7.0000;72.0000;1;0;0;0;0;0;2;71.0000;-2391.0000;88.0000;267;265;305;0;0;17406
39246;272;0;0;237;247;232;95.0000;147.0000;92.0000;100.0000;7.0000;72.0000;1;0;0;0;0;0;2;71.0000;-2391.0000;88.0000;267;265;305;0;0;17406
39257;272;0;0;237;247;232;95.0000;147.0000;88.0000;100.0000;7.0000;72.0000;1;0;0;0;0;0;2;71.0000;-2391.0000;88.0000;267;265;305;0;0;17406
39267;272;0;0;237;247;232;95.0000;147.0000;88.0000;100.0000;7.0000;72.0000;1;0;0;0;0;0;2;71.0000;-2391.0000;88.0000;267;265;305;0;0;17406
39277;272;0;0;237;247;232;95.0000;80.0000;88.0000;100.0000;7.0000;72.0000;1;0;0;0;0;0;2;71.0000;-2391.0000;88.0000;267;265;305;0;0;17406
39289;272;0;0;237;247;232;95.0000;80.0000;88.0000;100.0000;7.0000;72.0000;1;0;0;0;0;0;2;71.0000;-2391.0000;88.0000;267;265;305;0;0;17406
39300;272;0;0;237;247;232;95.0000;80.0000;88.0000;100.0000;7.0000;72.0000;1;0;0;0;0;0;2;95.0000;-2391.0000;88.0000;267;265;305;0;0;17376
39311;272;0;0;237;247;232;95.0000;80.0000;88.0000;100.0000;7.0000;72.0000;1;0;0;0;0;0;2;95.0000;-2391.0000;112.0000;267;265;305;0;0;17376
39321;272;0;0;237;247;232;95.0000;80.0000;88.0000;100.0000;7.0000;72.0000;1;0;0;0;0;0;2;95.0000;-2391.0000;112.0000;267;265;305;0;0;17376
39332;272;0;0;237;247;232;95.0000;80.0000;88.0000;100.0000;7.0000;72.0000;1;0;0;0;0;0;2;95.0000;-2391.0000;112.0000;267;265;305;0;0;17376
39342;272;0;0;237;247;232;95.0000;80.0000;88.0000;100.0000;7.0000;72.0000;1;0;0;0;0;0;2;95.0000;-2391.0000;112.0000;267;265;305;0;0;17376
39354;272;0;0;237;247;232;95.0000;80.0000;95.0000;100.0000;7.0000;72.0000;1;0;0;0;0;0;2;95.0000;-2391.0000;112.0000;267;265;305;0;0;17376
39364;272;0;0;237;247;232;95.0000;80.0000;95.0000;100.0000;7.0000;72.0000;1;0;0;0;0;0;2;95.0000;-2391.0000;112.0000;267;265;305;0;0;17376
39375;272;0;0;237;247;232;95.0000;80.0000;95.0000;100.0000;7.0000;72.0000;1;0;0;0;0;0;2;95.0000;-2391.0000;112.0000;267;265;305;0;0;17376
39386;272;0;0;237;247;232;95.0000;80.0000;95.0000;100.0000;7.0000;72.0000;1;0;0;0;0;0;2;95.0000;-2391.0000;112.0000;267;265;305;0;0;17376
39396;272;0;0;237;247;232;95.0000;80.0000;95.0000;100.0000;7.0000;72.0000;1;0;0;0;0;0;2;88.0000;-2391.0000;112.0000;267;265;305;0;0;17376
39408;272;0;0;237;247;232;95.0000;80.0000;95.0000;50.0000;7.0000;71.0000;1;0;0;0;0;0;2;88.0000;-2391.0000;112.0000;267;265;305;0;0;17380
39418;272;0;0;237;247;232;95.0000;80.0000;95.0000;50.0000;7.0000;71.0000;1;0;0;0;0;0;2;88.0000;-2391.0000;119.0000;267;265;305;0;0;17380
39429;272;0;0;237;247;232;95.0000;80.0000;95.0000;50.0000;7.0000;71.0000;1;0;0;0;0;0;2;88.0000;-2391.0000;119.0000;267;265;305;0;0;17380
39439;272;0;0;237;247;232;112.0000;80.0000;95.0000;50.0000;7.0000;71.0000;1;0;0;0;0;0;2;88.0000;-2391.0000;119.0000;267;265;305;0;0;17380
39451;272;0;0;237;247;232;112.0000;80.0000;95.0000;50.0000;7.0000;71.0000;1;0;0;0;0;0;2;88.0000;-2391.0000;119.0000;267;265;305;0;0;17380
39461;272;0;0;237;247;232;112.0000;80.0000;105.0000;50.0000;7.0000;71.0000;1;0;0;0;0;0;2;88.0000;-2391.0000;119.0000;267;265;305;0;0;17380
39472;272;0;0;237;247;232;112.0000;80.0000;105.0000;50.0000;7.0000;71.0000;1;0;0;0;0;0;2;88.0000;-2391.0000;119.0000;267;265;305;0;0;17380
39483;272;0;0;237;247;232;112.0000;-26.0000;105.0000;50.0000;7.0000;71.0000;1;0;0;0;0;0;2;88.0000;-2391.0000;119.0000;267;265;305;0;0;17380
39494;272;0;0;237;247;232;112.0000;-26.0000;105.0000;50.0000;7.0000;71.0000;1;0;0;0;0;0;2;135.0000;-2391.0000;119.0000;267;265;305;0;0;17380
39504;272;0;0;237;247;232;112.0000;-26.0000;105.0000;50.0000;7.0000;71.0000;1;0;0;0;0;0;2;135.0000;-2391.0000;119.0000;267;265;305;0;0;17380
39516;272;0;0;237;247;232;112.0000;-26.0000;105.0000;50.0000;7.0000;71.0000;1;0;0;0;0;0;2;135.0000;-2391.0000;132.0000;267;265;305;0;0;17380
39528;272;0;0;237;247;232;112.0000;-26.0000;105.0000;50.0000;7.0000;71.0000;1;0;0;0;0;0;2;135.0000;-2391.0000;132.0000;267;265;305;0;0;17380
39538;272;0;0;237;247;232;105.0000;-26.0000;105.0000;50.0000;7.0000;71.0000;1;0;0;0;0;0;2;135.0000;-2391.0000;132.0000;267;265;305;0;0;17380
39548;272;0;0;237;247;232;105.0000;-26.0000;105.0000;50.0000;7.0000;71.0000;1;0;0;0;0;0;2;135.0000;-2391.0000;132.0000;267;265;305;0;0;17380
39559;272;0;0;237;247;232;105.0000;-26.0000;105.0000;50.0000;7.0000;71.0000;1;0;0;0;0;0;2;135.0000;-2391.0000;132.0000;267;265;305;0;0;17380
39570;272;0;0;237;247;232;105.0000;-26.0000;129.0000;50.0000;7.0000;71.0000;1;0;0;0;0;0;2;135.0000;-2391.0000;132.0000;267;265;305;0;0;17380
39581;272;0;0;237;247;232;105.0000;40.0000;129.0000;50.0000;7.0000;71.0000;1;0;0;0;0;0;2;135.0000;-2391.0000;132.0000;267;265;305;0;0;17380
39592;272;0;0;237;247;232;105.0000;40.0000;129.0000;50.0000;7.0000;71.0000;1;0;0;0;0;0;2;135.0000;-2391.0000;132.0000;267;265;305;0;0;17380
39607;272;0;0;237;247;232;105.0000;40.0000;129.0000;50.0000;7.0000;71.0000;1;0;0;0;0;0;2;102.0000;-2391.0000;132.0000;267;265;305;0;0;17380
39617;272;0;0;237;247;232;105.0000;40.0000;129.0000;50.0000;7.0000;71.0000;1;0;0;0;0;0;2;102.0000;-2391.0000;108.0000;267;265;305;0;0;17398
39628;272;0;0;237;247;232;105.0000;40.0000;129.0000;50.0000;7.0000;71.0000;1;0;0;0;0;0;2;102.0000;-2391.0000;108.0000;267;265;305;0;0;17398
39638;272;0;0;237;247;232;122.0000;40.0000;129.0000;50.0000;7.0000;71.0000;1;0;0;0;0;0;2;102.0000;-2391.0000;108.0000;267;265;305;0;0;17398
39649;272;0;0;237;247;232;122.0000;40.0000;129.0000;50.0000;7.0000;71.0000;1;0;0;0;0;0;2;102.0000;-2391.0000;108.0000;267;265;305;0;0;17398
39659;272;0;0;237;247;232;122.0000;40.0000;115.0000;50.0000;7.0000;71.0000;1;0;0;0;0;0;2;102.0000;-2391.0000;108.0000;267;265;305;0;0;17398
39670;272;0;0;237;247;232;122.0000;40.0000;115.0000;50.0000;7.0000;71.0000;1;0;0;0;0;0;2;102.0000;-2391.0000;108.0000;267;265;305;0;0;17398
39680;272;0;0;237;247;232;122.0000;147.0000;115.0000;50.0000;7.0000;71.0000;1;0;0;0;0;0;2;102.0000;-2391.0000;108.0000;267;265;305;0;0;17398
39691;272;0;0;237;247;232;122.0000;147.0000;115.0000;50.0000;7.0000;71.0000;1;0;0;0;0;0;2;102.0000;-2391.0000;108.0000;267;265;305;0;0;17398
39702;272;0;0;237;247;232;122.0000;147.0000;115.0000;50.0000;7.0000;71.0000;1;0;0;0;0;0;2;78.0000;-2391.0000;108.0000;267;265;305;0;0;17398
39712;272;0;0;237;247;232;122.0000;147.0000;115.0000;50.0000;7.0000;71.0000;1;0;0;0;0;0;2;78.0000;-2391.0000;102.0000;267;265;305;0;0;17398
39723;272;0;0;237;247;232;122.0000;147.0000;115.0000;50.0000;7.0000;71.0000;1;0;0;0;0;0;2;78.0000;-2391.0000;102.0000;267;265;305;0;0;17406
39735;272;0;0;237;247;232;122.0000;147.0000;115.0000;50.0000;7.0000;71.0000;1;0;0;0;0;0;2;78.0000;-2391.0000;102.0000;267;265;305;0;0;17406
39745;272;0;0;237;247;232;85.0000;147.0000;115.0000;50.0000;7.0000;71.0000;1;0;0;0;0;0;2;78.0000;-2391.0000;102.0000;267;265;305;0;0;17406
39756;272;0;0;237;247;232;85.0000;147.0000;122.0000;50.0000;7.0000;71.0000;1;0;0;0;0;0;2;78.0000;-2391.0000;102.0000;267;265;305;0;0;17406
39767;272;0;0;237;247;232;85.0000;147.0000;122.0000;50.0000;7.0000;71.0000;1;0;0;0;0;0;2;78.0000;-2391.0000;102.0000;267;265;305;0;0;17406
39777;272;0;0;237;247;232;85.0000;93.0000;122.0000;50.0000;7.0000;71.0000;1;0;0;0;0;0;2;78.0000;-2391.0000;102.0000;267;265;305;0;0;17406
39788;272;0;0;237;247;232;85.0000;93.0000;122.0000;50.0000;7.0000;71.0000;1;0;0;0;0;0;2;78.0000;-2391.0000;102.0000;267;265;305;0;0;17406
39798;272;0;0;237;247;232;85.0000;93.0000;122.0000;50.0000;7.0000;71.0000;1;0;0;0;0;0;2;139.0000;-2391.0000;102.0000;267;265;305;0;0;17406
39809;272;0;0;237;247;232;85.0000;93.0000;122.0000;50.0000;7.0000;71.0000;1;0;0;0;0;0;2;139.0000;-2391.0000;102.0000;267;265;305;0;0;17406
39820;272;0;0;237;247;232;85.0000;93.0000;122.0000;50.0000;7.0000;71.0000;1;0;0;0;0;0;2;139.0000;-2391.0000;58.0000;267;265;305;0;0;17406
39830;272;0;0;237;247;232;85.0000;93.0000;122.0000;50.0000;7.0000;71.0000;1;0;0;0;0;0;2;139.0000;-2391.0000;58.0000;267;265;305;0;0;17406
39846;272;0;0;237;247;232;126.0000;93.0000;122.0000;50.0000;7.0000;71.0000;1;0;0;0;0;0;2;139.0000;-2391.0000;58.0000;267;265;305;0;0;17406
39857;272;0;0;237;247;232;126.0000;93.0000;95.0000;50.0000;7.0000;71.0000;1;0;0;0;0;0;2;139.0000;-2391.0000;58.0000;267;265;305;0;0;17406
39868;272;0;0;237;247;232;126.0000;93.0000;95.0000;50.0000;7.0000;71.0000;1;0;0;0;0;0;2;139.0000;-2391.0000;58.0000;267;265;305;0;0;17406
39878;272;0;0;237;247;232;126.0000;53.0000;95.0000;50.0000;7.0000;71.0000;1;0;0;0;0;0;2;139.0000;-2391.0000;58.0000;267;265;305;0;0;17406
39888;272;0;0;237;247;232;126.0000;53.0000;95.0000;50.0000;7.0000;71.0000;1;0;0;0;0;0;2;139.0000;-2391.0000;58.0000;267;265;305;0;0;17406
39899;272;0;0;237;247;232;126.0000;53.0000;95.0000;50.0000;7.0000;71.0000;1;0;0;0;0;0;2;71.0000;-2391.0000;58.0000;267;265;305;0;0;17406
39910;272;0;0;237;247;232;126.0000;53.0000;95.0000;50.0000;7.0000;71.0000;1;0;0;0;0;0;2;71.0000;-2391.0000;58.0000;267;265;305;0;0;17406
39920;272;0;0;237;247;232;126.0000;53.0000;95.0000;50.0000;7.0000;71.0000;1;0;0;0;0;0;2;71.0000;-2391.0000;125.0000;267;265;305;0;0;17406
39931;272;0;0;237;247;232;126.0000;53.0000;95.0000;50.0000;7.0000;71.0000;1;0;0;0;0;0;2;71.0000;-2391.0000;125.0000;267;265;305;0;0;17406
39941;272;0;0;237;247;232;126.0000;53.0000;95.0000;50.0000;7.0000;71.0000;1;0;0;0;0;0;2;71.0000;-2391.0000;125.0000;267;265;305;0;0;17406
39952;272;0;0;237;247;232;126.0000;53.0000;95.0000;50.0000;7.0000;71.0000;1;0;0;0;0;0;2;71.0000;-2391.0000;125.0000;267;265;305;0;0;17406
39962;272;0;0;237;247;232;126.0000;53.0000;92.0000;50.0000;7.0000;71.0000;1;0;0;0;0;0;2;71.0000;-2391.0000;125.0000;267;265;305;0;0;17406
39973;272;0;0;237;247;232;126.0000;53.0000;92.0000;50.0000;7.0000;71.0000;1;0;0;0;0;0;2;71.0000;-2391.0000;125.0000;267;265;305;0;0;17406
39983;272;0;0;237;247;232;126.0000;147.0000;92.0000;50.0000;7.0000;71.0000;1;0;0;0;0;0;2;71.0000;-2391.0000;125.0000;267;265;305;0;0;17406
39993;272;0;0;237;247;232;126.0000;147.0000;92.0000;50.0000;7.0000;71.0000;1;0;0;0;0;0;2;71.0000;-2391.0000;125.0000;267;265;305;0;0;17406
40004;272;0;0;237;247;232;126.0000;147.0000;92.0000;50.0000;7.0000;71.0000;1;0;0;0;0;0;2;135.0000;-2391.0000;125.0000;267;265;305;0;0;17406
40014;272;0;0;237;247;232;126.0000;147.0000;92.0000;50.0000;7.0000;71.0000;1;0;0;0;0;0;2;135.0000;-2391.0000;105.0000;267;265;305;0;0;17406
40025;272;0;0;237;247;232;126.0000;147.0000;92.0000;50.0000;7.0000;71.0000;1;0;0;0;0;0;2;135.0000;-2391.0000;105.0000;267;265;305;0;0;17406
40035;272;0;0;237;247;232;126.0000;147.0000;92.0000;50.0000;7.0000;71.0000;1;0;0;0;0;0;2;135.0000;-2391.0000;105.0000;267;265;305;0;0;17406
40046;272;0;0;237;247;232;82.0000;147.0000;92.0000;50.0000;7.0000;71.0000;1;0;0;0;0;0;2;135.0000;-2391.0000;105.0000;267;265;305;0;0;17406
40057;272;0;0;237;247;232;82.0000;147.0000;92.0000;50.0000;7.0000;71.0000;1;0;0;0;0;0;2;135.0000;-2391.0000;105.0000;267;265;305;0;0;17406
40068;272;0;0;237;247;232;82.0000;147.0000;102.0000;50.0000;7.0000;71.0000;1;0;0;0;0;0;2;135.0000;-2391.0000;105.0000;267;265;305;0;0;17406
40078;272;0;0;237;247;232;82.0000;26.0000;102.0000;50.0000;7.0000;71.0000;1;0;0;0;0;0;2;135.0000;-2391.0000;105.0000;267;265;305;0;0;17406
40089;272;0;0;237;247;232;82.0000;26.0000;102.0000;50.0000;7.0000;71.0000;1;0;0;0;0;0;2;135.0000;-2391.0000;105.0000;267;265;305;0;0;17406
40099;272;0;0;237;247;232;82.0000;26.0000;102.0000;50.0000;7.0000;71.0000;1;0;0;0;0;0;2;102.0000;-2391.0000;105.0000;267;265;305;0;0;17406
40110;272;0;0;237;247;232;82.0000;26.0000;102.0000;50.0000;7.0000;71.0000;1;0;0;0;0;0;2;102.0000;-2391.0000;105.0000;267;265;305;0;0;17406
40120;272;0;0;237;247;232;82.0000;26.0000;102.0000;50.0000;7.0000;71.0000;1;0;0;0;0;0;2;102.0000;-2391.0000;78.0000;267;265;305;0;0;17406
40131;272;0;0;237;247;232;82.0000;26.0000;102.0000;50.0000;7.0000;71.0000;1;0;0;0;0;0;2;102.0000;-2391.0000;78.0000;267;265;305;0;0;17406
40141;272;0;0;237;247;232;112.0000;26.0000;102.0000;50.0000;7.0000;71.0000;1;0;0;0;0;0;2;102.0000;-2391.0000;78.0000;267;265;305;0;0;17406
40152;272;0;0;237;247;232;112.0000;26.0000;102.0000;50.0000;7.0000;71.0000;1;0;0;0;0;0;2;102.0000;-2391.0000;78.0000;267;265;305;0;0;17406
40162;272;0;0;237;247;232;112.0000;26.0000;125.0000;50.0000;7.0000;71.0000;1;0;0;0;0;0;2;102.0000;-2391.0000;78.0000;267;265;305;0;0;17406
40173;272;0;0;237;247;232;112.0000;26.0000;125.0000;50.0000;7.0000;71.0000;1;0;0;0;0;0;2;102.0000;-2391.0000;78.0000;267;265;305;0;0;17406
40184;272;0;0;237;247;232;112.0000;147.0000;125.0000;50.0000;7.0000;71.0000;1;0;0;0;0;0;2;102.0000;-2391.0000;78.0000;267;265;305;0;0;17406
40194;272;0;0;237;247;232;112.0000;147.0000;125.0000;50.0000;7.0000;71.0000;1;0;0;0;0;0;2;102.0000;-2391.0000;78.0000;267;265;305;0;0;17406
40205;272;0;0;237;247;232;112.0000;147.0000;125.0000;50.0000;7.0000;71.0000;1;0;0;0;0;0;2;132.0000;-2391.0000;78.0000;267;265;305;0;0;17406
40215;272;0;0;237;247;232;112.0000;147.0000;125.0000;50.0000;7.0000;71.0000;1;0;0;0;0;0;2;132.0000;-2391.0000;122.0000;267;265;305;0;0;17406
40226;272;0;0;237;247;232;112.0000;147.0000;125.0000;50.0000;7.0000;71.0000;1;0;0;0;0;0;2;132.0000;-2391.0000;122.0000;267;265;305;0;0;17406
40236;272;0;0;237;247;232;112.0000;147.0000;125.0000;50.0000;7.0000;71.0000;1;0;0;0;0;0;2;132.0000;-2391.0000;122.0000;267;265;305;0;0;17406
40247;272;0;0;237;247;232;99.0000;147.0000;125.0000;50.0000;7.0000;71.0000;1;0;0;0;0;0;2;132.0000;-2391.0000;122.0000;267;265;305;0;0;17406
40257;272;0;0;237;247;232;99.0000;147.0000;125.0000;50.0000;7.0000;71.0000;1;0;0;0;0;0;2;132.0000;-2391.0000;122.0000;267;265;305;0;0;17406
40268;272;0;0;237;247;232;99.0000;147.0000;105.0000;50.0000;7.0000;71.0000;1;0;0;0;0;0;2;132.0000;-2391.0000;122.0000;267;265;305;0;0;17406
40279;272;0;0;237;247;232;99.0000;134.0000;105.0000;50.0000;7.0000;71.0000;1;0;0;0;0;0;2;132.0000;-2391.0000;122.0000;267;265;305;0;0;17406
40289;272;0;0;237;247;232;99.0000;134.0000;105.0000;50.0000;7.0000;71.0000;1;0;0;0;0;0;2;132.0000;-2391.0000;122.0000;267;265;305;0;0;17406
40300;272;0;0;237;247;232;99.0000;134.0000;105.0000;50.0000;7.0000;71.0000;1;0;0;0;0;0;2;142.0000;-2391.0000;122.0000;267;265;305;0;0;17406
40311;272;0;0;237;247;232;99.0000;134.0000;105.0000;50.0000;7.0000;71.0000;1;0;0;0;0;0;2;142.0000;-2391.0000;122.0000;267;265;305;0;0;17406
40321;272;0;0;237;247;232;99.0000;134.0000;105.0000;50.0000;7.0000;71.0000;1;0;0;0;0;0;2;142.0000;-2391.0000;119.0000;267;265;305;0;0;17406
40332;272;0;0;237;247;232;99.0000;134.0000;105.0000;50.0000;7.0000;71.0000;1;0;0;0;0;0;2;142.0000;-2391.0000;119.0000;267;265;305;0;0;17406
40344;272;0;0;237;247;232;92.0000;134.0000;105.0000;50.0000;7.0000;71.0000;1;0;0;0;0;0;2;142.0000;-2391.0000;119.0000;267;265;305;0;0;17392
40356;272;0;0;237;247;232;92.0000;134.0000;105.0000;50.0000;7.0000;71.0000;1;0;0;0;0;0;2;142.0000;-2391.0000;119.0000;267;265;305;0;0;17376
40367;272;0;0;237;247;232;92.0000;134.0000;122.0000;50.0000;7.0000;71.0000;1;0;0;0;0;0;2;142.0000;-2391.0000;119.0000;267;265;305;0;0;17376
40378;272;0;0;237;247;232;92.0000;134.0000;122.0000;50.0000;7.0000;71.0000;1;0;0;0;0;0;2;142.0000;-2391.0000;119.0000;267;265;305;0;0;17376
40388;272;0;0;237;247;232;92.0000;120.0000;122.0000;50.0000;7.0000;71.0000;1;0;0;0;0;0;2;142.0000;-2391.0000;119.0000;267;265;305;0;0;17376
40399;272;0;0;237;247;232;92.0000;120.0000;122.0000;50.0000;7.0000;71.0000;1;0;0;0;0;0;2;95.0000;-2391.0000;119.0000;267;265;305;0;0;17376
40410;272;0;0;237;247;232;92.0000;120.0000;122.0000;50.0000;7.0000;71.0000;1;0;0;0;0;0;2;95.0000;-2391.0000;119.0000;267;265;305;0;0;17376
40421;272;0;0;237;247;232;92.0000;120.0000;122.0000;20.0000;7.0000;71.0000;1;0;0;0;0;0;2;95.0000;-2391.0000;122.0000;267;265;305;0;0;17376
40431;272;0;0;237;247;232;92.0000;120.0000;122.0000;20.0000;7.0000;71.0000;1;0;0;0;0;0;2;95.0000;-2391.0000;122.0000;267;265;305;0;0;17376
40442;272;0;0;237;247;232;89.0000;120.0000;122.0000;20.0000;7.0000;71.0000;1;0;0;0;0;0;2;95.0000;-2391.0000;122.0000;267;265;305;0;0;17376
40452;272;0;0;237;247;232;89.0000;120.0000;122.0000;20.0000;7.0000;71.0000;1;0;0;0;0;0;2;95.0000;-2391.0000;122.0000;267;265;305;0;0;17380
40463;272;0;0;237;247;232;89.0000;120.0000;119.0000;20.0000;7.0000;71.0000;1;0;0;0;0;0;2;95.0000;-2391.0000;122.0000;267;265;305;0;0;17380
40473;272;0;0;237;247;232;89.0000;120.0000;119.0000;20.0000;7.0000;71.0000;1;0;0;0;0;0;2;95.0000;-2391.0000;122.0000;267;265;305;0;0;17380
40484;272;0;0;237;247;232;89.0000;161.0000;119.0000;20.0000;7.0000;71.0000;1;0;0;0;0;0;2;95.0000;-2391.0000;122.0000;267;265;305;0;0;17380
40495;272;0;0;237;247;232;89.0000;161.0000;119.0000;20.0000;7.0000;71.0000;1;0;0;0;0;0;2;95.0000;-2391.0000;122.0000;267;265;305;0;0;17380
40505;272;0;0;237;247;232;89.0000;161.0000;119.0000;20.0000;7.0000;71.0000;1;0;0;0;0;0;2;125.0000;-2391.0000;122.0000;267;265;305;0;0;17380
40516;272;0;0;237;247;232;89.0000;161.0000;119.0000;20.0000;7.0000;71.0000;1;0;0;0;0;0;2;125.0000;-2391.0000;65.0000;267;265;305;0;0;17380
40526;272;0;0;237;247;232;89.0000;161.0000;119.0000;20.0000;7.0000;71.0000;1;0;0;0;0;0;2;125.0000;-2391.0000;65.0000;267;265;305;0;0;17380
40537;272;0;0;237;247;232;89.0000;161.0000;119.0000;20.0000;7.0000;71.0000;1;0;0;0;0;0;2;125.0000;-2391.0000;65.0000;267;265;305;0;0;17380
40547;272;0;0;237;247;232;119.0000;161.0000;119.0000;20.0000;7.0000;71.0000;1;0;0;0;0;0;2;125.0000;-2391.0000;65.0000;267;265;305;0;0;17380
40558;272;0;0;237;247;232;119.0000;161.0000;119.0000;20.0000;7.0000;71.0000;1;0;0;0;0;0;2;125.0000;-2391.0000;65.0000;267;265;305;0;0;17396
40568;272;0;0;237;247;232;119.0000;161.0000;119.0000;20.0000;7.0000;71.0000;1;0;0;0;0;0;2;125.0000;-2391.0000;65.0000;267;265;305;0;0;17396
40579;272;0;0;237;247;232;119.0000;161.0000;119.0000;20.0000;7.0000;71.0000;1;0;0;0;0;0;2;125.0000;-2391.0000;65.0000;267;265;305;0;0;17396
40589;272;0;0;237;247;232;119.0000;161.0000;119.0000;20.0000;7.0000;71.0000;1;0;0;0;0;0;2;125.0000;-2391.0000;65.0000;267;265;305;0;0;17396
40600;272;0;0;237;247;232;119.0000;161.0000;119.0000;20.0000;7.0000;71.0000;1;0;0;0;0;0;2;112.0000;-2391.0000;65.0000;267;265;305;0;0;17396
40611;272;0;0;237;247;232;119.0000;161.0000;119.0000;20.0000;7.0000;71.0000;1;0;0;0;0;0;2;112.0000;-2391.0000;65.0000;267;265;305;0;0;17396
40621;272;0;0;237;247;232;119.0000;161.0000;119.0000;20.0000;7.0000;71.0000;1;0;0;0;0;0;2;112.0000;-2391.0000;119.0000;267;265;305;0;0;17396
40632;272;0;0;237;247;232;119.0000;161.0000;119.0000;20.0000;7.0000;71.0000;1;0;0;0;0;0;2;112.0000;-2391.0000;119.0000;267;265;305;0;0;17396
40643;272;0;0;237;247;232;119.0000;161.0000;119.0000;20.0000;7.0000;71.0000;1;0;0;0;0;0;2;112.0000;-2391.0000;119.0000;267;265;305;0;0;17396
40655;272;0;0;237;247;232;115.0000;161.0000;119.0000;20.0000;7.0000;71.0000;1;0;0;0;0;0;2;112.0000;-2391.0000;119.0000;267;265;305;0;0;17396
40665;272;0;0;237;247;232;115.0000;161.0000;119.0000;20.0000;7.0000;71.0000;1;0;0;0;0;0;2;112.0000;-2391.0000;119.0000;267;265;305;0;0;17406
40677;272;0;0;237;247;232;115.0000;161.0000;92.0000;20.0000;7.0000;71.0000;1;0;0;0;0;0;2;112.0000;-2391.0000;119.0000;267;265;305;0;0;17406
40690;272;0;0;237;247;232;115.0000;80.0000;92.0000;20.0000;7.0000;71.0000;1;0;0;0;0;0;2;112.0000;-2391.0000;119.0000;267;265;305;0;0;17406
40720;272;0;0;237;247;232;115.0000;80.0000;92.0000;20.0000;7.0000;71.0000;1;0;0;0;0;0;2;112.0000;-2391.0000;119.0000;267;265;305;0;0;17406
40731;272;0;0;237;247;232;115.0000;80.0000;92.0000;20.0000;7.0000;71.0000;1;0;0;0;0;0;2;128.0000;-2391.0000;132.0000;267;265;305;0;0;17406
40741;272;0;0;237;247;232;115.0000;80.0000;92.0000;20.0000;7.0000;71.0000;1;0;0;0;0;0;2;128.0000;-2391.0000;132.0000;267;265;305;0;0;17406
40752;272;0;0;237;247;232;102.0000;80.0000;92.0000;20.0000;7.0000;71.0000;1;0;0;0;0;0;2;128.0000;-2391.0000;132.0000;267;265;305;0;0;17406
40762;272;0;0;237;247;232;102.0000;80.0000;92.0000;20.0000;7.0000;71.0000;1;0;0;0;0;0;2;128.0000;-2391.0000;132.0000;267;265;305;0;0;17406
40773;272;0;0;237;247;232;102.0000;80.0000;88.0000;20.0000;7.0000;71.0000;1;0;0;0;0;0;2;128.0000;-2391.0000;132.0000;267;265;305;0;0;17406
40784;272;0;0;237;247;232;102.0000;80.0000;88.0000;20.0000;7.0000;71.0000;1;0;0;0;0;0;2;128.0000;-2391.0000;132.0000;267;265;305;0;0;17406
40794;272;0;0;237;247;232;102.0000;80.0000;88.0000;20.0000;7.0000;71.0000;1;0;0;0;0;0;2;128.0000;-2391.0000;132.0000;267;265;305;0;0;17406
40810;272;0;0;237;247;232;102.0000;80.0000;88.0000;20.0000;7.0000;71.0000;1;0;0;0;0;0;2;88.0000;-2391.0000;132.0000;267;265;305;0;0;17406
40821;272;0;0;237;247;232;102.0000;80.0000;88.0000;20.0000;7.0000;71.0000;1;0;0;0;0;0;2;88.0000;-2391.0000;72.0000;267;265;305;0;0;17406
40831;272;0;0;237;247;232;102.0000;80.0000;88.0000;20.0000;7.0000;71.0000;1;0;0;0;0;0;2;88.0000;-2391.0000;72.0000;267;265;305;0;0;17406
40841;272;0;0;237;247;232;102.0000;80.0000;88.0000;20.0000;7.0000;71.0000;1;0;0;0;0;0;2;88.0000;-2391.0000;72.0000;267;265;305;0;0;17406
40852;272;0;0;237;247;232;102.0000;80.0000;88.0000;20.0000;7.0000;71.0000;1;0;0;0;0;0;2;88.0000;-2391.0000;72.0000;267;265;305;0;0;17406
40862;272;0;0;237;247;232;102.0000;80.0000;88.0000;20.0000;7.0000;71.0000;1;0;0;0;0;0;2;88.0000;-2391.0000;72.0000;267;265;305;0;0;17406
40873;272;0;0;237;247;232;102.0000;80.0000;129.0000;20.0000;7.0000;71.0000;1;0;0;0;0;0;2;88.0000;-2391.0000;72.0000;267;265;305;0;0;17406
40884;272;0;0;237;247;232;102.0000;80.0000;129.0000;20.0000;7.0000;71.0000;1;0;0;0;0;0;2;88.0000;-2391.0000;72.0000;267;265;305;0;0;17406
40894;272;0;0;237;247;232;102.0000;-26.0000;129.0000;20.0000;7.0000;71.0000;1;0;0;0;0;0;2;88.0000;-2391.0000;72.0000;267;265;305;0;0;17406
40905;272;0;0;237;247;232;102.0000;-26.0000;129.0000;20.0000;7.0000;71.0000;1;0;0;0;0;0;2;139.0000;-2391.0000;72.0000;267;265;305;0;0;17406
40916;272;0;0;237;247;232;102.0000;-26.0000;129.0000;20.0000;7.0000;71.0000;1;0;0;0;0;0;2;139.0000;-2391.0000;72.0000;267;265;305;0;0;17406
40926;272;0;0;237;247;232;102.0000;-26.0000;129.0000;20.0000;7.0000;71.0000;1;0;0;0;0;0;2;139.0000;-2391.0000;102.0000;267;265;305;0;0;17406
40937;272;0;0;237;247;232;102.0000;-26.0000;129.0000;20.0000;7.0000;71.0000;1;0;0;0;0;0;2;139.0000;-2391.0000;102.0000;267;265;305;0;0;17406
40947;272;0;0;237;247;232;72.0000;-26.0000;129.0000;20.0000;7.0000;71.0000;1;0;0;0;0;0;2;139.0000;-2391.0000;102.0000;267;265;305;0;0;17406
40958;272;0;0;237;247;232;72.0000;-26.0000;129.0000;20.0000;7.0000;71.0000;1;0;0;0;0;0;2;139.0000;-2391.0000;102.0000;267;265;305;0;0;17406
40968;272;0;0;237;247;232;72.0000;-26.0000;92.0000;20.0000;7.0000;71.0000;1;0;0;0;0;0;2;139.0000;-2391.0000;102.0000;267;265;305;0;0;17406
40980;272;0;0;237;247;232;72.0000;-26.0000;92.0000;20.0000;7.0000;71.0000;1;0;0;0;0;0;2;139.0000;-2391.0000;102.0000;267;265;305;0;0;17406
40992;272;0;0;237;247;232;72.0000;-26.0000;92.0000;20.0000;7.0000;71.0000;1;0;0;0;0;0;2;139.0000;-2391.0000;102.0000;267;265;305;0;0;17406
41003;272;0;0;237;247;232;72.0000;-26.0000;92.0000;20.0000;7.0000;71.0000;1;0;0;0;0;0;2;139.0000;-2391.0000;102.0000;267;265;305;0;0;17406
41016;272;0;0;237;247;232;72.0000;-26.0000;92.0000;20.0000;7.0000;71.0000;1;0;0;0;0;0;2;68.0000;-2391.0000;102.0000;267;265;305;0;0;17406
41027;272;0;0;237;247;232;72.0000;-26.0000;92.0000;20.0000;7.0000;71.0000;1;0;0;0;0;0;2;68.0000;-2391.0000;115.0000;267;265;305;0;0;17406
41038;272;0;0;237;247;232;72.0000;-26.0000;92.0000;20.0000;7.0000;71.0000;1;0;0;0;0;0;2;68.0000;-2391.0000;115.0000;267;265;305;0;0;17406
41049;272;0;0;237;247;232;72.0000;-26.0000;92.0000;20.0000;7.0000;71.0000;1;0;0;0;0;0;2;68.0000;-2391.0000;115.0000;267;265;305;0;0;17406
41060;272;0;0;237;247;232;105.0000;-26.0000;92.0000;20.0000;7.0000;71.0000;1;0;0;0;0;0;2;68.0000;-2391.0000;115.0000;267;265;305;0;0;17406
41081;272;0;0;237;247;232;105.0000;-26.0000;92.0000;20.0000;7.0000;71.0000;1;0;0;0;0;0;2;68.0000;-2391.0000;115.0000;267;265;305;0;0;17406
41091;272;0;0;237;247;232;105.0000;-26.0000;92.0000;20.0000;7.0000;71.0000;1;0;0;0;0;0;2;68.0000;-2391.0000;115.0000;267;265;305;0;0;17406
41102;272;0;0;237;247;232;105.0000;161.0000;92.0000;20.0000;7.0000;71.0000;1;0;0;0;0;0;2;68.0000;-2391.0000;115.0000;267;265;305;0;0;17406
41112;272;0;0;237;247;232;105.0000;161.0000;92.0000;20.0000;7.0000;71.0000;1;0;0;0;0;0;2;75.0000;-2391.0000;115.0000;267;265;305;0;0;17406
41123;272;0;0;237;247;232;105.0000;161.0000;92.0000;20.0000;7.0000;71.0000;1;0;0;0;0;0;2;75.0000;-2391.0000;68.0000;267;265;305;0;0;17406
41134;272;0;0;237;247;232;105.0000;161.0000;92.0000;20.0000;7.0000;71.0000;1;0;0;0;0;0;2;75.0000;-2391.0000;68.0000;267;265;305;0;0;17406
41145;272;0;0;237;247;232;105.0000;161.0000;92.0000;20.0000;7.0000;71.0000;1;0;0;0;0;0;2;75.0000;-2391.0000;68.0000;267;265;305;0;0;17406
41155;272;0;0;237;247;232;75.0000;161.0000;92.0000;20.0000;7.0000;71.0000;1;0;0;0;0;0;2;75.0000;-2391.0000;68.0000;267;265;305;0;0;17406
41166;272;0;0;237;247;232;75.0000;161.0000;92.0000;20.0000;7.0000;71.0000;1;0;0;0;0;0;2;75.0000;-2391.0000;68.0000;267;265;305;0;0;17406
41179;272;0;0;237;247;232;75.0000;161.0000;132.0000;20.0000;7.0000;71.0000;1;0;0;0;0;0;2;75.0000;-2391.0000;68.0000;267;265;305;0;0;17406
41189;272;0;0;237;247;232;75.0000;161.0000;132.0000;20.0000;7.0000;71.0000;1;0;0;0;0;0;2;75.0000;-2391.0000;68.0000;267;265;305;0;0;17406
41201;272;0;0;237;247;232;75.0000;26.0000;132.0000;20.0000;7.0000;71.0000;1;0;0;0;0;0;2;75.0000;-2391.0000;68.0000;267;265;305;0;0;17406
41220;272;0;0;237;247;232;75.0000;26.0000;132.0000;20.0000;7.0000;71.0000;1;0;0;0;0;0;2;128.0000;-2391.0000;68.0000;267;265;305;0;0;17406
41231;272;0;0;237;247;232;75.0000;26.0000;132.0000;20.0000;7.0000;71.0000;1;0;0;0;0;0;2;128.0000;-2391.0000;129.0000;267;265;305;0;0;17406
41242;272;0;0;237;247;232;75.0000;26.0000;132.0000;20.0000;7.0000;71.0000;1;0;0;0;0;0;2;128.0000;-2391.0000;129.0000;267;265;305;0;0;17406
41253;272;0;0;237;247;232;126.0000;26.0000;132.0000;20.0000;7.0000;71.0000;1;0;0;0;0;0;2;128.0000;-2391.0000;129.0000;267;265;305;0;0;17406
41267;272;0;0;237;247;232;126.0000;26.0000;132.0000;20.0000;7.0000;71.0000;1;0;0;0;0;0;2;128.0000;-2391.0000;129.0000;267;265;305;0;0;17406
41277;272;0;0;237;247;232;126.0000;26.0000;142.0000;20.0000;7.0000;71.0000;1;0;0;0;0;0;2;128.0000;-2391.0000;129.0000;267;265;305;0;0;17406
41288;272;0;0;237;247;232;126.0000;26.0000;142.0000;20.0000;7.0000;71.0000;1;0;0;0;0;0;2;128.0000;-2391.0000;129.0000;267;265;305;0;0;17406
41298;272;0;0;237;247;232;126.0000;161.0000;142.0000;20.0000;7.0000;71.0000;1;0;0;0;0;0;2;128.0000;-2391.0000;129.0000;267;265;305;0;0;17406
41310;272;0;0;237;247;232;126.0000;161.0000;142.0000;20.0000;7.0000;71.0000;1;0;0;0;0;0;2;98.0000;-2391.0000;129.0000;267;265;305;0;0;17406
41323;272;0;0;237;247;232;126.0000;161.0000;142.0000;20.0000;7.0000;71.0000;1;0;0;0;0;0;2;98.0000;-2391.0000;132.0000;267;265;305;0;0;17376
41334;272;0;0;237;247;232;126.0000;161.0000;142.0000;20.0000;7.0000;71.0000;1;0;0;0;0;0;2;98.0000;-2391.0000;132.0000;267;265;305;0;0;17376
41344;272;0;0;237;247;232;126.0000;161.0000;142.0000;20.0000;7.0000;71.0000;1;0;0;0;0;0;2;98.0000;-2391.0000;132.0000;267;265;305;0;0;17376
41355;272;0;0;237;247;232;119.0000;161.0000;142.0000;20.0000;7.0000;71.0000;1;0;0;0;0;0;2;98.0000;-2391.0000;132.0000;267;265;305;0;0;17376
41367;272;0;0;237;247;232;119.0000;161.0000;142.0000;20.0000;7.0000;71.0000;1;0;0;0;0;0;2;98.0000;-2391.0000;132.0000;267;265;305;0;0;17376
41378;272;0;0;237;247;232;119.0000;161.0000;82.0000;20.0000;7.0000;71.0000;1;0;0;0;0;0;2;98.0000;-2391.0000;132.0000;267;265;305;0;0;17376
41389;272;0;0;237;247;232;119.0000;161.0000;82.0000;20.0000;7.0000;71.0000;1;0;0;0;0;0;2;98.0000;-2391.0000;132.0000;267;265;305;0;0;17376
41399;272;0;0;237;247;232;119.0000;-26.0000;82.0000;20.0000;7.0000;71.0000;1;0;0;0;0;0;2;98.0000;-2391.0000;132.0000;267;265;305;0;0;17376
41410;272;0;0;237;247;232;119.0000;-26.0000;82.0000;20.0000;7.0000;71.0000;1;0;0;0;0;0;2;115.0000;-2391.0000;132.0000;267;265;305;0;0;17376
41422;272;0;0;237;247;232;119.0000;-26.0000;82.0000;66.0000;7.0000;71.0000;1;0;0;0;0;0;2;115.0000;-2391.0000;129.0000;267;265;305;0;0;17376
41433;272;0;0;237;247;232;119.0000;-26.0000;82.0000;66.0000;7.0000;71.0000;1;0;0;0;0;0;2;115.0000;-2391.0000;129.0000;267;265;305;0;0;17380
41444;272;0;0;237;247;232;119.0000;-26.0000;82.0000;66.0000;7.0000;71.0000;1;0;0;0;0;0;2;115.0000;-2391.0000;129.0000;267;265;305;0;0;17380
41455;272;0;0;237;247;232;119.0000;-26.0000;82.0000;66.0000;7.0000;71.0000;1;0;0;0;0;0;2;115.0000;-2391.0000;129.0000;267;265;305;0;0;17380
41466;272;0;0;237;247;232;132.0000;-26.0000;82.0000;66.0000;7.0000;71.0000;1;0;0;0;0;0;2;115.0000;-2391.0000;129.0000;267;265;305;0;0;17380
41476;272;0;0;237;247;232;132.0000;-26.0000;122.0000;66.0000;7.0000;71.0000;1;0;0;0;0;0;2;115.0000;-2391.0000;129.0000;267;265;305;0;0;17380
41487;272;0;0;237;247;232;132.0000;-26.0000;122.0000;66.0000;7.0000;71.0000;1;0;0;0;0;0;2;115.0000;-2391.0000;129.0000;267;265;305;0;0;17380
41497;272;0;0;237;247;232;132.0000;107.0000;122.0000;66.0000;7.0000;71.0000;1;0;0;0;0;0;2;115.0000;-2391.0000;129.0000;267;265;305;0;0;17380
41508;272;0;0;237;247;232;132.0000;107.0000;122.0000;66.0000;7.0000;71.0000;1;0;0;0;0;0;2;115.0000;-2391.0000;129.0000;267;265;305;0;0;17380
41520;272;0;0;237;247;232;132.0000;107.0000;122.0000;66.0000;7.0000;71.0000;1;0;0;0;0;0;2;132.0000;-2391.0000;75.0000;267;265;305;0;0;17380
41531;272;0;0;237;247;232;132.0000;107.0000;122.0000;66.0000;7.0000;71.0000;1;0;0;0;0;0;2;132.0000;-2391.0000;75.0000;267;265;305;0;0;17380
41541;272;0;0;237;247;232;132.0000;107.0000;122.0000;66.0000;7.0000;71.0000;1;0;0;0;0;0;2;132.0000;-2391.0000;75.0000;267;265;305;0;0;17396
41552;272;0;0;237;247;232;132.0000;107.0000;122.0000;66.0000;7.0000;71.0000;1;0;0;0;0;0;2;132.0000;-2391.0000;75.0000;267;265;305;0;0;17396
41563;272;0;0;237;247;232;95.0000;107.0000;122.0000;66.0000;7.0000;71.0000;1;0;0;0;0;0;2;132.0000;-2391.0000;75.0000;267;265;305;0;0;17396
41576;272;0;0;237;247;232;95.0000;107.0000;129.0000;66.0000;7.0000;71.0000;1;0;0;0;0;0;2;132.0000;-2391.0000;75.0000;267;265;305;0;0;17396
41587;272;0;0;237;247;232;95.0000;107.0000;129.0000;66.0000;7.0000;71.0000;1;0;0;0;0;0;2;132.0000;-2391.0000;75.0000;267;265;305;0;0;17396
41598;272;0;0;237;247;232;95.0000;107.0000;129.0000;66.0000;7.0000;71.0000;1;0;0;0;0;0;2;132.0000;-2391.0000;75.0000;267;265;305;0;0;17396
41614;272;0;0;237;247;232;95.0000;40.0000;129.0000;66.0000;7.0000;71.0000;1;0;0;0;0;0;2;88.0000;-2391.0000;75.0000;267;265;305;0;0;17396
41628;272;0;0;237;247;232;95.0000;40.0000;129.0000;66.0000;7.0000;71.0000;1;0;0;0;0;0;2;88.0000;-2391.0000;75.0000;267;265;305;0;0;17396
41639;272;0;0;237;247;232;95.0000;40.0000;129.0000;66.0000;7.0000;71.0000;1;0;0;0;0;0;2;88.0000;-2391.0000;75.0000;267;265;305;0;0;17398
41649;272;0;0;237;247;232;95.0000;40.0000;129.0000;66.0000;7.0000;71.0000;1;0;0;0;0;0;2;88.0000;-2391.0000;75.0000;267;265;305;0;0;17398
41660;272;0;0;237;247;232;95.0000;40.0000;129.0000;66.0000;7.0000;71.0000;1;0;0;0;0;0;2;88.0000;-2391.0000;75.0000;267;265;305;0;0;17398
41672;272;0;0;237;247;232;129.0000;40.0000;129.0000;66.0000;7.0000;71.0000;1;0;0;0;0;0;2;88.0000;-2391.0000;75.0000;267;265;305;0;0;17398
41683;272;0;0;237;247;232;129.0000;40.0000;122.0000;66.0000;7.0000;71.0000;1;0;0;0;0;0;2;88.0000;-2391.0000;75.0000;267;265;305;0;0;17398
41693;272;0;0;237;247;232;129.0000;40.0000;122.0000;66.0000;7.0000;71.0000;1;0;0;0;0;0;2;88.0000;-2391.0000;75.0000;267;265;305;0;0;17398
41704;272;0;0;237;247;232;129.0000;-40.0000;122.0000;66.0000;7.0000;71.0000;1;0;0;0;0;0;2;88.0000;-2391.0000;75.0000;267;265;305;0;0;17398
41715;272;0;0;237;247;232;129.0000;-40.0000;122.0000;66.0000;7.0000;71.0000;1;0;0;0;0;0;2;88.0000;-2391.0000;75.0000;267;265;305;0;0;17398
41725;272;0;0;237;247;232;129.0000;-40.0000;122.0000;66.0000;7.0000;71.0000;1;0;0;0;0;0;2;88.0000;-2391.0000;75.0000;267;265;305;0;0;17398
41738;272;0;0;237;247;232;129.0000;-40.0000;122.0000;66.0000;7.0000;71.0000;1;0;0;0;0;0;2;88.0000;-2391.0000;115.0000;267;265;305;0;0;17398
41748;272;0;0;237;247;232;129.0000;-40.0000;122.0000;66.0000;7.0000;71.0000;1;0;0;0;0;0;2;88.0000;-2391.0000;115.0000;267;265;305;0;0;17406
41759;272;0;0;237;247;232;129.0000;-40.0000;122.0000;66.0000;7.0000;71.0000;1;0;0;0;0;0;2;88.0000;-2391.0000;115.0000;267;265;305;0;0;17406
41781;272;0;0;237;247;232;129.0000;-40.0000;122.0000;66.0000;7.0000;71.0000;1;0;0;0;0;0;2;88.0000;-2391.0000;115.0000;267;265;305;0;0;17406
41791;272;0;0;237;247;232;72.0000;-40.0000;132.0000;66.0000;7.0000;71.0000;1;0;0;0;0;0;2;88.0000;-2391.0000;115.0000;267;265;305;0;0;17406
41820;272;0;0;237;247;232;72.0000;-40.0000;132.0000;66.0000;7.0000;71.0000;1;0;0;0;0;0;2;88.0000;-2391.0000;115.0000;267;265;305;0;0;17406
41834;272;0;0;237;247;232;72.0000;-40.0000;132.0000;66.0000;7.0000;71.0000;1;0;0;0;0;0;2;88.0000;-2391.0000;115.0000;267;265;305;0;0;17406
41845;272;0;0;237;247;232;72.0000;80.0000;132.0000;66.0000;7.0000;71.0000;1;0;0;0;0;0;2;85.0000;-2391.0000;102.0000;267;265;305;0;0;17406
41858;272;0;0;237;247;232;72.0000;80.0000;132.0000;66.0000;7.0000;71.0000;1;0;0;0;0;0;2;85.0000;-2391.0000;102.0000;267;265;305;0;0;17406
41868;272;0;0;237;247;232;72.0000;80.0000;132.0000;66.0000;7.0000;71.0000;1;0;0;0;0;0;2;85.0000;-2391.0000;102.0000;267;265;305;0;0;17406
41880;272;0;0;237;247;232;119.0000;80.0000;132.0000;66.0000;7.0000;71.0000;1;0;0;0;0;0;2;85.0000;-2391.0000;102.0000;267;265;305;0;0;17406
41898;272;0;0;237;247;232;119.0000;80.0000;95.0000;66.0000;7.0000;71.0000;1;0;0;0;0;0;2;85.0000;-2391.0000;102.0000;267;265;305;0;0;17406
41908;272;0;0;237;247;232;119.0000;134.0000;95.0000;66.0000;7.0000;71.0000;1;0;0;0;0;0;2;85.0000;-2391.0000;102.0000;267;265;305;0;0;17406
41919;272;0;0;237;247;232;119.0000;134.0000;95.0000;66.0000;7.0000;71.0000;1;0;0;0;0;0;2;115.0000;-2391.0000;102.0000;267;265;305;0;0;17406
41933;272;0;0;237;247;232;119.0000;134.0000;95.0000;66.0000;7.0000;71.0000;1;0;0;0;0;0;2;115.0000;-2391.0000;102.0000;267;265;305;0;0;17406
41944;272;0;0;237;247;232;119.0000;134.0000;95.0000;66.0000;7.0000;71.0000;1;0;0;0;0;0;2;115.0000;-2391.0000;132.0000;267;265;305;0;0;17406
41958;272;0;0;237;247;232;119.0000;134.0000;95.0000;66.0000;7.0000;71.0000;1;0;0;0;0;0;2;115.0000;-2391.0000;132.0000;267;265;305;0;0;17406
41969;272;0;0;237;247;232;119.0000;134.0000;95.0000;66.0000;7.0000;71.0000;1;0;0;0;0;0;2;115.0000;-2391.0000;132.0000;267;265;305;0;0;17406
41982;272;0;0;237;247;232;109.0000;134.0000;95.0000;66.0000;7.0000;71.0000;1;0;0;0;0;0;2;115.0000;-2391.0000;132.0000;267;265;305;0;0;17406
41993;272;0;0;237;247;232;109.0000;134.0000;132.0000;66.0000;7.0000;71.0000;1;0;0;0;0;0;2;115.0000;-2391.0000;132.0000;267;265;305;0;0;17406
42004;272;0;0;237;247;232;109.0000;134.0000;132.0000;66.0000;7.0000;71.0000;1;0;0;0;0;0;2;115.0000;-2391.0000;132.0000;267;265;305;0;0;17406
42014;272;0;0;237;247;232;109.0000;134.0000;132.0000;66.0000;7.0000;71.0000;1;0;0;0;0;0;2;122.0000;-2391.0000;132.0000;267;265;305;0;0;17406
42025;272;0;0;237;247;232;109.0000;134.0000;132.0000;66.0000;7.0000;71.0000;1;0;0;0;0;0;2;122.0000;-2391.0000;132.0000;267;265;305;0;0;17406
42037;272;0;0;237;247;232;109.0000;134.0000;132.0000;66.0000;7.0000;71.0000;1;0;0;0;0;0;2;122.0000;-2391.0000;65.0000;267;265;305;0;0;17406
42047;272;0;0;237;247;232;109.0000;134.0000;132.0000;66.0000;7.0000;71.0000;1;0;0;0;0;0;2;122.0000;-2391.0000;65.0000;267;265;305;0;0;17406
42070;272;0;0;237;247;232;109.0000;134.0000;132.0000;66.0000;7.0000;71.0000;1;0;0;0;0;0;2;122.0000;-2391.0000;65.0000;267;265;305;0;0;17406
42081;272;0;0;237;247;232;126.0000;134.0000;132.0000;66.0000;7.0000;71.0000;1;0;0;0;0;0;2;122.0000;-2391.0000;65.0000;267;265;305;0;0;17406
42093;272;0;0;237;247;232;126.0000;134.0000;92.0000;66.0000;7.0000;71.0000;1;0;0;0;0;0;2;122.0000;-2391.0000;65.0000;267;265;305;0;0;17406
42104;272;0;0;237;247;232;126.0000;134.0000;92.0000;66.0000;7.0000;71.0000;1;0;0;0;0;0;2;122.0000;-2391.0000;65.0000;267;265;305;0;0;17406
42115;272;0;0;237;247;232;126.0000;13.0000;92.0000;66.0000;7.0000;71.0000;1;0;0;0;0;0;2;122.0000;-2391.0000;65.0000;267;265;305;0;0;17406
42125;272;0;0;237;247;232;126.0000;13.0000;92.0000;66.0000;7.0000;71.0000;1;0;0;0;0;0;2;122.0000;-2391.0000;65.0000;267;265;305;0;0;17406
42140;272;0;0;237;247;232;126.0000;13.0000;92.0000;66.0000;7.0000;71.0000;1;0;0;0;0;0;2;122.0000;-2391.0000;129.0000;267;265;305;0;0;17406
42151;272;0;0;237;247;232;126.0000;13.0000;92.0000;66.0000;7.0000;71.0000;1;0;0;0;0;0;2;122.0000;-2391.0000;129.0000;267;265;305;0;0;17406
42161;272;0;0;237;247;232;126.0000;13.0000;92.0000;66.0000;7.0000;71.0000;1;0;0;0;0;0;2;122.0000;-2391.0000;129.0000;267;265;305;0;0;17406
42171;272;0;0;237;247;232;126.0000;13.0000;92.0000;66.0000;7.0000;71.0000;1;0;0;0;0;0;2;122.0000;-2391.0000;129.0000;267;265;305;0;0;17406
42183;272;0;0;237;247;232;126.0000;13.0000;92.0000;66.0000;7.0000;71.0000;1;0;0;0;0;0;2;122.0000;-2391.0000;129.0000;267;265;305;0;0;17406
42194;272;0;0;237;247;232;102.0000;13.0000;95.0000;66.0000;7.0000;71.0000;1;0;0;0;0;0;2;122.0000;-2391.0000;129.0000;267;265;305;0;0;17406
42205;272;0;0;237;247;232;102.0000;13.0000;95.0000;66.0000;7.0000;71.0000;1;0;0;0;0;0;2;122.0000;-2391.0000;129.0000;267;265;305;0;0;17406
42215;272;0;0;237;247;232;102.0000;93.0000;95.0000;66.0000;7.0000;71.0000;1;0;0;0;0;0;2;128.0000;-2391.0000;129.0000;267;265;305;0;0;17406
42226;272;0;0;237;247;232;102.0000;93.0000;95.0000;66.0000;7.0000;71.0000;1;0;0;0;0;0;2;128.0000;-2391.0000;129.0000;267;265;305;0;0;17406
42236;272;0;0;237;247;232;102.0000;93.0000;95.0000;66.0000;7.0000;71.0000;1;0;0;0;0;0;2;128.0000;-2391.0000;129.0000;267;265;305;0;0;17406
42248;272;0;0;237;247;232;102.0000;93.0000;95.0000;66.0000;7.0000;71.0000;1;0;0;0;0;0;2;128.0000;-2391.0000;142.0000;267;265;305;0;0;17406
42260;272;0;0;237;247;232;102.0000;93.0000;95.0000;66.0000;7.0000;71.0000;1;0;0;0;0;0;2;128.0000;-2391.0000;142.0000;267;265;305;0;0;17406
42271;272;0;0;237;247;232;102.0000;93.0000;95.0000;66.0000;7.0000;71.0000;1;0;0;0;0;0;2;128.0000;-2391.0000;142.0000;267;265;305;0;0;17406
42281;272;0;0;237;247;232;115.0000;93.0000;95.0000;66.0000;7.0000;71.0000;1;0;0;0;0;0;2;128.0000;-2391.0000;142.0000;267;265;305;0;0;17406
42292;272;0;0;237;247;232;115.0000;93.0000;95.0000;66.0000;7.0000;71.0000;1;0;0;0;0;0;2;128.0000;-2391.0000;142.0000;267;265;305;0;0;17404
42311;272;0;0;237;247;232;115.0000;93.0000;135.0000;66.0000;7.0000;71.0000;1;0;0;0;0;0;2;128.0000;-2391.0000;142.0000;267;265;305;0;0;17400
42322;272;0;0;237;247;232;115.0000;93.0000;135.0000;66.0000;7.0000;71.0000;1;0;0;0;0;0;2;128.0000;-2391.0000;142.0000;267;265;305;0;0;17376
42332;272;0;0;237;247;232;115.0000;147.0000;135.0000;66.0000;7.0000;71.0000;1;0;0;0;0;0;2;125.0000;-2391.0000;142.0000;267;265;305;0;0;17376
42343;272;0;0;237;247;232;115.0000;147.0000;135.0000;66.0000;7.0000;71.0000;1;0;0;0;0;0;2;125.0000;-2391.0000;122.0000;267;265;305;0;0;17376
42353;272;0;0;237;247;232;115.0000;147.0000;135.0000;66.0000;7.0000;71.0000;1;0;0;0;0;0;2;125.0000;-2391.0000;122.0000;267;265;305;0;0;17376
42367;272;0;0;237;247;232;115.0000;147.0000;135.0000;66.0000;7.0000;71.0000;1;0;0;0;0;0;2;125.0000;-2391.0000;122.0000;267;265;305;0;0;17376
42377;272;0;0;237;247;232;115.0000;147.0000;135.0000;66.0000;7.0000;71.0000;1;0;0;0;0;0;2;125.0000;-2391.0000;122.0000;267;265;305;0;0;17376
42389;272;0;0;237;247;232;119.0000;147.0000;135.0000;66.0000;7.0000;71.0000;1;0;0;0;0;0;2;125.0000;-2391.0000;122.0000;267;265;305;0;0;17376
42399;272;0;0;237;247;232;119.0000;147.0000;92.0000;66.0000;7.0000;71.0000;1;0;0;0;0;0;2;125.0000;-2391.0000;122.0000;267;265;305;0;0;17376
42410;272;0;0;237;247;232;119.0000;147.0000;92.0000;66.0000;7.0000;71.0000;1;0;0;0;0;0;2;125.0000;-2391.0000;122.0000;267;265;305;0;0;17376
42431;272;0;0;237;247;232;119.0000;-13.0000;92.0000;66.0000;7.0000;71.0000;1;0;0;0;0;0;2;128.0000;-2391.0000;122.0000;267;265;305;0;0;17380
42442;272;0;0;237;247;232;119.0000;-13.0000;92.0000;100.0000;7.0000;71.0000;1;0;0;0;0;0;2;128.0000;-2391.0000;119.0000;267;265;305;0;0;17380
42452;272;0;0;237;247;232;119.0000;-13.0000;92.0000;100.0000;7.0000;71.0000;1;0;0;0;0;0;2;128.0000;-2391.0000;119.0000;267;265;305;0;0;17380
42463;272;0;0;237;247;232;119.0000;-13.0000;92.0000;100.0000;7.0000;71.0000;1;0;0;0;0;0;2;128.0000;-2391.0000;119.0000;267;265;305;0;0;17380
42473;272;0;0;237;247;232;119.0000;-13.0000;92.0000;100.0000;7.0000;71.0000;1;0;0;0;0;0;2;128.0000;-2391.0000;119.0000;267;265;305;0;0;17380
42484;272;0;0;237;247;232;119.0000;-13.0000;92.0000;100.0000;7.0000;71.0000;1;0;0;0;0;0;2;128.0000;-2391.0000;119.0000;267;265;305;0;0;17380
42494;272;0;0;237;247;232;79.0000;-13.0000;78.0000;100.0000;7.0000;71.0000;1;0;0;0;0;0;2;128.0000;-2391.0000;119.0000;267;265;305;0;0;17380
42505;272;0;0;237;247;232;79.0000;-13.0000;78.0000;100.0000;7.0000;71.0000;1;0;0;0;0;0;2;128.0000;-2391.0000;119.0000;267;265;305;0;0;17380
42515;272;0;0;237;247;232;79.0000;-13.0000;78.0000;100.0000;7.0000;71.0000;1;0;0;0;0;0;2;135.0000;-2391.0000;119.0000;267;265;305;0;0;17380
42526;272;0;0;237;247;232;79.0000;120.0000;78.0000;100.0000;7.0000;71.0000;1;0;0;0;0;0;2;135.0000;-2391.0000;119.0000;267;265;305;0;0;17380
42537;272;0;0;237;247;232;79.0000;120.0000;78.0000;100.0000;7.0000;71.0000;1;0;0;0;0;0;2;135.0000;-2391.0000;68.0000;267;265;305;0;0;17380
42547;272;0;0;237;247;232;79.0000;120.0000;78.0000;100.0000;7.0000;71.0000;1;0;0;0;0;0;2;135.0000;-2391.0000;68.0000;267;265;305;0;0;17396
42558;272;0;0;237;247;232;79.0000;120.0000;78.0000;100.0000;7.0000;71.0000;1;0;0;0;0;0;2;135.0000;-2391.0000;68.0000;267;265;305;0;0;17396
42569;272;0;0;237;247;232;79.0000;120.0000;78.0000;100.0000;7.0000;71.0000;1;0;0;0;0;0;2;135.0000;-2391.0000;68.0000;267;265;305;0;0;17396
42581;272;0;0;237;247;232;79.0000;120.0000;78.0000;100.0000;7.0000;71.0000;1;0;0;0;0;0;2;135.0000;-2391.0000;68.0000;267;265;305;0;0;17396
42592;272;0;0;237;247;232;122.0000;120.0000;78.0000;100.0000;7.0000;71.0000;1;0;0;0;0;0;2;135.0000;-2391.0000;68.0000;267;265;305;0;0;17396
42602;272;0;0;237;247;232;122.0000;120.0000;85.0000;100.0000;7.0000;71.0000;1;0;0;0;0;0;2;135.0000;-2391.0000;68.0000;267;265;305;0;0;17396
42614;272;0;0;237;247;232;122.0000;120.0000;85.0000;100.0000;7.0000;71.0000;1;0;0;0;0;0;2;105.0000;-2391.0000;68.0000;267;265;305;0;0;17396
42627;272;0;0;237;247;232;122.0000;120.0000;85.0000;100.0000;7.0000;71.0000;1;0;0;0;0;0;2;105.0000;-2391.0000;68.0000;267;265;305;0;0;17396
42637;272;0;0;237;247;232;122.0000;161.0000;85.0000;100.0000;7.0000;71.0000;1;0;0;0;0;0;2;105.0000;-2391.0000;68.0000;267;265;305;0;0;17396
42650;272;0;0;237;247;232;122.0000;161.0000;85.0000;100.0000;7.0000;71.0000;1;0;0;0;0;0;2;105.0000;-2391.0000;129.0000;267;265;305;0;0;17398
42661;272;0;0;237;247;232;122.0000;161.0000;85.0000;100.0000;7.0000;71.0000;1;0;0;0;0;0;2;105.0000;-2391.0000;129.0000;267;265;305;0;0;17398
42680;272;0;0;237;247;232;122.0000;161.0000;85.0000;100.0000;7.0000;71.0000;1;0;0;0;0;0;2;105.0000;-2391.0000;129.0000;267;265;305;0;0;17398
42691;272;0;0;237;247;232;122.0000;161.0000;85.0000;100.0000;7.0000;71.0000;1;0;0;0;0;0;2;105.0000;-2391.0000;129.0000;267;265;305;0;0;17398
42702;272;0;0;237;247;232;89.0000;161.0000;112.0000;100.0000;7.0000;71.0000;1;0;0;0;0;0;2;105.0000;-2391.0000;129.0000;267;265;305;0;0;17398
42714;272;0;0;237;247;232;89.0000;161.0000;112.0000;100.0000;7.0000;71.0000;1;0;0;0;0;0;2;75.0000;-2391.0000;129.0000;267;265;305;0;0;17398
42726;272;0;0;237;247;232;89.0000;-13.0000;112.0000;100.0000;7.0000;71.0000;1;0;0;0;0;0;2;75.0000;-2391.0000;129.0000;267;265;305;0;0;17398
42737;272;0;0;237;247;232;89.0000;-13.0000;112.0000;100.0000;7.0000;71.0000;1;0;0;0;0;0;2;75.0000;-2391.0000;129.0000;267;265;305;0;0;17398
42747;272;0;0;237;247;232;89.0000;-13.0000;112.0000;100.0000;7.0000;71.0000;1;0;0;0;0;0;2;75.0000;-2391.0000;122.0000;267;265;305;0;0;17398
42759;272;0;0;237;247;232;89.0000;-13.0000;112.0000;100.0000;7.0000;71.0000;1;0;0;0;0;0;2;75.0000;-2391.0000;122.0000;267;265;305;0;0;17398
42769;272;0;0;237;247;232;89.0000;-13.0000;112.0000;100.0000;7.0000;71.0000;1;0;0;0;0;0;2;75.0000;-2391.0000;122.0000;267;265;305;0;0;17406
42780;272;0;0;237;247;232;89.0000;-13.0000;112.0000;100.0000;7.0000;71.0000;1;0;0;0;0;0;2;75.0000;-2391.0000;122.0000;267;265;305;0;0;17406
42791;272;0;0;237;247;232;82.0000;-13.0000;112.0000;100.0000;7.0000;71.0000;1;0;0;0;0;0;2;75.0000;-2391.0000;122.0000;267;265;305;0;0;17406
42801;272;0;0;237;247;232;82.0000;-13.0000;135.0000;100.0000;7.0000;71.0000;1;0;0;0;0;0;2;75.0000;-2391.0000;122.0000;267;265;305;0;0;17406
42814;272;0;0;237;247;232;82.0000;-13.0000;135.0000;100.0000;7.0000;71.0000;1;0;0;0;0;0;2;92.0000;-2391.0000;122.0000;267;265;305;0;0;17406
42825;272;0;0;237;247;232;82.0000;147.0000;135.0000;100.0000;7.0000;71.0000;1;0;0;0;0;0;2;92.0000;-2391.0000;122.0000;267;265;305;0;0;17406
42836;272;0;0;237;247;232;82.0000;147.0000;135.0000;100.0000;7.0000;71.0000;1;0;0;0;0;0;2;92.0000;-2391.0000;115.0000;267;265;305;0;0;17406
42850;272;0;0;237;247;232;82.0000;147.0000;135.0000;100.0000;7.0000;71.0000;1;0;0;0;0;0;2;92.0000;-2391.0000;115.0000;267;265;305;0;0;17406
42861;272;0;0;237;247;232;82.0000;147.0000;135.0000;100.0000;7.0000;71.0000;1;0;0;0;0;0;2;92.0000;-2391.0000;115.0000;267;265;305;0;0;17406
42871;272;0;0;237;247;232;82.0000;147.0000;135.0000;100.0000;7.0000;71.0000;1;0;0;0;0;0;2;92.0000;-2391.0000;115.0000;267;265;305;0;0;17406
42881;272;0;0;237;247;232;82.0000;147.0000;135.0000;100.0000;7.0000;71.0000;1;0;0;0;0;0;2;92.0000;-2391.0000;115.0000;267;265;305;0;0;17406
42892;272;0;0;237;247;232;105.0000;147.0000;135.0000;100.0000;7.0000;71.0000;1;0;0;0;0;0;2;92.0000;-2391.0000;115.0000;267;265;305;0;0;17406
42902;272;0;0;237;247;232;105.0000;147.0000;135.0000;100.0000;7.0000;71.0000;1;0;0;0;0;0;2;92.0000;-2391.0000;115.0000;267;265;305;0;0;17406
42913;272;0;0;237;247;232;105.0000;147.0000;132.0000;100.0000;7.0000;71.0000;1;0;0;0;0;0;2;92.0000;-2391.0000;115.0000;267;265;305;0;0;17406
42924;272;0;0;237;247;232;105.0000;161.0000;132.0000;100.0000;7.0000;71.0000;1;0;0;0;0;0;2;122.0000;-2391.0000;115.0000;267;265;305;0;0;17406
42937;272;0;0;237;247;232;105.0000;161.0000;132.0000;100.0000;7.0000;71.0000;1;0;0;0;0;0;2;122.0000;-2391.0000;102.0000;267;265;305;0;0;17406
42950;272;0;0;237;247;232;105.0000;161.0000;132.0000;100.0000;7.0000;71.0000;1;0;0;0;0;0;2;122.0000;-2391.0000;102.0000;267;265;305;0;0;17406
42961;272;0;0;237;247;232;105.0000;161.0000;132.0000;100.0000;7.0000;71.0000;1;0;0;0;0;0;2;122.0000;-2391.0000;102.0000;267;265;305;0;0;17406
42972;272;0;0;237;247;232;105.0000;161.0000;132.0000;100.0000;7.0000;71.0000;1;0;0;0;0;0;2;122.0000;-2391.0000;102.0000;267;265;305;0;0;17406
42982;272;0;0;237;247;232;105.0000;161.0000;132.0000;100.0000;7.0000;71.0000;1;0;0;0;0;0;2;122.0000;-2391.0000;102.0000;267;265;305;0;0;17406
42994;272;0;0;237;247;232;105.0000;161.0000;132.0000;100.0000;7.0000;71.0000;1;0;0;0;0;0;2;122.0000;-2391.0000;102.0000;267;265;305;0;0;17406
43004;272;0;0;237;247;232;126.0000;161.0000;132.0000;100.0000;7.0000;71.0000;1;0;0;0;0;0;2;122.0000;-2391.0000;102.0000;267;265;305;0;0;17406
43015;272;0;0;237;247;232;126.0000;161.0000;115.0000;100.0000;7.0000;71.0000;1;0;0;0;0;0;2;122.0000;-2391.0000;102.0000;267;265;305;0;0;17406
43027;272;0;0;237;247;232;126.0000;161.0000;115.0000;100.0000;7.0000;71.0000;1;0;0;0;0;0;2;65.0000;-2391.0000;102.0000;267;265;305;0;0;17406
43038;272;0;0;237;247;232;126.0000;13.0000;115.0000;100.0000;7.0000;71.0000;1;0;0;0;0;0;2;65.0000;-2391.0000;102.0000;267;265;305;0;0;17406
43063;272;0;0;237;247;232;126.0000;13.0000;115.0000;100.0000;7.0000;71.0000;1;0;0;0;0;0;2;65.0000;-2391.0000;75.0000;267;265;305;0;0;17406
43073;272;0;0;237;247;232;126.0000;13.0000;115.0000;100.0000;7.0000;71.0000;1;0;0;0;0;0;2;65.0000;-2391.0000;75.0000;267;265;305;0;0;17406
43084;275;0;0;237;247;232;126.0000;13.0000;115.0000;100.0000;7.0000;71.0000;1;0;0;0;0;0;2;65.0000;-2391.0000;75.0000;267;265;305;0;0;17406
43094;275;0;0;237;247;232;122.0000;13.0000;115.0000;100.0000;7.0000;71.0000;1;0;0;0;0;0;2;65.0000;-2391.0000;75.0000;267;265;305;0;0;17406
43105;275;0;0;237;247;232;122.0000;13.0000;115.0000;100.0000;7.0000;71.0000;1;0;0;0;0;0;2;65.0000;-2391.0000;75.0000;267;265;305;0;0;17406
43115;275;0;0;237;247;232;122.0000;13.0000;98.0000;100.0000;7.0000;71.0000;1;0;0;0;0;0;2;65.0000;-2391.0000;75.0000;267;265;305;0;0;17406
43135;275;0;0;237;247;232;122.0000;13.0000;98.0000;100.0000;7.0000;71.0000;1;0;0;0;0;0;2;65.0000;-2391.0000;75.0000;267;265;305;0;0;17406
43146;275;0;0;237;247;232;122.0000;13.0000;98.0000;100.0000;7.0000;71.0000;1;0;0;0;0;0;2;65.0000;-2391.0000;75.0000;267;265;305;0;0;17406
43157;275;0;0;237;247;232;122.0000;-26.0000;98.0000;100.0000;7.0000;71.0000;1;0;0;0;0;0;2;85.0000;-2391.0000;75.0000;267;265;305;0;0;17406
43168;275;0;0;237;247;232;122.0000;-26.0000;98.0000;100.0000;7.0000;71.0000;1;0;0;0;0;0;2;85.0000;-2391.0000;125.0000;267;265;305;0;0;17406
43180;275;0;0;237;247;232;122.0000;-26.0000;98.0000;100.0000;7.0000;71.0000;1;0;0;0;0;0;2;85.0000;-2391.0000;125.0000;267;265;305;0;0;17406
43190;275;0;0;237;247;232;115.0000;-26.0000;98.0000;100.0000;7.0000;71.0000;1;0;0;0;0;0;2;85.0000;-2391.0000;125.0000;267;265;305;0;0;17406
43201;275;0;0;237;247;232;115.0000;-26.0000;98.0000;100.0000;7.0000;71.0000;1;0;0;0;0;0;2;85.0000;-2391.0000;125.0000;267;265;305;0;0;17406
43212;275;0;0;237;247;232;115.0000;-26.0000;98.0000;100.0000;7.0000;71.0000;1;0;0;0;0;0;2;85.0000;-2391.0000;125.0000;267;265;305;0;0;17406
43231;275;0;0;237;247;232;115.0000;-26.0000;98.0000;100.0000;7.0000;71.0000;1;0;0;0;0;0;2;71.0000;-2391.0000;125.0000;267;265;305;0;0;17406
43242;275;0;0;237;247;232;115.0000;-26.0000;98.0000;100.0000;7.0000;71.0000;1;0;0;0;0;0;2;71.0000;-2391.0000;61.0000;267;265;305;0;0;17406
43252;275;0;0;237;247;232;115.0000;-13.0000;98.0000;100.0000;7.0000;71.0000;1;0;0;0;0;0;2;71.0000;-2391.0000;61.0000;267;265;305;0;0;17406
43265;275;0;0;237;247;232;115.0000;-13.0000;98.0000;100.0000;7.0000;71.0000;1;0;0;0;0;0;2;71.0000;-2391.0000;61.0000;267;265;305;0;0;17406
43277;275;0;0;237;247;232;115.0000;-13.0000;98.0000;100.0000;7.0000;71.0000;1;0;0;0;0;0;2;71.0000;-2391.0000;61.0000;267;265;305;0;0;17406
43288;275;0;0;237;247;232;115.0000;-13.0000;98.0000;100.0000;7.0000;71.0000;1;0;0;0;0;0;2;71.0000;-2391.0000;61.0000;267;265;305;0;0;17406
43301;275;0;0;237;247;232;99.0000;-13.0000;98.0000;100.0000;7.0000;71.0000;1;0;0;0;0;0;2;71.0000;-2391.0000;61.0000;267;265;305;0;0;17400
43312;275;0;0;237;247;232;99.0000;-13.0000;98.0000;100.0000;7.0000;71.0000;1;0;0;0;0;0;2;71.0000;-2391.0000;61.0000;267;265;305;0;0;17376
43322;275;0;0;237;247;232;99.0000;-13.0000;115.0000;100.0000;7.0000;71.0000;1;0;0;0;0;0;2;92.0000;-2391.0000;61.0000;267;265;305;0;0;17376
43355;275;0;0;237;247;232;99.0000;-13.0000;115.0000;100.0000;7.0000;71.0000;1;0;0;0;0;0;2;92.0000;-2391.0000;61.0000;267;265;305;0;0;17376
43366;275;0;0;237;247;232;99.0000;134.0000;115.0000;100.0000;7.0000;71.0000;1;0;0;0;0;0;2;92.0000;-2391.0000;65.0000;267;265;305;0;0;17376
43377;275;0;0;237;247;232;99.0000;134.0000;115.0000;100.0000;7.0000;71.0000;1;0;0;0;0;0;2;92.0000;-2391.0000;65.0000;267;265;305;0;0;17376
43388;275;0;0;237;247;232;99.0000;134.0000;115.0000;100.0000;7.0000;71.0000;1;0;0;0;0;0;2;92.0000;-2391.0000;65.0000;267;265;305;0;0;17376
43399;275;0;0;237;247;232;129.0000;134.0000;115.0000;100.0000;7.0000;71.0000;1;0;0;0;0;0;2;92.0000;-2391.0000;65.0000;267;265;305;0;0;17376
43409;275;0;0;237;247;232;129.0000;134.0000;115.0000;100.0000;7.0000;71.0000;1;0;0;0;0;0;2;92.0000;-2391.0000;65.0000;267;265;305;0;0;17376
43420;275;0;0;237;247;232;129.0000;134.0000;115.0000;100.0000;7.0000;71.0000;1;0;0;0;0;0;2;92.0000;-2391.0000;65.0000;267;265;305;0;0;17380
43435;275;0;0;237;247;232;129.0000;134.0000;88.0000;100.0000;7.0000;71.0000;1;0;0;0;0;0;2;115.0000;-2391.0000;65.0000;267;265;305;0;0;17380
43446;275;0;0;237;247;232;129.0000;134.0000;88.0000;100.0000;6.0000;71.0000;1;0;0;0;0;0;2;115.0000;-2391.0000;92.0000;267;265;305;0;0;17380
43457;275;0;0;237;247;232;129.0000;134.0000;88.0000;100.0000;6.0000;71.0000;1;0;0;0;0;0;2;115.0000;-2391.0000;92.0000;267;265;305;0;0;17380
43467;275;0;0;237;247;232;129.0000;26.0000;88.0000;100.0000;6.0000;71.0000;1;0;0;0;0;0;2;115.0000;-2391.0000;92.0000;267;265;305;0;0;17380
43481;275;0;0;237;247;232;129.0000;26.0000;88.0000;100.0000;6.0000;71.0000;1;0;0;0;0;0;2;115.0000;-2391.0000;92.0000;267;265;305;0;0;17380
43492;275;0;0;237;247;232;129.0000;26.0000;88.0000;100.0000;6.0000;71.0000;1;0;0;0;0;0;2;115.0000;-2391.0000;92.0000;267;265;305;0;0;17380
43502;275;0;0;237;247;232;75.0000;26.0000;88.0000;100.0000;6.0000;71.0000;1;0;0;0;0;0;2;115.0000;-2391.0000;92.0000;267;265;305;0;0;17380
43513;275;0;0;237;247;232;75.0000;26.0000;88.0000;100.0000;6.0000;71.0000;1;0;0;0;0;0;2;115.0000;-2391.0000;92.0000;267;265;305;0;0;17380
43524;275;0;0;237;247;232;75.0000;26.0000;102.0000;100.0000;6.0000;71.0000;1;0;0;0;0;0;2;115.0000;-2391.0000;92.0000;267;265;305;0;0;17380
43534;275;0;0;237;247;232;75.0000;26.0000;102.0000;100.0000;6.0000;71.0000;1;0;0;0;0;0;2;115.0000;-2391.0000;92.0000;267;265;305;0;0;17380
43550;275;0;0;237;247;232;75.0000;26.0000;102.0000;100.0000;6.0000;71.0000;1;0;0;0;0;0;2;115.0000;-2391.0000;92.0000;267;265;305;0;0;17396
43560;275;0;0;237;247;232;75.0000;26.0000;102.0000;100.0000;6.0000;71.0000;1;0;0;0;0;0;2;115.0000;-2391.0000;92.0000;267;265;305;0;0;17396
43571;275;0;0;237;247;232;75.0000;26.0000;102.0000;100.0000;6.0000;71.0000;1;0;0;0;0;0;2;115.0000;-2391.0000;92.0000;267;265;305;0;0;17396
43582;275;0;0;237;247;232;75.0000;147.0000;102.0000;100.0000;6.0000;71.0000;1;0;0;0;0;0;2;115.0000;-2391.0000;92.0000;267;265;305;0;0;17396
43592;275;0;0;237;247;232;75.0000;147.0000;102.0000;100.0000;6.0000;71.0000;1;0;0;0;0;0;2;115.0000;-2391.0000;92.0000;267;265;305;0;0;17396
43603;275;0;0;237;247;232;75.0000;147.0000;102.0000;100.0000;6.0000;71.0000;1;0;0;0;0;0;2;115.0000;-2391.0000;92.0000;267;265;305;0;0;17396
