timestamp,fcfileloggerapp_loggingstate,engineservice_currentmode,envapp_newboardtempevent1,envapp_newboardtempevent2,envapp_newboardtempevent3,envapp_newchamberpressevent1,envapp_newoxidizerpressevent,envapp_newpressurefeedpressevent,envapp_newtempevent_1,envapp_newtempevent_2,envapp_newtempevent_3,secenvapp_newboardtempevent1,secenvapp_newboardtempevent2,secenvapp_newboardtempevent3,secenvapp_newchamberpressevent2,secenvapp_newchamberpressevent3,secenvapp_newethanolpressevent,servoservice_newoxidizerdumpvalveevent,servoservice_newoxidizermainvalveevent,servoservice_newoxidizerventvalveevent,servoservice_newpressurefeedmainevent,servoservice_newpressurefeedventevent,secservoservice_newethanolmainvalveevent,secservoservice_newethanolventvalveevent,sysstatservice_newsystemusage,envappfc_newbme280event,envappfc_newboardtempevent_1,envappfc_newboardtempevent_2,envappfc_newboardtempevent_3,envappfc_newimuevent,recoveryservice_newparachutestatusevent,gpsservice_gpsrmcstatusevent,gpsservice_gpsstatusevent,gpsservice_gpsvtgstatusevent,primerservice_primestatusevent,fcsysstatservice_newsystemusage,mainservice_currentmodestatusevent
2026-07-13 05:19:31.637147,,2,23.0,24.7,25.5,1.02,52.81,101.61,16.2,,,22.5,23.0,22.2,-23.91,1.39,40.19,0,0,0,1,0,0,0,"[0, 0, 224]",,,,,,,,,,2,,
2026-07-13 05:19:31.741015,,2,23.0,24.7,25.5,1.35,53.22,102.01,16.2,,,22.5,23.0,22.2,-23.91,1.39,40.06,0,0,0,1,0,0,0,"[0, 0, 224]",,,,,,,,,,2,,
2026-07-13 05:19:31.844204,,2,23.0,24.7,26.0,0.98,52.34,103.22,16.2,,,22.5,23.0,22.2,-23.91,0.92,40.19,0,0,0,1,0,0,0,"[0, 0, 224]",,,,,,,,,,2,,
2026-07-13 05:19:31.947805,,2,23.0,24.7,26.0,0.92,53.28,102.14,16.2,,,22.5,23.0,22.2,-23.91,0.75,40.39,0,0,0,1,0,0,0,"[0, 0, 224]",,,,,,,,,,2,,
2026-07-13 05:19:32.051857,,2,23.0,24.7,26.0,1.25,53.28,102.14,16.2,,,22.5,23.0,22.2,-23.91,1.35,40.53,0,0,0,1,0,0,0,"[0, 0, 224]",,,,,,,,,,2,,
2026-07-13 05:19:32.156607,,2,23.0,24.7,26.0,0.75,53.52,101.34,16.2,,,22.5,23.0,22.2,-23.91,0.98,40.22,0,0,0,1,0,0,0,"[0, 0, 224]",,,,,,,,,,2,,
2026-07-13 05:19:32.259784,,2,23.0,24.7,26.0,0.45,52.85,100.13,16.2,,,22.5,23.0,22.2,-23.91,1.22,40.46,0,0,0,1,0,0,0,"[0, 0, 224]",,,,,,,,,,2,,
2026-07-13 05:19:32.375518,,2,23.0,24.7,26.0,1.39,53.22,102.95,16.2,,,22.5,23.0,22.2,-23.91,1.35,39.96,0,0,0,1,0,0,0,"[0, 0, 224]",,,,,,,,,,2,,
2026-07-13 05:19:32.479319,,2,23.0,24.7,26.0,0.72,52.88,102.28,16.2,,,22.5,23.0,22.2,-23.91,1.42,40.49,0,0,0,1,0,0,0,"[0, 0, 224]",,,,,,,,,,2,,
2026-07-13 05:19:32.583346,,2,23.0,24.7,26.0,0.95,52.98,102.95,16.2,,,22.5,23.0,22.2,-23.91,1.32,40.56,0,0,0,1,0,0,0,"[0, 0, 224]",,,,,,,,,,2,,
2026-07-13 05:19:32.686672,,2,23.0,24.7,26.0,1.89,52.92,99.99,16.2,,,22.5,23.0,22.2,-23.91,0.92,40.36,0,0,0,1,0,0,0,"[0, 0, 224]",,,,,,,,,,2,,
2026-07-13 05:19:32.790046,,2,23.0,24.7,26.0,0.92,53.05,104.16,16.2,,,22.5,23.0,22.2,-23.91,1.02,40.22,0,0,0,1,0,0,0,"[0, 0, 224]",,,,,,,,,,2,,
2026-07-13 05:19:32.893727,,2,23.0,24.7,26.0,1.02,53.99,104.56,16.2,,,22.5,23.0,22.2,-23.91,1.15,40.39,0,0,0,1,0,0,0,"[0, 0, 224]",,,,,,,,,,2,,
2026-07-13 05:19:32.997261,,2,23.0,24.7,26.0,1.55,53.82,101.34,16.2,,,22.5,23.0,22.2,-23.91,1.15,39.92,0,0,0,1,0,0,0,"[0, 0, 224]",,,,,,,,,,2,,
2026-07-13 05:19:33.101142,,2,23.0,24.7,26.0,1.25,53.45,102.01,16.2,,,22.5,23.0,22.2,-23.91,1.25,40.59,0,0,0,1,0,0,0,"[0, 0, 224]",,,,,,,,,,2,,
2026-07-13 05:19:33.205062,,2,23.0,24.7,26.0,1.42,53.82,102.41,16.2,,,22.5,23.0,22.2,-23.91,1.02,39.96,0,0,0,1,0,0,0,"[0, 0, 224]",,,,,,,,,,2,,
2026-07-13 05:19:33.315958,,2,23.0,24.7,26.0,1.59,53.92,99.73,16.2,,,22.5,23.0,22.2,-23.91,1.19,40.29,0,0,0,1,0,0,0,"[0, 0, 224]",,,,,,,,,,2,,
2026-07-13 05:19:33.420841,,2,23.0,24.7,26.0,1.25,54.53,100.93,16.2,,,22.5,23.0,22.2,-23.91,0.72,40.36,0,0,0,1,0,0,0,"[0, 0, 224]",,,,,,,,,,2,,
2026-07-13 05:19:33.524350,,2,23.0,24.7,26.0,1.02,54.02,102.14,16.2,,,22.5,23.0,22.2,-23.91,1.08,40.36,0,0,0,1,0,0,0,"[0, 0, 224]",,,,,,,,,,2,,
2026-07-13 05:19:33.628204,,2,23.0,24.7,26.0,1.55,54.26,102.14,16.2,,,22.5,23.0,22.2,-23.91,0.98,40.26,0,0,0,1,0,0,0,"[0, 0, 224]",,,,,,,,,,2,,
2026-07-13 05:19:33.734531,,2,23.0,24.7,26.0,0.85,53.59,101.34,16.2,,,22.5,23.0,22.2,-23.91,1.35,40.49,0,0,0,1,0,0,0,"[0, 0, 224]",,,,,,,,,,2,,
2026-07-13 05:19:33.839031,,2,23.0,24.7,26.0,1.02,53.86,99.73,16.2,,,22.5,23.0,22.2,-23.91,1.49,40.46,0,0,0,1,0,0,0,"[0, 0, 224]",,,,,,,,,,2,,
2026-07-13 05:19:33.942571,,2,23.0,24.7,26.0,1.25,53.42,104.02,16.2,,,22.5,23.0,22.2,-23.91,0.92,40.09,0,0,0,1,0,0,0,"[0, 0, 224]",,,,,,,,,,2,,
2026-07-13 05:19:34.045965,,2,23.0,24.7,26.0,0.68,53.92,100.8,16.2,,,22.5,23.0,22.2,-23.91,0.78,40.56,0,0,0,1,0,0,0,"[0, 0, 224]",,,,,,,,,,2,,
2026-07-13 05:19:34.150057,,2,23.0,24.7,26.0,1.72,53.92,98.92,16.2,,,22.5,23.0,22.2,-23.91,1.15,40.09,0,0,0,1,0,0,0,"[0, 0, 224]",,,,,,,,,,2,,
2026-07-13 05:19:34.253427,,2,23.0,24.7,26.0,1.49,54.66,99.73,16.2,,,22.5,23.0,22.2,-23.91,0.85,40.26,0,0,0,1,0,0,0,"[0, 0, 224]",,,,,,,,,,2,,
2026-07-13 05:19:34.368498,,2,23.0,24.7,26.0,0.98,53.96,99.73,16.2,,,22.5,23.0,22.2,-23.91,0.72,40.56,0,0,0,1,0,0,0,"[0, 0, 224]",,,,,,,,,,2,,
2026-07-13 05:19:34.474428,,2,23.0,24.7,26.0,0.92,54.39,101.74,16.2,,,22.5,23.0,22.2,-23.91,1.22,40.56,0,0,0,1,0,0,0,"[0, 0, 224]",,,,,,,,,,2,,
2026-07-13 05:19:34.578412,,2,23.0,24.7,26.0,1.05,54.06,99.86,16.2,,,22.5,23.0,22.2,-23.91,0.82,40.53,0,0,0,1,0,0,0,"[0, 0, 224]",,,,,,,,,,2,,
2026-07-13 05:19:34.681572,,2,23.0,24.7,26.0,1.42,54.12,101.74,16.2,,,22.5,23.0,22.2,-23.91,0.95,40.36,0,0,0,1,0,0,0,"[0, 0, 224]",,,,,,,,,,2,,
2026-07-13 05:19:34.785060,,2,23.0,24.7,26.0,1.15,54.66,99.99,16.2,,,22.5,23.0,22.2,-23.91,0.78,40.33,0,0,0,1,0,0,0,"[0, 0, 224]",,,,,,,,,,2,,
2026-07-13 05:19:34.889649,,2,23.0,24.7,26.0,1.49,54.86,102.41,16.2,,,22.5,23.0,22.2,-23.91,1.35,39.96,0,0,0,1,0,0,0,"[0, 0, 224]",,,,,,,,,,2,,
2026-07-13 05:19:34.992951,,2,23.0,24.7,26.0,1.32,54.9,101.47,16.2,,,22.5,23.0,22.2,-23.91,1.12,40.59,0,0,0,1,0,0,0,"[0, 0, 224]",,,,,,,,,,2,,
2026-07-13 05:19:35.096989,,2,23.0,24.7,26.0,0.58,54.66,101.34,16.2,,,22.5,23.0,22.2,-23.91,0.72,40.63,0,0,0,1,0,0,0,"[0, 0, 224]",,,,,,,,,,2,,
2026-07-13 05:19:35.201029,,2,23.0,24.7,26.0,1.35,54.49,101.34,16.2,,,22.5,23.0,22.2,-23.91,1.35,40.16,0,0,0,1,0,0,0,"[0, 0, 224]",,,,,,,,,,2,,
2026-07-13 05:19:35.304411,,2,23.0,24.7,26.0,1.19,54.86,100.93,16.2,,,22.5,23.0,22.2,-23.91,1.29,40.06,0,0,0,1,0,0,0,"[0, 0, 224]",,,,,,,,,,2,,
2026-07-13 05:19:35.408400,,2,23.0,24.7,26.0,1.25,54.69,99.59,16.2,,,22.5,23.0,22.2,-23.91,0.88,40.43,0,0,0,1,0,0,0,"[0, 0, 224]",,,,,,,,,,2,,
2026-07-13 05:19:35.511727,,2,23.0,24.7,26.7,1.42,55.06,102.28,16.2,,,22.5,23.0,22.2,-23.91,1.32,40.06,0,0,0,1,0,0,0,"[0, 0, 224]",,,,,,,,,,2,,
2026-07-13 05:19:35.615167,,2,23.0,24.7,26.7,1.39,54.12,103.35,16.2,,,22.5,23.0,22.2,-23.91,1.15,40.43,0,0,0,1,0,0,0,"[0, 0, 224]",,,,,,,,,,2,,
2026-07-13 05:19:35.721735,,2,23.0,24.7,26.7,1.02,54.83,100.53,16.2,,,22.5,23.0,22.2,-23.91,0.92,40.59,0,0,0,1,0,0,0,"[0, 0, 224]",,,,,,,,,,2,,
2026-07-13 05:19:35.831571,,2,23.0,24.7,26.7,1.59,54.49,101.2,16.2,,,22.5,23.0,22.2,-23.91,1.12,40.39,0,0,0,1,0,0,0,"[0, 0, 224]",,,,,,,,,,2,,
2026-07-13 05:19:35.935557,,2,23.0,24.7,26.7,0.72,55.3,101.2,16.2,,,22.5,23.0,22.2,-23.91,0.82,40.49,0,0,0,1,0,0,0,"[0, 0, 224]",,,,,,,,,,2,,
2026-07-13 05:19:36.039453,,2,23.0,24.7,26.7,0.88,55.23,99.32,16.2,,,22.5,23.0,22.2,-23.91,1.42,40.19,0,0,0,1,0,0,0,"[0, 0, 224]",,,,,,,,,,2,,
2026-07-13 05:19:36.142725,,2,23.0,24.7,26.7,1.39,54.93,102.28,16.2,,,22.5,23.0,22.2,-23.91,1.19,40.02,0,0,0,1,0,0,0,"[0, 0, 224]",,,,,,,,,,2,,
2026-07-13 05:19:36.245949,,2,23.0,24.7,26.7,0.95,55.4,100.8,16.2,,,22.5,23.0,22.2,-23.91,0.78,40.06,0,0,0,1,0,0,0,"[0, 0, 224]",,,,,,,,,,2,,
2026-07-13 05:19:36.360206,,2,23.0,24.7,26.7,1.62,54.96,102.41,16.2,,,22.5,23.0,22.2,-23.91,0.98,40.59,0,0,0,1,0,0,0,"[0, 0, 224]",,,,,,,,,,2,,
2026-07-13 05:19:36.464367,,2,23.0,24.7,26.7,1.35,55.16,102.55,16.2,,,22.5,23.0,22.2,-23.91,1.08,40.09,0,0,0,1,0,0,0,"[0, 0, 224]",,,,,,,,,,2,,
2026-07-13 05:19:36.568435,,2,23.0,24.7,26.7,1.39,55.13,102.68,16.2,,,22.5,23.0,22.2,-23.91,1.12,40.26,0,0,0,1,0,0,0,"[0, 0, 224]",,,,,,,,,,2,,
2026-07-13 05:19:36.673018,,2,23.0,24.7,26.7,1.22,54.93,101.61,16.2,,,22.5,23.0,22.2,-23.91,1.05,39.96,0,0,0,1,0,0,0,"[0, 0, 224]",,,,,,,,,,2,,
2026-07-13 05:19:36.778432,,2,23.0,24.7,26.7,0.95,55.33,99.59,16.2,,,22.5,23.0,22.2,-23.91,1.08,40.19,0,0,0,1,0,0,0,"[0, 0, 224]",,,,,,,,,,2,,
2026-07-13 05:19:36.882468,,2,23.0,24.7,26.7,1.22,55.67,101.34,16.2,,,22.5,23.0,22.2,-23.91,0.88,40.59,0,0,0,1,0,0,0,"[0, 0, 224]",,,,,,,,,,2,,
2026-07-13 05:19:36.985795,,2,23.0,24.7,26.7,1.15,55.4,103.89,16.2,,,22.5,23.0,22.2,-23.91,0.98,40.66,0,0,0,1,0,0,0,"[0, 0, 224]",,,,,,,,,,2,,
2026-07-13 05:19:37.089160,,2,23.0,24.7,26.7,1.08,55.33,102.41,16.2,,,22.5,23.0,22.2,-23.91,1.15,40.49,0,0,0,1,0,0,0,"[0, 0, 224]",,,,,,,,,,2,,
2026-07-13 05:19:37.193136,,2,23.0,24.7,27.0,1.25,55.0,100.67,16.2,,,22.5,23.0,22.2,-23.91,1.08,40.56,0,0,0,1,0,0,0,"[0, 0, 224]",,,,,,,,,,2,,
2026-07-13 05:19:37.297326,,2,23.0,24.7,27.0,0.82,55.57,102.95,16.2,,,22.5,23.0,22.2,-23.91,1.49,40.66,0,0,0,1,0,0,0,"[0, 0, 224]",,,,,,,,,,2,,
2026-07-13 05:19:37.414556,,2,23.0,24.7,27.0,1.45,55.97,102.81,16.2,,,22.5,23.0,22.2,-23.91,1.29,40.16,0,0,0,1,0,0,0,"[0, 0, 224]",,,,,,,,,,2,,
2026-07-13 05:19:37.522473,,2,23.0,24.7,27.0,1.39,55.63,100.8,16.2,,,22.5,23.0,22.2,-23.91,0.75,40.46,0,0,0,1,0,0,0,"[0, 0, 224]",,,,,,,,,,2,,
2026-07-13 05:19:37.626634,,2,23.0,24.7,27.0,1.29,55.57,101.87,16.2,,,22.5,23.0,22.2,-23.91,0.78,40.56,0,0,0,1,0,0,0,"[0, 0, 224]",,,,,,,,,,2,,
2026-07-13 05:19:37.732984,,2,23.0,24.7,27.0,1.08,55.74,100.53,16.2,,,22.5,23.0,22.2,-23.91,1.39,40.53,0,0,0,1,0,0,0,"[0, 0, 224]",,,,,,,,,,2,,
2026-07-13 05:19:37.837044,,2,23.0,24.7,27.0,1.08,55.9,102.95,16.2,,,22.5,23.0,22.2,-23.91,0.85,40.16,0,0,0,1,0,0,0,"[0, 0, 224]",,,,,,,,,,2,,
2026-07-13 05:19:37.941479,,2,23.0,24.7,27.0,0.98,55.43,100.67,16.2,,,22.5,23.0,22.2,-23.91,1.35,40.63,0,0,0,1,0,0,0,"[0, 0, 224]",,,,,,,,,,2,,
2026-07-13 05:19:38.044789,,2,23.0,24.7,27.0,1.29,55.63,99.99,16.2,,,22.5,23.0,22.2,-23.91,0.75,40.12,0,0,0,1,0,0,0,"[0, 0, 224]",,,,,,,,,,2,,
2026-07-13 05:19:38.148351,,2,23.0,24.7,27.0,1.22,55.94,99.99,16.2,,,22.5,23.0,22.2,-23.91,0.92,40.19,0,0,0,1,0,0,0,"[0, 0, 224]",,,,,,,,,,2,,
2026-07-13 05:19:38.252121,,2,23.0,24.7,27.0,1.29,55.87,101.34,16.2,,,22.5,23.0,22.2,-23.91,0.82,40.53,0,0,0,1,0,0,0,"[0, 0, 224]",,,,,,,,,,2,,
2026-07-13 05:19:38.367619,,2,23.0,24.7,27.0,1.22,55.9,101.07,16.2,,,22.5,23.0,22.2,-23.91,1.15,40.16,0,0,0,1,0,0,0,"[0, 0, 224]",,,,,,,,,,2,,
2026-07-13 05:19:38.471672,,2,23.0,24.7,27.0,1.32,55.8,101.61,16.2,,,22.5,23.0,22.2,-23.91,1.29,40.59,0,0,0,1,0,0,0,"[0, 0, 224]",,,,,,,,,,2,,
2026-07-13 05:19:38.575854,,2,23.0,24.7,27.0,1.05,55.74,99.59,16.2,,,22.5,23.0,22.2,-23.91,1.29,40.66,0,0,0,1,0,0,0,"[0, 0, 224]",,,,,,,,,,2,,
2026-07-13 05:19:38.682268,,2,23.0,24.7,27.0,1.12,56.14,100.4,16.2,,,22.5,23.0,22.2,-23.91,1.35,40.49,0,0,0,1,0,0,0,"[0, 0, 224]",,,,,,,,,,2,,
2026-07-13 05:19:38.789658,,2,23.0,24.7,27.0,0.92,56.31,102.01,16.2,,,22.5,23.0,22.2,-23.91,1.35,40.56,0,0,0,1,0,0,0,"[0, 0, 224]",,,,,,,,,,2,,
2026-07-13 05:19:38.896808,,2,23.0,24.7,27.0,0.88,56.07,101.47,16.2,,,22.5,23.0,22.2,-23.91,1.08,40.29,0,0,0,1,0,0,0,"[0, 0, 224]",,,,,,,,,,2,,
2026-07-13 05:19:39.004570,,2,23.0,24.7,27.0,0.85,56.47,100.53,16.2,,,22.5,23.0,22.2,-23.91,1.39,40.39,0,0,0,1,0,0,0,"[0, 0, 224]",,,,,,,,,,2,,
2026-07-13 05:19:39.111348,,2,23.0,24.7,27.0,0.65,56.57,100.8,16.2,,,22.5,23.0,22.2,-23.91,0.98,40.53,0,0,0,1,0,0,0,"[0, 0, 224]",,,,,,,,,,2,,
2026-07-13 05:19:39.219194,,2,23.0,24.7,27.0,0.98,56.31,101.47,16.2,,,22.5,23.0,22.2,-23.91,1.39,40.02,0,0,0,1,0,0,0,"[0, 0, 224]",,,,,,,,,,2,,
2026-07-13 05:19:39.325988,,2,23.0,24.7,27.0,1.25,56.57,101.74,16.2,,,22.5,23.0,22.2,-23.91,1.15,40.39,0,0,0,1,0,0,0,"[0, 0, 224]",,,,,,,,,,2,,
2026-07-13 05:19:39.432715,,2,23.0,24.7,27.0,1.12,56.61,99.99,16.2,,,22.5,23.0,22.2,-23.91,1.29,40.09,0,0,0,1,0,0,0,"[0, 0, 224]",,,,,,,,,,2,,
2026-07-13 05:19:39.540182,,2,23.0,24.7,27.0,0.95,56.41,101.47,16.2,,,22.5,23.0,22.2,-23.91,1.22,40.66,0,0,0,1,0,0,0,"[0, 0, 224]",,,,,,,,,,2,,
2026-07-13 05:19:39.646763,,2,23.0,24.7,27.0,0.88,56.57,101.61,16.2,,,22.5,23.0,22.2,-23.91,1.32,40.02,0,0,0,1,0,0,0,"[0, 0, 224]",,,,,,,,,,2,,
2026-07-13 05:19:39.754699,,2,23.0,24.7,27.0,1.39,56.21,100.8,16.2,,,22.5,23.0,22.2,-23.91,1.42,40.26,0,0,0,1,0,0,0,"[0, 0, 224]",,,,,,,,,,2,,
2026-07-13 05:19:39.863366,,2,23.0,24.7,27.0,1.08,56.64,100.8,16.2,,,22.5,23.0,22.2,-23.91,1.25,40.09,0,0,0,1,0,0,0,"[0, 0, 224]",,,,,,,,,,2,,
2026-07-13 05:19:39.970307,,2,23.0,24.7,27.0,1.22,56.21,99.73,16.2,,,22.5,23.0,22.2,-23.91,1.12,40.09,0,0,0,1,0,0,0,"[0, 0, 224]",,,,,,,,,,2,,
2026-07-13 05:19:40.077634,,2,23.0,24.7,27.0,1.08,56.61,100.93,16.2,,,22.5,23.0,22.2,-23.91,0.92,40.59,0,0,0,1,0,0,0,"[0, 0, 224]",,,,,,,,,,2,,
2026-07-13 05:19:40.184928,,2,23.0,24.7,27.0,1.05,56.74,102.55,16.2,,,22.5,23.0,22.2,-23.91,0.75,40.66,0,0,0,1,0,0,0,"[0, 0, 224]",,,,,,,,,,2,,
2026-07-13 05:19:40.291514,,2,23.0,24.7,27.0,1.29,56.74,100.13,16.2,,,22.5,23.0,22.2,-23.91,0.78,40.56,0,0,0,1,0,0,0,"[0, 0, 224]",,,,,,,,,,2,,
2026-07-13 05:19:40.398731,,2,23.0,24.7,27.0,1.19,56.94,102.28,16.2,,,22.5,23.0,22.2,-23.91,0.98,40.56,0,0,0,1,0,0,0,"[0, 0, 224]",,,,,,,,,,2,,
2026-07-13 05:19:40.506006,,2,23.0,24.7,27.0,0.98,56.91,101.34,16.2,,,22.5,23.0,22.2,-23.91,1.19,40.33,0,0,0,1,0,0,0,"[0, 0, 224]",,,,,,,,,,2,,
2026-07-13 05:19:40.613283,,2,23.0,24.7,27.0,0.75,56.91,98.79,16.2,,,22.5,23.0,22.2,-23.91,0.75,40.56,0,0,0,1,0,0,0,"[0, 0, 224]",,,,,,,,,,2,,
2026-07-13 05:19:40.720804,,2,23.0,24.7,27.0,1.19,57.01,100.93,16.2,,,22.5,23.0,22.2,-23.91,0.95,40.73,0,0,0,1,0,0,0,"[0, 0, 224]",,,,,,,,,,2,,
2026-07-13 05:19:40.828016,,2,23.0,24.7,27.0,1.15,56.81,101.61,16.2,,,22.5,23.0,22.2,-23.91,0.82,40.33,0,0,0,1,0,0,0,"[0, 0, 224]",,,,,,,,,,2,,
2026-07-13 05:19:40.935839,,2,23.0,24.7,27.0,0.95,56.98,99.59,16.2,,,22.5,23.0,22.2,-23.91,0.75,40.46,0,0,0,1,0,0,0,"[0, 0, 224]",,,,,,,,,,2,,
2026-07-13 05:19:41.042694,,2,23.0,24.7,27.0,1.42,56.51,101.61,16.2,,,22.5,23.0,22.2,-23.91,1.19,40.59,0,0,0,1,0,0,0,"[0, 0, 224]",,,,,,,,,,2,,
2026-07-13 05:19:41.150138,,2,23.0,24.7,27.0,1.22,57.04,100.8,16.2,,,22.5,23.0,22.2,-23.91,1.29,40.69,0,0,0,1,0,0,0,"[0, 0, 224]",,,,,,,,,,2,,
2026-07-13 05:19:41.257614,,2,23.0,24.7,27.0,1.15,56.54,100.26,16.2,,,22.5,23.0,22.2,-23.91,1.35,40.39,0,0,0,1,0,0,0,"[0, 0, 224]",,,,,,,,,,2,,
2026-07-13 05:19:41.375645,,2,23.0,24.7,27.0,1.08,56.57,102.28,16.2,,,22.5,23.0,22.2,-23.91,1.25,40.46,0,0,0,1,0,0,0,"[0, 0, 224]",,,,,,,,,,2,,
2026-07-13 05:19:41.482717,,2,23.0,24.7,27.0,0.92,56.94,102.55,16.2,,,22.5,23.0,22.2,-23.91,0.85,40.69,0,0,0,1,0,0,0,"[0, 0, 224]",,,,,,,,,,2,,
2026-07-13 05:19:41.590188,,2,23.0,24.7,27.0,0.98,57.15,100.93,16.2,,,22.5,23.0,22.2,-23.91,1.19,40.66,0,0,0,1,0,0,0,"[0, 0, 224]",,,,,,,,,,2,,
2026-07-13 05:19:41.697497,,2,23.0,24.7,27.0,0.82,56.41,101.47,16.2,,,22.5,23.0,22.2,-23.91,0.95,40.36,0,0,0,1,0,0,0,"[0, 0, 224]",,,,,,,,,,2,,
2026-07-13 05:19:41.812194,,2,23.0,24.7,27.0,1.35,57.18,99.59,16.2,,,22.5,23.0,22.2,-23.91,0.75,40.12,0,0,0,1,0,0,0,"[0, 0, 224]",,,,,,,,,,2,,
2026-07-13 05:19:41.919757,,2,23.0,24.7,27.0,1.42,56.88,99.86,16.2,,,22.5,23.0,22.2,-23.91,1.19,40.43,0,0,0,1,0,0,0,"[0, 0, 224]",,,,,,,,,,2,,
2026-07-13 05:19:42.026572,,2,23.0,24.7,27.0,1.25,56.78,101.61,16.2,,,22.5,23.0,22.2,-23.91,1.35,40.36,0,0,0,1,0,0,0,"[0, 0, 224]",,,,,,,,,,2,,
2026-07-13 05:19:42.133897,,2,23.0,24.7,27.0,1.25,56.84,101.74,16.2,,,22.5,23.0,22.2,-23.91,0.88,40.26,0,0,0,1,0,0,0,"[0, 0, 224]",,,,,,,,,,2,,
2026-07-13 05:19:42.240654,,2,23.0,24.7,27.0,1.55,57.01,100.8,16.2,,,22.5,23.0,22.2,-23.91,1.29,40.36,0,0,0,1,0,0,0,"[0, 0, 224]",,,,,,,,,,2,,
2026-07-13 05:19:42.353379,,2,23.0,24.7,27.0,1.35,57.15,101.07,16.2,,,22.5,23.0,22.2,-23.91,0.82,40.49,0,0,0,1,0,0,0,"[0, 0, 224]",,,,,,,,,,2,,
2026-07-13 05:19:42.461735,,2,23.0,24.7,27.0,1.25,57.18,100.53,16.2,,,22.5,23.0,22.2,-23.91,0.88,40.12,0,0,0,1,0,0,0,"[0, 0, 224]",,,,,,,,,,2,,
2026-07-13 05:19:42.569278,,2,23.0,24.7,27.0,0.88,57.28,101.07,16.2,,,22.5,23.0,22.2,-23.91,1.35,40.29,0,0,0,1,0,0,0,"[0, 0, 224]",,,,,,,,,,2,,
2026-07-13 05:19:42.677228,,2,23.0,24.7,27.0,0.68,57.08,99.73,16.2,,,22.5,23.0,22.2,-23.91,1.35,40.66,0,0,0,1,0,0,0,"[0, 0, 224]",,,,,,,,,,2,,
2026-07-13 05:19:42.784165,,2,23.0,24.7,27.0,0.75,57.04,99.19,16.2,,,22.5,23.0,22.2,-23.91,1.29,40.59,0,0,0,1,0,0,0,"[0, 0, 224]",,,,,,,,,,2,,
2026-07-13 05:19:42.892935,,2,23.0,24.7,27.0,1.29,57.18,98.92,16.2,,,22.5,23.0,22.2,-23.91,1.29,40.39,0,0,0,1,0,0,0,"[0, 0, 224]",,,,,,,,,,2,,
2026-07-13 05:19:43.000574,,2,23.0,24.7,27.0,1.45,57.11,101.87,16.2,,,22.5,23.0,22.2,-23.91,0.75,40.39,0,0,0,1,0,0,0,"[0, 0, 224]",,,,,,,,,,2,,
2026-07-13 05:19:43.107363,,2,23.0,24.7,27.0,0.82,57.15,101.34,16.2,,,22.5,23.0,22.2,-23.91,0.75,40.19,0,0,0,1,0,0,0,"[0, 0, 224]",,,,,,,,,,2,,
2026-07-13 05:19:43.214181,,2,23.0,24.7,27.0,1.32,57.04,100.53,16.2,,,22.5,23.0,22.2,-23.91,1.08,40.22,0,0,0,1,0,0,0,"[0, 0, 224]",,,,,,,,,,2,,
2026-07-13 05:19:43.322574,,2,23.0,24.7,27.0,0.98,57.15,99.73,16.2,,,22.5,23.0,22.2,-23.91,1.22,40.09,0,0,0,1,0,0,0,"[0, 0, 224]",,,,,,,,,,2,,
2026-07-13 05:19:43.437022,,2,23.0,24.7,27.0,1.15,57.18,99.59,16.2,,,22.5,23.0,22.2,-23.91,1.35,40.29,0,0,0,1,0,0,0,"[0, 0, 224]",,,,,,,,,,2,,
2026-07-13 05:19:43.544062,,2,23.0,24.7,27.0,1.49,57.68,99.99,16.2,,,22.5,23.0,22.2,-23.91,0.98,40.69,0,0,0,1,0,0,0,"[0, 0, 224]",,,,,,,,,,2,,
2026-07-13 05:19:43.651242,,2,23.0,24.7,27.0,1.32,57.21,102.81,16.2,,,22.5,23.0,22.2,-23.91,1.35,40.49,0,0,0,1,0,0,0,"[0, 0, 224]",,,,,,,,,,2,,
2026-07-13 05:19:43.758177,,2,23.0,24.7,27.0,1.19,57.41,100.53,16.2,,,22.5,23.0,22.2,-23.91,1.32,40.63,0,0,0,1,0,0,0,"[0, 0, 224]",,,,,,,,,,2,,
2026-07-13 05:19:43.866018,,2,23.0,24.7,27.0,1.35,57.35,100.4,16.2,,,22.5,23.0,22.2,-23.91,0.85,40.69,0,0,0,1,0,0,0,"[0, 0, 224]",,,,,,,,,,2,,
2026-07-13 05:19:43.973484,,2,23.0,24.7,27.0,0.88,57.25,100.4,16.2,,,22.5,23.0,22.2,-23.91,0.92,40.63,0,0,0,1,0,0,0,"[0, 0, 224]",,,,,,,,,,2,,
2026-07-13 05:19:44.080519,,2,23.0,24.7,27.0,1.62,57.21,99.05,16.2,,,22.5,23.0,22.2,-23.91,1.39,40.16,0,0,0,1,0,0,0,"[0, 0, 224]",,,,,,,,,,2,,
2026-07-13 05:19:44.187977,,2,23.0,24.7,27.0,0.98,57.51,101.07,16.2,,,22.5,23.0,22.2,-23.91,0.78,40.12,0,0,0,1,0,0,0,"[0, 0, 224]",,,,,,,,,,2,,
2026-07-13 05:19:44.294696,,2,23.0,24.7,27.0,0.82,57.48,99.46,16.2,,,22.5,23.0,22.2,-23.91,1.35,40.49,0,0,0,1,0,0,0,"[0, 0, 224]",,,,,,,,,,2,,
2026-07-13 05:19:44.413888,,2,23.0,24.7,27.0,0.85,57.38,101.2,16.2,,,22.5,23.0,22.2,-23.91,1.32,40.39,0,0,0,1,0,0,0,"[0, 0, 224]",,,,,,,,,,2,,
2026-07-13 05:19:44.521323,,2,23.0,24.7,27.0,1.02,57.65,100.13,16.2,,,22.5,23.0,22.2,-23.91,1.32,40.12,0,0,0,1,0,0,0,"[0, 0, 224]",,,,,,,,,,2,,
2026-07-13 05:19:44.629630,,2,23.0,24.7,27.0,1.42,57.45,98.52,16.2,,,22.5,23.0,22.2,-23.91,1.39,40.69,0,0,0,1,0,0,0,"[0, 0, 224]",,,,,,,,,,2,,
2026-07-13 05:19:44.736457,,2,23.0,24.7,27.0,0.78,57.28,100.93,16.2,,,22.5,23.0,22.2,-23.91,1.02,40.63,0,0,0,1,0,0,0,"[0, 0, 224]",,,,,,,,,,2,,
2026-07-13 05:19:44.843142,,2,23.0,24.7,27.0,1.42,56.94,99.86,16.2,,,22.5,23.0,22.2,-23.91,1.35,40.66,0,0,0,1,0,0,0,"[0, 0, 224]",,,,,,,,,,2,,
2026-07-13 05:19:44.950322,,2,23.0,24.7,27.0,0.92,57.75,99.59,16.2,,,22.5,23.0,22.2,-23.91,1.35,40.69,0,0,0,1,0,0,0,"[0, 0, 224]",,,,,,,,,,2,,
2026-07-13 05:19:45.096049,,2,23.0,24.7,27.0,0.92,57.48,99.19,16.2,,,22.5,23.0,22.2,-23.91,1.25,40.43,0,0,0,1,0,0,0,"[0, 0, 224]",,,,,,,,,,2,,
2026-07-13 05:19:45.203728,,2,23.0,24.7,27.0,0.88,57.45,100.13,16.2,,,22.5,23.0,22.2,-23.91,1.39,40.73,0,0,0,1,0,0,0,"[0, 0, 224]",,,,,,,,,,2,,
2026-07-13 05:19:45.310823,,2,23.0,24.7,27.0,0.92,57.41,99.59,16.2,,,22.5,23.0,22.2,-23.91,1.25,40.09,0,0,0,1,0,0,0,"[0, 0, 224]",,,,,,,,,,2,,
2026-07-13 05:19:45.430004,,2,23.0,24.7,27.0,1.59,57.31,98.11,16.2,,,22.5,23.0,22.2,-23.91,0.75,40.19,0,0,0,1,0,0,0,"[0, 0, 224]",,,,,,,,,,2,,
2026-07-13 05:19:45.536902,,2,23.0,24.7,27.0,1.25,57.11,101.2,16.2,,,22.5,23.0,22.2,-23.91,1.32,40.46,0,0,0,1,0,0,0,"[0, 0, 224]",,,,,,,,,,2,,
2026-07-13 05:19:45.643882,,2,23.0,24.7,27.0,1.12,57.72,99.86,16.2,,,22.5,23.0,22.2,-23.91,1.25,40.59,0,0,0,1,0,0,0,"[0, 0, 224]",,,,,,,,,,2,,
2026-07-13 05:19:45.750782,,2,23.0,24.7,27.0,1.08,57.78,99.99,16.2,,,22.5,23.0,22.2,-23.91,0.75,40.73,0,0,0,1,0,0,0,"[0, 0, 224]",,,,,,,,,,2,,
2026-07-13 05:19:45.858442,,2,23.0,24.7,27.0,1.32,57.51,100.8,16.2,,,22.5,23.0,22.2,-23.91,0.72,40.53,0,0,0,1,0,0,0,"[0, 0, 224]",,,,,,,,,,2,,
2026-07-13 05:19:45.968300,,2,23.0,24.7,27.0,1.32,57.41,101.34,16.2,,,22.5,23.0,22.2,-23.91,1.08,40.12,0,0,0,1,0,0,0,"[0, 0, 224]",,,,,,,,,,2,,
2026-07-13 05:19:46.075520,,2,23.0,24.7,27.0,1.66,57.35,99.19,16.2,,,22.5,23.0,22.2,-23.91,0.92,40.69,0,0,0,1,0,0,0,"[0, 0, 224]",,,,,,,,,,2,,
2026-07-13 05:19:46.182565,,2,23.0,24.7,27.0,1.29,57.68,100.13,16.2,,,22.5,23.0,22.2,-23.91,1.25,40.26,0,0,0,1,0,0,0,"[0, 0, 224]",,,,,,,,,,2,,
2026-07-13 05:19:46.289225,,2,23.0,24.7,27.0,1.29,57.38,100.4,16.2,,,22.5,23.0,22.2,-23.91,0.75,40.22,0,0,0,1,0,0,0,"[0, 0, 224]",,,,,,,,,,2,,
2026-07-13 05:19:46.408446,,2,23.0,24.7,27.0,1.05,57.65,100.26,16.2,,,22.5,23.0,22.2,-23.91,0.75,40.36,0,0,0,1,0,0,0,"[0, 0, 224]",,,,,,,,,,2,,
2026-07-13 05:19:46.520736,,2,23.0,24.7,27.0,1.05,57.78,100.53,16.2,,,22.5,23.0,22.2,-23.91,0.68,40.33,0,0,0,1,0,0,0,"[0, 0, 224]",,,,,,,,,,2,,
2026-07-13 05:19:46.628397,,2,23.0,24.7,27.0,1.22,57.38,101.34,16.2,,,22.5,23.0,22.2,-23.91,0.88,40.69,0,0,0,1,0,0,0,"[0, 0, 224]",,,,,,,,,,2,,
2026-07-13 05:19:46.735283,,2,23.0,24.7,27.0,1.05,57.45,99.19,16.2,,,22.5,23.0,22.2,-23.91,1.02,40.12,0,0,0,1,0,0,0,"[0, 0, 224]",,,,,,,,,,2,,
2026-07-13 05:19:46.843433,,2,23.0,24.7,27.0,1.62,57.58,101.2,16.2,,,22.5,23.0,22.2,-23.91,1.15,40.19,0,0,0,1,0,0,0,"[0, 0, 224]",,,,,,,,,,2,,
2026-07-13 05:19:46.950865,,2,23.0,24.7,27.0,1.02,57.68,101.07,16.2,,,22.5,23.0,22.2,-23.91,1.22,40.36,0,0,0,1,0,0,0,"[0, 0, 224]",,,,,,,,,,2,,
2026-07-13 05:19:47.058446,,2,23.0,24.7,27.0,1.29,57.31,101.47,16.2,,,22.5,23.0,22.2,-23.91,0.85,40.66,0,0,0,1,0,0,0,"[0, 0, 224]",,,,,,,,,,2,,
2026-07-13 05:19:47.165598,,2,23.0,24.7,27.0,1.35,57.65,100.67,16.2,,,22.5,23.0,22.2,-23.91,0.92,40.76,0,0,0,1,0,0,0,"[0, 0, 224]",,,,,,,,,,2,,
2026-07-13 05:19:47.272225,,2,23.0,24.7,27.0,1.12,57.41,99.46,16.2,,,22.5,23.0,22.2,-23.91,1.05,40.66,0,0,0,1,0,0,0,"[0, 0, 224]",,,,,,,,,,2,,
2026-07-13 05:19:47.390677,,2,23.0,24.7,27.0,1.08,57.68,99.19,16.2,,,22.5,23.0,22.2,-23.91,0.88,40.46,0,0,0,1,0,0,0,"[0, 0, 224]",,,,,,,,,,2,,
2026-07-13 05:19:47.497706,,2,23.0,24.7,27.0,1.15,57.25,101.87,16.2,,,22.5,23.0,22.2,-23.91,1.32,40.12,0,0,0,1,0,0,0,"[0, 0, 224]",,,,,,,,,,2,,
2026-07-13 05:19:47.605705,,2,23.0,24.7,27.0,0.92,57.82,100.26,16.2,,,22.5,23.0,22.2,-23.91,1.08,40.12,0,0,0,1,0,0,0,"[0, 0, 224]",,,,,,,,,,2,,
2026-07-13 05:19:47.713007,,2,23.0,24.7,27.0,1.35,57.62,99.86,16.2,,,22.5,23.0,22.2,-23.91,1.39,40.49,0,0,0,1,0,0,0,"[0, 0, 224]",,,,,,,,,,2,,
2026-07-13 05:19:47.827938,,2,23.0,24.7,27.0,1.35,57.72,101.34,16.2,,,22.5,23.0,22.2,-23.91,0.82,40.22,0,0,0,1,0,0,0,"[0, 0, 224]",,,,,,,,,,2,,
2026-07-13 05:19:47.935221,,2,23.0,24.7,27.0,1.32,57.41,101.34,16.2,,,22.5,23.0,22.2,-23.91,1.15,40.33,0,0,0,1,0,0,0,"[0, 0, 224]",,,,,,,,,,2,,
2026-07-13 05:19:48.041963,,2,23.0,24.7,27.0,1.35,57.48,99.46,16.2,,,22.5,23.0,22.2,-23.91,1.39,40.56,0,0,0,1,0,0,0,"[0, 0, 224]",,,,,,,,,,2,,
2026-07-13 05:19:48.149703,,2,23.0,24.7,27.0,1.02,57.68,99.59,16.2,,,22.5,23.0,22.2,-23.91,1.35,40.36,0,0,0,1,0,0,0,"[0, 0, 224]",,,,,,,,,,2,,
2026-07-13 05:19:48.257228,,2,23.0,24.7,27.0,1.02,57.78,101.87,16.2,,,22.5,23.0,22.2,-23.91,1.29,40.76,0,0,0,1,0,0,0,"[0, 0, 224]",,,,,,,,,,2,,
2026-07-13 05:19:48.376873,,2,23.0,24.7,27.0,0.85,57.98,101.34,16.2,,,22.5,23.0,22.2,-23.91,0.85,40.33,0,0,0,1,0,0,0,"[0, 0, 224]",,,,,,,,,,2,,
2026-07-13 05:19:48.484170,,2,23.0,24.7,27.0,1.42,57.92,100.93,16.2,,,22.5,23.0,22.2,-23.91,0.92,40.63,0,0,0,1,0,0,0,"[0, 0, 224]",,,,,,,,,,2,,
2026-07-13 05:19:48.590718,,2,23.0,24.7,27.0,0.98,57.48,100.26,16.2,,,22.5,23.0,22.2,-23.91,0.75,40.22,0,0,0,1,0,0,0,"[0, 0, 224]",,,,,,,,,,2,,
2026-07-13 05:19:48.698130,,2,23.0,24.7,27.0,1.12,57.48,101.2,16.2,,,22.5,23.0,22.2,-23.91,1.02,40.22,0,0,0,1,0,0,0,"[0, 0, 224]",,,,,,,,,,2,,
2026-07-13 05:19:48.804741,,2,23.0,24.7,27.0,0.75,57.58,99.86,16.2,,,22.5,23.0,22.2,-23.91,0.78,40.12,0,0,0,1,0,0,0,"[0, 0, 224]",,,,,,,,,,2,,
2026-07-13 05:19:48.911535,,2,23.0,24.7,27.0,1.08,57.75,100.53,16.2,,,22.5,23.0,22.2,-23.91,0.92,40.69,0,0,0,1,0,0,0,"[0, 0, 224]",,,,,,,,,,2,,
2026-07-13 05:19:49.018821,,2,23.0,24.7,27.0,1.15,57.78,101.34,16.2,,,22.5,23.0,22.2,-23.91,1.32,40.69,0,0,0,1,0,0,0,"[0, 0, 224]",,,,,,,,,,2,,
2026-07-13 05:19:49.129077,,2,23.0,24.7,27.0,0.88,57.65,101.07,16.2,,,22.5,23.0,22.2,-23.91,1.35,40.12,0,0,0,1,0,0,0,"[0, 0, 224]",,,,,,,,,,2,,
2026-07-13 05:19:49.235992,,2,23.0,24.7,27.0,1.12,57.62,101.47,16.2,,,22.5,23.0,22.2,-23.91,0.75,40.56,0,0,0,1,0,0,0,"[0, 0, 224]",,,,,,,,,,2,,
2026-07-13 05:19:49.354507,,2,23.0,24.7,27.0,0.95,57.31,100.67,16.2,,,22.5,23.0,22.2,-23.91,0.75,40.69,0,0,0,1,0,0,0,"[0, 0, 224]",,,,,,,,,,2,,
2026-07-13 05:19:49.461829,,2,23.0,24.7,27.0,1.05,57.18,100.93,16.2,,,22.5,23.0,22.2,-23.91,1.05,40.22,0,0,0,1,0,0,0,"[0, 0, 224]",,,,,,,,,,2,,
2026-07-13 05:19:49.568945,,2,23.0,24.7,27.0,1.52,57.68,100.53,16.2,,,22.5,23.0,22.2,-23.91,0.95,40.36,0,0,0,1,0,0,0,"[0, 0, 224]",,,,,,,,,,2,,
2026-07-13 05:19:49.676108,,2,23.0,24.7,27.0,1.49,57.88,100.67,16.2,,,22.5,23.0,22.2,-23.91,0.82,40.33,0,0,0,1,0,0,0,"[0, 0, 224]",,,,,,,,,,2,,
2026-07-13 05:19:49.782894,,2,23.0,24.7,27.0,1.25,57.65,99.46,16.2,,,22.5,23.0,22.2,-23.91,0.85,40.66,0,0,0,1,0,0,0,"[0, 0, 224]",,,,,,,,,,2,,
2026-07-13 05:19:49.891069,,2,23.0,24.7,27.0,0.85,57.75,100.26,16.2,,,22.5,23.0,22.2,-23.91,1.35,40.19,0,0,0,1,0,0,0,"[0, 0, 224]",,,,,,,,,,2,,
2026-07-13 05:19:50.016570,,2,23.0,24.7,27.0,0.88,57.82,99.99,16.2,,,22.5,23.0,22.2,-23.91,0.75,40.22,0,0,0,1,0,0,0,"[0, 0, 224]",,,,,,,,,,2,,
2026-07-13 05:19:50.130280,,2,23.0,24.7,27.0,1.22,57.75,99.99,16.2,,,22.5,23.0,22.2,-23.91,1.25,40.33,0,0,0,1,0,0,0,"[0, 0, 224]",,,,,,,,,,2,,
2026-07-13 05:19:50.243659,,2,23.0,24.7,27.0,0.95,57.98,98.92,16.2,,,22.5,23.0,22.2,-23.91,1.08,40.16,0,0,0,1,0,0,0,"[0, 0, 224]",,,,,,,,,,2,,
2026-07-13 05:19:50.363140,,2,23.0,24.7,27.0,1.02,57.31,101.07,16.2,,,22.5,23.0,22.2,-23.91,1.39,40.66,0,0,0,1,0,0,0,"[0, 0, 224]",,,,,,,,,,2,,
2026-07-13 05:19:50.476989,,2,23.0,24.7,27.0,1.49,57.65,101.07,16.2,,,22.5,23.0,22.2,-23.91,0.72,40.36,0,0,0,1,0,0,0,"[0, 0, 224]",,,,,,,,,,2,,
2026-07-13 05:19:50.590084,,2,23.0,24.7,27.0,0.88,57.65,99.73,16.2,,,22.5,23.0,22.2,-23.91,1.05,40.19,0,0,0,1,0,0,0,"[0, 0, 224]",,,,,,,,,,2,,
2026-07-13 05:19:50.703064,,2,23.0,24.7,27.0,1.49,57.82,100.53,16.2,,,22.5,23.0,22.2,-23.91,0.75,40.26,0,0,0,1,0,0,0,"[0, 0, 224]",,,,,,,,,,2,,
2026-07-13 05:19:50.826885,,2,23.0,24.7,27.0,1.12,57.68,100.67,16.2,,,22.5,23.0,22.2,-23.91,1.29,40.76,0,0,0,1,0,0,0,"[0, 0, 224]",,,,,,,,,,2,,
2026-07-13 05:19:50.939706,,2,23.0,24.7,27.0,1.52,57.78,100.26,16.2,,,22.5,23.0,22.2,-23.91,1.39,40.46,0,0,0,1,0,0,0,"[0, 0, 224]",,,,,,,,,,2,,
2026-07-13 05:19:51.052739,,2,23.0,24.7,27.0,0.95,57.45,99.46,16.2,,,22.5,23.0,22.2,-23.91,0.85,40.73,0,0,0,1,0,0,0,"[0, 0, 224]",,,,,,,,,,2,,
2026-07-13 05:19:51.165737,,2,23.0,24.7,27.0,1.32,57.75,99.05,16.2,,,22.5,23.0,22.2,-23.91,0.98,40.76,0,0,0,1,0,0,0,"[0, 0, 224]",,,,,,,,,,2,,
2026-07-13 05:19:51.278622,,2,23.0,24.7,27.0,0.92,57.75,100.53,16.2,,,22.5,23.0,22.2,-23.91,0.78,40.66,0,0,0,1,0,0,0,"[0, 0, 224]",,,,,,,,,,2,,
2026-07-13 05:19:51.398209,,2,23.0,24.7,27.0,1.25,57.98,100.4,16.2,,,22.5,23.0,22.2,-23.91,0.78,40.53,0,0,0,1,0,0,0,"[0, 0, 224]",,,,,,,,,,2,,
2026-07-13 05:19:51.511643,,2,23.0,24.7,27.0,1.42,57.95,97.98,16.2,,,22.5,23.0,22.2,-23.91,0.82,40.59,0,0,0,1,0,0,0,"[0, 0, 224]",,,,,,,,,,2,,
2026-07-13 05:19:51.624991,,2,23.0,24.7,27.0,0.68,57.75,99.59,16.2,,,22.5,23.0,22.2,-23.91,0.68,40.63,0,0,0,1,0,0,0,"[0, 0, 224]",,,,,,,,,,2,,
2026-07-13 05:19:51.738102,,2,23.0,24.7,27.0,0.95,58.02,99.86,16.2,,,22.5,23.0,22.2,-23.91,0.72,40.69,0,0,0,1,0,0,0,"[0, 0, 224]",,,,,,,,,,2,,
2026-07-13 05:19:51.874137,,2,23.0,24.7,27.0,1.15,57.55,100.53,16.2,,,22.5,23.0,22.2,-23.91,1.39,40.06,0,0,0,1,0,0,0,"[0, 0, 224]",,,,,,,,,,2,,
2026-07-13 05:19:51.993717,,2,23.0,24.7,27.0,1.35,57.45,99.32,16.2,,,22.5,23.0,22.2,-23.91,1.15,40.39,0,0,0,1,0,0,0,"[0, 0, 224]",,,,,,,,,,2,,
2026-07-13 05:19:52.106892,,2,23.0,24.7,27.0,1.19,57.62,101.34,16.2,,,22.5,23.0,22.2,-23.91,0.82,40.59,0,0,0,1,0,0,0,"[0, 0, 224]",,,,,,,,,,2,,
2026-07-13 05:19:52.219674,,2,23.0,24.7,26.7,1.52,57.58,100.26,16.2,,,22.5,23.0,22.2,-23.91,1.22,40.19,0,0,0,1,0,0,0,"[0, 0, 224]",,,,,,,,,,2,,
2026-07-13 05:19:52.349991,,2,23.0,24.7,26.7,1.39,57.65,101.2,16.2,,,22.5,23.0,22.2,-23.91,1.35,40.63,0,0,0,1,0,0,0,"[0, 0, 224]",,,,,,,,,,2,,
2026-07-13 05:19:52.463053,,2,23.0,24.7,26.7,1.25,57.65,100.8,16.2,,,22.5,23.0,22.2,-23.91,1.32,40.26,0,0,0,1,0,0,0,"[0, 0, 224]",,,,,,,,,,2,,
2026-07-13 05:19:52.576271,,2,23.0,24.7,26.7,1.19,57.98,100.53,16.2,,,22.5,23.0,22.2,-23.91,1.12,40.56,0,0,0,1,0,0,0,"[0, 0, 224]",,,,,,,,,,2,,
2026-07-13 05:19:52.689981,,2,23.0,24.7,26.7,0.95,57.55,100.13,16.2,,,22.5,23.0,22.2,-23.91,0.98,40.63,0,0,0,1,0,0,0,"[0, 0, 224]",,,,,,,,,,2,,
2026-07-13 05:19:52.803993,,2,23.0,24.7,26.7,1.12,57.68,99.05,16.2,,,22.5,23.0,22.2,-23.91,1.35,40.29,0,0,0,1,0,0,0,"[0, 0, 224]",,,,,,,,,,2,,
2026-07-13 05:19:52.917373,,2,23.0,24.7,26.7,1.29,57.48,100.93,16.2,,,22.5,23.0,22.2,-23.91,1.05,40.26,0,0,0,1,0,0,0,"[0, 0, 224]",,,,,,,,,,2,,
2026-07-13 05:19:53.030107,,2,23.0,24.7,26.7,1.12,57.78,99.99,16.2,,,22.5,23.0,22.2,-23.91,0.75,40.49,0,0,0,1,0,0,0,"[0, 0, 224]",,,,,,,,,,2,,
2026-07-13 05:19:53.143357,,2,23.0,24.7,26.7,0.95,57.28,100.67,16.2,,,22.5,23.0,22.2,-23.91,0.82,40.16,0,0,0,1,0,0,0,"[0, 0, 224]",,,,,,,,,,2,,
2026-07-13 05:19:53.257163,,2,23.0,24.7,26.7,1.39,57.68,98.11,16.2,,,22.5,23.0,22.2,-23.91,1.42,40.26,0,0,0,1,0,0,0,"[0, 0, 224]",,,,,,,,,,2,,
2026-07-13 05:19:53.374217,,2,23.0,24.7,26.7,0.95,57.62,100.13,16.2,,,22.5,23.0,22.2,-23.91,1.02,40.53,0,0,0,1,0,0,0,"[0, 0, 224]",,,,,,,,,,2,,
2026-07-13 05:19:53.487657,,2,23.0,24.7,26.7,1.05,57.78,99.32,16.2,,,22.5,23.0,22.2,-23.91,1.02,40.29,0,0,0,1,0,0,0,"[0, 0, 224]",,,,,,,,,,2,,
2026-07-13 05:19:53.601847,,2,23.0,24.7,26.7,0.95,57.72,100.13,16.2,,,22.5,23.0,22.2,-23.91,1.29,40.76,0,0,0,1,0,0,0,"[0, 0, 224]",,,,,,,,,,2,,
2026-07-13 05:19:53.715457,,2,23.0,24.7,26.7,1.02,57.65,99.05,16.2,,,22.5,23.0,22.2,-23.91,1.35,40.66,0,0,0,1,0,0,0,"[0, 0, 224]",,,,,,,,,,2,,
2026-07-13 05:19:53.844550,,2,23.0,24.7,26.7,1.08,58.09,101.34,16.2,,,22.5,23.0,22.2,-23.91,0.82,40.43,0,0,0,1,0,0,0,"[0, 0, 224]",,,,,,,,,,2,,
2026-07-13 05:19:53.958140,,2,23.0,24.7,26.7,1.52,57.55,99.32,16.2,,,22.5,23.0,22.2,-23.91,0.88,40.66,0,0,0,1,0,0,0,"[0, 0, 224]",,,,,,,,,,2,,
2026-07-13 05:19:54.071743,,2,23.0,24.7,26.7,1.22,57.72,98.52,16.2,,,22.5,23.0,22.2,-23.91,0.85,40.59,0,0,0,1,0,0,0,"[0, 0, 224]",,,,,,,,,,2,,
2026-07-13 05:19:54.185697,,2,23.0,24.7,26.7,1.66,57.82,100.4,16.2,,,22.5,23.0,22.2,-23.91,1.12,40.76,0,0,0,1,0,0,0,"[0, 0, 224]",,,,,,,,,,2,,
2026-07-13 05:19:54.298674,,2,23.0,24.7,26.7,0.72,57.95,99.05,16.2,,,22.5,23.0,22.2,-23.91,1.08,40.12,0,0,0,1,0,0,0,"[0, 0, 224]",,,,,,,,,,2,,
2026-07-13 05:19:54.426838,,2,23.0,24.7,26.7,1.19,57.95,99.73,16.2,,,22.5,23.0,22.2,-23.91,1.35,40.26,0,0,0,1,0,0,0,"[0, 0, 224]",,,,,,,,,,2,,
2026-07-13 05:19:54.540530,,2,23.0,24.7,26.7,1.05,57.95,100.8,16.2,,,22.5,23.0,22.2,-23.91,1.22,40.39,0,0,0,1,0,0,0,"[0, 0, 224]",,,,,,,,,,2,,
2026-07-13 05:19:54.653577,,2,23.0,24.7,26.7,1.39,58.12,99.19,16.2,,,22.5,23.0,22.2,-23.91,1.19,40.29,0,0,0,1,0,0,0,"[0, 0, 224]",,,,,,,,,,2,,
2026-07-13 05:19:54.767341,,2,23.0,24.7,26.7,1.22,57.85,100.8,16.2,,,22.5,23.0,22.2,-23.91,1.42,40.39,0,0,0,1,0,0,0,"[0, 0, 224]",,,,,,,,,,2,,
2026-07-13 05:19:54.880624,,2,23.0,24.7,26.7,1.12,57.78,100.8,16.2,,,22.5,23.0,22.2,-23.91,1.35,40.26,0,0,0,1,0,0,0,"[0, 0, 224]",,,,,,,,,,2,,
2026-07-13 05:19:54.994782,,2,23.0,24.7,26.7,0.98,57.95,98.92,16.2,,,22.5,23.0,22.2,-23.91,1.25,40.09,0,0,0,1,0,0,0,"[0, 0, 224]",,,,,,,,,,2,,
2026-07-13 05:19:55.107885,,2,23.0,24.7,26.7,0.95,58.15,99.46,16.2,,,22.5,23.0,22.2,-23.91,0.78,40.59,0,0,0,1,0,0,0,"[0, 0, 224]",,,,,,,,,,2,,
2026-07-13 05:19:55.220780,,2,23.0,24.7,26.7,1.39,58.25,99.73,16.2,,,22.5,23.0,22.2,-23.91,0.82,40.46,0,0,0,1,0,0,0,"[0, 0, 224]",,,,,,,,,,2,,
2026-07-13 05:19:55.351302,,2,23.0,24.7,26.7,1.25,58.22,99.73,16.2,,,22.5,23.0,22.2,-23.91,1.39,40.63,0,0,0,1,0,0,0,"[0, 0, 224]",,,,,,,,,,2,,
2026-07-13 05:19:55.464436,,2,23.0,25.0,26.7,1.32,57.82,100.4,16.2,,,22.5,23.0,22.2,-23.91,1.32,40.59,0,0,0,1,0,0,0,"[0, 0, 224]",,,,,,,,,,2,,
2026-07-13 05:19:55.582782,,2,23.0,25.0,26.7,1.52,57.85,99.46,16.2,,,22.5,23.0,22.2,-23.91,1.35,40.69,0,0,0,1,0,0,0,"[0, 0, 224]",,,,,,,,,,2,,
2026-07-13 05:19:55.695808,,2,23.0,25.0,26.7,0.85,57.48,99.99,16.2,,,22.5,23.0,22.2,-23.91,0.72,40.8,0,0,0,1,0,0,0,"[0, 0, 224]",,,,,,,,,,2,,
2026-07-13 05:19:55.809265,,2,23.0,25.0,26.7,1.12,57.88,99.86,16.2,,,22.5,23.0,22.2,-23.91,1.39,40.09,0,0,0,1,0,0,0,"[0, 0, 224]",,,,,,,,,,2,,
2026-07-13 05:19:55.922690,,2,23.0,25.0,26.7,1.08,57.65,99.86,16.2,,,22.5,23.0,22.2,-23.91,1.42,40.36,0,0,0,1,0,0,0,"[0, 0, 224]",,,,,,,,,,2,,
2026-07-13 05:19:56.036480,,2,23.0,25.0,26.5,1.08,58.15,101.07,16.2,,,22.5,23.0,22.2,-23.91,0.92,40.12,0,0,0,1,0,0,0,"[0, 0, 224]",,,,,,,,,,2,,
2026-07-13 05:19:56.150126,,2,23.0,25.0,26.5,0.95,58.05,99.73,16.2,,,22.5,23.0,22.2,-23.91,1.19,40.59,0,0,0,1,0,0,0,"[0, 0, 224]",,,,,,,,,,2,,
2026-07-13 05:19:56.263215,,2,23.0,25.0,26.5,1.12,58.05,99.59,16.2,,,22.5,23.0,22.2,-23.91,1.39,40.63,0,0,0,1,0,0,0,"[0, 0, 224]",,,,,,,,,,2,,
2026-07-13 05:19:56.385354,,2,23.0,25.0,26.5,1.42,58.02,100.13,16.2,,,22.5,23.0,22.2,-23.91,1.32,40.59,0,0,0,1,0,0,0,"[0, 0, 224]",,,,,,,,,,2,,
2026-07-13 05:19:56.498103,,2,23.0,25.0,26.5,1.02,57.95,99.59,16.2,,,22.5,23.0,22.2,-23.91,0.85,40.43,0,0,0,1,0,0,0,"[0, 0, 224]",,,,,,,,,,2,,
2026-07-13 05:19:56.611758,,2,23.0,25.0,26.5,0.82,57.78,98.92,16.2,,,22.5,23.0,22.0,-23.91,1.32,40.73,0,0,0,1,0,0,0,"[0, 0, 224]",,,,,,,,,,2,,
2026-07-13 05:19:56.743218,,2,23.0,25.0,26.5,1.25,57.92,100.4,16.2,,,22.5,23.0,22.0,-23.91,1.32,40.69,0,0,0,1,0,0,0,"[0, 0, 224]",,,,,,,,,,2,,
2026-07-13 05:19:56.858020,,2,23.0,25.0,26.5,0.75,57.88,100.13,16.2,,,22.5,23.0,22.0,-23.91,1.15,40.12,0,0,0,1,0,0,0,"[0, 0, 224]",,,,,,,,,,2,,
2026-07-13 05:19:56.972050,,2,23.0,25.0,26.5,1.08,58.12,100.67,16.2,,,22.5,23.0,22.0,-23.91,1.12,40.66,0,0,0,1,0,0,0,"[0, 0, 224]",,,,,,,,,,2,,
2026-07-13 05:19:57.086185,,2,23.0,25.0,26.5,1.29,57.88,99.73,16.2,,,22.5,23.0,22.0,-23.91,1.29,40.26,0,0,0,1,0,0,0,"[0, 0, 224]",,,,,,,,,,2,,
2026-07-13 05:19:57.199991,,2,23.0,25.0,26.5,1.08,58.02,99.05,16.2,,,22.5,23.0,22.0,-23.91,0.88,40.36,0,0,0,1,0,0,0,"[0, 0, 224]",,,,,,,,,,2,,
2026-07-13 05:19:57.314210,,2,23.0,25.0,26.5,1.08,57.68,99.19,16.2,,,22.5,23.0,22.0,-23.91,0.78,40.63,0,0,0,1,0,0,0,"[0, 0, 224]",,,,,,,,,,2,,
2026-07-13 05:19:57.428687,,2,23.0,25.0,26.5,0.95,58.42,101.2,16.2,,,22.5,23.0,22.0,-23.91,0.82,40.59,0,0,0,1,0,0,0,"[0, 0, 224]",,,,,,,,,,2,,
2026-07-13 05:19:57.542439,,2,23.0,25.0,26.5,1.15,57.92,99.99,16.2,,,22.5,23.0,22.0,-23.91,1.02,40.53,0,0,0,1,0,0,0,"[0, 0, 224]",,,,,,,,,,2,,
2026-07-13 05:19:57.656274,,2,23.0,25.0,26.5,1.25,57.95,97.58,16.2,,,22.5,23.0,22.0,-23.91,1.35,40.43,0,0,0,1,0,0,0,"[0, 0, 224]",,,,,,,,,,2,,
2026-07-13 05:19:57.770298,,2,23.0,25.0,26.5,1.12,58.02,100.26,16.2,,,22.5,23.0,22.0,-23.91,0.75,40.43,0,0,0,1,0,0,0,"[0, 0, 224]",,,,,,,,,,2,,
2026-07-13 05:19:57.883859,,2,23.0,25.0,26.5,1.05,57.95,99.73,16.2,,,22.5,23.0,22.0,-23.91,1.29,40.29,0,0,0,1,0,0,0,"[0, 0, 224]",,,,,,,,,,2,,
2026-07-13 05:19:57.997270,,2,23.0,25.0,26.5,1.32,57.48,99.59,16.2,,,22.5,23.0,22.0,-23.91,1.25,40.66,0,0,0,1,0,0,0,"[0, 0, 224]",,,,,,,,,,2,,
2026-07-13 05:19:58.110036,,2,23.0,25.0,26.5,1.52,58.22,98.79,16.2,,,22.5,23.0,22.0,-23.91,0.92,40.16,0,0,0,1,0,0,0,"[0, 0, 224]",,,,,,,,,,2,,
2026-07-13 05:19:58.222493,,2,23.0,25.0,26.5,1.25,58.25,99.19,16.2,,,22.5,23.0,22.0,-23.91,1.25,40.22,0,0,0,1,0,0,0,"[0, 0, 224]",,,,,,,,,,2,,
2026-07-13 05:19:58.336032,,2,23.0,25.0,26.5,0.95,57.75,100.53,16.2,,,22.5,23.0,22.0,-23.91,1.22,40.16,0,0,0,1,0,0,0,"[0, 0, 224]",,,,,,,,,,2,,
2026-07-13 05:19:58.448869,,2,23.0,25.0,26.5,1.22,58.02,99.59,16.2,,,22.5,23.0,22.0,-23.91,0.92,40.39,0,0,0,1,0,0,0,"[0, 0, 224]",,,,,,,,,,2,,
2026-07-13 05:19:58.562582,,2,23.0,25.0,26.5,1.25,57.75,100.53,16.2,,,22.5,23.0,22.0,-23.91,1.35,40.49,0,0,0,1,0,0,0,"[0, 0, 224]",,,,,,,,,,2,,
2026-07-13 05:19:58.675502,,2,23.0,25.0,26.5,0.68,58.32,97.17,16.2,,,22.5,23.0,22.0,-23.91,1.29,40.36,0,0,0,1,0,0,0,"[0, 0, 224]",,,,,,,,,,2,,
2026-07-13 05:19:58.788045,,2,23.0,25.0,26.5,0.92,57.75,98.52,16.2,,,22.5,23.0,22.0,-23.91,1.15,40.76,0,0,0,1,0,0,0,"[0, 0, 224]",,,,,,,,,,2,,
2026-07-13 05:19:58.904561,,2,23.0,25.0,26.5,0.95,58.12,99.46,16.2,,,22.5,23.0,22.0,-23.91,0.92,40.76,0,0,0,1,0,0,0,"[0, 0, 224]",,,,,,,,,,2,,
2026-07-13 05:19:59.018218,,2,23.0,25.0,26.5,0.95,58.29,100.67,16.2,,,22.5,23.0,22.0,-23.91,1.22,40.22,0,0,0,1,0,0,0,"[0, 0, 224]",,,,,,,,,,2,,
2026-07-13 05:19:59.131448,,2,23.0,25.0,26.5,1.32,58.25,99.46,16.2,,,22.5,23.0,22.0,-23.91,1.05,40.73,0,0,0,1,0,0,0,"[0, 0, 224]",,,,,,,,,,2,,
2026-07-13 05:19:59.244062,,2,23.0,25.0,26.5,1.02,58.22,98.11,16.2,,,22.5,23.0,22.2,-23.91,1.25,40.56,0,0,0,1,0,0,0,"[0, 0, 224]",,,,,,,,,,2,,
2026-07-13 05:19:59.366349,,2,23.0,25.0,26.5,1.52,57.75,99.73,16.2,,,22.5,23.0,22.2,-23.91,0.72,40.59,0,0,0,1,0,0,0,"[0, 0, 224]",,,,,,,,,,2,,
2026-07-13 05:19:59.479009,,2,23.0,25.0,26.5,1.32,57.92,97.58,16.2,,,22.5,23.0,22.2,-23.91,1.22,40.16,0,0,0,1,0,0,0,"[0, 0, 224]",,,,,,,,,,2,,
2026-07-13 05:19:59.591867,,2,23.0,25.0,26.5,0.88,58.35,100.4,16.2,,,22.5,23.0,22.2,-23.91,0.85,40.33,0,0,0,1,0,0,0,"[0, 0, 224]",,,,,,,,,,2,,
2026-07-13 05:19:59.705013,,2,23.0,25.0,26.5,1.05,58.22,98.92,16.2,,,22.5,23.0,22.2,-23.91,0.88,40.16,0,0,0,1,0,0,0,"[0, 0, 224]",,,,,,,,,,2,,
2026-07-13 05:19:59.829620,,2,23.0,25.0,26.5,1.49,58.56,99.73,16.2,,,22.5,23.0,22.2,-23.91,0.92,40.63,0,0,0,1,0,0,0,"[0, 0, 224]",,,,,,,,,,2,,
2026-07-13 05:19:59.942571,,2,23.0,25.0,26.5,1.08,58.29,98.25,16.2,,,22.5,23.0,22.2,-23.91,1.05,40.69,0,0,0,1,0,0,0,"[0, 0, 224]",,,,,,,,,,2,,
2026-07-13 05:20:00.056153,,2,23.0,25.0,26.5,1.19,58.02,98.79,16.2,,,22.5,23.0,22.2,-23.91,1.35,40.02,0,0,0,1,0,0,0,"[0, 0, 224]",,,,,,,,,,2,,
2026-07-13 05:20:00.168940,,2,23.0,25.0,26.5,0.98,58.12,100.4,16.2,,,22.5,23.0,22.2,-23.91,1.02,40.63,0,0,0,1,0,0,0,"[0, 0, 224]",,,,,,,,,,2,,
2026-07-13 05:20:00.281837,,2,23.0,25.0,26.5,0.68,58.12,100.67,16.2,,,22.5,23.0,22.2,-23.91,1.32,40.53,0,0,0,1,0,0,0,"[0, 0, 224]",,,,,,,,,,2,,
2026-07-13 05:20:00.411997,,2,23.0,25.0,26.5,0.88,58.45,100.53,16.2,,,22.5,23.0,22.2,-23.91,1.15,40.53,0,0,0,1,0,0,0,"[0, 0, 224]",,,,,,,,,,2,,
2026-07-13 05:20:00.525423,,2,23.0,25.0,26.5,1.15,58.15,99.86,16.2,,,22.5,23.0,22.2,-23.91,1.32,40.22,0,0,0,1,0,0,0,"[0, 0, 224]",,,,,,,,,,2,,
2026-07-13 05:20:00.639482,,2,23.0,25.0,26.5,1.05,58.09,99.73,16.2,,,22.5,23.0,22.2,-23.91,0.98,40.26,0,0,0,1,0,0,0,"[0, 0, 224]",,,,,,,,,,2,,
2026-07-13 05:20:00.752777,,2,23.0,25.0,26.5,1.52,58.02,99.46,16.2,,,22.5,23.0,22.2,-23.91,1.29,40.12,0,0,0,1,0,0,0,"[0, 0, 224]",,,,,,,,,,2,,
2026-07-13 05:20:00.865414,,2,23.0,25.0,26.5,0.95,58.39,100.67,16.2,,,22.5,23.0,22.2,-23.91,0.88,40.59,0,0,0,1,0,0,0,"[0, 0, 224]",,,,,,,,,,2,,
2026-07-13 05:20:00.978441,,2,23.0,25.0,26.5,1.15,58.56,99.05,16.2,,,22.5,23.0,22.2,-23.91,1.32,40.53,0,0,0,1,0,0,0,"[0, 0, 224]",,,,,,,,,,2,,
2026-07-13 05:20:01.091221,,2,23.0,25.0,26.5,1.49,58.15,99.59,16.2,,,22.5,23.0,22.2,-23.91,0.92,40.69,0,0,0,1,0,0,0,"[0, 0, 224]",,,,,,,,,,2,,
2026-07-13 05:20:01.204269,,2,23.0,25.0,26.5,1.62,58.15,98.11,16.2,,,22.5,23.0,22.2,-23.91,1.35,40.69,0,0,0,1,0,0,0,"[0, 0, 224]",,,,,,,,,,2,,
2026-07-13 05:20:01.317300,,2,23.0,25.0,26.5,0.82,58.25,99.73,16.2,,,22.5,23.0,22.2,-23.91,0.82,40.49,0,0,0,1,0,0,0,"[0, 0, 224]",,,,,,,,,,2,,
2026-07-13 05:20:01.438401,,2,23.0,25.0,26.5,1.08,58.35,98.92,16.2,,,22.5,23.0,22.2,-23.91,0.82,40.26,0,0,0,1,0,0,0,"[0, 0, 224]",,,,,,,,,,2,,
2026-07-13 05:20:01.552222,,2,23.0,25.0,26.5,1.22,58.45,98.65,16.2,,,22.5,23.0,22.2,-23.91,1.39,40.63,0,0,0,1,0,0,0,"[0, 0, 224]",,,,,,,,,,2,,
2026-07-13 05:20:01.664991,,2,23.0,25.0,26.5,1.02,58.32,100.8,16.2,,,22.5,23.0,22.2,-23.91,0.82,40.59,0,0,0,1,0,0,0,"[0, 0, 224]",,,,,,,,,,2,,
2026-07-13 05:20:01.777972,,2,23.0,25.0,26.5,0.95,58.15,100.4,16.2,,,22.5,23.0,22.2,-23.91,1.22,40.66,0,0,0,1,0,0,0,"[0, 0, 224]",,,,,,,,,,2,,
2026-07-13 05:20:01.891615,,2,23.0,25.0,26.5,1.02,58.42,100.13,16.2,,,22.5,23.0,22.2,-23.91,1.32,40.66,0,0,0,1,0,0,0,"[0, 0, 224]",,,,,,,,,,2,,
2026-07-13 05:20:02.005111,,2,23.0,25.0,26.5,1.12,58.15,100.26,16.2,,,22.5,23.0,22.2,-23.91,1.12,40.49,0,0,0,1,0,0,0,"[0, 0, 224]",,,,,,,,,,2,,
2026-07-13 05:20:02.121780,,2,23.0,25.0,26.5,0.98,58.45,97.04,16.2,,,22.5,23.0,22.2,-23.91,1.39,40.76,0,0,0,1,0,0,0,"[0, 0, 224]",,,,,,,,,,2,,
2026-07-13 05:20:02.234722,,2,23.0,25.0,26.5,0.82,58.05,99.32,16.2,,,22.5,23.0,22.2,-23.91,0.88,40.29,0,0,0,1,0,0,0,"[0, 0, 224]",,,,,,,,,,2,,
2026-07-13 05:20:02.348205,,2,23.0,25.0,26.5,1.15,58.12,101.2,16.2,,,22.5,23.0,22.2,-23.91,0.85,40.73,0,0,0,1,0,0,0,"[0, 0, 224]",,,,,,,,,,2,,
2026-07-13 05:20:02.462140,,2,23.0,25.0,26.5,1.35,58.22,99.59,16.2,,,22.5,23.0,22.2,-23.91,1.19,40.66,0,0,0,1,0,0,0,"[0, 0, 224]",,,,,,,,,,2,,
2026-07-13 05:20:02.575573,,2,23.0,25.0,26.5,1.25,58.02,98.52,16.2,,,22.5,23.0,22.2,-23.91,0.98,40.19,0,0,0,1,0,0,0,"[0, 0, 224]",,,,,,,,,,2,,
2026-07-13 05:20:02.688411,,2,23.0,25.0,26.5,1.08,58.35,99.86,16.2,,,22.5,23.0,22.2,-23.91,1.32,40.69,0,0,0,1,0,0,0,"[0, 0, 224]",,,,,,,,,,2,,
2026-07-13 05:20:02.801509,,2,23.0,25.0,26.5,0.92,58.35,101.47,16.2,,,22.5,23.0,22.2,-23.91,0.82,40.12,0,0,0,1,0,0,0,"[0, 0, 224]",,,,,,,,,,2,,
2026-07-13 05:20:02.914347,,2,23.0,25.0,26.5,0.95,58.19,100.53,16.2,,,22.5,23.0,22.2,-23.91,0.72,40.63,0,0,0,1,0,0,0,"[0, 0, 224]",,,,,,,,,,2,,
2026-07-13 05:20:03.027649,,2,23.0,25.0,26.5,1.52,57.92,100.4,16.2,,,22.5,23.0,22.2,-23.91,1.42,40.19,0,0,0,1,0,0,0,"[0, 0, 224]",,,,,,,,,,2,,
2026-07-13 05:20:03.141239,,2,23.0,25.0,26.5,1.15,58.45,98.79,16.2,,,22.5,23.0,22.2,-23.91,1.35,40.29,0,0,0,1,0,0,0,"[0, 0, 224]",,,,,,,,,,2,,
2026-07-13 05:20:03.254743,,2,23.0,25.0,26.5,1.45,58.45,99.99,16.2,,,22.5,23.0,22.2,-23.91,0.88,40.36,0,0,0,1,0,0,0,"[0, 0, 224]",,,,,,,,,,2,,
2026-07-13 05:20:03.376092,,2,23.0,25.0,26.5,1.15,57.85,98.92,16.2,,,22.5,23.0,22.2,-23.91,0.88,40.63,0,0,0,1,0,0,0,"[0, 0, 224]",,,,,,,,,,2,,
2026-07-13 05:20:03.488824,,2,23.0,25.0,26.5,1.19,58.19,99.46,16.2,,,22.5,23.0,22.2,-23.91,0.75,40.09,0,0,0,1,0,0,0,"[0, 0, 224]",,,,,,,,,,2,,
2026-07-13 05:20:03.602035,,2,23.0,25.0,26.5,1.35,58.42,99.05,16.2,,,22.5,23.0,22.2,-23.91,0.75,40.76,0,0,0,1,0,0,0,"[0, 0, 224]",,,,,,,,,,2,,
2026-07-13 05:20:03.714970,,2,23.0,25.0,26.5,1.49,58.02,100.13,16.2,,,22.5,23.0,22.2,-23.91,0.85,40.29,0,0,0,1,0,0,0,"[0, 0, 224]",,,,,,,,,,2,,
2026-07-13 05:20:03.838021,,2,23.0,25.0,26.5,1.12,58.15,98.65,16.2,,,22.5,23.0,22.2,-23.91,1.29,40.69,0,0,0,1,0,0,0,"[0, 0, 224]",,,,,,,,,,2,,
2026-07-13 05:20:03.952179,,2,23.0,25.0,26.5,1.35,58.29,99.19,16.2,,,22.5,23.0,22.2,-23.91,0.78,40.36,0,0,0,1,0,0,0,"[0, 0, 224]",,,,,,,,,,2,,
2026-07-13 05:20:04.065006,,2,23.0,25.0,26.5,1.49,58.15,100.8,16.2,,,22.5,23.0,22.2,-23.91,1.29,40.59,0,0,0,1,0,0,0,"[0, 0, 224]",,,,,,,,,,2,,
2026-07-13 05:20:04.178215,,2,23.0,25.0,26.5,1.02,58.62,97.85,16.2,,,22.5,23.0,22.2,-23.91,1.12,40.26,0,0,0,1,0,0,0,"[0, 0, 224]",,,,,,,,,,2,,
2026-07-13 05:20:04.291413,,2,23.0,25.0,26.5,0.75,58.39,98.79,16.2,,,22.5,23.0,22.2,-23.91,1.29,40.22,0,0,0,1,0,0,0,"[0, 0, 224]",,,,,,,,,,2,,
2026-07-13 05:20:04.415201,,2,23.0,25.0,26.5,1.05,58.32,98.79,16.2,,,22.5,23.0,22.2,-23.91,0.88,40.73,0,0,0,1,0,0,0,"[0, 0, 224]",,,,,,,,,,2,,
2026-07-13 05:20:04.529110,,2,23.0,25.0,26.5,1.49,58.09,99.59,16.2,,,22.5,23.0,22.2,-23.91,1.35,40.49,0,0,0,1,0,0,0,"[0, 0, 224]",,,,,,,,,,2,,
2026-07-13 05:20:04.642874,,2,23.0,25.0,26.5,1.39,58.29,99.19,16.2,,,22.5,23.0,22.2,-23.91,0.78,40.26,0,0,0,1,0,0,0,"[0, 0, 224]",,,,,,,,,,2,,
2026-07-13 05:20:04.756082,,2,23.0,25.0,26.5,1.25,58.22,99.86,16.2,,,22.5,23.0,22.2,-23.91,1.22,40.49,0,0,0,1,0,0,0,"[0, 0, 224]",,,,,,,,,,2,,
2026-07-13 05:20:04.869343,,2,23.0,25.0,26.5,1.35,58.52,99.46,16.2,,,22.5,23.0,22.2,-23.91,0.78,40.76,0,0,0,1,0,0,0,"[0, 0, 224]",,,,,,,,,,2,,
2026-07-13 05:20:04.982779,,2,23.0,25.0,26.5,1.15,58.39,100.53,16.2,,,22.5,23.0,22.2,-23.91,0.92,40.76,0,0,0,1,0,0,0,"[0, 0, 224]",,,,,,,,,,2,,
2026-07-13 05:20:05.095858,,2,23.0,25.0,26.5,1.05,58.22,100.93,16.2,,,22.5,23.0,22.2,-23.91,1.22,40.53,0,0,0,1,0,0,0,"[0, 0, 224]",,,,,,,,,,2,,
2026-07-13 05:20:05.210165,,2,23.0,25.0,26.5,1.29,58.15,100.13,16.2,,,22.5,23.0,22.2,-23.91,1.29,40.59,0,0,0,1,0,0,0,"[0, 0, 224]",,,,,,,,,,2,,
2026-07-13 05:20:05.323742,,2,23.0,25.0,26.5,1.25,58.19,99.86,16.2,,,22.5,23.0,22.2,-23.91,1.29,40.76,0,0,0,1,0,0,0,"[0, 0, 224]",,,,,,,,,,2,,
2026-07-13 05:20:05.446717,,2,23.0,25.0,26.5,1.12,58.69,97.98,16.2,,,22.5,23.0,22.2,-23.91,1.22,40.63,0,0,0,1,0,0,0,"[0, 0, 224]",,,,,,,,,,2,,
2026-07-13 05:20:05.559848,,2,23.0,25.0,26.5,0.95,58.66,98.11,16.2,,,22.5,23.0,22.2,-23.91,0.78,40.49,0,0,0,1,0,0,0,"[0, 0, 224]",,,,,,,,,,2,,
2026-07-13 05:20:05.673577,,2,23.0,25.0,26.5,1.32,58.35,99.59,16.2,,,22.5,23.0,22.2,-23.91,1.25,40.29,0,0,0,1,0,0,0,"[0, 0, 224]",,,,,,,,,,2,,
2026-07-13 05:20:05.787125,,2,23.0,25.0,26.5,1.29,58.15,100.93,16.2,,,22.5,23.0,22.2,-23.91,0.85,40.16,0,0,0,1,0,0,0,"[0, 0, 224]",,,,,,,,,,2,,
2026-07-13 05:20:05.900480,,2,23.0,25.0,26.5,1.55,58.09,98.92,16.2,,,22.5,23.0,22.2,-23.91,1.35,40.19,0,0,0,1,0,0,0,"[0, 0, 224]",,,,,,,,,,2,,
2026-07-13 05:20:06.013556,,2,23.0,25.0,26.5,0.85,58.39,99.05,16.2,,,22.5,23.0,22.2,-23.91,1.02,40.26,0,0,0,1,0,0,0,"[0, 0, 224]",,,,,,,,,,2,,
2026-07-13 05:20:06.128612,,2,23.0,25.0,26.5,1.32,58.69,100.67,16.2,,,22.5,23.0,22.2,-23.91,0.88,40.12,0,0,0,1,0,0,0,"[0, 0, 224]",,,,,,,,,,2,,
2026-07-13 05:20:06.242673,,2,23.0,25.0,26.5,1.25,58.76,99.59,16.2,,,22.5,23.0,22.2,-23.91,0.98,40.29,0,0,0,1,0,0,0,"[0, 0, 224]",,,,,,,,,,2,,
2026-07-13 05:20:06.354900,,2,23.0,25.0,26.5,1.22,58.09,98.52,16.2,,,22.5,23.0,22.2,-23.91,1.25,40.66,0,0,0,1,0,0,0,"[0, 0, 224]",,,,,,,,,,2,,
2026-07-13 05:20:06.470749,,2,23.0,25.0,26.5,0.85,58.19,99.99,16.2,,,22.5,23.0,22.2,-23.91,1.29,40.73,0,0,0,1,0,0,0,"[0, 0, 224]",,,,,,,,,,2,,
2026-07-13 05:20:06.578213,,2,23.0,25.0,26.5,1.39,57.98,100.67,16.2,,,22.5,23.0,22.2,-23.91,1.32,40.16,0,0,0,1,0,0,0,"[0, 0, 224]",,,,,,,,,,2,,
2026-07-13 05:20:06.684863,,2,23.0,25.0,26.5,1.49,58.29,99.19,16.2,,,22.5,23.0,22.2,-23.91,1.08,40.16,0,0,0,1,0,0,0,"[0, 0, 224]",,,,,,,,,,2,,
2026-07-13 05:20:06.793657,,2,23.0,25.0,26.5,1.39,58.49,98.79,16.2,,,22.5,23.0,22.2,-23.91,1.35,40.26,0,0,0,1,0,0,0,"[0, 0, 224]",,,,,,,,,,2,,
2026-07-13 05:20:06.900818,,2,23.0,25.0,26.5,1.02,58.49,99.32,16.2,,,22.5,23.0,22.2,-23.91,1.45,40.36,0,0,0,1,0,0,0,"[0, 0, 224]",,,,,,,,,,2,,
2026-07-13 05:20:07.008047,,2,23.0,25.0,26.5,1.15,58.39,97.98,16.2,,,22.5,23.0,22.2,-23.91,0.95,40.22,0,0,0,1,0,0,0,"[0, 0, 224]",,,,,,,,,,2,,
2026-07-13 05:20:07.114741,,2,23.0,25.0,26.5,1.32,58.49,100.4,16.2,,,22.5,23.0,22.2,-23.91,1.25,40.22,0,0,0,1,0,0,0,"[0, 0, 224]",,,,,,,,,,2,,
2026-07-13 05:20:07.221357,,2,23.0,25.0,26.5,1.52,58.45,100.26,16.2,,,22.5,23.0,22.2,-23.91,1.32,40.56,0,0,0,1,0,0,0,"[0, 0, 224]",,,,,,,,,,2,,
2026-07-13 05:20:07.329322,,2,23.0,25.0,26.5,1.15,58.39,99.59,16.2,,,22.5,23.0,22.2,-23.91,1.25,40.56,0,0,0,1,0,0,0,"[0, 0, 224]",,,,,,,,,,2,,
2026-07-13 05:20:07.445046,,2,23.0,25.0,26.2,1.35,58.56,99.59,16.2,,,22.5,23.0,22.2,-23.91,1.29,40.56,0,0,0,1,0,0,0,"[0, 0, 224]",,,,,,,,,,2,,
2026-07-13 05:20:07.552535,,2,23.0,25.0,26.2,1.15,58.25,99.86,16.2,,,22.5,23.0,22.2,-23.91,1.15,40.22,0,0,0,1,0,0,0,"[0, 0, 224]",,,,,,,,,,2,,
2026-07-13 05:20:07.659235,,2,23.0,25.0,26.2,1.32,58.49,98.79,16.2,,,22.5,23.0,22.2,-23.91,1.35,40.43,0,0,0,1,0,0,0,"[0, 0, 224]",,,,,,,,,,2,,
2026-07-13 05:20:07.765891,,2,23.0,25.0,26.2,0.95,58.49,99.19,16.2,,,22.5,23.0,22.2,-23.91,1.39,40.43,0,0,0,1,0,0,0,"[0, 0, 224]",,,,,,,,,,2,,
2026-07-13 05:20:07.872933,,2,23.0,25.0,26.2,0.98,58.29,99.19,16.2,,,22.5,23.0,22.2,-23.91,1.12,40.49,0,0,0,1,0,0,0,"[0, 0, 224]",,,,,,,,,,2,,
2026-07-13 05:20:07.979748,,2,23.0,25.0,26.2,1.55,58.56,99.59,16.2,,,22.5,23.0,22.2,-23.91,1.29,40.66,0,0,0,1,0,0,0,"[0, 0, 224]",,,,,,,,,,2,,
2026-07-13 05:20:08.087780,,2,23.0,25.0,26.2,1.08,57.98,98.65,16.2,,,22.5,23.0,22.2,-23.91,1.42,40.12,0,0,0,1,0,0,0,"[0, 0, 224]",,,,,,,,,,2,,
2026-07-13 05:20:08.194619,,2,23.0,25.0,26.2,1.19,58.69,97.58,16.2,,,22.5,23.0,22.2,-23.91,1.42,40.12,0,0,0,1,0,0,0,"[0, 0, 224]",,,,,,,,,,2,,
2026-07-13 05:20:08.301524,,2,23.0,25.0,26.2,1.22,58.52,98.65,16.2,,,22.5,23.0,22.2,-23.91,1.39,40.8,0,0,0,1,0,0,0,"[0, 0, 224]",,,,,,,,,,2,,
2026-07-13 05:20:08.410720,,2,23.0,25.0,26.2,1.59,58.66,99.05,16.2,,,22.5,23.0,22.2,-23.91,0.95,40.63,0,0,0,1,0,0,0,"[0, 0, 224]",,,,,,,,,,2,,
2026-07-13 05:20:08.518760,,2,23.0,25.0,26.2,1.22,58.45,99.99,16.2,,,22.5,23.0,22.2,-23.91,1.35,40.19,0,0,0,1,0,0,0,"[0, 0, 224]",,,,,,,,,,2,,
2026-07-13 05:20:08.626163,,2,23.0,25.0,26.2,1.02,58.62,99.86,16.2,,,22.5,23.0,22.2,-23.91,1.29,40.53,0,0,0,1,0,0,0,"[0, 0, 224]",,,,,,,,,,2,,
2026-07-13 05:20:08.733656,,2,23.0,25.0,26.2,0.92,58.12,97.58,16.2,,,22.5,23.0,22.2,-23.91,0.75,40.19,0,0,0,1,0,0,0,"[0, 0, 224]",,,,,,,,,,2,,
2026-07-13 05:20:08.842830,,2,23.0,25.0,26.2,0.98,58.22,98.25,16.2,,,22.5,23.0,22.2,-23.91,1.35,40.36,0,0,0,1,0,0,0,"[0, 0, 224]",,,,,,,,,,2,,
2026-07-13 05:20:08.950088,,2,23.0,25.0,26.2,1.66,58.22,97.98,16.2,,,22.5,23.0,22.2,-23.91,1.35,40.69,0,0,0,1,0,0,0,"[0, 0, 224]",,,,,,,,,,2,,
2026-07-13 05:20:09.057043,,2,23.0,25.0,26.2,1.25,58.52,99.32,16.2,,,22.5,23.0,22.2,-23.91,1.35,40.19,0,0,0,1,0,0,0,"[0, 0, 224]",,,,,,,,,,2,,
2026-07-13 05:20:09.164085,,2,23.0,25.0,26.2,1.32,57.95,99.32,16.2,,,22.5,23.0,22.2,-23.91,0.98,40.69,0,0,0,1,0,0,0,"[0, 0, 224]",,,,,,,,,,2,,
2026-07-13 05:20:09.270844,,2,23.0,25.0,26.2,1.19,58.29,99.86,16.2,,,22.5,23.0,22.2,-23.91,1.08,40.59,0,0,0,1,0,0,0,"[0, 0, 224]",,,,,,,,,,2,,
2026-07-13 05:20:09.377445,,2,23.0,25.0,26.2,1.15,58.79,100.26,16.2,,,22.5,23.0,22.2,-23.91,1.35,40.43,0,0,0,1,0,0,0,"[0, 0, 224]",,,,,,,,,,2,,
2026-07-13 05:20:09.484224,,2,23.0,25.0,26.2,1.35,58.25,100.26,16.2,,,22.5,23.0,22.2,-23.91,1.15,40.46,0,0,0,1,0,0,0,"[0, 0, 224]",,,,,,,,,,2,,
2026-07-13 05:20:09.592379,,2,23.0,25.0,26.2,1.05,58.56,99.05,16.2,,,22.5,23.0,22.2,-23.91,0.75,40.12,0,0,0,1,0,0,0,"[0, 0, 224]",,,,,,,,,,2,,
2026-07-13 05:20:09.699331,,2,23.0,25.0,26.2,1.32,58.45,99.59,16.2,,,22.5,23.0,22.2,-23.91,0.88,40.43,0,0,0,1,0,0,0,"[0, 0, 224]",,,,,,,,,,2,,
2026-07-13 05:20:09.806323,,2,23.0,25.0,26.2,0.95,58.32,99.59,16.2,,,22.5,23.0,22.2,-23.91,1.35,40.22,0,0,0,1,0,0,0,"[0, 0, 224]",,,,,,,,,,2,,
2026-07-13 05:20:09.913176,,2,23.0,25.0,26.2,1.08,58.29,100.4,16.2,,,22.5,23.0,22.2,-23.91,1.05,40.26,0,0,0,1,0,0,0,"[0, 0, 224]",,,,,,,,,,2,,
2026-07-13 05:20:10.019702,,2,23.0,25.0,26.2,0.85,58.15,99.86,16.2,,,22.5,23.0,22.2,-23.91,1.15,40.8,0,0,0,1,0,0,0,"[0, 0, 224]",,,,,,,,,,2,,
2026-07-13 05:20:10.126704,,2,23.0,25.0,26.2,1.52,58.56,100.67,16.2,,,22.5,23.0,22.2,-23.91,0.88,40.69,0,0,0,1,0,0,0,"[0, 0, 224]",,,,,,,,,,2,,
2026-07-13 05:20:10.233240,,2,23.0,25.0,26.2,1.29,58.42,100.13,16.2,,,22.5,23.0,22.2,-23.91,1.35,40.66,0,0,0,1,0,0,0,"[0, 0, 224]",,,,,,,,,,2,,
2026-07-13 05:20:10.339859,,2,23.0,25.0,26.2,1.52,58.62,98.25,16.2,,,22.5,23.0,22.2,-23.91,1.19,40.12,0,0,0,1,0,0,0,"[0, 0, 224]",,,,,,,,,,2,,
2026-07-13 05:20:10.461586,,2,23.0,25.0,26.2,0.75,58.45,98.11,16.2,,,22.5,23.0,22.2,-23.91,0.98,40.73,0,0,0,1,0,0,0,"[0, 0, 224]",,,,,,,,,,2,,
2026-07-13 05:20:10.568992,,2,23.0,25.0,26.2,1.49,58.96,98.79,16.2,,,22.5,23.0,22.2,-23.91,1.22,40.59,0,0,0,1,0,0,0,"[0, 0, 224]",,,,,,,,,,2,,
2026-07-13 05:20:10.748077,,2,23.2,25.0,26.0,1.32,58.12,99.59,16.2,,,22.5,23.0,22.2,-23.91,1.35,40.69,0,0,0,1,0,0,0,"[0, 0, 224]",,,,,,,,,,2,,
2026-07-13 05:20:10.860534,,2,23.2,25.0,26.0,1.25,58.49,98.79,16.2,,,22.5,23.0,22.2,-23.91,1.15,40.8,0,0,0,1,0,0,0,"[0, 0, 224]",,,,,,,,,,2,,
2026-07-13 05:20:10.973192,,2,23.2,25.0,26.0,1.39,58.32,98.65,16.2,,,22.5,23.0,22.2,-23.91,0.88,40.12,0,0,0,1,0,0,0,"[0, 0, 224]",,,,,,,,,,2,,
2026-07-13 05:20:11.085543,,2,23.2,25.0,26.0,1.12,58.35,99.32,16.2,,,22.5,23.0,22.2,-23.91,0.98,40.69,0,0,0,1,0,0,0,"[0, 0, 224]",,,,,,,,,,2,,
2026-07-13 05:20:11.198773,,2,23.2,25.0,26.0,0.82,58.35,97.85,16.2,,,22.5,23.0,22.2,-23.91,1.29,40.73,0,0,0,1,0,0,0,"[0, 0, 224]",,,,,,,,,,2,,
2026-07-13 05:20:11.312111,,2,23.2,25.0,26.0,1.22,58.59,99.05,16.2,,,22.5,23.0,22.2,-23.91,0.75,40.76,0,0,0,1,0,0,0,"[0, 0, 224]",,,,,,,,,,2,,
2026-07-13 05:20:11.426678,,2,23.2,25.0,26.0,0.72,58.09,97.98,16.2,,,22.5,23.0,22.2,-23.91,0.95,40.66,0,0,0,1,0,0,0,"[0, 0, 224]",,,,,,,,,,2,,
2026-07-13 05:20:11.539872,,2,23.2,25.0,26.0,1.55,58.56,99.86,16.2,,,22.5,23.0,22.2,-23.91,1.39,40.76,0,0,0,1,0,0,0,"[0, 0, 224]",,,,,,,,,,2,,
2026-07-13 05:20:11.656829,,2,23.2,25.0,26.0,1.42,58.59,98.25,16.2,,,22.5,23.0,22.2,-23.91,0.88,40.76,0,0,0,1,0,0,0,"[0, 0, 224]",,,,,,,,,,2,,
2026-07-13 05:20:11.770520,,2,23.2,25.0,26.0,1.15,58.66,99.99,16.2,,,22.5,23.0,22.2,-23.91,1.39,40.53,0,0,0,1,0,0,0,"[0, 0, 224]",,,,,,,,,,2,,
2026-07-13 05:20:11.886740,,2,23.2,25.0,26.0,0.95,58.39,98.79,16.2,,,22.5,23.0,22.2,-23.91,0.95,40.16,0,0,0,1,0,0,0,"[0, 0, 224]",,,,,,,,,,2,,
2026-07-13 05:20:12.000310,,2,23.2,25.0,26.0,0.78,58.49,99.05,16.2,,,22.5,23.0,22.2,-23.91,1.25,40.22,0,0,0,1,0,0,0,"[0, 0, 224]",,,,,,,,,,2,,
2026-07-13 05:20:12.114135,,2,23.2,25.0,26.0,0.92,58.76,100.67,16.2,,,22.5,23.0,22.2,-23.91,1.22,40.59,0,0,0,1,0,0,0,"[0, 0, 224]",,,,,,,,,,2,,
2026-07-13 05:20:12.227249,,2,23.2,25.0,26.0,1.79,58.62,98.79,16.2,,,22.5,23.0,22.2,-23.91,1.45,40.69,0,0,0,1,0,0,0,"[0, 0, 224]",,,,,,,,,,2,,
2026-07-13 05:20:12.340289,,2,23.2,25.0,26.0,1.08,58.39,96.64,16.2,,,22.5,23.0,22.0,-23.91,0.85,40.39,0,0,0,1,0,0,0,"[0, 0, 224]",,,,,,,,,,2,,
2026-07-13 05:20:12.467078,,2,23.2,25.0,26.0,1.08,58.49,99.46,16.2,,,22.5,23.0,22.0,-23.91,1.25,40.66,0,0,0,0,0,0,0,"[0, 0, 224]",,,,,,,,,,2,,
2026-07-13 05:20:12.580263,,2,23.2,25.0,26.0,0.95,58.42,99.59,16.2,,,22.5,23.0,22.0,-23.91,0.75,40.83,0,0,0,0,0,0,0,"[0, 0, 224]",,,,,,,,,,2,,
2026-07-13 05:20:12.694319,,2,23.2,25.0,26.0,1.02,58.69,97.98,16.2,,,22.5,23.0,22.0,-23.91,0.72,40.12,0,0,0,0,0,0,0,"[0, 0, 224]",,,,,,,,,,2,,
2026-07-13 05:20:12.807641,,2,23.2,25.0,26.0,1.19,58.62,100.53,16.2,,,22.5,23.0,22.0,-23.91,0.78,40.59,0,0,0,0,0,0,0,"[0, 0, 224]",,,,,,,,,,2,,
2026-07-13 05:20:12.921068,,2,23.2,25.0,26.0,1.15,58.42,100.26,16.2,,,22.5,23.0,22.0,-23.91,1.02,40.53,0,0,0,0,0,0,0,"[0, 0, 224]",,,,,,,,,,2,,
2026-07-13 05:20:13.034763,,2,23.2,25.0,26.0,1.76,58.22,98.38,16.2,,,22.5,23.0,22.0,-23.91,0.82,40.66,0,0,0,0,0,0,0,"[0, 0, 224]",,,,,,,,,,2,,
2026-07-13 05:20:13.147593,,2,23.2,25.0,26.0,0.88,58.72,100.13,16.2,,,22.5,23.0,22.0,-23.91,1.22,40.26,0,0,0,0,0,0,0,"[0, 0, 224]",,,,,,,,,,2,,
2026-07-13 05:20:13.260847,,2,23.2,25.0,26.0,1.12,58.79,98.25,16.2,,,22.5,23.0,22.0,-23.91,0.78,39.96,0,0,0,0,0,0,0,"[0, 0, 224]",,,,,,,,,,2,,
2026-07-13 05:20:13.373850,,2,23.2,25.0,26.0,1.39,58.72,99.19,16.2,,,22.5,23.0,22.0,-23.91,0.88,39.69,0,0,0,0,0,0,0,"[0, 0, 224]",,,,,,,,,,2,,
2026-07-13 05:20:13.490202,,2,23.2,25.0,26.0,1.69,58.76,99.73,16.2,,,22.5,23.0,22.0,-23.91,1.19,40.06,0,0,0,0,0,0,0,"[0, 0, 224]",,,,,,,,,,2,,
2026-07-13 05:20:13.603715,,2,23.2,25.0,26.0,1.22,57.95,99.86,16.2,,,22.5,23.0,22.0,-23.91,0.85,39.86,0,0,0,0,0,0,0,"[0, 0, 224]",,,,,,,,,,2,,
2026-07-13 05:20:13.716876,,2,23.2,25.0,26.0,1.86,58.12,100.53,16.2,,,22.5,23.0,22.0,-23.91,1.25,39.29,0,0,0,0,0,0,0,"[0, 0, 224]",,,,,,,,,,2,,
2026-07-13 05:20:13.838160,,2,23.2,25.0,26.0,1.52,59.26,100.26,16.2,,,22.5,23.0,22.0,-23.91,0.85,39.29,0,0,0,0,0,0,0,"[0, 0, 224]",,,,,,,,,,2,,
2026-07-13 05:20:13.951284,,2,23.2,25.0,26.0,1.15,58.66,100.67,16.2,,,22.5,23.0,22.0,-23.91,1.19,39.62,0,0,0,0,0,0,0,"[0, 0, 224]",,,,,,,,,,2,,
2026-07-13 05:20:14.064574,,2,23.2,25.0,26.0,1.25,58.29,101.47,16.2,,,22.5,23.0,22.0,-23.91,1.22,38.92,0,0,0,0,0,0,0,"[0, 0, 224]",,,,,,,,,,2,,
2026-07-13 05:20:14.177921,,2,23.2,25.0,26.0,1.52,58.09,101.2,16.2,,,22.5,23.0,22.0,-23.91,1.22,39.25,0,0,0,0,0,0,0,"[0, 0, 224]",,,,,,,,,,2,,
2026-07-13 05:20:14.291334,,2,23.2,25.0,26.0,0.82,58.05,101.47,16.2,,,22.5,23.0,22.0,-23.91,0.85,39.18,0,0,0,0,0,0,0,"[0, 0, 224]",,,,,,,,,,2,,
2026-07-13 05:20:14.430501,,2,23.2,25.0,26.0,1.25,58.32,96.5,16.2,,,22.5,23.0,22.2,-23.91,0.75,38.51,0,0,0,0,0,0,0,"[0, 0, 224]",,,,,,,,,,2,,
2026-07-13 05:20:14.563334,,2,23.2,25.0,26.0,1.55,58.42,100.4,16.2,,,22.5,23.0,22.2,-23.91,0.65,38.55,0,0,0,0,0,0,0,"[0, 0, 224]",,,,,,,,,,2,,
2026-07-13 05:20:14.676648,,2,23.2,25.0,26.0,1.22,58.89,98.25,16.2,,,22.5,23.0,22.2,-23.91,1.15,38.21,0,0,0,0,0,0,0,"[0, 0, 224]",,,,,,,,,,2,,
2026-07-13 05:20:14.790300,,2,23.2,25.0,26.0,1.29,58.35,100.13,16.2,,,22.5,23.0,22.2,-23.91,1.08,38.65,0,0,0,0,0,0,0,"[0, 0, 224]",,,,,,,,,,2,,
2026-07-13 05:20:14.903470,,2,23.2,25.0,26.0,1.69,58.29,97.98,16.2,,,22.5,23.0,22.2,-23.91,0.82,38.24,0,0,0,0,0,0,0,"[0, 0, 224]",,,,,,,,,,2,,
2026-07-13 05:20:15.020001,,2,23.2,25.0,26.0,0.78,58.32,102.14,16.2,,,22.5,23.0,22.2,-23.91,1.35,37.91,0,0,0,0,0,0,0,"[0, 0, 224]",,,,,,,,,,2,,
2026-07-13 05:20:15.133563,,2,23.2,25.0,26.0,1.79,58.22,96.77,16.2,,,22.5,23.0,22.2,-23.91,0.88,38.24,0,0,0,0,0,0,0,"[0, 0, 224]",,,,,,,,,,2,,
2026-07-13 05:20:15.246229,,2,23.2,25.0,26.0,1.69,58.19,97.17,16.2,,,22.5,23.0,22.2,-23.91,0.88,38.21,0,0,0,0,0,0,0,"[0, 0, 224]",,,,,,,,,,2,,
2026-07-13 05:20:15.358979,,2,23.2,25.0,26.0,1.22,58.96,99.19,16.2,,,22.5,23.0,22.2,-23.91,0.88,37.74,0,0,0,0,0,0,0,"[0, 0, 224]",,,,,,,,,,2,,
2026-07-13 05:20:15.479172,,2,23.2,25.0,26.0,1.05,58.35,101.07,16.2,,,22.5,23.0,22.0,-23.91,0.61,37.57,0,0,0,0,0,0,0,"[0, 0, 224]",,,,,,,,,,2,,
2026-07-13 05:20:15.592166,,2,23.2,25.0,26.0,0.51,58.82,97.58,16.2,,,22.5,23.0,22.0,-23.91,0.88,37.84,0,0,0,0,0,0,0,"[0, 0, 224]",,,,,,,,,,2,,
2026-07-13 05:20:15.705037,,2,23.2,25.0,26.0,1.25,57.72,97.44,16.2,,,22.5,23.0,22.0,-23.91,1.29,37.47,0,0,0,0,0,0,0,"[0, 0, 224]",,,,,,,,,,2,,
2026-07-13 05:20:16.025321,,2,23.2,25.0,26.0,1.89,58.76,98.38,16.2,,,22.5,23.0,22.0,-23.91,1.35,37.0,0,0,0,0,0,0,0,"[0, 0, 224]",,,,,,,,,,2,,
2026-07-13 05:20:16.137626,,2,23.2,25.0,26.0,1.52,58.89,96.64,16.2,,,22.5,23.0,22.0,-23.91,1.29,37.34,0,0,0,0,0,0,0,"[0, 0, 224]",,,,,,,,,,2,,
2026-07-13 05:20:16.250574,,2,23.2,25.0,26.0,1.25,58.15,99.19,16.2,,,22.5,23.0,22.0,-23.91,0.88,36.63,0,0,0,0,0,0,0,"[0, 0, 224]",,,,,,,,,,2,,
2026-07-13 05:20:16.363815,,2,23.2,25.0,26.0,1.08,58.92,96.37,16.2,,,22.5,23.0,22.0,-23.91,0.82,36.67,0,0,0,0,0,0,0,"[0, 0, 224]",,,,,,,,,,2,,
2026-07-13 05:20:16.476878,,2,23.2,25.0,26.0,0.88,58.02,97.98,16.2,,,22.5,23.0,22.0,-23.91,1.35,36.77,0,0,0,0,0,0,0,"[0, 0, 224]",,,,,,,,,,2,,
2026-07-13 05:20:16.590286,,2,23.2,25.0,26.0,1.02,58.72,98.52,16.2,,,22.5,23.0,22.0,-23.91,1.15,36.6,0,0,0,0,0,0,0,"[0, 0, 224]",,,,,,,,,,2,,
2026-07-13 05:20:16.702641,,2,23.2,25.0,26.0,0.88,58.72,100.67,16.2,,,22.5,23.0,22.0,-23.91,1.39,36.73,0,0,0,0,0,0,0,"[0, 0, 224]",,,,,,,,,,2,,
2026-07-13 05:20:16.815659,,2,23.2,25.0,26.0,1.12,58.09,99.86,16.2,,,22.5,23.0,22.0,-23.91,0.75,36.63,0,0,0,0,0,0,0,"[0, 0, 224]",,,,,,,,,,2,,
2026-07-13 05:20:16.928579,,2,23.2,25.0,26.0,0.82,58.69,97.58,16.2,,,22.5,23.0,22.0,-23.91,1.12,36.13,0,0,0,0,0,0,0,"[0, 0, 224]",,,,,,,,,,2,,
2026-07-13 05:20:17.042137,,2,23.2,25.0,26.0,1.19,57.85,96.91,16.2,,,22.5,23.0,22.0,-23.91,0.98,36.4,0,0,0,0,0,0,0,"[0, 0, 224]",,,,,,,,,,2,,
2026-07-13 05:20:17.154817,,2,23.2,25.0,26.0,1.02,58.05,96.5,16.2,,,22.5,23.0,22.0,-23.91,1.45,35.76,0,0,0,0,0,0,0,"[0, 0, 224]",,,,,,,,,,2,,
2026-07-13 05:20:17.267733,,2,23.2,25.0,26.0,0.14,57.88,97.31,16.2,,,22.5,23.0,22.0,-23.91,0.98,35.63,0,0,0,0,0,0,0,"[0, 0, 224]",,,,,,,,,,2,,
2026-07-13 05:20:17.380473,,2,23.2,25.0,26.0,1.52,58.05,98.38,16.2,,,22.5,23.0,22.0,-23.91,1.02,36.16,0,0,0,0,0,0,0,"[0, 0, 224]",,,,,,,,,,2,,
2026-07-13 05:20:17.493880,,2,23.2,25.0,26.0,1.45,57.85,99.73,16.2,,,22.5,23.0,22.0,-23.91,1.35,35.46,0,0,0,0,0,0,0,"[0, 0, 224]",,,,,,,,,,2,,
2026-07-13 05:20:17.607414,,2,23.2,25.0,26.0,1.39,58.29,99.86,16.2,,,22.5,23.0,22.2,-23.91,0.82,35.76,0,0,0,0,0,0,0,"[0, 0, 224]",,,,,,,,,,2,,
2026-07-13 05:20:17.720276,,2,23.2,25.0,26.0,1.42,58.62,99.32,16.2,,,22.5,23.0,22.2,-23.91,1.05,35.63,0,0,0,0,0,0,0,"[0, 0, 224]",,,,,,,,,,2,,
2026-07-13 05:20:17.838427,,2,23.2,25.0,26.0,1.08,58.22,99.05,16.2,,,22.5,23.0,22.2,-23.91,0.78,35.42,0,0,0,0,0,0,0,"[0, 0, 224]",,,,,,,,,,2,,
2026-07-13 05:20:17.951460,,2,23.2,25.0,26.0,0.78,58.29,100.53,16.2,,,22.5,23.0,22.2,-23.91,0.82,35.49,0,0,0,0,0,0,0,"[0, 0, 224]",,,,,,,,,,2,,
2026-07-13 05:20:18.064728,,2,23.2,25.0,26.0,1.15,57.88,96.23,16.2,,,22.5,23.0,22.2,-23.91,1.19,35.39,0,0,0,0,0,0,0,"[0, 0, 224]",,,,,,,,,,2,,
2026-07-13 05:20:18.178205,,2,23.2,25.0,26.0,0.88,58.05,100.13,16.2,,,22.5,23.0,22.2,-23.91,1.35,35.02,0,0,0,0,0,0,0,"[0, 0, 224]",,,,,,,,,,2,,
2026-07-13 05:20:18.291172,,2,23.2,25.0,26.0,0.88,58.22,98.79,16.2,,,22.5,23.0,22.2,-23.91,1.42,34.79,0,0,0,0,0,0,0,"[0, 0, 224]",,,,,,,,,,2,,
2026-07-13 05:20:18.409385,,2,23.2,25.0,26.0,0.55,58.52,98.38,16.2,,,22.5,23.0,22.2,-23.91,1.12,35.22,0,0,0,0,0,0,0,"[0, 0, 224]",,,,,,,,,,2,,
2026-07-13 05:20:18.522271,,2,23.2,25.0,26.0,1.15,57.92,100.13,16.2,,,22.5,23.0,22.2,-23.91,1.22,34.55,0,0,0,0,0,0,0,"[0, 0, 224]",,,,,,,,,,2,,
2026-07-13 05:20:18.635730,,2,23.2,25.0,26.0,1.22,57.88,98.38,16.2,,,22.5,23.0,22.2,-23.91,0.68,34.95,0,0,0,0,0,0,0,"[0, 0, 224]",,,,,,,,,,2,,
2026-07-13 05:20:18.749143,,2,23.2,25.0,26.0,0.85,57.72,99.46,16.2,,,22.5,23.0,22.2,-23.91,0.75,34.42,0,0,0,0,0,0,0,"[0, 0, 224]",,,,,,,,,,2,,
2026-07-13 05:20:18.862561,,2,23.2,25.0,26.0,0.95,57.85,101.87,16.2,,,22.5,23.0,22.2,-23.91,1.22,34.69,0,0,0,0,0,0,0,"[0, 0, 224]",,,,,,,,,,2,,
2026-07-13 05:20:18.975564,,2,23.2,25.0,26.0,1.15,58.22,100.67,16.2,,,22.5,23.0,22.2,-23.91,1.42,34.38,0,0,0,0,0,0,0,"[0, 0, 224]",,,,,,,,,,2,,
2026-07-13 05:20:19.088796,,2,23.2,25.0,26.0,0.82,58.66,101.34,16.2,,,22.5,23.0,22.2,-23.91,0.72,34.65,0,0,0,0,0,0,0,"[0, 0, 224]",,,,,,,,,,2,,
2026-07-13 05:20:19.201918,,2,23.2,25.0,26.0,0.65,58.19,98.65,16.2,,,22.5,23.0,22.2,-23.91,1.49,34.01,0,0,0,0,0,0,0,"[0, 0, 224]",,,,,,,,,,2,,
2026-07-13 05:20:19.315048,,2,23.2,25.0,26.0,1.29,58.56,97.58,16.2,,,22.5,23.0,22.2,-23.91,0.92,34.48,0,0,0,0,0,0,0,"[0, 0, 224]",,,,,,,,,,2,,
2026-07-13 05:20:19.438708,,2,23.2,25.0,26.0,1.35,57.78,97.31,16.2,,,22.5,23.0,22.2,-23.91,0.68,34.38,0,0,0,0,0,0,0,"[0, 0, 224]",,,,,,,,,,2,,
2026-07-13 05:20:19.552525,,2,23.2,25.0,26.0,0.85,58.35,100.67,16.2,,,22.5,23.0,22.2,-23.91,0.72,33.81,0,0,0,0,0,0,0,"[0, 0, 224]",,,,,,,,,,2,,
2026-07-13 05:20:19.666126,,2,23.2,25.0,26.0,1.72,58.09,99.73,16.2,,,22.5,23.0,22.0,-23.91,0.95,33.68,0,0,0,0,0,0,0,"[0, 0, 224]",,,,,,,,,,2,,
2026-07-13 05:20:19.779800,,2,23.2,25.0,26.0,1.02,58.09,101.34,16.2,,,22.5,23.0,22.0,-23.91,1.35,33.54,0,0,0,0,0,0,0,"[0, 0, 224]",,,,,,,,,,2,,
2026-07-13 05:20:19.893104,,2,23.2,25.0,26.0,0.95,58.22,97.17,16.2,,,22.5,23.0,22.0,-23.91,1.12,34.05,0,0,0,0,0,0,0,"[0, 0, 224]",,,,,,,,,,2,,
2026-07-13 05:20:20.006633,,2,23.2,25.0,26.0,0.55,57.88,98.79,16.2,,,22.5,23.0,22.0,-23.91,1.42,33.95,0,0,0,0,0,0,0,"[0, 0, 224]",,,,,,,,,,2,,
2026-07-13 05:20:20.120294,,2,23.2,25.0,26.0,1.39,57.48,98.92,16.2,,,22.5,23.0,22.0,-23.91,1.12,33.54,0,0,0,0,0,0,0,"[0, 0, 224]",,,,,,,,,,2,,
2026-07-13 05:20:20.234796,,2,23.2,25.0,26.0,0.75,58.35,98.65,16.2,,,22.5,23.0,22.0,-23.91,0.75,33.85,0,0,0,0,0,0,0,"[0, 0, 224]",,,,,,,,,,2,,
2026-07-13 05:20:20.348553,,2,23.2,25.0,26.0,1.66,58.39,97.71,16.2,,,22.5,23.0,22.0,-23.91,0.98,33.24,0,0,0,0,0,0,0,"[0, 0, 224]",,,,,,,,,,2,,
2026-07-13 05:20:20.471932,,2,23.2,25.0,26.0,1.25,58.25,97.31,16.2,,,22.5,23.0,22.0,-23.91,0.85,33.41,0,0,0,0,0,0,0,"[0, 0, 224]",,,,,,,,,,2,,
2026-07-13 05:20:20.586005,,2,23.2,25.0,26.0,1.55,57.95,101.2,16.2,,,22.5,23.0,22.0,-23.91,0.88,33.04,0,0,0,0,0,0,0,"[0, 0, 224]",,,,,,,,,,2,,
2026-07-13 05:20:20.699125,,2,23.2,25.0,26.0,1.08,57.88,100.13,16.2,,,22.5,23.0,22.0,-23.91,0.95,33.24,0,0,0,0,0,0,0,"[0, 0, 224]",,,,,,,,,,2,,
2026-07-13 05:20:20.812157,,2,23.2,25.0,26.0,1.22,58.02,97.31,16.2,,,22.5,23.0,22.0,-23.91,0.82,33.28,0,0,0,0,0,0,0,"[0, 0, 224]",,,,,,,,,,2,,
2026-07-13 05:20:20.925335,,2,23.2,25.0,26.0,1.29,57.72,102.01,16.2,,,22.5,23.0,22.0,-23.91,1.29,33.11,0,0,0,0,0,0,0,"[0, 0, 224]",,,,,,,,,,2,,
2026-07-13 05:20:21.039037,,2,23.2,25.0,26.0,0.88,58.35,100.4,16.2,,,22.5,23.0,22.0,-23.91,1.39,33.14,0,0,0,0,0,0,0,"[0, 0, 224]",,,,,,,,,,2,,
2026-07-13 05:20:21.151996,,2,23.2,25.0,26.0,0.82,57.51,96.5,16.2,,,22.5,23.0,22.0,-23.91,0.72,32.5,0,0,0,0,0,0,0,"[0, 0, 224]",,,,,,,,,,2,,
2026-07-13 05:20:21.265324,,2,23.2,25.0,26.2,1.45,57.78,102.28,16.2,,,22.5,23.0,22.0,-23.91,0.82,32.37,0,0,0,0,0,0,0,"[0, 0, 224]",,,,,,,,,,2,,
2026-07-13 05:20:21.385305,,2,23.2,25.0,26.2,1.39,57.92,98.92,16.2,,,22.5,23.0,22.0,-23.91,1.19,32.84,0,0,0,0,0,0,0,"[0, 0, 224]",,,,,,,,,,2,,
2026-07-13 05:20:21.500561,,2,23.2,25.0,26.2,1.45,57.28,100.4,16.2,,,22.5,23.0,22.0,-23.91,1.35,32.67,0,0,0,0,0,0,0,"[0, 0, 224]",,,,,,,,,,2,,
2026-07-13 05:20:21.614979,,2,23.2,25.0,26.2,0.68,57.85,99.46,16.2,,,22.5,23.0,22.0,-23.91,1.22,32.64,0,0,0,0,0,0,0,"[0, 0, 224]",,,,,,,,,,2,,
2026-07-13 05:20:21.732704,,2,23.2,25.0,26.2,1.15,58.19,98.65,16.2,,,22.5,23.0,22.0,-23.91,1.15,32.54,0,0,0,0,0,0,0,"[0, 0, 224]",,,,,,,,,,2,,
2026-07-13 05:20:21.849911,,2,23.2,25.0,26.2,1.62,57.72,100.93,16.2,,,22.5,23.0,22.0,-23.91,1.22,32.17,0,0,0,0,0,0,0,"[0, 0, 224]",,,,,,,,,,2,,
2026-07-13 05:20:21.963533,,2,23.2,25.0,26.2,1.25,58.12,101.07,16.2,,,22.5,23.0,22.0,-23.91,0.82,31.87,0,0,0,0,0,0,0,"[0, 0, 224]",,,,,,,,,,2,,
2026-07-13 05:20:22.094691,,2,23.2,25.0,26.2,1.25,57.65,97.85,16.2,,,22.5,23.0,22.0,-23.91,1.35,31.73,0,0,0,0,0,0,0,"[0, 0, 224]",,,,,,,,,,2,,
2026-07-13 05:20:22.208503,,2,23.2,25.0,26.2,1.39,57.92,97.04,16.2,,,22.5,23.0,22.0,-23.91,0.85,32.03,0,0,0,0,0,0,0,"[0, 0, 224]",,,,,,,,,,2,,
2026-07-13 05:20:22.322506,,2,23.2,25.0,26.2,1.19,57.95,100.26,16.2,,,22.5,23.0,22.0,-23.91,1.35,32.17,0,0,0,0,0,0,0,"[0, 0, 224]",,,,,,,,,,2,,
2026-07-13 05:20:22.438672,,2,23.2,25.0,26.2,0.78,57.72,99.05,16.2,,,22.5,23.0,22.0,-23.91,1.19,31.6,0,0,0,0,0,0,0,"[0, 0, 224]",,,,,,,,,,2,,
2026-07-13 05:20:22.545641,,2,23.2,25.0,26.2,1.55,57.41,99.19,16.2,,,22.5,23.0,22.0,-23.91,1.19,32.0,0,0,0,0,0,0,0,"[0, 0, 224]",,,,,,,,,,2,,
2026-07-13 05:20:22.653848,,2,23.2,25.0,26.2,1.62,57.78,97.71,16.2,,,22.5,23.0,22.0,-23.91,0.98,31.8,0,0,0,0,0,0,0,"[0, 0, 224]",,,,,,,,,,2,,
2026-07-13 05:20:22.761225,,2,23.2,25.0,26.2,1.29,57.68,101.2,16.2,,,22.5,23.0,22.0,-23.91,1.32,31.33,0,0,0,0,0,0,0,"[0, 0, 224]",,,,,,,,,,2,,
2026-07-13 05:20:22.868121,,2,23.2,25.0,26.2,0.98,58.25,100.67,16.2,,,22.5,23.0,22.0,-23.91,1.39,31.5,0,0,0,0,0,0,0,"[0, 0, 224]",,,,,,,,,,2,,
2026-07-13 05:20:22.975274,,2,23.2,25.0,26.2,1.49,58.09,98.79,16.2,,,22.5,23.0,22.0,-23.91,1.42,31.16,0,0,0,0,0,0,0,"[0, 0, 224]",,,,,,,,,,2,,
2026-07-13 05:20:23.082857,,2,23.2,25.0,26.2,1.55,57.58,98.52,16.2,,,22.5,23.0,22.0,-23.91,0.82,30.96,0,0,0,0,0,0,0,"[0, 0, 224]",,,,,,,,,,2,,
2026-07-13 05:20:23.190427,,2,23.2,25.0,26.2,1.05,58.15,99.99,16.2,,,22.5,23.0,22.0,-23.91,0.75,31.13,0,0,0,0,0,0,0,"[0, 0, 224]",,,,,,,,,,2,,
2026-07-13 05:20:23.297233,,2,23.2,25.0,26.2,1.42,57.68,98.11,16.2,,,22.5,23.0,22.0,-23.91,0.95,30.96,0,0,0,0,0,0,0,"[0, 0, 224]",,,,,,,,,,2,,
2026-07-13 05:20:23.412365,,2,23.2,25.0,26.2,1.08,57.72,96.37,16.2,,,22.5,23.0,22.0,-23.91,1.35,31.36,0,0,0,0,0,0,0,"[0, 0, 224]",,,,,,,,,,2,,
2026-07-13 05:20:23.519917,,2,23.2,25.0,26.2,1.25,57.88,97.31,16.2,,,22.5,23.0,22.0,-23.91,1.25,31.23,0,0,0,0,0,0,0,"[0, 0, 224]",,,,,,,,,,2,,
2026-07-13 05:20:23.627479,,2,23.2,25.0,26.2,1.35,57.55,98.25,16.2,,,22.5,23.0,22.0,-23.91,1.32,30.89,0,0,0,0,0,0,0,"[0, 0, 224]",,,,,,,,,,2,,
2026-07-13 05:20:23.734372,,2,23.2,25.0,26.2,0.95,57.65,98.65,16.2,,,22.5,23.0,22.0,-23.91,0.82,31.13,0,0,0,0,0,0,0,"[0, 0, 224]",,,,,,,,,,2,,
2026-07-13 05:20:23.846808,,2,23.2,25.0,26.2,1.02,58.59,100.53,16.2,,,22.5,23.0,22.0,-23.91,0.72,30.72,0,0,0,0,0,0,0,"[0, 0, 224]",,,,,,,,,,2,,
2026-07-13 05:20:23.954419,,2,23.2,25.0,26.2,1.55,57.98,100.67,16.2,,,22.5,23.0,22.0,-23.91,1.29,30.99,0,0,0,0,0,0,0,"[0, 0, 224]",,,,,,,,,,2,,
2026-07-13 05:20:24.061288,,2,23.2,25.0,26.2,1.15,57.38,99.19,16.2,,,22.5,23.0,22.0,-23.91,1.22,30.25,0,0,0,0,0,0,0,"[0, 0, 224]",,,,,,,,,,2,,
2026-07-13 05:20:24.168633,,2,23.2,25.0,26.2,1.35,57.88,98.11,16.2,,,22.5,23.0,22.0,-23.91,1.32,30.83,0,0,0,0,0,0,0,"[0, 0, 224]",,,,,,,,,,2,,
2026-07-13 05:20:24.275556,,2,23.2,25.0,26.2,0.92,58.25,100.8,16.2,,,22.5,23.0,22.0,-23.91,1.12,30.25,0,0,0,0,0,0,0,"[0, 0, 224]",,,,,,,,,,2,,
2026-07-13 05:20:24.382747,,2,23.2,25.0,26.2,0.82,57.55,100.13,16.2,,,22.5,23.0,22.0,-23.91,0.98,30.22,0,0,0,0,0,0,0,"[0, 0, 224]",,,,,,,,,,2,,
2026-07-13 05:20:24.489474,,2,23.2,25.0,26.2,1.15,57.65,99.05,16.2,,,22.5,23.0,22.0,-23.91,1.49,29.99,0,0,0,0,0,0,0,"[0, 0, 224]",,,,,,,,,,2,,
2026-07-13 05:20:24.596776,,2,23.2,25.0,26.2,1.12,57.75,100.13,16.2,,,22.5,23.0,22.0,-23.91,0.75,29.92,0,0,0,0,0,0,0,"[0, 0, 224]",,,,,,,,,,2,,
2026-07-13 05:20:24.704020,,2,23.2,25.0,26.2,0.98,58.02,99.86,16.2,,,22.5,23.0,22.0,-23.91,1.12,30.42,0,0,0,0,0,0,0,"[0, 0, 224]",,,,,,,,,,2,,
2026-07-13 05:20:24.811733,,2,23.2,25.0,26.2,0.92,58.22,97.98,16.2,,,22.5,23.0,22.0,-23.91,1.42,29.89,0,0,0,0,0,0,0,"[0, 0, 224]",,,,,,,,,,2,,
2026-07-13 05:20:24.918946,,2,23.2,25.0,26.2,0.98,58.45,98.52,16.2,,,22.5,23.0,22.0,-23.91,1.29,30.25,0,0,0,0,0,0,0,"[0, 0, 224]",,,,,,,,,,2,,
2026-07-13 05:20:25.025949,,2,23.2,25.0,26.2,0.75,57.98,99.59,16.2,,,22.5,23.0,22.0,-23.91,1.08,29.65,0,0,0,0,0,0,0,"[0, 0, 224]",,,,,,,,,,2,,
2026-07-13 05:20:25.134053,,2,23.2,25.0,26.2,1.59,57.95,99.86,16.2,,,22.5,23.0,22.0,-23.91,1.42,30.12,0,0,0,0,0,0,0,"[0, 0, 224]",,,,,,,,,,2,,
2026-07-13 05:20:25.241453,,2,23.2,25.0,26.2,0.65,57.51,98.11,16.2,,,22.5,23.0,22.0,-23.91,1.35,30.09,0,0,0,0,0,0,0,"[0, 0, 224]",,,,,,,,,,2,,
2026-07-13 05:20:25.348869,,2,23.2,25.0,26.2,1.76,57.95,100.4,16.2,,,22.5,23.0,22.0,-23.91,0.75,29.75,0,0,0,0,0,0,0,"[0, 0, 224]",,,,,,,,,,2,,
2026-07-13 05:20:25.466840,,2,23.2,25.0,26.2,1.22,57.68,98.65,16.2,,,22.5,23.0,22.0,-23.91,1.08,29.68,0,0,0,0,0,0,0,"[0, 0, 224]",,,,,,,,,,2,,
2026-07-13 05:20:25.574069,,2,23.2,25.0,26.2,0.75,57.04,97.31,16.2,,,22.5,23.0,22.0,-23.91,0.78,29.85,0,0,0,0,0,0,0,"[0, 0, 224]",,,,,,,,,,2,,
2026-07-13 05:20:25.682080,,2,23.2,25.0,26.2,1.42,57.92,100.13,16.2,,,22.5,23.0,22.0,-23.91,1.15,29.82,0,0,0,0,0,0,0,"[0, 0, 224]",,,,,,,,,,2,,
2026-07-13 05:20:25.789062,,2,23.2,25.0,26.2,1.59,57.78,101.87,16.2,,,22.5,23.0,22.0,-23.91,0.75,29.25,0,0,0,0,0,0,0,"[0, 0, 224]",,,,,,,,,,2,,
2026-07-13 05:20:25.895732,,2,23.2,25.0,26.2,1.66,58.12,100.13,16.2,,,22.5,23.0,22.0,-23.91,1.29,29.38,0,0,0,0,0,0,0,"[0, 0, 224]",,,,,,,,,,2,,
2026-07-13 05:20:26.002718,,2,23.2,25.0,26.2,1.59,57.38,100.53,16.2,,,22.5,23.0,22.0,-23.91,0.72,29.05,0,0,0,0,0,0,0,"[0, 0, 224]",,,,,,,,,,2,,
2026-07-13 05:20:26.110177,,2,23.2,25.0,26.2,0.65,58.15,101.47,16.2,,,22.5,23.0,22.0,-23.91,0.75,29.31,0,0,0,0,0,0,0,"[0, 0, 224]",,,,,,,,,,2,,
2026-07-13 05:20:26.217427,,2,23.2,25.0,26.2,1.72,57.58,101.2,16.2,,,22.5,23.0,22.0,-23.91,1.29,29.25,0,0,0,0,0,0,0,"[0, 0, 224]",,,,,,,,,,2,,
2026-07-13 05:20:26.324159,,2,23.2,25.0,26.2,1.32,57.68,101.07,16.2,,,22.5,23.0,22.0,-23.91,1.39,29.35,0,0,0,0,0,0,0,"[0, 0, 224]",,,,,,,,,,2,,
2026-07-13 05:20:26.439108,,2,23.2,25.0,26.2,1.22,57.82,99.05,16.2,,,22.5,23.0,22.0,-23.91,0.95,28.81,0,0,0,0,0,0,0,"[0, 0, 224]",,,,,,,,,,2,,
2026-07-13 05:20:26.545903,,2,23.2,25.0,26.2,1.55,57.82,98.25,16.2,,,22.5,23.0,22.0,-23.91,0.82,28.68,0,0,0,0,0,0,0,"[0, 0, 224]",,,,,,,,,,2,,
2026-07-13 05:20:26.653100,,2,23.2,25.0,26.2,1.29,57.92,98.65,16.2,,,22.5,23.0,22.0,-23.91,1.39,29.11,0,0,0,0,0,0,0,"[0, 0, 224]",,,,,,,,,,2,,
2026-07-13 05:20:26.760641,,2,23.2,25.0,26.2,1.25,57.18,99.46,16.2,,,22.5,23.0,22.0,-23.91,1.29,29.08,0,0,0,0,0,0,0,"[0, 0, 224]",,,,,,,,,,2,,
2026-07-13 05:20:26.869484,,2,23.2,25.0,26.2,0.68,57.18,98.11,16.2,,,22.5,23.0,22.0,-23.91,1.35,29.11,0,0,0,0,0,0,0,"[0, 0, 224]",,,,,,,,,,2,,
2026-07-13 05:20:26.977221,,2,23.2,25.0,26.2,1.32,57.65,97.44,16.2,,,22.5,23.0,22.0,-23.91,1.39,28.98,0,0,0,0,0,0,0,"[0, 0, 224]",,,,,,,,,,2,,
2026-07-13 05:20:27.083958,,2,23.2,25.0,26.2,1.35,57.65,98.92,16.2,,,22.5,23.0,22.0,-23.91,0.88,28.27,0,0,0,0,0,0,0,"[0, 0, 224]",,,,,,,,,,2,,
2026-07-13 05:20:27.191563,,2,23.2,25.0,26.2,1.25,57.58,102.01,16.2,,,22.5,23.0,22.0,-23.91,1.12,28.48,0,0,0,0,0,0,0,"[0, 0, 224]",,,,,,,,,,2,,
2026-07-13 05:20:27.298936,,2,23.2,25.0,26.2,1.22,57.95,99.86,16.2,,,22.5,23.0,22.0,-23.91,1.45,28.37,0,0,0,0,0,0,0,"[0, 0, 224]",,,,,,,,,,2,,
2026-07-13 05:20:27.405934,,2,23.2,25.0,26.2,1.02,58.22,101.2,16.2,,,22.5,23.0,22.0,-23.91,0.98,28.11,0,0,0,0,0,0,0,"[0, 0, 224]",,,,,,,,,,2,,
2026-07-13 05:20:27.513600,,2,23.2,25.0,26.2,1.35,57.95,101.34,16.2,,,22.5,23.0,22.0,-23.91,1.32,28.24,0,0,0,0,0,0,0,"[0, 0, 224]",,,,,,,,,,2,,
2026-07-13 05:20:27.620497,,2,23.2,25.0,26.2,1.49,57.55,98.65,16.2,,,22.5,23.0,22.0,-23.91,1.05,28.24,0,0,0,0,0,0,0,"[0, 0, 224]",,,,,,,,,,2,,
2026-07-13 05:20:27.727285,,2,23.2,25.0,26.2,1.49,57.55,100.53,16.2,,,22.5,23.0,22.0,-23.91,0.75,28.58,0,0,0,0,0,0,0,"[0, 0, 224]",,,,,,,,,,2,,
2026-07-13 05:20:27.843028,,2,23.2,25.0,26.2,1.19,57.58,98.11,16.2,,,22.5,23.0,22.0,-23.91,1.22,28.44,0,0,0,0,0,0,0,"[0, 0, 224]",,,,,,,,,,2,,
2026-07-13 05:20:27.950457,,2,23.2,25.0,26.2,1.25,57.48,99.19,16.2,,,22.5,23.0,22.0,-23.91,0.82,27.91,0,0,0,0,0,0,0,"[0, 0, 224]",,,,,,,,,,2,,
2026-07-13 05:20:28.057814,,2,23.2,25.0,26.2,1.12,57.58,97.71,16.2,,,22.5,23.0,22.0,-23.91,1.35,28.17,0,0,0,0,0,0,0,"[0, 0, 224]",,,,,,,,,,2,,
2026-07-13 05:20:28.165612,,2,23.2,25.0,26.2,0.65,57.38,100.26,16.2,,,22.5,23.0,22.0,-23.91,1.29,27.74,0,0,0,0,0,0,0,"[0, 0, 224]",,,,,,,,,,2,,
2026-07-13 05:20:28.273030,,2,23.2,25.0,26.2,0.75,57.55,97.31,16.2,,,22.5,23.0,22.0,-23.91,1.02,27.87,0,0,0,0,0,0,0,"[0, 0, 224]",,,,,,,,,,2,,
2026-07-13 05:20:28.379771,,2,23.2,25.0,26.2,1.25,57.75,101.74,16.2,,,22.5,23.0,22.0,-23.91,0.75,28.01,0,0,0,0,0,0,0,"[0, 0, 224]",,,,,,,,,,2,,
2026-07-13 05:20:28.487313,,2,23.2,25.0,26.2,0.92,57.25,97.71,16.2,,,22.5,23.0,22.0,-23.91,1.08,27.5,0,0,0,0,0,0,0,"[0, 0, 224]",,,,,,,,,,2,,
2026-07-13 05:20:28.594595,,2,23.2,25.0,26.2,0.95,57.75,98.79,16.2,,,22.5,23.0,22.0,-23.91,1.22,27.97,0,0,0,0,0,0,0,"[0, 0, 224]",,,,,,,,,,2,,
2026-07-13 05:20:28.702141,,2,23.2,25.0,26.2,0.58,57.35,98.11,16.2,,,22.5,23.0,22.0,-23.91,0.78,27.77,0,0,0,0,0,0,0,"[0, 0, 224]",,,,,,,,,,2,,
2026-07-13 05:20:28.809452,,2,23.2,25.0,26.2,1.79,57.08,98.52,16.2,,,22.5,23.0,22.0,-23.91,1.32,27.84,0,0,0,0,0,0,0,"[0, 0, 224]",,,,,,,,,,2,,
2026-07-13 05:20:28.916413,,2,23.2,25.0,26.2,1.92,58.12,99.59,16.2,,,22.5,23.0,22.0,-23.91,1.39,27.27,0,0,0,0,0,0,0,"[0, 0, 224]",,,,,,,,,,2,,
2026-07-13 05:20:29.023238,,2,23.2,25.0,26.2,1.42,58.09,99.05,16.2,,,22.5,23.0,22.0,-23.91,1.22,27.5,0,0,0,0,0,0,0,"[0, 0, 224]",,,,,,,,,,2,,
2026-07-13 05:20:29.130412,,2,23.2,25.0,26.2,1.59,58.25,99.05,16.2,,,22.5,23.0,22.0,-23.91,1.42,27.44,0,0,0,0,0,0,0,"[0, 0, 224]",,,,,,,,,,2,,
2026-07-13 05:20:29.237696,,2,23.2,25.0,26.2,1.25,57.51,97.58,16.2,,,22.5,23.0,22.0,-23.91,0.82,27.1,0,0,0,0,0,0,0,"[0, 0, 224]",,,,,,,,,,2,,
2026-07-13 05:20:29.344845,,2,23.2,25.0,26.2,0.58,57.95,99.59,16.2,,,22.5,23.0,22.0,-23.91,0.88,27.2,0,0,0,0,0,0,0,"[0, 0, 224]",,,,,,,,,,2,,
2026-07-13 05:20:29.460183,,2,23.2,25.0,26.2,0.55,57.88,97.04,16.2,,,22.5,23.0,22.0,-23.91,0.82,27.54,0,0,0,0,0,0,0,"[0, 0, 224]",,,,,,,,,,2,,
2026-07-13 05:20:29.567480,,2,23.2,25.0,26.2,1.66,58.29,101.34,16.2,,,22.5,23.0,22.0,-23.91,1.25,27.47,0,0,0,0,0,0,0,"[0, 0, 224]",,,,,,,,,,2,,
2026-07-13 05:20:29.675004,,2,23.2,25.0,26.2,1.15,57.92,99.59,16.2,,,22.5,23.0,22.0,-23.91,1.42,27.33,0,0,0,0,0,0,0,"[0, 0, 224]",,,,,,,,,,2,,
2026-07-13 05:20:29.781841,,2,23.2,25.0,26.2,1.02,58.19,100.13,16.2,,,22.5,23.0,22.0,-23.91,0.95,27.1,0,0,0,0,0,0,0,"[0, 0, 224]",,,,,,,,,,2,,
2026-07-13 05:20:29.888986,,2,23.2,25.0,26.2,1.15,58.09,100.67,16.2,,,22.5,23.0,22.0,-23.91,1.39,27.1,0,0,0,0,0,0,0,"[0, 0, 224]",,,,,,,,,,2,,
2026-07-13 05:20:29.996868,,2,23.2,25.0,26.2,1.79,57.21,100.13,16.2,,,22.5,23.0,22.0,-23.91,1.42,27.2,0,0,0,0,0,0,0,"[0, 0, 224]",,,,,,,,,,2,,
2026-07-13 05:20:30.104049,,2,23.2,25.0,26.2,0.65,57.28,101.74,16.2,,,22.5,23.0,22.0,-23.91,1.02,27.1,0,0,0,0,0,0,0,"[0, 0, 224]",,,,,,,,,,2,,
2026-07-13 05:20:30.211194,,2,23.2,25.0,26.2,0.65,57.72,98.92,16.2,,,22.5,23.0,22.0,-23.91,0.88,26.5,0,0,0,0,0,0,0,"[0, 0, 224]",,,,,,,,,,2,,
2026-07-13 05:20:30.318277,,2,23.2,25.0,26.2,0.41,57.82,99.99,16.2,,,22.5,23.0,22.0,-23.91,0.78,27.1,0,0,0,0,0,0,0,"[0, 0, 224]",,,,,,,,,,2,,
2026-07-13 05:20:30.431103,,2,23.2,25.0,26.2,1.29,58.05,99.05,16.2,,,22.5,23.0,22.0,-23.91,1.42,26.97,0,0,0,0,0,0,0,"[0, 0, 224]",,,,,,,,,,2,,
2026-07-13 05:20:30.539098,,2,23.2,25.0,26.2,0.45,57.21,100.13,16.2,,,22.5,23.0,22.0,-23.91,0.61,27.0,0,0,0,0,0,0,0,"[0, 0, 224]",,,,,,,,,,2,,
2026-07-13 05:20:30.646605,,2,23.2,25.0,26.2,1.42,57.72,99.19,16.2,,,22.5,23.0,22.0,-23.91,1.29,26.19,0,0,0,0,0,0,0,"[0, 0, 224]",,,,,,,,,,2,,
2026-07-13 05:20:30.753674,,2,23.2,25.0,26.2,1.12,57.98,98.79,16.2,,,22.5,23.0,22.0,-23.91,1.29,26.36,0,0,0,0,0,0,0,"[0, 0, 224]",,,,,,,,,,2,,
2026-07-13 05:20:30.860516,,2,23.2,25.0,26.2,1.82,57.68,100.67,16.2,,,22.5,23.0,22.0,-23.91,1.19,26.43,0,0,0,0,0,0,0,"[0, 0, 224]",,,,,,,,,,2,,
2026-07-13 05:20:30.968954,,2,23.2,25.0,26.2,0.82,57.31,101.47,16.2,,,22.5,23.0,22.0,-23.91,1.35,26.46,0,0,0,0,0,0,0,"[0, 0, 224]",,,,,,,,,,2,,
2026-07-13 05:20:31.076397,,2,23.2,25.0,26.2,1.42,57.45,102.68,16.2,,,22.5,23.0,22.0,-23.91,1.32,26.16,0,0,0,0,0,0,0,"[0, 0, 224]",,,,,,,,,,2,,
2026-07-13 05:20:31.183785,,2,23.2,25.0,26.2,1.05,57.45,98.92,16.2,,,22.5,23.0,22.0,-23.91,1.19,26.56,0,0,0,0,0,0,0,"[0, 0, 224]",,,,,,,,,,2,,
2026-07-13 05:20:31.290585,,2,23.2,25.0,26.2,0.88,57.72,98.65,16.2,,,22.5,23.0,22.0,-23.91,1.19,26.06,0,0,0,0,0,0,0,"[0, 0, 224]",,,,,,,,,,2,,
2026-07-13 05:20:31.397164,,2,23.2,25.0,26.2,1.82,57.48,97.85,16.2,,,22.5,23.0,22.0,-23.91,0.82,26.39,0,0,0,0,0,0,0,"[0, 0, 224]",,,,,,,,,,2,,
2026-07-13 05:20:31.504618,,2,23.2,25.0,26.2,1.22,57.58,97.44,16.2,,,22.5,23.0,22.0,-23.91,0.75,25.82,0,0,0,0,0,0,0,"[0, 0, 224]",,,,,,,,,,2,,
2026-07-13 05:20:31.612288,,2,23.2,25.0,26.2,1.02,57.85,99.05,16.2,,,22.5,23.0,22.0,-23.91,1.29,26.16,0,0,0,0,0,0,0,"[0, 0, 224]",,,,,,,,,,2,,
2026-07-13 05:20:31.719073,,2,23.2,25.0,26.2,0.98,56.78,98.25,16.2,,,22.5,23.0,22.0,-23.91,1.29,26.33,0,0,0,0,0,0,0,"[0, 0, 224]",,,,,,,,,,2,,
2026-07-13 05:20:31.826384,,2,23.2,25.0,26.2,0.85,57.95,99.86,16.2,,,22.5,23.0,22.0,-23.91,1.35,25.92,0,0,0,0,0,0,0,"[0, 0, 224]",,,,,,,,,,2,,
2026-07-13 05:20:31.933182,,2,23.2,25.0,26.2,0.82,57.35,100.53,16.2,,,22.5,23.0,22.0,-23.91,0.95,25.72,0,0,0,0,0,0,0,"[0, 0, 224]",,,,,,,,,,2,,
2026-07-13 05:20:32.041028,,2,23.2,25.0,26.2,1.25,57.85,98.65,16.2,,,22.5,23.0,22.0,-23.91,1.42,26.29,0,0,0,0,0,0,0,"[0, 0, 224]",,,,,,,,,,2,,
2026-07-13 05:20:32.148027,,2,23.2,25.0,26.2,1.29,57.98,100.8,16.2,,,22.5,23.0,22.0,-23.91,0.85,25.52,0,0,0,0,0,0,0,"[0, 0, 224]",,,,,,,,,,2,,
2026-07-13 05:20:32.254666,,2,23.2,25.0,26.2,0.92,57.38,98.65,16.2,,,22.5,23.0,22.0,-23.91,1.02,25.49,0,0,0,0,0,0,0,"[0, 0, 224]",,,,,,,,,,2,,
2026-07-13 05:20:32.361763,,2,23.2,25.0,26.2,0.92,57.58,98.52,16.2,,,22.5,23.0,22.0,-23.91,1.05,25.86,0,0,0,0,0,0,0,"[0, 0, 224]",,,,,,,,,,2,,
2026-07-13 05:20:32.477726,,2,23.2,25.0,26.2,1.35,57.75,98.92,16.2,,,22.5,23.0,22.0,-23.91,1.39,25.82,0,0,0,0,0,0,0,"[0, 0, 224]",,,,,,,,,,2,,
2026-07-13 05:20:32.588073,,2,23.2,25.0,26.2,1.12,58.05,96.37,16.2,,,22.5,23.0,22.0,-23.91,1.12,25.86,0,0,0,0,0,0,0,"[0, 0, 224]",,,,,,,,,,2,,
2026-07-13 05:20:32.695387,,2,23.2,25.0,26.2,1.39,57.25,100.26,16.2,,,22.5,23.0,22.0,-23.91,0.78,25.82,0,0,0,0,0,0,0,"[0, 0, 224]",,,,,,,,,,2,,
2026-07-13 05:20:32.802994,,2,23.2,25.0,26.2,1.66,57.38,97.31,16.2,,,22.5,23.0,22.0,-23.91,0.92,25.66,0,0,0,0,0,0,0,"[0, 0, 224]",,,,,,,,,,2,,
2026-07-13 05:20:32.910285,,2,23.2,25.0,26.2,0.72,57.45,98.38,16.2,,,22.5,23.0,22.0,-23.91,1.42,25.72,0,0,0,0,0,0,0,"[0, 0, 224]",,,,,,,,,,2,,
2026-07-13 05:20:33.017570,,2,23.2,25.0,26.2,1.45,57.58,99.05,16.2,,,22.5,23.0,22.0,-23.91,0.92,25.09,0,0,0,0,0,0,0,"[0, 0, 224]",,,,,,,,,,2,,
2026-07-13 05:20:33.124464,,2,23.2,25.0,26.2,0.61,57.68,100.67,16.2,,,22.5,23.0,22.0,-23.91,1.02,25.09,0,0,0,0,0,0,0,"[0, 0, 224]",,,,,,,,,,2,,
2026-07-13 05:20:33.231958,,2,23.2,25.0,26.2,1.22,56.98,98.38,16.2,,,22.5,23.0,22.0,-23.91,0.95,25.45,0,0,0,0,0,0,0,"[0, 0, 224]",,,,,,,,,,2,,
2026-07-13 05:20:33.340149,,2,23.2,25.0,26.2,1.45,57.65,98.65,16.2,,,22.5,23.0,22.0,-23.91,1.39,25.12,0,0,0,0,0,0,0,"[0, 0, 224]",,,,,,,,,,2,,
2026-07-13 05:20:33.458885,,2,23.2,25.0,26.2,1.45,57.75,100.93,16.2,,,22.5,23.0,22.0,-23.91,0.72,25.32,0,0,0,0,0,0,0,"[0, 0, 224]",,,,,,,,,,2,,
2026-07-13 05:20:33.565764,,2,23.2,25.0,26.2,1.15,57.18,98.25,16.2,,,22.5,23.0,22.0,-23.91,0.82,25.42,0,0,0,0,0,0,0,"[0, 0, 224]",,,,,,,,,,2,,
2026-07-13 05:20:33.672476,,2,23.2,25.0,26.2,0.82,57.35,98.79,16.2,,,22.5,23.0,22.0,-23.91,1.05,25.19,0,0,0,0,0,0,0,"[0, 0, 224]",,,,,,,,,,2,,
2026-07-13 05:20:33.779317,,2,23.2,25.0,26.2,1.55,56.84,101.2,16.2,,,22.5,23.0,22.0,-23.91,0.98,24.68,0,0,0,0,0,0,0,"[0, 0, 224]",,,,,,,,,,2,,
2026-07-13 05:20:33.886467,,2,23.2,25.0,26.2,0.65,57.15,99.19,16.2,,,22.5,23.0,22.0,-23.91,0.95,25.32,0,0,0,0,0,0,0,"[0, 0, 224]",,,,,,,,,,2,,
2026-07-13 05:20:33.994486,,2,23.2,25.0,26.2,1.76,57.21,97.58,16.2,,,22.5,23.0,22.0,-23.91,1.29,24.55,0,0,0,0,0,0,0,"[0, 0, 224]",,,,,,,,,,2,,
2026-07-13 05:20:34.101570,,2,23.2,25.0,26.2,1.62,57.11,101.47,16.2,,,22.5,23.0,22.0,-23.91,1.02,25.22,0,0,0,0,0,0,0,"[0, 0, 224]",,,,,,,,,,2,,
2026-07-13 05:20:34.209012,,2,23.2,25.0,26.2,1.29,57.48,97.85,16.2,,,22.5,23.0,22.0,-23.91,1.39,24.58,0,0,0,0,0,0,0,"[0, 0, 224]",,,,,,,,,,2,,
2026-07-13 05:20:34.316036,,2,23.2,25.0,26.2,1.35,58.09,99.73,16.2,,,22.5,23.0,22.0,-23.91,1.19,24.45,0,0,0,0,0,0,0,"[0, 0, 224]",,,,,,,,,,2,,
2026-07-13 05:20:34.433566,,2,23.2,25.0,26.2,0.75,57.35,98.65,16.2,,,22.5,23.0,22.0,-23.91,1.35,24.95,0,0,0,0,0,0,0,"[0, 0, 224]",,,,,,,,,,2,,
2026-07-13 05:20:34.541254,,2,23.2,25.0,26.2,1.45,57.48,97.71,16.2,,,22.5,23.0,22.0,-23.91,0.82,24.98,0,0,0,0,0,0,0,"[0, 0, 224]",,,,,,,,,,2,,
2026-07-13 05:20:34.648127,,2,23.2,25.0,26.2,1.35,57.41,98.52,16.2,,,22.5,23.0,22.0,-23.91,1.39,24.25,0,0,0,0,0,0,0,"[0, 0, 224]",,,,,,,,,,2,,
2026-07-13 05:20:34.754994,,2,23.2,25.0,26.2,1.45,56.71,102.14,16.2,,,22.5,23.0,22.0,-23.91,1.42,24.25,0,0,0,0,0,0,0,"[0, 0, 224]",,,,,,,,,,2,,
2026-07-13 05:20:34.862272,,2,23.2,25.0,26.2,1.55,57.88,99.19,16.2,,,22.5,23.0,22.0,-23.91,1.12,24.25,0,0,0,0,0,0,0,"[0, 0, 224]",,,,,,,,,,2,,
2026-07-13 05:20:34.969746,,2,23.2,25.0,26.2,1.62,57.58,98.65,16.2,,,22.5,23.0,22.0,-23.91,1.39,24.38,0,0,0,0,0,0,0,"[0, 0, 224]",,,,,,,,,,2,,
2026-07-13 05:20:35.076965,,2,23.2,25.0,26.2,1.62,57.41,98.92,16.2,,,22.5,23.0,22.0,-23.91,0.92,24.28,0,0,0,0,0,0,0,"[0, 0, 224]",,,,,,,,,,2,,
2026-07-13 05:20:35.184435,,2,23.2,25.0,26.2,1.62,56.98,99.73,16.2,,,22.5,23.0,22.0,-23.91,0.75,24.48,0,0,0,0,0,0,0,"[0, 0, 224]",,,,,,,,,,2,,
2026-07-13 05:20:35.291226,,2,23.2,25.0,26.2,1.55,57.75,98.65,16.2,,,22.5,23.0,22.0,-23.91,1.52,24.38,0,0,0,0,0,0,0,"[0, 0, 224]",,,,,,,,,,2,,
2026-07-13 05:20:35.398315,,2,23.2,25.0,26.2,1.42,57.58,98.92,16.2,,,22.5,23.0,22.0,-23.91,1.22,24.55,0,0,0,0,0,0,0,"[0, 0, 224]",,,,,,,,,,2,,
2026-07-13 05:20:35.506650,,2,23.2,25.0,26.2,1.62,56.81,100.26,16.2,,,22.5,23.0,22.0,-23.91,1.29,23.94,0,0,0,0,0,0,0,"[0, 0, 224]",,,,,,,,,,2,,
2026-07-13 05:20:35.614482,,2,23.2,25.0,26.2,1.62,57.78,99.86,16.2,,,22.5,23.0,22.0,-23.91,0.88,24.08,0,0,0,0,0,0,0,"[0, 0, 224]",,,,,,,,,,2,,
2026-07-13 05:20:35.721125,,2,23.2,25.0,26.2,0.68,56.78,100.8,16.2,,,22.5,23.0,22.0,-23.91,1.29,24.38,0,0,0,0,0,0,0,"[0, 0, 224]",,,,,,,,,,2,,
2026-07-13 05:20:35.828363,,2,23.2,25.0,26.2,1.05,57.45,101.87,16.2,,,22.5,23.0,22.0,-23.91,1.05,24.11,0,0,0,0,0,0,0,"[0, 0, 224]",,,,,,,,,,2,,
2026-07-13 05:20:35.935528,,2,23.2,25.0,26.2,1.45,57.11,98.11,16.2,,,22.5,23.0,22.0,-23.91,0.75,23.74,0,0,0,0,0,0,0,"[0, 0, 224]",,,,,,,,,,2,,
2026-07-13 05:20:36.043045,,2,23.2,25.0,26.2,1.19,57.08,99.19,16.2,,,22.5,23.0,22.0,-23.91,0.82,23.68,0,0,0,0,0,0,0,"[0, 0, 224]",,,,,,,,,,2,,
2026-07-13 05:20:36.149775,,2,23.2,25.0,26.2,1.76,57.75,100.26,16.2,,,22.5,23.0,22.0,-23.91,1.42,24.04,0,0,0,0,0,0,0,"[0, 0, 224]",,,,,,,,,,2,,
2026-07-13 05:20:36.256885,,2,23.2,25.0,26.7,0.92,57.18,99.19,16.2,,,22.5,23.0,22.0,-23.91,1.05,23.88,0,0,0,0,0,0,0,"[0, 0, 224]",,,,,,,,,,2,,
2026-07-13 05:20:36.393409,,2,23.2,25.0,26.7,1.42,57.35,99.46,16.2,,,22.5,23.0,22.0,-23.91,1.32,23.47,0,0,0,0,0,0,0,"[0, 0, 224]",,,,,,,,,,2,,
2026-07-13 05:20:36.526042,,2,23.2,25.0,26.7,0.75,57.15,99.05,16.2,,,22.5,23.0,22.0,-23.91,0.78,23.44,0,0,0,0,0,0,0,"[0, 0, 224]",,,,,,,,,,2,,
2026-07-13 05:20:36.639141,,2,23.2,25.0,26.7,1.32,57.31,99.59,16.2,,,22.5,23.0,22.0,-23.91,1.45,23.88,0,0,0,0,0,0,0,"[0, 0, 224]",,,,,,,,,,2,,
2026-07-13 05:20:36.752586,,2,23.2,25.0,26.7,1.35,57.51,99.46,16.2,,,22.5,23.0,22.0,-23.91,1.25,23.44,0,0,0,0,0,0,0,"[0, 0, 224]",,,,,,,,,,2,,
2026-07-13 05:20:36.866184,,2,23.2,25.0,26.7,1.08,57.58,100.67,16.2,,,22.5,23.0,22.0,-23.91,0.72,23.24,0,0,0,0,0,0,0,"[0, 0, 224]",,,,,,,,,,2,,
2026-07-13 05:20:36.979911,,2,23.2,25.0,26.7,0.88,57.45,99.46,16.2,,,22.5,23.0,22.0,-23.91,1.29,23.17,0,0,0,0,0,0,0,"[0, 0, 224]",,,,,,,,,,2,,
2026-07-13 05:20:37.092903,,2,23.2,25.0,26.7,1.25,57.58,98.79,16.2,,,22.5,23.0,22.0,-23.91,0.95,23.71,0,0,0,0,0,0,0,"[0, 0, 224]",,,,,,,,,,2,,
2026-07-13 05:20:37.206626,,2,23.2,25.0,26.7,1.08,57.28,101.2,16.2,,,22.5,23.0,22.0,-23.91,1.35,23.68,0,0,0,0,0,0,0,"[0, 0, 224]",,,,,,,,,,2,,
2026-07-13 05:20:37.319289,,2,23.2,25.0,26.7,0.78,57.78,98.11,16.2,,,22.5,23.0,22.0,-23.91,1.15,23.41,0,0,0,0,0,0,0,"[0, 0, 224]",,,,,,,,,,2,,
2026-07-13 05:20:37.431861,,2,23.2,25.0,26.7,0.68,57.82,99.05,16.2,,,22.5,23.0,22.0,-23.91,0.95,23.37,0,0,0,0,0,0,0,"[0, 0, 224]",,,,,,,,,,2,,
2026-07-13 05:20:37.544430,,2,23.2,25.0,26.7,0.88,57.04,97.04,16.2,,,22.5,23.0,22.0,-23.91,0.72,23.34,0,0,0,0,0,0,0,"[0, 0, 224]",,,,,,,,,,2,,
2026-07-13 05:20:37.657887,,2,23.2,25.0,26.7,1.62,56.94,99.59,16.2,,,22.5,23.0,22.0,-23.91,1.35,23.47,0,0,0,0,0,0,0,"[0, 0, 224]",,,,,,,,,,2,,
2026-07-13 05:20:37.770774,,2,23.2,25.0,26.7,0.95,57.98,100.8,16.2,,,22.5,23.0,22.0,-23.91,1.29,23.57,0,0,0,0,0,0,0,"[0, 0, 224]",,,,,,,,,,2,,
2026-07-13 05:20:37.884045,,2,23.2,25.0,27.0,1.59,57.58,100.4,16.2,,,22.5,23.0,22.0,-23.91,0.88,23.37,0,0,0,0,0,0,0,"[0, 0, 224]",,,,,,,,,,2,,
2026-07-13 05:20:37.998132,,2,23.2,25.0,27.0,0.68,57.51,100.8,16.2,,,22.5,23.0,22.0,-23.91,0.75,23.04,0,0,0,0,0,0,0,"[0, 0, 224]",,,,,,,,,,2,,
2026-07-13 05:20:38.111249,,2,23.2,25.0,27.0,0.21,57.75,102.41,16.2,,,22.5,23.0,22.0,-23.91,0.75,23.17,0,0,0,0,0,0,0,"[0, 0, 224]",,,,,,,,,,2,,
2026-07-13 05:20:38.224619,,2,23.2,25.0,27.0,1.05,57.18,99.19,16.2,,,22.5,23.0,22.0,-23.91,1.12,23.27,0,0,0,0,0,0,0,"[0, 0, 224]",,,,,,,,,,2,,
2026-07-13 05:20:38.338539,,2,23.2,25.0,27.0,1.29,57.62,99.46,16.2,,,22.5,23.0,22.0,-23.91,1.05,22.7,0,0,0,0,0,0,0,"[0, 0, 224]",,,,,,,,,,2,,
2026-07-13 05:20:38.458190,,2,23.2,25.0,27.0,1.22,57.38,97.98,16.2,,,22.5,23.0,22.0,-23.91,1.32,23.14,0,0,0,0,0,0,0,"[0, 0, 224]",,,,,,,,,,2,,
2026-07-13 05:20:38.572436,,2,23.2,25.0,27.0,1.92,57.51,100.67,16.2,,,22.5,23.0,22.0,-23.91,0.75,22.67,0,0,0,0,0,0,0,"[0, 0, 224]",,,,,,,,,,2,,
2026-07-13 05:20:38.685444,,2,23.2,25.0,27.0,0.55,57.01,101.61,16.2,,,22.5,23.0,22.0,-23.91,1.12,22.9,0,0,0,0,0,0,0,"[0, 0, 224]",,,,,,,,,,2,,
2026-07-13 05:20:38.798855,,2,23.2,25.0,27.0,1.02,57.01,100.8,16.2,,,22.5,23.0,22.0,-23.91,1.12,22.53,0,0,0,0,0,0,0,"[0, 0, 224]",,,,,,,,,,2,,
2026-07-13 05:20:38.912334,,2,23.2,25.0,27.0,1.22,56.68,99.73,16.2,,,22.5,23.0,22.0,-23.91,0.85,22.63,0,0,0,0,0,0,0,"[0, 0, 224]",,,,,,,,,,2,,
2026-07-13 05:20:39.024976,,2,23.2,25.0,27.0,0.95,57.45,98.79,16.2,,,22.5,23.0,22.0,-23.91,1.05,22.27,0,0,0,0,0,0,0,"[0, 0, 224]",,,,,,,,,,2,,
2026-07-13 05:20:39.138468,,2,23.2,25.0,27.0,0.92,57.21,100.26,16.2,,,22.5,23.0,22.0,-23.91,1.32,22.23,0,0,0,0,0,0,0,"[0, 0, 224]",,,,,,,,,,2,,
2026-07-13 05:20:39.251349,,2,23.2,25.0,27.0,1.25,57.45,99.86,16.2,,,22.5,23.0,22.0,-23.91,1.29,22.43,0,0,0,0,0,0,0,"[0, 0, 224]",,,,,,,,,,2,,
2026-07-13 05:20:39.364227,,2,23.2,25.0,27.0,1.12,56.98,99.32,16.2,,,22.5,23.0,22.0,-23.91,1.02,22.74,0,0,0,0,0,0,0,"[0, 0, 224]",,,,,,,,,,2,,
2026-07-13 05:20:39.488888,,2,23.2,25.0,27.0,1.29,57.65,101.07,16.2,,,22.5,23.0,22.0,-23.91,0.82,22.67,0,0,0,0,0,0,0,"[0, 0, 224]",,,,,,,,,,2,,
2026-07-13 05:20:39.602003,,2,23.2,25.0,27.0,0.88,57.41,100.26,16.2,,,22.5,23.0,22.0,-23.91,0.92,22.16,0,0,0,0,0,0,0,"[0, 0, 224]",,,,,,,,,,2,,
2026-07-13 05:20:39.715027,,2,23.2,25.0,27.0,0.88,57.18,101.2,16.2,,,22.5,23.0,22.0,-23.91,0.85,21.96,0,0,0,0,0,0,0,"[0, 0, 224]",,,,,,,,,,2,,
2026-07-13 05:20:39.828134,,2,23.2,25.0,27.0,1.35,57.58,101.07,16.2,,,22.5,23.0,22.0,-23.91,0.88,22.43,0,0,0,0,0,0,0,"[0, 0, 224]",,,,,,,,,,2,,
2026-07-13 05:20:39.941543,,2,23.2,25.0,27.0,0.92,56.78,101.34,16.2,,,22.5,23.0,22.0,-23.91,1.19,22.5,0,0,0,0,0,0,0,"[0, 0, 224]",,,,,,,,,,2,,
2026-07-13 05:20:40.054485,,2,23.2,25.0,27.0,1.22,56.88,99.46,16.2,,,22.5,23.0,22.0,-23.91,1.42,21.93,0,0,0,0,0,0,0,"[0, 0, 224]",,,,,,,,,,2,,
2026-07-13 05:20:40.167292,,2,23.2,25.0,27.0,1.19,57.45,98.38,16.2,,,22.5,23.0,22.0,-23.91,0.98,22.2,0,0,0,0,0,0,0,"[0, 0, 224]",,,,,,,,,,2,,
2026-07-13 05:20:40.281052,,2,23.2,25.0,27.0,0.92,56.54,100.4,16.2,,,22.5,23.0,22.0,-23.91,0.68,22.27,0,0,0,0,0,0,0,"[0, 0, 224]",,,,,,,,,,2,,
2026-07-13 05:20:40.395029,,2,23.2,25.0,27.0,1.66,57.48,97.85,16.2,,,22.5,23.0,22.0,-23.91,0.98,22.27,0,0,0,0,0,0,0,"[0, 0, 224]",,,,,,,,,,2,,
2026-07-13 05:20:40.516827,,2,23.2,25.0,27.0,1.25,56.74,101.47,16.2,,,22.5,23.0,22.0,-23.91,1.42,21.96,0,0,0,0,0,0,0,"[0, 0, 224]",,,,,,,,,,2,,
2026-07-13 05:20:40.630252,,2,23.2,25.0,27.0,1.25,56.81,101.47,16.2,,,22.5,23.0,22.0,-23.91,1.35,21.69,0,0,0,0,0,0,0,"[0, 0, 224]",,,,,,,,,,2,,
2026-07-13 05:20:40.743404,,2,23.2,25.0,27.0,1.49,57.11,97.98,16.2,,,22.5,23.0,22.0,-23.91,1.19,21.73,0,0,0,0,0,0,0,"[0, 0, 224]",,,,,,,,,,2,,
2026-07-13 05:20:40.873144,,2,23.2,25.0,27.0,0.95,57.15,101.34,16.2,,,22.5,23.0,22.0,-23.91,1.39,21.93,0,0,0,0,0,0,0,"[0, 0, 224]",,,,,,,,,,2,,
2026-07-13 05:20:40.986358,,2,23.2,25.0,27.0,1.62,57.72,100.93,16.2,,,22.5,23.0,22.0,-23.91,0.88,21.53,0,0,0,0,0,0,0,"[0, 0, 224]",,,,,,,,,,2,,
2026-07-13 05:20:41.099438,,2,23.2,25.0,27.0,1.76,57.82,98.65,16.2,,,22.5,23.0,22.0,-23.91,0.75,21.93,0,0,0,0,0,0,0,"[0, 0, 224]",,,,,,,,,,2,,
2026-07-13 05:20:41.213133,,2,23.2,25.0,27.0,1.55,57.48,101.61,16.2,,,22.5,23.0,22.0,-23.91,0.92,22.0,0,0,0,0,0,0,0,"[0, 0, 224]",,,,,,,,,,2,,
2026-07-13 05:20:41.326489,,2,23.2,25.0,27.0,1.25,57.28,97.58,16.2,,,22.5,23.0,22.0,-23.91,1.22,21.59,0,0,0,0,0,0,0,"[0, 0, 224]",,,,,,,,,,2,,
2026-07-13 05:20:41.450897,,2,23.2,25.0,27.0,1.12,57.38,98.52,16.2,,,22.5,23.0,22.0,-23.91,0.95,22.0,0,0,0,0,0,0,0,"[0, 0, 224]",,,,,,,,,,2,,
2026-07-13 05:20:41.564355,,2,23.2,25.0,27.0,0.75,57.28,98.92,16.2,,,22.5,23.0,22.0,-23.91,1.39,21.43,0,0,0,0,0,0,0,"[0, 0, 224]",,,,,,,,,,2,,
2026-07-13 05:20:41.794131,,2,23.2,25.0,27.0,1.62,56.88,100.4,16.2,,,22.5,23.0,22.0,-23.91,1.25,21.56,0,0,0,0,0,0,0,"[0, 0, 224]",,,,,,,,,,2,,
2026-07-13 05:20:41.908336,,2,23.2,25.0,27.0,1.15,56.88,100.8,16.2,,,22.5,23.0,22.0,-23.91,1.35,21.49,0,0,0,0,0,0,0,"[0, 0, 224]",,,,,,,,,,2,,
2026-07-13 05:20:42.022566,,2,23.2,25.0,27.0,1.35,57.48,97.31,16.2,,,22.5,23.0,22.0,-23.91,0.85,21.56,0,0,0,0,0,0,0,"[0, 0, 224]",,,,,,,,,,2,,
2026-07-13 05:20:42.135991,,2,23.2,25.0,27.0,0.85,56.91,101.87,16.2,,,22.5,23.0,22.0,-23.91,0.68,21.02,0,0,0,0,0,0,0,"[0, 0, 224]",,,,,,,,,,2,,
2026-07-13 05:20:42.249209,,2,23.2,25.0,27.0,1.05,57.11,102.41,16.2,,,22.5,23.0,22.0,-23.91,1.25,21.29,0,0,0,0,0,0,0,"[0, 0, 224]",,,,,,,,,,2,,
2026-07-13 05:20:42.362190,,2,23.2,25.0,27.0,1.12,57.08,100.26,16.2,,,22.5,23.0,22.0,-23.91,1.42,21.19,0,0,0,0,0,0,0,"[0, 0, 224]",,,,,,,,,,2,,
2026-07-13 05:20:42.490333,,2,23.2,25.0,27.0,1.29,57.18,99.73,16.2,,,22.5,23.0,22.0,-23.91,1.32,21.43,0,0,0,0,0,0,0,"[0, 0, 224]",,,,,,,,,,2,,
2026-07-13 05:20:42.604355,,2,23.2,25.0,27.0,1.69,57.18,99.59,16.2,,,22.5,23.0,22.0,-23.91,0.65,21.49,0,0,0,0,0,0,0,"[0, 0, 224]",,,,,,,,,,2,,
2026-07-13 05:20:42.717207,,2,23.2,25.0,27.0,0.88,57.55,99.32,16.2,,,22.5,23.0,22.0,-23.91,0.92,20.86,0,0,0,0,0,0,0,"[0, 0, 224]",,,,,,,,,,2,,
2026-07-13 05:20:42.830084,,2,23.2,25.0,27.0,0.75,57.25,99.59,16.2,,,22.5,23.0,22.0,-23.91,1.32,21.29,0,0,0,0,0,0,0,"[0, 0, 224]",,,,,,,,,,2,,
2026-07-13 05:20:42.943003,,2,23.2,25.0,27.0,1.15,57.04,101.07,16.2,,,22.5,23.0,22.0,-23.91,1.15,21.02,0,0,0,0,0,0,0,"[0, 0, 224]",,,,,,,,,,2,,
2026-07-13 05:20:43.055419,,2,23.2,25.0,27.0,0.88,57.21,98.79,16.2,,,22.5,23.0,22.0,-23.91,1.08,20.92,0,0,0,0,0,0,0,"[0, 0, 224]",,,,,,,,,,2,,
2026-07-13 05:20:43.168267,,2,23.2,25.0,27.0,1.08,56.94,97.58,16.2,,,22.5,23.0,22.0,-23.91,1.25,21.26,0,0,0,0,0,0,0,"[0, 0, 224]",,,,,,,,,,2,,
2026-07-13 05:20:43.281890,,2,23.2,25.0,27.0,1.52,57.01,99.59,16.2,,,22.5,23.0,22.0,-23.91,0.82,21.16,0,0,0,0,0,0,0,"[0, 0, 224]",,,,,,,,,,2,,
2026-07-13 05:20:43.395225,,2,23.2,25.0,27.0,1.08,57.15,102.28,16.2,,,22.5,23.0,22.0,-23.91,1.35,20.82,0,0,0,0,0,0,0,"[0, 0, 224]",,,,,,,,,,2,,
2026-07-13 05:20:43.527948,,2,23.2,25.0,27.0,1.22,57.25,98.25,16.2,,,22.5,23.0,22.0,-23.91,1.49,20.55,0,0,0,0,0,0,0,"[0, 0, 224]",,,,,,,,,,2,,
2026-07-13 05:20:43.641044,,2,23.2,25.0,27.0,1.62,56.98,99.99,16.2,,,22.5,23.0,22.0,-23.91,1.08,21.02,0,0,0,0,0,0,0,"[0, 0, 224]",,,,,,,,,,2,,
2026-07-13 05:20:43.754344,,2,23.2,25.0,27.0,1.45,57.72,99.19,16.2,,,22.5,23.0,22.0,-23.91,1.32,20.45,0,0,0,0,0,0,0,"[0, 0, 224]",,,,,,,,,,2,,
2026-07-13 05:20:43.868265,,2,23.2,25.0,27.0,1.02,56.71,100.13,16.2,,,22.5,23.0,22.0,-23.91,1.32,20.86,0,0,0,0,0,0,0,"[0, 0, 224]",,,,,,,,,,2,,
2026-07-13 05:20:43.980695,,2,23.2,25.0,27.0,0.95,57.68,101.34,16.2,,,22.5,23.0,22.0,-23.91,1.42,20.39,0,0,0,0,0,0,0,"[0, 0, 224]",,,,,,,,,,2,,
2026-07-13 05:20:44.093025,,2,23.2,25.0,27.0,1.22,57.62,99.99,16.2,,,22.5,23.0,22.0,-23.91,1.39,20.49,0,0,0,0,0,0,0,"[0, 0, 224]",,,,,,,,,,2,,
2026-07-13 05:20:44.206215,,2,23.2,25.0,27.0,1.29,56.94,100.53,16.2,,,22.5,23.0,22.0,-23.91,1.12,20.89,0,0,0,0,0,0,0,"[0, 0, 224]",,,,,,,,,,2,,
2026-07-13 05:20:44.319125,,2,23.2,25.0,27.0,1.35,57.82,100.67,16.2,,,22.5,23.0,22.0,-23.91,1.02,20.35,0,0,0,0,0,0,0,"[0, 0, 224]",,,,,,,,,,2,,
2026-07-13 05:20:44.441572,,2,23.2,25.0,27.0,1.02,57.58,100.4,16.2,,,22.5,23.0,22.0,-23.91,1.35,20.39,0,0,0,0,0,0,0,"[0, 0, 224]",,,,,,,,,,2,,
2026-07-13 05:20:44.554750,,2,23.2,25.0,27.0,1.12,56.88,97.71,16.2,,,22.5,23.0,22.0,-23.91,1.42,20.79,0,0,0,0,0,0,0,"[0, 0, 224]",,,,,,,,,,2,,
2026-07-13 05:20:44.668077,,2,23.2,25.0,27.0,1.66,57.31,100.13,16.2,,,22.5,23.0,22.0,-23.91,1.25,20.75,0,0,0,0,0,0,0,"[0, 0, 224]",,,,,,,,,,2,,
2026-07-13 05:20:44.780827,,2,23.2,25.0,27.0,1.25,57.04,99.99,16.2,,,22.5,23.0,22.0,-23.91,1.05,20.22,0,0,0,0,0,0,0,"[0, 0, 224]",,,,,,,,,,2,,
2026-07-13 05:20:44.893856,,2,23.2,25.0,27.0,1.35,57.21,99.05,16.2,,,22.5,23.0,22.0,-23.91,0.95,20.55,0,0,0,0,0,0,0,"[0, 0, 224]",,,,,,,,,,2,,
2026-07-13 05:20:45.006658,,2,23.2,25.0,27.0,0.92,56.74,99.05,16.2,,,22.5,23.0,22.0,-23.91,1.02,20.02,0,0,0,0,0,0,0,"[0, 0, 224]",,,,,,,,,,2,,
2026-07-13 05:20:45.119609,,2,23.2,25.0,27.0,1.55,56.61,98.92,16.2,,,22.5,23.0,22.0,-23.91,1.05,20.49,0,0,0,0,0,0,0,"[0, 0, 224]",,,,,,,,,,2,,
2026-07-13 05:20:45.232502,,2,23.2,25.0,27.0,1.52,57.62,98.38,16.2,,,22.5,23.0,22.0,-23.91,1.39,20.12,0,0,0,0,0,0,0,"[0, 0, 224]",,,,,,,,,,2,,
2026-07-13 05:20:45.345046,,2,23.2,25.0,27.0,1.59,56.54,101.07,16.2,,,22.5,23.0,22.0,-23.91,0.88,20.28,0,0,0,0,0,0,0,"[0, 0, 224]",,,,,,,,,,2,,
2026-07-13 05:20:45.464475,,2,23.2,25.0,27.0,1.35,57.11,98.38,16.2,,,22.5,23.0,22.0,-23.91,0.75,20.35,0,0,0,0,0,0,0,"[0, 0, 224]",,,,,,,,,,2,,
2026-07-13 05:20:45.577610,,2,23.2,25.0,27.0,1.15,57.25,102.28,16.2,,,22.5,23.0,22.0,-23.91,1.19,19.98,0,0,0,0,0,0,0,"[0, 0, 224]",,,,,,,,,,2,,
2026-07-13 05:20:45.690494,,2,23.2,25.0,27.0,1.52,56.07,98.25,16.2,,,22.5,23.0,22.0,-23.91,1.02,20.12,0,0,0,0,0,0,0,"[0, 0, 224]",,,,,,,,,,2,,
2026-07-13 05:20:45.803934,,2,23.2,25.0,27.0,0.98,56.51,101.47,16.2,,,22.5,23.0,22.0,-23.91,1.29,20.12,0,0,0,0,0,0,0,"[0, 0, 224]",,,,,,,,,,2,,
2026-07-13 05:20:45.916549,,2,23.2,25.0,27.0,0.55,56.47,97.44,16.2,,,22.5,23.0,22.0,-23.91,1.42,19.88,0,0,0,0,0,0,0,"[0, 0, 224]",,,,,,,,,,2,,
2026-07-13 05:20:46.029972,,2,23.2,25.0,27.0,1.42,57.31,99.32,16.2,,,22.5,23.0,22.0,-23.91,0.85,20.12,0,0,0,0,0,0,0,"[0, 0, 224]",,,,,,,,,,2,,
2026-07-13 05:20:46.143690,,2,23.2,25.0,27.0,1.02,57.51,101.61,16.2,,,22.5,23.0,22.0,-23.91,1.39,19.68,0,0,0,0,0,0,0,"[0, 0, 224]",,,,,,,,,,2,,
2026-07-13 05:20:46.256663,,2,23.2,25.0,27.0,0.98,57.08,97.44,16.2,,,22.5,23.0,22.0,-23.91,0.75,20.08,0,0,0,0,0,0,0,"[0, 0, 224]",,,,,,,,,,2,,
2026-07-13 05:20:46.387006,,2,23.2,25.0,27.0,1.32,56.91,98.11,16.2,,,22.5,23.0,22.0,-23.91,0.72,19.81,0,0,0,0,0,0,0,"[0, 0, 224]",,,,,,,,,,2,,
2026-07-13 05:20:46.506750,,2,23.2,25.0,27.0,1.69,56.94,100.67,16.2,,,22.5,23.0,22.0,-23.91,1.35,19.92,0,0,0,0,0,0,0,"[0, 0, 224]",,,,,,,,,,2,,
2026-07-13 05:20:46.620388,,2,23.2,25.0,27.0,1.08,56.68,99.86,16.2,,,22.5,23.0,22.0,-23.91,1.29,19.85,0,0,0,0,0,0,0,"[0, 0, 224]",,,,,,,,,,2,,
2026-07-13 05:20:46.733852,,2,23.2,25.0,27.0,1.52,57.25,100.4,16.2,,,22.5,23.0,22.0,-23.91,1.29,19.85,0,0,0,0,0,0,0,"[0, 0, 224]",,,,,,,,,,2,,
2026-07-13 05:20:46.854926,,2,23.2,25.0,27.0,0.72,57.11,98.79,16.2,,,22.5,23.0,22.0,-23.91,1.12,19.98,0,0,0,0,0,0,0,"[0, 0, 224]",,,,,,,,,,2,,
2026-07-13 05:20:46.968523,,2,23.2,25.0,27.0,1.29,57.62,100.4,16.2,,,22.5,23.0,22.0,-23.91,1.35,19.34,0,0,0,0,0,0,0,"[0, 0, 224]",,,,,,,,,,2,,
2026-07-13 05:20:47.233833,,2,23.2,25.0,27.0,1.19,57.38,100.13,16.2,,,22.5,23.0,22.0,-23.91,0.82,19.21,0,0,0,0,0,0,0,"[0, 0, 224]",,,,,,,,,,2,,
2026-07-13 05:20:47.338541,,2,23.2,25.0,27.0,1.32,57.58,96.5,16.2,,,22.5,23.0,22.0,-23.91,0.92,19.14,0,0,0,0,0,0,0,"[0, 0, 224]",,,,,,,,,,2,,
2026-07-13 05:20:47.449766,,2,23.2,25.0,27.0,0.95,56.31,99.19,16.2,,,22.5,23.0,22.0,-23.91,1.39,19.61,0,0,0,0,0,0,0,"[0, 0, 224]",,,,,,,,,,2,,
2026-07-13 05:20:47.553253,,2,23.2,25.0,27.0,0.82,56.98,100.26,16.2,,,22.5,23.0,22.0,-23.91,0.82,19.48,0,0,0,0,0,0,0,"[0, 0, 224]",,,,,,,,,,2,,
2026-07-13 05:20:47.657099,,2,23.2,25.0,27.0,0.85,56.91,98.11,16.2,,,22.5,23.0,22.0,-23.91,1.15,19.48,0,0,0,0,0,0,0,"[0, 0, 224]",,,,,,,,,,2,,
2026-07-13 05:20:47.761139,,2,23.2,25.0,27.0,1.25,57.15,100.93,16.2,,,22.5,23.0,22.0,-23.91,1.29,19.21,0,0,0,0,0,0,0,"[0, 0, 224]",,,,,,,,,,2,,
2026-07-13 05:20:47.868783,,2,23.2,25.0,27.0,1.79,56.71,101.74,16.2,,,22.5,23.0,22.0,-23.91,0.85,19.41,0,0,0,0,0,0,0,"[0, 0, 224]",,,,,,,,,,2,,
2026-07-13 05:20:47.972662,,2,23.2,25.0,27.0,0.85,57.11,102.81,16.2,,,22.5,23.0,22.0,-23.91,1.22,19.01,0,0,0,0,0,0,0,"[0, 0, 224]",,,,,,,,,,2,,
2026-07-13 05:20:48.076513,,2,23.2,25.0,27.0,1.19,57.75,101.34,16.2,,,22.5,23.0,22.0,-23.91,0.95,19.18,0,0,0,0,0,0,0,"[0, 0, 224]",,,,,,,,,,2,,
2026-07-13 05:20:48.179781,,2,23.2,25.0,27.0,1.12,57.25,99.73,16.2,,,22.5,23.0,22.0,-23.91,1.32,18.84,0,0,0,0,0,0,0,"[0, 0, 224]",,,,,,,,,,2,,
2026-07-13 05:20:48.283815,,2,23.2,25.0,27.0,0.48,57.35,100.67,16.2,,,22.5,23.0,22.0,-23.91,0.85,19.11,0,0,0,0,0,0,0,"[0, 0, 224]",,,,,,,,,,2,,
2026-07-13 05:20:48.387764,,2,23.2,25.0,27.0,1.29,56.71,96.77,16.2,,,22.5,23.0,22.0,-23.91,1.35,19.28,0,0,0,0,0,0,0,"[0, 0, 224]",,,,,,,,,,2,,
2026-07-13 05:20:48.498537,,2,23.2,25.0,27.0,0.98,57.21,101.61,16.2,,,22.5,23.0,22.0,-23.91,1.35,19.04,0,0,0,0,0,0,0,"[0, 0, 224]",,,,,,,,,,2,,
2026-07-13 05:20:48.602093,,2,23.2,25.0,27.0,1.05,57.41,100.4,16.2,,,22.5,23.0,22.0,-23.91,1.05,19.18,0,0,0,0,0,0,0,"[0, 0, 224]",,,,,,,,,,2,,
2026-07-13 05:20:48.705886,,2,23.2,25.0,27.0,1.49,57.51,99.19,16.2,,,22.5,23.0,22.0,-23.91,1.25,19.04,0,0,0,0,0,0,0,"[0, 0, 224]",,,,,,,,,,2,,
2026-07-13 05:20:48.809816,,2,23.2,25.0,27.0,0.68,56.91,101.07,16.2,,,22.5,23.0,22.0,-23.91,1.22,19.24,0,0,0,0,0,0,0,"[0, 0, 224]",,,,,,,,,,2,,
2026-07-13 05:20:48.914146,,2,23.2,25.0,27.0,1.19,56.98,102.01,16.2,,,22.5,23.0,22.0,-23.91,0.85,19.04,0,0,0,0,0,0,0,"[0, 0, 224]",,,,,,,,,,2,,
2026-07-13 05:20:49.018106,,2,23.2,25.0,27.0,0.98,56.94,99.32,16.2,,,22.5,23.0,22.0,-23.91,1.08,18.61,0,0,0,0,0,0,0,"[0, 0, 224]",,,,,,,,,,2,,
2026-07-13 05:20:49.122293,,2,23.2,25.0,27.0,1.22,56.98,98.52,16.2,,,22.5,23.0,22.0,-23.91,1.35,19.11,0,0,0,0,0,0,0,"[0, 0, 224]",,,,,,,,,,2,,
2026-07-13 05:20:49.226012,,2,23.2,25.0,27.0,0.95,56.78,97.98,16.2,,,22.5,23.0,22.0,-23.91,1.15,18.94,0,0,0,0,0,0,0,"[0, 0, 224]",,,,,,,,,,2,,
2026-07-13 05:20:49.329650,,2,23.2,25.0,27.2,1.49,57.21,100.13,16.2,,,22.5,23.0,22.0,-23.91,1.15,19.08,0,0,0,0,0,0,0,"[0, 0, 224]",,,,,,,,,,2,,
2026-07-13 05:20:49.436345,,2,23.2,25.0,27.2,1.15,57.31,98.79,16.2,,,22.5,23.0,22.0,-23.91,0.98,18.87,0,0,0,0,0,0,0,"[0, 0, 224]",,,,,,,,,,2,,
2026-07-13 05:20:49.550909,,2,23.2,25.0,27.2,1.19,56.64,100.8,16.2,,,22.5,23.0,22.0,-23.91,1.22,18.47,0,0,0,0,0,0,0,"[0, 0, 224]",,,,,,,,,,2,,
2026-07-13 05:20:49.659394,,2,23.2,25.0,27.2,1.15,57.08,101.47,16.2,,,22.5,23.0,22.0,-23.91,0.82,18.87,0,0,0,0,0,0,0,"[0, 0, 224]",,,,,,,,,,2,,
2026-07-13 05:20:49.762763,,2,23.2,25.0,27.2,1.29,57.18,99.46,16.2,,,22.5,23.0,22.0,-23.91,1.25,18.34,0,0,0,0,0,0,0,"[0, 0, 224]",,,,,,,,,,2,,
2026-07-13 05:20:49.881761,,2,23.2,25.0,27.2,0.98,57.04,99.05,16.2,,,22.5,23.0,22.0,-23.91,0.78,18.51,0,0,0,0,0,0,0,"[0, 0, 224]",,,,,,,,,,2,,
2026-07-13 05:20:49.990016,,2,23.2,25.0,27.2,1.12,56.68,99.73,16.2,,,22.5,23.0,22.0,-23.91,0.72,18.44,0,0,0,0,0,0,0,"[0, 0, 224]",,,,,,,,,,2,,
2026-07-13 05:20:50.094094,,2,23.2,25.0,27.2,1.49,56.88,99.46,16.2,,,22.5,23.0,22.0,-23.91,1.35,18.64,0,0,0,0,0,0,0,"[0, 0, 224]",,,,,,,,,,2,,
2026-07-13 05:20:50.198271,,2,23.2,25.0,27.2,1.25,57.38,101.47,16.2,,,22.5,23.0,22.0,-23.91,0.82,18.54,0,0,0,0,0,0,0,"[0, 0, 224]",,,,,,,,,,2,,
2026-07-13 05:20:50.302175,,2,23.2,25.0,27.2,0.85,56.61,98.52,16.2,,,22.5,23.0,22.0,-23.91,0.88,18.74,0,0,0,0,0,0,0,"[0, 0, 224]",,,,,,,,,,2,,
2026-07-13 05:20:50.406019,,2,23.2,25.0,27.2,1.52,56.91,99.59,16.2,,,22.5,23.0,22.0,-23.91,1.32,18.1,0,0,0,0,0,0,0,"[0, 0, 224]",,,,,,,,,,2,,
2026-07-13 05:20:50.520578,,2,23.2,25.0,27.2,1.35,57.48,99.46,16.2,,,22.5,23.0,22.0,-23.91,0.75,18.37,0,0,0,0,0,0,0,"[0, 0, 224]",,,,,,,,,,2,,
2026-07-13 05:20:50.627360,,2,23.2,25.0,27.2,1.39,56.57,101.61,16.2,,,22.5,23.0,22.0,-23.91,1.35,18.67,0,0,0,0,0,0,0,"[0, 0, 224]",,,,,,,,,,2,,
2026-07-13 05:20:50.731444,,2,23.2,25.0,27.2,0.82,56.68,97.04,16.2,,,22.5,23.0,22.0,-23.91,1.29,18.04,0,0,0,0,0,0,0,"[0, 0, 224]",,,,,,,,,,2,,
2026-07-13 05:20:50.835628,,2,23.2,25.0,27.2,1.08,56.91,99.99,16.2,,,22.5,23.0,22.0,-23.91,0.78,18.61,0,0,0,0,0,0,0,"[0, 0, 224]",,,,,,,,,,2,,
2026-07-13 05:20:50.939255,,2,23.2,25.0,27.2,0.82,57.01,102.55,16.2,,,22.5,23.0,22.0,-23.91,0.78,17.9,0,0,0,0,0,0,0,"[0, 0, 224]",,,,,,,,,,2,,
2026-07-13 05:20:51.043490,,2,23.2,25.0,27.2,1.82,57.21,98.92,16.2,,,22.5,23.0,22.0,-23.91,1.08,18.1,0,0,0,0,0,0,0,"[0, 0, 224]",,,,,,,,,,2,,
2026-07-13 05:20:51.147152,,2,23.2,25.0,27.2,0.98,56.81,100.8,16.2,,,22.5,23.0,22.0,-23.91,0.85,18.37,0,0,0,0,0,0,0,"[0, 0, 224]",,,,,,,,,,2,,
2026-07-13 05:20:51.250615,,2,23.2,25.0,27.2,1.15,57.45,99.32,16.2,,,22.5,23.0,22.0,-23.91,0.78,17.97,0,0,0,0,0,0,0,"[0, 0, 224]",,,,,,,,,,2,,
2026-07-13 05:20:51.354454,,2,23.2,25.0,27.2,0.85,56.34,100.53,16.2,,,22.5,23.0,22.0,-23.91,1.32,17.87,0,0,0,0,0,0,0,"[0, 0, 224]",,,,,,,,,,2,,
2026-07-13 05:20:51.457884,,2,23.2,25.0,27.2,1.45,57.15,100.4,16.2,,,22.5,23.0,22.0,-23.91,1.35,18.14,0,0,0,0,0,0,0,"[0, 0, 224]",,,,,,,,,,2,,
2026-07-13 05:20:51.564418,,2,23.2,25.0,27.2,0.88,56.88,101.47,16.2,,,22.5,23.0,22.0,-23.91,1.42,18.4,0,0,0,0,0,0,0,"[0, 0, 224]",,,,,,,,,,2,,
2026-07-13 05:20:51.668688,,2,23.2,25.0,27.2,1.45,56.57,98.11,16.2,,,22.5,23.0,22.0,-23.91,1.39,18.4,0,0,0,0,0,0,0,"[0, 0, 224]",,,,,,,,,,2,,
2026-07-13 05:20:51.772024,,2,23.2,25.0,27.2,1.29,57.04,99.59,16.2,,,22.5,23.0,22.0,-23.91,1.29,18.27,0,0,0,0,0,0,0,"[0, 0, 224]",,,,,,,,,,2,,
2026-07-13 05:20:51.876574,,2,23.2,25.0,27.2,0.75,57.31,97.71,16.2,,,22.5,23.0,22.0,-23.91,0.75,18.3,0,0,0,0,0,0,0,"[0, 0, 224]",,,,,,,,,,2,,
2026-07-13 05:20:51.979820,,2,23.2,25.0,27.2,1.76,56.54,101.07,16.2,,,22.5,23.0,22.0,-23.91,0.95,17.97,0,0,0,0,0,0,0,"[0, 0, 224]",,,,,,,,,,2,,
2026-07-13 05:20:52.083079,,2,23.2,25.0,27.2,0.88,56.88,101.07,16.2,,,22.5,23.0,22.0,-23.91,0.68,17.8,0,0,0,0,0,0,0,"[0, 0, 224]",,,,,,,,,,2,,
2026-07-13 05:20:52.186241,,2,23.2,25.0,27.2,1.05,57.15,98.79,16.2,,,22.5,23.0,22.0,-23.91,0.82,17.9,0,0,0,0,0,0,0,"[0, 0, 224]",,,,,,,,,,2,,
2026-07-13 05:20:52.296640,,2,23.2,25.0,27.2,1.05,57.04,100.67,16.2,,,22.5,23.0,22.0,-23.91,1.35,17.67,0,0,0,0,0,0,0,"[0, 0, 224]",,,,,,,,,,2,,
2026-07-13 05:20:52.400570,,2,23.2,25.0,27.2,1.32,56.71,99.99,16.2,,,22.5,23.0,22.0,-23.91,0.78,17.46,0,0,0,0,0,0,0,"[0, 0, 224]",,,,,,,,,,2,,
2026-07-13 05:20:52.512782,,2,23.2,25.0,27.2,1.22,57.01,99.19,16.2,,,22.5,23.0,22.0,-23.91,0.78,17.67,0,0,0,0,0,0,0,"[0, 0, 224]",,,,,,,,,,2,,
2026-07-13 05:20:52.617934,,2,23.2,25.0,27.2,0.85,56.71,100.67,16.2,,,22.5,23.0,22.0,-23.91,1.22,17.77,0,0,0,0,0,0,0,"[0, 0, 224]",,,,,,,,,,2,,
2026-07-13 05:20:52.721179,,2,23.2,25.0,27.2,1.86,57.11,101.61,16.2,,,22.5,23.0,22.0,-23.91,0.88,18.0,0,0,0,0,0,0,0,"[0, 0, 224]",,,,,,,,,,2,,
2026-07-13 05:20:52.824399,,2,23.2,25.0,27.2,1.55,56.44,97.71,16.2,,,22.5,23.0,22.0,-23.91,0.82,17.53,0,0,0,0,0,0,0,"[0, 0, 224]",,,,,,,,,,2,,
2026-07-13 05:20:52.927860,,2,23.2,25.0,27.2,1.49,57.15,99.46,16.2,,,22.5,23.0,22.0,-23.91,1.05,17.53,0,0,0,0,0,0,0,"[0, 0, 224]",,,,,,,,,,2,,
2026-07-13 05:20:53.031869,,2,23.2,25.0,27.2,0.48,56.74,100.26,16.2,,,22.5,23.0,22.0,-23.91,0.98,17.9,0,0,0,0,0,0,0,"[0, 0, 224]",,,,,,,,,,2,,
2026-07-13 05:20:53.136049,,2,23.2,25.0,27.2,1.42,56.44,101.61,16.2,,,22.5,23.0,22.0,-23.91,1.39,17.26,0,0,0,0,0,0,0,"[0, 0, 224]",,,,,,,,,,2,,
2026-07-13 05:20:53.239627,,2,23.2,25.0,27.2,1.19,57.08,99.86,16.2,,,22.5,23.0,22.0,-23.91,1.32,17.83,0,0,0,0,0,0,0,"[0, 0, 224]",,,,,,,,,,2,,
2026-07-13 05:20:53.343780,,2,23.2,25.0,27.2,1.29,56.34,99.99,16.2,,,22.5,23.0,22.0,-23.91,1.32,17.77,0,0,0,0,0,0,0,"[0, 0, 224]",,,,,,,,,,2,,
2026-07-13 05:20:53.447544,,2,23.2,25.0,27.2,1.62,56.78,99.46,16.2,,,22.5,23.0,22.0,-23.91,0.85,17.73,0,0,0,0,0,0,0,"[0, 0, 224]",,,,,,,,,,2,,
2026-07-13 05:20:53.551104,,2,23.2,25.0,27.2,1.39,56.54,101.47,16.2,,,22.5,23.0,22.0,-23.91,1.35,17.57,0,0,0,0,0,0,0,"[0, 0, 224]",,,,,,,,,,2,,
2026-07-13 05:20:53.657150,,2,23.2,25.0,27.2,1.29,57.21,99.32,16.2,,,22.5,23.0,22.0,-23.91,0.72,17.4,0,0,0,0,0,0,0,"[0, 0, 224]",,,,,,,,,,2,,
2026-07-13 05:20:53.760500,,2,23.2,25.0,27.2,1.15,57.25,100.8,16.2,,,22.5,23.0,22.0,-23.91,0.72,17.06,0,0,0,0,0,0,0,"[0, 0, 224]",,,,,,,,,,2,,
2026-07-13 05:20:53.869310,,2,23.2,25.0,27.2,1.08,56.21,101.34,16.2,,,22.5,23.0,22.0,-23.91,0.75,17.26,0,0,0,0,0,0,0,"[0, 0, 224]",,,,,,,,,,2,,
2026-07-13 05:20:53.973237,,2,23.2,25.0,27.5,1.49,56.37,99.73,16.2,,,22.5,23.0,22.0,-23.91,0.92,16.99,0,0,0,0,0,0,0,"[0, 0, 224]",,,,,,,,,,2,,
2026-07-13 05:20:54.077448,,2,23.2,25.0,27.5,1.29,57.04,100.26,16.2,,,22.5,23.0,22.0,-23.91,0.95,17.43,0,0,0,0,0,0,0,"[0, 0, 224]",,,,,,,,,,2,,
2026-07-13 05:20:54.180673,,2,23.2,25.0,27.5,1.29,56.68,98.38,16.2,,,22.5,23.0,22.0,-23.91,0.82,17.26,0,0,0,0,0,0,0,"[0, 0, 224]",,,,,,,,,,2,,
2026-07-13 05:20:54.284067,,2,23.2,25.0,27.5,0.95,57.21,101.87,16.2,,,22.5,23.0,22.0,-23.91,1.35,17.03,0,0,0,0,0,0,0,"[0, 0, 224]",,,,,,,,,,2,,
2026-07-13 05:20:54.387438,,2,23.2,25.0,27.5,1.86,56.84,101.74,16.2,,,22.5,23.0,22.0,-23.91,0.85,16.99,0,0,0,0,0,0,0,"[0, 0, 224]",,,,,,,,,,2,,
2026-07-13 05:20:54.504562,,2,23.2,25.0,27.5,1.42,57.21,97.44,16.2,,,22.5,23.0,22.0,-23.91,1.08,17.33,0,0,0,0,0,0,0,"[0, 0, 224]",,,,,,,,,,2,,
2026-07-13 05:20:54.609087,,2,23.2,25.0,27.5,1.82,56.81,99.99,16.2,,,22.5,23.0,22.0,-23.91,0.88,17.33,0,0,0,0,0,0,0,"[0, 0, 224]",,,,,,,,,,2,,
2026-07-13 05:20:54.713351,,2,23.2,25.0,27.5,1.66,56.64,99.86,16.2,,,22.5,23.0,22.0,-23.91,1.25,17.36,0,0,0,0,0,0,0,"[0, 0, 224]",,,,,,,,,,2,,
2026-07-13 05:20:54.817360,,2,23.2,25.0,27.5,1.05,56.61,101.2,16.2,,,22.5,23.0,22.0,-23.91,1.35,17.3,0,0,0,0,0,0,0,"[0, 0, 224]",,,,,,,,,,2,,
2026-07-13 05:20:54.921194,,2,23.2,25.0,27.5,0.95,56.57,98.65,16.2,,,22.5,23.0,22.0,-23.91,0.92,17.26,0,0,0,0,0,0,0,"[0, 0, 224]",,,,,,,,,,2,,
2026-07-13 05:20:55.024788,,2,23.2,25.0,27.5,1.32,57.31,101.61,16.2,,,22.5,23.0,22.0,-23.91,1.08,16.86,0,0,0,0,0,0,0,"[0, 0, 224]",,,,,,,,,,2,,
2026-07-13 05:20:55.128253,,2,23.2,25.0,27.5,1.05,56.57,99.32,16.2,,,22.5,23.0,22.0,-23.91,1.35,17.23,0,0,0,0,0,0,0,"[0, 0, 224]",,,,,,,,,,2,,
2026-07-13 05:20:55.231831,,2,23.2,25.0,27.5,1.32,57.18,98.11,16.2,,,22.5,23.0,22.0,-23.91,0.98,17.23,0,0,0,0,0,0,0,"[0, 0, 224]",,,,,,,,,,2,,
2026-07-13 05:20:55.335125,,2,23.2,25.0,27.5,1.05,56.81,99.86,16.2,,,22.5,23.0,22.0,-23.91,0.95,16.59,0,0,0,0,0,0,0,"[0, 0, 224]",,,,,,,,,,2,,
2026-07-13 05:20:55.438482,,2,23.2,25.0,27.5,1.29,57.08,99.32,16.2,,,22.5,23.0,22.0,-23.91,1.02,16.89,0,0,0,0,0,0,0,"[0, 0, 224]",,,,,,,,,,2,,
2026-07-13 05:20:55.542160,,2,23.2,25.0,27.5,1.05,56.57,99.05,16.2,,,22.5,23.0,22.0,-23.91,1.35,16.69,0,0,0,0,0,0,0,"[0, 0, 224]",,,,,,,,,,2,,
2026-07-13 05:20:55.646842,,2,23.2,25.0,27.5,1.79,57.25,101.47,16.2,,,22.5,23.0,22.0,-23.91,1.08,16.96,0,0,0,0,0,0,0,"[0, 0, 224]",,,,,,,,,,2,,
2026-07-13 05:20:55.752931,,2,23.2,25.0,27.5,1.02,56.74,101.74,16.2,,,22.5,23.0,22.0,-23.91,0.95,17.03,0,0,0,0,0,0,0,"[0, 0, 224]",,,,,,,,,,2,,
2026-07-13 05:20:55.871569,,2,23.2,25.0,27.5,1.55,56.88,97.85,16.2,,,22.5,23.0,22.0,-23.91,1.45,16.89,0,0,0,0,0,0,0,"[0, 0, 224]",,,,,,,,,,2,,
2026-07-13 05:20:55.976183,,2,23.2,25.0,27.5,0.88,57.11,99.59,16.2,,,22.5,23.0,22.0,-23.91,0.78,16.42,0,0,0,0,0,0,0,"[0, 0, 224]",,,,,,,,,,2,,
2026-07-13 05:20:56.079785,,2,23.2,25.0,27.5,1.15,56.81,100.26,16.2,,,22.5,23.0,22.0,-23.91,1.12,16.66,0,0,0,0,0,0,0,"[0, 0, 224]",,,,,,,,,,2,,
2026-07-13 05:20:56.184218,,2,23.2,25.0,27.5,1.49,56.68,99.32,16.2,,,22.5,23.0,22.0,-23.91,1.32,17.03,0,0,0,0,0,0,0,"[0, 0, 224]",,,,,,,,,,2,,
2026-07-13 05:20:56.288418,,2,23.2,25.0,27.5,1.86,56.57,98.79,16.2,,,22.5,23.0,22.0,-23.91,1.35,16.66,0,0,0,0,0,0,0,"[0, 0, 224]",,,,,,,,,,2,,
2026-07-13 05:20:56.392019,,2,23.2,25.0,27.5,0.95,56.74,101.87,16.2,,,22.5,23.0,22.0,-23.91,1.02,16.32,0,0,0,0,0,0,0,"[0, 0, 224]",,,,,,,,,,2,,
2026-07-13 05:20:56.511265,,2,23.2,25.0,27.5,1.39,57.01,99.32,16.2,,,22.5,23.0,22.0,-23.91,0.75,16.59,0,0,0,0,0,0,0,"[0, 0, 224]",,,,,,,,,,2,,
2026-07-13 05:20:56.615047,,2,23.2,25.0,27.5,1.02,56.61,99.32,16.2,,,22.5,23.0,22.0,-23.91,1.39,16.26,0,0,0,0,0,0,0,"[0, 0, 224]",,,,,,,,,,2,,
2026-07-13 05:20:56.718739,,2,23.2,25.0,27.5,1.45,57.15,101.61,16.2,,,22.5,23.0,22.0,-23.91,1.39,16.63,0,0,0,0,0,0,0,"[0, 0, 224]",,,,,,,,,,2,,
2026-07-13 05:20:56.822308,,2,23.2,25.0,27.5,0.88,56.44,101.2,16.2,,,22.5,23.0,22.0,-23.91,0.75,16.16,0,0,0,0,0,0,0,"[0, 0, 224]",,,,,,,,,,2,,
2026-07-13 05:20:56.926533,,2,23.2,25.0,27.5,1.39,56.31,102.55,16.2,,,22.5,23.0,22.0,-23.91,0.95,16.76,0,0,0,0,0,0,0,"[0, 0, 224]",,,,,,,,,,2,,
2026-07-13 05:20:57.030868,,2,23.2,25.0,27.5,1.55,56.94,99.59,16.2,,,22.5,23.0,22.0,-23.91,1.02,16.53,0,0,0,0,0,0,0,"[0, 0, 224]",,,,,,,,,,2,,
2026-07-13 05:20:57.134919,,2,23.2,25.0,27.5,1.19,57.18,102.41,16.2,,,22.5,23.0,22.0,-23.91,0.82,16.19,0,0,0,0,0,0,0,"[0, 0, 224]",,,,,,,,,,2,,
2026-07-13 05:20:57.238879,,2,23.2,25.0,27.5,1.08,56.17,99.19,16.2,,,22.5,23.0,22.0,-23.91,0.82,16.29,0,0,0,0,0,0,0,"[0, 0, 224]",,,,,,,,,,2,,
2026-07-13 05:20:57.342349,,2,23.2,25.0,27.5,0.95,57.01,99.05,16.2,,,22.5,23.0,22.0,-23.91,0.82,16.59,0,0,0,0,0,0,0,"[0, 0, 224]",,,,,,,,,,2,,
2026-07-13 05:20:57.445786,,2,23.2,25.0,27.5,1.66,56.14,101.87,16.2,,,22.5,23.0,22.0,-23.91,1.15,16.42,0,0,0,0,0,0,0,"[0, 0, 224]",,,,,,,,,,2,,
2026-07-13 05:20:57.564133,,2,23.2,25.0,27.5,1.22,56.41,102.01,16.2,,,22.5,23.0,22.0,-23.91,0.82,16.12,0,0,0,0,0,0,0,"[0, 0, 224]",,,,,,,,,,2,,
2026-07-13 05:20:57.667751,,2,23.2,25.0,27.5,1.22,56.81,98.65,16.2,,,22.5,23.0,22.0,-23.91,1.35,16.42,0,0,0,0,0,0,0,"[0, 0, 224]",,,,,,,,,,2,,
2026-07-13 05:20:57.771264,,2,23.2,25.0,27.5,0.55,56.44,100.26,16.2,,,22.5,23.0,22.0,-23.91,1.25,15.89,0,0,0,0,0,0,0,"[0, 0, 224]",,,,,,,,,,2,,
2026-07-13 05:20:57.874589,,2,23.2,25.0,27.5,1.39,57.04,98.79,16.2,,,22.5,23.0,22.0,-23.91,0.85,16.29,0,0,0,0,0,0,0,"[0, 0, 224]",,,,,,,,,,2,,
2026-07-13 05:20:57.977914,,2,23.2,25.0,27.5,1.25,56.61,99.05,16.2,,,22.5,23.0,22.0,-23.91,1.35,16.32,0,0,0,0,0,0,0,"[0, 0, 224]",,,,,,,,,,2,,
2026-07-13 05:20:58.082015,,2,23.2,25.0,27.5,1.12,57.38,99.05,16.2,,,22.5,23.0,22.0,-23.91,0.88,16.39,0,0,0,0,0,0,0,"[0, 0, 224]",,,,,,,,,,2,,
2026-07-13 05:20:58.185948,,2,23.2,25.0,27.5,0.61,56.47,99.19,16.2,,,22.5,23.0,22.0,-23.91,1.25,15.92,0,0,0,0,0,0,0,"[0, 0, 224]",,,,,,,,,,2,,
2026-07-13 05:20:58.289240,,2,23.2,25.0,27.5,1.69,57.31,100.13,16.2,,,22.5,23.0,22.0,-23.91,1.19,15.92,0,0,0,0,0,0,0,"[0, 0, 224]",,,,,,,,,,2,,
2026-07-13 05:20:58.392527,,2,23.2,25.0,27.5,1.25,57.04,98.79,16.2,,,22.5,23.0,22.0,-23.91,1.35,16.09,0,0,0,0,0,0,0,"[0, 0, 224]",,,,,,,,,,2,,
2026-07-13 05:20:58.507235,,2,23.2,25.0,27.5,1.49,56.71,101.47,16.2,,,22.5,23.0,22.0,-23.91,0.68,16.29,0,0,0,0,0,0,0,"[0, 0, 224]",,,,,,,,,,2,,
2026-07-13 05:20:58.611708,,2,23.2,25.0,27.5,1.52,56.94,99.59,16.2,,,22.5,23.0,22.0,-23.91,1.32,15.99,0,0,0,0,0,0,0,"[0, 0, 224]",,,,,,,,,,2,,
2026-07-13 05:20:58.715405,,2,23.2,25.0,27.5,1.72,56.57,100.26,16.2,,,22.5,23.0,22.0,-23.91,0.68,16.16,0,0,0,0,0,0,0,"[0, 0, 224]",,,,,,,,,,2,,
2026-07-13 05:20:58.819085,,2,23.2,25.0,27.5,0.61,56.68,99.05,16.2,,,22.5,23.0,22.0,-23.91,1.08,15.55,0,0,0,0,0,0,0,"[0, 0, 224]",,,,,,,,,,2,,
2026-07-13 05:20:58.923143,,2,23.2,25.0,27.5,1.42,56.47,99.32,16.2,,,22.5,23.0,22.0,-23.91,0.98,15.59,0,0,0,0,0,0,0,"[0, 0, 224]",,,,,,,,,,2,,
2026-07-13 05:20:59.026700,,2,23.2,25.0,27.5,1.62,56.71,101.34,16.2,,,22.5,23.0,22.0,-23.91,0.78,16.09,0,0,0,0,0,0,0,"[0, 0, 224]",,,,,,,,,,2,,
2026-07-13 05:20:59.130876,,2,23.2,25.0,27.5,1.35,56.47,98.79,16.2,,,22.5,23.0,22.0,-23.91,0.98,16.12,0,0,0,0,0,0,0,"[0, 0, 224]",,,,,,,,,,2,,
2026-07-13 05:20:59.234778,,2,23.2,25.0,27.5,1.08,56.81,102.01,16.2,,,22.5,23.0,22.0,-23.91,1.35,15.89,0,0,0,0,0,0,0,"[0, 0, 224]",,,,,,,,,,2,,
2026-07-13 05:20:59.338344,,2,23.2,25.0,27.5,0.65,56.84,101.87,16.2,,,22.5,23.0,22.0,-23.91,1.25,15.92,0,0,0,0,0,0,0,"[0, 0, 224]",,,,,,,,,,2,,
2026-07-13 05:20:59.441842,,2,23.2,25.0,27.5,0.88,56.54,100.26,16.2,,,22.5,23.0,22.0,-23.91,0.95,15.42,0,0,0,0,0,0,0,"[0, 0, 224]",,,,,,,,,,2,,
2026-07-13 05:20:59.545909,,2,23.2,25.0,27.5,0.85,57.04,98.79,16.2,,,22.5,23.0,22.0,-23.91,1.29,15.95,0,0,0,0,0,0,0,"[0, 0, 224]",,,,,,,,,,2,,
2026-07-13 05:20:59.652571,,2,23.2,25.0,27.5,0.95,56.17,101.07,16.2,,,22.5,23.0,22.0,-23.91,1.12,15.65,0,0,0,0,0,0,0,"[0, 0, 224]",,,,,,,,,,2,,
2026-07-13 05:20:59.756567,,2,23.2,25.0,27.5,1.39,56.24,99.05,16.2,,,22.5,23.0,22.0,-23.91,0.98,15.42,0,0,0,0,0,0,0,"[0, 0, 224]",,,,,,,,,,2,,
2026-07-13 05:20:59.867724,,2,23.2,25.0,27.5,0.78,56.88,99.32,16.2,,,22.5,23.0,22.0,-23.91,0.72,15.95,0,0,0,0,0,0,0,"[0, 0, 224]",,,,,,,,,,2,,
2026-07-13 05:20:59.971077,,2,23.2,25.0,27.5,1.45,56.78,100.4,16.2,,,22.5,23.0,22.0,-23.91,1.29,15.75,0,0,0,0,0,0,0,"[0, 0, 224]",,,,,,,,,,2,,
2026-07-13 05:21:00.074472,,2,23.2,25.0,27.5,1.05,57.28,98.38,16.2,,,22.5,23.0,22.0,-23.91,1.05,15.82,0,0,0,0,0,0,0,"[0, 0, 224]",,,,,,,,,,2,,
2026-07-13 05:21:00.178349,,2,23.2,25.0,27.5,0.78,56.88,101.47,16.2,,,22.5,23.0,22.0,-23.91,1.25,15.38,0,0,0,0,0,0,0,"[0, 0, 224]",,,,,,,,,,2,,
2026-07-13 05:21:00.282283,,2,23.2,25.0,27.5,1.59,56.81,100.4,16.2,,,22.5,23.0,22.0,-23.91,0.85,15.42,0,0,0,0,0,0,0,"[0, 0, 224]",,,,,,,,,,2,,
2026-07-13 05:21:00.385460,,2,23.2,25.0,27.5,2.02,56.68,97.98,16.2,,,22.5,23.0,22.0,-23.91,1.49,15.62,0,0,0,0,0,0,0,"[0, 0, 224]",,,,,,,,,,2,,
2026-07-13 05:21:00.496741,,2,23.2,25.0,27.5,1.42,56.88,100.4,16.2,,,22.5,23.0,22.0,-23.91,1.19,15.35,0,0,0,0,0,0,0,"[0, 0, 224]",,,,,,,,,,2,,
2026-07-13 05:21:00.600318,,2,23.2,25.0,27.5,0.95,57.11,98.25,16.2,,,22.5,23.0,22.0,-23.91,1.25,15.42,0,0,0,0,0,0,0,"[0, 0, 224]",,,,,,,,,,2,,
2026-07-13 05:21:00.703701,,2,23.2,25.0,27.5,1.35,56.81,100.53,16.2,,,22.5,23.0,22.0,-23.91,0.75,15.65,0,0,0,0,0,0,0,"[0, 0, 224]",,,,,,,,,,2,,
2026-07-13 05:21:00.807872,,2,23.2,25.0,27.5,1.62,56.84,99.99,16.2,,,22.5,23.0,22.0,-23.91,1.39,15.12,0,0,0,0,0,0,0,"[0, 0, 224]",,,,,,,,,,2,,
2026-07-13 05:21:00.911620,,2,23.2,25.0,27.5,1.15,57.21,101.61,16.2,,,22.5,23.0,22.0,-23.91,0.95,15.32,0,0,0,0,0,0,0,"[0, 0, 224]",,,,,,,,,,2,,
2026-07-13 05:21:01.016049,,2,23.2,25.0,27.5,0.88,56.57,99.59,16.2,,,22.5,23.0,22.0,-23.91,0.92,15.05,0,0,0,0,0,0,0,"[0, 0, 224]",,,,,,,,,,2,,
2026-07-13 05:21:01.119508,,2,23.2,25.0,27.5,1.02,56.81,101.61,16.2,,,22.5,23.0,22.0,-23.91,1.02,14.95,0,0,0,0,0,0,0,"[0, 0, 224]",,,,,,,,,,2,,
2026-07-13 05:21:01.223200,,2,23.2,25.0,27.5,1.08,57.08,100.4,16.2,,,22.5,23.0,22.0,-23.91,0.82,15.32,0,0,0,0,0,0,0,"[0, 0, 224]",,,,,,,,,,2,,
2026-07-13 05:21:01.327389,,2,23.2,25.0,27.5,1.35,56.57,97.98,16.2,,,22.5,23.0,22.0,-23.91,1.39,15.08,0,0,0,0,0,0,0,"[0, 0, 224]",,,,,,,,,,2,,
2026-07-13 05:21:01.431352,,2,23.2,25.0,27.5,1.59,56.54,100.8,16.2,,,22.5,23.0,22.0,-23.91,1.32,14.91,0,0,0,0,0,0,0,"[0, 0, 224]",,,,,,,,,,2,,
2026-07-13 05:21:01.544790,,2,23.2,25.0,27.5,1.52,56.71,101.74,16.2,,,22.5,23.0,22.0,-23.91,0.72,15.45,0,0,0,0,0,0,0,"[0, 0, 224]",,,,,,,,,,2,,
2026-07-13 05:21:01.650503,,2,23.2,25.0,27.5,1.19,56.68,99.59,16.2,,,22.5,23.0,22.0,-23.91,1.29,14.91,0,0,0,0,0,0,0,"[0, 0, 224]",,,,,,,,,,2,,
2026-07-13 05:21:01.757320,,2,23.2,25.0,27.5,1.25,56.91,99.19,16.2,,,22.5,23.0,22.0,-23.91,1.35,15.42,0,0,0,0,0,0,0,"[0, 0, 224]",,,,,,,,,,2,,
2026-07-13 05:21:01.870028,,2,23.2,25.0,27.5,1.22,56.17,98.65,16.2,,,22.5,23.0,22.0,-23.91,1.35,15.35,0,0,0,0,0,0,0,"[0, 0, 224]",,,,,,,,,,2,,
2026-07-13 05:21:01.975623,,2,23.2,25.0,27.5,1.35,56.88,99.46,16.2,,,22.5,23.0,22.0,-23.91,0.75,15.28,0,0,0,0,0,0,0,"[0, 0, 224]",,,,,,,,,,2,,
2026-07-13 05:21:02.079073,,2,23.2,25.0,27.5,0.51,56.61,99.46,16.2,,,22.5,23.0,22.0,-23.91,1.15,14.68,0,0,0,0,0,0,0,"[0, 0, 224]",,,,,,,,,,2,,
2026-07-13 05:21:02.183243,,2,23.2,25.0,27.5,1.19,56.61,100.4,16.2,,,22.5,23.0,22.0,-23.91,0.78,15.25,0,0,0,0,0,0,0,"[0, 0, 224]",,,,,,,,,,2,,
2026-07-13 05:21:02.286636,,2,23.2,25.0,27.5,1.15,57.21,100.67,16.2,,,22.5,23.0,22.0,-23.91,0.75,15.08,0,0,0,0,0,0,0,"[0, 0, 224]",,,,,,,,,,2,,
2026-07-13 05:21:02.390430,,2,23.2,25.0,27.5,1.08,57.18,100.67,16.2,,,22.5,23.0,22.0,-23.91,0.95,14.85,0,0,0,0,0,0,0,"[0, 0, 224]",,,,,,,,,,2,,
2026-07-13 05:21:02.503169,,2,23.2,25.0,27.5,1.55,56.88,99.19,16.2,,,22.5,23.0,22.0,-23.91,1.15,14.65,0,0,0,0,0,0,0,"[0, 0, 224]",,,,,,,,,,2,,
2026-07-13 05:21:02.606671,,2,23.2,25.0,27.5,0.88,56.68,102.01,16.2,,,22.5,23.0,22.0,-23.91,0.78,14.58,0,0,0,0,0,0,0,"[0, 0, 224]",,,,,,,,,,2,,
2026-07-13 05:21:02.710637,,2,23.2,25.0,27.5,1.08,56.54,99.05,16.2,,,22.5,23.0,22.0,-23.91,1.35,14.95,0,0,0,0,0,0,0,"[0, 0, 224]",,,,,,,,,,2,,
2026-07-13 05:21:02.814441,,2,23.2,25.0,27.5,1.52,56.98,101.47,16.2,,,22.5,23.0,22.0,-23.91,1.25,14.91,0,0,0,0,0,0,0,"[0, 0, 224]",,,,,,,,,,2,,
2026-07-13 05:21:02.917978,,2,23.2,25.0,27.5,1.52,56.37,97.31,16.2,,,22.5,23.0,22.0,-23.91,0.82,14.75,0,0,0,0,0,0,0,"[0, 0, 224]",,,,,,,,,,2,,
2026-07-13 05:21:03.021574,,2,23.2,25.0,27.5,1.32,55.97,102.41,16.2,,,22.5,23.0,22.0,-23.91,1.05,14.61,0,0,0,0,0,0,0,"[0, 0, 224]",,,,,,,,,,2,,
2026-07-13 05:21:03.124753,,2,23.2,25.0,27.5,0.85,56.54,99.19,16.2,,,22.5,23.0,22.0,-23.91,1.12,14.48,0,0,0,0,0,0,0,"[0, 0, 224]",,,,,,,,,,2,,
2026-07-13 05:21:03.228304,,2,23.2,25.0,27.5,1.59,56.88,100.4,16.2,,,22.5,23.0,22.0,-23.91,1.29,14.54,0,0,0,0,0,0,0,"[0, 0, 224]",,,,,,,,,,2,,
2026-07-13 05:21:03.331736,,2,23.2,25.0,27.5,1.35,56.91,97.98,16.2,,,22.5,23.0,22.0,-23.91,0.82,14.78,0,0,0,0,0,0,0,"[0, 0, 224]",,,,,,,,,,2,,
2026-07-13 05:21:03.435957,,2,23.2,25.0,27.5,1.19,56.47,99.99,16.2,,,22.5,23.0,22.0,-23.91,1.22,14.58,0,0,0,0,0,0,0,"[0, 0, 224]",,,,,,,,,,2,,
2026-07-13 05:21:03.554770,,2,23.2,25.0,27.5,1.45,56.84,99.59,16.2,,,22.5,23.0,22.0,-23.91,1.25,14.44,0,0,0,0,0,0,0,"[0, 0, 224]",,,,,,,,,,2,,
2026-07-13 05:21:03.659287,,2,23.2,25.0,27.5,0.61,56.88,102.14,16.2,,,22.5,23.0,22.0,-23.91,1.12,14.38,0,0,0,0,0,0,0,"[0, 0, 224]",,,,,,,,,,2,,
2026-07-13 05:21:03.762882,,2,23.2,25.0,27.5,1.15,55.94,98.79,16.2,,,22.5,23.0,22.0,-23.91,0.82,14.61,0,0,0,0,0,0,0,"[0, 0, 224]",,,,,,,,,,2,,
2026-07-13 05:21:03.869131,,2,23.2,25.0,27.5,1.12,56.47,101.2,16.2,,,22.5,23.0,22.0,-23.91,1.32,14.44,0,0,0,0,0,0,0,"[0, 0, 224]",,,,,,,,,,2,,
2026-07-13 05:21:03.973817,,2,23.2,25.0,27.5,1.15,56.81,99.86,16.2,,,22.5,23.0,22.0,-23.91,1.29,14.34,0,0,0,0,0,0,0,"[0, 0, 224]",,,,,,,,,,2,,
2026-07-13 05:21:04.077997,,2,23.2,25.0,27.5,0.98,57.25,100.4,16.2,,,22.5,23.0,22.0,-23.91,0.88,14.68,0,0,0,0,0,0,0,"[0, 0, 224]",,,,,,,,,,2,,
2026-07-13 05:21:04.182579,,2,23.2,25.0,27.5,1.45,56.07,99.59,16.2,,,22.5,23.0,22.0,-23.91,1.12,14.81,0,0,0,0,0,0,0,"[0, 0, 224]",,,,,,,,,,2,,
2026-07-13 05:21:04.285841,,2,23.2,25.0,27.5,1.29,56.0,98.25,16.2,,,22.5,23.0,22.0,-23.91,1.25,14.75,0,0,0,0,0,0,0,"[0, 0, 224]",,,,,,,,,,2,,
2026-07-13 05:21:04.389317,,2,23.2,25.0,27.5,1.22,56.61,99.59,16.2,,,22.5,23.0,22.0,-23.91,0.75,14.14,0,0,0,0,0,0,0,"[0, 0, 224]",,,,,,,,,,2,,
2026-07-13 05:21:04.499877,,2,23.2,25.0,27.5,1.25,56.98,99.86,16.2,,,22.5,23.0,22.0,-23.91,1.29,14.38,0,0,0,0,0,0,0,"[0, 0, 224]",,,,,,,,,,2,,
2026-07-13 05:21:04.606408,,2,23.2,25.0,27.5,1.49,56.88,102.01,16.2,,,22.5,23.0,22.0,-23.91,0.78,14.28,0,0,0,0,0,0,0,"[0, 0, 224]",,,,,,,,,,2,,
2026-07-13 05:21:04.710775,,2,23.2,25.0,27.5,0.58,57.35,101.61,16.2,,,22.5,23.0,22.0,-23.91,1.42,14.61,0,0,0,0,0,0,0,"[0, 0, 224]",,,,,,,,,,2,,
2026-07-13 05:21:04.814837,,2,23.2,25.0,27.5,1.66,56.84,97.71,16.2,,,22.5,23.0,22.0,-23.91,0.68,14.61,0,0,0,0,0,0,0,"[0, 0, 224]",,,,,,,,,,2,,
2026-07-13 05:21:04.918534,,2,23.2,25.0,27.5,0.72,56.57,100.26,16.2,,,22.5,23.0,22.0,-23.91,1.02,14.28,0,0,0,0,0,0,0,"[0, 0, 224]",,,,,,,,,,2,,
2026-07-13 05:21:05.021919,,2,23.2,25.0,27.5,0.98,56.94,102.01,16.2,,,22.5,23.0,22.0,-23.91,1.05,14.54,0,0,0,0,0,0,0,"[0, 0, 224]",,,,,,,,,,2,,
2026-07-13 05:21:05.126772,,2,23.2,25.0,27.5,1.19,56.94,97.17,16.2,,,22.5,23.0,22.0,-23.91,0.78,14.48,0,0,0,0,0,0,0,"[0, 0, 224]",,,,,,,,,,2,,
2026-07-13 05:21:05.230586,,2,23.2,25.0,27.5,1.25,56.68,97.44,16.2,,,22.5,23.0,22.0,-23.91,1.22,14.04,0,0,0,0,0,0,0,"[0, 0, 224]",,,,,,,,,,2,,
2026-07-13 05:21:05.334328,,2,23.2,25.0,27.5,1.35,56.61,101.07,16.2,,,22.5,23.0,22.0,-23.91,0.68,14.11,0,0,0,0,0,0,0,"[0, 0, 224]",,,,,,,,,,2,,
2026-07-13 05:21:05.437539,,2,23.2,25.0,27.5,0.78,56.44,102.14,16.2,,,22.5,23.0,22.0,-23.91,0.98,13.94,0,0,0,0,0,0,0,"[0, 0, 224]",,,,,,,,,,2,,
2026-07-13 05:21:05.545189,,2,23.2,25.0,27.5,1.66,56.81,99.86,16.2,,,22.5,23.0,22.0,-23.91,0.82,13.87,0,0,0,0,0,0,0,"[0, 0, 224]",,,,,,,,,,2,,
2026-07-13 05:21:05.651129,,2,23.2,25.0,27.5,1.39,56.44,97.98,16.2,,,22.5,23.0,22.0,-23.91,0.82,13.87,0,0,0,0,0,0,0,"[0, 0, 224]",,,,,,,,,,2,,
2026-07-13 05:21:05.754784,,2,23.2,25.0,27.5,1.29,56.57,102.28,16.2,,,22.5,23.0,22.0,-23.91,1.08,13.81,0,0,0,0,0,0,0,"[0, 0, 224]",,,,,,,,,,2,,
2026-07-13 05:21:05.866509,,2,23.2,25.0,27.5,0.78,56.44,99.46,16.2,,,22.5,23.0,22.0,-23.91,0.75,14.34,0,0,0,0,0,0,0,"[0, 0, 224]",,,,,,,,,,2,,
2026-07-13 05:21:05.973212,,2,23.2,25.0,27.5,1.08,56.68,99.73,16.2,,,22.5,23.0,22.0,-23.91,0.98,13.67,0,0,0,0,0,0,0,"[0, 0, 224]",,,,,,,,,,2,,
2026-07-13 05:21:06.076885,,2,23.2,25.0,27.5,1.25,56.74,99.05,16.2,,,22.5,23.0,22.0,-23.91,0.92,14.04,0,0,0,0,0,0,0,"[0, 0, 224]",,,,,,,,,,2,,
2026-07-13 05:21:06.180998,,2,23.2,25.0,27.5,0.55,56.47,100.4,16.2,,,22.5,23.0,22.0,-23.91,0.95,13.91,0,0,0,0,0,0,0,"[0, 0, 224]",,,,,,,,,,2,,
2026-07-13 05:21:06.284805,,2,23.2,25.0,27.5,1.02,57.08,100.53,16.2,,,22.5,23.0,22.0,-23.91,1.12,13.74,0,0,0,0,0,0,0,"[0, 0, 224]",,,,,,,,,,2,,
2026-07-13 05:21:06.389123,,2,23.2,25.0,27.5,1.15,56.07,101.34,16.2,,,22.5,23.0,22.0,-23.91,0.78,14.11,0,0,0,0,0,0,0,"[0, 0, 224]",,,,,,,,,,2,,
2026-07-13 05:21:06.501097,,2,23.2,25.0,27.5,0.75,56.94,100.8,16.2,,,22.5,23.0,22.0,-23.91,1.35,14.14,0,0,0,0,0,0,0,"[0, 0, 224]",,,,,,,,,,2,,
2026-07-13 05:21:06.604862,,2,23.2,25.0,27.5,0.88,57.01,102.14,16.2,,,22.5,23.0,22.0,-23.91,0.82,13.84,0,0,0,0,0,0,0,"[0, 0, 224]",,,,,,,,,,2,,
2026-07-13 05:21:06.708861,,2,23.2,25.0,27.5,1.45,56.78,100.13,16.2,,,22.5,23.0,22.0,-23.91,1.15,13.6,0,0,0,0,0,0,0,"[0, 0, 224]",,,,,,,,,,2,,
2026-07-13 05:21:06.812794,,2,23.2,25.0,27.5,1.08,56.64,98.65,16.2,,,22.5,23.0,22.0,-23.91,1.35,13.97,0,0,0,0,0,0,0,"[0, 0, 224]",,,,,,,,,,2,,
2026-07-13 05:21:06.922962,,2,23.2,25.0,27.5,1.49,55.94,99.46,16.2,,,22.5,23.0,22.0,-23.91,0.78,13.84,0,0,0,0,0,0,0,"[0, 0, 224]",,,,,,,,,,2,,
2026-07-13 05:21:07.027112,,2,23.2,25.0,27.5,1.22,57.08,100.4,16.2,,,22.5,23.0,22.0,-23.91,1.45,14.11,0,0,0,0,0,0,0,"[0, 0, 224]",,,,,,,,,,2,,
2026-07-13 05:21:07.131762,,2,23.2,25.0,27.5,1.35,56.51,99.59,16.2,,,22.5,23.0,22.0,-23.91,0.98,14.04,0,0,0,0,0,0,0,"[0, 0, 224]",,,,,,,,,,2,,
2026-07-13 05:21:07.235138,,2,23.2,25.0,27.5,1.52,55.9,99.99,16.2,,,22.5,23.0,22.0,-23.91,1.39,13.4,0,0,0,0,0,0,0,"[0, 0, 224]",,,,,,,,,,2,,
2026-07-13 05:21:07.339208,,2,23.2,25.0,27.5,0.72,56.51,100.53,16.2,,,22.5,23.0,22.0,-23.91,1.35,14.01,0,0,0,0,0,0,0,"[0, 0, 224]",,,,,,,,,,2,,
2026-07-13 05:21:07.443458,,2,23.2,25.0,27.5,0.72,56.81,100.93,16.2,,,22.5,23.0,22.0,-23.91,0.75,13.37,0,0,0,0,0,0,0,"[0, 0, 224]",,,,,,,,,,2,,
2026-07-13 05:21:07.554286,,2,23.2,25.0,27.5,0.75,56.74,100.8,16.2,,,22.5,23.0,22.0,-23.91,0.75,13.94,0,0,0,0,0,0,0,"[0, 0, 224]",,,,,,,,,,2,,
2026-07-13 05:21:07.659224,,2,23.2,25.0,27.5,1.45,56.41,100.13,16.2,,,22.5,23.0,22.0,-23.91,1.42,13.37,0,0,0,0,0,0,0,"[0, 0, 224]",,,,,,,,,,2,,
2026-07-13 05:21:07.763149,,2,23.2,25.0,27.5,1.22,56.51,99.05,16.2,,,22.5,23.0,22.0,-23.91,1.25,13.91,0,0,0,0,0,0,0,"[0, 0, 224]",,,,,,,,,,2,,
2026-07-13 05:21:07.876155,,2,23.2,25.0,27.5,0.75,57.15,100.67,16.2,,,22.5,23.0,22.0,-23.91,1.05,13.4,0,0,0,0,0,0,0,"[0, 0, 224]",,,,,,,,,,2,,
2026-07-13 05:21:07.980171,,2,23.2,25.0,27.5,1.19,56.31,100.4,16.2,,,22.5,23.0,22.0,-23.91,0.95,13.67,0,0,0,0,0,0,0,"[0, 0, 224]",,,,,,,,,,2,,
2026-07-13 05:21:08.086078,,2,23.2,25.0,27.5,0.95,56.34,100.67,16.2,,,22.5,23.0,22.0,-23.91,1.35,13.64,0,0,0,0,0,0,0,"[0, 0, 224]",,,,,,,,,,2,,
2026-07-13 05:21:08.189957,,2,23.2,25.0,27.7,1.55,56.41,99.86,16.2,,,22.5,23.0,22.0,-23.91,0.75,13.5,0,0,0,0,0,0,0,"[0, 0, 224]",,,,,,,,,,2,,
2026-07-13 05:21:08.293325,,2,23.2,25.0,27.7,1.19,56.84,99.99,16.2,,,22.5,23.0,22.0,-23.91,1.08,13.17,0,0,0,0,0,0,0,"[0, 0, 224]",,,,,,,,,,2,,
2026-07-13 05:21:08.396509,,2,23.2,25.0,27.7,1.42,55.97,99.32,16.2,,,22.5,23.0,22.0,-23.91,1.42,13.47,0,0,0,0,0,0,0,"[0, 0, 224]",,,,,,,,,,2,,
2026-07-13 05:21:08.510539,,2,23.2,25.0,27.7,1.45,56.1,99.99,16.2,,,22.5,23.0,22.0,-23.91,0.82,13.81,0,0,0,0,0,0,0,"[0, 0, 224]",,,,,,,,,,2,,
2026-07-13 05:21:08.614604,,2,23.2,25.0,27.7,1.02,56.51,99.46,16.2,,,22.5,23.0,22.0,-23.91,1.45,13.71,0,0,0,0,0,0,0,"[0, 0, 224]",,,,,,,,,,2,,
2026-07-13 05:21:08.718743,,2,23.2,25.0,27.7,1.12,57.35,100.4,16.2,,,22.5,23.0,22.0,-23.91,1.35,13.47,0,0,0,0,0,0,0,"[0, 0, 224]",,,,,,,,,,2,,
2026-07-13 05:21:08.822093,,2,23.2,25.0,27.7,0.98,56.74,102.41,16.2,,,22.5,23.0,22.0,-23.91,1.08,13.4,0,0,0,0,0,0,0,"[0, 0, 224]",,,,,,,,,,2,,
2026-07-13 05:21:08.925640,,2,23.2,25.0,27.7,0.85,56.51,98.65,16.2,,,22.5,23.0,22.0,-23.91,1.35,13.07,0,0,0,0,0,0,0,"[0, 0, 224]",,,,,,,,,,2,,
2026-07-13 05:21:09.029717,,2,23.2,25.0,27.7,1.55,56.0,99.46,16.2,,,22.5,23.0,22.0,-23.91,1.42,13.34,0,0,0,0,0,0,0,"[0, 0, 224]",,,,,,,,,,2,,
2026-07-13 05:21:09.133850,,2,23.2,25.0,27.7,1.12,57.11,100.4,16.2,,,22.5,23.0,22.0,-23.91,1.39,13.57,0,0,0,0,0,0,0,"[0, 0, 224]",,,,,,,,,,2,,
2026-07-13 05:21:09.238038,,2,23.2,25.0,27.7,0.61,56.68,100.13,16.2,,,22.5,23.0,22.0,-23.91,1.35,13.37,0,0,0,0,0,0,0,"[0, 0, 224]",,,,,,,,,,2,,
2026-07-13 05:21:09.341969,,2,23.2,25.0,27.7,0.38,56.14,99.32,16.2,,,22.5,23.0,22.0,-23.91,1.35,13.37,0,0,0,0,0,0,0,"[0, 0, 224]",,,,,,,,,,2,,
2026-07-13 05:21:09.445456,,2,23.2,25.0,27.7,1.39,56.41,99.99,16.2,,,22.5,23.0,22.0,-23.91,0.98,12.93,0,0,0,0,0,0,0,"[0, 0, 224]",,,,,,,,,,2,,
2026-07-13 05:21:09.563393,,2,23.2,25.0,27.7,1.19,56.34,101.07,16.2,,,22.5,23.0,22.0,-23.91,0.75,13.1,0,0,0,0,0,0,0,"[0, 0, 224]",,,,,,,,,,2,,
2026-07-13 05:21:09.670538,,2,23.2,25.0,27.7,1.22,56.81,102.68,16.2,,,22.5,23.0,22.0,-23.91,0.98,12.87,0,0,0,0,0,0,0,"[0, 0, 224]",,,,,,,,,,2,,
2026-07-13 05:21:09.773893,,2,23.2,25.0,27.7,0.65,56.61,102.28,16.2,,,22.5,23.0,22.0,-23.91,1.22,12.93,0,0,0,0,0,0,0,"[0, 0, 224]",,,,,,,,,,2,,
2026-07-13 05:21:09.879600,,2,23.2,25.0,27.7,1.32,56.57,98.25,16.2,,,22.5,23.0,22.0,-23.91,1.32,13.17,0,0,0,0,0,0,0,"[0, 0, 224]",,,,,,,,,,2,,
2026-07-13 05:21:09.985978,,2,23.2,25.0,27.7,1.15,56.34,101.47,16.2,,,22.5,23.0,22.0,-23.91,1.12,12.87,0,0,0,0,0,0,0,"[0, 0, 224]",,,,,,,,,,2,,
2026-07-13 05:21:10.091166,,2,23.2,25.0,27.7,1.59,55.97,100.93,16.2,,,22.5,23.0,22.0,-23.91,1.22,13.2,0,0,0,0,0,0,0,"[0, 0, 224]",,,,,,,,,,2,,
2026-07-13 05:21:10.194821,,2,23.2,25.0,27.7,0.85,56.68,100.67,16.2,,,22.5,23.0,22.0,-23.91,1.12,12.8,0,0,0,0,0,0,0,"[0, 0, 224]",,,,,,,,,,2,,
2026-07-13 05:21:10.298541,,2,23.2,25.0,27.7,0.82,57.04,102.01,16.2,,,22.5,23.0,22.0,-23.91,0.98,12.97,0,0,0,0,0,0,0,"[0, 0, 224]",,,,,,,,,,2,,
2026-07-13 05:21:10.402578,,2,23.2,25.0,27.7,0.78,56.0,101.47,16.2,,,22.5,23.0,22.0,-23.91,0.72,13.3,0,0,0,0,0,0,0,"[0, 0, 224]",,,,,,,,,,2,,
2026-07-13 05:21:10.517130,,2,23.2,25.0,27.7,1.22,56.1,99.59,16.2,,,22.5,23.0,22.0,-23.91,0.75,13.24,0,0,0,0,0,0,0,"[0, 0, 224]",,,,,,,,,,2,,
2026-07-13 05:21:10.621375,,2,23.2,25.0,27.7,1.02,56.74,99.19,16.2,,,22.5,23.0,22.0,-23.91,1.19,12.63,0,0,0,0,0,0,0,"[0, 0, 224]",,,,,,,,,,2,,
2026-07-13 05:21:10.724689,,2,23.2,25.0,27.7,1.45,56.98,100.26,16.2,,,22.5,23.0,22.0,-23.91,0.82,12.63,0,0,0,0,0,0,0,"[0, 0, 224]",,,,,,,,,,2,,
2026-07-13 05:21:10.828104,,2,23.2,25.0,27.7,0.58,56.81,98.92,16.2,,,22.5,23.0,22.0,-23.91,1.12,12.66,0,0,0,0,0,0,0,"[0, 0, 224]",,,,,,,,,,2,,
2026-07-13 05:21:10.931356,,2,23.2,25.0,27.7,1.22,56.91,99.59,16.2,,,22.5,23.0,22.0,-23.91,0.92,12.5,0,0,0,0,0,0,0,"[0, 0, 224]",,,,,,,,,,2,,
2026-07-13 05:21:11.035465,,2,23.2,25.0,27.7,1.59,56.74,100.93,16.2,,,22.5,23.0,22.0,-23.91,0.78,13.03,0,0,0,0,0,0,0,"[0, 0, 224]",,,,,,,,,,2,,
2026-07-13 05:21:11.140017,,2,23.2,25.0,27.7,1.15,56.44,99.32,16.2,,,22.5,23.0,22.0,-23.91,1.05,13.17,0,0,0,0,0,0,0,"[0, 0, 224]",,,,,,,,,,2,,
2026-07-13 05:21:11.244128,,2,23.2,25.0,27.7,0.55,56.24,98.92,16.2,,,22.5,23.0,22.0,-23.91,1.42,12.5,0,0,0,0,0,0,0,"[0, 0, 224]",,,,,,,,,,2,,
2026-07-13 05:21:11.347352,,2,23.2,25.0,27.7,0.85,56.88,100.4,16.2,,,22.5,23.0,22.0,-23.91,1.29,12.8,0,0,0,0,0,0,0,"[0, 0, 224]",,,,,,,,,,2,,
2026-07-13 05:21:11.450927,,2,23.2,25.0,27.7,1.15,56.54,98.11,16.2,,,22.5,23.0,22.0,-23.91,0.72,12.93,0,0,0,0,0,0,0,"[0, 0, 224]",,,,,,,,,,2,,
2026-07-13 05:21:11.555012,,2,23.2,25.0,27.7,1.49,56.61,101.61,16.2,,,22.5,23.0,22.0,-23.91,0.72,12.83,0,0,0,0,0,0,0,"[0, 0, 224]",,,,,,,,,,2,,
2026-07-13 05:21:11.658995,,2,23.2,25.0,27.7,0.55,56.61,98.79,16.2,,,22.5,23.0,22.0,-23.91,1.29,12.87,0,0,0,0,0,0,0,"[0, 0, 224]",,,,,,,,,,2,,
2026-07-13 05:21:11.762305,,2,23.2,25.0,27.7,1.32,56.94,99.59,16.2,,,22.5,23.0,22.0,-23.91,1.15,12.43,0,0,0,0,0,0,0,"[0, 0, 224]",,,,,,,,,,2,,
2026-07-13 05:21:11.872901,,2,23.2,25.0,27.7,0.98,56.27,100.13,16.2,,,22.5,23.0,22.0,-23.91,1.35,12.97,0,0,0,0,0,0,0,"[0, 0, 224]",,,,,,,,,,2,,
2026-07-13 05:21:11.976557,,2,23.2,25.0,27.7,0.58,56.68,101.47,16.2,,,22.5,23.0,22.0,-23.91,0.88,12.93,0,0,0,0,0,0,0,"[0, 0, 224]",,,,,,,,,,2,,
2026-07-13 05:21:12.080729,,2,23.2,25.0,27.7,1.25,56.84,98.25,16.2,,,22.5,23.0,22.0,-23.91,1.35,12.97,0,0,0,0,0,0,0,"[0, 0, 224]",,,,,,,,,,2,,
2026-07-13 05:21:12.187322,,2,23.2,25.0,27.7,0.95,56.54,99.59,16.2,,,22.5,23.0,22.0,-23.91,1.39,12.3,0,0,0,0,0,0,0,"[0, 0, 224]",,,,,,,,,,2,,
2026-07-13 05:21:12.291646,,2,23.2,25.0,27.7,1.15,56.37,100.26,16.2,,,22.5,23.0,22.0,-23.91,1.25,12.56,0,0,0,0,0,0,0,"[0, 0, 224]",,,,,,,,,,2,,
2026-07-13 05:21:12.395157,,2,23.2,25.0,27.7,1.66,56.44,99.46,16.2,,,22.5,23.0,22.0,-23.91,1.25,12.36,0,0,0,0,0,0,0,"[0, 0, 224]",,,,,,,,,,2,,
2026-07-13 05:21:12.504734,,2,23.2,25.0,27.7,0.88,56.71,100.67,16.2,,,22.5,23.0,22.0,-23.91,0.85,12.19,0,0,0,0,0,0,0,"[0, 0, 224]",,,,,,,,,,2,,
2026-07-13 05:21:12.608249,,2,23.2,25.0,27.7,1.55,56.91,98.11,16.2,,,22.5,23.0,22.0,-23.91,1.45,12.87,0,0,0,0,0,0,0,"[0, 0, 224]",,,,,,,,,,2,,
2026-07-13 05:21:12.711884,,2,23.2,25.0,27.7,1.15,56.64,100.26,16.2,,,22.5,23.0,22.0,-23.91,0.88,12.6,0,0,0,0,0,0,0,"[0, 0, 224]",,,,,,,,,,2,,
2026-07-13 05:21:12.815191,,2,23.2,25.0,27.7,1.02,56.61,99.59,16.2,,,22.5,23.0,22.0,-23.91,0.85,12.09,0,0,0,0,0,0,0,"[0, 0, 224]",,,,,,,,,,2,,
2026-07-13 05:21:12.919034,,2,23.2,25.0,27.7,0.98,56.37,102.01,16.2,,,22.5,23.0,22.0,-23.91,0.78,12.19,0,0,0,0,0,0,0,"[0, 0, 224]",,,,,,,,,,2,,
2026-07-13 05:21:13.023194,,2,23.2,25.0,27.7,1.25,56.81,99.59,16.2,,,22.5,23.0,22.0,-23.91,0.88,12.43,0,0,0,0,0,0,0,"[0, 0, 224]",,,,,,,,,,2,,
2026-07-13 05:21:13.126421,,2,23.2,25.0,27.7,0.51,56.27,100.26,16.2,,,22.5,23.0,22.0,-23.91,1.25,12.7,0,0,0,0,0,0,0,"[0, 0, 224]",,,,,,,,,,2,,
2026-07-13 05:21:13.229944,,2,23.2,25.0,27.7,0.85,56.64,99.59,16.2,,,22.5,23.0,22.0,-23.91,1.25,12.19,0,0,0,0,0,0,0,"[0, 0, 224]",,,,,,,,,,2,,
2026-07-13 05:21:13.333469,,2,23.2,25.0,27.7,1.12,56.17,101.07,16.2,,,22.5,23.0,22.0,-23.91,0.92,12.23,0,0,0,0,0,0,0,"[0, 0, 224]",,,,,,,,,,2,,
2026-07-13 05:21:13.437172,,2,23.2,25.0,27.7,1.29,56.84,100.8,16.2,,,22.5,23.0,22.0,-23.91,1.39,12.13,0,0,0,0,0,0,0,"[0, 0, 224]",,,,,,,,,,2,,
2026-07-13 05:21:13.550274,,2,23.2,25.0,27.7,1.62,56.31,99.46,16.2,,,22.5,23.0,22.0,-23.91,1.19,12.53,0,0,0,0,0,0,0,"[0, 0, 224]",,,,,,,,,,2,,
2026-07-13 05:21:13.654263,,2,23.2,25.0,27.7,1.02,56.24,99.05,16.2,,,22.5,23.0,22.0,-23.91,0.75,12.56,0,0,0,0,0,0,0,"[0, 0, 224]",,,,,,,,,,2,,
2026-07-13 05:21:13.758159,,2,23.2,25.0,27.7,1.29,56.74,100.8,16.2,,,22.5,23.0,22.0,-23.91,1.42,11.96,0,0,0,0,0,0,0,"[0, 0, 224]",,,,,,,,,,2,,
2026-07-13 05:21:13.868831,,2,23.2,25.0,27.7,1.12,56.71,100.13,16.2,,,22.5,23.0,22.0,-23.91,0.92,12.56,0,0,0,0,0,0,0,"[0, 0, 224]",,,,,,,,,,2,,
2026-07-13 05:21:13.973085,,2,23.2,25.0,27.7,1.19,56.04,99.86,16.2,,,22.5,23.0,22.0,-23.91,1.08,12.6,0,0,0,0,0,0,0,"[0, 0, 224]",,,,,,,,,,2,,
2026-07-13 05:21:14.077675,,2,23.2,25.0,27.7,1.12,56.0,99.05,16.2,,,22.5,23.0,22.0,-23.91,0.72,12.3,0,0,0,0,0,0,0,"[0, 0, 224]",,,,,,,,,,2,,
2026-07-13 05:21:14.181510,,2,23.2,25.0,27.7,1.19,56.14,99.46,16.2,,,22.5,23.0,22.0,-23.91,0.82,11.83,0,0,0,0,0,0,0,"[0, 0, 224]",,,,,,,,,,2,,
2026-07-13 05:21:14.288270,,2,23.2,25.0,27.7,1.29,56.61,99.99,16.2,,,22.5,23.0,22.0,-23.91,1.35,12.4,0,0,0,0,0,0,0,"[0, 0, 224]",,,,,,,,,,2,,
2026-07-13 05:21:14.391557,,2,23.2,25.0,27.7,0.92,56.51,100.26,16.2,,,22.5,23.0,22.0,-23.91,0.95,12.3,0,0,0,0,0,0,0,"[0, 0, 224]",,,,,,,,,,2,,
2026-07-13 05:21:14.499557,,2,23.2,25.0,27.7,1.02,56.74,99.32,16.2,,,22.5,23.0,22.0,-23.91,1.32,12.19,0,0,0,0,0,0,0,"[0, 0, 224]",,,,,,,,,,2,,
2026-07-13 05:21:14.603756,,2,23.2,25.0,27.7,1.39,56.81,100.8,16.2,,,22.5,23.0,22.0,-23.91,0.98,12.23,0,0,0,0,0,0,0,"[0, 0, 224]",,,,,,,,,,2,,
2026-07-13 05:21:14.707947,,2,23.2,25.0,27.7,1.55,56.41,99.46,16.2,,,22.5,23.0,22.0,-23.91,1.19,11.93,0,0,0,0,0,0,0,"[0, 0, 224]",,,,,,,,,,2,,
2026-07-13 05:21:14.811631,,2,23.2,25.0,27.7,0.98,56.17,99.59,16.2,,,22.5,23.0,22.0,-23.91,0.82,12.03,0,0,0,0,0,0,0,"[0, 0, 224]",,,,,,,,,,2,,
2026-07-13 05:21:14.915255,,2,23.2,25.0,27.7,1.15,56.41,100.53,16.2,,,22.5,23.0,22.0,-23.91,0.85,12.16,0,0,0,0,0,0,0,"[0, 0, 224]",,,,,,,,,,2,,
2026-07-13 05:21:15.019207,,2,23.2,25.0,27.7,1.12,56.24,98.52,16.2,,,22.5,23.0,22.0,-23.91,0.78,11.79,0,0,0,0,0,0,0,"[0, 0, 224]",,,,,,,,,,2,,
2026-07-13 05:21:15.123265,,2,23.2,25.0,27.7,1.45,56.34,98.79,16.2,,,22.5,23.0,22.0,-23.91,1.39,12.16,0,0,0,0,0,0,0,"[0, 0, 224]",,,,,,,,,,2,,
2026-07-13 05:21:15.227020,,2,23.2,25.0,27.7,1.96,56.84,99.59,16.2,,,22.5,23.0,22.0,-23.91,1.29,11.76,0,0,0,0,0,0,0,"[0, 0, 224]",,,,,,,,,,2,,
2026-07-13 05:21:15.330986,,2,23.2,25.0,27.7,0.78,56.1,99.05,16.2,,,22.5,23.0,22.0,-23.91,1.35,12.09,0,0,0,0,0,0,0,"[0, 0, 224]",,,,,,,,,,2,,
2026-07-13 05:21:15.434302,,2,23.2,25.0,27.7,1.25,56.04,101.2,16.2,,,22.5,23.0,22.0,-23.91,1.45,12.13,0,0,0,0,0,0,0,"[0, 0, 224]",,,,,,,,,,2,,
2026-07-13 05:21:15.554752,,2,23.2,25.0,27.7,0.92,56.91,99.99,16.2,,,22.5,23.0,22.0,-23.91,1.22,11.69,0,0,0,0,0,0,0,"[0, 0, 224]",,,,,,,,,,2,,
2026-07-13 05:21:15.662742,,2,23.2,25.0,27.7,1.05,56.47,100.13,16.2,,,22.5,23.0,22.0,-23.91,0.68,11.86,0,0,0,0,0,0,0,"[0, 0, 224]",,,,,,,,,,2,,
2026-07-13 05:21:15.766677,,2,23.2,25.0,27.7,1.29,56.21,101.07,16.2,,,22.5,23.0,22.0,-23.91,1.35,11.99,0,0,0,0,0,0,0,"[0, 0, 224]",,,,,,,,,,2,,
2026-07-13 05:21:15.878012,,2,23.2,25.0,27.7,1.49,56.54,101.61,16.2,,,22.5,23.0,22.0,-23.91,1.35,11.89,0,0,0,0,0,0,0,"[0, 0, 224]",,,,,,,,,,2,,
2026-07-13 05:21:15.982151,,2,23.2,25.0,27.7,0.75,56.51,100.4,16.2,,,22.5,23.0,22.0,-23.91,0.85,12.16,0,0,0,0,0,0,0,"[0, 0, 224]",,,,,,,,,,2,,
2026-07-13 05:21:16.085998,,2,23.2,25.0,27.7,1.08,56.94,101.47,16.2,,,22.5,23.0,22.0,-23.91,0.75,11.93,0,0,0,0,0,0,0,"[0, 0, 224]",,,,,,,,,,2,,
2026-07-13 05:21:16.189822,,2,23.2,25.0,27.7,1.08,55.94,102.14,16.2,,,22.5,23.0,22.0,-23.91,1.32,11.79,0,0,0,0,0,0,0,"[0, 0, 224]",,,,,,,,,,2,,
2026-07-13 05:21:16.293792,,2,23.2,25.0,27.7,1.05,56.17,99.32,16.2,,,22.5,23.0,22.0,-23.91,0.78,11.83,0,0,0,0,0,0,0,"[0, 0, 224]",,,,,,,,,,2,,
2026-07-13 05:21:16.400117,,2,23.2,25.0,27.7,1.29,56.84,100.4,16.2,,,22.5,23.0,22.0,-23.91,1.39,11.89,0,0,0,0,0,0,0,"[0, 0, 224]",,,,,,,,,,2,,
2026-07-13 05:21:16.511417,,2,23.2,25.0,27.7,0.95,56.84,101.2,16.2,,,22.5,23.0,22.0,-23.91,1.39,11.96,0,0,0,0,0,0,0,"[0, 0, 224]",,,,,,,,,,2,,
2026-07-13 05:21:16.617877,,2,23.2,25.0,27.7,1.66,56.51,99.99,16.2,,,22.5,23.0,22.0,-23.91,1.35,11.69,0,0,0,0,0,0,0,"[0, 0, 224]",,,,,,,,,,2,,
2026-07-13 05:21:16.721680,,2,23.2,25.0,27.7,0.75,56.34,99.86,16.2,,,22.5,23.0,22.0,-23.91,1.45,11.52,0,0,0,0,0,0,0,"[0, 0, 224]",,,,,,,,,,2,,
2026-07-13 05:21:16.825337,,2,23.2,25.0,27.7,0.92,55.8,100.67,16.2,,,22.5,23.0,22.0,-23.91,0.72,11.69,0,0,0,0,0,0,0,"[0, 0, 224]",,,,,,,,,,2,,
2026-07-13 05:21:16.929104,,2,23.2,25.0,27.7,1.02,56.37,101.2,16.2,,,22.5,23.0,22.0,-23.91,1.35,11.29,0,0,0,0,0,0,0,"[0, 0, 224]",,,,,,,,,,2,,
2026-07-13 05:21:17.034142,,2,23.2,25.0,27.7,1.29,56.57,101.61,16.2,,,22.5,23.0,22.0,-23.91,1.42,11.29,0,0,0,0,0,0,0,"[0, 0, 224]",,,,,,,,,,2,,
2026-07-13 05:21:17.139813,,2,23.2,25.0,27.7,1.02,56.37,99.32,16.2,,,22.5,23.0,22.0,-23.91,1.32,11.36,0,0,0,0,0,0,0,"[0, 0, 224]",,,,,,,,,,2,,
2026-07-13 05:21:17.244264,,2,23.2,25.0,27.7,0.95,55.94,98.92,16.2,,,22.5,23.0,22.0,-23.91,0.78,11.62,0,0,0,0,0,0,0,"[0, 0, 224]",,,,,,,,,,2,,
2026-07-13 05:21:17.348439,,2,23.2,25.0,27.7,0.58,56.44,99.73,16.2,,,22.5,23.0,22.0,-23.91,1.39,11.25,0,0,0,0,0,0,0,"[0, 0, 224]",,,,,,,,,,2,,
2026-07-13 05:21:17.452019,,2,23.2,25.0,27.7,0.75,56.47,100.53,16.2,,,22.5,23.0,22.0,-23.91,1.08,11.62,0,0,0,0,0,0,0,"[0, 0, 224]",,,,,,,,,,2,,
2026-07-13 05:21:17.566488,,2,23.2,25.0,27.7,1.12,56.51,102.01,16.2,,,22.5,23.0,22.0,-23.91,1.35,11.29,0,0,0,0,0,0,0,"[0, 0, 224]",,,,,,,,,,2,,
2026-07-13 05:21:17.670277,,2,23.2,25.0,27.7,1.22,56.61,98.25,16.2,,,22.5,23.0,22.0,-23.91,1.35,11.56,0,0,0,0,0,0,0,"[0, 0, 224]",,,,,,,,,,2,,
2026-07-13 05:21:17.774068,,2,23.2,25.0,27.7,1.25,56.71,100.93,16.2,,,22.5,23.0,22.0,-23.91,1.29,11.66,0,0,0,0,0,0,0,"[0, 0, 224]",,,,,,,,,,2,,
2026-07-13 05:21:17.886347,,2,23.2,25.0,27.7,0.98,56.37,99.86,16.2,,,22.5,23.0,22.0,-23.91,0.95,11.19,0,0,0,0,0,0,0,"[0, 0, 224]",,,,,,,,,,2,,
2026-07-13 05:21:18.027953,,2,23.2,25.0,27.7,0.78,56.41,99.59,16.2,,,22.5,23.0,22.0,-23.91,0.78,11.72,0,0,0,0,0,0,0,"[0, 0, 224]",,,,,,,,,,2,,
2026-07-13 05:21:18.134359,,2,23.2,25.0,27.7,1.32,57.01,102.14,16.2,,,22.5,23.0,22.0,-23.91,0.78,11.72,0,0,0,0,0,0,0,"[0, 0, 224]",,,,,,,,,,2,,
2026-07-13 05:21:18.238255,,2,23.2,25.0,27.7,1.55,56.61,101.07,16.2,,,22.5,23.0,22.0,-23.91,0.75,11.25,0,0,0,0,0,0,0,"[0, 0, 224]",,,,,,,,,,2,,
2026-07-13 05:21:18.342691,,2,23.2,25.0,27.7,0.72,56.1,101.47,16.2,,,22.5,23.0,22.0,-23.91,0.85,11.62,0,0,0,0,0,0,0,"[0, 0, 224]",,,,,,,,,,2,,
2026-07-13 05:21:18.447113,,2,23.2,25.0,27.7,1.22,56.94,99.05,16.2,,,22.5,23.0,22.0,-23.91,0.98,11.05,0,0,0,0,0,0,0,"[0, 0, 224]",,,,,,,,,,2,,
2026-07-13 05:21:18.560306,,2,23.2,25.0,27.7,1.02,56.31,100.53,16.2,,,22.5,23.0,22.0,-23.91,0.85,11.56,0,0,0,0,0,0,0,"[0, 0, 224]",,,,,,,,,,2,,
2026-07-13 05:21:18.664231,,2,23.2,25.0,27.7,0.92,56.41,100.26,16.2,,,22.5,23.0,22.0,-23.91,1.39,11.56,0,0,0,0,0,0,0,"[0, 0, 224]",,,,,,,,,,2,,
2026-07-13 05:21:18.768087,,2,23.2,25.0,27.7,0.92,56.47,99.59,16.2,,,22.5,23.0,22.0,-23.91,1.35,11.09,0,0,0,0,0,0,0,"[0, 0, 224]",,,,,,,,,,2,,
2026-07-13 05:21:18.882860,,2,23.2,25.0,27.7,1.22,55.7,97.17,16.2,,,22.5,23.0,22.0,-23.91,0.82,11.49,0,0,0,0,0,0,0,"[0, 0, 224]",,,,,,,,,,2,,
2026-07-13 05:21:18.987737,,2,23.2,25.0,27.7,0.85,56.14,97.44,16.2,,,22.5,23.0,22.0,-23.91,0.75,10.89,0,0,0,0,0,0,0,"[0, 0, 224]",,,,,,,,,,2,,
2026-07-13 05:21:19.095142,,2,23.2,25.0,27.7,0.78,55.84,99.99,16.2,,,22.5,23.0,22.0,-23.91,1.42,11.29,0,0,0,0,0,0,0,"[0, 0, 224]",,,,,,,,,,2,,
2026-07-13 05:21:19.201383,,2,23.2,25.0,27.7,1.39,56.81,101.87,16.2,,,22.5,23.0,22.0,-23.91,0.72,10.85,0,0,0,0,0,0,0,"[0, 0, 224]",,,,,,,,,,2,,
2026-07-13 05:21:19.306923,,2,23.2,25.0,27.7,1.08,55.87,102.28,16.2,,,22.5,23.0,22.0,-23.91,1.29,11.05,0,0,0,0,0,0,0,"[0, 0, 224]",,,,,,,,,,2,,
2026-07-13 05:21:19.410597,,2,23.2,25.0,27.7,1.22,56.88,99.73,16.2,,,22.5,23.0,22.0,-23.91,1.15,11.32,0,0,0,0,0,0,0,"[0, 0, 224]",,,,,,,,,,2,,
2026-07-13 05:21:19.525772,,2,23.2,25.0,27.7,1.55,55.94,100.93,16.2,,,22.5,23.0,22.0,-23.91,1.32,10.92,0,0,0,0,0,0,0,"[0, 0, 224]",,,,,,,,,,2,,
2026-07-13 05:21:19.634569,,2,23.2,25.0,27.7,0.95,56.1,100.4,16.2,,,22.5,23.0,22.0,-23.91,1.42,10.82,0,0,0,0,0,0,0,"[0, 0, 224]",,,,,,,,,,2,,
2026-07-13 05:21:19.739201,,2,23.2,25.0,27.7,1.45,55.8,101.61,16.2,,,22.5,23.0,22.0,-23.91,0.95,10.72,0,0,0,0,0,0,0,"[0, 0, 224]",,,,,,,,,,2,,
2026-07-13 05:21:19.843354,,2,23.2,25.0,27.7,0.61,56.44,98.65,16.2,,,22.5,23.0,22.0,-23.91,0.82,10.95,0,0,0,0,0,0,0,"[0, 0, 224]",,,,,,,,,,2,,
2026-07-13 05:21:19.948059,,2,23.2,25.0,27.7,0.98,56.68,101.87,16.2,,,22.5,23.0,22.0,-23.91,1.42,11.02,0,0,0,0,0,0,0,"[0, 0, 224]",,,,,,,,,,2,,
2026-07-13 05:21:20.055682,,2,23.2,25.0,27.7,1.76,56.47,100.26,16.2,,,22.5,23.0,22.0,-23.91,1.32,11.15,0,0,0,0,0,0,0,"[0, 0, 224]",,,,,,,,,,2,,
2026-07-13 05:21:20.160171,,2,23.2,25.0,27.7,1.05,56.64,100.26,16.2,,,22.5,23.0,22.0,-23.91,1.02,11.15,0,0,0,0,0,0,0,"[0, 0, 224]",,,,,,,,,,2,,
2026-07-13 05:21:20.264189,,2,23.2,25.0,27.7,0.82,56.81,98.38,16.2,,,22.5,23.0,22.0,-23.91,1.05,11.22,0,0,0,0,0,0,0,"[0, 0, 224]",,,,,,,,,,2,,
2026-07-13 05:21:20.368710,,2,23.2,25.0,27.7,1.42,55.9,101.74,16.2,,,22.5,23.0,22.0,-23.91,1.12,11.09,0,0,0,0,0,0,0,"[0, 0, 224]",,,,,,,,,,2,,
2026-07-13 05:21:20.472776,,2,23.2,25.0,27.7,1.32,56.31,98.79,16.2,,,22.5,23.0,22.0,-23.91,0.78,10.99,0,0,0,0,0,0,0,"[0, 0, 224]",,,,,,,,,,2,,
2026-07-13 05:21:20.577002,,2,23.2,25.0,27.7,1.12,56.61,101.2,16.2,,,22.5,23.0,22.0,-23.91,0.75,11.09,0,0,0,0,0,0,0,"[0, 0, 224]",,,,,,,,,,2,,
2026-07-13 05:21:20.680812,,2,23.2,25.0,27.7,1.45,56.21,99.73,16.2,,,22.5,23.0,22.0,-23.91,0.82,10.82,0,0,0,0,0,0,0,"[0, 0, 224]",,,,,,,,,,2,,
2026-07-13 05:21:20.784893,,2,23.2,25.0,27.7,0.92,56.17,101.2,16.2,,,22.5,23.0,22.0,-23.91,0.72,10.55,0,0,0,0,0,0,0,"[0, 0, 224]",,,,,,,,,,2,,
2026-07-13 05:21:20.900242,,2,23.2,25.0,27.7,1.12,56.0,100.8,16.2,,,22.5,23.0,22.0,-23.91,1.29,11.09,0,0,0,0,0,0,0,"[0, 0, 224]",,,,,,,,,,2,,
2026-07-13 05:21:21.005886,,2,23.2,25.0,27.7,1.76,56.51,100.93,16.2,,,22.5,23.0,22.0,-23.91,1.15,10.95,0,0,0,0,0,0,0,"[0, 0, 224]",,,,,,,,,,2,,
2026-07-13 05:21:21.112223,,2,23.2,25.0,27.7,1.22,56.51,100.13,16.2,,,22.5,23.0,22.0,-23.91,0.82,11.09,0,0,0,0,0,0,0,"[0, 0, 224]",,,,,,,,,,2,,
2026-07-13 05:21:21.216209,,2,23.2,25.0,27.7,0.68,56.78,101.2,16.2,,,22.5,23.0,22.0,-23.91,1.22,10.52,0,0,0,0,0,0,0,"[0, 0, 224]",,,,,,,,,,2,,
2026-07-13 05:21:21.322682,,2,23.2,25.0,27.7,1.15,56.31,100.8,16.2,,,22.5,23.0,22.0,-23.91,1.08,11.09,0,0,0,0,0,0,0,"[0, 0, 224]",,,,,,,,,,2,,
2026-07-13 05:21:21.427598,,2,23.2,25.0,27.7,1.12,56.61,99.19,16.2,,,22.5,23.0,22.0,-23.91,0.82,11.12,0,0,0,0,0,0,0,"[0, 0, 224]",,,,,,,,,,2,,
2026-07-13 05:21:21.547725,,2,23.2,25.0,27.7,1.62,56.31,99.19,16.2,,,22.5,23.0,22.0,-23.91,0.82,10.78,0,0,0,0,0,0,0,"[0, 0, 224]",,,,,,,,,,2,,
2026-07-13 05:21:21.652209,,2,23.2,25.0,27.7,1.32,56.51,101.34,16.2,,,22.5,23.0,22.0,-23.91,1.29,11.05,0,0,0,0,0,0,0,"[0, 0, 224]",,,,,,,,,,2,,
2026-07-13 05:21:21.771401,,2,23.2,25.0,27.7,1.35,56.54,98.65,16.2,,,22.5,23.0,22.0,-23.91,1.15,11.02,0,0,0,0,0,0,0,"[0, 0, 224]",,,,,,,,,,2,,
2026-07-13 05:21:21.892392,,2,23.2,25.0,27.7,1.72,56.24,100.8,16.2,,,22.5,23.0,22.0,-23.91,1.29,10.92,0,0,0,0,0,0,0,"[0, 0, 224]",,,,,,,,,,2,,
2026-07-13 05:21:22.002778,,2,23.2,25.0,27.7,1.02,56.34,101.2,16.2,,,22.5,23.0,22.0,-23.91,1.05,10.55,0,0,0,0,0,0,0,"[0, 0, 224]",,,,,,,,,,2,,
2026-07-13 05:21:22.113685,,2,23.2,25.0,27.7,0.92,55.77,100.67,16.2,,,22.5,23.0,22.0,-23.91,1.25,10.95,0,0,0,0,0,0,0,"[0, 0, 224]",,,,,,,,,,2,,
2026-07-13 05:21:22.226080,,2,23.2,25.0,27.7,0.95,56.04,101.47,16.2,,,22.5,23.0,22.0,-23.91,1.35,10.95,0,0,0,0,0,0,0,"[0, 0, 224]",,,,,,,,,,2,,
2026-07-13 05:21:22.336602,,2,23.2,25.0,27.7,0.85,55.94,101.87,16.2,,,22.5,23.0,22.0,-23.91,0.75,10.38,0,0,0,0,0,0,0,"[0, 0, 224]",,,,,,,,,,2,,
2026-07-13 05:21:22.446450,,2,23.2,25.0,27.7,1.45,56.44,100.26,16.2,,,22.5,23.0,22.0,-23.91,1.29,10.55,0,0,0,0,0,0,0,"[0, 0, 224]",,,,,,,,,,2,,
2026-07-13 05:21:22.573121,,2,23.2,25.0,27.7,1.02,56.17,99.32,16.2,,,22.5,23.0,22.0,-23.91,0.92,10.75,0,0,0,0,0,0,0,"[0, 0, 224]",,,,,,,,,,2,,
2026-07-13 05:21:22.683282,,2,23.2,25.0,27.7,1.39,56.21,100.13,16.2,,,22.5,23.0,22.0,-23.91,1.22,10.68,0,0,0,0,0,0,0,"[0, 0, 224]",,,,,,,,,,2,,
2026-07-13 05:21:22.793154,,2,23.2,25.0,27.7,0.92,56.61,101.87,16.2,,,22.5,23.0,22.0,-23.91,0.68,10.45,0,0,0,0,0,0,0,"[0, 0, 224]",,,,,,,,,,2,,
2026-07-13 05:21:22.903089,,2,23.2,25.0,27.7,0.85,56.51,98.79,16.2,,,22.5,23.0,22.0,-23.91,1.19,10.78,0,0,0,0,0,0,0,"[0, 0, 224]",,,,,,,,,,2,,
2026-07-13 05:21:23.013206,,2,23.2,25.0,27.7,1.62,56.07,100.67,16.2,,,22.5,23.0,22.0,-23.91,0.78,10.21,0,0,0,0,0,0,0,"[0, 0, 224]",,,,,,,,,,2,,
2026-07-13 05:21:23.123860,,2,23.2,25.0,27.7,0.95,56.07,99.86,16.2,,,22.5,23.0,22.0,-23.91,0.95,10.75,0,0,0,0,0,0,0,"[0, 0, 224]",,,,,,,,,,2,,
2026-07-13 05:21:23.236478,,2,23.2,25.0,27.7,0.65,56.27,99.73,16.2,,,22.5,23.0,22.0,-23.91,0.82,10.68,0,0,0,0,0,0,0,"[0, 0, 224]",,,,,,,,,,2,,
2026-07-13 05:21:23.347719,,2,23.2,25.0,27.7,1.05,56.24,97.04,16.2,,,22.5,23.0,22.0,-23.91,1.35,10.68,0,0,0,0,0,0,0,"[0, 0, 224]",,,,,,,,,,2,,
2026-07-13 05:21:23.457561,,2,23.2,25.0,27.7,0.92,56.17,100.8,16.2,,,22.5,23.0,22.0,-23.91,1.42,10.15,0,0,0,0,0,0,0,"[0, 0, 224]",,,,,,,,,,2,,
2026-07-13 05:21:23.569299,,2,23.2,25.0,27.7,1.35,56.57,98.25,16.2,,,22.5,23.0,22.0,-23.91,1.02,10.11,0,0,0,0,0,0,0,"[0, 0, 224]",,,,,,,,,,2,,
2026-07-13 05:21:23.680291,,2,23.2,25.0,27.7,1.52,56.14,100.13,16.2,,,22.5,23.0,22.0,-23.91,0.85,10.21,0,0,0,0,0,0,0,"[0, 0, 224]",,,,,,,,,,2,,
2026-07-13 05:21:23.790022,,2,23.2,25.0,27.7,1.29,56.14,100.53,16.2,,,22.5,23.0,22.0,-23.91,0.78,10.21,0,0,0,0,0,0,0,"[0, 0, 224]",,,,,,,,,,2,,
2026-07-13 05:21:23.900728,,2,23.2,25.0,27.7,0.95,55.63,101.61,16.2,,,22.5,23.0,22.0,-23.91,0.75,10.45,0,0,0,0,0,0,0,"[0, 0, 224]",,,,,,,,,,2,,
2026-07-13 05:21:24.010825,,2,23.2,25.0,27.7,1.62,56.41,99.86,16.2,,,22.5,23.0,22.0,-23.91,0.95,10.48,0,0,0,0,0,0,0,"[0, 0, 224]",,,,,,,,,,2,,
2026-07-13 05:21:24.121504,,2,23.2,25.0,27.7,1.76,56.21,100.8,16.2,,,22.5,23.0,22.0,-23.91,1.39,9.98,0,0,0,0,0,0,0,"[0, 0, 224]",,,,,,,,,,2,,
2026-07-13 05:21:24.233797,,2,23.2,25.0,27.7,1.08,55.87,98.25,16.2,,,22.5,23.0,22.0,-23.91,0.82,9.88,0,0,0,0,0,0,0,"[0, 0, 224]",,,,,,,,,,2,,
2026-07-13 05:21:24.343782,,2,23.2,25.0,27.7,0.75,56.98,99.05,16.2,,,22.5,23.0,22.0,-23.91,0.95,10.31,0,0,0,0,0,0,0,"[0, 0, 224]",,,,,,,,,,2,,
2026-07-13 05:21:24.453788,,2,23.2,25.0,27.7,0.88,56.44,99.59,16.2,,,22.5,23.0,22.0,-23.91,1.35,10.52,0,0,0,0,0,0,0,"[0, 0, 224]",,,,,,,,,,2,,
2026-07-13 05:21:24.573361,,2,23.2,25.0,27.7,1.49,56.17,100.8,16.2,,,22.5,23.0,22.0,-23.91,1.29,10.38,0,0,0,0,0,0,0,"[0, 0, 224]",,,,,,,,,,2,,
2026-07-13 05:21:24.683866,,2,23.2,25.0,27.7,1.49,56.17,99.19,16.2,,,22.5,23.0,22.0,-23.91,1.32,10.38,0,0,0,0,0,0,0,"[0, 0, 224]",,,,,,,,,,2,,
2026-07-13 05:21:24.793937,,2,23.2,25.0,27.7,0.92,56.27,99.59,16.2,,,22.5,23.0,22.0,-23.91,1.08,10.48,0,0,0,0,0,0,0,"[0, 0, 224]",,,,,,,,,,2,,
2026-07-13 05:21:24.903616,,2,23.2,25.0,27.7,0.88,56.54,98.92,16.2,,,22.5,23.0,22.0,-23.91,1.39,9.91,0,0,0,0,0,0,0,"[0, 0, 224]",,,,,,,,,,2,,
2026-07-13 05:21:25.013557,,2,23.2,25.0,27.7,1.69,56.1,99.32,16.2,,,22.5,23.0,22.0,-23.91,0.65,9.95,0,0,0,0,0,0,0,"[0, 0, 224]",,,,,,,,,,2,,
2026-07-13 05:21:25.123957,,2,23.2,25.0,27.7,1.55,55.87,102.14,16.2,,,22.5,23.0,22.0,-23.91,0.82,10.25,0,0,0,0,0,0,0,"[0, 0, 224]",,,,,,,,,,2,,
2026-07-13 05:21:25.237429,,2,23.2,25.0,27.7,0.95,55.67,102.01,16.2,,,22.5,23.0,22.0,-23.91,1.25,10.01,0,0,0,0,0,0,0,"[0, 0, 224]",,,,,,,,,,2,,
2026-07-13 05:21:25.348157,,2,23.2,25.0,27.7,1.22,56.1,99.86,16.2,,,22.5,23.0,22.0,-23.91,1.35,10.35,0,0,0,0,0,0,0,"[0, 0, 224]",,,,,,,,,,2,,
2026-07-13 05:21:25.458048,,2,23.2,25.0,27.7,1.52,56.27,101.61,16.2,,,22.5,23.0,22.0,-23.91,1.29,10.15,0,0,0,0,0,0,0,"[0, 0, 224]",,,,,,,,,,2,,
2026-07-13 05:21:25.570709,,2,23.2,25.0,27.7,1.22,56.34,99.46,16.2,,,22.5,23.0,22.0,-23.91,1.19,10.01,0,0,0,0,0,0,0,"[0, 0, 224]",,,,,,,,,,2,,
2026-07-13 05:21:25.680651,,2,23.2,25.0,27.7,1.32,56.44,102.55,16.2,,,22.5,23.0,22.0,-23.91,0.72,10.28,0,0,0,0,0,0,0,"[0, 0, 224]",,,,,,,,,,2,,
2026-07-13 05:21:25.792456,,2,23.2,25.0,27.7,1.49,56.31,99.59,16.2,,,22.5,23.0,22.0,-23.91,1.39,10.11,0,0,0,0,0,0,0,"[0, 0, 224]",,,,,,,,,,2,,
2026-07-13 05:21:25.903666,,2,23.2,25.0,27.7,0.92,56.54,99.05,16.2,,,22.5,23.0,22.0,-23.91,1.42,10.31,0,0,0,0,0,0,0,"[0, 0, 224]",,,,,,,,,,2,,
2026-07-13 05:21:26.014203,,2,23.2,25.0,27.7,0.92,55.77,99.73,16.2,,,22.5,23.0,22.0,-23.91,1.35,10.25,0,0,0,0,0,0,0,"[0, 0, 224]",,,,,,,,,,2,,
2026-07-13 05:21:26.124893,,2,23.2,25.0,27.7,0.82,56.31,101.87,16.2,,,22.5,23.0,22.0,-23.91,1.08,10.21,0,0,0,0,0,0,0,"[0, 0, 224]",,,,,,,,,,2,,
2026-07-13 05:21:26.236391,,2,23.2,25.0,27.7,1.25,55.87,99.05,16.2,,,22.5,23.0,22.0,-23.91,1.12,9.58,0,0,0,0,0,0,0,"[0, 0, 224]",,,,,,,,,,2,,
2026-07-13 05:21:26.346128,,2,23.2,25.0,27.7,1.25,56.24,99.99,16.2,,,22.5,23.0,22.0,-23.91,1.32,9.84,0,0,0,0,0,0,0,"[0, 0, 224]",,,,,,,,,,2,,
2026-07-13 05:21:26.455754,,2,23.2,25.0,27.7,1.08,56.68,100.26,16.2,,,22.5,23.0,22.0,-23.91,1.22,9.81,0,0,0,0,0,0,0,"[0, 0, 224]",,,,,,,,,,2,,
2026-07-13 05:21:26.567558,,2,23.2,25.0,27.7,1.19,56.37,98.11,16.2,,,22.5,23.0,22.0,-23.91,1.02,10.01,0,0,0,0,0,0,0,"[0, 0, 224]",,,,,,,,,,2,,
2026-07-13 05:21:26.678099,,2,23.2,25.0,27.7,0.98,56.21,100.4,16.2,,,22.5,23.0,22.0,-23.91,0.78,10.18,0,0,0,0,0,0,0,"[0, 0, 224]",,,,,,,,,,2,,
2026-07-13 05:21:26.788734,,2,23.2,25.0,27.7,0.75,56.41,101.74,16.2,,,22.5,23.0,22.0,-23.91,1.25,10.08,0,0,0,0,0,0,0,"[0, 0, 224]",,,,,,,,,,2,,
2026-07-13 05:21:26.898736,,2,23.2,25.0,27.7,0.75,56.44,99.46,16.2,,,22.5,23.0,22.0,-23.91,1.25,10.01,0,0,0,0,0,0,0,"[0, 0, 224]",,,,,,,,,,2,,
2026-07-13 05:21:27.009300,,2,23.2,25.0,27.7,1.08,55.8,102.28,16.2,,,22.5,23.0,22.0,-23.91,0.95,10.01,0,0,0,0,0,0,0,"[0, 0, 224]",,,,,,,,,,2,,
2026-07-13 05:21:27.119770,,2,23.2,25.0,27.7,1.15,56.24,99.99,16.2,,,22.5,23.0,22.0,-23.91,0.98,9.91,0,0,0,0,0,0,0,"[0, 0, 224]",,,,,,,,,,2,,
2026-07-13 05:21:27.229923,,2,23.2,25.0,27.7,1.49,56.51,101.07,16.2,,,22.5,23.0,22.0,-23.91,0.75,9.58,0,0,0,0,0,0,0,"[0, 0, 224]",,,,,,,,,,2,,
2026-07-13 05:21:27.342942,,2,23.2,25.0,27.7,0.95,56.51,101.74,16.2,,,22.5,23.0,22.0,-23.91,0.75,9.34,0,0,0,0,0,0,0,"[0, 0, 224]",,,,,,,,,,2,,
2026-07-13 05:21:27.452963,,2,23.2,25.0,27.7,1.32,55.6,99.05,16.2,,,22.5,23.0,22.0,-23.91,1.12,9.34,0,0,0,0,0,0,0,"[0, 0, 224]",,,,,,,,,,2,,
2026-07-13 05:21:27.571359,,2,23.2,25.0,27.7,0.85,55.94,99.99,16.2,,,22.5,23.0,22.0,-23.91,1.22,9.34,0,0,0,0,0,0,0,"[0, 0, 224]",,,,,,,,,,2,,
2026-07-13 05:21:27.681244,,2,23.2,25.0,27.7,1.52,56.24,99.59,16.2,,,22.5,23.0,22.0,-23.91,1.39,9.91,0,0,0,0,0,0,0,"[0, 0, 224]",,,,,,,,,,2,,
2026-07-13 05:21:27.791182,,2,23.2,25.0,27.7,0.98,55.74,99.05,16.2,,,22.5,23.0,22.0,-23.91,1.02,9.64,0,0,0,0,0,0,0,"[0, 0, 224]",,,,,,,,,,2,,
2026-07-13 05:21:27.901979,,2,23.2,25.0,27.7,0.92,56.1,99.19,16.2,,,22.5,23.0,22.0,-23.91,1.15,9.61,0,0,0,0,0,0,0,"[0, 0, 224]",,,,,,,,,,2,,
2026-07-13 05:21:28.014545,,2,23.2,25.0,27.7,1.19,55.63,101.2,16.2,,,22.5,23.0,22.0,-23.91,1.08,9.81,0,0,0,0,0,0,0,"[0, 0, 224]",,,,,,,,,,2,,
2026-07-13 05:21:28.125954,,2,23.2,25.0,27.7,1.62,56.31,99.86,16.2,,,22.5,23.0,22.0,-23.91,1.32,9.61,0,0,0,0,0,0,0,"[0, 0, 224]",,,,,,,,,,2,,
2026-07-13 05:21:28.257998,,2,23.2,25.0,27.7,1.02,56.07,97.98,16.2,,,22.5,23.0,22.0,-23.91,1.35,9.61,0,0,0,0,0,0,0,"[0, 0, 224]",,,,,,,,,,2,,
2026-07-13 05:21:28.367626,,2,23.2,25.0,27.7,1.12,56.1,100.67,16.2,,,22.5,23.0,22.0,-23.91,1.39,9.17,0,0,0,0,0,0,0,"[0, 0, 224]",,,,,,,,,,2,,
2026-07-13 05:21:28.478243,,2,23.2,25.0,27.7,0.82,55.67,102.55,16.2,,,22.5,23.0,22.0,-23.91,0.88,9.74,0,0,0,0,0,0,0,"[0, 0, 224]",,,,,,,,,,2,,
2026-07-13 05:21:28.601809,,2,23.2,25.0,27.7,0.98,56.54,100.13,16.2,,,22.5,23.0,22.0,-23.91,0.78,9.58,0,0,0,0,0,0,0,"[0, 0, 224]",,,,,,,,,,2,,
2026-07-13 05:21:28.713071,,2,23.2,25.0,27.7,1.22,56.14,100.8,16.2,,,22.5,23.0,22.0,-23.91,1.25,9.41,0,0,0,0,0,0,0,"[0, 0, 224]",,,,,,,,,,2,,
2026-07-13 05:21:28.824134,,2,23.2,25.0,27.7,0.95,56.61,99.73,16.2,,,22.5,23.0,22.0,-23.91,1.29,9.51,0,0,0,0,0,0,0,"[0, 0, 224]",,,,,,,,,,2,,
2026-07-13 05:21:28.935275,,2,23.2,25.0,27.7,0.95,56.47,101.34,16.2,,,22.5,23.0,22.0,-23.91,0.95,9.74,0,0,0,0,0,0,0,"[0, 0, 224]",,,,,,,,,,2,,
2026-07-13 05:21:29.045934,,2,23.2,25.0,27.7,1.02,56.34,100.53,16.2,,,22.5,23.0,22.0,-23.91,0.82,9.31,0,0,0,0,0,0,0,"[0, 0, 224]",,,,,,,,,,2,,
2026-07-13 05:21:29.156623,,2,23.2,25.0,27.7,1.39,56.27,102.41,16.2,,,22.5,23.0,22.0,-23.91,0.82,9.07,0,0,0,0,0,0,0,"[0, 0, 224]",,,,,,,,,,2,,
2026-07-13 05:21:29.269764,,2,23.2,25.0,27.7,1.19,56.37,99.73,16.2,,,22.5,23.0,22.0,-23.91,0.82,9.14,0,0,0,0,0,0,0,"[0, 0, 224]",,,,,,,,,,2,,
2026-07-13 05:21:29.380427,,2,23.2,25.0,27.7,1.35,55.74,101.2,16.2,,,22.5,23.0,22.0,-23.91,0.85,9.74,0,0,0,0,0,0,0,"[0, 0, 224]",,,,,,,,,,2,,
2026-07-13 05:21:29.492048,,2,23.2,25.0,27.7,1.12,56.14,101.47,16.2,,,22.5,23.0,22.0,-23.91,1.25,9.01,0,0,0,0,0,0,0,"[0, 0, 224]",,,,,,,,,,2,,
2026-07-13 05:21:29.615628,,2,23.2,25.0,27.7,1.76,55.84,101.34,16.2,,,22.5,23.0,22.0,-23.91,1.25,9.44,0,0,0,0,0,0,0,"[0, 0, 224]",,,,,,,,,,2,,
2026-07-13 05:21:29.727604,,2,23.2,25.0,27.7,1.39,56.51,98.38,16.2,,,22.5,23.0,22.0,-23.91,1.08,9.14,0,0,0,0,0,0,0,"[0, 0, 224]",,,,,,,,,,2,,
2026-07-13 05:21:29.838071,,2,23.2,25.0,27.7,1.22,56.14,100.13,16.2,,,22.5,23.0,22.0,-23.91,1.45,9.58,0,0,0,0,0,0,0,"[0, 0, 224]",,,,,,,,,,2,,
2026-07-13 05:21:29.948681,,2,23.2,25.0,27.7,1.05,56.47,97.98,16.2,,,22.5,23.0,22.0,-23.91,0.72,9.61,0,0,0,0,0,0,0,"[0, 0, 224]",,,,,,,,,,2,,
2026-07-13 05:21:30.058926,,2,23.2,25.0,27.7,0.98,56.04,100.26,16.2,,,22.5,23.0,22.0,-23.91,1.08,9.24,0,0,0,0,0,0,0,"[0, 0, 224]",,,,,,,,,,2,,
2026-07-13 05:21:30.171170,,2,23.2,25.0,27.7,1.62,56.68,100.67,16.2,,,22.5,23.0,22.0,-23.91,1.22,9.27,0,0,0,0,0,0,0,"[0, 0, 224]",,,,,,,,,,2,,
2026-07-13 05:21:30.283026,,2,23.2,25.0,27.7,1.08,55.74,99.86,16.2,,,22.5,23.0,22.0,-23.91,1.39,9.37,0,0,0,0,0,0,0,"[0, 0, 224]",,,,,,,,,,2,,
2026-07-13 05:21:30.394183,,2,23.2,25.0,27.7,1.32,55.97,100.13,16.2,,,22.5,23.0,22.0,-23.91,1.39,9.44,0,0,0,0,0,0,0,"[0, 0, 224]",,,,,,,,,,2,,
2026-07-13 05:21:30.511139,,2,23.2,25.0,27.7,1.19,56.27,101.07,16.2,,,22.5,23.0,22.0,-23.91,1.29,8.9,0,0,0,0,0,0,0,"[0, 0, 224]",,,,,,,,,,2,,
2026-07-13 05:21:30.621648,,2,23.2,25.0,27.7,1.05,56.27,100.67,16.2,,,22.5,23.0,22.0,-23.91,0.85,9.51,0,0,0,0,0,0,0,"[0, 0, 224]",,,,,,,,,,2,,
2026-07-13 05:21:30.732332,,2,23.2,25.0,27.7,1.79,56.0,100.67,16.2,,,22.5,23.0,22.0,-23.91,1.25,9.44,0,0,0,0,0,0,0,"[0, 0, 224]",,,,,,,,,,2,,
2026-07-13 05:21:30.842468,,2,23.2,25.0,27.7,1.02,56.54,100.53,16.2,,,22.5,23.0,22.0,-23.91,0.85,9.21,0,0,0,0,0,0,0,"[0, 0, 224]",,,,,,,,,,2,,
2026-07-13 05:21:30.952707,,2,23.2,25.0,27.7,0.95,55.8,100.4,16.2,,,22.5,23.0,22.0,-23.91,0.75,9.48,0,0,0,0,0,0,0,"[0, 0, 224]",,,,,,,,,,2,,
2026-07-13 05:21:31.063347,,2,23.2,25.0,28.0,1.52,56.31,101.2,16.2,,,22.5,23.0,22.0,-23.91,1.05,9.34,0,0,0,0,0,0,0,"[0, 0, 224]",,,,,,,,,,2,,
2026-07-13 05:21:31.176236,,2,23.2,25.0,28.0,1.25,56.1,100.8,16.2,,,22.5,23.0,22.0,-23.91,0.95,9.14,0,0,0,0,0,0,0,"[0, 0, 224]",,,,,,,,,,2,,
2026-07-13 05:21:31.286179,,2,23.2,25.0,28.0,0.88,56.54,99.73,16.2,,,22.5,23.0,22.0,-23.91,0.98,8.94,0,0,0,0,0,0,0,"[0, 0, 224]",,,,,,,,,,2,,
2026-07-13 05:21:31.396253,,2,23.2,25.0,28.0,1.35,56.0,102.28,16.2,,,22.5,23.0,22.0,-23.91,1.32,8.77,0,0,0,0,0,0,0,"[0, 0, 224]",,,,,,,,,,2,,
2026-07-13 05:21:31.506457,,2,23.2,25.0,28.0,1.02,56.47,100.26,16.2,,,22.5,23.0,22.0,-23.91,0.78,9.31,0,0,0,0,0,0,0,"[0, 0, 224]",,,,,,,,,,2,,
2026-07-13 05:21:31.616319,,2,23.2,25.0,28.0,0.61,56.04,102.14,16.2,,,22.5,23.0,22.0,-23.91,0.98,9.14,0,0,0,0,0,0,0,"[0, 0, 224]",,,,,,,,,,2,,
2026-07-13 05:21:31.725840,,2,23.2,25.0,28.0,1.45,56.41,103.08,16.2,,,22.5,23.0,22.0,-23.91,0.78,9.37,0,0,0,0,0,0,0,"[0, 0, 224]",,,,,,,,,,2,,
2026-07-13 05:21:31.836697,,2,23.2,25.0,28.0,1.59,55.74,98.38,16.2,,,22.5,23.0,22.0,-23.91,0.82,8.94,0,0,0,0,0,0,0,"[0, 0, 224]",,,,,,,,,,2,,
2026-07-13 05:21:31.946698,,2,23.2,25.0,28.0,1.35,56.24,100.26,16.2,,,22.5,23.0,22.0,-23.91,1.08,8.87,0,0,0,0,0,0,0,"[0, 0, 224]",,,,,,,,,,2,,
2026-07-13 05:21:32.057030,,2,23.2,25.0,28.0,0.92,55.8,101.34,16.2,,,22.5,23.0,22.0,-23.91,0.78,9.01,0,0,0,0,0,0,0,"[0, 0, 224]",,,,,,,,,,2,,
2026-07-13 05:21:32.169778,,2,23.2,25.0,28.0,1.19,55.97,101.07,16.2,,,22.5,23.0,22.0,-23.91,0.92,9.21,0,0,0,0,0,0,0,"[0, 0, 224]",,,,,,,,,,2,,
2026-07-13 05:21:32.280024,,2,23.2,25.0,28.0,0.55,56.24,102.01,16.2,,,22.5,23.0,22.0,-23.91,1.19,8.67,0,0,0,0,0,0,0,"[0, 0, 224]",,,,,,,,,,2,,
2026-07-13 05:21:32.389895,,2,23.2,25.0,28.0,0.51,56.61,99.32,16.2,,,22.5,23.0,22.0,-23.91,0.88,8.94,0,0,0,0,0,0,0,"[0, 0, 224]",,,,,,,,,,2,,
2026-07-13 05:21:32.501442,,2,23.2,25.0,28.0,0.68,56.17,99.32,16.2,,,22.5,23.0,22.0,-23.91,1.32,9.14,0,0,0,0,0,0,0,"[0, 0, 224]",,,,,,,,,,2,,
2026-07-13 05:21:32.611671,,2,23.2,25.0,28.0,0.95,56.57,101.47,16.2,,,22.5,23.0,22.0,-23.91,1.39,9.17,0,0,0,0,0,0,0,"[0, 0, 224]",,,,,,,,,,2,,
2026-07-13 05:21:32.722123,,2,23.2,25.0,28.0,1.25,56.24,98.79,16.2,,,22.5,23.0,22.0,-23.91,1.35,8.57,0,0,0,0,0,0,0,"[0, 0, 224]",,,,,,,,,,2,,
2026-07-13 05:21:32.832316,,2,23.2,25.0,28.0,1.45,56.07,99.05,16.2,,,22.5,23.0,22.0,-23.91,0.82,8.64,0,0,0,0,0,0,0,"[0, 0, 224]",,,,,,,,,,2,,
2026-07-13 05:21:32.945714,,2,23.2,25.0,28.0,0.75,56.21,101.2,16.2,,,22.5,23.0,22.0,-23.91,1.35,8.57,0,0,0,0,0,0,0,"[0, 0, 224]",,,,,,,,,,2,,
2026-07-13 05:21:33.055558,,2,23.2,25.0,28.0,1.35,56.41,101.74,16.2,,,22.5,23.0,22.0,-23.91,1.12,8.94,0,0,0,0,0,0,0,"[0, 0, 224]",,,,,,,,,,2,,
2026-07-13 05:21:33.168413,,2,23.2,25.0,28.0,1.59,56.84,101.87,16.2,,,22.5,23.0,22.0,-23.91,0.92,9.11,0,0,0,0,0,0,0,"[0, 0, 224]",,,,,,,,,,2,,
2026-07-13 05:21:33.278722,,2,23.2,25.0,28.0,1.12,56.37,99.05,16.2,,,22.5,23.0,22.0,-23.91,0.92,9.01,0,0,0,0,0,0,0,"[0, 0, 224]",,,,,,,,,,2,,
2026-07-13 05:21:33.389467,,2,23.2,25.0,28.0,1.59,55.77,100.67,16.2,,,22.5,23.0,22.0,-23.91,1.39,9.11,0,0,0,0,0,0,0,"[0, 0, 224]",,,,,,,,,,2,,
2026-07-13 05:21:33.498994,,2,23.2,25.0,28.0,0.98,56.04,101.87,16.2,,,22.5,23.0,22.0,-23.91,1.39,8.5,0,0,0,0,0,0,0,"[0, 0, 224]",,,,,,,,,,2,,
2026-07-13 05:21:33.608512,,2,23.2,25.0,28.0,0.48,56.17,102.28,16.2,,,22.5,23.0,22.0,-23.91,1.08,9.07,0,0,0,0,0,0,0,"[0, 0, 224]",,,,,,,,,,2,,
2026-07-13 05:21:33.719228,,2,23.2,25.0,28.0,0.65,56.07,101.34,16.2,,,22.5,23.0,22.0,-23.91,1.25,8.94,0,0,0,0,0,0,0,"[0, 0, 224]",,,,,,,,,,2,,
2026-07-13 05:21:33.829125,,2,23.2,25.0,28.0,1.52,55.8,98.11,16.2,,,22.5,23.0,22.0,-23.91,1.05,8.64,0,0,0,0,0,0,0,"[0, 0, 224]",,,,,,,,,,2,,
2026-07-13 05:21:33.939695,,2,23.2,25.0,28.0,1.19,55.57,98.92,16.2,,,22.5,23.0,22.0,-23.91,1.22,8.54,0,0,0,0,0,0,0,"[0, 0, 224]",,,,,,,,,,2,,
2026-07-13 05:21:34.049600,,2,23.2,25.0,28.0,0.98,56.07,101.61,16.2,,,22.5,23.0,22.0,-23.91,0.82,9.01,0,0,0,0,0,0,0,"[0, 0, 224]",,,,,,,,,,2,,
2026-07-13 05:21:34.162292,,2,23.2,25.0,28.0,1.62,55.97,99.99,16.2,,,22.5,23.0,22.0,-23.91,1.25,9.04,0,0,0,0,0,0,0,"[0, 0, 224]",,,,,,,,,,2,,
2026-07-13 05:21:34.272629,,2,23.2,25.0,28.0,1.66,56.0,99.46,16.2,,,22.5,23.0,22.0,-23.91,0.75,8.87,0,0,0,0,0,0,0,"[0, 0, 224]",,,,,,,,,,2,,
2026-07-13 05:21:34.383132,,2,23.2,25.0,28.0,0.45,55.97,99.46,16.2,,,22.5,23.0,22.0,-23.91,1.12,8.37,0,0,0,0,0,0,0,"[0, 0, 224]",,,,,,,,,,2,,
2026-07-13 05:21:34.493869,,2,23.2,25.0,28.0,1.32,56.14,99.59,16.2,,,22.5,23.0,22.0,-23.91,0.85,8.94,0,0,0,0,0,0,0,"[0, 0, 224]",,,,,,,,,,2,,
2026-07-13 05:21:34.603891,,2,23.2,25.0,28.0,1.69,56.57,101.47,16.2,,,22.5,23.0,22.0,-23.91,1.42,8.7,0,0,0,0,0,0,0,"[0, 0, 224]",,,,,,,,,,2,,
2026-07-13 05:21:34.715460,,2,23.2,25.0,28.0,1.52,56.0,101.61,16.2,,,22.5,23.0,22.0,-23.91,1.49,8.97,0,0,0,0,0,0,0,"[0, 0, 224]",,,,,,,,,,2,,
2026-07-13 05:21:34.825200,,2,23.2,25.0,28.0,0.82,55.9,101.74,16.2,,,22.5,23.0,22.0,-23.91,1.19,8.9,0,0,0,0,0,0,0,"[0, 0, 224]",,,,,,,,,,2,,
2026-07-13 05:21:34.935575,,2,23.2,25.0,28.0,1.29,56.1,98.92,16.2,,,22.5,23.0,22.0,-23.91,0.92,8.5,0,0,0,0,0,0,0,"[0, 0, 224]",,,,,,,,,,2,,
2026-07-13 05:21:35.046474,,2,23.2,25.0,28.0,1.15,55.9,101.74,16.2,,,22.5,23.0,22.0,-23.91,1.39,8.7,0,0,0,0,0,0,0,"[0, 0, 224]",,,,,,,,,,2,,
2026-07-13 05:21:35.158615,,2,23.2,25.0,28.0,1.25,55.94,100.13,16.2,,,22.5,23.0,22.0,-23.91,1.32,8.2,0,0,0,0,0,0,0,"[0, 0, 224]",,,,,,,,,,2,,
2026-07-13 05:21:35.268159,,2,23.2,25.0,28.0,1.25,55.43,97.58,16.2,,,22.5,23.0,22.0,-23.91,0.92,8.87,0,0,0,0,0,0,0,"[0, 0, 224]",,,,,,,,,,2,,
2026-07-13 05:21:35.377737,,2,23.2,25.0,28.0,0.95,56.14,100.53,16.2,,,22.5,23.0,22.0,-23.91,1.35,8.7,0,0,0,0,0,0,0,"[0, 0, 224]",,,,,,,,,,2,,
2026-07-13 05:21:35.488263,,2,23.2,25.0,28.0,1.39,56.34,99.86,16.2,,,22.5,23.0,22.0,-23.91,0.95,8.2,0,0,0,0,0,0,0,"[0, 0, 224]",,,,,,,,,,2,,
2026-07-13 05:21:35.612154,,2,23.2,25.0,28.0,0.92,56.27,102.01,16.2,,,22.5,23.0,22.0,-23.91,0.72,8.77,0,0,0,0,0,0,0,"[0, 0, 224]",,,,,,,,,,2,,
2026-07-13 05:21:35.722162,,2,23.2,25.0,28.0,1.52,56.61,101.74,16.2,,,22.5,23.0,22.0,-23.91,1.29,8.43,0,0,0,0,0,0,0,"[0, 0, 224]",,,,,,,,,,2,,
2026-07-13 05:21:35.832947,,2,23.2,25.0,28.0,1.12,55.9,102.01,16.2,,,22.5,23.0,22.0,-23.91,0.82,8.8,0,0,0,0,0,0,0,"[0, 0, 224]",,,,,,,,,,2,,
2026-07-13 05:21:35.943054,,2,23.2,25.0,28.0,1.15,56.44,102.01,16.2,,,22.5,23.0,22.0,-23.91,1.19,8.54,0,0,0,0,0,0,0,"[0, 0, 224]",,,,,,,,,,2,,
2026-07-13 05:21:36.057756,,2,23.2,25.0,28.0,1.05,56.24,98.65,16.2,,,22.5,23.0,22.0,-23.91,1.08,8.2,0,0,0,0,0,0,0,"[0, 0, 224]",,,,,,,,,,2,,
2026-07-13 05:21:36.168636,,2,23.2,25.0,28.0,0.88,56.44,98.11,16.2,,,22.5,23.0,22.0,-23.91,0.85,8.07,0,0,0,0,0,0,0,"[0, 0, 224]",,,,,,,,,,2,,
2026-07-13 05:21:36.279457,,2,23.2,25.0,28.0,1.22,55.77,100.67,16.2,,,22.5,23.0,22.0,-23.91,1.29,8.67,0,0,0,0,0,0,0,"[0, 0, 224]",,,,,,,,,,2,,
2026-07-13 05:21:36.389347,,2,23.2,25.0,28.0,0.88,55.9,100.53,16.2,,,22.5,23.0,22.0,-23.91,1.05,8.3,0,0,0,0,0,0,0,"[0, 0, 224]",,,,,,,,,,2,,
2026-07-13 05:21:36.499330,,2,23.2,25.0,28.0,1.69,55.94,99.59,16.2,,,22.5,23.0,22.0,-23.91,1.39,8.6,0,0,0,0,0,0,0,"[0, 0, 224]",,,,,,,,,,2,,
2026-07-13 05:21:36.610039,,2,23.2,25.0,28.0,1.76,56.04,102.28,16.2,,,22.5,23.0,22.0,-23.91,0.72,8.03,0,0,0,0,0,0,0,"[0, 0, 224]",,,,,,,,,,2,,
2026-07-13 05:21:36.720588,,2,23.2,25.0,28.0,1.62,55.77,100.13,16.2,,,22.5,23.0,22.0,-23.91,1.39,8.54,0,0,0,0,0,0,0,"[0, 0, 224]",,,,,,,,,,2,,
2026-07-13 05:21:36.833509,,2,23.2,25.0,28.0,0.78,55.9,98.92,16.2,,,22.5,23.0,22.0,-23.91,1.15,8.43,0,0,0,1,0,0,0,"[0, 0, 224]",,,,,,,,,,2,,
2026-07-13 05:21:36.945279,,2,23.2,25.0,28.0,0.78,56.04,101.61,16.2,,,22.2,23.0,22.0,-23.91,0.95,8.07,0,0,0,1,0,0,0,"[0, 0, 224]",,,,,,,,,,2,,
2026-07-13 05:21:37.064907,,2,23.2,25.0,28.0,1.45,56.31,101.61,16.2,,,22.2,23.0,22.0,-23.91,0.78,8.37,0,0,0,1,0,0,0,"[0, 0, 224]",,,,,,,,,,2,,
2026-07-13 05:21:37.174650,,2,23.2,25.0,28.0,0.78,55.87,99.86,16.2,,,22.2,23.0,22.0,-23.91,1.25,8.2,0,0,0,1,0,0,0,"[0, 0, 224]",,,,,,,,,,2,,
2026-07-13 05:21:37.284826,,2,23.2,25.0,28.0,1.22,56.21,100.67,16.2,,,22.2,23.0,22.0,-23.91,0.82,7.93,0,0,0,1,0,0,0,"[0, 0, 224]",,,,,,,,,,2,,
2026-07-13 05:21:37.395435,,2,23.2,25.0,28.0,1.02,56.14,99.32,16.2,,,22.2,23.0,22.0,-23.91,1.35,8.33,0,0,0,1,0,0,0,"[0, 0, 224]",,,,,,,,,,2,,
2026-07-13 05:21:37.505882,,2,23.2,25.0,28.0,0.88,55.9,100.8,16.2,,,22.2,23.0,22.0,-23.91,1.49,8.27,0,0,0,1,0,0,0,"[0, 0, 224]",,,,,,,,,,2,,
2026-07-13 05:21:37.616323,,2,23.2,25.0,28.0,1.52,56.0,99.19,16.2,,,22.2,23.0,22.0,-23.91,1.12,8.03,0,0,0,1,0,0,0,"[0, 0, 224]",,,,,,,,,,2,,
2026-07-13 05:21:37.726593,,2,23.2,25.0,28.0,1.52,56.04,99.46,16.2,,,22.2,23.0,22.0,-23.91,1.29,8.23,0,0,0,1,0,0,0,"[0, 0, 224]",,,,,,,,,,2,,
2026-07-13 05:21:37.837450,,2,23.2,25.0,28.0,1.59,56.14,100.67,16.2,,,22.2,23.0,22.0,-23.91,1.15,8.4,0,0,0,1,0,0,0,"[0, 0, 224]",,,,,,,,,,2,,
2026-07-13 05:21:37.948608,,2,23.2,25.0,28.0,1.05,56.34,101.61,16.2,,,22.2,23.0,22.0,-23.91,1.29,8.4,0,0,0,1,0,0,0,"[0, 0, 224]",,,,,,,,,,2,,
2026-07-13 05:21:38.055383,,2,23.2,25.0,28.0,1.08,55.94,100.53,16.2,,,22.2,23.0,22.0,-23.91,1.29,7.9,0,0,0,1,0,0,0,"[0, 0, 224]",,,,,,,,,,2,,
2026-07-13 05:21:38.162310,,2,23.2,25.0,28.0,1.42,55.84,101.87,16.2,,,22.2,23.0,22.0,-23.91,0.88,8.27,0,0,0,1,0,0,0,"[0, 0, 224]",,,,,,,,,,2,,
2026-07-13 05:21:38.266662,,2,23.2,25.0,28.0,0.85,56.31,101.87,16.2,,,22.2,23.0,22.0,-23.91,1.12,8.3,0,0,0,1,0,0,0,"[0, 0, 224]",,,,,,,,,,2,,
2026-07-13 05:21:38.370527,,2,23.2,25.0,28.0,1.32,55.63,100.67,16.2,,,22.2,23.0,22.0,-23.91,1.49,8.17,0,0,0,1,0,0,0,"[0, 0, 224]",,,,,,,,,,2,,
2026-07-13 05:21:38.475115,,2,23.2,25.0,28.0,1.19,56.14,100.26,16.2,,,22.2,23.0,22.0,-23.91,1.42,8.03,0,0,0,1,0,0,0,"[0, 0, 224]",,,,,,,,,,2,,
2026-07-13 05:21:38.586701,,2,23.2,25.0,28.0,1.15,55.97,99.99,16.2,,,22.2,23.0,22.0,-23.91,0.78,8.1,0,0,0,1,0,0,0,"[0, 0, 224]",,,,,,,,,,2,,
2026-07-13 05:21:38.691511,,2,23.2,25.0,28.0,1.52,55.74,98.92,16.2,,,22.2,23.0,22.0,-23.91,1.35,8.33,0,0,0,1,0,0,0,"[0, 0, 224]",,,,,,,,,,2,,
2026-07-13 05:21:38.795331,,2,23.2,25.0,28.0,1.02,56.34,100.26,16.2,,,22.2,23.0,22.0,-23.91,1.02,8.23,0,0,0,1,0,0,0,"[0, 0, 224]",,,,,,,,,,2,,
2026-07-13 05:21:38.900414,,2,23.2,25.0,28.0,1.29,55.9,99.59,16.2,,,22.2,23.0,22.0,-23.91,0.78,7.9,0,0,0,1,0,0,0,"[0, 0, 224]",,,,,,,,,,2,,
2026-07-13 05:21:39.008032,,2,23.2,25.2,28.0,1.59,56.27,100.93,16.2,,,22.5,23.0,22.0,-23.91,1.25,8.1,0,0,0,1,0,0,0,"[0, 0, 224]",,,,,,,,,,2,,
2026-07-13 05:21:39.115659,,2,23.2,25.2,28.0,0.68,55.87,100.93,16.2,,,22.5,23.0,22.0,-23.91,1.29,7.66,0,0,0,1,0,0,0,"[0, 0, 224]",,,,,,,,,,2,,
2026-07-13 05:21:39.219226,,2,23.2,25.2,28.0,1.12,56.0,100.26,16.2,,,22.5,23.0,22.0,-23.91,0.92,7.76,0,0,0,1,0,0,0,"[0, 0, 224]",,,,,,,,,,2,,
2026-07-13 05:21:39.322770,,2,23.2,25.2,28.0,1.05,55.57,101.87,16.2,,,22.5,23.0,22.0,-23.91,1.42,8.27,0,0,0,1,0,0,0,"[0, 0, 224]",,,,,,,,,,2,,
2026-07-13 05:21:39.426943,,2,23.2,25.2,28.0,0.92,55.9,98.52,16.2,,,22.5,23.0,22.0,-23.91,1.22,7.7,0,0,0,1,0,0,0,"[0, 0, 224]",,,,,,,,,,2,,
2026-07-13 05:21:39.536932,,2,23.2,25.2,28.0,1.22,55.6,100.67,16.2,,,22.5,23.0,22.0,-23.91,1.25,8.07,0,0,0,1,0,0,0,"[0, 0, 224]",,,,,,,,,,2,,
2026-07-13 05:21:39.643226,,2,23.2,25.2,28.0,1.32,56.17,100.26,16.2,,,22.5,23.0,22.0,-23.91,1.39,7.76,0,0,0,1,0,0,0,"[0, 0, 224]",,,,,,,,,,2,,
2026-07-13 05:21:39.747288,,2,23.2,25.2,28.0,1.19,56.0,100.26,16.2,,,22.5,23.0,22.0,-23.91,1.35,8.03,0,0,0,1,0,0,0,"[0, 0, 224]",,,,,,,,,,2,,
2026-07-13 05:21:39.851864,,2,23.2,25.2,28.0,1.12,56.1,100.4,16.2,,,22.5,23.0,22.0,-23.91,1.42,7.83,0,0,0,1,0,0,0,"[0, 0, 224]",,,,,,,,,,2,,
2026-07-13 05:21:39.955996,,2,23.2,25.2,28.0,1.42,55.67,97.98,16.2,,,22.5,23.0,22.0,-23.91,1.19,7.6,0,0,0,1,0,0,0,"[0, 0, 224]",,,,,,,,,,2,,
2026-07-13 05:21:40.062308,,2,23.2,25.2,28.0,1.32,56.1,101.47,16.2,,,22.5,23.0,22.0,-23.91,0.82,7.6,0,0,0,1,0,0,0,"[0, 0, 224]",,,,,,,,,,2,,
2026-07-13 05:21:40.166614,,2,23.2,25.2,28.0,0.82,55.9,99.19,16.2,,,22.5,23.0,22.0,-23.91,1.32,7.56,0,0,0,1,0,0,0,"[0, 0, 224]",,,,,,,,,,2,,
2026-07-13 05:21:40.270225,,2,23.2,25.2,28.0,1.35,56.17,101.2,16.2,,,22.5,23.0,22.0,-23.91,1.42,8.17,0,0,0,1,0,0,0,"[0, 0, 224]",,,,,,,,,,2,,
2026-07-13 05:21:40.375070,,2,23.2,25.2,28.0,1.02,56.41,99.32,16.2,,,22.5,23.0,22.0,-23.91,1.02,8.13,0,0,0,1,0,0,0,"[0, 0, 224]",,,,,,,,,,2,,
2026-07-13 05:21:40.479128,,2,23.2,25.2,28.0,0.82,55.94,101.2,16.2,,,22.5,23.0,22.0,-23.91,1.39,8.17,0,0,0,1,0,0,0,"[0, 0, 224]",,,,,,,,,,2,,
2026-07-13 05:21:40.588756,,2,23.2,25.2,28.0,0.78,55.7,101.47,16.2,,,22.5,23.0,22.0,-23.91,0.82,7.46,0,0,0,1,0,0,0,"[0, 0, 224]",,,,,,,,,,2,,
2026-07-13 05:21:40.694813,,2,23.2,25.2,28.0,1.29,56.1,98.52,16.2,,,22.5,23.0,22.0,-23.91,1.08,7.63,0,0,0,1,0,0,0,"[0, 0, 224]",,,,,,,,,,2,,
2026-07-13 05:21:40.799387,,2,23.2,25.2,28.0,0.95,55.97,99.46,16.2,,,22.5,23.0,22.0,-23.91,1.35,7.93,0,0,0,1,0,0,0,"[0, 0, 224]",,,,,,,,,,2,,
2026-07-13 05:21:40.911017,,2,23.2,25.2,28.0,1.12,55.8,100.53,16.2,,,22.5,23.0,22.0,-23.91,0.85,7.39,0,0,0,1,0,0,0,"[0, 0, 224]",,,,,,,,,,2,,
2026-07-13 05:21:41.017786,,2,23.2,25.2,28.0,1.42,56.17,99.32,16.2,,,22.5,23.0,22.0,-23.91,1.25,7.49,0,0,0,1,0,0,0,"[0, 0, 224]",,,,,,,,,,2,,
2026-07-13 05:21:41.124145,,2,23.2,25.2,28.0,1.05,56.0,100.13,16.2,,,22.5,23.0,22.0,-23.91,0.72,7.53,0,0,0,1,0,0,0,"[0, 0, 224]",,,,,,,,,,2,,
2026-07-13 05:21:41.228679,,2,23.2,25.2,28.0,0.55,56.0,99.99,16.2,,,22.5,23.0,22.0,-23.91,1.02,7.83,0,0,0,1,0,0,0,"[0, 0, 224]",,,,,,,,,,2,,
2026-07-13 05:21:41.332974,,2,23.2,25.2,28.0,1.42,56.1,102.41,16.2,,,22.5,23.0,22.0,-23.91,0.85,7.8,0,0,0,1,0,0,0,"[0, 0, 224]",,,,,,,,,,2,,
2026-07-13 05:21:41.438092,,2,23.2,25.2,28.0,1.42,55.87,101.47,16.2,,,22.5,23.0,22.0,-23.91,0.75,7.46,0,0,0,1,0,0,0,"[0, 0, 224]",,,,,,,,,,2,,
2026-07-13 05:21:41.557515,,2,23.2,25.2,28.0,0.95,56.44,100.53,16.2,,,22.5,23.0,22.0,-23.91,0.98,7.33,0,0,0,1,0,0,0,"[0, 0, 224]",,,,,,,,,,2,,
2026-07-13 05:21:41.665885,,2,23.2,25.2,28.0,1.39,56.27,99.32,16.2,,,22.5,23.0,22.0,-23.91,0.95,7.36,0,0,0,1,0,0,0,"[0, 0, 224]",,,,,,,,,,2,,
2026-07-13 05:21:41.770295,,2,23.2,25.2,28.0,1.52,56.04,100.8,16.2,,,22.5,23.0,22.0,-23.91,0.98,7.93,0,0,0,1,0,0,0,"[0, 0, 224]",,,,,,,,,,2,,
2026-07-13 05:21:41.874637,,2,23.2,25.2,28.0,1.42,56.61,101.07,16.2,,,22.5,23.0,22.0,-23.91,0.88,7.76,0,0,0,1,0,0,0,"[0, 0, 224]",,,,,,,,,,2,,
2026-07-13 05:21:41.981471,,2,23.2,25.2,28.0,0.98,55.87,101.47,16.2,,,22.5,23.0,22.0,-23.91,0.88,7.73,0,0,0,1,0,0,0,"[0, 0, 224]",,,,,,,,,,2,,
2026-07-13 05:21:42.085156,,2,23.2,25.2,28.0,1.35,55.94,100.93,16.2,,,22.5,23.0,22.0,-23.91,1.19,7.9,0,0,0,1,0,0,0,"[0, 0, 224]",,,,,,,,,,2,,
2026-07-13 05:21:42.190138,,2,23.2,25.2,28.0,1.32,56.47,98.79,16.2,,,22.5,23.0,22.0,-23.91,1.49,7.86,0,0,0,1,0,0,0,"[0, 0, 224]",,,,,,,,,,2,,
2026-07-13 05:21:42.294441,,2,23.2,25.2,28.0,1.25,56.34,100.4,16.2,,,22.5,23.0,22.0,-23.91,1.19,7.46,0,0,0,1,0,0,0,"[0, 0, 224]",,,,,,,,,,2,,
2026-07-13 05:21:42.398633,,2,23.2,25.2,28.0,0.95,55.87,100.4,16.2,,,22.5,23.0,22.0,-23.91,1.02,7.8,0,0,0,1,0,0,0,"[0, 0, 224]",,,,,,,,,,2,,
2026-07-13 05:21:42.502976,,2,23.2,25.2,28.0,1.08,55.7,102.28,16.2,,,22.5,23.0,22.0,-23.91,0.78,7.23,0,0,0,1,0,0,0,"[0, 0, 224]",,,,,,,,,,2,,
2026-07-13 05:21:42.608869,,2,23.2,25.2,28.0,0.85,56.17,98.11,16.2,,,22.5,23.0,22.0,-23.91,1.25,7.76,0,0,0,1,0,0,0,"[0, 0, 224]",,,,,,,,,,2,,
2026-07-13 05:21:42.712999,,2,23.2,25.2,28.0,1.35,56.14,101.07,16.2,,,22.5,23.0,22.0,-23.91,0.72,7.8,0,0,0,1,0,0,0,"[0, 0, 224]",,,,,,,,,,2,,
2026-07-13 05:21:42.818079,,2,23.2,25.2,28.0,0.95,56.04,101.74,16.2,,,22.5,23.0,22.0,-23.91,0.72,7.46,0,0,0,0,0,0,0,"[0, 0, 224]",,,,,,,,,,2,,
2026-07-13 05:21:42.924830,,2,23.2,25.2,28.0,1.05,56.17,99.05,16.2,,,22.5,23.0,22.0,-23.91,0.95,7.73,0,0,0,0,0,0,0,"[0, 0, 224]",,,,,,,,,,2,,
2026-07-13 05:21:43.029031,,2,23.2,25.2,28.0,0.82,56.24,99.73,16.2,,,22.5,23.0,22.0,-23.91,1.39,7.23,0,0,0,0,0,0,0,"[0, 0, 224]",,,,,,,,,,2,,
2026-07-13 05:21:43.132590,,2,23.2,25.2,28.0,1.15,55.63,99.59,16.2,,,22.5,23.0,22.0,-23.91,0.98,7.13,0,0,0,0,0,0,0,"[0, 0, 224]",,,,,,,,,,2,,
2026-07-13 05:21:43.238891,,2,23.2,25.2,28.0,1.45,56.37,100.8,16.2,,,22.5,23.0,22.0,-23.91,1.35,7.26,0,0,0,0,0,0,0,"[0, 0, 224]",,,,,,,,,,2,,
2026-07-13 05:21:43.344061,,2,23.2,25.2,28.0,1.52,55.87,100.4,16.2,,,22.5,23.0,22.0,-23.91,1.29,7.29,0,0,0,0,0,0,0,"[0, 0, 224]",,,,,,,,,,2,,
2026-07-13 05:21:43.448414,,2,23.2,25.2,28.0,0.85,55.77,100.93,16.2,,,22.5,23.0,22.0,-23.91,1.15,7.66,0,0,0,0,0,0,0,"[0, 0, 224]",,,,,,,,,,2,,
2026-07-13 05:21:43.562981,,2,23.2,25.2,28.0,1.15,56.34,98.11,16.2,,,22.5,23.0,22.0,-23.91,1.12,7.09,0,0,0,0,0,0,0,"[0, 0, 224]",,,,,,,,,,2,,
2026-07-13 05:21:43.670645,,2,23.2,25.2,28.0,1.29,56.1,99.59,16.2,,,22.5,23.0,22.0,-23.91,1.25,7.23,0,0,0,0,0,0,0,"[0, 0, 224]",,,,,,,,,,2,,
2026-07-13 05:21:43.775057,,2,23.2,25.2,28.0,1.55,56.51,101.47,16.2,,,22.5,23.0,22.0,-23.91,0.78,7.13,0,0,0,0,0,0,0,"[0, 0, 224]",,,,,,,,,,2,,
2026-07-13 05:21:43.878876,,2,23.2,25.2,28.0,0.68,56.17,99.19,16.2,,,22.5,23.0,22.0,-23.91,0.82,7.66,0,0,0,0,0,0,0,"[0, 0, 224]",,,,,,,,,,2,,
2026-07-13 05:21:43.982656,,2,23.2,25.2,28.0,1.05,55.43,101.74,16.2,,,22.5,23.0,22.0,-23.91,0.98,7.33,0,0,0,0,0,0,0,"[0, 0, 224]",,,,,,,,,,2,,
2026-07-13 05:21:44.086291,,2,23.2,25.2,28.0,1.19,55.74,100.13,16.2,,,22.5,23.0,22.0,-23.91,1.32,7.36,0,0,0,0,0,0,0,"[0, 0, 224]",,,,,,,,,,2,,
2026-07-13 05:21:44.190800,,2,23.2,25.2,28.0,1.08,56.17,100.67,16.2,,,22.5,23.0,22.0,-23.91,1.02,6.92,0,0,0,0,0,0,0,"[0, 0, 224]",,,,,,,,,,2,,
2026-07-13 05:21:44.294511,,2,23.2,25.2,28.0,1.25,55.94,100.93,16.2,,,22.5,23.0,22.0,-23.91,0.95,7.36,0,0,0,0,0,0,0,"[0, 0, 224]",,,,,,,,,,2,,
2026-07-13 05:21:44.398795,,2,23.2,25.2,28.0,1.08,56.34,100.13,16.2,,,22.5,23.0,22.0,-23.91,0.92,7.6,0,0,0,0,0,0,0,"[0, 0, 224]",,,,,,,,,,2,,
2026-07-13 05:21:44.503101,,2,23.2,25.2,28.0,0.88,55.67,99.86,16.2,,,22.5,23.0,22.0,-23.91,0.98,7.23,0,0,0,0,0,0,0,"[0, 0, 224]",,,,,,,,,,2,,
2026-07-13 05:21:44.609919,,2,23.2,25.2,28.0,0.51,56.04,100.4,16.2,,,22.5,23.0,22.0,-23.91,0.95,6.99,0,0,0,0,0,0,0,"[0, 0, 224]",,,,,,,,,,2,,
2026-07-13 05:21:44.714785,,2,23.2,25.2,28.2,1.35,56.0,100.93,16.2,,,22.5,23.0,22.0,-23.91,1.39,7.29,0,0,0,0,0,0,0,"[0, 0, 224]",,,,,,,,,,2,,
2026-07-13 05:21:44.818511,,2,23.2,25.2,28.2,1.02,56.14,101.34,16.2,,,22.5,23.0,22.0,-23.91,1.29,6.99,0,0,0,1,0,0,0,"[0, 0, 224]",,,,,,,,,,2,,
2026-07-13 05:21:44.922374,,2,23.2,25.2,28.2,1.15,55.6,98.65,16.2,,,22.5,23.0,22.0,-23.91,0.82,7.53,0,0,0,1,0,0,0,"[0, 0, 224]",,,,,,,,,,2,,
2026-07-13 05:21:45.026573,,2,23.2,25.2,28.2,1.22,55.7,100.4,16.2,,,22.5,23.0,22.0,-23.91,0.85,6.96,0,0,0,1,0,0,0,"[0, 0, 224]",,,,,,,,,,2,,
2026-07-13 05:21:45.130299,,2,23.2,25.2,28.2,0.78,55.97,99.59,16.2,,,22.5,23.0,22.0,-23.91,1.35,7.33,0,0,0,1,0,0,0,"[0, 0, 224]",,,,,,,,,,2,,
2026-07-13 05:21:45.234851,,2,23.2,25.2,28.2,1.22,55.8,101.47,16.2,,,22.5,23.0,22.0,-23.91,0.88,7.02,0,0,0,1,0,0,0,"[0, 0, 224]",,,,,,,,,,2,,
2026-07-13 05:21:45.340709,,2,23.2,25.2,28.2,1.12,56.04,98.79,16.2,,,22.5,23.0,22.0,-23.91,1.08,7.09,0,0,0,1,0,0,0,"[0, 0, 224]",,,,,,,,,,2,,
2026-07-13 05:21:45.446336,,2,23.2,25.2,28.2,1.08,55.9,101.47,16.2,,,22.5,23.0,22.0,-23.91,0.92,7.46,0,0,0,1,0,0,0,"[0, 0, 224]",,,,,,,,,,2,,
2026-07-13 05:21:45.564977,,2,23.2,25.2,28.2,1.02,55.7,100.53,16.2,,,22.5,23.0,22.0,-23.91,0.98,6.86,0,0,0,1,0,0,0,"[0, 0, 224]",,,,,,,,,,2,,
2026-07-13 05:21:45.670134,,2,23.2,25.2,28.2,1.02,55.84,100.53,16.2,,,22.5,23.0,22.0,-23.91,1.32,7.26,0,0,0,1,0,0,0,"[0, 0, 224]",,,,,,,,,,2,,
2026-07-13 05:21:45.774263,,2,23.2,25.2,28.2,1.39,55.9,100.93,16.2,,,22.5,23.0,22.0,-23.91,0.95,6.86,0,0,0,1,0,0,0,"[0, 0, 224]",,,,,,,,,,2,,
2026-07-13 05:21:45.878792,,2,23.2,25.2,28.2,1.49,55.94,100.67,16.2,,,22.5,23.0,22.0,-23.91,1.39,7.29,0,0,0,1,0,0,0,"[0, 0, 224]",,,,,,,,,,2,,
2026-07-13 05:21:45.983295,,2,23.2,25.2,28.2,1.45,55.77,100.67,16.2,,,22.5,23.0,22.0,-23.91,1.35,6.79,0,0,0,1,0,0,0,"[0, 0, 224]",,,,,,,,,,2,,
2026-07-13 05:21:46.086941,,2,23.2,25.2,28.2,1.39,56.17,99.46,16.2,,,22.5,23.0,22.0,-23.91,0.85,6.86,0,0,0,1,0,0,0,"[0, 0, 224]",,,,,,,,,,2,,
2026-07-13 05:21:46.190840,,2,23.2,25.2,28.2,1.25,55.63,101.47,16.2,,,22.5,23.0,22.0,-23.91,0.82,6.82,0,0,0,1,0,0,0,"[0, 0, 224]",,,,,,,,,,2,,
2026-07-13 05:21:46.295451,,2,23.2,25.2,28.2,1.29,56.27,99.73,16.2,,,22.5,23.0,22.0,-23.91,0.75,7.39,0,0,0,1,0,0,0,"[0, 0, 224]",,,,,,,,,,2,,
2026-07-13 05:21:46.399637,,2,23.5,25.2,28.2,1.02,55.7,102.28,16.2,,,22.5,23.0,22.0,-23.91,0.88,7.19,0,0,0,1,0,0,0,"[0, 0, 224]",,,,,,,,,,2,,
2026-07-13 05:21:46.506716,,2,23.5,25.2,28.2,1.25,55.63,101.34,16.2,,,22.5,23.0,22.0,-23.91,0.98,7.16,0,0,0,1,0,0,0,"[0, 0, 224]",,,,,,,,,,2,,
2026-07-13 05:21:46.611836,,2,23.5,25.2,28.2,1.25,55.74,99.19,16.2,,,22.5,23.0,22.0,-23.91,0.85,6.69,0,0,0,1,0,0,0,"[0, 0, 224]",,,,,,,,,,2,,
2026-07-13 05:21:46.715876,,2,23.5,25.2,28.2,1.08,55.84,99.73,16.2,,,22.5,23.0,22.0,-23.91,1.29,7.29,0,0,0,1,0,0,0,"[0, 0, 224]",,,,,,,,,,2,,
2026-07-13 05:21:46.820216,,2,23.5,25.2,28.2,1.22,56.14,99.46,16.2,,,22.5,23.0,22.0,-23.91,0.92,7.36,0,0,0,0,0,0,0,"[0, 0, 224]",,,,,,,,,,2,,
2026-07-13 05:21:46.925266,,2,23.5,25.2,28.2,1.39,55.53,99.05,16.2,,,22.5,23.0,22.0,-23.91,1.35,6.79,0,0,0,0,0,0,0,"[0, 0, 224]",,,,,,,,,,2,,
2026-07-13 05:21:47.031113,,2,23.5,25.2,28.2,0.75,56.37,99.73,16.2,,,22.5,23.0,22.0,-23.91,0.88,7.09,0,0,0,0,0,0,0,"[0, 0, 224]",,,,,,,,,,2,,
2026-07-13 05:21:47.135547,,2,23.5,25.2,28.2,1.35,56.14,103.08,16.2,,,22.5,23.0,22.0,-23.91,0.85,7.19,0,0,0,0,0,0,0,"[0, 0, 224]",,,,,,,,,,2,,
2026-07-13 05:21:47.239854,,2,23.5,25.2,28.2,1.25,55.53,99.32,16.2,,,22.5,23.0,22.0,-23.91,1.12,7.09,0,0,0,0,0,0,0,"[0, 0, 224]",,,,,,,,,,2,,
2026-07-13 05:21:47.344060,,2,23.5,25.2,28.2,1.35,56.07,99.86,16.2,,,22.5,23.0,22.0,-23.91,1.29,6.86,0,0,0,0,0,0,0,"[0, 0, 224]",,,,,,,,,,2,,
2026-07-13 05:21:47.450714,,2,23.5,25.2,28.2,0.98,55.8,100.67,16.2,,,22.5,23.0,22.0,-23.91,0.98,6.69,0,0,0,0,0,0,0,"[0, 0, 224]",,,,,,,,,,2,,
2026-07-13 05:21:47.566864,,2,23.5,25.2,28.2,1.25,55.87,101.87,16.2,,,22.5,23.0,22.0,-23.91,1.39,6.52,0,0,0,0,0,0,0,"[0, 0, 224]",,,,,,,,,,2,,
2026-07-13 05:21:47.671400,,2,23.5,25.2,28.2,1.49,56.0,99.86,16.2,,,22.5,23.0,22.0,-23.91,1.08,7.16,0,0,0,0,0,0,0,"[0, 0, 224]",,,,,,,,,,2,,
2026-07-13 05:21:47.775841,,2,23.5,25.2,28.2,0.88,56.24,99.32,16.2,,,22.5,23.0,22.0,-23.91,0.82,6.62,0,0,0,0,0,0,0,"[0, 0, 224]",,,,,,,,,,2,,
2026-07-13 05:21:47.880399,,2,23.5,25.2,28.2,1.08,56.1,100.26,16.2,,,22.5,23.0,22.0,-23.91,1.25,6.55,0,0,0,1,0,0,0,"[0, 0, 224]",,,,,,,,,,2,,
2026-07-13 05:21:47.984164,,2,23.5,25.2,28.2,1.72,56.1,98.92,16.2,,,22.5,23.0,22.0,-23.91,0.78,6.59,0,0,0,1,0,0,0,"[0, 0, 224]",,,,,,,,,,2,,
2026-07-13 05:21:48.089393,,2,23.5,25.2,28.2,1.12,55.63,99.59,16.2,,,22.5,23.0,22.0,-23.91,1.32,6.92,0,0,0,1,0,0,0,"[0, 0, 224]",,,,,,,,,,2,,
2026-07-13 05:21:48.193922,,2,23.5,25.2,28.2,1.35,56.07,100.26,16.2,,,22.5,23.0,22.0,-23.91,1.25,7.06,0,0,0,1,0,0,0,"[0, 0, 224]",,,,,,,,,,2,,
2026-07-13 05:21:48.297994,,2,23.5,25.2,28.2,1.02,56.14,100.4,16.2,,,22.5,23.0,22.0,-23.91,0.75,7.16,0,0,0,1,0,0,0,"[0, 0, 224]",,,,,,,,,,2,,
2026-07-13 05:21:48.402709,,2,23.5,25.2,28.2,1.08,55.57,100.4,16.2,,,22.5,23.0,22.0,-23.91,1.32,6.89,0,0,0,1,0,0,0,"[0, 0, 224]",,,,,,,,,,2,,
2026-07-13 05:21:48.508135,,2,23.5,25.2,28.2,1.59,56.07,100.4,16.2,,,22.5,23.0,22.0,-23.91,0.72,6.79,0,0,0,1,0,0,0,"[0, 0, 224]",,,,,,,,,,2,,
2026-07-13 05:21:48.627242,,2,23.5,25.2,28.7,0.98,56.24,101.61,16.2,,,22.5,23.0,22.0,-23.91,1.05,6.72,0,0,0,1,0,0,0,"[0, 0, 224]",,,,,,,,,,2,,
2026-07-13 05:21:48.737331,,2,23.5,25.2,28.7,0.98,55.77,100.4,16.2,,,22.5,23.0,22.0,-23.91,0.75,6.66,0,0,0,1,0,0,0,"[0, 0, 224]",,,,,,,,,,2,,
2026-07-13 05:21:48.840897,,2,23.5,25.2,28.7,1.25,55.5,99.05,16.2,,,22.5,23.0,22.0,-23.91,1.12,6.62,0,0,0,1,0,0,0,"[0, 0, 224]",,,,,,,,,,2,,
2026-07-13 05:21:48.945429,,2,23.5,25.2,28.7,1.05,56.04,101.34,16.2,,,22.5,23.0,22.0,-23.91,1.15,7.02,0,0,0,1,0,0,0,"[0, 0, 224]",,,,,,,,,,2,,
2026-07-13 05:21:49.050079,,2,23.2,25.2,28.7,0.88,56.1,99.99,16.2,,,22.5,23.0,22.0,-23.91,1.35,6.96,0,0,0,1,0,0,0,"[0, 0, 224]",,,,,,,,,,2,,
2026-07-13 05:21:49.154365,,2,23.2,25.2,28.7,1.39,55.97,98.65,16.2,,,22.5,23.0,22.0,-23.91,1.25,6.49,0,0,0,1,0,0,0,"[0, 0, 224]",,,,,,,,,,2,,
2026-07-13 05:21:49.258662,,2,23.2,25.2,28.7,1.35,56.07,100.4,16.2,,,22.5,23.0,22.0,-23.91,0.88,6.92,0,0,0,1,0,0,0,"[0, 0, 224]",,,,,,,,,,2,,
2026-07-13 05:21:49.362722,,2,23.2,25.2,28.7,1.25,56.14,98.79,16.2,,,22.5,23.0,22.0,-23.91,1.35,6.52,0,0,0,1,0,0,0,"[0, 0, 224]",,,,,,,,,,2,,
2026-07-13 05:21:49.469739,,2,23.2,25.2,28.7,1.05,56.07,101.87,16.2,,,22.5,23.0,22.0,-23.91,1.22,6.39,0,0,0,1,0,0,0,"[0, 0, 224]",,,,,,,,,,2,,
2026-07-13 05:21:49.588226,,2,23.2,25.2,28.7,0.95,55.8,99.86,16.2,,,22.5,23.0,22.0,-23.91,1.15,6.76,0,0,0,1,0,0,0,"[0, 0, 224]",,,,,,,,,,2,,
2026-07-13 05:21:49.693755,,2,23.2,25.2,28.7,1.45,55.97,101.61,16.2,,,22.5,23.0,22.0,-23.91,0.92,6.79,0,0,0,1,0,0,0,"[0, 0, 224]",,,,,,,,,,2,,
2026-07-13 05:21:49.797304,,2,23.2,25.2,28.7,1.12,55.84,100.67,16.2,,,22.5,23.0,22.0,-23.91,1.08,6.82,0,0,0,1,0,0,0,"[0, 0, 224]",,,,,,,,,,2,,
2026-07-13 05:21:49.910759,,2,23.2,25.2,28.7,1.25,56.07,99.86,16.2,,,22.5,23.0,22.0,-23.91,0.95,6.86,0,0,0,1,0,0,0,"[0, 0, 224]",,,,,,,,,,2,,
2026-07-13 05:21:50.015114,,2,23.2,25.2,28.7,1.12,56.14,99.86,16.2,,,22.5,23.0,22.0,-23.91,0.75,6.55,0,0,0,1,0,0,0,"[0, 0, 224]",,,,,,,,,,2,,
2026-07-13 05:21:50.119771,,2,23.2,25.2,28.7,1.29,55.87,99.86,16.2,,,22.5,23.0,22.0,-23.91,0.85,6.82,0,0,0,1,0,0,0,"[0, 0, 224]",,,,,,,,,,2,,
2026-07-13 05:21:50.224284,,2,23.2,25.2,28.7,1.39,55.4,99.59,16.2,,,22.5,23.0,22.0,-23.91,0.82,6.39,0,0,0,1,0,0,0,"[0, 0, 224]",,,,,,,,,,2,,
2026-07-13 05:21:50.328799,,2,23.2,25.2,28.7,1.69,56.27,101.74,16.2,,,22.5,23.0,22.0,-23.91,1.35,6.39,0,0,0,1,0,0,0,"[0, 0, 224]",,,,,,,,,,2,,
2026-07-13 05:21:50.436000,,2,23.2,25.2,28.7,1.15,55.94,101.34,16.2,,,22.5,23.0,22.0,-23.91,0.75,6.66,0,0,0,1,0,0,0,"[0, 0, 224]",,,,,,,,,,2,,
2026-07-13 05:21:50.539762,,2,23.2,25.2,28.7,1.66,55.7,98.52,16.2,,,22.5,23.0,22.0,-23.91,1.08,6.32,0,0,0,1,0,0,0,"[0, 0, 224]",,,,,,,,,,2,,
2026-07-13 05:21:50.643319,,2,23.2,25.2,28.7,1.05,56.21,101.74,16.2,,,22.5,23.0,22.0,-23.91,1.12,6.76,0,0,0,1,0,0,0,"[0, 0, 224]",,,,,,,,,,2,,
2026-07-13 05:21:50.747085,,2,23.2,25.2,28.7,0.41,55.6,98.52,16.2,,,22.5,23.0,22.0,-23.91,1.12,6.82,0,0,0,1,0,0,0,"[0, 0, 224]",,,,,,,,,,2,,
2026-07-13 05:21:50.851266,,2,23.2,25.2,28.7,1.35,55.84,99.99,16.2,,,22.5,23.0,22.0,-23.91,0.92,6.25,0,0,0,0,0,0,0,"[0, 0, 224]",,,,,,,,,,2,,
2026-07-13 05:21:50.956333,,2,23.2,25.2,28.7,0.98,55.9,101.61,16.2,,,22.5,23.0,22.0,-23.91,1.35,6.79,0,0,0,0,0,0,0,"[0, 0, 224]",,,,,,,,,,2,,
2026-07-13 05:21:51.060735,,2,23.2,25.2,28.7,1.29,56.0,100.8,16.2,,,22.5,23.0,22.0,-23.91,0.85,6.66,0,0,0,0,0,0,0,"[0, 0, 224]",,,,,,,,,,2,,
2026-07-13 05:21:51.165960,,2,23.2,25.2,28.7,1.05,55.47,101.74,16.2,,,22.5,23.0,22.0,-23.91,1.25,6.29,0,0,0,0,0,0,0,"[0, 0, 224]",,,,,,,,,,2,,
2026-07-13 05:21:51.270299,,2,23.2,25.2,28.7,1.19,55.94,98.92,16.2,,,22.5,23.0,22.0,-23.91,0.95,6.55,0,0,0,0,0,0,0,"[0, 0, 224]",,,,,,,,,,2,,
2026-07-13 05:21:51.377817,,2,23.2,25.2,28.7,1.29,55.87,101.07,16.2,,,22.5,23.0,22.0,-23.91,0.72,6.82,0,0,0,0,0,0,0,"[0, 0, 224]",,,,,,,,,,2,,
2026-07-13 05:21:51.481815,,2,23.2,25.2,28.7,1.25,56.07,97.71,16.2,,,22.5,23.0,22.0,-23.91,1.29,6.12,0,0,0,0,0,0,0,"[0, 0, 224]",,,,,,,,,,2,,
2026-07-13 05:21:51.592879,,2,23.2,25.2,28.7,1.49,55.9,98.52,16.2,,,22.5,23.0,22.0,-23.91,1.25,6.25,0,0,0,0,0,0,0,"[0, 0, 224]",,,,,,,,,,2,,
2026-07-13 05:21:51.699044,,2,23.2,25.2,28.7,1.52,55.8,100.13,16.2,,,22.5,23.0,22.0,-23.91,0.82,6.62,0,0,0,0,0,0,0,"[0, 0, 224]",,,,,,,,,,2,,
2026-07-13 05:21:51.810744,,2,23.2,25.2,28.7,1.15,55.94,99.99,16.2,,,22.5,23.0,22.0,-23.91,1.35,6.08,0,0,0,0,0,0,0,"[0, 0, 224]",,,,,,,,,,2,,
2026-07-13 05:21:51.914660,,2,23.2,25.2,28.7,0.95,56.04,101.47,16.2,,,22.5,23.0,22.0,-23.91,0.72,6.69,0,0,0,1,0,0,0,"[0, 0, 224]",,,,,,,,,,2,,
2026-07-13 05:21:52.018613,,2,23.2,25.2,29.2,1.39,55.7,99.05,16.2,,,22.5,23.0,22.0,-23.91,0.82,6.59,0,0,0,1,0,0,0,"[0, 0, 224]",,,,,,,,,,2,,
2026-07-13 05:21:52.122677,,2,23.2,25.2,29.2,1.12,56.14,100.67,16.2,,,22.5,23.0,22.0,-23.91,1.45,6.08,0,0,0,1,0,0,0,"[0, 0, 224]",,,,,,,,,,2,,
2026-07-13 05:21:52.226968,,2,23.2,25.2,29.2,1.45,55.8,99.05,16.2,,,22.5,23.0,22.0,-23.91,1.25,6.69,0,0,0,1,0,0,0,"[0, 0, 224]",,,,,,,,,,2,,
2026-07-13 05:21:52.330861,,2,23.5,25.2,29.2,1.08,56.07,101.47,16.2,,,22.5,23.0,22.0,-23.91,1.19,6.15,0,0,0,1,0,0,0,"[0, 0, 224]",,,,,,,,,,2,,
2026-07-13 05:21:52.437323,,2,23.5,25.2,29.2,0.92,55.97,100.13,16.2,,,22.5,23.0,22.0,-23.91,0.72,6.52,0,0,0,1,0,0,0,"[0, 0, 224]",,,,,,,,,,2,,
2026-07-13 05:21:52.541551,,2,23.5,25.2,29.2,0.82,55.9,99.05,16.2,,,22.5,23.0,22.0,-23.91,0.72,6.02,0,0,0,1,0,0,0,"[0, 0, 224]",,,,,,,,,,2,,
2026-07-13 05:21:52.646632,,2,23.5,25.2,29.2,0.61,56.1,100.53,16.2,,,22.5,23.0,22.0,-23.91,1.32,6.62,0,0,0,1,0,0,0,"[0, 0, 224]",,,,,,,,,,2,,
2026-07-13 05:21:52.751166,,2,23.5,25.2,29.2,1.49,55.97,100.4,16.2,,,22.5,23.0,22.0,-23.91,1.08,6.45,0,0,0,1,0,0,0,"[0, 0, 224]",,,,,,,,,,2,,
2026-07-13 05:21:52.855737,,2,23.5,25.2,29.2,1.52,56.14,99.99,16.2,,,22.5,23.0,22.0,-23.91,0.92,6.55,0,0,0,1,0,0,0,"[0, 0, 224]",,,,,,,,,,2,,
2026-07-13 05:21:52.960713,,2,23.5,25.2,29.2,1.22,55.94,99.59,16.2,,,22.5,23.0,22.0,-23.91,1.02,6.59,0,0,0,1,0,0,0,"[0, 0, 224]",,,,,,,,,,2,,
2026-07-13 05:21:53.064849,,2,23.5,25.2,29.2,0.92,55.77,100.26,16.2,,,22.5,23.0,22.0,-23.91,1.32,6.19,0,0,0,1,0,0,0,"[0, 0, 224]",,,,,,,,,,2,,
2026-07-13 05:21:53.169437,,2,23.5,25.2,29.2,1.52,55.9,100.93,16.2,,,22.5,23.0,22.0,-23.91,0.75,6.66,0,0,0,1,0,0,0,"[0, 0, 224]",,,,,,,,,,2,,
2026-07-13 05:21:53.273423,,2,23.5,25.2,29.2,1.39,56.17,100.8,16.2,,,22.5,23.0,22.0,-23.91,0.88,6.25,0,0,0,1,0,0,0,"[0, 0, 224]",,,,,,,,,,2,,
2026-07-13 05:21:53.381128,,2,23.5,25.2,29.2,1.29,55.3,100.4,16.2,,,22.5,23.0,22.0,-23.91,0.72,5.95,0,0,0,1,0,0,0,"[0, 0, 224]",,,,,,,,,,2,,
2026-07-13 05:21:53.485353,,2,23.5,25.2,29.2,0.88,55.97,99.46,16.2,,,22.5,23.0,22.0,-23.91,1.22,5.95,0,0,0,1,0,0,0,"[0, 0, 224]",,,,,,,,,,2,,
2026-07-13 05:21:53.599598,,2,23.5,25.2,29.2,1.19,55.9,98.79,16.2,,,22.5,23.0,22.0,-23.91,1.25,5.95,0,0,0,1,0,0,0,"[0, 0, 224]",,,,,,,,,,2,,
2026-07-13 05:21:53.706392,,2,23.5,25.2,29.2,1.22,55.67,99.46,16.2,,,22.5,23.0,22.0,-23.91,1.12,5.95,0,0,0,1,0,0,0,"[0, 0, 224]",,,,,,,,,,2,,
2026-07-13 05:21:53.812159,,2,23.5,25.2,29.2,0.92,56.27,102.28,16.2,,,22.5,23.0,22.0,-23.91,0.88,6.32,0,0,0,1,0,0,0,"[0, 0, 224]",,,,,,,,,,2,,
2026-07-13 05:21:53.928658,,2,23.5,25.2,29.2,1.52,55.63,101.34,16.2,,,22.5,23.0,22.0,-23.91,1.32,6.55,0,0,0,0,0,0,0,"[0, 0, 224]",,,,,,,,,,2,,
2026-07-13 05:21:54.033203,,2,23.5,25.2,29.2,0.75,55.87,99.86,16.2,,,22.5,23.0,22.0,-23.91,0.75,5.92,0,0,0,0,0,0,0,"[0, 0, 224]",,,,,,,,,,2,,
2026-07-13 05:21:54.137970,,2,23.5,25.2,29.2,0.75,55.97,98.25,16.2,,,22.5,23.0,22.0,-23.91,0.92,5.92,0,0,0,0,0,0,0,"[0, 0, 224]",,,,,,,,,,2,,
2026-07-13 05:21:54.242559,,2,23.5,25.2,29.2,1.69,55.94,102.95,16.2,,,22.5,23.0,22.0,-23.91,0.82,6.19,0,0,0,0,0,0,0,"[0, 0, 224]",,,,,,,,,,2,,
2026-07-13 05:21:54.350185,,2,23.5,25.2,29.2,0.78,55.53,101.87,16.2,,,22.5,23.0,22.0,-23.91,1.32,6.35,0,0,0,0,0,0,0,"[0, 0, 224]",,,,,,,,,,2,,
2026-07-13 05:21:54.453892,,2,23.5,25.2,29.2,0.95,56.31,97.44,16.2,,,22.5,23.0,22.0,-23.91,0.72,6.02,0,0,0,0,0,0,0,"[0, 0, 224]",,,,,,,,,,2,,
2026-07-13 05:21:54.569928,,2,23.5,25.2,29.2,1.72,55.8,99.99,16.2,,,22.5,23.0,22.0,-23.91,1.25,6.45,0,0,0,0,0,0,0,"[0, 0, 224]",,,,,,,,,,2,,
2026-07-13 05:21:54.674549,,2,23.5,25.2,29.2,1.22,55.37,99.86,16.2,,,22.5,23.0,22.0,-23.91,0.98,6.49,0,0,0,0,0,0,0,"[0, 0, 224]",,,,,,,,,,2,,
2026-07-13 05:21:54.778714,,2,23.5,25.2,29.2,1.08,55.53,98.79,16.2,,,22.5,23.0,22.0,-23.91,1.22,6.12,0,0,0,0,0,0,0,"[0, 0, 224]",,,,,,,,,,2,,
2026-07-13 05:21:54.883208,,2,23.5,25.2,29.2,1.02,55.87,100.67,16.2,,,22.5,23.0,22.0,-23.91,1.25,6.32,0,0,0,1,0,0,0,"[0, 0, 224]",,,,,,,,,,2,,
2026-07-13 05:21:54.987777,,2,23.5,25.2,29.2,1.25,55.7,100.67,16.2,,,22.5,23.0,22.0,-23.91,0.85,6.32,0,0,0,1,0,0,0,"[0, 0, 224]",,,,,,,,,,2,,
2026-07-13 05:21:55.091619,,2,23.5,25.2,29.2,1.39,55.57,102.14,16.2,,,22.5,23.0,22.0,-23.91,1.12,5.75,0,0,0,1,0,0,0,"[0, 0, 224]",,,,,,,,,,2,,
2026-07-13 05:21:55.196130,,2,23.5,25.2,29.2,1.29,55.87,100.26,16.2,,,22.5,23.0,22.0,-23.91,0.82,6.05,0,0,0,1,0,0,0,"[0, 0, 224]",,,,,,,,,,2,,
2026-07-13 05:21:55.303610,,2,23.5,25.2,29.2,1.32,56.24,100.93,16.2,,,22.5,23.0,22.0,-23.91,1.32,5.98,0,0,0,1,0,0,0,"[0, 0, 224]",,,,,,,,,,2,,
2026-07-13 05:21:55.407620,,2,23.5,25.2,29.2,1.45,55.53,100.4,16.2,,,22.5,23.0,22.0,-23.91,0.72,5.92,0,0,0,1,0,0,0,"[0, 0, 224]",,,,,,,,,,2,,
2026-07-13 05:21:55.512674,,2,23.5,25.2,29.2,1.19,55.8,99.32,16.2,,,22.5,23.0,22.0,-23.91,0.98,6.22,0,0,0,1,0,0,0,"[0, 0, 224]",,,,,,,,,,2,,
2026-07-13 05:21:55.629946,,2,23.5,25.2,29.2,1.32,55.87,101.2,16.2,,,22.5,23.0,22.0,-23.91,1.22,5.92,0,0,0,1,0,0,0,"[0, 0, 224]",,,,,,,,,,2,,
2026-07-13 05:21:55.738668,,2,23.5,25.2,29.2,1.42,56.0,100.26,16.2,,,22.5,23.0,22.0,-23.91,0.85,5.78,0,0,0,1,0,0,0,"[0, 0, 224]",,,,,,,,,,2,,
2026-07-13 05:21:55.842459,,2,23.5,25.2,29.2,1.62,55.63,99.32,16.2,,,22.5,23.0,22.0,-23.91,1.02,6.22,0,0,0,1,0,0,0,"[0, 0, 224]",,,,,,,,,,2,,
2026-07-13 05:21:55.948348,,2,23.5,25.2,29.2,1.15,55.8,101.61,16.2,,,22.5,23.0,22.0,-23.91,1.22,6.29,0,0,0,1,0,0,0,"[0, 0, 224]",,,,,,,,,,2,,
2026-07-13 05:21:56.053772,,2,23.5,25.2,29.2,1.29,55.2,100.26,16.2,,,22.5,23.0,22.0,-23.91,1.39,6.25,0,0,0,1,0,0,0,"[0, 0, 224]",,,,,,,,,,2,,
2026-07-13 05:21:56.157726,,2,23.5,25.2,29.2,1.19,55.67,101.2,16.2,,,22.5,23.0,22.0,-23.91,0.85,5.85,0,0,0,1,0,0,0,"[0, 0, 224]",,,,,,,,,,2,,
2026-07-13 05:21:56.264634,,2,23.5,25.2,29.2,1.35,55.47,99.86,16.2,,,22.5,23.0,22.0,-23.91,1.35,5.85,0,0,0,1,0,0,0,"[0, 0, 224]",,,,,,,,,,2,,
2026-07-13 05:21:56.368717,,2,23.5,25.2,29.5,1.45,56.0,100.93,16.2,,,22.5,23.0,22.0,-23.91,0.85,5.88,0,0,0,1,0,0,0,"[0, 0, 224]",,,,,,,,,,2,,
2026-07-13 05:21:56.472767,,2,23.5,25.2,29.5,0.55,56.14,99.05,16.2,,,22.5,23.0,22.0,-23.91,1.42,6.35,0,0,0,1,0,0,0,"[0, 0, 224]",,,,,,,,,,2,,
2026-07-13 05:21:56.582764,,2,23.5,25.2,29.5,1.25,55.57,101.47,16.2,,,22.5,23.0,22.0,-23.91,1.39,6.19,0,0,0,1,0,0,0,"[0, 0, 224]",,,,,,,,,,2,,
2026-07-13 05:21:56.687066,,2,23.5,25.2,29.5,0.92,55.4,99.46,16.2,,,22.5,23.0,22.0,-23.91,1.05,5.75,0,0,0,1,0,0,0,"[0, 0, 224]",,,,,,,,,,2,,
2026-07-13 05:21:56.791704,,2,23.5,25.2,29.5,1.12,55.9,100.13,16.2,,,22.5,23.0,22.0,-23.91,0.82,6.05,0,0,0,1,0,0,0,"[0, 0, 224]",,,,,,,,,,2,,
2026-07-13 05:21:56.905305,,2,23.5,25.2,29.5,1.32,55.57,100.53,16.2,,,22.5,23.0,22.0,-23.91,0.92,6.05,0,0,0,1,0,0,0,"[0, 0, 224]",,,,,,,,,,2,,
2026-07-13 05:21:57.009883,,2,23.5,25.2,29.5,1.39,55.74,101.47,16.2,,,22.5,23.0,22.0,-23.91,0.78,5.65,0,0,0,1,0,0,0,"[0, 0, 224]",,,,,,,,,,2,,
2026-07-13 05:21:57.113766,,2,23.5,25.2,29.5,1.25,55.57,99.46,16.2,,,22.5,23.0,22.0,-23.91,0.75,6.15,0,0,0,1,0,0,0,"[0, 0, 224]",,,,,,,,,,2,,
2026-07-13 05:21:57.219222,,2,23.5,25.2,29.5,1.35,56.1,101.07,16.2,,,22.5,23.0,22.0,-23.91,1.05,5.72,0,0,0,1,0,0,0,"[0, 0, 224]",,,,,,,,,,2,,
2026-07-13 05:21:57.323104,,2,23.5,25.2,29.5,1.25,56.27,100.93,16.2,,,22.5,23.0,22.0,-23.91,1.19,6.25,0,0,0,1,0,0,0,"[0, 0, 224]",,,,,,,,,,2,,
2026-07-13 05:21:57.427599,,2,23.5,25.2,29.5,1.29,56.17,100.93,16.2,,,22.5,23.0,22.0,-23.91,0.98,6.05,0,0,0,1,0,0,0,"[0, 0, 224]",,,,,,,,,,2,,
2026-07-13 05:21:57.531807,,2,23.5,25.2,29.5,1.22,55.84,101.61,16.2,,,22.5,23.0,22.0,-23.91,1.29,6.02,0,0,0,1,0,0,0,"[0, 0, 224]",,,,,,,,,,2,,
2026-07-13 05:21:57.642079,,2,23.5,25.2,29.5,1.35,55.87,101.34,16.2,,,22.5,23.0,22.0,-23.91,1.05,5.98,0,0,0,1,0,0,0,"[0, 0, 224]",,,,,,,,,,2,,
2026-07-13 05:21:57.746372,,2,23.5,25.2,29.5,1.32,56.1,99.05,16.2,,,22.5,23.0,22.0,-23.91,1.42,6.15,0,0,0,1,0,0,0,"[0, 0, 224]",,,,,,,,,,2,,
2026-07-13 05:21:57.850094,,2,23.5,25.2,29.5,1.35,55.67,100.4,16.2,,,22.5,23.0,22.0,-23.91,1.39,5.55,0,0,0,1,0,0,0,"[0, 0, 224]",,,,,,,,,,2,,
2026-07-13 05:21:57.954562,,2,23.5,25.2,29.5,1.72,56.0,99.19,16.2,,,22.5,23.0,22.0,-23.91,1.08,5.61,0,0,0,1,0,0,0,"[0, 0, 224]",,,,,,,,,,2,,
2026-07-13 05:21:58.060951,,2,23.5,25.2,29.5,1.62,56.07,101.74,16.2,,,22.5,23.0,22.0,-23.91,0.78,6.15,0,0,0,1,0,0,0,"[0, 0, 224]",,,,,,,,,,2,,
2026-07-13 05:21:58.166253,,2,23.5,25.2,29.5,1.12,55.4,100.8,16.2,,,22.5,23.0,22.0,-23.91,0.95,5.45,0,0,0,1,0,0,0,"[0, 0, 224]",,,,,,,,,,2,,
2026-07-13 05:21:58.269619,,2,23.5,25.2,29.5,1.25,55.94,100.13,16.2,,,22.5,23.0,22.0,-23.91,0.72,5.51,0,0,0,1,0,0,0,"[0, 0, 224]",,,,,,,,,,2,,
2026-07-13 05:21:58.373878,,2,23.5,25.2,29.5,1.19,55.77,99.59,16.2,,,22.5,23.0,22.0,-23.91,0.92,5.45,0,0,0,1,0,0,0,"[0, 0, 224]",,,,,,,,,,2,,
2026-07-13 05:21:58.478119,,2,23.5,25.2,29.5,1.05,55.63,98.92,16.2,,,22.5,23.0,22.0,-23.91,1.35,5.41,0,0,0,1,0,0,0,"[0, 0, 224]",,,,,,,,,,2,,
2026-07-13 05:21:58.592327,,2,23.5,25.2,29.5,1.69,55.87,100.4,16.2,,,22.5,23.0,22.0,-23.91,0.95,5.55,0,0,0,1,0,0,0,"[0, 0, 224]",,,,,,,,,,2,,
2026-07-13 05:21:58.696156,,2,23.5,25.2,29.5,1.22,55.6,100.53,16.2,,,22.5,23.0,22.0,-23.91,1.02,5.92,0,0,0,1,0,0,0,"[0, 0, 224]",,,,,,,,,,2,,
2026-07-13 05:21:58.800693,,2,23.5,25.2,29.5,1.42,56.04,99.99,16.2,,,22.5,23.0,22.0,-23.91,0.78,5.75,0,0,0,1,0,0,0,"[0, 0, 224]",,,,,,,,,,2,,
2026-07-13 05:21:58.914073,,2,23.5,25.2,29.5,1.02,55.97,100.26,16.2,,,22.5,23.0,22.0,-23.91,1.22,5.58,0,0,0,1,0,0,0,"[0, 0, 224]",,,,,,,,,,2,,
2026-07-13 05:21:59.021217,,2,23.5,25.2,29.5,1.29,55.8,102.01,16.2,,,22.5,23.0,22.0,-23.91,1.35,5.45,0,0,0,1,0,0,0,"[0, 0, 224]",,,,,,,,,,2,,
2026-07-13 05:21:59.128568,,2,23.5,25.2,29.5,1.42,55.84,100.13,16.2,,,22.5,23.0,22.0,-23.91,0.72,5.65,0,0,0,1,0,0,0,"[0, 0, 224]",,,,,,,,,,2,,
2026-07-13 05:21:59.235661,,2,23.5,25.2,29.5,1.42,55.97,101.2,16.2,,,22.5,23.0,22.0,-23.91,0.82,5.92,0,0,0,1,0,0,0,"[0, 0, 224]",,,,,,,,,,2,,
2026-07-13 05:21:59.342671,,2,23.5,25.2,29.5,1.45,55.8,102.28,16.2,,,22.5,23.0,22.0,-23.91,0.75,5.61,0,0,0,1,0,0,0,"[0, 0, 224]",,,,,,,,,,2,,
2026-07-13 05:21:59.449399,,2,23.5,25.2,29.7,0.85,56.07,100.4,16.2,,,22.5,23.0,22.0,-23.91,1.15,5.65,0,0,0,1,0,0,0,"[0, 0, 224]",,,,,,,,,,2,,
2026-07-13 05:21:59.556452,,2,23.5,25.2,29.7,1.62,56.1,101.34,16.2,,,22.5,23.0,22.0,-23.91,0.88,5.95,0,0,0,1,0,0,0,"[0, 0, 224]",,,,,,,,,,2,,
2026-07-13 05:21:59.663171,,2,23.5,25.2,29.7,1.15,55.16,100.4,16.2,,,22.5,23.0,22.0,-23.91,1.42,5.31,0,0,0,1,0,0,0,"[0, 0, 224]",,,,,,,,,,2,,
2026-07-13 05:21:59.770709,,2,23.5,25.2,29.7,0.95,56.0,101.47,16.2,,,22.5,23.0,22.0,-23.91,1.29,5.95,0,0,0,1,0,0,0,"[0, 0, 224]",,,,,,,,,,2,,
2026-07-13 05:21:59.877983,,2,23.5,25.2,29.7,1.42,55.67,99.73,16.2,,,22.5,23.0,22.0,-23.91,0.85,5.85,0,0,0,1,0,0,0,"[0, 0, 224]",,,,,,,,,,2,,
2026-07-13 05:21:59.984990,,2,23.5,25.2,29.7,1.15,55.97,99.05,16.2,,,22.5,23.0,22.0,-23.91,0.92,5.41,0,0,0,1,0,0,0,"[0, 0, 224]",,,,,,,,,,2,,
2026-07-13 05:22:00.091773,,2,23.5,25.2,29.7,1.35,56.0,99.05,16.2,,,22.5,23.0,22.0,-23.91,0.68,5.48,0,0,0,1,0,0,0,"[0, 0, 224]",,,,,,,,,,2,,
2026-07-13 05:22:00.199175,,2,23.5,25.2,29.7,1.35,55.33,100.93,16.2,,,22.5,23.0,22.0,-23.91,1.05,5.85,0,0,0,1,0,0,0,"[0, 0, 224]",,,,,,,,,,2,,
2026-07-13 05:22:00.306284,,2,23.5,25.2,29.7,1.19,56.0,98.79,16.2,,,22.5,23.0,22.0,-23.91,0.65,5.38,0,0,0,1,0,0,0,"[0, 0, 224]",,,,,,,,,,2,,
2026-07-13 05:22:00.414490,,2,23.5,25.2,29.7,1.72,55.5,100.26,16.2,,,22.5,23.0,22.0,-23.91,1.29,5.45,0,0,0,1,0,0,0,"[0, 0, 224]",,,,,,,,,,2,,
2026-07-13 05:22:00.521429,,2,23.5,25.2,29.7,1.35,55.43,98.79,16.2,,,22.5,23.0,22.0,-23.91,0.85,5.45,0,0,0,1,0,0,0,"[0, 0, 224]",,,,,,,,,,2,,
2026-07-13 05:22:00.635086,,2,23.5,25.2,29.7,1.12,56.0,99.19,16.2,,,22.5,23.0,22.0,-23.91,1.39,5.38,0,0,0,1,0,0,0,"[0, 0, 224]",,,,,,,,,,2,,
2026-07-13 05:22:00.743010,,2,23.5,25.2,29.7,1.49,56.0,102.55,16.2,,,22.5,23.0,22.0,-23.91,1.29,5.78,0,0,0,1,0,0,0,"[0, 0, 224]",,,,,,,,,,2,,
2026-07-13 05:22:00.849894,,2,23.5,25.2,29.7,1.55,55.97,99.86,16.2,,,22.5,23.0,22.0,-23.91,0.75,5.88,0,0,0,1,0,0,0,"[0, 0, 224]",,,,,,,,,,2,,
2026-07-13 05:22:00.957853,,2,23.5,25.2,29.7,1.25,55.5,100.13,16.2,,,22.5,23.0,22.0,-23.91,1.12,5.88,0,0,0,1,0,0,0,"[0, 0, 224]",,,,,,,,,,2,,
2026-07-13 05:22:01.064879,,2,23.5,25.2,29.7,0.95,55.67,101.2,16.2,,,22.5,23.0,22.0,-23.91,1.42,5.35,0,0,0,1,0,0,0,"[0, 0, 224]",,,,,,,,,,2,,
2026-07-13 05:22:01.171697,,2,23.5,25.2,29.7,1.69,55.67,99.86,16.2,,,22.5,23.0,22.0,-23.91,1.25,5.25,0,0,0,1,0,0,0,"[0, 0, 224]",,,,,,,,,,2,,
2026-07-13 05:22:01.279065,,2,23.5,25.2,29.7,1.08,56.0,99.46,16.2,,,22.5,23.0,22.0,-23.91,0.75,5.21,0,0,0,1,0,0,0,"[0, 0, 224]",,,,,,,,,,2,,
2026-07-13 05:22:01.386586,,2,23.5,25.2,29.7,1.29,55.53,100.93,16.2,,,22.5,23.0,22.0,-23.91,0.78,5.88,0,0,0,1,0,0,0,"[0, 0, 224]",,,,,,,,,,2,,
2026-07-13 05:22:01.494655,,2,23.5,25.2,29.7,1.69,56.14,99.99,16.2,,,22.5,23.0,22.0,-23.91,1.35,5.48,0,0,0,1,0,0,0,"[0, 0, 224]",,,,,,,,,,2,,
2026-07-13 05:22:01.615906,,2,23.5,25.2,29.7,0.98,55.6,101.07,16.2,,,22.5,23.0,22.0,-23.91,0.68,5.14,0,0,0,1,0,0,0,"[0, 0, 224]",,,,,,,,,,2,,
2026-07-13 05:22:01.723119,,2,23.5,25.2,29.7,1.22,54.93,100.26,16.2,,,22.5,23.0,22.0,-23.91,0.92,5.58,0,0,0,1,0,0,0,"[0, 0, 224]",,,,,,,,,,2,,
2026-07-13 05:22:01.830456,,2,23.5,25.2,29.7,1.49,55.47,103.08,16.2,,,22.5,23.0,22.0,-23.91,0.98,5.55,0,0,0,1,0,0,0,"[0, 0, 224]",,,,,,,,,,2,,
2026-07-13 05:22:01.937682,,2,23.5,25.2,29.7,1.66,56.07,101.47,16.2,,,22.5,23.0,22.0,-23.91,1.05,5.82,0,0,0,1,0,0,0,"[0, 0, 224]",,,,,,,,,,2,,
2026-07-13 05:22:02.044842,,2,23.5,25.2,29.7,1.52,56.0,100.4,16.2,,,22.5,23.0,22.0,-23.91,0.82,5.72,0,0,0,1,0,0,0,"[0, 0, 224]",,,,,,,,,,2,,
2026-07-13 05:22:02.151671,,2,23.5,25.2,29.7,1.08,55.97,101.07,16.2,,,22.5,23.0,22.0,-23.91,1.19,5.35,0,0,0,1,0,0,0,"[0, 0, 224]",,,,,,,,,,2,,
2026-07-13 05:22:02.259816,,2,23.5,25.2,29.7,0.75,55.2,101.07,16.2,,,22.5,23.0,22.0,-23.91,1.22,5.45,0,0,0,1,0,0,0,"[0, 0, 224]",,,,,,,,,,2,,
2026-07-13 05:22:02.367164,,2,23.5,25.2,29.7,1.22,56.07,99.59,16.2,,,22.5,23.0,22.0,-23.91,0.82,5.68,0,0,0,1,0,0,0,"[0, 0, 224]",,,,,,,,,,2,,
2026-07-13 05:22:02.474376,,2,23.5,25.2,29.7,1.29,55.6,100.4,16.2,,,22.5,23.0,22.0,-23.91,0.85,5.58,0,0,0,1,0,0,0,"[0, 0, 224]",,,,,,,,,,2,,
2026-07-13 05:22:02.589980,,2,23.5,25.2,29.7,1.19,55.77,102.41,16.2,,,22.5,23.0,22.0,-23.91,1.08,5.38,0,0,0,1,0,0,0,"[0, 0, 224]",,,,,,,,,,2,,
2026-07-13 05:22:02.697931,,2,23.5,25.2,29.7,1.22,55.97,100.8,16.2,,,22.5,23.0,22.0,-23.91,1.32,5.31,0,0,0,1,0,0,0,"[0, 0, 224]",,,,,,,,,,2,,
2026-07-13 05:22:02.805427,,2,23.5,25.2,29.7,0.65,55.94,102.01,16.2,,,22.5,23.0,22.0,-23.91,1.39,5.51,0,0,0,1,0,0,0,"[0, 0, 224]",,,,,,,,,,2,,
2026-07-13 05:22:02.918054,,2,23.5,25.2,29.7,1.35,55.43,99.73,16.2,,,22.5,23.0,22.0,-23.91,0.75,5.41,0,0,0,1,0,0,0,"[0, 0, 224]",,,,,,,,,,2,,
2026-07-13 05:22:03.025834,,2,23.5,25.2,29.7,1.72,55.27,101.2,16.2,,,22.5,23.0,22.0,-23.91,1.32,5.35,0,0,0,1,0,0,0,"[0, 0, 224]",,,,,,,,,,2,,
2026-07-13 05:22:03.133488,,2,23.5,25.2,29.7,1.35,56.34,99.32,16.2,,,22.5,23.0,22.0,-23.91,0.72,5.45,0,0,0,1,0,0,0,"[0, 0, 224]",,,,,,,,,,2,,
2026-07-13 05:22:03.240121,,2,23.5,25.2,29.7,1.52,55.67,98.92,16.2,,,22.5,23.0,22.0,-23.91,0.82,5.38,0,0,0,1,0,0,0,"[0, 0, 224]",,,,,,,,,,2,,
2026-07-13 05:22:03.347118,,2,23.5,25.2,29.7,0.78,55.74,100.53,16.2,,,22.5,23.0,22.0,-23.91,1.22,5.61,0,0,0,1,0,0,0,"[0, 0, 224]",,,,,,,,,,2,,
2026-07-13 05:22:03.455073,,2,23.5,25.2,29.7,1.52,55.43,100.93,16.2,,,22.5,23.0,22.0,-23.91,1.42,5.61,0,0,0,1,0,0,0,"[0, 0, 224]",,,,,,,,,,2,,
2026-07-13 05:22:03.561918,,2,23.5,25.2,29.7,1.12,55.13,99.73,16.2,,,22.5,23.0,22.0,-23.91,1.45,5.14,0,0,0,1,0,0,0,"[0, 0, 224]",,,,,,,,,,2,,
2026-07-13 05:22:03.668543,,2,23.5,25.2,29.7,0.61,55.2,101.61,16.2,,,22.5,23.0,22.0,-23.91,0.95,5.04,0,0,0,1,0,0,0,"[0, 0, 224]",,,,,,,,,,2,,
2026-07-13 05:22:03.775607,,2,23.5,25.2,29.7,1.02,55.74,100.4,16.2,,,22.5,23.0,22.0,-23.91,0.68,5.55,0,0,0,1,0,0,0,"[0, 0, 224]",,,,,,,,,,2,,
2026-07-13 05:22:03.882951,,2,23.5,25.2,29.7,1.32,56.14,101.61,16.2,,,22.5,23.0,22.0,-23.91,0.82,5.58,0,0,0,1,0,0,0,"[0, 0, 224]",,,,,,,,,,2,,
2026-07-13 05:22:03.990625,,2,23.5,25.2,29.7,0.92,56.0,98.38,16.2,,,22.5,23.0,22.0,-23.91,1.25,5.11,0,0,0,1,0,0,0,"[0, 0, 224]",,,,,,,,,,2,,
2026-07-13 05:22:04.097373,,2,23.5,25.2,29.7,1.45,55.37,99.46,16.2,,,22.5,23.0,22.0,-23.91,1.25,5.48,0,0,0,1,0,0,0,"[0, 0, 224]",,,,,,,,,,2,,
2026-07-13 05:22:04.204176,,2,23.5,25.2,29.7,0.95,55.97,99.19,16.2,,,22.5,23.0,22.0,-23.91,0.82,5.51,0,0,0,1,0,0,0,"[0, 0, 224]",,,,,,,,,,2,,
2026-07-13 05:22:04.311081,,2,23.5,25.2,29.7,1.52,55.94,99.19,16.2,,,22.5,23.0,22.0,-23.91,1.39,5.01,0,0,0,1,0,0,0,"[0, 0, 224]",,,,,,,,,,2,,
2026-07-13 05:22:04.418389,,2,23.5,25.2,29.7,1.55,55.53,100.4,16.2,,,22.5,23.0,22.0,-23.91,1.05,5.38,0,0,0,1,0,0,0,"[0, 0, 224]",,,,,,,,,,2,,
2026-07-13 05:22:04.526090,,2,23.5,25.2,29.7,1.29,55.57,100.8,16.2,,,22.5,23.0,22.0,-23.91,0.75,5.41,0,0,0,1,0,0,0,"[0, 0, 224]",,,,,,,,,,2,,
2026-07-13 05:22:04.640640,,2,23.5,25.2,29.7,1.12,55.57,100.13,16.2,,,22.5,23.0,22.0,-23.91,1.25,4.84,0,0,0,1,0,0,0,"[0, 0, 224]",,,,,,,,,,2,,
2026-07-13 05:22:04.747753,,2,23.5,25.2,29.7,1.12,55.77,100.8,16.2,,,22.5,23.0,22.0,-23.91,0.75,4.98,0,0,0,1,0,0,0,"[0, 0, 224]",,,,,,,,,,2,,
2026-07-13 05:22:04.854911,,2,23.5,25.2,29.7,1.45,55.8,101.07,16.2,,,22.5,23.0,22.0,-23.91,1.39,5.45,0,0,0,1,0,0,0,"[0, 0, 224]",,,,,,,,,,2,,
2026-07-13 05:22:04.962031,,2,23.5,25.2,29.7,1.32,55.63,99.05,16.2,,,22.5,23.0,22.0,-23.91,1.05,5.04,0,0,0,1,0,0,0,"[0, 0, 224]",,,,,,,,,,2,,
2026-07-13 05:22:05.090597,,2,23.5,25.2,29.7,0.98,55.84,99.99,16.2,,,22.5,23.0,22.0,-23.91,0.82,5.41,0,0,0,1,0,0,0,"[0, 0, 224]",,,,,,,,,,2,,
2026-07-13 05:22:05.206303,,2,23.5,25.2,29.7,0.95,55.97,100.13,16.2,,,22.5,23.0,22.0,-23.91,0.88,5.38,0,0,0,1,0,0,0,"[0, 0, 224]",,,,,,,,,,2,,
2026-07-13 05:22:05.313618,,2,23.5,25.2,29.7,1.19,55.77,101.2,16.2,,,22.5,23.0,22.0,-23.91,1.35,5.01,0,0,0,1,0,0,0,"[0, 0, 224]",,,,,,,,,,2,,
2026-07-13 05:22:05.420865,,2,23.5,25.2,29.7,1.55,56.07,101.61,16.2,,,22.5,23.0,22.0,-23.91,1.39,5.45,0,0,0,1,0,0,0,"[0, 0, 224]",,,,,,,,,,2,,
2026-07-13 05:22:05.528298,,2,23.5,25.2,29.7,1.08,55.7,100.13,16.2,,,22.5,23.0,22.0,-23.91,0.75,5.51,0,0,0,1,0,0,0,"[0, 0, 224]",,,,,,,,,,2,,
2026-07-13 05:22:05.647280,,2,23.5,25.2,29.7,0.85,55.77,99.32,16.2,,,22.5,23.0,22.0,-23.91,1.22,5.45,0,0,0,1,0,0,0,"[0, 0, 224]",,,,,,,,,,2,,
2026-07-13 05:22:05.754304,,2,23.5,25.2,29.7,0.82,55.7,100.8,16.2,,,22.5,23.0,22.0,-23.91,1.35,4.91,0,0,0,1,0,0,0,"[0, 0, 224]",,,,,,,,,,2,,
2026-07-13 05:22:05.861206,,2,23.5,25.2,29.7,1.35,55.63,100.13,16.2,,,22.5,23.0,22.0,-23.91,1.02,4.98,0,0,0,1,0,0,0,"[0, 0, 224]",,,,,,,,,,2,,
2026-07-13 05:22:05.968431,,2,23.5,25.2,29.7,1.02,55.57,100.93,16.2,,,22.5,23.0,22.0,-23.91,1.05,5.41,0,0,0,1,0,0,0,"[0, 0, 224]",,,,,,,,,,2,,
2026-07-13 05:22:06.075117,,2,23.5,25.2,29.7,1.52,55.63,101.74,16.2,,,22.5,23.0,22.0,-23.91,1.19,4.78,0,0,0,1,0,0,0,"[0, 0, 224]",,,,,,,,,,2,,
2026-07-13 05:22:06.182039,,2,23.5,25.2,29.7,1.19,55.37,99.59,16.2,,,22.5,23.0,22.0,-23.91,1.39,5.08,0,0,0,1,0,0,0,"[0, 0, 224]",,,,,,,,,,2,,
2026-07-13 05:22:06.289386,,2,23.5,25.2,29.7,1.45,55.63,99.05,16.2,,,22.5,23.0,22.0,-23.91,0.78,5.25,0,0,0,1,0,0,0,"[0, 0, 224]",,,,,,,,,,2,,
2026-07-13 05:22:06.396635,,2,23.5,25.2,29.7,1.25,55.63,101.2,16.2,,,22.5,23.0,22.0,-23.91,1.02,5.38,0,0,0,1,0,0,0,"[0, 0, 224]",,,,,,,,,,2,,
2026-07-13 05:22:06.503413,,2,23.5,25.2,29.7,0.98,55.74,101.2,16.2,,,22.5,23.0,22.0,-23.91,0.75,4.81,0,0,0,1,0,0,0,"[0, 0, 224]",,,,,,,,,,2,,
2026-07-13 05:22:06.638940,,2,23.5,25.2,29.7,0.85,55.84,99.99,16.2,,,22.2,23.0,22.0,-23.91,1.25,4.78,0,0,0,1,0,0,0,"[0, 0, 224]",,,,,,,,,,2,,
2026-07-13 05:22:06.752424,,2,23.5,25.2,29.7,0.85,55.37,100.53,16.2,,,22.2,23.0,22.0,-23.91,1.32,4.74,0,0,0,1,0,0,0,"[0, 0, 224]",,,,,,,,,,2,,
2026-07-13 05:22:06.866806,,2,23.5,25.2,29.7,1.12,55.97,100.67,16.2,,,22.2,23.0,22.0,-23.91,1.29,5.38,0,0,0,1,0,0,0,"[0, 0, 224]",,,,,,,,,,2,,
2026-07-13 05:22:06.979606,,2,23.5,25.2,29.7,1.08,55.8,99.99,16.2,,,22.2,23.0,22.0,-23.91,1.32,4.74,0,0,0,1,0,0,0,"[0, 0, 224]",,,,,,,,,,2,,
2026-07-13 05:22:07.092180,,2,23.5,25.2,29.7,1.42,55.53,100.4,16.2,,,22.2,23.0,22.0,-23.91,0.95,4.88,0,0,0,1,0,0,0,"[0, 0, 224]",,,,,,,,,,2,,
2026-07-13 05:22:07.205862,,2,23.5,25.2,29.7,1.32,55.77,99.46,16.2,,,22.2,23.0,22.0,-23.91,1.12,4.71,0,0,0,1,0,0,0,"[0, 0, 224]",,,,,,,,,,2,,
2026-07-13 05:22:07.319309,,2,23.5,25.2,29.7,1.42,56.0,99.59,16.2,,,22.2,23.0,22.0,-23.91,0.75,5.21,0,0,0,1,0,0,0,"[0, 0, 224]",,,,,,,,,,2,,
2026-07-13 05:22:07.432582,,2,23.5,25.2,29.7,1.45,55.4,100.4,16.2,,,22.2,23.0,22.0,-23.91,1.05,5.18,0,0,0,1,0,0,0,"[0, 0, 224]",,,,,,,,,,2,,
2026-07-13 05:22:07.545865,,2,23.5,25.2,29.7,0.95,55.74,101.07,16.2,,,22.2,23.0,22.0,-23.91,0.75,5.31,0,0,0,1,0,0,0,"[0, 0, 224]",,,,,,,,,,2,,
2026-07-13 05:22:07.658363,,2,23.5,25.2,29.7,1.19,55.4,100.53,16.2,,,22.2,23.0,22.0,-23.91,0.92,4.68,0,0,0,1,0,0,0,"[0, 0, 224]",,,,,,,,,,2,,
2026-07-13 05:22:07.772018,,2,23.5,25.2,29.7,1.42,55.63,100.67,16.2,,,22.2,23.0,22.0,-23.91,1.22,5.18,0,0,0,1,0,0,0,"[0, 0, 224]",,,,,,,,,,2,,
2026-07-13 05:22:07.884899,,2,23.5,25.2,29.7,0.88,55.47,100.53,16.2,,,22.2,23.0,22.0,-23.91,0.82,4.81,0,0,0,1,0,0,0,"[0, 0, 224]",,,,,,,,,,2,,
2026-07-13 05:22:07.999051,,2,23.5,25.2,29.7,0.98,55.94,99.86,16.2,,,22.2,23.0,22.0,-23.91,0.78,4.68,0,0,0,1,0,0,0,"[0, 0, 224]",,,,,,,,,,2,,
2026-07-13 05:22:08.112184,,2,23.5,25.2,29.7,1.05,55.8,99.32,16.2,,,22.2,23.0,22.0,-23.91,0.72,5.18,0,0,0,1,0,0,0,"[0, 0, 224]",,,,,,,,,,2,,
2026-07-13 05:22:08.225276,,2,23.5,25.2,29.7,1.39,55.7,100.26,16.2,,,22.2,23.0,22.0,-23.91,1.35,4.64,0,0,0,1,0,0,0,"[0, 0, 224]",,,,,,,,,,2,,
2026-07-13 05:22:08.338313,,2,23.5,25.2,30.0,1.39,55.37,100.67,16.2,,,22.2,23.0,22.0,-23.91,0.98,4.64,0,0,0,1,0,0,0,"[0, 0, 224]",,,,,,,,,,2,,
2026-07-13 05:22:08.451276,,2,23.5,25.2,30.0,1.29,55.13,101.2,16.2,,,22.2,23.0,22.0,-23.91,1.29,5.08,0,0,0,1,0,0,0,"[0, 0, 224]",,,,,,,,,,2,,
2026-07-13 05:22:08.565362,,2,23.5,25.2,30.0,0.92,55.63,101.2,16.2,,,22.2,23.0,22.0,-23.91,0.85,4.64,0,0,0,1,0,0,0,"[0, 0, 224]",,,,,,,,,,2,,
2026-07-13 05:22:08.692788,,2,23.5,25.2,30.0,1.35,55.47,99.46,16.2,,,22.2,23.0,22.0,-23.91,1.29,4.57,0,0,0,1,0,0,0,"[0, 0, 224]",,,,,,,,,,2,,
2026-07-13 05:22:08.805772,,2,23.5,25.2,30.0,1.15,55.63,100.53,16.2,,,22.2,23.0,22.0,-23.91,0.95,4.74,0,0,0,1,0,0,0,"[0, 0, 224]",,,,,,,,,,2,,
2026-07-13 05:22:08.924996,,2,23.5,25.2,30.0,1.49,55.53,101.2,16.2,,,22.2,23.0,22.0,-23.91,1.35,4.54,0,0,0,1,0,0,0,"[0, 0, 224]",,,,,,,,,,2,,
2026-07-13 05:22:09.038507,,2,23.5,25.2,30.0,1.05,55.33,99.73,16.2,,,22.2,23.0,22.0,-23.91,0.85,5.21,0,0,0,1,0,0,0,"[0, 0, 224]",,,,,,,,,,2,,
2026-07-13 05:22:09.152068,,2,23.5,25.2,30.0,1.55,55.67,99.99,16.2,,,22.2,23.0,22.0,-23.91,1.42,5.21,0,0,0,1,0,0,0,"[0, 0, 224]",,,,,,,,,,2,,
2026-07-13 05:22:09.263978,,2,23.5,25.2,30.0,0.72,55.74,99.46,16.2,,,22.2,23.0,22.0,-23.91,0.85,4.98,0,0,0,1,0,0,0,"[0, 0, 224]",,,,,,,,,,2,,
2026-07-13 05:22:09.377555,,2,23.5,25.2,30.0,1.08,56.0,98.79,16.2,,,22.2,23.0,22.0,-23.91,0.98,5.14,0,0,0,1,0,0,0,"[0, 0, 224]",,,,,,,,,,2,,
2026-07-13 05:22:09.490536,,2,23.5,25.2,30.0,1.92,55.53,99.46,16.2,,,22.2,23.0,22.0,-23.91,0.85,5.11,0,0,0,1,0,0,0,"[0, 0, 224]",,,,,,,,,,2,,
2026-07-13 05:22:09.609899,,2,23.5,25.2,30.0,0.92,56.24,99.05,16.2,,,22.2,23.0,22.0,-23.91,1.35,4.64,0,0,0,1,0,0,0,"[0, 0, 224]",,,,,,,,,,2,,
2026-07-13 05:22:09.722919,,2,23.5,25.2,30.0,1.49,55.2,100.26,16.2,,,22.2,23.0,22.0,-23.91,1.45,4.78,0,0,0,1,0,0,0,"[0, 0, 224]",,,,,,,,,,2,,
2026-07-13 05:22:09.836005,,2,23.5,25.2,30.0,1.52,55.4,98.11,16.2,,,22.5,23.0,22.0,-23.91,1.29,5.04,0,0,0,1,0,0,0,"[0, 0, 224]",,,,,,,,,,2,,
2026-07-13 05:22:09.950007,,2,23.5,25.2,30.0,1.69,55.87,101.87,16.2,,,22.5,23.0,22.0,-23.91,1.32,4.51,0,0,0,0,0,0,0,"[0, 0, 224]",,,,,,,,,,2,,
2026-07-13 05:22:10.063489,,2,23.5,25.2,30.0,1.49,55.57,99.46,16.2,,,22.5,23.0,22.0,-23.91,0.75,4.81,0,0,0,0,0,0,0,"[0, 0, 224]",,,,,,,,,,2,,
2026-07-13 05:22:10.176402,,2,23.5,25.2,30.0,1.25,55.7,101.2,16.2,,,22.5,23.0,22.0,-23.91,0.85,4.78,0,0,0,0,0,0,0,"[0, 0, 224]",,,,,,,,,,2,,
2026-07-13 05:22:10.289205,,2,23.5,25.2,30.0,1.49,55.63,101.2,16.2,,,22.5,23.0,22.0,-23.91,0.68,4.78,0,0,0,0,0,0,0,"[0, 0, 224]",,,,,,,,,,2,,
2026-07-13 05:22:10.402555,,2,23.5,25.2,30.0,0.78,55.4,100.4,16.2,,,22.5,23.0,22.0,-23.91,1.19,4.47,0,0,0,0,0,0,0,"[0, 0, 224]",,,,,,,,,,2,,
2026-07-13 05:22:10.515858,,2,23.5,25.2,30.0,0.82,55.53,100.8,16.2,,,22.5,23.0,22.0,-23.91,0.78,5.08,0,0,0,0,0,0,0,"[0, 0, 224]",,,,,,,,,,2,,
2026-07-13 05:22:10.640718,,2,23.5,25.2,30.0,1.05,55.9,101.2,16.2,,,22.5,23.0,22.0,-23.91,1.19,4.37,0,0,0,0,0,0,0,"[0, 0, 224]",,,,,,,,,,2,,
2026-07-13 05:22:10.754797,,2,23.5,25.2,30.0,1.29,55.67,100.67,16.2,,,22.5,23.0,22.0,-23.91,1.29,4.78,0,0,0,0,0,0,0,"[0, 0, 224]",,,,,,,,,,2,,
2026-07-13 05:22:10.867621,,2,23.5,25.2,30.0,1.22,55.74,99.99,16.2,,,22.5,23.0,22.0,-23.91,1.42,4.94,0,0,0,0,0,0,0,"[0, 0, 224]",,,,,,,,,,2,,
2026-07-13 05:22:10.981413,,2,23.5,25.2,30.0,1.12,56.04,99.86,16.2,,,22.5,23.0,22.0,-23.91,1.42,4.98,0,0,0,1,0,0,0,"[0, 0, 224]",,,,,,,,,,2,,
2026-07-13 05:22:11.094412,,2,23.5,25.2,30.0,1.66,55.6,99.46,16.2,,,22.5,23.0,22.0,-23.91,0.85,4.37,0,0,0,1,0,0,0,"[0, 0, 224]",,,,,,,,,,2,,
2026-07-13 05:22:11.207516,,2,23.5,25.2,30.0,1.19,55.9,99.19,16.2,,,22.5,23.0,22.0,-23.91,1.05,4.34,0,0,0,1,0,0,0,"[0, 0, 224]",,,,,,,,,,2,,
2026-07-13 05:22:11.321267,,2,23.5,25.2,30.0,1.42,55.5,100.8,16.2,,,22.5,23.0,22.0,-23.91,0.95,4.24,0,0,0,1,0,0,0,"[0, 0, 224]",,,,,,,,,,2,,
2026-07-13 05:22:11.434144,,2,23.5,25.2,30.0,1.12,56.0,99.86,16.2,,,22.5,23.0,22.0,-23.91,0.78,4.41,0,0,0,1,0,0,0,"[0, 0, 224]",,,,,,,,,,2,,
2026-07-13 05:22:11.548143,,2,23.5,25.2,30.0,1.76,55.84,100.8,16.2,,,22.5,23.0,22.0,-23.91,1.25,4.74,0,0,0,1,0,0,0,"[0, 0, 224]",,,,,,,,,,2,,
2026-07-13 05:22:11.667620,,2,23.5,25.2,30.0,1.08,55.74,100.13,16.2,,,22.5,23.0,22.0,-23.91,1.42,4.31,0,0,0,1,0,0,0,"[0, 0, 224]",,,,,,,,,,2,,
2026-07-13 05:22:11.780620,,2,23.5,25.2,30.0,0.85,55.5,100.8,16.2,,,22.5,23.0,22.0,-23.91,1.08,4.71,0,0,0,1,0,0,0,"[0, 0, 224]",,,,,,,,,,2,,
2026-07-13 05:22:11.893977,,2,23.5,25.2,30.0,0.88,55.94,100.13,16.2,,,22.5,23.0,22.0,-23.91,1.08,4.74,0,0,0,1,0,0,0,"[0, 0, 224]",,,,,,,,,,2,,
2026-07-13 05:22:12.007231,,2,23.5,25.2,30.0,1.22,55.6,100.4,16.2,,,22.5,23.0,22.0,-23.91,1.45,4.54,0,0,0,1,0,0,0,"[0, 0, 224]",,,,,,,,,,2,,
2026-07-13 05:22:12.121185,,2,23.5,25.2,30.0,0.92,55.57,101.2,16.2,,,22.5,23.0,22.0,-23.91,0.82,4.98,0,0,0,1,0,0,0,"[0, 0, 224]",,,,,,,,,,2,,
2026-07-13 05:22:12.234347,,2,23.5,25.2,30.0,1.02,55.7,101.2,16.2,,,22.5,23.0,22.0,-23.91,0.72,4.84,0,0,0,1,0,0,0,"[0, 0, 224]",,,,,,,,,,2,,
2026-07-13 05:22:12.346934,,2,23.5,25.2,30.0,1.32,55.9,101.87,16.2,,,22.5,23.0,22.0,-23.91,1.19,4.88,0,0,0,1,0,0,0,"[0, 0, 224]",,,,,,,,,,2,,
2026-07-13 05:22:12.459734,,2,23.5,25.2,30.0,0.98,55.9,100.93,16.2,,,22.5,23.0,22.0,-23.91,1.35,4.21,0,0,0,1,0,0,0,"[0, 0, 224]",,,,,,,,,,2,,
2026-07-13 05:22:12.572477,,2,23.5,25.2,30.0,0.75,55.63,99.59,16.2,,,22.5,23.0,22.0,-23.91,1.05,4.34,0,0,0,1,0,0,0,"[0, 0, 224]",,,,,,,,,,2,,
2026-07-13 05:22:12.686097,,2,23.5,25.2,30.0,1.32,55.84,100.93,16.2,,,22.5,23.0,22.0,-23.91,0.75,4.64,0,0,0,1,0,0,0,"[0, 0, 224]",,,,,,,,,,2,,
2026-07-13 05:22:12.799536,,2,23.5,25.2,30.0,1.05,55.74,99.59,16.2,,,22.5,23.0,22.0,-23.91,1.42,4.17,0,0,0,1,0,0,0,"[0, 0, 224]",,,,,,,,,,2,,
2026-07-13 05:22:12.921172,,2,23.5,25.2,30.0,0.82,55.74,101.34,16.2,,,22.5,23.0,22.0,-23.91,1.08,4.44,0,0,0,1,0,0,0,"[0, 0, 224]",,,,,,,,,,2,,
2026-07-13 05:22:13.034760,,2,23.5,25.2,30.0,1.05,55.67,101.2,16.2,,,22.5,23.0,22.0,-23.91,0.72,4.74,0,0,0,1,0,0,0,"[0, 0, 224]",,,,,,,,,,2,,
2026-07-13 05:22:13.148194,,2,23.5,25.2,30.0,1.29,55.23,100.26,16.2,,,22.5,23.0,22.0,-23.91,1.35,4.24,0,0,0,1,0,0,0,"[0, 0, 224]",,,,,,,,,,2,,
2026-07-13 05:22:13.278659,,2,23.5,25.2,30.0,1.12,55.97,97.85,16.2,,,22.5,23.0,22.0,-23.91,0.82,4.31,0,0,0,1,0,0,0,"[0, 0, 224]",,,,,,,,,,2,,
2026-07-13 05:22:13.392322,,2,23.5,25.2,30.0,0.98,55.06,100.26,16.2,,,22.5,23.0,22.0,-23.91,0.75,4.61,0,0,0,1,0,0,0,"[0, 0, 224]",,,,,,,,,,2,,
2026-07-13 05:22:13.505901,,2,23.5,25.2,30.0,1.25,55.47,102.14,16.2,,,22.5,23.0,22.0,-23.91,1.22,4.84,0,0,0,1,0,0,0,"[0, 0, 224]",,,,,,,,,,2,,
2026-07-13 05:22:13.628150,,2,23.5,25.2,30.0,1.45,55.23,101.34,16.2,,,22.5,23.0,22.0,-23.91,0.78,4.81,0,0,0,1,0,0,0,"[0, 0, 224]",,,,,,,,,,2,,
2026-07-13 05:22:13.741659,,2,23.5,25.2,30.0,1.25,55.84,101.2,16.2,,,22.5,23.0,22.0,-23.91,1.35,4.81,0,0,0,1,0,0,0,"[0, 0, 224]",,,,,,,,,,2,,
2026-07-13 05:22:13.854864,,2,23.5,25.2,30.0,1.25,55.5,100.4,16.2,,,22.5,23.0,22.0,-23.91,0.95,4.68,0,0,0,1,0,0,0,"[0, 0, 224]",,,,,,,,,,2,,
2026-07-13 05:22:13.968951,,2,23.5,25.2,30.0,0.98,55.23,101.2,16.2,,,22.5,23.0,22.0,-23.91,1.15,4.27,0,0,0,1,0,0,0,"[0, 0, 224]",,,,,,,,,,2,,
2026-07-13 05:22:14.083212,,2,23.5,25.2,30.0,0.92,55.06,99.59,16.2,,,22.5,23.0,22.0,-23.91,1.42,4.27,0,0,0,1,0,0,0,"[0, 0, 224]",,,,,,,,,,2,,
2026-07-13 05:22:14.197304,,2,23.5,25.2,30.0,0.95,55.63,99.73,16.2,,,22.5,23.0,22.0,-23.91,0.95,4.17,0,0,0,1,0,0,0,"[0, 0, 224]",,,,,,,,,,2,,
2026-07-13 05:22:14.468474,,2,23.5,25.2,30.0,1.35,55.8,99.59,16.2,,,22.5,23.0,22.0,-23.91,1.15,4.14,0,0,0,1,0,0,0,"[0, 0, 224]",,,,,,,,,,2,,
2026-07-13 05:22:14.581808,,2,23.5,25.2,30.0,1.25,55.8,100.93,16.2,,,22.5,23.0,22.0,-23.91,1.22,4.71,0,0,0,1,0,0,0,"[0, 0, 224]",,,,,,,,,,2,,
2026-07-13 05:22:14.700409,,2,23.5,25.2,30.0,1.35,55.5,100.13,16.2,,,22.5,23.0,22.0,-23.91,0.75,4.64,0,0,0,1,0,0,0,"[0, 0, 224]",,,,,,,,,,2,,
2026-07-13 05:22:14.814196,,2,23.5,25.2,30.0,1.52,55.5,98.52,16.2,,,22.5,23.0,22.0,-23.91,1.08,4.61,0,0,0,1,0,0,0,"[0, 0, 224]",,,,,,,,,,2,,
2026-07-13 05:22:14.929475,,2,23.5,25.2,30.0,1.25,55.67,101.47,16.2,,,22.5,23.0,22.0,-23.91,0.98,4.68,0,0,0,1,0,0,0,"[0, 0, 224]",,,,,,,,,,2,,
2026-07-13 05:22:15.042931,,2,23.5,25.2,30.0,1.49,55.33,101.07,16.2,,,22.5,23.0,22.0,-23.91,0.72,4.57,0,0,0,1,0,0,0,"[0, 0, 224]",,,,,,,,,,2,,
2026-07-13 05:22:15.156433,,2,23.5,25.2,30.0,1.35,55.87,99.73,16.2,,,22.5,23.0,22.0,-23.91,0.72,4.21,0,0,0,1,0,0,0,"[0, 0, 224]",,,,,,,,,,2,,
2026-07-13 05:22:15.269556,,2,23.5,25.2,30.0,1.12,55.16,98.79,16.2,,,22.5,23.0,22.0,-23.91,1.45,4.78,0,0,0,1,0,0,0,"[0, 0, 224]",,,,,,,,,,2,,
2026-07-13 05:22:15.383081,,2,23.5,25.2,30.0,0.98,55.37,101.47,16.2,,,22.5,23.0,22.0,-23.91,0.72,4.31,0,0,0,1,0,0,0,"[0, 0, 224]",,,,,,,,,,2,,
2026-07-13 05:22:15.496139,,2,23.5,25.2,30.0,1.12,55.6,99.32,16.2,,,22.5,23.0,22.0,-23.91,0.75,4.54,0,0,0,1,0,0,0,"[0, 0, 224]",,,,,,,,,,2,,
2026-07-13 05:22:15.615253,,2,23.5,25.2,30.0,1.25,55.4,100.26,16.2,,,22.5,23.0,22.0,-23.91,1.32,4.47,0,0,0,1,0,0,0,"[0, 0, 224]",,,,,,,,,,2,,
2026-07-13 05:22:15.728159,,2,23.5,25.2,30.0,1.08,55.9,100.8,16.2,,,22.5,23.0,22.0,-23.91,0.75,4.04,0,0,0,1,0,0,0,"[0, 0, 224]",,,,,,,,,,2,,
2026-07-13 05:22:15.841536,,2,23.5,25.2,30.0,1.32,55.43,99.32,16.2,,,22.5,23.0,22.0,-23.91,0.82,4.27,0,0,0,1,0,0,0,"[0, 0, 224]",,,,,,,,,,2,,
2026-07-13 05:22:15.955269,,2,23.5,25.2,30.0,1.25,55.53,101.34,16.2,,,22.5,23.0,22.0,-23.91,1.35,4.1,0,0,0,1,0,0,0,"[0, 0, 224]",,,,,,,,,,2,,
2026-07-13 05:22:16.068093,,2,23.5,25.2,30.0,1.22,55.67,100.13,16.2,,,22.5,23.0,22.0,-23.91,1.19,4.0,0,0,0,1,0,0,0,"[0, 0, 224]",,,,,,,,,,2,,
2026-07-13 05:22:16.181124,,2,23.5,25.2,30.0,1.19,55.57,100.26,16.2,,,22.5,23.0,22.0,-23.91,1.32,4.64,0,0,0,1,0,0,0,"[0, 0, 224]",,,,,,,,,,2,,
2026-07-13 05:22:16.294303,,2,23.5,25.2,30.0,1.19,55.67,101.2,16.2,,,22.5,23.0,22.0,-23.91,0.72,4.61,0,0,0,1,0,0,0,"[0, 0, 224]",,,,,,,,,,2,,
2026-07-13 05:22:16.407482,,2,23.5,25.2,30.0,0.98,55.67,100.8,16.2,,,22.5,23.0,22.0,-23.91,1.19,4.57,0,0,0,1,0,0,0,"[0, 0, 224]",,,,,,,,,,2,,
2026-07-13 05:22:16.521435,,2,23.5,25.2,30.0,0.78,55.5,101.61,16.2,,,22.5,23.0,22.0,-23.91,0.95,4.61,0,0,0,1,0,0,0,"[0, 0, 224]",,,,,,,,,,2,,
2026-07-13 05:22:16.644735,,2,23.5,25.2,30.0,1.32,55.67,100.4,16.2,,,22.5,23.0,22.0,-23.91,1.32,4.04,0,0,0,1,0,0,0,"[0, 0, 224]",,,,,,,,,,2,,
2026-07-13 05:22:16.758126,,2,23.5,25.2,30.0,1.22,55.8,101.07,16.2,,,22.5,23.0,22.0,-23.91,1.22,4.34,0,0,0,1,0,0,0,"[0, 0, 224]",,,,,,,,,,2,,
2026-07-13 05:22:16.871672,,2,23.5,25.2,30.0,1.39,55.63,100.26,16.2,,,22.5,23.0,22.0,-23.91,1.19,4.24,0,0,0,1,0,0,0,"[0, 0, 224]",,,,,,,,,,2,,
2026-07-13 05:22:16.985414,,2,23.5,25.2,30.0,1.12,55.77,99.19,16.2,,,22.5,23.0,22.0,-23.91,0.75,4.47,0,0,0,1,0,0,0,"[0, 0, 224]",,,,,,,,,,2,,
2026-07-13 05:22:17.098390,,2,23.5,25.2,30.0,1.52,55.53,100.4,16.2,,,22.5,23.0,22.0,-23.91,0.98,4.0,0,0,0,1,0,0,0,"[0, 0, 224]",,,,,,,,,,2,,
2026-07-13 05:22:17.212104,,2,23.5,25.2,30.0,1.05,55.6,101.61,16.2,,,22.5,23.0,22.0,-23.91,0.75,4.0,0,0,0,1,0,0,0,"[0, 0, 224]",,,,,,,,,,2,,
2026-07-13 05:22:17.324979,,2,23.5,25.2,29.7,0.72,55.37,99.99,16.2,,,22.5,23.0,22.0,-23.91,1.39,4.21,0,0,0,1,0,0,0,"[0, 0, 224]",,,,,,,,,,2,,
2026-07-13 05:22:17.438883,,2,23.5,25.2,29.7,1.12,55.16,100.53,16.2,,,22.5,23.0,22.0,-23.91,1.35,4.21,0,0,0,1,0,0,0,"[0, 0, 224]",,,,,,,,,,2,,
2026-07-13 05:22:17.552111,,2,23.5,25.2,29.7,0.88,55.77,99.32,16.2,,,22.5,23.0,22.0,-23.91,1.29,4.31,0,0,0,1,0,0,0,"[0, 0, 224]",,,,,,,,,,2,,
2026-07-13 05:22:17.674744,,2,23.5,25.2,29.7,1.22,55.33,100.4,16.2,,,22.5,23.0,22.0,-23.91,0.85,4.37,0,0,0,1,0,0,0,"[0, 0, 224]",,,,,,,,,,2,,
2026-07-13 05:22:17.788278,,2,23.5,25.2,29.7,1.52,55.63,100.8,16.2,,,22.5,23.0,22.0,-23.91,0.85,4.41,0,0,0,1,0,0,0,"[0, 0, 224]",,,,,,,,,,2,,
2026-07-13 05:22:17.901474,,2,23.5,25.2,29.7,1.12,55.37,100.13,16.2,,,22.5,23.0,22.0,-23.91,1.02,4.04,0,0,0,1,0,0,0,"[0, 0, 224]",,,,,,,,,,2,,
2026-07-13 05:22:18.014729,,2,23.5,25.2,29.7,0.95,55.6,99.32,16.2,,,22.5,23.0,22.0,-23.91,0.82,4.54,0,0,0,1,0,0,0,"[0, 0, 224]",,,,,,,,,,2,,
2026-07-13 05:22:18.128279,,2,23.5,25.2,29.7,1.15,55.7,99.19,16.2,,,22.5,23.0,22.0,-23.91,0.82,3.94,0,0,0,1,0,0,0,"[0, 0, 224]",,,,,,,,,,2,,
2026-07-13 05:22:18.241395,,2,23.5,25.2,29.7,1.22,55.37,101.2,16.2,,,22.5,23.0,22.0,-23.91,1.02,3.97,0,0,0,1,0,0,0,"[0, 0, 224]",,,,,,,,,,2,,
2026-07-13 05:22:18.354305,,2,23.5,25.2,29.7,1.35,55.74,101.07,16.2,,,22.5,23.0,22.0,-23.91,1.02,4.44,0,0,0,1,0,0,0,"[0, 0, 224]",,,,,,,,,,2,,
2026-07-13 05:22:18.467793,,2,23.5,25.2,29.7,1.02,55.37,102.01,16.2,,,22.5,23.0,22.0,-23.91,0.92,4.0,0,0,0,1,0,0,0,"[0, 0, 224]",,,,,,,,,,2,,
2026-07-13 05:22:18.581884,,2,23.5,25.2,29.7,1.45,55.53,100.4,16.2,,,22.5,23.0,22.0,-23.91,0.78,4.41,0,0,0,1,0,0,0,"[0, 0, 224]",,,,,,,,,,2,,
2026-07-13 05:22:18.695190,,2,23.5,25.2,29.7,1.02,55.74,100.53,16.2,,,22.5,23.0,22.0,-23.91,0.82,4.37,0,0,0,1,0,0,0,"[0, 0, 224]",,,,,,,,,,2,,
2026-07-13 05:22:18.808742,,2,23.5,25.2,29.7,1.12,55.9,101.47,16.2,,,22.5,23.0,22.0,-23.91,1.19,4.31,0,0,0,1,0,0,0,"[0, 0, 224]",,,,,,,,,,2,,
2026-07-13 05:22:18.932361,,2,23.5,25.2,29.7,1.29,55.9,101.2,16.2,,,22.5,23.0,22.0,-23.91,1.15,3.9,0,0,0,1,0,0,0,"[0, 0, 224]",,,,,,,,,,2,,
2026-07-13 05:22:19.046135,,2,23.5,25.2,29.7,0.88,55.77,100.93,16.2,,,22.5,23.0,22.0,-23.91,1.02,3.84,0,0,0,1,0,0,0,"[0, 0, 224]",,,,,,,,,,2,,
2026-07-13 05:22:19.159859,,2,23.5,25.2,29.7,1.22,55.9,100.67,16.2,,,22.5,23.0,22.0,-23.91,1.32,4.41,0,0,0,1,0,0,0,"[0, 0, 224]",,,,,,,,,,2,,
2026-07-13 05:22:19.273392,,2,23.5,25.2,29.7,0.82,55.63,100.8,16.2,,,22.5,23.0,22.0,-23.91,0.75,3.8,0,0,0,1,0,0,0,"[0, 0, 224]",,,,,,,,,,2,,
2026-07-13 05:22:19.386791,,2,23.5,25.2,29.7,1.35,55.23,102.01,16.2,,,22.5,23.0,22.0,-23.91,0.72,3.9,0,0,0,1,0,0,0,"[0, 0, 224]",,,,,,,,,,2,,
2026-07-13 05:22:19.499946,,2,23.5,25.2,29.7,0.82,55.27,101.74,16.2,,,22.5,23.0,22.0,-23.91,0.82,3.77,0,0,0,1,0,0,0,"[0, 0, 224]",,,,,,,,,,2,,
2026-07-13 05:22:19.622063,,2,23.5,25.2,29.7,0.95,55.63,99.19,16.2,,,22.5,23.0,22.0,-23.91,0.92,3.8,0,0,0,1,0,0,0,"[0, 0, 224]",,,,,,,,,,2,,
2026-07-13 05:22:19.781476,,2,23.5,25.2,29.7,1.12,55.63,101.34,16.2,,,22.5,23.0,22.0,-23.91,1.02,3.9,0,0,0,1,0,0,0,"[0, 0, 224]",,,,,,,,,,2,,
2026-07-13 05:22:19.889929,,2,23.5,25.2,29.7,1.22,55.74,101.2,16.2,,,22.5,23.0,22.0,-23.91,0.82,3.8,0,0,0,1,0,0,0,"[0, 0, 224]",,,,,,,,,,2,,
2026-07-13 05:22:19.997405,,2,23.5,25.2,29.7,0.88,55.8,99.05,16.2,,,22.5,23.0,22.0,-23.91,1.42,3.97,0,0,0,1,0,0,0,"[0, 0, 224]",,,,,,,,,,2,,
2026-07-13 05:22:20.104380,,2,23.5,25.2,29.7,0.58,55.33,100.26,16.2,,,22.5,23.0,22.0,-23.91,1.22,4.21,0,0,0,1,0,0,0,"[0, 0, 224]",,,,,,,,,,2,,
2026-07-13 05:22:20.210967,,2,23.5,25.2,29.7,1.35,55.94,99.59,16.2,,,22.5,23.0,22.0,-23.91,1.32,4.37,0,0,0,1,0,0,0,"[0, 0, 224]",,,,,,,,,,2,,
2026-07-13 05:22:20.317990,,2,23.5,25.2,29.7,1.35,55.6,100.26,16.2,,,22.5,23.0,22.0,-23.91,1.49,4.27,0,0,0,1,0,0,0,"[0, 0, 224]",,,,,,,,,,2,,
2026-07-13 05:22:20.424593,,2,23.5,25.2,29.7,1.35,55.77,101.47,16.2,,,22.5,23.0,22.0,-23.91,1.02,3.84,0,0,0,1,0,0,0,"[0, 0, 224]",,,,,,,,,,2,,
2026-07-13 05:22:20.531405,,2,23.5,25.2,29.7,1.39,55.53,101.87,16.2,,,22.5,23.0,22.0,-23.91,1.39,3.77,0,0,0,1,0,0,0,"[0, 0, 224]",,,,,,,,,,2,,
2026-07-13 05:22:20.645421,,2,23.5,25.2,29.7,1.32,55.47,101.87,16.2,,,22.5,23.0,22.0,-23.91,1.05,4.04,0,0,0,1,0,0,0,"[0, 0, 224]",,,,,,,,,,2,,
2026-07-13 05:22:20.756288,,2,23.5,25.2,29.7,1.39,55.8,99.59,16.2,,,22.5,23.0,22.0,-23.91,1.42,3.74,0,0,0,1,0,0,0,"[0, 0, 224]",,,,,,,,,,2,,
2026-07-13 05:22:20.863549,,2,23.5,25.2,29.7,1.08,55.7,100.4,16.2,,,22.5,23.0,22.0,-23.91,1.45,4.21,0,0,0,1,0,0,0,"[0, 0, 224]",,,,,,,,,,2,,
2026-07-13 05:22:20.970220,,2,23.5,25.2,29.7,1.35,55.47,99.32,16.2,,,22.5,23.0,22.0,-23.91,0.85,3.77,0,0,0,1,0,0,0,"[0, 0, 224]",,,,,,,,,,2,,
2026-07-13 05:22:21.077781,,2,23.5,25.2,29.7,1.39,55.8,100.93,16.2,,,22.5,23.0,22.0,-23.91,1.15,4.1,0,0,0,1,0,0,0,"[0, 0, 224]",,,,,,,,,,2,,
2026-07-13 05:22:21.184695,,2,23.5,25.2,29.7,1.19,55.87,99.32,16.2,,,22.5,23.0,22.0,-23.91,0.72,4.07,0,0,0,1,0,0,0,"[0, 0, 224]",,,,,,,,,,2,,
2026-07-13 05:22:21.291779,,2,23.5,25.2,29.5,1.32,55.74,99.86,16.2,,,22.5,23.0,22.0,-23.91,0.82,4.31,0,0,0,1,0,0,0,"[0, 0, 224]",,,,,,,,,,2,,
2026-07-13 05:22:21.399253,,2,23.5,25.2,29.5,0.82,55.53,98.25,16.2,,,22.5,23.0,22.0,-23.91,0.72,4.04,0,0,0,1,0,0,0,"[0, 0, 224]",,,,,,,,,,2,,
2026-07-13 05:22:21.505840,,2,23.5,25.2,29.5,0.82,55.43,101.61,16.2,,,22.5,23.0,22.0,-23.91,1.22,4.17,0,0,0,1,0,0,0,"[0, 0, 224]",,,,,,,,,,2,,
2026-07-13 05:22:21.625910,,2,23.5,25.2,29.5,1.52,55.33,99.05,16.2,,,22.5,23.0,22.0,-23.91,0.68,4.1,0,0,0,1,0,0,0,"[0, 0, 224]",,,,,,,,,,2,,
2026-07-13 05:22:21.733529,,2,23.5,25.2,29.5,1.49,55.23,100.8,16.2,,,22.5,23.0,22.0,-23.91,0.68,4.21,0,0,0,1,0,0,0,"[0, 0, 224]",,,,,,,,,,2,,
2026-07-13 05:22:21.841712,,2,23.5,25.2,29.5,1.08,55.53,99.99,16.2,,,22.5,23.0,22.0,-23.91,1.32,4.27,0,0,0,1,0,0,0,"[0, 0, 224]",,,,,,,,,,2,,
2026-07-13 05:22:21.948999,,2,23.5,25.2,29.5,1.15,55.57,101.2,16.2,,,22.5,23.0,22.0,-23.91,1.05,4.34,0,0,0,1,0,0,0,"[0, 0, 224]",,,,,,,,,,2,,
2026-07-13 05:22:22.056247,,2,23.5,25.2,29.5,1.02,55.63,100.93,16.2,,,22.5,23.0,22.0,-23.91,0.78,3.77,0,0,0,1,0,0,0,"[0, 0, 224]",,,,,,,,,,2,,
2026-07-13 05:22:22.162882,,2,23.5,25.2,29.5,1.32,55.43,101.07,16.2,,,22.5,23.0,22.0,-23.91,1.39,4.24,0,0,0,1,0,0,0,"[0, 0, 224]",,,,,,,,,,2,,
2026-07-13 05:22:22.270468,,2,23.5,25.2,29.5,1.08,55.3,100.8,16.2,,,22.5,23.0,22.0,-23.91,1.39,3.8,0,0,0,1,0,0,0,"[0, 0, 224]",,,,,,,,,,2,,
2026-07-13 05:22:22.377698,,2,23.5,25.2,29.5,1.25,55.53,100.8,16.2,,,22.5,23.0,22.0,-23.91,0.82,3.97,0,0,0,1,0,0,0,"[0, 0, 224]",,,,,,,,,,2,,
2026-07-13 05:22:22.490644,,2,23.5,25.2,29.5,1.15,55.37,100.13,16.2,,,22.5,23.0,22.0,-23.91,1.42,3.5,0,0,0,1,0,0,0,"[0, 0, 224]",,,,,,,,,,2,,
2026-07-13 05:22:22.599005,,2,23.5,25.2,29.5,1.25,55.77,101.74,16.2,,,22.5,23.0,22.0,-23.91,0.65,4.17,0,0,0,1,0,0,0,"[0, 0, 224]",,,,,,,,,,2,,
2026-07-13 05:22:22.706765,,2,23.5,25.2,29.5,1.62,55.5,100.93,16.2,,,22.5,23.0,22.0,-23.91,1.29,4.04,0,0,0,1,0,0,0,"[0, 0, 224]",,,,,,,,,,2,,
2026-07-13 05:22:22.814121,,2,23.5,25.2,29.5,1.08,55.6,100.13,16.2,,,22.5,23.0,22.0,-23.91,0.75,3.6,0,0,0,1,0,0,0,"[0, 0, 224]",,,,,,,,,,2,,
2026-07-13 05:22:22.921331,,2,23.5,25.2,29.5,1.25,55.33,99.73,16.2,,,22.5,23.0,22.0,-23.91,1.35,4.04,0,0,0,1,0,0,0,"[0, 0, 224]",,,,,,,,,,2,,
2026-07-13 05:22:23.029677,,2,23.5,25.2,29.5,0.95,55.57,100.67,16.2,,,22.5,23.0,22.0,-23.91,0.75,4.07,0,0,0,1,0,0,0,"[0, 0, 224]",,,,,,,,,,2,,
2026-07-13 05:22:23.136661,,2,23.5,25.2,29.5,1.29,55.8,101.87,16.2,,,22.5,23.0,22.0,-23.91,0.82,3.57,0,0,0,1,0,0,0,"[0, 0, 224]",,,,,,,,,,2,,
2026-07-13 05:22:23.243305,,2,23.5,25.2,29.5,1.35,55.13,100.8,16.2,,,22.5,23.0,22.0,-23.91,0.88,4.17,0,0,0,1,0,0,0,"[0, 0, 224]",,,,,,,,,,2,,
2026-07-13 05:22:23.350170,,2,23.5,25.2,29.5,1.35,55.5,100.13,16.2,,,22.5,23.0,22.0,-23.91,1.32,4.14,0,0,0,1,0,0,0,"[0, 0, 224]",,,,,,,,,,2,,
2026-07-13 05:22:23.457469,,2,23.5,25.2,29.2,1.19,55.43,100.4,16.2,,,22.5,23.0,22.0,-23.91,1.22,4.17,0,0,0,1,0,0,0,"[0, 0, 224]",,,,,,,,,,2,,
2026-07-13 05:22:23.565404,,2,23.5,25.2,29.2,1.35,55.74,101.2,16.2,,,22.5,23.0,22.0,-23.91,1.15,3.67,0,0,0,1,0,0,0,"[0, 0, 224]",,,,,,,,,,2,,
2026-07-13 05:22:23.672091,,2,23.5,25.2,29.2,0.98,55.6,101.2,16.2,,,22.5,23.0,22.0,-23.91,0.72,4.1,0,0,0,1,0,0,0,"[0, 0, 224]",,,,,,,,,,2,,
2026-07-13 05:22:23.779811,,2,23.5,25.2,29.2,1.45,55.63,99.86,16.2,,,22.5,23.0,22.0,-23.91,0.88,3.84,0,0,0,1,0,0,0,"[0, 0, 224]",,,,,,,,,,2,,
2026-07-13 05:22:23.886957,,2,23.5,25.2,29.2,1.52,55.57,99.59,16.2,,,22.5,23.0,22.0,-23.91,1.19,3.84,0,0,0,1,0,0,0,"[0, 0, 224]",,,,,,,,,,2,,
2026-07-13 05:22:23.993784,,2,23.5,25.2,29.2,1.52,55.33,101.74,16.2,,,22.5,23.0,22.0,-23.91,0.88,3.47,0,0,0,0,0,0,0,"[0, 0, 224]",,,,,,,,,,2,,
2026-07-13 05:22:24.100685,,2,23.5,25.2,29.2,1.02,55.63,99.32,16.2,,,22.5,23.0,22.0,-23.91,0.85,4.14,0,0,0,0,0,0,0,"[0, 0, 224]",,,,,,,,,,2,,
2026-07-13 05:22:24.207652,,2,23.5,25.2,29.2,1.35,55.13,98.52,16.2,,,22.5,23.0,22.0,-23.91,1.22,3.97,0,0,0,0,0,0,0,"[0, 0, 224]",,,,,,,,,,2,,
2026-07-13 05:22:24.314506,,2,23.5,25.2,29.2,1.52,55.7,102.01,16.2,,,22.5,23.0,22.0,-23.91,1.39,3.8,0,0,0,0,0,0,0,"[0, 0, 224]",,,,,,,,,,2,,
2026-07-13 05:22:24.421222,,2,23.5,25.2,29.2,0.98,54.93,99.59,16.2,,,22.5,23.0,22.0,-23.91,1.29,3.6,0,0,0,0,0,0,0,"[0, 0, 224]",,,,,,,,,,2,,
2026-07-13 05:22:24.528639,,2,23.5,25.2,29.2,1.62,55.16,100.13,16.2,,,22.5,23.0,22.0,-23.91,0.95,3.5,0,0,0,0,0,0,0,"[0, 0, 224]",,,,,,,,,,2,,
2026-07-13 05:22:24.646734,,2,23.5,25.2,29.2,0.75,55.27,98.79,16.2,,,22.5,23.0,22.0,-23.91,0.72,3.84,0,0,0,0,0,0,0,"[0, 0, 224]",,,,,,,,,,2,,
2026-07-13 05:22:24.753679,,2,23.5,25.2,29.2,1.22,55.8,100.8,16.2,,,22.5,23.0,22.0,-23.91,1.08,3.97,0,0,0,0,0,0,0,"[0, 0, 224]",,,,,,,,,,2,,
2026-07-13 05:22:24.860711,,2,23.5,25.2,29.2,1.32,55.27,99.99,16.2,,,22.5,23.0,22.0,-23.91,1.29,4.04,0,0,0,0,0,0,0,"[0, 0, 224]",,,,,,,,,,2,,
2026-07-13 05:22:24.968087,,2,23.5,25.2,29.2,1.12,55.27,101.2,16.2,,,22.5,23.0,22.0,-23.91,1.19,4.07,0,0,0,0,0,0,0,"[0, 0, 224]",,,,,,,,,,2,,
2026-07-13 05:22:25.076402,,2,23.5,25.2,29.2,1.45,55.43,100.93,16.2,,,22.2,23.0,22.0,-23.91,0.75,3.94,0,0,0,0,0,0,0,"[0, 0, 224]",,,,,,,,,,2,,
2026-07-13 05:22:25.183409,,2,23.5,25.2,29.2,1.25,55.33,101.2,16.2,,,22.2,23.0,22.0,-23.91,1.45,3.77,0,0,0,0,0,0,0,"[0, 0, 224]",,,,,,,,,,2,,
2026-07-13 05:22:25.290255,,2,23.5,25.2,29.2,1.32,55.77,99.86,16.2,,,22.2,23.0,22.0,-23.91,0.78,4.0,0,0,0,0,0,0,0,"[0, 0, 224]",,,,,,,,,,2,,
2026-07-13 05:22:25.397007,,2,23.5,25.2,29.2,1.52,55.2,100.53,16.2,,,22.2,23.0,22.0,-23.91,0.92,4.04,0,0,0,0,0,0,0,"[0, 0, 224]",,,,,,,,,,2,,
2026-07-13 05:22:25.504193,,2,23.5,25.2,29.2,1.25,55.53,100.8,16.2,,,22.2,23.0,22.0,-23.91,1.39,3.57,0,0,0,0,0,0,0,"[0, 0, 224]",,,,,,,,,,2,,
2026-07-13 05:22:25.623766,,2,23.5,25.2,29.2,1.12,55.33,98.11,16.2,,,22.2,23.0,22.0,-23.91,1.19,3.63,0,0,0,0,0,0,0,"[0, 0, 224]",,,,,,,,,,2,,
2026-07-13 05:22:25.731307,,2,23.5,25.2,29.2,1.19,55.67,101.2,16.2,,,22.2,23.0,22.0,-23.91,1.22,4.07,0,0,0,0,0,0,0,"[0, 0, 224]",,,,,,,,,,2,,
2026-07-13 05:22:25.839415,,2,23.5,25.2,29.2,1.25,55.33,100.67,16.2,,,22.2,23.0,22.0,-23.91,1.32,3.94,0,0,0,0,0,0,0,"[0, 0, 224]",,,,,,,,,,2,,
2026-07-13 05:22:25.946284,,2,23.5,25.2,29.2,1.08,55.87,99.19,16.2,,,22.2,23.0,22.0,-23.91,1.39,4.04,0,0,0,0,0,0,0,"[0, 0, 224]",,,,,,,,,,2,,
2026-07-13 05:22:26.053163,,2,23.5,25.2,29.2,1.29,55.37,101.74,16.2,,,22.2,23.0,22.0,-23.91,1.35,3.53,0,0,0,0,0,0,0,"[0, 0, 224]",,,,,,,,,,2,,
2026-07-13 05:22:26.160838,,2,23.5,25.2,29.2,1.25,55.06,99.86,16.2,,,22.2,23.0,22.0,-23.91,1.02,3.63,0,0,0,0,0,0,0,"[0, 0, 224]",,,,,,,,,,2,,
2026-07-13 05:22:26.268140,,2,23.5,25.2,29.2,1.32,55.27,101.2,16.2,,,22.2,23.0,22.0,-23.91,0.75,3.47,0,0,0,0,0,0,0,"[0, 0, 224]",,,,,,,,,,2,,
2026-07-13 05:22:26.375670,,2,23.5,25.2,29.2,1.29,55.37,101.61,16.2,,,22.2,23.0,22.0,-23.91,1.25,3.9,0,0,0,0,0,0,0,"[0, 0, 224]",,,,,,,,,,2,,
2026-07-13 05:22:26.483271,,2,23.5,25.2,29.2,1.12,55.3,101.61,16.2,,,22.2,23.0,22.0,-23.91,1.15,3.6,0,0,0,0,0,0,0,"[0, 0, 224]",,,,,,,,,,2,,
2026-07-13 05:22:26.590113,,2,23.5,25.2,29.2,1.39,55.7,98.92,16.2,,,22.2,23.0,22.0,-23.91,1.29,3.94,0,0,0,0,0,0,0,"[0, 0, 224]",,,,,,,,,,2,,
2026-07-13 05:22:26.696822,,2,23.5,25.2,29.2,0.98,55.7,99.46,16.2,,,22.2,23.0,22.0,-23.91,1.12,3.37,0,0,0,0,0,0,0,"[0, 0, 224]",,,,,,,,,,2,,
2026-07-13 05:22:26.804046,,2,23.5,25.2,29.2,1.05,55.23,99.59,16.2,,,22.2,23.0,22.0,-23.91,0.82,3.63,0,0,0,0,0,0,0,"[0, 0, 224]",,,,,,,,,,2,,
2026-07-13 05:22:26.910912,,2,23.5,25.2,29.2,0.98,55.84,101.2,16.2,,,22.2,23.0,22.0,-23.91,1.35,3.84,0,0,0,0,0,0,0,"[0, 0, 224]",,,,,,,,,,2,,
2026-07-13 05:22:27.018835,,2,23.5,25.2,29.2,1.59,55.27,100.8,16.2,,,22.2,23.0,22.0,-23.91,1.35,3.77,0,0,0,0,0,0,0,"[0, 0, 224]",,,,,,,,,,2,,
2026-07-13 05:22:27.125992,,2,23.5,25.2,29.2,1.45,55.33,99.99,16.2,,,22.2,23.0,22.0,-23.91,1.02,3.84,0,0,0,1,0,0,0,"[0, 0, 224]",,,,,,,,,,2,,
2026-07-13 05:22:27.232842,,2,23.5,25.2,29.2,1.22,55.53,98.65,16.2,,,22.2,23.0,22.0,-23.91,1.35,3.43,0,0,0,1,0,0,0,"[0, 0, 224]",,,,,,,,,,2,,
2026-07-13 05:22:27.340149,,2,23.5,25.2,29.2,0.75,55.97,100.93,16.2,,,22.2,23.0,22.0,-23.91,0.68,3.53,0,0,0,1,0,0,0,"[0, 0, 224]",,,,,,,,,,2,,
2026-07-13 05:22:27.447064,,2,23.5,25.2,29.2,1.49,56.04,99.99,16.2,,,22.2,23.0,22.0,-23.91,1.25,3.8,0,0,0,1,0,0,0,"[0, 0, 224]",,,,,,,,,,2,,
2026-07-13 05:22:27.554632,,2,23.5,25.2,29.2,1.15,55.33,99.19,16.2,,,22.2,23.0,22.0,-23.91,0.82,3.63,0,0,0,1,0,0,0,"[0, 0, 224]",,,,,,,,,,2,,
2026-07-13 05:22:27.673235,,2,23.5,25.2,29.2,1.05,55.57,100.4,16.2,,,22.2,23.0,22.0,-23.91,0.75,3.84,0,0,0,1,0,0,0,"[0, 0, 224]",,,,,,,,,,2,,
2026-07-13 05:22:27.801305,,2,23.5,25.2,29.2,1.25,55.3,102.28,16.2,,,22.2,23.0,22.0,-23.91,1.12,3.97,0,0,0,1,0,0,0,"[0, 0, 224]",,,,,,,,,,2,,
2026-07-13 05:22:27.924286,,2,23.5,25.2,29.2,1.52,55.57,98.79,16.2,,,22.2,23.0,22.0,-23.91,1.19,3.9,0,0,0,1,0,0,0,"[0, 0, 224]",,,,,,,,,,2,,
2026-07-13 05:22:28.032011,,2,23.5,25.2,29.2,1.02,55.87,101.47,16.2,,,22.2,23.0,22.0,-23.91,1.22,3.4,0,0,0,1,0,0,0,"[0, 0, 224]",,,,,,,,,,2,,
2026-07-13 05:22:28.138774,,2,23.5,25.2,29.2,1.25,55.6,101.47,16.2,,,22.2,23.0,22.0,-23.91,0.82,3.94,0,0,0,1,0,0,0,"[0, 0, 224]",,,,,,,,,,2,,
2026-07-13 05:22:28.245851,,2,23.5,25.2,29.2,0.78,55.87,100.4,16.2,,,22.2,23.0,22.0,-23.91,1.12,3.7,0,0,0,1,0,0,0,"[0, 0, 224]",,,,,,,,,,2,,
2026-07-13 05:22:28.352746,,2,23.5,25.2,29.2,1.22,55.67,100.26,16.2,,,22.2,23.0,22.0,-23.91,0.78,3.2,0,0,0,1,0,0,0,"[0, 0, 224]",,,,,,,,,,2,,
2026-07-13 05:22:28.459337,,2,23.5,25.2,29.2,1.35,55.06,99.46,16.2,,,22.2,23.0,22.0,-23.91,1.35,3.37,0,0,0,1,0,0,0,"[0, 0, 224]",,,,,,,,,,2,,
2026-07-13 05:22:28.566956,,2,23.5,25.2,29.2,1.12,55.33,99.86,16.2,,,22.2,23.0,22.0,-23.91,1.05,3.63,0,0,0,1,0,0,0,"[0, 0, 224]",,,,,,,,,,2,,
2026-07-13 05:22:28.684726,,2,23.2,25.2,29.2,1.49,55.23,99.46,16.2,,,22.2,23.0,22.0,-23.91,1.12,3.37,0,0,0,1,0,0,0,"[0, 0, 224]",,,,,,,,,,2,,
2026-07-13 05:22:28.791976,,2,23.2,25.2,29.2,1.52,55.84,100.8,16.2,,,22.2,23.0,22.0,-23.91,1.32,3.8,0,0,0,1,0,0,0,"[0, 0, 224]",,,,,,,,,,2,,
2026-07-13 05:22:28.898788,,2,23.2,25.2,29.2,1.52,55.87,100.4,16.2,,,22.2,23.0,22.0,-23.91,0.85,3.87,0,0,0,1,0,0,0,"[0, 0, 224]",,,,,,,,,,2,,
2026-07-13 05:22:29.005907,,2,23.2,25.2,29.2,1.35,55.5,99.99,16.2,,,22.2,23.0,22.0,-23.91,1.29,3.77,0,0,0,1,0,0,0,"[0, 0, 224]",,,,,,,,,,2,,
2026-07-13 05:22:29.113748,,2,23.2,25.2,29.2,1.35,55.4,99.99,16.2,,,22.2,23.0,22.0,-23.91,1.02,3.74,0,0,0,1,0,0,0,"[0, 0, 224]",,,,,,,,,,2,,
2026-07-13 05:22:29.220427,,2,23.2,25.2,29.2,0.75,55.53,101.34,16.2,,,22.2,23.0,22.0,-23.91,0.92,3.77,0,0,0,1,0,0,0,"[0, 0, 224]",,,,,,,,,,2,,
2026-07-13 05:22:29.328838,,2,23.2,25.2,29.2,1.29,55.8,101.61,16.2,,,22.2,23.0,22.0,-23.91,0.92,3.87,0,0,0,1,0,0,0,"[0, 0, 224]",,,,,,,,,,2,,
2026-07-13 05:22:29.435970,,2,23.2,25.2,29.2,0.92,55.13,100.67,16.2,,,22.2,23.0,22.0,-23.91,0.82,3.06,0,0,0,1,0,0,0,"[0, 0, 224]",,,,,,,,,,2,,
2026-07-13 05:22:29.542796,,2,23.2,25.2,29.2,1.22,55.33,101.2,16.2,,,22.2,23.0,22.0,-23.91,0.72,3.77,0,0,0,1,0,0,0,"[0, 0, 224]",,,,,,,,,,2,,
2026-07-13 05:22:29.660596,,2,23.2,25.2,29.2,1.19,55.3,100.8,16.2,,,22.2,23.0,22.0,-23.91,1.29,3.87,0,0,0,1,0,0,0,"[0, 0, 224]",,,,,,,,,,2,,
2026-07-13 05:22:29.768725,,2,23.2,25.2,29.2,1.52,55.2,100.4,16.2,,,22.2,23.0,22.0,-23.91,1.12,3.27,0,0,0,1,0,0,0,"[0, 0, 224]",,,,,,,,,,2,,
2026-07-13 05:22:29.876003,,2,23.2,25.2,29.2,0.98,54.96,99.99,16.2,,,22.2,23.0,22.0,-23.91,1.02,3.47,0,0,0,1,0,0,0,"[0, 0, 224]",,,,,,,,,,2,,
2026-07-13 05:22:29.982702,,2,23.2,25.2,29.2,0.98,55.53,102.95,16.2,,,22.2,23.0,22.0,-23.91,0.85,3.84,0,0,0,1,0,0,0,"[0, 0, 224]",,,,,,,,,,2,,
2026-07-13 05:22:30.089617,,2,23.2,25.2,29.2,0.88,55.33,99.05,16.2,,,22.2,23.0,22.0,-23.91,1.29,3.37,0,0,0,0,0,0,0,"[0, 0, 224]",,,,,,,,,,2,,
2026-07-13 05:22:30.196838,,2,23.2,25.2,29.2,1.35,54.8,99.99,16.2,,,22.2,23.0,22.0,-23.91,1.35,3.3,0,0,0,0,0,0,0,"[0, 0, 224]",,,,,,,,,,2,,
2026-07-13 05:22:30.303774,,2,23.2,25.2,29.2,0.82,55.47,100.8,16.2,,,22.2,23.0,22.0,-23.91,1.35,3.43,0,0,0,0,0,0,0,"[0, 0, 224]",,,,,,,,,,2,,
2026-07-13 05:22:30.410582,,2,23.2,25.2,29.2,1.29,55.2,100.53,16.2,,,22.2,23.0,22.0,-23.91,1.35,3.7,0,0,0,0,0,0,0,"[0, 0, 224]",,,,,,,,,,2,,
2026-07-13 05:22:30.517884,,2,23.2,25.2,29.2,0.61,55.53,101.07,16.2,,,22.2,23.0,22.0,-23.91,1.12,3.7,0,0,0,0,0,0,0,"[0, 0, 224]",,,,,,,,,,2,,
2026-07-13 05:22:30.630072,,2,23.2,25.2,29.2,1.15,55.43,101.74,16.2,,,22.2,23.0,22.0,-23.91,1.02,3.8,0,0,0,0,0,0,0,"[0, 0, 224]",,,,,,,,,,2,,
2026-07-13 05:22:30.737614,,2,23.2,25.2,29.2,0.72,55.3,99.99,16.2,,,22.2,23.0,22.0,-23.91,0.98,3.16,0,0,0,0,0,0,0,"[0, 0, 224]",,,,,,,,,,2,,
2026-07-13 05:22:30.845153,,2,23.2,25.2,29.2,1.66,55.37,99.19,16.2,,,22.2,23.0,22.0,-23.91,1.39,3.23,0,0,0,0,0,0,0,"[0, 0, 224]",,,,,,,,,,2,,
2026-07-13 05:22:30.954256,,2,23.2,25.2,29.2,1.25,55.03,101.47,16.2,,,22.2,23.0,22.0,-23.91,1.35,3.7,0,0,0,0,0,0,0,"[0, 0, 224]",,,,,,,,,,2,,
2026-07-13 05:22:31.062064,,2,23.2,25.2,29.2,1.12,55.43,100.93,16.2,,,22.2,23.0,22.0,-23.91,1.25,3.7,0,0,0,0,0,0,0,"[0, 0, 224]",,,,,,,,,,2,,
2026-07-13 05:22:31.169102,,2,23.2,25.2,29.2,0.78,55.63,100.8,16.2,,,22.2,23.0,22.0,-23.91,1.29,3.74,0,0,0,0,0,0,0,"[0, 0, 224]",,,,,,,,,,2,,
2026-07-13 05:22:31.276534,,2,23.2,25.2,29.2,1.12,55.57,100.26,16.2,,,22.2,23.0,22.0,-23.91,0.75,3.7,0,0,0,0,0,0,0,"[0, 0, 224]",,,,,,,,,,2,,
2026-07-13 05:22:31.383804,,2,23.2,25.2,29.2,1.25,55.13,101.87,16.2,,,22.2,23.0,22.0,-23.91,1.29,3.67,0,0,0,0,0,0,0,"[0, 0, 224]",,,,,,,,,,2,,
2026-07-13 05:22:31.490553,,2,23.2,25.2,29.2,1.55,55.23,101.74,16.2,,,22.2,23.0,22.0,-23.91,1.25,3.67,0,0,0,0,0,0,0,"[0, 0, 224]",,,,,,,,,,2,,
2026-07-13 05:22:31.598283,,2,23.2,25.2,29.2,0.51,55.33,101.61,16.2,,,22.2,23.0,22.0,-23.91,0.98,3.16,0,0,0,0,0,0,0,"[0, 0, 224]",,,,,,,,,,2,,
2026-07-13 05:22:31.713423,,2,23.2,25.2,29.2,0.58,55.6,101.87,16.2,,,22.2,23.0,22.0,-23.91,0.78,3.37,0,0,0,0,0,0,0,"[0, 0, 224]",,,,,,,,,,2,,
2026-07-13 05:22:31.820633,,2,23.2,25.2,29.2,1.35,55.2,100.67,16.2,,,22.2,23.0,22.0,-23.91,1.39,3.74,0,0,0,0,0,0,0,"[0, 0, 224]",,,,,,,,,,2,,
2026-07-13 05:22:31.937152,,2,23.2,25.2,29.2,0.85,55.63,100.93,16.2,,,22.2,23.0,22.0,-23.91,1.32,3.3,0,0,0,0,0,0,0,"[0, 0, 224]",,,,,,,,,,2,,
2026-07-13 05:22:32.044064,,2,23.2,25.2,29.2,0.85,55.33,99.19,16.2,,,22.2,23.0,22.0,-23.91,1.12,3.4,0,0,0,0,0,0,0,"[0, 0, 224]",,,,,,,,,,2,,
2026-07-13 05:22:32.151351,,2,23.2,25.2,29.2,1.19,55.5,99.73,16.2,,,22.2,23.0,22.0,-23.91,0.82,3.7,0,0,0,0,0,0,0,"[0, 0, 224]",,,,,,,,,,2,,
2026-07-13 05:22:32.258238,,2,23.2,25.5,29.2,1.12,55.27,99.19,16.2,,,22.2,23.0,22.0,-23.91,0.72,3.47,0,0,0,0,0,0,0,"[0, 0, 224]",,,,,,,,,,2,,
2026-07-13 05:22:32.365782,,2,23.2,25.5,29.2,1.29,55.87,101.2,16.2,,,22.2,23.0,22.0,-23.91,1.08,3.06,0,0,0,0,0,0,0,"[0, 0, 224]",,,,,,,,,,2,,
2026-07-13 05:22:32.473309,,2,23.2,25.5,29.2,1.52,55.43,98.92,16.2,,,22.2,23.0,22.0,-23.91,1.05,3.53,0,0,0,0,0,0,0,"[0, 0, 224]",,,,,,,,,,2,,
2026-07-13 05:22:32.581422,,2,23.2,25.5,29.2,1.02,55.53,100.93,16.2,,,22.2,23.0,22.0,-23.91,1.19,3.37,0,0,0,0,0,0,0,"[0, 0, 224]",,,,,,,,,,2,,
2026-07-13 05:22:32.691153,,2,23.2,25.5,29.2,0.82,55.47,100.26,16.2,,,22.2,23.0,22.0,-23.91,0.98,3.57,0,0,0,0,0,0,0,"[0, 0, 224]",,,,,,,,,,2,,
2026-07-13 05:22:32.798537,,2,23.2,25.5,29.2,1.02,55.3,98.92,16.2,,,22.2,23.0,22.0,-23.91,1.29,3.3,0,0,0,0,0,0,0,"[0, 0, 224]",,,,,,,,,,2,,
2026-07-13 05:22:32.905143,,2,23.2,25.5,29.2,1.02,55.6,100.93,16.2,,,22.2,23.0,22.0,-23.91,0.85,3.37,0,0,0,0,0,0,0,"[0, 0, 224]",,,,,,,,,,2,,
2026-07-13 05:22:33.012526,,2,23.2,25.5,29.2,1.22,54.96,100.26,16.2,,,22.2,23.0,22.0,-23.91,1.05,3.16,0,0,0,0,0,0,0,"[0, 0, 224]",,,,,,,,,,2,,
2026-07-13 05:22:33.120107,,2,23.2,25.5,29.5,1.25,55.43,98.38,16.2,,,22.2,23.0,22.0,-23.91,1.35,3.67,0,0,0,0,0,0,0,"[0, 0, 224]",,,,,,,,,,2,,
2026-07-13 05:22:33.227118,,2,23.2,25.5,29.5,1.15,54.96,102.41,16.2,,,22.2,23.0,22.0,-23.91,1.25,3.03,0,0,0,0,0,0,0,"[0, 0, 224]",,,,,,,,,,2,,
2026-07-13 05:22:33.333988,,2,23.2,25.5,29.5,0.68,55.13,99.99,16.2,,,22.2,23.0,22.0,-23.91,0.78,3.1,0,0,0,0,0,0,0,"[0, 0, 224]",,,,,,,,,,2,,
2026-07-13 05:22:33.440625,,2,23.2,25.5,29.5,0.75,55.57,100.13,16.2,,,22.2,23.0,22.0,-23.91,0.92,3.63,0,0,0,0,0,0,0,"[0, 0, 224]",,,,,,,,,,2,,
2026-07-13 05:22:33.547854,,2,23.2,25.5,29.5,1.45,55.27,99.32,16.2,,,22.2,23.0,22.0,-23.91,0.78,3.3,0,0,0,0,0,0,0,"[0, 0, 224]",,,,,,,,,,2,,
2026-07-13 05:22:33.666815,,2,23.2,25.5,29.5,0.68,55.7,99.59,16.2,,,22.2,23.0,22.0,-23.91,0.75,3.6,0,0,0,0,0,0,0,"[0, 0, 224]",,,,,,,,,,2,,
2026-07-13 05:22:33.774309,,2,23.2,25.5,29.5,0.95,55.5,102.55,16.2,,,22.2,23.0,22.0,-23.91,1.29,3.16,0,0,0,0,0,0,0,"[0, 0, 224]",,,,,,,,,,2,,
2026-07-13 05:22:33.881700,,2,23.2,25.5,29.5,1.05,55.4,102.95,16.2,,,22.2,23.0,22.0,-23.91,1.32,3.2,0,0,0,0,0,0,0,"[0, 0, 224]",,,,,,,,,,2,,
2026-07-13 05:22:33.988397,,2,23.2,25.5,29.5,1.42,55.37,101.74,16.2,,,22.2,23.0,22.0,-23.91,1.29,3.1,0,0,0,0,0,0,0,"[0, 0, 224]",,,,,,,,,,2,,
2026-07-13 05:22:34.095268,,2,23.2,25.5,29.5,1.12,55.03,101.61,16.2,,,22.2,23.0,22.0,-23.91,1.39,3.6,0,0,0,0,0,0,0,"[0, 0, 224]",,,,,,,,,,2,,
2026-07-13 05:22:34.202055,,2,23.2,25.5,29.5,0.98,55.3,99.46,16.2,,,22.2,23.0,22.0,-23.91,0.98,3.47,0,0,0,0,0,0,0,"[0, 0, 224]",,,,,,,,,,2,,
2026-07-13 05:22:34.309434,,2,23.2,25.5,29.5,1.66,55.6,102.95,16.2,,,22.2,23.0,22.0,-23.91,1.39,3.1,0,0,0,0,0,0,0,"[0, 0, 224]",,,,,,,,,,2,,
2026-07-13 05:22:34.416658,,2,23.2,25.5,29.5,1.39,55.5,98.25,16.2,,,22.2,23.0,22.0,-23.91,1.15,3.43,0,0,0,0,0,0,0,"[0, 0, 224]",,,,,,,,,,2,,
2026-07-13 05:22:34.524250,,2,23.2,25.5,29.5,1.39,55.06,102.14,16.2,,,22.2,23.0,22.0,-23.91,0.72,2.96,0,0,0,0,0,0,0,"[0, 0, 224]",,,,,,,,,,2,,
2026-07-13 05:22:34.637875,,2,23.2,25.5,29.5,0.95,54.73,100.93,16.2,,,22.2,23.0,22.0,-23.91,1.42,3.33,0,0,0,0,0,0,0,"[0, 0, 224]",,,,,,,,,,2,,
2026-07-13 05:22:34.744797,,2,23.2,25.5,29.5,1.25,55.67,100.8,16.2,,,22.2,23.0,22.0,-23.91,0.72,3.06,0,0,0,0,0,0,0,"[0, 0, 224]",,,,,,,,,,2,,
2026-07-13 05:22:34.851683,,2,23.5,25.5,29.5,1.32,55.8,100.53,16.2,,,22.2,23.0,22.0,-23.91,1.35,3.57,0,0,0,0,0,0,0,"[0, 0, 224]",,,,,,,,,,2,,
2026-07-13 05:22:34.959352,,2,23.5,25.5,29.5,0.88,55.3,99.59,16.2,,,22.2,23.0,22.0,-23.91,0.82,2.9,0,0,0,0,0,0,0,"[0, 0, 224]",,,,,,,,,,2,,
2026-07-13 05:22:35.066022,,2,23.5,25.5,29.5,1.05,55.43,99.19,16.2,,,22.2,23.0,22.0,-23.91,1.15,3.06,0,0,0,0,0,0,0,"[0, 0, 224]",,,,,,,,,,2,,
2026-07-13 05:22:35.173803,,2,23.5,25.5,29.5,1.35,55.47,100.53,16.2,,,22.2,23.0,22.0,-23.91,0.98,3.47,0,0,0,0,0,0,0,"[0, 0, 224]",,,,,,,,,,2,,
2026-07-13 05:22:35.281097,,2,23.5,25.5,29.5,1.08,55.67,100.8,16.2,,,22.2,23.0,22.0,-23.91,0.85,3.03,0,0,0,0,0,0,0,"[0, 0, 224]",,,,,,,,,,2,,
2026-07-13 05:22:35.387722,,2,23.5,25.5,29.5,1.55,55.23,101.2,16.2,,,22.2,23.0,22.0,-23.91,0.98,3.03,0,0,0,0,0,0,0,"[0, 0, 224]",,,,,,,,,,2,,
2026-07-13 05:22:35.495053,,2,23.5,25.5,29.5,1.49,55.6,99.32,16.2,,,22.2,23.0,22.0,-23.91,1.29,2.83,0,0,0,0,0,0,0,"[0, 0, 224]",,,,,,,,,,2,,
2026-07-13 05:22:35.601753,,2,23.5,25.5,29.5,1.29,55.13,101.2,16.2,,,22.2,23.0,22.0,-23.91,0.85,3.4,0,0,0,0,0,0,0,"[0, 0, 224]",,,,,,,,,,2,,
2026-07-13 05:22:35.708610,,2,23.5,25.5,29.5,1.29,55.1,101.74,16.2,,,22.2,23.0,22.0,-23.91,1.32,3.0,0,0,0,0,0,0,0,"[0, 0, 224]",,,,,,,,,,2,,
2026-07-13 05:22:35.816976,,2,23.5,25.5,29.5,0.92,55.53,101.2,16.2,,,22.2,23.0,22.0,-23.91,1.02,3.3,0,0,0,0,0,0,0,"[0, 0, 224]",,,,,,,,,,2,,
2026-07-13 05:22:35.930754,,2,23.5,25.5,29.5,1.22,55.2,100.67,16.2,,,22.2,23.0,22.0,-23.91,0.98,3.06,0,0,0,0,0,0,0,"[0, 0, 224]",,,,,,,,,,2,,
2026-07-13 05:22:36.037588,,2,23.5,25.5,29.5,1.52,55.7,101.07,16.2,,,22.2,23.0,22.0,-23.91,0.88,3.27,0,0,0,0,0,0,0,"[0, 0, 224]",,,,,,,,,,2,,
2026-07-13 05:22:36.145524,,2,23.5,25.5,29.5,1.29,55.33,98.65,16.2,,,22.2,23.0,22.0,-23.91,1.42,3.33,0,0,0,0,0,0,0,"[0, 0, 224]",,,,,,,,,,2,,
2026-07-13 05:22:36.252299,,2,23.5,25.5,29.5,1.02,55.1,96.5,16.2,,,22.2,23.0,22.0,-23.91,0.92,3.23,0,0,0,0,0,0,0,"[0, 0, 224]",,,,,,,,,,2,,
2026-07-13 05:22:36.359051,,2,23.5,25.5,29.5,1.35,55.3,100.67,16.2,,,22.2,23.0,22.0,-23.91,1.12,3.13,0,0,0,0,0,0,0,"[0, 0, 224]",,,,,,,,,,2,,
2026-07-13 05:22:36.466995,,2,23.5,25.5,29.5,1.25,55.1,101.2,16.2,,,22.2,23.0,22.0,-23.91,0.95,3.37,0,0,0,0,0,0,0,"[0, 0, 224]",,,,,,,,,,2,,
2026-07-13 05:22:36.573932,,2,23.5,25.5,29.5,1.42,55.23,99.32,16.2,,,22.2,23.0,22.0,-23.91,1.02,2.96,0,0,0,0,0,0,0,"[0, 0, 224]",,,,,,,,,,2,,
2026-07-13 05:22:36.696565,,2,23.5,25.5,29.5,1.69,55.23,101.2,16.2,,,22.2,23.0,22.0,-23.91,0.75,2.9,0,0,0,0,0,0,0,"[0, 0, 224]",,,,,,,,,,2,,
2026-07-13 05:22:36.803997,,2,23.5,25.5,29.5,1.05,55.67,101.34,16.2,,,22.2,23.0,22.0,-23.91,0.78,3.43,0,0,0,0,0,0,0,"[0, 0, 224]",,,,,,,,,,2,,
2026-07-13 05:22:36.910722,,2,23.5,25.5,29.5,1.15,55.47,101.34,16.2,,,22.2,23.0,22.0,-23.91,1.39,2.83,0,0,0,0,0,0,0,"[0, 0, 224]",,,,,,,,,,2,,
2026-07-13 05:22:37.017861,,2,23.5,25.5,29.5,1.45,55.06,100.8,16.2,,,22.2,23.0,22.0,-23.91,1.35,3.1,0,0,0,0,0,0,0,"[0, 0, 224]",,,,,,,,,,2,,
2026-07-13 05:22:37.124846,,2,23.5,25.5,29.5,1.52,55.37,101.47,16.2,,,22.2,23.0,22.0,-23.91,1.39,3.33,0,0,0,0,0,0,0,"[0, 0, 224]",,,,,,,,,,2,,
2026-07-13 05:22:37.231970,,2,23.5,25.5,29.5,1.08,55.2,99.99,16.2,,,22.2,23.0,22.0,-23.91,0.75,3.03,0,0,0,0,0,0,0,"[0, 0, 224]",,,,,,,,,,2,,
2026-07-13 05:22:37.339148,,2,23.5,25.5,29.2,1.22,55.37,98.92,16.2,,,22.2,23.0,22.0,-23.91,1.35,3.0,0,0,0,0,0,0,0,"[0, 0, 224]",,,,,,,,,,2,,
2026-07-13 05:22:37.464110,,2,23.5,25.5,29.2,1.25,55.16,101.47,16.2,,,22.2,23.0,22.0,-23.91,0.95,3.47,0,0,0,0,0,0,0,"[0, 0, 224]",,,,,,,,,,2,,
2026-07-13 05:22:37.577390,,2,23.5,25.5,29.2,1.45,55.63,102.01,16.2,,,22.2,23.0,22.0,-23.91,0.72,2.86,0,0,0,0,0,0,0,"[0, 0, 224]",,,,,,,,,,2,,
2026-07-13 05:22:37.696109,,2,23.5,25.5,29.2,1.22,55.37,99.73,16.2,,,22.2,23.0,22.0,-23.91,1.35,2.9,0,0,0,0,0,0,0,"[0, 0, 224]",,,,,,,,,,2,,
2026-07-13 05:22:37.803956,,2,23.5,25.5,29.2,1.66,55.63,98.25,16.2,,,22.2,23.0,22.0,-23.91,1.12,2.86,0,0,0,0,0,0,0,"[0, 0, 224]",,,,,,,,,,2,,
2026-07-13 05:22:37.911256,,2,23.5,25.5,29.2,1.08,55.03,101.87,16.2,,,22.2,23.0,22.0,-23.91,0.95,2.76,0,0,0,0,0,0,0,"[0, 0, 224]",,,,,,,,,,2,,
2026-07-13 05:22:38.019440,,2,23.5,25.5,29.2,0.95,55.67,101.61,16.2,,,22.2,23.0,22.0,-23.91,1.39,3.3,0,0,0,0,0,0,0,"[0, 0, 224]",,,,,,,,,,2,,
2026-07-13 05:22:38.127086,,2,23.5,25.5,29.2,1.22,55.5,100.53,16.2,,,22.2,23.0,22.0,-23.91,1.49,3.1,0,0,0,0,0,0,0,"[0, 0, 224]",,,,,,,,,,2,,
2026-07-13 05:22:38.234009,,2,23.5,25.5,29.2,1.32,55.16,100.53,16.2,,,22.2,23.0,22.0,-23.91,1.35,3.33,0,0,0,0,0,0,0,"[0, 0, 224]",,,,,,,,,,2,,
2026-07-13 05:22:38.341101,,2,23.5,25.5,29.2,0.95,55.8,99.86,16.2,,,22.2,23.0,22.0,-23.91,0.92,3.06,0,0,0,0,0,0,0,"[0, 0, 224]",,,,,,,,,,2,,
2026-07-13 05:22:38.448892,,2,23.5,25.5,29.2,1.49,54.9,100.4,16.2,,,22.2,23.0,22.0,-23.91,1.35,3.2,0,0,0,0,0,0,0,"[0, 0, 224]",,,,,,,,,,2,,
2026-07-13 05:22:38.556498,,2,23.5,25.5,29.2,0.92,55.5,100.8,16.2,,,22.2,23.0,22.0,-23.91,0.82,2.76,0,0,0,0,0,0,0,"[0, 0, 224]",,,,,,,,,,2,,
2026-07-13 05:22:38.670150,,2,23.5,25.5,29.2,1.05,55.1,101.2,16.2,,,22.2,23.0,22.0,-23.91,1.15,3.06,0,0,0,0,0,0,0,"[0, 0, 224]",,,,,,,,,,2,,
2026-07-13 05:22:38.777824,,2,23.5,25.5,29.2,1.22,55.4,99.86,16.2,,,22.2,23.0,22.0,-23.91,1.35,3.3,0,0,0,0,0,0,0,"[0, 0, 224]",,,,,,,,,,2,,
2026-07-13 05:22:38.884569,,2,23.5,25.5,29.2,1.32,55.6,101.2,16.2,,,22.2,23.0,22.0,-23.91,1.15,3.3,0,0,0,0,0,0,0,"[0, 0, 224]",,,,,,,,,,2,,
2026-07-13 05:22:38.991528,,2,23.5,25.5,29.2,0.88,55.16,99.59,16.2,,,22.2,23.0,22.0,-23.91,0.88,3.1,0,0,0,0,0,0,0,"[0, 0, 224]",,,,,,,,,,2,,
2026-07-13 05:22:39.098280,,2,23.5,25.5,29.2,1.35,55.1,100.93,16.2,,,22.2,23.0,22.0,-23.91,1.39,2.93,0,0,0,0,0,0,0,"[0, 0, 224]",,,,,,,,,,2,,
2026-07-13 05:22:39.206481,,2,23.5,25.5,29.2,1.19,55.33,99.46,16.2,,,22.2,23.0,22.0,-23.91,1.45,2.9,0,0,0,0,0,0,0,"[0, 0, 224]",,,,,,,,,,2,,
2026-07-13 05:22:39.313001,,2,23.5,25.5,29.2,0.82,55.74,99.19,16.2,,,22.2,23.0,22.0,-23.91,1.12,3.16,0,0,0,0,0,0,0,"[0, 0, 224]",,,,,,,,,,2,,
2026-07-13 05:22:39.420107,,2,23.5,25.5,29.2,0.88,55.4,100.67,16.2,,,22.2,23.0,22.0,-23.91,0.85,2.9,0,0,0,0,0,0,0,"[0, 0, 224]",,,,,,,,,,2,,
2026-07-13 05:22:39.527118,,2,23.5,25.5,29.2,1.25,55.27,101.61,16.2,,,22.2,23.0,22.0,-23.91,0.95,3.3,0,0,0,0,0,0,0,"[0, 0, 224]",,,,,,,,,,2,,
2026-07-13 05:22:39.637590,,2,23.5,25.5,29.2,1.45,55.33,99.73,16.2,,,22.2,23.0,22.0,-23.91,0.95,3.27,0,0,0,0,0,0,0,"[0, 0, 224]",,,,,,,,,,2,,
2026-07-13 05:22:39.745410,,2,23.5,25.5,29.2,1.19,55.16,100.13,16.2,,,22.2,23.0,22.0,-23.91,0.82,3.3,0,0,0,0,0,0,0,"[0, 0, 224]",,,,,,,,,,2,,
2026-07-13 05:22:39.852376,,2,23.5,25.5,29.2,1.02,55.3,100.93,16.2,,,22.2,23.0,22.0,-23.91,0.95,2.86,0,0,0,0,0,0,0,"[0, 0, 224]",,,,,,,,,,2,,
2026-07-13 05:22:39.959566,,2,23.5,25.5,29.2,1.32,55.27,100.93,16.2,,,22.2,23.0,22.0,-23.91,0.95,3.37,0,0,0,0,0,0,0,"[0, 0, 224]",,,,,,,,,,2,,
2026-07-13 05:22:40.066494,,2,23.5,25.5,29.2,1.02,55.74,101.34,16.2,,,22.2,23.0,22.0,-23.91,0.92,3.16,0,0,0,0,0,0,0,"[0, 0, 224]",,,,,,,,,,2,,
2026-07-13 05:22:40.172259,,2,23.5,25.5,29.2,0.68,55.6,101.07,16.2,,,22.2,23.0,22.0,-23.91,1.32,2.9,0,0,0,0,0,0,0,"[0, 0, 224]",,,,,,,,,,2,,
2026-07-13 05:22:40.279413,,2,23.5,25.5,29.2,1.12,54.93,101.2,16.2,,,22.2,23.0,22.0,-23.91,0.68,3.0,0,0,0,0,0,0,0,"[0, 0, 224]",,,,,,,,,,2,,
2026-07-13 05:22:40.386941,,2,23.5,25.5,29.2,1.35,55.06,98.79,16.2,,,22.2,23.0,22.0,-23.91,1.35,3.0,0,0,0,0,0,0,0,"[0, 0, 224]",,,,,,,,,,2,,
2026-07-13 05:22:40.493728,,2,23.5,25.5,29.2,1.12,55.37,100.4,16.2,,,22.2,23.0,22.0,-23.91,0.98,2.73,0,0,0,0,0,0,0,"[0, 0, 224]",,,,,,,,,,2,,
2026-07-13 05:22:40.600858,,2,23.5,25.5,29.2,0.92,55.5,102.14,16.2,,,22.2,23.0,22.0,-23.91,0.68,3.2,0,0,0,0,0,0,0,"[0, 0, 224]",,,,,,,,,,2,,
2026-07-13 05:22:40.708223,,2,23.5,25.5,29.2,1.35,55.33,102.68,16.2,,,22.2,23.0,22.0,-23.91,0.68,3.27,0,0,0,0,0,0,0,"[0, 0, 224]",,,,,,,,,,2,,
2026-07-13 05:22:40.815931,,2,23.5,25.5,29.2,1.02,55.53,99.73,16.2,,,22.2,23.0,22.0,-23.91,1.05,3.1,0,0,0,0,0,0,0,"[0, 0, 224]",,,,,,,,,,2,,
2026-07-13 05:22:40.923301,,2,23.5,25.5,29.2,1.25,55.03,99.32,16.2,,,22.2,23.0,22.0,-23.91,1.12,2.93,0,0,0,0,0,0,0,"[0, 0, 224]",,,,,,,,,,2,,
2026-07-13 05:22:41.030133,,2,23.5,25.5,29.2,1.25,54.9,98.38,16.2,,,22.2,23.0,22.0,-23.91,1.35,3.27,0,0,0,0,0,0,0,"[0, 0, 224]",,,,,,,,,,2,,
2026-07-13 05:22:41.137190,,2,23.5,25.5,29.2,0.78,55.23,101.74,16.2,,,22.2,23.0,22.0,-23.91,0.92,3.13,0,0,0,0,0,0,0,"[0, 0, 224]",,,,,,,,,,2,,
2026-07-13 05:22:41.243988,,2,23.5,25.5,29.2,1.42,55.37,99.86,16.2,,,22.2,23.0,22.0,-23.91,0.82,2.93,0,0,0,0,0,0,0,"[0, 0, 224]",,,,,,,,,,2,,
2026-07-13 05:22:41.351252,,2,23.5,25.5,29.2,1.35,55.43,101.74,16.2,,,22.2,23.0,22.0,-23.91,0.85,2.63,0,0,0,0,0,0,0,"[0, 0, 224]",,,,,,,,,,2,,
2026-07-13 05:22:41.457962,,2,23.5,25.5,29.2,1.25,55.57,99.73,16.2,,,22.2,23.0,22.0,-23.91,0.75,3.03,0,0,0,0,0,0,0,"[0, 0, 224]",,,,,,,,,,2,,
2026-07-13 05:22:41.565555,,2,23.5,25.5,29.2,1.66,55.03,98.92,16.2,,,22.2,23.0,22.0,-23.91,1.39,2.86,0,0,0,0,0,0,0,"[0, 0, 224]",,,,,,,,,,2,,
2026-07-13 05:22:41.680414,,2,23.5,25.5,29.2,1.72,55.37,102.55,16.2,,,22.2,23.0,22.0,-23.91,1.39,3.2,0,0,0,0,0,0,0,"[0, 0, 224]",,,,,,,,,,2,,
2026-07-13 05:22:41.788688,,2,23.5,25.5,29.2,1.59,55.47,102.14,16.2,,,22.2,23.0,22.0,-23.91,1.12,2.93,0,0,0,0,0,0,0,"[0, 0, 224]",,,,,,,,,,2,,
2026-07-13 05:22:41.895517,,2,23.5,25.5,29.2,1.19,55.27,100.8,16.2,,,22.2,23.0,22.0,-23.91,1.29,2.63,0,0,0,0,0,0,0,"[0, 0, 224]",,,,,,,,,,2,,
2026-07-13 05:22:42.002996,,2,23.5,25.5,29.2,1.02,55.27,99.86,16.2,,,22.2,23.0,22.0,-23.91,1.22,2.76,0,0,0,0,0,0,0,"[0, 0, 224]",,,,,,,,,,2,,
2026-07-13 05:22:42.110409,,2,23.5,25.5,29.2,0.78,55.33,102.28,16.2,,,22.2,23.0,22.0,-23.91,1.32,2.69,0,0,0,0,0,0,0,"[0, 0, 224]",,,,,,,,,,2,,
2026-07-13 05:22:42.217926,,2,23.5,25.5,29.2,1.52,55.3,100.8,16.2,,,22.2,23.0,22.0,-23.91,1.08,3.23,0,0,0,0,0,0,0,"[0, 0, 224]",,,,,,,,,,2,,
2026-07-13 05:22:42.325123,,2,23.5,25.5,29.2,1.35,54.9,102.41,16.2,,,22.2,23.0,22.0,-23.91,0.75,2.56,0,0,0,0,0,0,0,"[0, 0, 224]",,,,,,,,,,2,,
2026-07-13 05:22:42.432291,,2,23.5,25.5,29.2,1.35,55.23,100.53,16.2,,,22.2,23.0,22.0,-23.91,1.22,2.9,0,0,0,0,0,0,0,"[0, 0, 224]",,,,,,,,,,2,,
2026-07-13 05:22:42.540482,,2,23.5,25.5,29.2,1.19,55.67,101.07,16.2,,,22.2,23.0,22.0,-23.91,0.95,3.1,0,0,0,0,0,0,0,"[0, 0, 224]",,,,,,,,,,2,,
2026-07-13 05:22:42.656611,,2,23.5,25.5,29.2,1.05,55.43,99.05,16.2,,,22.2,23.0,22.0,-23.91,0.85,2.83,0,0,0,0,0,0,0,"[0, 0, 224]",,,,,,,,,,2,,
2026-07-13 05:22:42.763699,,2,23.5,25.5,29.2,1.35,55.06,101.2,16.2,,,22.2,23.0,22.0,-23.91,0.75,2.73,0,0,0,0,0,0,0,"[0, 0, 224]",,,,,,,,,,2,,
2026-07-13 05:22:42.870692,,2,23.5,25.5,29.2,1.08,55.2,98.65,16.2,,,22.2,23.0,22.0,-23.91,1.15,2.93,0,0,0,0,0,0,0,"[0, 0, 224]",,,,,,,,,,2,,
2026-07-13 05:22:42.977501,,2,23.5,25.5,29.2,0.95,55.2,99.59,16.2,,,22.2,23.0,22.0,-23.91,0.78,2.83,0,0,0,0,0,0,0,"[0, 0, 224]",,,,,,,,,,2,,
2026-07-13 05:22:43.084550,,2,23.5,25.5,29.2,1.19,55.2,100.4,16.2,,,22.2,23.0,22.0,-23.91,1.19,2.86,0,0,0,0,0,0,0,"[0, 0, 224]",,,,,,,,,,2,,
2026-07-13 05:22:43.191340,,2,23.5,25.5,29.2,1.45,54.96,101.34,16.2,,,22.2,23.0,22.0,-23.91,1.29,3.06,0,0,0,0,0,0,0,"[0, 0, 224]",,,,,,,,,,2,,
2026-07-13 05:22:43.299389,,2,23.5,25.5,29.2,0.72,54.69,101.34,16.2,,,22.2,23.0,22.0,-23.91,1.15,3.16,0,0,0,0,0,0,0,"[0, 0, 224]",,,,,,,,,,2,,
2026-07-13 05:22:43.406446,,2,23.5,25.5,29.2,0.82,55.06,99.46,16.2,,,22.2,23.0,22.0,-23.91,0.85,3.1,0,0,0,0,0,0,0,"[0, 0, 224]",,,,,,,,,,2,,
2026-07-13 05:22:43.513958,,2,23.5,25.5,29.2,1.72,55.47,101.34,16.2,,,22.2,23.0,22.0,-23.91,1.25,2.63,0,0,0,0,0,0,0,"[0, 0, 224]",,,,,,,,,,2,,
2026-07-13 05:22:43.621399,,2,23.5,25.5,29.2,1.19,54.76,100.13,16.2,,,22.2,23.0,22.0,-23.91,1.39,2.53,0,0,0,0,0,0,0,"[0, 0, 224]",,,,,,,,,,2,,
2026-07-13 05:22:43.736736,,2,23.5,25.5,29.2,0.61,55.0,101.61,16.2,,,22.2,23.0,22.0,-23.91,1.15,2.59,0,0,0,0,0,0,0,"[0, 0, 224]",,,,,,,,,,2,,
2026-07-13 05:22:43.844746,,2,23.5,25.5,29.2,1.39,55.37,100.8,16.2,,,22.2,23.0,22.0,-23.91,0.88,3.2,0,0,0,0,0,0,0,"[0, 0, 224]",,,,,,,,,,2,,
2026-07-13 05:22:43.951963,,2,23.5,25.5,29.2,1.02,55.6,101.2,16.2,,,22.2,23.0,22.0,-23.91,1.12,2.63,0,0,0,0,0,0,0,"[0, 0, 224]",,,,,,,,,,2,,
2026-07-13 05:22:44.059296,,2,23.5,25.5,29.2,1.79,55.53,100.13,16.2,,,22.2,23.0,22.0,-23.91,0.75,2.49,0,0,0,0,0,0,0,"[0, 0, 224]",,,,,,,,,,2,,
2026-07-13 05:22:44.166820,,2,23.5,25.5,29.2,0.92,55.06,98.38,16.2,,,22.2,23.0,22.0,-23.91,1.08,3.03,0,0,0,0,0,0,0,"[0, 0, 224]",,,,,,,,,,2,,
2026-07-13 05:22:44.273450,,2,23.5,25.5,29.2,1.55,55.27,102.55,16.2,,,22.2,23.0,22.0,-23.91,0.95,3.06,0,0,0,0,0,0,0,"[0, 0, 224]",,,,,,,,,,2,,
2026-07-13 05:22:44.381685,,2,23.5,25.5,29.2,1.62,55.43,98.79,16.2,,,22.2,23.0,22.0,-23.91,0.82,2.76,0,0,0,0,0,0,0,"[0, 0, 224]",,,,,,,,,,2,,
2026-07-13 05:22:44.489052,,2,23.5,25.5,29.2,1.05,55.33,102.28,16.2,,,22.2,23.0,22.0,-23.91,1.25,3.1,0,0,0,0,0,0,0,"[0, 0, 224]",,,,,,,,,,2,,
2026-07-13 05:22:44.596034,,2,23.5,25.5,29.2,1.69,55.3,99.05,16.2,,,22.2,23.0,22.0,-23.91,1.29,3.13,0,0,0,0,0,0,0,"[0, 0, 224]",,,,,,,,,,2,,
2026-07-13 05:22:44.708618,,2,23.5,25.5,29.2,1.52,55.27,99.99,16.2,,,22.2,23.0,22.0,-23.91,1.35,2.59,0,0,0,0,0,0,0,"[0, 0, 224]",,,,,,,,,,2,,
2026-07-13 05:22:44.816341,,2,23.5,25.5,29.2,1.35,55.27,100.8,16.2,,,22.2,23.0,22.0,-23.91,0.65,2.39,0,0,0,0,0,0,0,"[0, 0, 224]",,,,,,,,,,2,,
2026-07-13 05:22:44.922991,,2,23.5,25.5,29.2,1.02,55.06,98.79,16.2,,,22.2,23.0,22.0,-23.91,0.85,2.43,0,0,0,0,0,0,0,"[0, 0, 224]",,,,,,,,,,2,,
2026-07-13 05:22:45.029961,,2,23.5,25.5,29.2,0.75,55.6,99.73,16.2,,,22.2,23.0,22.0,-23.91,1.25,2.59,0,0,0,0,0,0,0,"[0, 0, 224]",,,,,,,,,,2,,
2026-07-13 05:22:45.136978,,2,23.5,25.5,29.0,0.95,55.13,101.2,16.2,,,22.2,23.0,22.0,-23.91,1.39,2.63,0,0,0,0,0,0,0,"[0, 0, 224]",,,,,,,,,,2,,
2026-07-13 05:22:45.244156,,2,23.5,25.5,29.0,0.58,55.37,100.53,16.2,,,22.2,23.0,22.0,-23.91,1.39,3.1,0,0,0,0,0,0,0,"[0, 0, 224]",,,,,,,,,,2,,
2026-07-13 05:22:45.351499,,2,23.5,25.5,29.0,1.45,55.23,99.99,16.2,,,22.2,23.0,22.0,-23.91,0.98,3.1,0,0,0,0,0,0,0,"[0, 0, 224]",,,,,,,,,,2,,
2026-07-13 05:22:45.458051,,2,23.5,25.5,29.0,1.22,55.4,102.14,16.2,,,22.2,23.0,22.0,-23.91,1.29,3.03,0,0,0,0,0,0,0,"[0, 0, 224]",,,,,,,,,,2,,
2026-07-13 05:22:45.565712,,2,23.5,25.5,29.0,1.08,54.73,101.34,16.2,,,22.2,23.0,22.0,-23.91,0.82,2.8,0,0,0,0,0,0,0,"[0, 0, 224]",,,,,,,,,,2,,
2026-07-13 05:22:45.680903,,2,23.5,25.5,29.0,1.05,55.03,101.2,16.2,,,22.2,23.0,22.0,-23.91,1.29,2.93,0,0,0,0,0,0,0,"[0, 0, 224]",,,,,,,,,,2,,
2026-07-13 05:22:45.788728,,2,23.5,25.5,29.0,1.15,55.16,100.8,16.2,,,22.2,23.0,22.0,-23.91,0.88,2.39,0,0,0,0,0,0,0,"[0, 0, 224]",,,,,,,,,,2,,
2026-07-13 05:22:45.896159,,2,23.5,25.5,29.0,1.62,55.4,100.67,16.2,,,22.2,23.0,22.0,-23.91,1.22,2.96,0,0,0,0,0,0,0,"[0, 0, 224]",,,,,,,,,,2,,
2026-07-13 05:22:46.003082,,2,23.5,25.5,29.0,1.32,55.47,99.19,16.2,,,22.2,23.0,22.0,-23.91,1.19,3.03,0,0,0,0,0,0,0,"[0, 0, 224]",,,,,,,,,,2,,
2026-07-13 05:22:46.109852,,2,23.5,25.5,29.0,0.75,55.33,100.26,16.2,,,22.2,23.0,22.0,-23.91,0.88,3.03,0,0,0,0,0,0,0,"[0, 0, 224]",,,,,,,,,,2,,
2026-07-13 05:22:46.217032,,2,23.5,25.5,29.0,1.29,55.33,100.4,16.2,,,22.2,23.0,22.0,-23.91,1.35,2.56,0,0,0,0,0,0,0,"[0, 0, 224]",,,,,,,,,,2,,
2026-07-13 05:22:46.324188,,2,23.5,25.5,29.0,1.05,55.53,100.67,16.2,,,22.2,23.0,22.0,-23.91,0.78,2.63,0,0,0,0,0,0,0,"[0, 0, 224]",,,,,,,,,,2,,
2026-07-13 05:22:46.430909,,2,23.5,25.5,29.0,1.25,55.63,102.14,16.2,,,22.2,23.0,22.0,-23.91,0.92,2.43,0,0,0,0,0,0,0,"[0, 0, 224]",,,,,,,,,,2,,
2026-07-13 05:22:46.537599,,2,23.5,25.5,29.0,1.08,55.37,101.87,16.2,,,22.2,23.0,22.0,-23.91,1.35,2.56,0,0,0,0,0,0,0,"[0, 0, 224]",,,,,,,,,,2,,
2026-07-13 05:22:46.651289,,2,23.5,25.5,29.0,1.22,55.57,99.05,16.2,,,22.2,23.0,22.0,-23.91,1.12,2.96,0,0,0,0,0,0,0,"[0, 0, 224]",,,,,,,,,,2,,
2026-07-13 05:22:46.758321,,2,23.5,25.5,29.0,1.12,54.96,100.26,16.2,,,22.2,23.0,22.0,-23.91,1.02,2.96,0,0,0,0,0,0,0,"[0, 0, 224]",,,,,,,,,,2,,
2026-07-13 05:22:46.865082,,2,23.5,25.5,29.0,1.19,55.4,101.34,16.2,,,22.2,23.0,22.0,-23.91,1.15,2.96,0,0,0,0,0,0,0,"[0, 0, 224]",,,,,,,,,,2,,
2026-07-13 05:22:46.972376,,2,23.5,25.5,29.0,1.08,55.1,100.93,16.2,,,22.2,23.0,22.0,-23.91,0.72,3.03,0,0,0,0,0,0,0,"[0, 0, 224]",,,,,,,,,,2,,
2026-07-13 05:22:47.079854,,2,23.5,25.5,29.0,1.19,55.23,99.73,16.2,,,22.2,23.0,22.0,-23.91,1.29,2.9,0,0,0,0,0,0,0,"[0, 0, 224]",,,,,,,,,,2,,
2026-07-13 05:22:47.186985,,2,23.5,25.5,29.0,1.25,55.3,99.05,16.2,,,22.2,23.0,22.0,-23.91,0.75,2.53,0,0,0,0,0,0,0,"[0, 0, 224]",,,,,,,,,,2,,
2026-07-13 05:22:47.294505,,2,23.5,25.5,29.0,1.02,54.9,100.13,16.2,,,22.2,23.0,22.0,-23.91,1.39,3.0,0,0,0,0,0,0,0,"[0, 0, 224]",,,,,,,,,,2,,
2026-07-13 05:22:47.401165,,2,23.5,25.5,29.0,0.82,55.0,101.34,16.2,,,22.2,23.0,22.0,-23.91,0.85,2.33,0,0,0,0,0,0,0,"[0, 0, 224]",,,,,,,,,,2,,
2026-07-13 05:22:47.508384,,2,23.5,25.5,29.0,1.39,55.37,103.62,16.2,,,22.2,23.0,22.0,-23.91,0.88,3.0,0,0,0,0,0,0,0,"[0, 0, 224]",,,,,,,,,,2,,
2026-07-13 05:22:47.615685,,2,23.5,25.5,29.0,1.12,55.23,99.59,16.2,,,22.2,23.0,22.0,-23.91,1.08,2.69,0,0,0,0,0,0,0,"[0, 0, 224]",,,,,,,,,,2,,
2026-07-13 05:22:47.724180,,2,23.5,25.5,29.0,0.92,55.53,99.99,16.2,,,22.2,23.0,22.0,-23.91,0.72,2.76,0,0,0,0,0,0,0,"[0, 0, 224]",,,,,,,,,,2,,
2026-07-13 05:22:47.831009,,2,23.5,25.5,29.0,1.49,55.23,99.86,16.2,,,22.2,23.0,22.0,-23.91,1.39,2.33,0,0,0,0,0,0,0,"[0, 0, 224]",,,,,,,,,,2,,
2026-07-13 05:22:47.946067,,2,23.5,25.5,29.0,1.35,55.0,100.26,16.2,,,22.2,23.0,22.0,-23.91,0.82,2.86,0,0,0,0,0,0,0,"[0, 0, 224]",,,,,,,,,,2,,
2026-07-13 05:22:48.054141,,2,23.5,25.5,29.0,1.42,55.3,99.46,16.2,,,22.2,23.0,22.0,-23.91,1.29,2.56,0,0,0,0,0,0,0,"[0, 0, 224]",,,,,,,,,,2,,
2026-07-13 05:22:48.161756,,2,23.5,25.5,29.0,1.39,55.06,99.73,16.2,,,22.2,23.0,22.0,-23.91,1.15,3.0,0,0,0,0,0,0,0,"[0, 0, 224]",,,,,,,,,,2,,
2026-07-13 05:22:48.269421,,2,23.5,25.5,29.0,0.88,55.63,102.28,16.2,,,22.2,23.0,22.0,-23.91,1.35,2.8,0,0,0,0,0,0,0,"[0, 0, 224]",,,,,,,,,,2,,
2026-07-13 05:22:48.375996,,2,23.5,25.5,29.0,1.76,54.96,99.86,16.2,,,22.2,23.0,22.0,-23.91,0.75,2.56,0,0,0,0,0,0,0,"[0, 0, 224]",,,,,,,,,,2,,
2026-07-13 05:22:48.482778,,2,23.5,25.5,29.0,0.88,55.7,98.25,16.2,,,22.2,23.0,22.0,-23.91,1.08,2.26,0,0,0,0,0,0,0,"[0, 0, 224]",,,,,,,,,,2,,
2026-07-13 05:22:48.589792,,2,23.5,25.5,29.0,0.88,55.77,100.93,16.2,,,22.2,23.0,22.0,-23.91,1.42,2.76,0,0,0,0,0,0,0,"[0, 0, 224]",,,,,,,,,,2,,
2026-07-13 05:22:48.708825,,2,23.5,25.5,29.0,1.42,55.63,102.14,16.2,,,22.2,23.0,22.0,-23.91,1.25,2.69,0,0,0,0,0,0,0,"[0, 0, 224]",,,,,,,,,,2,,
2026-07-13 05:22:48.816846,,2,23.5,25.5,29.0,1.45,55.03,100.26,16.2,,,22.2,23.0,22.0,-23.91,1.22,2.29,0,0,0,0,0,0,0,"[0, 0, 224]",,,,,,,,,,2,,
2026-07-13 05:22:48.924055,,2,23.5,25.5,29.0,1.12,55.43,100.26,16.2,,,22.2,23.0,22.0,-23.91,1.02,2.53,0,0,0,0,0,0,0,"[0, 0, 224]",,,,,,,,,,2,,
2026-07-13 05:22:49.031154,,2,23.5,25.5,29.0,1.35,54.59,100.26,16.2,,,22.2,23.0,22.0,-23.91,1.19,2.19,0,0,0,0,0,0,0,"[0, 0, 224]",,,,,,,,,,2,,
2026-07-13 05:22:49.148176,,2,23.5,25.5,29.0,0.98,54.66,100.67,16.2,,,22.2,23.0,22.0,-23.91,0.75,2.46,0,0,0,0,0,0,0,"[0, 0, 224]",,,,,,,,,,2,,
2026-07-13 05:22:49.274926,,2,23.5,25.5,29.0,0.78,55.43,100.53,16.2,,,22.2,23.0,22.0,-23.91,0.95,2.33,0,0,0,0,0,0,0,"[0, 0, 224]",,,,,,,,,,2,,
2026-07-13 05:22:49.382692,,2,23.5,25.5,29.0,1.02,55.4,101.2,16.2,,,22.2,23.0,22.0,-23.91,0.72,2.66,0,0,0,0,0,0,0,"[0, 0, 224]",,,,,,,,,,2,,
2026-07-13 05:22:49.489560,,2,23.5,25.5,29.0,1.12,55.4,100.8,16.2,,,22.2,23.0,22.0,-23.91,0.95,2.69,0,0,0,0,0,0,0,"[0, 0, 224]",,,,,,,,,,2,,
2026-07-13 05:22:49.596902,,2,23.5,25.5,29.0,1.25,55.27,101.34,16.2,,,22.2,23.0,22.0,-23.91,1.08,2.83,0,0,0,0,0,0,0,"[0, 0, 224]",,,,,,,,,,2,,
2026-07-13 05:22:49.716149,,2,23.5,25.5,29.0,1.69,55.23,102.14,16.2,,,22.2,23.0,22.0,-23.91,0.75,2.46,0,0,0,0,0,0,0,"[0, 0, 224]",,,,,,,,,,2,,
2026-07-13 05:22:49.823244,,2,23.5,25.5,29.0,1.02,55.4,99.59,16.2,,,22.2,23.0,22.0,-23.91,0.85,2.86,0,0,0,0,0,0,0,"[0, 0, 224]",,,,,,,,,,2,,
2026-07-13 05:22:49.936859,,2,23.5,25.5,29.0,0.68,55.2,99.05,16.2,,,22.2,23.0,22.0,-23.91,0.72,2.39,0,0,0,0,0,0,0,"[0, 0, 224]",,,,,,,,,,2,,
2026-07-13 05:22:50.044295,,2,23.5,25.5,29.0,1.49,54.73,101.2,16.2,,,22.2,23.0,22.0,-23.91,1.02,2.26,0,0,0,0,0,0,0,"[0, 0, 224]",,,,,,,,,,2,,
2026-07-13 05:22:50.151279,,2,23.5,25.5,29.0,1.72,54.69,101.34,16.2,,,22.2,23.0,22.0,-23.91,0.88,2.33,0,0,0,0,0,0,0,"[0, 0, 224]",,,,,,,,,,2,,
2026-07-13 05:22:50.258161,,2,23.5,25.5,29.0,1.32,55.1,99.46,16.2,,,22.2,23.0,22.0,-23.91,1.12,2.9,0,0,0,0,0,0,0,"[0, 0, 224]",,,,,,,,,,2,,
2026-07-13 05:22:50.365962,,2,23.5,25.5,29.0,1.29,55.3,101.87,16.2,,,22.2,23.0,22.0,-23.91,0.85,2.22,0,0,0,0,0,0,0,"[0, 0, 224]",,,,,,,,,,2,,
2026-07-13 05:22:50.473781,,2,23.5,25.5,29.0,1.02,55.5,100.93,16.2,,,22.2,23.0,22.0,-23.91,1.35,2.19,0,0,0,0,0,0,0,"[0, 0, 224]",,,,,,,,,,2,,
2026-07-13 05:22:50.580770,,2,23.5,25.5,29.0,1.35,54.63,98.38,16.2,,,22.2,23.0,22.0,-23.91,1.12,2.39,0,0,0,0,0,0,0,"[0, 0, 224]",,,,,,,,,,2,,
2026-07-13 05:22:50.705039,,2,23.5,25.5,29.0,1.42,54.93,99.59,16.2,,,22.2,23.0,22.0,-23.91,1.15,2.22,0,0,0,0,0,0,0,"[0, 0, 224]",,,,,,,,,,2,,
2026-07-13 05:22:50.812566,,2,23.5,25.5,29.0,0.95,55.43,101.74,16.2,,,22.2,23.0,22.0,-23.91,1.29,2.86,0,0,0,0,0,0,0,"[0, 0, 224]",,,,,,,,,,2,,
2026-07-13 05:22:50.919748,,2,23.5,25.5,29.0,1.19,54.93,100.53,16.2,,,22.2,23.0,22.0,-23.91,1.25,2.86,0,0,0,0,0,0,0,"[0, 0, 224]",,,,,,,,,,2,,
2026-07-13 05:22:51.027809,,2,23.5,25.5,29.0,0.88,55.37,101.2,16.2,,,22.2,23.0,22.0,-23.91,1.12,2.33,0,0,0,0,0,0,0,"[0, 0, 224]",,,,,,,,,,2,,
2026-07-13 05:22:51.134956,,2,23.5,25.5,29.0,1.08,55.06,99.73,16.2,,,22.2,23.0,22.0,-23.91,0.78,2.76,0,0,0,0,0,0,0,"[0, 0, 224]",,,,,,,,,,2,,
2026-07-13 05:22:51.242049,,2,23.5,25.5,29.0,0.78,55.06,100.26,16.2,,,22.2,23.0,22.0,-23.91,0.98,2.9,0,0,0,0,0,0,0,"[0, 0, 224]",,,,,,,,,,2,,
2026-07-13 05:22:51.349331,,2,23.5,25.5,29.0,1.29,55.23,100.93,16.2,,,22.2,23.0,22.0,-23.91,0.88,2.26,0,0,0,0,0,0,0,"[0, 0, 224]",,,,,,,,,,2,,
2026-07-13 05:22:51.457013,,2,23.5,25.5,29.0,1.29,54.93,100.93,16.2,,,22.2,23.0,22.0,-23.91,0.75,2.73,0,0,0,0,0,0,0,"[0, 0, 224]",,,,,,,,,,2,,
2026-07-13 05:22:51.564402,,2,23.5,25.5,29.0,0.92,55.33,100.8,16.2,,,22.2,23.0,22.0,-23.91,1.39,2.76,0,0,0,0,0,0,0,"[0, 0, 224]",,,,,,,,,,2,,
2026-07-13 05:22:51.680754,,2,23.5,25.5,29.0,1.08,55.33,100.26,16.2,,,22.2,23.0,22.0,-23.91,0.78,2.26,0,0,0,0,0,0,0,"[0, 0, 224]",,,,,,,,,,2,,
2026-07-13 05:22:51.788642,,2,23.5,25.5,29.0,1.49,55.06,99.46,16.2,,,22.2,23.0,22.0,-23.91,0.78,2.22,0,0,0,0,0,0,0,"[0, 0, 224]",,,,,,,,,,2,,
2026-07-13 05:22:51.895760,,2,23.5,25.5,29.0,0.95,55.4,99.86,16.2,,,22.2,23.0,22.0,-23.91,1.02,2.22,0,0,0,0,0,0,0,"[0, 0, 224]",,,,,,,,,,2,,
2026-07-13 05:22:52.002655,,2,23.5,25.5,29.0,1.49,55.23,102.01,16.2,,,22.2,23.0,22.0,-23.91,1.35,2.59,0,0,0,0,0,0,0,"[0, 0, 224]",,,,,,,,,,2,,
2026-07-13 05:22:52.109941,,2,23.5,25.5,29.0,1.52,54.96,99.19,16.2,,,22.2,23.0,22.0,-23.91,1.05,2.83,0,0,0,0,0,0,0,"[0, 0, 224]",,,,,,,,,,2,,
2026-07-13 05:22:52.217789,,2,23.5,25.5,29.0,0.72,55.8,100.93,16.2,,,22.2,23.0,22.0,-23.91,1.32,2.8,0,0,0,0,0,0,0,"[0, 0, 224]",,,,,,,,,,2,,
2026-07-13 05:22:52.324477,,2,23.5,25.5,29.0,1.72,55.27,101.61,16.2,,,22.2,23.0,22.0,-23.91,1.29,2.69,0,0,0,0,0,0,0,"[0, 0, 224]",,,,,,,,,,2,,
2026-07-13 05:22:52.431943,,2,23.5,25.5,29.0,1.35,55.23,100.53,16.2,,,22.2,23.0,22.0,-23.91,0.85,2.83,0,0,0,0,0,0,0,"[0, 0, 224]",,,,,,,,,,2,,
2026-07-13 05:22:52.539367,,2,23.5,25.5,29.0,0.92,54.73,98.65,16.2,,,22.2,23.0,22.0,-23.91,1.42,2.09,0,0,0,0,0,0,0,"[0, 0, 224]",,,,,,,,,,2,,
2026-07-13 05:22:52.672896,,2,23.5,25.5,29.0,0.92,55.2,99.46,16.2,,,22.2,23.0,22.0,-23.91,1.22,2.76,0,0,0,0,0,0,0,"[0, 0, 224]",,,,,,,,,,2,,
2026-07-13 05:22:52.786681,,2,23.5,25.5,29.0,1.02,55.33,100.53,16.2,,,22.2,23.0,22.0,-23.91,1.35,2.43,0,0,0,0,0,0,0,"[0, 0, 224]",,,,,,,,,,2,,
2026-07-13 05:22:52.900671,,2,23.5,25.5,28.7,1.02,55.06,98.79,16.2,,,22.2,23.0,22.0,-23.91,1.25,2.49,0,0,0,0,0,0,0,"[0, 0, 224]",,,,,,,,,,2,,
2026-07-13 05:22:53.013872,,2,23.5,25.5,28.7,0.82,55.1,102.28,16.2,,,22.2,23.0,22.0,-23.91,1.19,2.73,0,0,0,0,0,0,0,"[0, 0, 224]",,,,,,,,,,2,,
2026-07-13 05:22:53.126927,,2,23.5,25.5,28.7,0.98,55.06,100.26,16.2,,,22.2,23.0,22.0,-23.91,1.02,2.29,0,0,0,0,0,0,0,"[0, 0, 224]",,,,,,,,,,2,,
2026-07-13 05:22:53.240029,,2,23.5,25.5,28.7,1.02,55.0,101.74,16.2,,,22.2,23.0,22.0,-23.91,1.35,2.63,0,0,0,0,0,0,0,"[0, 0, 224]",,,,,,,,,,2,,
2026-07-13 05:22:53.353356,,2,23.5,25.5,28.7,1.08,55.43,100.13,16.2,,,22.2,23.0,22.0,-23.91,0.75,2.19,0,0,0,0,0,0,0,"[0, 0, 224]",,,,,,,,,,2,,
2026-07-13 05:22:53.467028,,2,23.5,25.5,28.7,1.22,54.69,100.13,16.2,,,22.2,23.0,22.0,-23.91,0.85,2.76,0,0,0,0,0,0,0,"[0, 0, 224]",,,,,,,,,,2,,
2026-07-13 05:22:53.579672,,2,23.5,25.5,28.7,1.05,55.3,101.61,16.2,,,22.2,23.0,22.0,-23.91,0.88,2.69,0,0,0,0,0,0,0,"[0, 0, 224]",,,,,,,,,,2,,
2026-07-13 05:22:53.702515,,2,23.5,25.5,28.7,0.88,55.0,100.13,16.2,,,22.2,23.0,22.0,-23.91,0.82,2.09,0,0,0,0,0,0,0,"[0, 0, 224]",,,,,,,,,,2,,
2026-07-13 05:22:53.815094,,2,23.5,25.5,28.7,0.95,55.1,99.86,16.2,,,22.2,23.0,22.0,-23.91,1.29,2.56,0,0,0,0,0,0,0,"[0, 0, 224]",,,,,,,,,,2,,
2026-07-13 05:22:53.928825,,2,23.5,25.5,28.7,0.95,54.9,99.19,16.2,,,22.2,23.0,22.0,-23.91,1.35,2.33,0,0,0,0,0,0,0,"[0, 0, 224]",,,,,,,,,,2,,
2026-07-13 05:22:54.042220,,2,23.5,25.5,28.7,1.02,54.83,100.26,16.2,,,22.2,23.0,22.0,-23.91,1.35,2.33,0,0,0,0,0,0,0,"[0, 0, 224]",,,,,,,,,,2,,
2026-07-13 05:22:54.156307,,2,23.5,25.5,28.7,1.12,55.43,101.87,16.2,,,22.2,23.0,22.0,-23.91,1.42,2.43,0,0,0,0,0,0,0,"[0, 0, 224]",,,,,,,,,,2,,
2026-07-13 05:22:54.269572,,2,23.5,25.5,28.7,1.25,55.03,101.07,16.2,,,22.2,23.0,22.0,-23.91,0.85,2.43,0,0,0,0,0,0,0,"[0, 0, 224]",,,,,,,,,,2,,
2026-07-13 05:22:54.382697,,2,23.5,25.5,28.7,1.32,55.23,101.34,16.2,,,22.2,23.0,22.0,-23.91,1.39,2.63,0,0,0,0,0,0,0,"[0, 0, 224]",,,,,,,,,,2,,
2026-07-13 05:22:54.495658,,2,23.5,25.5,28.7,1.32,55.06,101.61,16.2,,,22.2,23.0,22.0,-23.91,0.75,2.49,0,0,0,0,0,0,0,"[0, 0, 224]",,,,,,,,,,2,,
2026-07-13 05:22:54.609715,,2,23.5,25.5,28.7,1.15,55.23,101.61,16.2,,,22.2,23.0,22.0,-23.91,1.35,2.16,0,0,0,0,0,0,0,"[0, 0, 224]",,,,,,,,,,2,,
2026-07-13 05:22:54.735708,,2,23.5,25.5,28.7,1.29,55.23,101.74,16.2,,,22.2,23.0,22.0,-23.91,0.88,2.53,0,0,0,0,0,0,0,"[0, 0, 224]",,,,,,,,,,2,,
2026-07-13 05:22:54.848503,,2,23.5,25.5,28.7,1.12,55.5,101.74,16.2,,,22.2,23.0,22.0,-23.91,0.75,2.63,0,0,0,0,0,0,0,"[0, 0, 224]",,,,,,,,,,2,,
2026-07-13 05:22:54.962677,,2,23.5,25.5,28.7,1.08,55.0,100.53,16.2,,,22.2,23.0,22.0,-23.91,0.92,2.59,0,0,0,0,0,0,0,"[0, 0, 224]",,,,,,,,,,2,,
2026-07-13 05:22:55.075379,,2,23.5,25.5,28.7,1.35,55.27,101.74,16.2,,,22.2,23.0,22.0,-23.91,1.15,2.19,0,0,0,0,0,0,0,"[0, 0, 224]",,,,,,,,,,2,,
2026-07-13 05:22:55.188490,,2,23.5,25.5,28.7,1.32,54.59,99.05,16.2,,,22.2,23.0,22.0,-23.91,1.39,2.63,0,0,0,0,0,0,0,"[0, 0, 224]",,,,,,,,,,2,,
2026-07-13 05:22:55.301448,,2,23.5,25.5,28.7,1.42,55.03,99.46,16.2,,,22.2,23.0,22.0,-23.91,1.39,2.19,0,0,0,0,0,0,0,"[0, 0, 224]",,,,,,,,,,2,,
2026-07-13 05:22:55.414259,,2,23.5,25.5,28.7,1.08,55.1,100.13,16.2,,,22.2,23.0,22.0,-23.91,1.15,2.12,0,0,0,0,0,0,0,"[0, 0, 224]",,,,,,,,,,2,,
2026-07-13 05:22:55.528050,,2,23.5,25.5,28.7,0.88,55.23,101.61,16.2,,,22.2,23.0,22.0,-23.91,1.12,2.66,0,0,0,0,0,0,0,"[0, 0, 224]",,,,,,,,,,2,,
2026-07-13 05:22:55.640991,,2,23.5,25.5,28.7,1.02,54.83,101.07,16.2,,,22.2,23.0,22.0,-23.91,1.42,2.36,0,0,0,0,0,0,0,"[0, 0, 224]",,,,,,,,,,2,,
2026-07-13 05:22:55.755054,,2,23.5,25.5,28.7,1.15,55.5,100.26,16.2,,,22.2,23.0,22.0,-23.91,1.32,2.49,0,0,0,0,0,0,0,"[0, 0, 224]",,,,,,,,,,2,,
2026-07-13 05:22:55.868994,,2,23.5,25.5,28.7,1.39,55.37,101.34,16.2,,,22.2,23.0,22.0,-23.91,0.88,2.59,0,0,0,0,0,0,0,"[0, 0, 224]",,,,,,,,,,2,,
2026-07-13 05:22:55.982259,,2,23.5,25.5,28.7,0.88,54.96,101.47,16.2,,,22.2,23.0,22.0,-23.91,1.25,2.12,0,0,0,0,0,0,0,"[0, 0, 224]",,,,,,,,,,2,,
2026-07-13 05:22:56.095808,,2,23.5,25.5,28.7,1.05,54.93,99.32,16.2,,,22.2,23.0,22.0,-23.91,0.98,2.56,0,0,0,0,0,0,0,"[0, 0, 224]",,,,,,,,,,2,,
2026-07-13 05:22:56.208800,,2,23.5,25.5,28.7,0.92,54.69,99.86,16.2,,,22.2,23.0,22.0,-23.91,1.35,2.63,0,0,0,0,0,0,0,"[0, 0, 224]",,,,,,,,,,2,,
2026-07-13 05:22:56.322195,,2,23.5,25.5,28.7,1.02,55.43,99.86,16.2,,,22.2,23.0,22.0,-23.91,1.29,2.66,0,0,0,0,0,0,0,"[0, 0, 224]",,,,,,,,,,2,,
2026-07-13 05:22:56.435630,,2,23.5,25.5,28.7,0.82,54.83,101.34,16.2,,,22.2,23.0,22.0,-23.91,0.75,2.09,0,0,0,0,0,0,0,"[0, 0, 224]",,,,,,,,,,2,,
2026-07-13 05:22:56.548677,,2,23.5,25.5,28.7,0.95,54.93,99.05,16.2,,,22.2,23.0,22.0,-23.91,1.32,2.59,0,0,0,0,0,0,0,"[0, 0, 224]",,,,,,,,,,2,,
2026-07-13 05:22:56.662532,,2,23.5,25.5,28.7,1.05,55.5,99.99,16.2,,,22.2,23.0,22.0,-23.91,1.19,2.66,0,0,0,0,0,0,0,"[0, 0, 224]",,,,,,,,,,2,,
2026-07-13 05:22:56.780442,,2,23.5,25.5,28.7,1.05,55.43,99.99,16.2,,,22.2,23.0,22.0,-23.91,1.19,2.69,0,0,0,0,0,0,0,"[0, 0, 224]",,,,,,,,,,2,,
2026-07-13 05:22:56.894350,,2,23.5,25.5,28.7,1.39,55.27,100.13,16.2,,,22.2,23.0,22.0,-23.91,1.15,2.39,0,0,0,0,0,0,0,"[0, 0, 224]",,,,,,,,,,2,,
2026-07-13 05:22:57.007307,,2,23.5,25.5,28.7,1.19,55.3,97.98,16.2,,,22.2,22.7,22.0,-23.91,0.75,2.73,0,0,0,0,0,0,0,"[0, 0, 224]",,,,,,,,,,2,,
2026-07-13 05:22:57.121283,,2,23.5,25.5,28.7,1.15,55.2,100.67,16.2,,,22.2,22.7,22.0,-23.91,0.82,2.63,0,0,0,0,0,0,0,"[0, 0, 224]",,,,,,,,,,2,,
2026-07-13 05:22:57.235159,,2,23.5,25.5,28.7,1.42,55.23,102.95,16.2,,,22.2,22.7,22.0,-23.91,1.32,2.56,0,0,0,0,0,0,0,"[0, 0, 224]",,,,,,,,,,2,,
2026-07-13 05:22:57.348062,,2,23.5,25.5,28.7,0.92,54.73,101.74,16.2,,,22.2,22.7,22.0,-23.91,0.98,2.09,0,0,0,0,0,0,0,"[0, 0, 224]",,,,,,,,,,2,,
2026-07-13 05:22:57.462205,,2,23.5,25.5,28.7,1.02,55.33,98.65,16.2,,,22.2,22.7,22.0,-23.91,1.08,2.22,0,0,0,0,0,0,0,"[0, 0, 224]",,,,,,,,,,2,,
2026-07-13 05:22:57.575213,,2,23.5,25.5,28.7,1.62,55.43,99.19,16.2,,,22.2,22.7,22.0,-23.91,0.85,2.02,0,0,0,0,0,0,0,"[0, 0, 224]",,,,,,,,,,2,,
2026-07-13 05:22:57.699542,,2,23.5,25.5,28.7,1.45,55.06,101.34,16.2,,,22.2,22.7,22.0,-23.91,1.22,2.63,0,0,0,0,0,0,0,"[0, 0, 224]",,,,,,,,,,2,,
2026-07-13 05:22:57.812688,,2,23.5,25.5,28.7,1.35,54.73,99.32,16.2,,,22.2,23.0,22.0,-23.91,0.88,2.63,0,0,0,0,0,0,0,"[0, 0, 224]",,,,,,,,,,2,,
2026-07-13 05:22:57.925930,,2,23.5,25.5,28.7,1.32,55.23,102.81,16.2,,,22.2,23.0,22.0,-23.91,1.32,2.02,0,0,0,0,0,0,0,"[0, 0, 224]",,,,,,,,,,2,,
2026-07-13 05:22:58.038682,,2,23.5,25.5,28.7,0.95,55.37,101.2,16.2,,,22.2,23.0,22.0,-23.91,1.25,1.96,0,0,0,0,0,0,0,"[0, 0, 224]",,,,,,,,,,2,,
2026-07-13 05:22:58.152691,,2,23.5,25.5,28.7,1.32,55.3,99.86,16.2,,,22.2,23.0,22.0,-23.91,1.22,2.53,0,0,0,0,0,0,0,"[0, 0, 224]",,,,,,,,,,2,,
2026-07-13 05:22:58.266257,,2,23.5,25.5,28.7,1.45,54.96,100.26,16.2,,,22.2,23.0,22.0,-23.91,0.82,2.22,0,0,0,0,0,0,0,"[0, 0, 224]",,,,,,,,,,2,,
2026-07-13 05:22:58.379397,,2,23.5,25.5,28.5,0.88,55.03,101.74,16.2,,,22.2,23.0,22.0,-23.91,1.32,2.39,0,0,0,0,0,0,0,"[0, 0, 224]",,,,,,,,,,2,,
2026-07-13 05:22:58.492218,,2,23.5,25.5,28.5,1.25,54.96,99.73,16.2,,,22.2,23.0,22.0,-23.91,1.42,1.99,0,0,0,0,0,0,0,"[0, 0, 224]",,,,,,,,,,2,,
2026-07-13 05:22:58.605674,,2,23.5,25.5,28.5,1.19,54.9,98.38,16.2,,,22.2,23.0,22.0,-23.91,1.29,2.09,0,0,0,0,0,0,0,"[0, 0, 224]",,,,,,,,,,2,,
2026-07-13 05:22:58.729982,,2,23.5,25.5,28.5,1.05,54.96,99.86,16.2,,,22.2,23.0,22.0,-23.91,1.15,2.56,0,0,0,0,0,0,0,"[0, 0, 224]",,,,,,,,,,2,,
2026-07-13 05:22:58.843155,,2,23.5,25.5,28.5,1.12,55.43,100.93,16.2,,,22.2,22.7,22.0,-23.91,0.88,2.59,0,0,0,0,0,0,0,"[0, 0, 224]",,,,,,,,,,2,,
2026-07-13 05:22:58.957147,,2,23.5,25.5,28.5,1.35,55.13,99.73,16.2,,,22.2,22.7,22.0,-23.91,1.35,2.46,0,0,0,0,0,0,0,"[0, 0, 224]",,,,,,,,,,2,,
2026-07-13 05:22:59.070178,,2,23.5,25.5,28.5,1.12,55.06,101.07,16.2,,,22.2,22.7,22.0,-23.91,1.25,2.06,0,0,0,0,0,0,0,"[0, 0, 224]",,,,,,,,,,2,,
2026-07-13 05:22:59.182922,,2,23.5,25.5,28.5,1.49,55.53,102.28,16.2,,,22.2,22.7,22.0,-23.91,0.72,2.22,0,0,0,0,0,0,0,"[0, 0, 224]",,,,,,,,,,2,,
2026-07-13 05:22:59.296473,,2,23.5,25.5,28.5,1.49,55.4,102.28,16.2,,,22.2,22.7,22.0,-23.91,1.02,2.46,0,0,0,0,0,0,0,"[0, 0, 224]",,,,,,,,,,2,,
2026-07-13 05:22:59.409514,,2,23.5,25.5,28.5,1.39,54.96,101.47,16.2,,,22.2,22.7,22.0,-23.91,0.78,1.92,0,0,0,0,0,0,0,"[0, 0, 224]",,,,,,,,,,2,,
2026-07-13 05:22:59.523514,,2,23.5,25.5,28.5,1.42,55.03,98.79,16.2,,,22.2,22.7,22.0,-23.91,1.42,2.06,0,0,0,0,0,0,0,"[0, 0, 224]",,,,,,,,,,2,,
2026-07-13 05:22:59.636298,,2,23.5,25.5,28.5,1.12,55.2,98.25,16.2,,,22.2,22.7,22.0,-23.91,0.88,2.09,0,0,0,0,0,0,0,"[0, 0, 224]",,,,,,,,,,2,,
2026-07-13 05:22:59.749165,,2,23.5,25.5,28.5,1.22,55.13,99.46,16.2,,,22.2,22.7,22.0,-23.91,1.05,2.49,0,0,0,0,0,0,0,"[0, 0, 224]",,,,,,,,,,2,,
2026-07-13 05:22:59.862791,,2,23.5,25.5,28.5,1.02,55.37,100.93,16.2,,,22.2,22.7,22.0,-23.91,1.05,1.89,0,0,0,0,0,0,0,"[0, 0, 224]",,,,,,,,,,2,,
2026-07-13 05:22:59.976604,,2,23.5,25.5,28.5,0.85,55.06,101.61,16.2,,,22.2,22.7,22.0,-23.91,0.82,2.09,0,0,0,0,0,0,0,"[0, 0, 224]",,,,,,,,,,2,,
2026-07-13 05:23:00.091041,,2,23.5,25.5,28.5,0.85,55.3,99.99,16.2,,,22.2,22.7,22.0,-23.91,1.32,2.02,0,0,0,0,0,0,0,"[0, 0, 224]",,,,,,,,,,2,,
2026-07-13 05:23:00.204779,,2,23.5,25.5,28.5,0.95,55.03,99.86,16.2,,,22.2,22.7,22.0,-23.91,1.22,2.19,0,0,0,0,0,0,0,"[0, 0, 224]",,,,,,,,,,2,,
2026-07-13 05:23:00.318247,,2,23.5,25.5,28.5,0.85,54.8,99.19,16.2,,,22.2,22.7,22.0,-23.91,1.29,1.96,0,0,0,0,0,0,0,"[0, 0, 224]",,,,,,,,,,2,,
2026-07-13 05:23:00.432248,,2,23.5,25.5,28.5,1.22,54.96,101.34,16.2,,,22.2,22.7,22.0,-23.91,0.82,2.56,0,0,0,0,0,0,0,"[0, 0, 224]",,,,,,,,,,2,,
2026-07-13 05:23:00.546217,,2,23.5,25.5,28.5,1.35,55.47,100.13,16.2,,,22.2,22.7,22.0,-23.91,1.35,1.92,0,0,0,0,0,0,0,"[0, 0, 224]",,,,,,,,,,2,,
2026-07-13 05:23:00.668241,,2,23.5,25.5,28.5,1.29,55.5,102.01,16.2,,,22.2,22.7,22.0,-23.91,0.82,1.92,0,0,0,0,0,0,0,"[0, 0, 224]",,,,,,,,,,2,,
2026-07-13 05:23:00.781268,,2,23.5,25.5,28.5,1.49,55.3,101.61,16.2,,,22.2,22.7,22.0,-23.91,1.39,2.56,0,0,0,0,0,0,0,"[0, 0, 224]",,,,,,,,,,2,,
2026-07-13 05:23:00.894272,,2,23.5,25.5,28.5,1.08,55.03,98.52,16.2,,,22.2,22.7,22.0,-23.91,1.02,2.06,0,0,0,0,0,0,0,"[0, 0, 224]",,,,,,,,,,2,,
2026-07-13 05:23:01.006961,,2,23.5,25.5,28.5,1.15,55.13,100.8,16.2,,,22.2,22.7,22.0,-23.91,1.12,1.96,0,0,0,0,0,0,0,"[0, 0, 224]",,,,,,,,,,2,,
2026-07-13 05:23:01.121051,,2,23.5,25.5,28.5,0.95,54.9,100.13,16.2,,,22.2,22.7,22.0,-23.91,1.35,2.22,0,0,0,0,0,0,0,"[0, 0, 224]",,,,,,,,,,2,,
2026-07-13 05:23:01.234204,,2,23.5,25.5,28.5,1.22,55.3,101.87,16.2,,,22.2,22.7,22.0,-23.91,1.32,2.56,0,0,0,0,0,0,0,"[0, 0, 224]",,,,,,,,,,2,,
2026-07-13 05:23:01.346857,,2,23.5,25.5,28.5,0.95,55.23,99.05,16.2,,,22.2,22.7,22.0,-23.91,1.32,1.96,0,0,0,0,0,0,0,"[0, 0, 224]",,,,,,,,,,2,,
2026-07-13 05:23:01.460522,,2,23.5,25.5,28.5,1.55,55.2,100.13,16.2,,,22.2,22.7,22.0,-23.91,1.35,1.99,0,0,0,0,0,0,0,"[0, 0, 224]",,,,,,,,,,2,,
2026-07-13 05:23:01.573805,,2,23.5,25.5,28.5,0.98,55.23,102.01,16.2,,,22.2,22.7,22.0,-23.91,1.02,2.22,0,0,0,0,0,0,0,"[0, 0, 224]",,,,,,,,,,2,,
2026-07-13 05:23:01.716118,,2,23.5,25.5,28.5,1.42,55.5,99.59,16.2,,,22.2,22.7,22.0,-23.91,0.75,2.29,0,0,0,0,0,0,0,"[0, 0, 224]",,,,,,,,,,2,,
2026-07-13 05:23:01.829384,,2,23.5,25.5,28.5,1.49,54.63,99.46,16.2,,,22.2,22.7,22.0,-23.91,1.29,2.29,0,0,0,0,0,0,0,"[0, 0, 224]",,,,,,,,,,2,,
2026-07-13 05:23:01.952154,,2,23.5,25.5,28.5,0.92,55.7,99.46,16.2,,,22.2,22.7,22.0,-23.91,1.39,2.33,0,0,0,0,0,0,0,"[0, 0, 224]",,,,,,,,,,2,,
2026-07-13 05:23:02.065919,,2,23.5,25.5,28.5,1.22,55.27,99.99,16.2,,,22.2,22.7,22.0,-23.91,0.82,2.46,0,0,0,0,0,0,0,"[0, 0, 224]",,,,,,,,,,2,,
2026-07-13 05:23:02.179844,,2,23.5,25.5,28.5,0.95,55.13,100.93,16.2,,,22.2,22.7,22.0,-23.91,1.35,2.33,0,0,0,0,0,0,0,"[0, 0, 224]",,,,,,,,,,2,,
2026-07-13 05:23:02.292689,,2,23.5,25.5,28.5,1.29,55.1,100.4,16.2,,,22.2,22.7,22.0,-23.91,0.78,1.89,0,0,0,0,0,0,0,"[0, 0, 224]",,,,,,,,,,2,,
2026-07-13 05:23:02.405468,,2,23.5,25.5,28.5,1.12,54.83,100.26,16.2,,,22.2,22.7,22.0,-23.91,1.32,2.29,0,0,0,0,0,0,0,"[0, 0, 224]",,,,,,,,,,2,,
2026-07-13 05:23:02.519150,,2,23.5,25.5,28.5,0.68,55.63,101.47,16.2,,,22.2,22.7,22.0,-23.91,0.95,2.39,0,0,0,0,0,0,0,"[0, 0, 224]",,,,,,,,,,2,,
2026-07-13 05:23:02.632422,,2,23.5,25.5,28.5,0.95,55.63,101.34,16.2,,,22.2,22.7,22.0,-23.91,1.39,2.53,0,0,0,0,0,0,0,"[0, 0, 224]",,,,,,,,,,2,,
2026-07-13 05:23:02.752053,,2,23.5,25.5,28.5,0.85,54.8,97.44,16.2,,,22.2,22.7,22.0,-23.91,1.39,2.46,0,0,0,0,0,0,0,"[0, 0, 224]",,,,,,,,,,2,,
2026-07-13 05:23:02.865415,,2,23.5,25.5,28.5,0.78,55.2,99.86,16.2,,,22.2,22.7,22.0,-23.91,0.92,2.22,0,0,0,0,0,0,0,"[0, 0, 224]",,,,,,,,,,2,,
2026-07-13 05:23:02.977862,,2,23.5,25.5,28.5,1.45,55.27,101.2,16.2,,,22.2,22.7,22.0,-23.91,1.32,2.02,0,0,0,0,0,0,0,"[0, 0, 224]",,,,,,,,,,2,,
2026-07-13 05:23:03.090900,,2,23.5,25.5,28.5,0.58,55.27,100.93,16.2,,,22.2,22.7,22.0,-23.91,1.32,2.49,0,0,0,0,0,0,0,"[0, 0, 224]",,,,,,,,,,2,,
2026-07-13 05:23:03.203689,,2,23.5,25.5,28.5,1.29,55.53,99.99,16.2,,,22.2,22.7,22.0,-23.91,1.15,1.89,0,0,0,0,0,0,0,"[0, 0, 224]",,,,,,,,,,2,,
2026-07-13 05:23:03.317516,,2,23.5,25.5,28.5,0.45,54.96,98.79,16.2,,,22.2,22.7,22.0,-23.91,0.78,1.86,0,0,0,0,0,0,0,"[0, 0, 224]",,,,,,,,,,2,,
2026-07-13 05:23:03.431167,,2,23.5,25.5,28.5,1.29,54.69,100.8,16.2,,,22.2,22.7,22.0,-23.91,1.35,2.36,0,0,0,0,0,0,0,"[0, 0, 224]",,,,,,,,,,2,,
2026-07-13 05:23:03.544443,,2,23.5,25.5,28.5,1.22,54.9,101.34,16.2,,,22.2,22.7,22.0,-23.91,0.85,2.43,0,0,0,0,0,0,0,"[0, 0, 224]",,,,,,,,,,2,,
2026-07-13 05:23:03.657578,,2,23.5,25.5,28.5,1.35,55.16,100.4,16.2,,,22.2,22.7,22.0,-23.91,0.68,1.96,0,0,0,0,0,0,0,"[0, 0, 224]",,,,,,,,,,2,,
2026-07-13 05:23:03.783209,,2,23.5,25.5,28.5,0.75,55.37,101.61,16.2,,,22.2,22.7,22.0,-23.91,0.75,2.02,0,0,0,0,0,0,0,"[0, 0, 224]",,,,,,,,,,2,,
2026-07-13 05:23:03.897004,,2,23.5,25.5,28.5,1.05,55.06,100.67,16.2,,,22.2,22.7,22.0,-23.91,1.39,1.92,0,0,0,0,0,0,0,"[0, 0, 224]",,,,,,,,,,2,,
2026-07-13 05:23:04.010305,,2,23.5,25.5,28.5,1.19,54.93,99.86,16.2,,,22.2,22.7,22.0,-23.91,0.98,1.89,0,0,0,0,0,0,0,"[0, 0, 224]",,,,,,,,,,2,,
2026-07-13 05:23:04.123659,,2,23.5,25.5,28.5,1.32,55.33,100.4,16.2,,,22.2,22.7,22.0,-23.91,1.29,2.36,0,0,0,0,0,0,0,"[0, 0, 224]",,,,,,,,,,2,,
2026-07-13 05:23:04.237266,,2,23.5,25.5,28.5,0.75,54.8,99.99,16.2,,,22.2,22.7,22.0,-23.91,1.19,2.06,0,0,0,0,0,0,0,"[0, 0, 224]",,,,,,,,,,2,,
2026-07-13 05:23:04.350749,,2,23.5,25.5,28.5,0.75,54.83,101.07,16.2,,,22.2,22.7,22.0,-23.91,1.08,2.46,0,0,0,0,0,0,0,"[0, 0, 224]",,,,,,,,,,2,,
2026-07-13 05:23:04.464510,,2,23.5,25.5,28.5,1.15,55.4,99.86,16.2,,,22.2,22.7,22.0,-23.91,1.25,2.02,0,0,0,0,0,0,0,"[0, 0, 224]",,,,,,,,,,2,,
2026-07-13 05:23:04.577072,,2,23.5,25.5,28.5,1.19,55.3,101.07,16.2,,,22.2,22.7,22.0,-23.91,0.95,2.16,0,0,0,0,0,0,0,"[0, 0, 224]",,,,,,,,,,2,,
2026-07-13 05:23:04.691053,,2,23.5,25.5,28.5,1.42,54.93,102.01,16.2,,,22.2,22.7,22.0,-23.91,1.39,1.99,0,0,0,0,0,0,0,"[0, 0, 224]",,,,,,,,,,2,,
2026-07-13 05:23:04.804700,,2,23.5,25.5,28.5,0.88,54.49,99.86,16.2,,,22.2,22.7,22.0,-23.91,1.35,2.36,0,0,0,0,0,0,0,"[0, 0, 224]",,,,,,,,,,2,,
2026-07-13 05:23:04.918661,,2,23.5,25.5,28.5,1.45,54.66,100.93,16.2,,,22.2,22.7,22.0,-23.91,0.98,2.12,0,0,0,0,0,0,0,"[0, 0, 224]",,,,,,,,,,2,,
2026-07-13 05:23:05.032492,,2,23.5,25.5,28.5,1.05,55.6,98.65,16.2,,,22.2,22.7,22.0,-23.91,0.95,2.09,0,0,0,0,0,0,0,"[0, 0, 224]",,,,,,,,,,2,,
2026-07-13 05:23:05.145897,,2,23.5,25.5,28.5,1.19,54.8,101.74,16.2,,,22.2,22.7,22.0,-23.91,1.42,1.75,0,0,0,0,0,0,0,"[0, 0, 224]",,,,,,,,,,2,,
2026-07-13 05:23:05.258865,,2,23.5,25.5,28.5,1.19,55.03,100.53,16.2,,,22.2,22.7,22.0,-23.91,1.39,2.26,0,0,0,0,0,0,0,"[0, 0, 224]",,,,,,,,,,2,,
2026-07-13 05:23:05.371923,,2,23.5,25.5,28.5,1.39,55.06,98.65,16.2,,,22.2,22.7,22.0,-23.91,1.39,1.75,0,0,0,0,0,0,0,"[0, 0, 224]",,,,,,,,,,2,,
2026-07-13 05:23:05.485314,,2,23.5,25.5,28.5,0.95,55.4,101.61,16.2,,,22.2,22.7,22.0,-23.91,0.78,2.19,0,0,0,0,0,0,0,"[0, 0, 224]",,,,,,,,,,2,,
2026-07-13 05:23:05.598567,,2,23.5,25.5,28.5,1.35,55.06,101.87,16.2,,,22.2,22.7,22.0,-23.91,1.12,2.29,0,0,0,0,0,0,0,"[0, 0, 224]",,,,,,,,,,2,,
2026-07-13 05:23:05.721000,,2,23.5,25.5,28.5,1.49,55.06,99.05,16.2,,,22.2,22.7,22.0,-23.91,1.29,1.86,0,0,0,0,0,0,0,"[0, 0, 224]",,,,,,,,,,2,,
2026-07-13 05:23:05.834048,,2,23.5,25.5,28.5,0.65,54.93,101.34,16.2,,,22.2,22.7,22.0,-23.91,1.39,1.82,0,0,0,0,0,0,0,"[0, 0, 224]",,,,,,,,,,2,,
2026-07-13 05:23:05.953576,,2,23.5,25.5,28.5,1.35,55.13,101.2,16.2,,,22.2,22.7,22.0,-23.91,1.12,2.36,0,0,0,0,0,0,0,"[0, 0, 224]",,,,,,,,,,2,,
2026-07-13 05:23:06.068122,,2,23.5,25.5,28.5,1.15,54.8,99.73,16.2,,,22.2,22.7,22.0,-23.91,1.19,2.26,0,0,0,0,0,0,0,"[0, 0, 224]",,,,,,,,,,2,,
2026-07-13 05:23:06.180950,,2,23.5,25.5,28.5,1.32,55.33,102.14,16.2,,,22.2,22.7,22.0,-23.91,1.25,2.43,0,0,0,0,0,0,0,"[0, 0, 224]",,,,,,,,,,2,,
2026-07-13 05:23:06.293889,,2,23.5,25.5,28.5,1.59,54.86,101.61,16.2,,,22.2,22.7,22.0,-23.91,0.95,2.29,0,0,0,0,0,0,0,"[0, 0, 224]",,,,,,,,,,2,,
2026-07-13 05:23:06.407170,,2,23.5,25.5,28.5,1.12,54.53,99.32,16.2,,,22.2,22.7,22.0,-23.91,0.85,1.69,0,0,0,0,0,0,0,"[0, 0, 224]",,,,,,,,,,2,,
2026-07-13 05:23:06.521008,,2,23.5,25.5,28.5,0.78,55.1,102.55,16.2,,,22.2,22.7,22.0,-23.91,1.42,2.02,0,0,0,0,0,0,0,"[0, 0, 224]",,,,,,,,,,2,,
2026-07-13 05:23:06.634151,,2,23.5,25.5,28.5,1.12,55.1,101.07,16.2,,,22.2,22.7,22.0,-23.91,0.72,1.96,0,0,0,0,0,0,0,"[0, 0, 224]",,,,,,,,,,2,,
2026-07-13 05:23:06.758123,,2,23.5,25.5,28.2,1.25,54.56,99.86,16.2,,,22.2,22.7,22.0,-23.91,1.35,2.22,0,0,0,0,0,0,0,"[0, 0, 224]",,,,,,,,,,2,,
2026-07-13 05:23:06.871365,,2,23.5,25.5,28.2,1.52,55.4,99.59,16.2,,,22.2,22.7,22.0,-23.91,1.29,2.19,0,0,0,0,0,0,0,"[0, 0, 224]",,,,,,,,,,2,,
2026-07-13 05:23:06.984739,,2,23.5,25.5,28.2,1.02,54.96,99.86,16.2,,,22.2,22.7,22.0,-23.91,1.49,2.36,0,0,0,0,0,0,0,"[0, 0, 224]",,,,,,,,,,2,,
2026-07-13 05:23:07.097938,,2,23.5,25.5,28.2,0.82,55.47,101.74,16.2,,,22.2,22.7,22.0,-23.91,0.95,1.89,0,0,0,0,0,0,0,"[0, 0, 224]",,,,,,,,,,2,,
2026-07-13 05:23:07.211046,,2,23.5,25.5,28.2,1.52,55.2,102.41,16.2,,,22.2,22.7,22.0,-23.91,1.29,1.82,0,0,0,0,0,0,0,"[0, 0, 224]",,,,,,,,,,2,,
2026-07-13 05:23:07.324978,,2,23.5,25.5,28.2,1.08,55.06,101.47,16.2,,,22.2,22.7,22.0,-23.91,0.75,1.86,0,0,0,0,0,0,0,"[0, 0, 224]",,,,,,,,,,2,,
2026-07-13 05:23:07.438037,,2,23.5,25.5,28.2,0.92,54.76,101.87,16.2,,,22.2,22.7,22.0,-23.91,1.02,1.86,0,0,0,0,0,0,0,"[0, 0, 224]",,,,,,,,,,2,,
2026-07-13 05:23:07.552279,,2,23.5,25.5,28.2,1.49,54.8,100.93,16.2,,,22.2,22.7,22.0,-23.91,0.92,1.79,0,0,0,0,0,0,0,"[0, 0, 224]",,,,,,,,,,2,,
2026-07-13 05:23:07.665736,,2,23.5,25.5,28.2,1.05,54.96,99.86,16.2,,,22.2,22.7,22.0,-23.91,0.78,1.72,0,0,0,0,0,0,0,"[0, 0, 224]",,,,,,,,,,2,,
2026-07-13 05:23:07.787672,,2,23.5,25.5,28.2,1.19,55.23,101.61,16.2,,,22.2,22.7,22.0,-23.91,1.19,1.82,0,0,0,0,0,0,0,"[0, 0, 224]",,,,,,,,,,2,,
2026-07-13 05:23:07.901516,,2,23.5,25.5,28.2,1.08,55.03,102.41,16.2,,,22.2,22.7,22.0,-23.91,0.95,2.22,0,0,0,0,0,0,0,"[0, 0, 224]",,,,,,,,,,2,,
2026-07-13 05:23:08.014271,,2,23.5,25.5,28.2,1.52,54.86,102.14,16.2,,,22.2,22.7,22.0,-23.91,0.75,1.72,0,0,0,0,0,0,0,"[0, 0, 224]",,,,,,,,,,2,,
2026-07-13 05:23:08.127617,,2,23.5,25.5,28.2,1.05,54.56,101.07,16.2,,,22.2,22.7,22.0,-23.91,0.75,2.26,0,0,0,0,0,0,0,"[0, 0, 224]",,,,,,,,,,2,,
2026-07-13 05:23:08.240203,,2,23.5,25.5,28.2,1.39,55.1,101.47,16.2,,,22.2,22.7,22.0,-23.91,0.78,1.96,0,0,0,0,0,0,0,"[0, 0, 224]",,,,,,,,,,2,,
2026-07-13 05:23:08.353545,,2,23.5,25.5,28.2,1.02,54.73,100.26,16.2,,,22.2,22.7,22.0,-23.91,0.88,2.22,0,0,0,0,0,0,0,"[0, 0, 224]",,,,,,,,,,2,,
2026-07-13 05:23:08.466663,,2,23.5,25.5,28.2,1.29,55.06,100.4,16.2,,,22.2,22.7,22.0,-23.91,1.12,2.26,0,0,0,0,0,0,0,"[0, 0, 224]",,,,,,,,,,2,,
2026-07-13 05:23:08.586416,,2,23.5,25.5,28.2,1.59,55.0,103.35,16.2,,,22.2,22.7,22.0,-23.91,0.72,2.22,0,0,0,0,0,0,0,"[0, 0, 224]",,,,,,,,,,2,,
2026-07-13 05:23:08.707891,,2,23.5,25.5,28.2,0.45,55.53,101.87,16.2,,,22.2,22.7,22.0,-23.91,0.78,1.92,0,0,0,0,0,0,0,"[0, 0, 224]",,,,,,,,,,2,,
2026-07-13 05:23:08.820921,,2,23.5,25.5,28.2,1.08,55.06,98.52,16.2,,,22.2,22.7,22.0,-23.91,0.78,2.36,0,0,0,0,0,0,0,"[0, 0, 224]",,,,,,,,,,2,,
2026-07-13 05:23:08.934717,,2,23.5,25.5,28.2,1.05,55.27,99.99,16.2,,,22.2,22.7,22.0,-23.91,1.42,2.12,0,0,0,0,0,0,0,"[0, 0, 224]",,,,,,,,,,2,,
2026-07-13 05:23:09.048265,,2,23.5,25.5,28.2,1.19,55.16,102.14,16.2,,,22.2,22.7,22.0,-23.91,0.82,1.65,0,0,0,0,0,0,0,"[0, 0, 224]",,,,,,,,,,2,,
2026-07-13 05:23:09.162654,,2,23.5,25.5,28.2,0.82,55.13,98.92,16.2,,,22.2,22.7,22.0,-23.91,1.22,2.36,0,0,0,0,0,0,0,"[0, 0, 224]",,,,,,,,,,2,,
2026-07-13 05:23:09.277188,,2,23.5,25.5,28.2,1.39,54.86,100.8,16.2,,,22.2,22.7,22.0,-23.91,0.88,2.33,0,0,0,0,0,0,0,"[0, 0, 224]",,,,,,,,,,2,,
2026-07-13 05:23:09.390945,,2,23.5,25.5,28.2,1.22,54.96,100.93,16.2,,,22.2,22.7,22.0,-23.91,0.98,1.72,0,0,0,0,0,0,0,"[0, 0, 224]",,,,,,,,,,2,,
2026-07-13 05:23:09.498034,,2,23.5,25.5,28.2,0.75,55.37,101.07,16.2,,,22.2,22.7,22.0,-23.91,0.85,1.65,0,0,0,0,0,0,0,"[0, 0, 224]",,,,,,,,,,2,,
2026-07-13 05:23:09.604983,,2,23.5,25.5,28.2,1.55,55.0,101.74,16.2,,,22.2,22.7,22.0,-23.91,1.08,1.89,0,0,0,0,0,0,0,"[0, 0, 224]",,,,,,,,,,2,,
2026-07-13 05:23:09.727894,,2,23.5,25.5,28.2,0.95,55.23,99.32,16.2,,,22.2,22.7,22.0,-23.91,0.68,1.82,0,0,0,0,0,0,0,"[0, 0, 224]",,,,,,,,,,2,,
2026-07-13 05:23:09.834975,,2,23.5,25.5,28.2,1.45,55.0,101.74,16.2,,,22.2,22.7,22.0,-23.91,1.39,2.19,0,0,0,0,0,0,0,"[0, 0, 224]",,,,,,,,,,2,,
2026-07-13 05:23:09.950030,,2,23.5,25.5,28.2,1.29,55.13,100.13,16.2,,,22.2,22.7,22.0,-23.91,1.49,1.72,0,0,0,0,0,0,0,"[0, 0, 224]",,,,,,,,,,2,,
2026-07-13 05:23:10.057492,,2,23.5,25.5,28.2,1.29,55.13,100.8,16.2,,,22.2,22.7,22.0,-23.91,1.39,1.82,0,0,0,0,0,0,0,"[0, 0, 224]",,,,,,,,,,2,,
2026-07-13 05:23:10.165058,,2,23.5,25.5,28.2,1.52,55.1,101.07,16.2,,,22.2,22.7,22.0,-23.91,0.78,1.82,0,0,0,0,0,0,0,"[0, 0, 224]",,,,,,,,,,2,,
2026-07-13 05:23:10.271889,,2,23.5,25.5,28.2,1.49,55.06,100.26,16.2,,,22.2,22.7,22.0,-23.91,1.19,1.69,0,0,0,0,0,0,0,"[0, 0, 224]",,,,,,,,,,2,,
2026-07-13 05:23:10.378794,,2,23.5,25.5,28.2,1.19,55.06,99.73,16.2,,,22.2,22.7,22.0,-23.91,1.25,2.16,0,0,0,0,0,0,0,"[0, 0, 224]",,,,,,,,,,2,,
2026-07-13 05:23:10.486363,,2,23.5,25.5,28.2,1.02,54.66,99.46,16.2,,,22.2,22.7,22.0,-23.91,1.08,1.89,0,0,0,0,0,0,0,"[0, 0, 224]",,,,,,,,,,2,,
2026-07-13 05:23:10.593980,,2,23.5,25.5,28.2,1.02,55.37,101.07,16.2,,,22.2,22.7,22.0,-23.91,1.39,2.22,0,0,0,0,0,0,0,"[0, 0, 224]",,,,,,,,,,2,,
2026-07-13 05:23:10.700558,,2,23.5,25.5,28.2,0.85,55.1,100.93,16.2,,,22.2,22.7,22.0,-23.91,1.12,2.16,0,0,0,0,0,0,0,"[0, 0, 224]",,,,,,,,,,2,,
2026-07-13 05:23:10.807857,,2,23.5,25.5,28.2,0.55,55.13,99.59,16.2,,,22.2,22.7,22.0,-23.91,1.29,1.62,0,0,0,0,0,0,0,"[0, 0, 224]",,,,,,,,,,2,,
2026-07-13 05:23:10.915189,,2,23.5,25.5,28.2,1.19,55.27,99.46,16.2,,,22.2,22.7,22.0,-23.91,0.88,2.26,0,0,0,0,0,0,0,"[0, 0, 224]",,,,,,,,,,2,,
2026-07-13 05:23:11.022149,,2,23.5,25.5,28.2,0.98,55.23,99.86,16.2,,,22.2,22.7,22.0,-23.91,0.78,1.82,0,0,0,0,0,0,0,"[0, 0, 224]",,,,,,,,,,2,,
2026-07-13 05:23:11.129755,,2,23.5,25.5,28.2,0.95,55.37,100.4,16.2,,,22.2,22.7,22.0,-23.91,1.45,1.99,0,0,0,0,0,0,0,"[0, 0, 224]",,,,,,,,,,2,,
2026-07-13 05:23:11.236468,,2,23.5,25.5,28.2,0.82,55.0,102.01,16.2,,,22.2,22.7,22.0,-23.91,1.35,2.22,0,0,0,0,0,0,0,"[0, 0, 224]",,,,,,,,,,2,,
2026-07-13 05:23:11.343814,,2,23.5,25.5,28.2,1.32,55.33,101.34,16.2,,,22.2,22.7,22.0,-23.91,0.88,2.22,0,0,0,0,0,0,0,"[0, 0, 224]",,,,,,,,,,2,,
2026-07-13 05:23:11.450527,,2,23.5,25.5,28.2,0.65,55.27,99.05,16.2,,,22.2,22.7,22.0,-23.91,1.32,1.62,0,0,0,0,0,0,0,"[0, 0, 224]",,,,,,,,,,2,,
2026-07-13 05:23:11.558028,,2,23.5,25.5,28.2,1.25,54.93,99.73,16.2,,,22.2,22.7,22.0,-23.91,0.82,1.62,0,0,0,0,0,0,0,"[0, 0, 224]",,,,,,,,,,2,,
2026-07-13 05:23:11.675857,,2,23.5,25.5,28.2,1.76,54.83,102.01,16.2,,,22.2,22.7,22.0,-23.91,1.32,1.82,0,0,0,0,0,0,0,"[0, 0, 224]",,,,,,,,,,2,,
2026-07-13 05:23:11.802072,,2,23.5,25.5,28.2,0.75,54.73,99.59,16.2,,,22.2,22.7,22.0,-23.91,1.32,1.59,0,0,0,0,0,0,0,"[0, 0, 224]",,,,,,,,,,2,,
2026-07-13 05:23:11.909091,,2,23.5,25.5,28.2,1.25,55.6,98.79,16.2,,,22.2,22.7,22.0,-23.91,1.08,2.19,0,0,0,0,0,0,0,"[0, 0, 224]",,,,,,,,,,2,,
2026-07-13 05:23:12.016072,,2,23.5,25.5,28.2,1.69,55.5,99.32,16.2,,,22.2,22.7,22.0,-23.91,1.15,2.02,0,0,0,0,0,0,0,"[0, 0, 224]",,,,,,,,,,2,,
2026-07-13 05:23:12.123571,,2,23.5,25.5,28.2,1.25,55.27,101.87,16.2,,,22.2,22.7,22.0,-23.91,0.78,1.75,0,0,0,0,0,0,0,"[0, 0, 224]",,,,,,,,,,2,,
2026-07-13 05:23:12.230551,,2,23.5,25.5,28.2,1.15,55.33,100.67,16.2,,,22.2,22.7,22.0,-23.91,0.82,1.96,0,0,0,0,0,0,0,"[0, 0, 224]",,,,,,,,,,2,,
2026-07-13 05:23:12.337224,,2,23.5,25.5,28.2,1.15,55.27,100.53,16.2,,,22.2,22.7,22.0,-23.91,1.35,1.62,0,0,0,0,0,0,0,"[0, 0, 224]",,,,,,,,,,2,,
2026-07-13 05:23:12.444837,,2,23.5,25.5,28.2,0.72,55.1,100.93,16.2,,,22.2,22.7,22.0,-23.91,0.92,2.12,0,0,0,0,0,0,0,"[0, 0, 224]",,,,,,,,,,2,,
2026-07-13 05:23:12.551934,,2,23.5,25.5,28.2,1.22,54.69,99.73,16.2,,,22.2,22.7,22.0,-23.91,1.12,1.65,0,0,0,0,0,0,0,"[0, 0, 224]",,,,,,,,,,2,,
2026-07-13 05:23:12.659187,,2,23.5,25.5,28.2,1.25,55.2,99.59,16.2,,,22.2,22.7,22.0,-23.91,1.32,1.92,0,0,0,0,0,0,0,"[0, 0, 224]",,,,,,,,,,2,,
2026-07-13 05:23:12.766481,,2,23.5,25.5,28.2,0.75,54.9,99.46,16.2,,,22.2,22.7,22.0,-23.91,0.95,1.65,0,0,0,0,0,0,0,"[0, 0, 224]",,,,,,,,,,2,,
2026-07-13 05:23:12.873454,,2,23.5,25.5,28.2,1.25,55.23,99.32,16.2,,,22.2,22.7,22.0,-23.91,1.35,2.06,0,0,0,0,0,0,0,"[0, 0, 224]",,,,,,,,,,2,,
2026-07-13 05:23:12.980957,,2,23.5,25.5,28.2,1.19,54.73,100.26,16.2,,,22.2,22.7,22.0,-23.91,1.05,1.99,0,0,0,0,0,0,0,"[0, 0, 224]",,,,,,,,,,2,,
2026-07-13 05:23:13.087803,,2,23.5,25.5,28.2,1.19,54.9,99.46,16.2,,,22.2,22.7,22.0,-23.91,1.35,1.82,0,0,0,0,0,0,0,"[0, 0, 224]",,,,,,,,,,2,,
2026-07-13 05:23:13.195198,,2,23.5,25.5,28.2,1.39,54.83,101.34,16.2,,,22.2,22.7,22.0,-23.91,0.75,1.69,0,0,0,0,0,0,0,"[0, 0, 224]",,,,,,,,,,2,,
2026-07-13 05:23:13.302365,,2,23.5,25.5,28.2,0.68,54.63,100.8,16.2,,,22.2,22.7,22.0,-23.91,1.02,2.26,0,0,0,0,0,0,0,"[0, 0, 224]",,,,,,,,,,2,,
2026-07-13 05:23:13.409667,,2,23.5,25.5,28.2,1.05,54.76,103.22,16.2,,,22.2,22.7,22.0,-23.91,0.88,1.65,0,0,0,0,0,0,0,"[0, 0, 224]",,,,,,,,,,2,,
2026-07-13 05:23:13.516959,,2,23.5,25.5,28.2,1.45,54.8,99.86,16.2,,,22.2,22.7,22.0,-23.91,1.19,1.92,0,0,0,0,0,0,0,"[0, 0, 224]",,,,,,,,,,2,,
2026-07-13 05:23:13.624407,,2,23.5,25.5,28.2,1.29,55.2,99.99,16.2,,,22.2,22.7,22.0,-23.91,1.15,1.79,0,0,0,0,0,0,0,"[0, 0, 224]",,,,,,,,,,2,,
2026-07-13 05:23:13.743563,,2,23.5,25.5,28.2,1.22,54.76,99.32,16.2,,,22.2,22.7,22.0,-23.91,1.32,1.86,0,0,0,0,0,0,0,"[0, 0, 224]",,,,,,,,,,2,,
2026-07-13 05:23:13.850392,,2,23.5,25.5,28.2,0.51,55.06,99.05,16.2,,,22.2,22.7,22.0,-23.91,0.82,1.69,0,0,0,0,0,0,0,"[0, 0, 224]",,,,,,,,,,2,,
2026-07-13 05:23:13.965388,,2,23.5,25.5,28.2,1.52,55.3,100.13,16.2,,,22.2,22.7,22.0,-23.91,1.05,2.12,0,0,0,0,0,0,0,"[0, 0, 224]",,,,,,,,,,2,,
2026-07-13 05:23:14.072080,,2,23.5,25.5,28.2,1.29,54.56,99.32,16.2,,,22.2,22.7,22.0,-23.91,0.88,1.55,0,0,0,0,0,0,0,"[0, 0, 224]",,,,,,,,,,2,,
2026-07-13 05:23:14.179583,,2,23.5,25.5,28.2,1.12,55.43,101.87,16.2,,,22.2,22.7,22.0,-23.91,1.35,1.59,0,0,0,0,0,0,0,"[0, 0, 224]",,,,,,,,,,2,,
2026-07-13 05:23:14.286179,,2,23.5,25.5,28.2,1.29,54.93,101.34,16.2,,,22.2,22.7,22.0,-23.91,1.35,1.82,0,0,0,0,0,0,0,"[0, 0, 224]",,,,,,,,,,2,,
2026-07-13 05:23:14.392981,,2,23.5,25.5,28.2,0.51,55.0,100.26,16.2,,,22.2,22.7,22.0,-23.91,1.25,2.09,0,0,0,0,0,0,0,"[0, 0, 224]",,,,,,,,,,2,,
2026-07-13 05:23:14.500400,,2,23.5,25.5,28.2,1.22,54.96,101.61,16.2,,,22.2,22.7,22.0,-23.91,1.12,2.16,0,0,0,0,0,0,0,"[0, 0, 224]",,,,,,,,,,2,,
2026-07-13 05:23:14.607096,,2,23.5,25.5,28.2,1.49,54.83,101.34,16.2,,,22.2,22.7,22.0,-23.91,1.39,1.55,0,0,0,0,0,0,0,"[0, 0, 224]",,,,,,,,,,2,,
2026-07-13 05:23:14.721864,,2,23.5,25.5,28.2,1.08,55.43,98.52,16.2,,,22.2,22.7,22.0,-23.91,1.42,1.49,0,0,0,0,0,0,0,"[0, 0, 224]",,,,,,,,,,2,,
2026-07-13 05:23:14.829320,,2,23.5,25.5,28.2,1.02,54.93,100.67,16.2,,,22.2,22.7,22.0,-23.91,1.42,2.12,0,0,0,0,0,0,0,"[0, 0, 224]",,,,,,,,,,2,,
2026-07-13 05:23:14.936057,,2,23.5,25.5,28.2,1.35,55.37,101.74,16.2,,,22.2,22.7,22.0,-23.91,0.72,2.02,0,0,0,0,0,0,0,"[0, 0, 224]",,,,,,,,,,2,,
2026-07-13 05:23:15.042764,,2,23.5,25.5,28.2,1.35,55.13,101.61,16.2,,,22.2,22.7,22.0,-23.91,0.61,2.16,0,0,0,0,0,0,0,"[0, 0, 224]",,,,,,,,,,2,,
2026-07-13 05:23:15.149986,,2,23.5,25.5,28.2,1.55,54.46,100.4,16.2,,,22.2,22.7,22.0,-23.91,0.75,1.86,0,0,0,0,0,0,0,"[0, 0, 224]",,,,,,,,,,2,,
2026-07-13 05:23:15.257210,,2,23.5,25.5,28.2,0.92,54.49,100.93,16.2,,,22.2,22.7,22.0,-23.91,0.85,1.75,0,0,0,0,0,0,0,"[0, 0, 224]",,,,,,,,,,2,,
2026-07-13 05:23:15.364117,,2,23.5,25.5,28.2,1.32,54.63,99.32,16.2,,,22.2,22.7,22.0,-23.91,1.45,2.12,0,0,0,0,0,0,0,"[0, 0, 224]",,,,,,,,,,2,,
2026-07-13 05:23:15.471019,,2,23.5,25.5,28.2,0.95,55.0,98.65,16.2,,,22.2,22.7,22.0,-23.91,1.25,1.55,0,0,0,0,0,0,0,"[0, 0, 224]",,,,,,,,,,2,,
2026-07-13 05:23:15.578185,,2,23.5,25.5,28.2,0.95,55.23,101.07,16.2,,,22.2,22.7,22.0,-23.91,1.19,2.02,0,0,0,0,0,0,0,"[0, 0, 224]",,,,,,,,,,2,,
2026-07-13 05:23:15.684970,,2,23.5,25.5,28.0,0.92,54.9,102.01,16.2,,,22.2,22.7,22.0,-23.91,1.08,1.72,0,0,0,0,0,0,0,"[0, 0, 224]",,,,,,,,,,2,,
2026-07-13 05:23:15.794450,,2,23.5,25.5,28.0,0.92,54.96,100.26,16.2,,,22.2,22.7,22.0,-23.91,0.78,2.16,0,0,0,0,0,0,0,"[0, 0, 224]",,,,,,,,,,2,,
2026-07-13 05:23:15.901396,,2,23.5,25.5,28.0,0.38,55.47,99.05,16.2,,,22.2,22.7,22.0,-23.91,0.95,1.72,0,0,0,0,0,0,0,"[0, 0, 224]",,,,,,,,,,2,,
2026-07-13 05:23:16.025829,,2,23.5,25.5,28.0,1.05,54.83,101.34,16.2,,,22.2,22.7,22.0,-23.91,1.35,1.96,0,0,0,0,0,0,0,"[0, 0, 224]",,,,,,,,,,2,,
2026-07-13 05:23:16.133375,,2,23.5,25.5,28.0,1.12,55.06,101.2,16.2,,,22.2,22.7,22.0,-23.91,0.88,1.62,0,0,0,0,0,0,0,"[0, 0, 224]",,,,,,,,,,2,,
2026-07-13 05:23:16.240358,,2,23.5,25.5,28.0,0.98,54.8,98.92,16.2,,,22.2,22.7,22.0,-23.91,1.35,1.79,0,0,0,0,0,0,0,"[0, 0, 224]",,,,,,,,,,2,,
2026-07-13 05:23:16.347736,,2,23.5,25.5,28.0,1.25,55.03,99.32,16.2,,,22.2,22.7,22.0,-23.91,0.92,1.86,0,0,0,0,0,0,0,"[0, 0, 224]",,,,,,,,,,2,,
2026-07-13 05:23:16.454464,,2,23.5,25.5,28.0,1.52,55.1,101.34,16.2,,,22.2,22.7,22.0,-23.91,1.05,2.02,0,0,0,0,0,0,0,"[0, 0, 224]",,,,,,,,,,2,,
2026-07-13 05:23:16.561349,,2,23.5,25.5,28.0,1.25,55.33,99.19,16.2,,,22.2,22.7,22.0,-23.91,1.29,1.82,0,0,0,0,0,0,0,"[0, 0, 224]",,,,,,,,,,2,,
2026-07-13 05:23:16.668135,,2,23.7,25.5,28.0,1.59,54.83,98.65,16.2,,,22.2,22.7,22.0,-23.91,1.32,1.45,0,0,0,0,0,0,0,"[0, 0, 224]",,,,,,,,,,2,,
2026-07-13 05:23:16.776555,,2,23.7,25.5,28.0,1.55,54.9,100.67,16.2,,,22.2,22.7,22.0,-23.91,0.88,1.82,0,0,0,0,0,0,0,"[0, 0, 224]",,,,,,,,,,2,,
2026-07-13 05:23:16.883552,,2,23.7,25.5,28.0,0.88,54.76,101.07,16.2,,,22.2,22.7,22.0,-23.91,0.72,2.02,0,0,0,0,0,0,0,"[0, 0, 224]",,,,,,,,,,2,,
2026-07-13 05:23:16.991028,,2,23.7,25.5,28.0,1.55,55.0,102.28,16.2,,,22.2,22.7,22.0,-23.91,1.35,1.86,0,0,0,0,0,0,0,"[0, 0, 224]",,,,,,,,,,2,,
2026-07-13 05:23:17.097857,,2,23.7,25.5,28.0,1.08,54.86,100.13,16.2,,,22.2,22.7,22.0,-23.91,0.85,2.12,0,0,0,0,0,0,0,"[0, 0, 224]",,,,,,,,,,2,,
2026-07-13 05:23:17.204596,,2,23.7,25.5,28.0,1.08,55.4,102.28,16.2,,,22.2,22.7,22.0,-23.91,1.29,2.06,0,0,0,0,0,0,0,"[0, 0, 224]",,,,,,,,,,2,,
2026-07-13 05:23:17.311200,,2,23.7,25.5,28.0,0.92,54.46,101.74,16.2,,,22.5,22.7,22.0,-23.91,1.22,2.06,0,0,0,0,0,0,0,"[0, 0, 224]",,,,,,,,,,2,,
2026-07-13 05:23:17.418835,,2,23.7,25.5,28.0,1.82,55.37,101.47,16.2,,,22.5,22.7,22.0,-23.91,0.85,1.62,0,0,0,0,0,0,0,"[0, 0, 224]",,,,,,,,,,2,,
2026-07-13 05:23:17.526021,,2,23.7,25.5,28.0,1.66,55.33,101.07,16.2,,,22.5,22.7,22.0,-23.91,1.02,1.59,0,0,0,0,0,0,0,"[0, 0, 224]",,,,,,,,,,2,,
2026-07-13 05:23:17.633622,,2,23.7,25.5,28.0,1.42,55.23,98.79,16.2,,,22.5,22.7,22.0,-23.91,1.25,1.99,0,0,0,0,0,0,0,"[0, 0, 224]",,,,,,,,,,2,,
2026-07-13 05:23:17.749457,,2,23.7,25.5,28.0,0.48,55.3,102.01,16.2,,,22.5,22.7,22.0,-23.91,0.78,1.86,0,0,0,0,0,0,0,"[0, 0, 224]",,,,,,,,,,2,,
2026-07-13 05:23:17.857016,,2,23.7,25.5,28.0,0.98,54.59,102.01,16.2,,,22.5,22.7,22.0,-23.91,1.35,2.09,0,0,0,0,0,0,0,"[0, 0, 224]",,,,,,,,,,2,,
2026-07-13 05:23:17.967458,,2,23.7,25.5,28.0,1.52,54.8,99.73,16.2,,,22.5,22.7,22.0,-23.91,1.39,1.52,0,0,0,0,0,0,0,"[0, 0, 224]",,,,,,,,,,2,,
2026-07-13 05:23:18.075274,,2,23.7,25.5,28.0,0.72,55.03,99.73,16.2,,,22.5,22.7,22.0,-23.91,1.35,1.65,0,0,0,0,0,0,0,"[0, 0, 224]",,,,,,,,,,2,,
2026-07-13 05:23:18.182788,,2,23.7,25.5,28.0,0.95,55.16,100.67,16.2,,,22.5,22.7,22.0,-23.91,0.82,1.62,0,0,0,0,0,0,0,"[0, 0, 224]",,,,,,,,,,2,,
2026-07-13 05:23:18.289453,,2,23.7,25.5,28.0,1.25,55.06,102.28,16.2,,,22.5,22.7,22.0,-23.91,1.19,1.92,0,0,0,0,0,0,0,"[0, 0, 224]",,,,,,,,,,2,,
2026-07-13 05:23:18.396564,,2,23.7,25.5,28.0,1.19,55.5,99.05,16.2,,,22.2,22.7,22.0,-23.91,0.85,1.92,0,0,0,0,0,0,0,"[0, 0, 224]",,,,,,,,,,2,,
2026-07-13 05:23:18.504232,,2,23.7,25.5,28.0,0.85,54.93,100.13,16.2,,,22.2,22.7,22.0,-23.91,1.22,1.52,0,0,0,0,0,0,0,"[0, 0, 224]",,,,,,,,,,2,,
2026-07-13 05:23:18.611470,,2,23.7,25.5,28.0,1.52,54.56,101.61,16.2,,,22.2,22.7,22.0,-23.91,1.39,2.12,0,0,0,0,0,0,0,"[0, 0, 224]",,,,,,,,,,2,,
2026-07-13 05:23:18.726468,,2,23.7,25.5,28.0,0.75,55.2,101.61,16.2,,,22.2,22.7,22.0,-23.91,0.88,1.82,0,0,0,0,0,0,0,"[0, 0, 224]",,,,,,,,,,2,,
2026-07-13 05:23:18.834161,,2,23.7,25.5,28.0,0.95,54.76,101.34,16.2,,,22.2,22.7,22.0,-23.91,0.82,1.89,0,0,0,0,0,0,0,"[0, 0, 224]",,,,,,,,,,2,,
2026-07-13 05:23:18.940826,,2,23.7,25.5,28.0,0.75,54.56,100.8,16.2,,,22.2,22.7,22.0,-23.91,0.92,2.06,0,0,0,0,0,0,0,"[0, 0, 224]",,,,,,,,,,2,,
2026-07-13 05:23:19.048106,,2,23.7,25.5,28.0,1.08,55.37,101.2,16.2,,,22.2,22.7,22.0,-23.91,0.95,1.89,0,0,0,0,0,0,0,"[0, 0, 224]",,,,,,,,,,2,,
2026-07-13 05:23:19.155355,,2,23.7,25.5,28.0,1.19,54.83,99.32,16.2,,,22.2,22.7,22.0,-23.91,1.08,1.82,0,0,0,0,0,0,0,"[0, 0, 224]",,,,,,,,,,2,,
2026-07-13 05:23:19.262792,,2,23.7,25.5,28.0,1.66,54.69,99.86,16.2,,,22.2,22.7,22.0,-23.91,1.19,1.49,0,0,0,0,0,0,0,"[0, 0, 224]",,,,,,,,,,2,,
2026-07-13 05:23:19.369602,,2,23.7,25.5,28.0,1.76,55.0,99.99,16.2,,,22.2,22.7,22.0,-23.91,1.08,2.02,0,0,0,0,0,0,0,"[0, 0, 224]",,,,,,,,,,2,,
2026-07-13 05:23:19.476457,,2,23.7,25.5,28.0,0.92,55.27,101.47,16.2,,,22.2,22.7,22.0,-23.91,1.35,1.39,0,0,0,0,0,0,0,"[0, 0, 224]",,,,,,,,,,2,,
2026-07-13 05:23:19.583202,,2,23.7,25.5,28.0,0.75,54.76,101.47,16.2,,,22.2,22.7,22.0,-23.91,1.22,1.92,0,0,0,0,0,0,0,"[0, 0, 224]",,,,,,,,,,2,,
2026-07-13 05:23:19.690629,,2,23.7,25.5,28.0,0.98,54.9,102.55,16.2,,,22.2,22.7,22.0,-23.91,1.12,2.02,0,0,0,0,0,0,0,"[0, 0, 224]",,,,,,,,,,2,,
2026-07-13 05:23:19.798264,,2,23.7,25.5,28.0,1.45,55.2,100.4,16.2,,,22.2,22.7,22.0,-23.91,1.39,1.86,0,0,0,0,0,0,0,"[0, 0, 224]",,,,,,,,,,2,,
2026-07-13 05:23:19.905193,,2,23.7,25.5,28.0,0.82,54.53,99.05,16.2,,,22.2,22.7,22.0,-23.91,1.29,1.96,0,0,0,0,0,0,0,"[0, 0, 224]",,,,,,,,,,2,,
2026-07-13 05:23:20.012095,,2,23.7,25.5,28.0,1.29,54.93,100.13,16.2,,,22.2,22.7,22.0,-23.91,0.88,2.06,0,0,0,0,0,0,0,"[0, 0, 224]",,,,,,,,,,2,,
2026-07-13 05:23:20.119529,,2,23.7,25.5,28.0,1.39,55.0,100.67,16.2,,,22.2,22.7,22.0,-23.91,1.12,1.59,0,0,0,0,0,0,0,"[0, 0, 224]",,,,,,,,,,2,,
2026-07-13 05:23:20.227288,,2,23.7,25.5,28.0,1.29,54.96,99.46,16.2,,,22.2,22.7,22.0,-23.91,1.29,1.45,0,0,0,0,0,0,0,"[0, 0, 224]",,,,,,,,,,2,,
2026-07-13 05:23:20.334508,,2,23.7,25.5,28.0,1.35,54.86,99.99,16.2,,,22.2,22.7,22.0,-23.91,1.22,1.52,0,0,0,0,0,0,0,"[0, 0, 224]",,,,,,,,,,2,,
2026-07-13 05:23:20.441386,,2,23.7,25.5,28.0,1.72,55.23,101.07,16.2,,,22.2,22.7,22.0,-23.91,0.78,1.69,0,0,0,0,0,0,0,"[0, 0, 224]",,,,,,,,,,2,,
2026-07-13 05:23:20.548998,,2,23.7,25.5,28.0,1.05,55.27,102.01,16.2,,,22.2,22.7,22.0,-23.91,0.75,1.42,0,0,0,0,0,0,0,"[0, 0, 224]",,,,,,,,,,2,,
2026-07-13 05:23:20.656273,,2,23.7,25.5,28.0,1.32,54.73,100.26,16.2,,,22.2,22.7,22.0,-23.91,0.82,1.75,0,0,0,0,0,0,0,"[0, 0, 224]",,,,,,,,,,2,,
2026-07-13 05:23:20.771561,,2,23.7,25.5,28.0,1.22,55.1,98.25,16.2,,,22.2,22.7,22.0,-23.91,1.08,1.55,0,0,0,0,0,0,0,"[0, 0, 224]",,,,,,,,,,2,,
2026-07-13 05:23:20.878672,,2,23.7,25.5,28.0,0.98,54.53,101.34,16.2,,,22.2,22.7,22.0,-23.91,1.32,1.69,0,0,0,0,0,0,0,"[0, 0, 224]",,,,,,,,,,2,,
2026-07-13 05:23:20.985732,,2,23.7,25.5,28.0,0.78,55.16,101.34,16.2,,,22.2,22.7,22.0,-23.91,0.95,1.99,0,0,0,0,0,0,0,"[0, 0, 224]",,,,,,,,,,2,,
2026-07-13 05:23:21.093264,,2,23.7,25.5,28.0,0.75,54.8,101.74,16.2,,,22.2,22.7,22.0,-23.91,0.95,1.86,0,0,0,0,0,0,0,"[0, 0, 224]",,,,,,,,,,2,,
2026-07-13 05:23:21.200110,,2,23.7,25.5,28.0,1.12,54.39,101.2,16.2,,,22.2,22.7,22.0,-23.91,0.75,1.72,0,0,0,0,0,0,0,"[0, 0, 224]",,,,,,,,,,2,,
2026-07-13 05:23:21.307074,,2,23.7,25.5,28.0,0.85,54.46,99.46,16.2,,,22.2,22.7,22.0,-23.91,0.92,1.52,0,0,0,0,0,0,0,"[0, 0, 224]",,,,,,,,,,2,,
2026-07-13 05:23:21.414604,,2,23.7,25.5,28.0,1.08,54.73,101.87,16.2,,,22.2,22.7,22.0,-23.91,1.39,1.45,0,0,0,0,0,0,0,"[0, 0, 224]",,,,,,,,,,2,,
2026-07-13 05:23:21.521604,,2,23.7,25.5,28.0,1.35,54.69,100.67,16.2,,,22.2,22.7,22.0,-23.91,1.29,1.65,0,0,0,0,0,0,0,"[0, 0, 224]",,,,,,,,,,2,,
2026-07-13 05:23:21.628578,,2,23.7,25.5,28.0,1.29,55.23,99.19,16.2,,,22.2,22.7,22.0,-23.91,1.32,1.92,0,0,0,0,0,0,0,"[0, 0, 224]",,,,,,,,,,2,,
2026-07-13 05:23:21.750745,,2,23.7,25.5,28.0,1.15,54.83,98.65,16.2,,,22.2,22.7,22.0,-23.91,1.29,1.59,0,0,0,0,0,0,0,"[0, 0, 224]",,,,,,,,,,2,,
2026-07-13 05:23:21.858009,,2,23.7,25.5,28.0,1.05,54.53,98.52,16.2,,,22.2,22.7,22.0,-23.91,0.72,1.39,0,0,0,0,0,0,0,"[0, 0, 224]",,,,,,,,,,2,,
2026-07-13 05:23:21.978465,,2,23.7,25.5,28.0,1.02,55.16,101.61,16.2,,,22.2,22.7,22.0,-23.91,0.68,1.52,0,0,0,0,0,0,0,"[0, 0, 224]",,,,,,,,,,2,,
2026-07-13 05:23:22.085312,,2,23.7,25.5,28.0,0.95,55.3,98.65,16.2,,,22.2,22.7,22.0,-23.91,1.49,1.89,0,0,0,0,0,0,0,"[0, 0, 224]",,,,,,,,,,2,,
2026-07-13 05:23:22.192434,,2,23.7,25.5,28.0,0.98,54.59,101.74,16.2,,,22.2,22.7,22.0,-23.91,1.08,2.02,0,0,0,0,0,0,0,"[0, 0, 224]",,,,,,,,,,2,,
2026-07-13 05:23:22.300037,,2,23.7,25.5,28.0,1.49,55.1,102.68,16.2,,,22.2,22.7,22.0,-23.91,0.72,1.92,0,0,0,0,0,0,0,"[0, 0, 224]",,,,,,,,,,2,,
2026-07-13 05:23:22.406982,,2,23.7,25.5,28.0,1.25,54.9,101.61,16.2,,,22.2,22.7,22.0,-23.91,1.19,1.55,0,0,0,0,0,0,0,"[0, 0, 224]",,,,,,,,,,2,,
2026-07-13 05:23:22.514596,,2,23.7,25.5,28.0,1.52,55.06,101.07,16.2,,,22.2,22.7,22.0,-23.91,1.32,1.69,0,0,0,0,0,0,0,"[0, 0, 224]",,,,,,,,,,2,,
2026-07-13 05:23:22.622077,,2,23.7,25.5,28.0,1.39,54.46,99.59,16.2,,,22.2,22.7,22.0,-23.91,1.35,1.69,0,0,0,0,0,0,0,"[0, 0, 224]",,,,,,,,,,2,,
2026-07-13 05:23:22.743597,,2,23.7,25.5,28.0,1.45,55.4,99.19,16.2,,,22.2,22.7,22.0,-23.91,0.75,1.32,0,0,0,0,0,0,0,"[0, 0, 224]",,,,,,,,,,2,,
2026-07-13 05:23:22.851445,,2,23.7,25.5,28.0,1.05,54.73,101.07,16.2,,,22.2,22.7,22.0,-23.91,0.75,1.52,0,0,0,0,0,0,0,"[0, 0, 224]",,,,,,,,,,2,,
2026-07-13 05:23:22.964860,,2,23.7,25.5,28.0,0.61,54.63,99.59,16.2,,,22.2,22.7,22.0,-23.91,0.75,1.65,0,0,0,0,0,0,0,"[0, 0, 224]",,,,,,,,,,2,,
2026-07-13 05:23:23.071813,,2,23.7,25.5,28.0,1.42,55.23,100.67,16.2,,,22.2,22.7,22.0,-23.91,0.78,1.96,0,0,0,0,0,0,0,"[0, 0, 224]",,,,,,,,,,2,,
2026-07-13 05:23:23.186243,,2,23.7,25.5,28.0,1.29,54.96,101.47,16.2,,,22.2,22.7,22.0,-23.91,1.19,1.55,0,0,0,0,0,0,0,"[0, 0, 224]",,,,,,,,,,2,,
2026-07-13 05:23:23.293314,,2,23.7,25.5,28.0,1.35,54.8,102.41,16.2,,,22.2,22.7,22.0,-23.91,0.92,1.96,0,0,0,0,0,0,0,"[0, 0, 224]",,,,,,,,,,2,,
2026-07-13 05:23:23.400773,,2,23.7,25.5,28.0,1.19,54.9,99.99,16.2,,,22.2,22.7,22.0,-23.91,0.75,1.86,0,0,0,0,0,0,0,"[0, 0, 224]",,,,,,,,,,2,,
2026-07-13 05:23:23.507437,,2,23.7,25.5,28.0,0.95,54.93,99.73,16.2,,,22.2,22.7,22.0,-23.91,0.75,1.82,0,0,0,0,0,0,0,"[0, 0, 224]",,,,,,,,,,2,,
2026-07-13 05:23:23.614133,,2,23.7,25.5,28.0,1.08,55.4,100.13,16.2,,,22.2,22.7,22.0,-23.91,0.78,1.55,0,0,0,0,0,0,0,"[0, 0, 224]",,,,,,,,,,2,,
2026-07-13 05:23:23.729827,,2,23.7,25.5,28.0,1.45,55.16,99.32,16.2,,,22.2,22.7,22.0,-23.91,1.25,1.39,0,0,0,0,0,0,0,"[0, 0, 224]",,,,,,,,,,2,,
2026-07-13 05:23:23.837387,,2,23.7,25.5,28.0,0.78,55.06,98.38,16.2,,,22.2,22.7,22.0,-23.91,0.72,1.45,0,0,0,0,0,0,0,"[0, 0, 224]",,,,,,,,,,2,,
2026-07-13 05:23:23.945628,,2,23.7,25.5,28.0,1.62,54.8,101.07,16.2,,,22.2,22.7,22.0,-23.91,1.25,1.59,0,0,0,0,0,0,0,"[0, 0, 224]",,,,,,,,,,2,,
2026-07-13 05:23:24.052834,,2,23.7,25.5,28.0,0.75,54.96,99.73,16.2,,,22.2,22.7,22.0,-23.91,1.02,1.96,0,0,0,0,0,0,0,"[0, 0, 224]",,,,,,,,,,2,,
2026-07-13 05:23:24.160356,,2,23.7,25.5,27.7,1.45,55.27,99.46,16.2,,,22.2,22.7,22.0,-23.91,1.22,1.59,0,0,0,0,0,0,0,"[0, 0, 224]",,,,,,,,,,2,,
2026-07-13 05:23:24.267605,,2,23.7,25.5,27.7,1.62,55.06,99.59,16.2,,,22.2,22.7,22.0,-23.91,1.05,1.65,0,0,0,0,0,0,0,"[0, 0, 224]",,,,,,,,,,2,,
2026-07-13 05:23:24.374206,,2,23.7,25.5,27.7,1.39,55.0,101.34,16.2,,,22.2,22.7,22.0,-23.91,0.85,1.96,0,0,0,0,0,0,0,"[0, 0, 224]",,,,,,,,,,2,,
2026-07-13 05:23:24.482114,,2,23.7,25.5,27.7,1.19,54.56,99.99,16.2,,,22.2,22.7,22.0,-23.91,1.08,1.49,0,0,0,0,0,0,0,"[0, 0, 224]",,,,,,,,,,2,,
2026-07-13 05:23:24.589116,,2,23.7,25.5,27.7,1.52,55.2,99.32,16.2,,,22.2,22.7,22.0,-23.91,1.32,1.55,0,0,0,0,0,0,0,"[0, 0, 224]",,,,,,,,,,2,,
2026-07-13 05:23:24.696415,,2,23.7,25.5,27.7,1.45,54.39,100.13,16.2,,,22.2,22.7,22.0,-23.91,1.35,1.89,0,0,0,0,0,0,0,"[0, 0, 224]",,,,,,,,,,2,,
2026-07-13 05:23:24.804013,,2,23.7,25.5,27.7,1.22,55.27,100.53,16.2,,,22.2,22.7,22.0,-23.91,1.15,1.72,0,0,0,0,0,0,0,"[0, 0, 224]",,,,,,,,,,2,,
2026-07-13 05:23:24.910648,,2,23.7,25.5,27.7,1.02,55.1,100.53,16.2,,,22.2,22.7,22.0,-23.91,0.82,1.55,0,0,0,0,0,0,0,"[0, 0, 224]",,,,,,,,,,2,,
2026-07-13 05:23:25.018390,,2,23.7,25.5,27.7,1.12,55.13,99.59,16.2,,,22.2,22.7,22.0,-23.91,1.19,1.42,0,0,0,0,0,0,0,"[0, 0, 224]",,,,,,,,,,2,,
2026-07-13 05:23:25.125114,,2,23.7,25.5,27.7,0.75,54.86,101.47,16.2,,,22.2,22.7,22.0,-23.91,1.25,1.32,0,0,0,0,0,0,0,"[0, 0, 224]",,,,,,,,,,2,,
2026-07-13 05:23:25.231862,,2,23.7,25.5,27.7,1.29,54.46,98.65,16.2,,,22.2,22.7,22.0,-23.91,0.78,1.52,0,0,0,0,0,0,0,"[0, 0, 224]",,,,,,,,,,2,,
2026-07-13 05:23:25.338651,,2,23.7,25.5,27.7,1.39,55.0,99.19,16.2,,,22.2,22.7,22.0,-23.91,0.92,1.96,0,0,0,0,0,0,0,"[0, 0, 224]",,,,,,,,,,2,,
2026-07-13 05:23:25.445687,,2,23.7,25.5,27.7,0.82,55.03,100.53,16.2,,,22.2,22.7,22.0,-23.91,1.15,1.59,0,0,0,0,0,0,0,"[0, 0, 224]",,,,,,,,,,2,,
2026-07-13 05:23:25.553836,,2,23.7,25.5,27.7,0.95,54.73,100.8,16.2,,,22.2,22.7,22.0,-23.91,1.29,1.96,0,0,0,0,0,0,0,"[0, 0, 224]",,,,,,,,,,2,,
2026-07-13 05:23:25.660670,,2,23.7,25.5,27.7,1.35,54.83,100.93,16.2,,,22.2,22.7,22.0,-23.91,1.25,1.89,0,0,0,0,0,0,0,"[0, 0, 224]",,,,,,,,,,2,,
2026-07-13 05:23:25.779566,,2,23.7,25.5,27.7,1.42,54.9,101.2,16.2,,,22.2,22.7,22.0,-23.91,1.29,1.72,0,0,0,0,0,0,0,"[0, 0, 224]",,,,,,,,,,2,,
2026-07-13 05:23:25.904764,,2,23.7,25.5,27.7,1.52,54.93,101.2,16.2,,,22.2,22.7,22.0,-23.91,0.75,1.89,0,0,0,0,0,0,0,"[0, 0, 224]",,,,,,,,,,2,,
2026-07-13 05:23:26.012182,,2,23.7,25.5,27.7,1.08,54.73,99.46,16.2,,,22.2,22.7,22.0,-23.91,0.82,1.59,0,0,0,0,0,0,0,"[0, 0, 224]",,,,,,,,,,2,,
2026-07-13 05:23:26.119821,,2,23.7,25.5,27.7,1.32,54.8,102.28,16.2,,,22.2,22.7,22.0,-23.91,1.25,1.89,0,0,0,0,0,0,0,"[0, 0, 224]",,,,,,,,,,2,,
2026-07-13 05:23:26.227858,,2,23.7,25.5,27.7,1.15,55.13,100.93,16.2,,,22.2,22.7,22.0,-23.91,1.25,1.28,0,0,0,0,0,0,0,"[0, 0, 224]",,,,,,,,,,2,,
2026-07-13 05:23:26.334882,,2,23.7,25.5,27.7,0.75,55.0,101.87,16.2,,,22.2,22.7,22.0,-23.91,1.42,1.32,0,0,0,0,0,0,0,"[0, 0, 224]",,,,,,,,,,2,,
2026-07-13 05:23:26.441541,,2,23.7,25.5,27.7,1.39,54.83,99.86,16.2,,,22.2,22.7,22.0,-23.91,1.22,1.32,0,0,0,0,0,0,0,"[0, 0, 224]",,,,,,,,,,2,,
2026-07-13 05:23:26.548771,,2,23.7,25.5,27.7,1.19,54.56,102.01,16.2,,,22.2,22.7,22.0,-23.91,0.98,1.35,0,0,0,0,0,0,0,"[0, 0, 224]",,,,,,,,,,2,,
2026-07-13 05:23:26.655602,,2,23.7,25.5,27.7,1.29,54.86,100.93,16.2,,,22.2,22.7,22.0,-23.91,0.95,1.92,0,0,0,0,0,0,0,"[0, 0, 224]",,,,,,,,,,2,,
2026-07-13 05:23:26.774800,,2,23.7,25.5,27.7,1.35,54.73,102.41,16.2,,,22.2,22.7,22.0,-23.91,1.45,1.92,0,0,0,0,0,0,0,"[0, 0, 224]",,,,,,,,,,2,,
2026-07-13 05:23:26.882533,,2,23.7,25.5,27.7,1.25,54.76,99.99,16.2,,,22.2,22.7,22.0,-23.91,1.39,2.02,0,0,0,0,0,0,0,"[0, 0, 224]",,,,,,,,,,2,,
2026-07-13 05:23:26.990178,,2,23.7,25.5,27.7,1.25,55.03,100.67,16.2,,,22.2,22.7,22.0,-23.91,1.39,1.92,0,0,0,0,0,0,0,"[0, 0, 224]",,,,,,,,,,2,,
2026-07-13 05:23:27.097280,,2,23.7,25.5,27.7,0.98,54.73,99.46,16.2,,,22.2,22.7,22.0,-23.91,0.85,1.72,0,0,0,0,0,0,0,"[0, 0, 224]",,,,,,,,,,2,,
2026-07-13 05:23:27.204032,,2,23.7,25.5,27.7,1.22,54.53,101.34,16.2,,,22.2,22.7,22.0,-23.91,1.35,1.96,0,0,0,0,0,0,0,"[0, 0, 224]",,,,,,,,,,2,,
2026-07-13 05:23:27.311649,,2,23.7,25.5,27.7,1.22,54.59,100.4,16.2,,,22.2,22.7,22.0,-23.91,1.39,1.82,0,0,0,0,0,0,0,"[0, 0, 224]",,,,,,,,,,2,,
2026-07-13 05:23:27.418766,,2,23.7,25.5,27.7,1.12,54.96,102.41,16.2,,,22.2,22.7,22.0,-23.91,0.95,1.86,0,0,0,0,0,0,0,"[0, 0, 224]",,,,,,,,,,2,,
2026-07-13 05:23:27.525944,,2,23.7,25.5,27.7,1.59,55.13,98.65,16.2,,,22.2,22.7,22.0,-23.91,1.15,1.35,0,0,0,0,0,0,0,"[0, 0, 224]",,,,,,,,,,2,,
2026-07-13 05:23:27.632639,,2,23.7,25.5,27.7,1.15,55.13,100.26,16.2,,,22.2,22.7,22.0,-23.91,1.25,1.35,0,0,0,0,0,0,0,"[0, 0, 224]",,,,,,,,,,2,,
2026-07-13 05:23:27.753211,,2,23.7,25.5,27.7,1.19,54.9,99.19,16.2,,,22.2,22.7,22.0,-23.91,1.45,1.42,0,0,0,0,0,0,0,"[0, 0, 224]",,,,,,,,,,2,,
2026-07-13 05:23:27.860873,,2,23.7,25.5,27.7,1.49,54.96,100.4,16.2,,,22.2,22.7,22.0,-23.91,1.42,1.28,0,0,0,0,0,0,0,"[0, 0, 224]",,,,,,,,,,2,,
2026-07-13 05:23:27.979798,,2,23.7,25.5,27.7,0.88,54.59,100.93,16.2,,,22.2,22.7,22.0,-23.91,1.29,1.79,0,0,0,0,0,0,0,"[0, 0, 224]",,,,,,,,,,2,,
2026-07-13 05:23:28.087489,,2,23.7,25.5,27.7,1.35,54.93,100.93,16.2,,,22.2,22.7,22.0,-23.91,1.29,1.45,0,0,0,0,0,0,0,"[0, 0, 224]",,,,,,,,,,2,,
2026-07-13 05:23:28.194834,,2,23.7,25.5,27.7,1.12,54.86,99.19,16.2,,,22.2,22.7,22.0,-23.91,1.45,1.39,0,0,0,0,0,0,0,"[0, 0, 224]",,,,,,,,,,2,,
2026-07-13 05:23:28.301997,,2,23.7,25.5,27.7,0.95,54.9,99.32,16.2,,,22.2,22.7,22.0,-23.91,1.22,1.96,0,0,0,0,0,0,0,"[0, 0, 224]",,,,,,,,,,2,,
2026-07-13 05:23:28.409512,,2,23.7,25.5,27.7,1.12,54.49,101.2,16.2,,,22.2,22.7,22.0,-23.91,0.88,1.75,0,0,0,0,0,0,0,"[0, 0, 224]",,,,,,,,,,2,,
2026-07-13 05:23:28.517012,,2,23.7,25.5,27.7,1.22,55.06,102.41,16.2,,,22.2,22.7,22.0,-23.91,1.25,1.79,0,0,0,0,0,0,0,"[0, 0, 224]",,,,,,,,,,2,,
2026-07-13 05:23:28.624802,,2,23.7,25.5,27.7,1.52,54.69,100.53,16.2,,,22.2,22.7,22.0,-23.91,1.35,1.45,0,0,0,0,0,0,0,"[0, 0, 224]",,,,,,,,,,2,,
2026-07-13 05:23:28.739332,,2,23.7,25.5,27.7,1.22,54.96,101.34,16.2,,,22.2,22.7,22.0,-23.91,0.98,1.45,0,0,0,0,0,0,0,"[0, 0, 224]",,,,,,,,,,2,,
2026-07-13 05:23:28.847268,,2,23.7,25.5,27.7,1.08,55.13,102.01,16.2,,,22.2,22.7,22.0,-23.91,0.85,1.96,0,0,0,0,0,0,0,"[0, 0, 224]",,,,,,,,,,2,,
2026-07-13 05:23:28.954743,,2,23.7,25.5,27.7,1.32,55.23,102.01,16.2,,,22.2,22.7,22.0,-23.91,1.42,1.28,0,0,0,0,0,0,0,"[0, 0, 224]",,,,,,,,,,2,,
2026-07-13 05:23:29.062003,,2,23.7,25.5,27.7,1.49,54.26,100.93,16.2,,,22.2,22.7,22.0,-23.91,1.29,1.42,0,0,0,0,0,0,0,"[0, 0, 224]",,,,,,,,,,2,,
2026-07-13 05:23:29.169704,,2,23.7,25.5,27.7,1.08,54.76,99.46,16.2,,,22.2,22.7,22.0,-23.91,0.82,1.65,0,0,0,0,0,0,0,"[0, 0, 224]",,,,,,,,,,2,,
2026-07-13 05:23:29.277498,,2,23.7,25.5,27.7,0.72,54.63,100.4,16.2,,,22.2,22.7,22.0,-23.91,1.22,1.28,0,0,0,0,0,0,0,"[0, 0, 224]",,,,,,,,,,2,,
2026-07-13 05:23:29.384411,,2,23.7,25.5,27.7,0.98,54.36,100.8,16.2,,,22.2,22.7,22.0,-23.91,0.72,1.49,0,0,0,0,0,0,0,"[0, 0, 224]",,,,,,,,,,2,,
2026-07-13 05:23:29.491071,,2,23.7,25.5,27.7,0.88,54.49,101.47,16.2,,,22.2,22.7,22.0,-23.91,1.12,1.79,0,0,0,0,0,0,0,"[0, 0, 224]",,,,,,,,,,2,,
2026-07-13 05:23:29.598040,,2,23.7,25.5,27.7,1.15,55.0,100.53,16.2,,,22.2,22.7,22.0,-23.91,1.39,1.55,0,0,0,0,0,0,0,"[0, 0, 224]",,,,,,,,,,2,,
2026-07-13 05:23:29.705337,,2,23.7,25.5,27.7,1.19,55.1,99.99,16.2,,,22.2,22.7,22.0,-23.91,0.82,1.32,0,0,0,0,0,0,0,"[0, 0, 224]",,,,,,,,,,2,,
2026-07-13 05:23:29.812006,,2,23.7,25.5,27.7,1.45,55.27,100.8,16.2,,,22.2,22.7,22.0,-23.91,0.75,1.42,0,0,0,0,0,0,0,"[0, 0, 224]",,,,,,,,,,2,,
2026-07-13 05:23:29.919376,,2,23.7,25.5,27.7,1.35,54.56,99.32,16.2,,,22.2,22.7,22.0,-23.91,0.88,1.22,0,0,0,0,0,0,0,"[0, 0, 224]",,,,,,,,,,2,,
2026-07-13 05:23:30.026240,,2,23.7,25.5,27.7,1.29,55.3,99.19,16.2,,,22.2,22.7,22.0,-23.91,1.29,1.55,0,0,0,0,0,0,0,"[0, 0, 224]",,,,,,,,,,2,,
2026-07-13 05:23:30.133757,,2,23.7,25.5,27.7,0.98,54.73,100.4,16.2,,,22.2,22.7,22.0,-23.91,0.88,1.89,0,0,0,0,0,0,0,"[0, 0, 224]",,,,,,,,,,2,,
2026-07-13 05:23:30.241241,,2,23.7,25.5,27.7,1.12,54.9,99.32,16.2,,,22.2,22.7,22.0,-23.91,1.35,1.82,0,0,0,0,0,0,0,"[0, 0, 224]",,,,,,,,,,2,,
2026-07-13 05:23:30.348498,,2,23.7,25.5,27.7,1.05,54.96,99.46,16.2,,,22.2,22.7,22.0,-23.91,0.78,1.49,0,0,0,0,0,0,0,"[0, 0, 224]",,,,,,,,,,2,,
2026-07-13 05:23:30.455397,,2,23.7,25.5,27.7,1.12,55.06,100.26,16.2,,,22.2,22.7,22.0,-23.91,1.32,1.42,0,0,0,0,0,0,0,"[0, 0, 224]",,,,,,,,,,2,,
2026-07-13 05:23:30.562615,,2,23.7,25.5,27.7,1.29,54.53,100.13,16.2,,,22.2,22.7,22.0,-23.91,1.02,1.39,0,0,0,0,0,0,0,"[0, 0, 224]",,,,,,,,,,2,,
2026-07-13 05:23:30.669362,,2,23.7,25.5,27.7,1.39,54.69,101.74,16.2,,,22.2,22.7,22.0,-23.91,0.78,1.59,0,0,0,0,0,0,0,"[0, 0, 224]",,,,,,,,,,2,,
2026-07-13 05:23:30.785217,,2,23.7,25.5,27.7,0.92,54.63,101.61,16.2,,,22.2,22.7,22.0,-23.91,0.82,1.18,0,0,0,0,0,0,0,"[0, 0, 224]",,,,,,,,,,2,,
2026-07-13 05:23:30.893082,,2,23.7,25.5,27.7,1.32,54.8,101.74,16.2,,,22.2,22.7,22.0,-23.91,1.15,1.62,0,0,0,0,0,0,0,"[0, 0, 224]",,,,,,,,,,2,,
2026-07-13 05:23:31.000033,,2,23.7,25.5,27.7,0.88,54.76,99.59,16.2,,,22.2,22.7,22.0,-23.91,0.75,1.86,0,0,0,0,0,0,0,"[0, 0, 224]",,,,,,,,,,2,,
2026-07-13 05:23:31.107396,,2,23.7,25.5,27.7,1.15,54.73,100.93,16.2,,,22.2,22.7,22.0,-23.91,0.78,1.49,0,0,0,0,0,0,0,"[0, 0, 224]",,,,,,,,,,2,,
2026-07-13 05:23:31.214379,,2,23.7,25.5,27.7,1.25,54.56,99.86,16.2,,,22.2,22.7,22.0,-23.91,1.25,1.86,0,0,0,0,0,0,0,"[0, 0, 224]",,,,,,,,,,2,,
2026-07-13 05:23:31.321919,,2,23.7,25.5,27.7,1.12,54.93,99.32,16.2,,,22.2,22.7,22.0,-23.91,0.82,1.52,0,0,0,0,0,0,0,"[0, 0, 224]",,,,,,,,,,2,,
2026-07-13 05:23:31.429784,,2,23.7,25.5,27.7,1.39,54.63,100.4,16.2,,,22.2,22.7,22.0,-23.91,1.29,1.28,0,0,0,0,0,0,0,"[0, 0, 224]",,,,,,,,,,2,,
2026-07-13 05:23:31.533738,,2,23.7,25.5,27.7,1.35,54.66,100.26,16.2,,,22.2,22.7,22.0,-23.91,0.75,1.42,0,0,0,0,0,0,0,"[0, 0, 224]",,,,,,,,,,2,,
2026-07-13 05:23:31.637479,,2,23.7,25.5,27.7,0.82,54.83,102.01,16.2,,,22.2,22.7,22.0,-23.91,0.92,1.28,0,0,0,0,0,0,0,"[0, 0, 224]",,,,,,,,,,2,,
2026-07-13 05:23:31.748632,,2,23.7,25.5,27.7,1.49,54.56,101.47,16.2,,,22.2,22.7,22.0,-23.91,1.35,1.28,0,0,0,0,0,0,0,"[0, 0, 224]",,,,,,,,,,2,,
2026-07-13 05:23:31.852806,,2,23.7,25.5,27.5,1.08,54.69,101.87,16.2,,,22.2,22.7,22.0,-23.91,1.35,1.65,0,0,0,0,0,0,0,"[0, 0, 224]",,,,,,,,,,2,,
2026-07-13 05:23:31.964752,,2,23.7,25.5,27.5,1.45,54.53,99.59,16.2,,,22.2,22.7,22.0,-23.91,1.42,1.65,0,0,0,0,0,0,0,"[0, 0, 224]",,,,,,,,,,2,,
2026-07-13 05:23:32.069397,,2,23.7,25.5,27.5,1.08,54.76,99.46,16.2,,,22.2,22.7,22.0,-23.91,1.42,1.25,0,0,0,0,0,0,0,"[0, 0, 224]",,,,,,,,,,2,,
2026-07-13 05:23:32.173961,,2,23.7,25.5,27.5,1.59,54.59,101.2,16.2,,,22.2,22.7,22.0,-23.91,1.39,1.69,0,0,0,0,0,0,0,"[0, 0, 224]",,,,,,,,,,2,,
2026-07-13 05:23:32.280066,,2,23.7,25.5,27.5,1.39,54.46,100.4,16.2,,,22.2,22.7,22.0,-23.91,1.29,1.82,0,0,0,0,0,0,0,"[0, 0, 224]",,,,,,,,,,2,,
2026-07-13 05:23:32.384082,,2,23.7,25.5,27.5,0.82,55.27,101.87,16.2,,,22.2,22.7,22.0,-23.91,0.95,1.86,0,0,0,0,0,0,0,"[0, 0, 224]",,,,,,,,,,2,,
2026-07-13 05:23:32.488514,,2,23.7,25.5,27.5,1.02,54.69,99.99,16.2,,,22.2,22.7,22.0,-23.91,1.39,1.28,0,0,0,0,0,0,0,"[0, 0, 224]",,,,,,,,,,2,,
2026-07-13 05:23:32.593525,,2,23.7,25.5,27.5,1.12,54.73,100.8,16.2,,,22.2,22.7,22.0,-23.91,1.08,1.52,0,0,0,0,0,0,0,"[0, 0, 224]",,,,,,,,,,2,,
2026-07-13 05:23:32.697802,,2,23.7,25.5,27.5,1.05,55.03,100.93,16.2,,,22.2,22.7,22.0,-23.91,0.78,1.72,0,0,0,0,0,0,0,"[0, 0, 224]",,,,,,,,,,2,,
2026-07-13 05:23:32.804079,,2,23.7,25.5,27.5,0.65,55.13,101.87,16.2,,,22.2,22.7,22.0,-23.91,1.39,1.28,0,0,0,0,0,0,0,"[0, 0, 224]",,,,,,,,,,2,,
2026-07-13 05:23:32.908291,,2,23.7,25.5,27.5,1.32,54.86,99.46,16.2,,,22.2,22.7,22.0,-23.91,0.68,1.86,0,0,0,0,0,0,0,"[0, 0, 224]",,,,,,,,,,2,,
2026-07-13 05:23:33.012981,,2,23.7,25.5,27.5,1.45,54.8,101.61,16.2,,,22.2,22.7,22.0,-23.91,0.82,1.82,0,0,0,0,0,0,0,"[0, 0, 224]",,,,,,,,,,2,,
2026-07-13 05:23:33.118369,,2,23.7,25.5,27.5,0.98,55.1,101.61,16.2,,,22.2,22.7,22.0,-23.91,0.82,1.35,0,0,0,0,0,0,0,"[0, 0, 224]",,,,,,,,,,2,,
2026-07-13 05:23:33.225779,,2,23.7,25.5,27.5,1.29,54.49,97.85,16.2,,,22.2,22.7,22.0,-23.91,0.95,1.62,0,0,0,0,0,0,0,"[0, 0, 224]",,,,,,,,,,2,,
2026-07-13 05:23:33.330352,,2,23.7,25.5,27.5,1.08,54.56,99.19,16.2,,,22.2,22.7,22.0,-23.91,0.95,1.59,0,0,0,0,0,0,0,"[0, 0, 224]",,,,,,,,,,2,,
2026-07-13 05:23:33.436582,,2,23.7,25.5,27.5,1.15,54.96,100.8,16.2,,,22.2,22.7,22.0,-23.91,0.95,1.08,0,0,0,0,0,0,0,"[0, 0, 224]",,,,,,,,,,2,,
2026-07-13 05:23:33.541735,,2,23.7,25.5,27.5,0.95,54.66,100.53,16.2,,,22.2,22.7,22.0,-23.91,1.42,1.82,0,0,0,0,0,0,0,"[0, 0, 224]",,,,,,,,,,2,,
2026-07-13 05:23:33.646062,,2,23.7,25.5,27.5,1.29,54.8,102.55,16.2,,,22.2,22.7,22.0,-23.91,0.82,1.69,0,0,0,0,0,0,0,"[0, 0, 224]",,,,,,,,,,2,,
2026-07-13 05:23:33.759665,,2,23.7,25.5,27.5,1.35,54.59,101.61,16.2,,,22.2,22.7,22.0,-23.91,1.25,1.86,0,0,0,0,0,0,0,"[0, 0, 224]",,,,,,,,,,2,,
2026-07-13 05:23:33.863957,,2,23.7,25.5,27.5,1.08,54.16,101.07,16.2,,,22.2,22.7,22.0,-23.91,1.29,1.18,0,0,0,0,0,0,0,"[0, 0, 224]",,,,,,,,,,2,,
2026-07-13 05:23:33.981754,,2,23.7,25.5,27.5,1.15,54.76,99.59,16.2,,,22.2,22.7,22.0,-23.91,0.82,1.45,0,0,0,0,0,0,0,"[0, 0, 224]",,,,,,,,,,2,,
2026-07-13 05:23:34.089016,,2,23.7,25.5,27.5,1.35,54.39,100.26,16.2,,,22.2,22.7,22.0,-23.91,1.35,1.55,0,0,0,0,0,0,0,"[0, 0, 224]",,,,,,,,,,2,,
2026-07-13 05:23:34.193358,,2,23.7,25.5,27.5,1.08,55.23,99.46,16.2,,,22.2,22.7,22.0,-23.91,1.08,1.35,0,0,0,0,0,0,0,"[0, 0, 224]",,,,,,,,,,2,,
2026-07-13 05:23:34.299972,,2,23.7,25.5,27.5,1.02,54.73,99.32,16.2,,,22.2,22.7,22.0,-23.91,0.72,1.32,0,0,0,0,0,0,0,"[0, 0, 224]",,,,,,,,,,2,,
2026-07-13 05:23:34.404269,,2,23.7,25.5,27.5,1.08,55.37,100.26,16.2,,,22.2,22.7,22.0,-23.91,1.32,1.42,0,0,0,0,0,0,0,"[0, 0, 224]",,,,,,,,,,2,,
2026-07-13 05:23:34.508847,,2,23.7,25.5,27.5,0.61,54.76,100.93,16.2,,,22.2,22.7,22.0,-23.91,0.75,1.72,0,0,0,0,0,0,0,"[0, 0, 224]",,,,,,,,,,2,,
2026-07-13 05:23:34.612898,,2,23.7,25.5,27.5,1.52,55.03,100.67,16.2,,,22.2,22.7,22.0,-23.91,0.75,1.75,0,0,0,0,0,0,0,"[0, 0, 224]",,,,,,,,,,2,,
2026-07-13 05:23:34.717118,,2,23.7,25.5,27.5,0.98,54.83,101.34,16.2,,,22.2,22.7,22.0,-23.91,1.25,1.12,0,0,0,0,0,0,0,"[0, 0, 224]",,,,,,,,,,2,,
2026-07-13 05:23:34.830380,,2,23.7,25.5,27.5,1.15,54.96,99.46,16.2,,,22.2,22.7,22.0,-23.91,0.78,1.72,0,0,0,0,0,0,0,"[0, 0, 224]",,,,,,,,,,2,,
2026-07-13 05:23:34.935719,,2,23.7,25.5,27.5,1.02,54.8,99.19,16.2,,,22.2,22.7,22.0,-23.91,1.05,1.15,0,0,0,0,0,0,0,"[0, 0, 224]",,,,,,,,,,2,,
2026-07-13 05:23:35.039521,,2,23.7,25.5,27.5,1.55,54.63,100.53,16.2,,,22.2,22.7,22.0,-23.91,1.39,1.86,0,0,0,0,0,0,0,"[0, 0, 224]",,,,,,,,,,2,,
2026-07-13 05:23:35.144844,,2,23.7,25.5,27.5,1.05,55.0,101.47,16.2,,,22.2,22.7,22.0,-23.91,1.29,1.82,0,0,0,0,0,0,0,"[0, 0, 224]",,,,,,,,,,2,,
2026-07-13 05:23:35.251508,,2,23.7,25.5,27.5,1.22,55.06,99.05,16.2,,,22.2,22.7,22.0,-23.91,1.42,1.22,0,0,0,0,0,0,0,"[0, 0, 224]",,,,,,,,,,2,,
2026-07-13 05:23:35.355492,,2,23.7,25.5,27.5,1.19,54.49,102.01,16.2,,,22.2,22.7,22.0,-23.91,0.85,1.69,0,0,0,0,0,0,0,"[0, 0, 224]",,,,,,,,,,2,,
2026-07-13 05:23:35.460003,,2,23.7,25.5,27.5,0.88,55.16,99.59,16.2,,,22.2,22.7,22.0,-23.91,1.42,1.82,0,0,0,0,0,0,0,"[0, 0, 224]",,,,,,,,,,2,,
2026-07-13 05:23:35.566222,,2,23.7,25.5,27.5,1.29,55.0,99.99,16.2,,,22.2,22.7,22.0,-23.91,1.39,1.52,0,0,0,0,0,0,0,"[0, 0, 224]",,,,,,,,,,2,,
2026-07-13 05:23:35.671003,,2,23.7,25.5,27.5,1.39,55.03,100.67,16.2,,,22.2,22.7,22.0,-23.91,1.25,1.72,0,0,0,0,0,0,0,"[0, 0, 224]",,,,,,,,,,2,,
2026-07-13 05:23:35.782675,,2,23.7,25.5,27.5,1.22,54.56,101.74,16.2,,,22.2,22.7,22.0,-23.91,0.72,1.18,0,0,0,0,0,0,0,"[0, 0, 224]",,,,,,,,,,2,,
2026-07-13 05:23:35.887538,,2,23.7,25.5,27.5,0.78,54.56,101.61,16.2,,,22.2,22.7,22.0,-23.91,0.72,1.59,0,0,0,0,0,0,0,"[0, 0, 224]",,,,,,,,,,2,,
2026-07-13 05:23:35.992051,,2,23.7,25.5,27.5,1.45,54.49,99.46,16.2,,,22.2,22.7,22.0,-23.91,0.85,1.25,0,0,0,0,0,0,0,"[0, 0, 224]",,,,,,,,,,2,,
2026-07-13 05:23:36.096545,,2,23.7,25.5,27.5,0.92,54.53,101.07,16.2,,,22.2,22.7,22.0,-23.91,1.05,1.22,0,0,0,0,0,0,0,"[0, 0, 224]",,,,,,,,,,2,,
2026-07-13 05:23:36.203035,,2,23.7,25.5,27.5,1.32,54.69,99.19,16.2,,,22.2,22.7,22.0,-23.91,0.82,1.42,0,0,0,0,0,0,0,"[0, 0, 224]",,,,,,,,,,2,,
2026-07-13 05:23:36.307271,,2,23.7,25.5,27.5,0.92,54.83,98.52,16.2,,,22.2,22.7,22.0,-23.91,0.68,1.55,0,0,0,0,0,0,0,"[0, 0, 224]",,,,,,,,,,2,,
2026-07-13 05:23:36.411363,,2,23.7,25.5,27.5,0.98,54.29,101.2,16.2,,,22.2,22.7,22.0,-23.91,0.88,1.32,0,0,0,0,0,0,0,"[0, 0, 224]",,,,,,,,,,2,,
2026-07-13 05:23:36.514879,,2,23.7,25.5,27.5,1.29,54.63,99.32,16.2,,,22.2,22.7,22.0,-23.91,1.08,1.59,0,0,0,0,0,0,0,"[0, 0, 224]",,,,,,,,,,2,,
2026-07-13 05:23:36.619123,,2,23.7,25.5,27.5,1.12,54.86,100.4,16.2,,,22.2,22.7,22.0,-23.91,1.19,1.35,0,0,0,0,0,0,0,"[0, 0, 224]",,,,,,,,,,2,,
2026-07-13 05:23:36.723289,,2,23.7,25.5,27.5,1.49,55.0,99.86,16.2,,,22.2,22.7,22.0,-23.91,0.92,1.22,0,0,0,0,0,0,0,"[0, 0, 224]",,,,,,,,,,2,,
2026-07-13 05:23:36.826978,,2,23.7,25.5,27.5,0.98,54.93,100.53,16.2,,,22.2,22.7,22.0,-23.91,1.02,1.65,0,0,0,0,0,0,0,"[0, 0, 224]",,,,,,,,,,2,,
2026-07-13 05:23:36.931423,,2,23.7,25.5,27.5,1.25,55.1,101.74,16.2,,,22.2,22.7,22.0,-23.91,1.29,1.52,0,0,0,0,0,0,0,"[0, 0, 224]",,,,,,,,,,2,,
2026-07-13 05:23:37.035302,,2,23.7,25.5,27.5,0.85,54.49,101.61,16.2,,,22.2,22.7,22.0,-23.91,0.92,1.32,0,0,0,0,0,0,0,"[0, 0, 224]",,,,,,,,,,2,,
2026-07-13 05:23:37.141596,,2,23.7,25.5,27.5,0.98,54.96,99.32,16.2,,,22.2,22.7,22.0,-23.91,1.08,1.35,0,0,0,0,0,0,0,"[0, 0, 224]",,,,,,,,,,2,,
2026-07-13 05:23:37.245949,,2,23.7,25.5,27.5,1.29,54.56,101.2,16.2,,,22.2,22.7,22.0,-23.91,1.15,1.12,0,0,0,0,0,0,0,"[0, 0, 224]",,,,,,,,,,2,,
2026-07-13 05:23:37.349686,,2,23.7,25.5,27.5,0.98,54.63,100.13,16.2,,,22.2,22.7,22.0,-23.91,1.12,1.28,0,0,0,0,0,0,0,"[0, 0, 224]",,,,,,,,,,2,,
2026-07-13 05:23:37.453534,,2,23.7,25.5,27.5,1.39,54.26,102.28,16.2,,,22.2,22.7,22.0,-23.91,0.95,1.65,0,0,0,0,0,0,0,"[0, 0, 224]",,,,,,,,,,2,,
2026-07-13 05:23:37.557780,,2,23.7,25.5,27.5,1.15,55.03,99.32,16.2,,,22.2,22.7,22.0,-23.91,1.25,1.25,0,0,0,0,0,0,0,"[0, 0, 224]",,,,,,,,,,2,,
2026-07-13 05:23:37.664351,,2,23.7,25.5,27.5,1.59,54.19,101.47,16.2,,,22.2,22.7,22.0,-23.91,1.42,1.15,0,0,0,0,0,0,0,"[0, 0, 224]",,,,,,,,,,2,,
2026-07-13 05:23:37.779431,,2,23.7,25.5,27.5,0.68,54.19,102.28,16.2,,,22.2,22.7,22.0,-23.91,1.19,1.55,0,0,0,0,0,0,0,"[0, 0, 224]",,,,,,,,,,2,,
2026-07-13 05:23:37.899780,,2,23.7,25.5,27.5,1.19,54.39,101.47,16.2,,,22.2,22.7,22.0,-23.91,1.15,1.72,0,0,0,0,0,0,0,"[0, 0, 224]",,,,,,,,,,2,,
2026-07-13 05:23:38.010800,,2,23.7,25.5,27.5,1.35,55.1,98.92,16.2,,,22.2,22.7,22.0,-23.91,1.19,1.75,0,0,0,0,0,0,0,"[0, 0, 224]",,,,,,,,,,2,,
2026-07-13 05:23:38.123385,,2,23.7,25.5,27.5,1.02,54.22,101.2,16.2,,,22.2,22.7,22.0,-23.91,1.35,1.45,0,0,0,0,0,0,0,"[0, 0, 224]",,,,,,,,,,2,,
2026-07-13 05:23:38.233684,,2,23.7,25.5,27.5,0.95,54.63,100.93,16.2,,,22.2,22.7,22.0,-23.91,0.88,1.35,0,0,0,0,0,0,0,"[0, 0, 224]",,,,,,,,,,2,,
2026-07-13 05:23:38.344063,,2,23.7,25.5,27.5,1.02,55.0,101.74,16.2,,,22.2,22.7,22.0,-23.91,0.78,1.62,0,0,0,0,0,0,0,"[0, 0, 224]",,,,,,,,,,2,,
2026-07-13 05:23:38.453364,,2,23.7,25.5,27.5,1.59,54.9,100.13,16.2,,,22.2,22.7,22.0,-23.91,0.92,1.12,0,0,0,0,0,0,0,"[0, 0, 224]",,,,,,,,,,2,,
2026-07-13 05:23:38.563192,,2,23.7,25.5,27.5,1.52,54.49,98.92,16.2,,,22.2,22.7,22.0,-23.91,0.95,1.39,0,0,0,0,0,0,0,"[0, 0, 224]",,,,,,,,,,2,,
2026-07-13 05:23:38.673110,,2,23.7,25.5,27.5,1.62,55.06,100.13,16.2,,,22.2,22.7,22.0,-23.91,1.35,1.55,0,0,0,0,0,0,0,"[0, 0, 224]",,,,,,,,,,2,,
2026-07-13 05:23:38.794152,,2,23.7,25.5,27.5,0.75,54.8,98.79,16.2,,,22.2,22.7,22.0,-23.91,1.32,1.12,0,0,0,0,0,0,0,"[0, 0, 224]",,,,,,,,,,2,,
2026-07-13 05:23:38.904410,,2,23.7,25.5,27.5,1.02,54.66,101.74,16.2,,,22.2,22.7,22.0,-23.91,1.32,1.22,0,0,0,0,0,0,0,"[0, 0, 224]",,,,,,,,,,2,,
2026-07-13 05:23:39.014045,,2,23.7,25.5,27.5,1.52,55.13,102.14,16.2,,,22.2,22.7,22.0,-23.91,0.98,1.69,0,0,0,0,0,0,0,"[0, 0, 224]",,,,,,,,,,2,,
2026-07-13 05:23:39.127854,,2,23.7,25.5,27.5,0.88,54.63,101.2,16.2,,,22.2,22.7,22.0,-23.91,0.75,1.69,0,0,0,0,0,0,0,"[0, 0, 224]",,,,,,,,,,2,,
2026-07-13 05:23:39.238152,,2,23.7,25.5,27.5,1.08,54.8,101.07,16.2,,,22.2,22.7,22.0,-23.91,0.82,1.39,0,0,0,0,0,0,0,"[0, 0, 224]",,,,,,,,,,2,,
2026-07-13 05:23:39.347979,,2,23.7,25.5,27.5,1.25,54.9,99.86,16.2,,,22.2,22.7,22.0,-23.91,0.72,1.42,0,0,0,0,0,0,0,"[0, 0, 224]",,,,,,,,,,2,,
2026-07-13 05:23:39.457969,,2,23.7,25.5,27.5,1.39,54.86,100.67,16.2,,,22.2,22.7,22.0,-23.91,0.82,1.22,0,0,0,0,0,0,0,"[0, 0, 224]",,,,,,,,,,2,,
2026-07-13 05:23:39.567743,,2,23.7,25.5,27.5,1.25,54.8,101.2,16.2,,,22.2,22.7,22.0,-23.91,0.78,1.42,0,0,0,0,0,0,0,"[0, 0, 224]",,,,,,,,,,2,,
2026-07-13 05:23:39.677214,,2,23.7,25.5,27.5,0.68,54.9,100.8,16.2,,,22.2,22.7,22.0,-23.91,1.32,1.72,0,0,0,0,0,0,0,"[0, 0, 224]",,,,,,,,,,2,,
2026-07-13 05:23:39.797561,,2,23.7,25.5,27.5,0.82,54.83,100.8,16.2,,,22.2,22.7,22.0,-23.91,1.42,1.45,0,0,0,0,0,0,0,"[0, 0, 224]",,,,,,,,,,2,,
2026-07-13 05:23:39.909133,,2,23.7,25.5,27.5,0.85,54.73,99.99,16.2,,,22.2,22.7,22.0,-23.91,1.25,1.18,0,0,0,0,0,0,0,"[0, 0, 224]",,,,,,,,,,2,,
2026-07-13 05:23:40.019219,,2,23.7,25.5,27.5,0.98,55.13,100.4,16.2,,,22.2,22.7,22.0,-23.91,0.98,1.62,0,0,0,0,0,0,0,"[0, 0, 224]",,,,,,,,,,2,,
2026-07-13 05:23:40.130698,,2,23.7,25.5,27.5,1.29,55.0,102.28,16.2,,,22.2,22.7,22.0,-23.91,1.08,1.42,0,0,0,0,0,0,0,"[0, 0, 224]",,,,,,,,,,2,,
2026-07-13 05:23:40.240897,,2,23.7,25.5,27.5,1.52,54.63,100.8,16.2,,,22.2,22.7,22.0,-23.91,1.39,1.22,0,0,0,0,0,0,0,"[0, 0, 224]",,,,,,,,,,2,,
2026-07-13 05:23:40.350942,,2,23.7,25.5,27.5,1.08,54.96,99.73,16.2,,,22.2,22.7,22.0,-23.91,1.35,1.05,0,0,0,0,0,0,0,"[0, 0, 224]",,,,,,,,,,2,,
2026-07-13 05:23:40.460598,,2,23.7,25.5,27.5,1.25,55.0,100.53,16.2,,,22.2,22.7,22.0,-23.91,0.82,1.39,0,0,0,0,0,0,0,"[0, 0, 224]",,,,,,,,,,2,,
2026-07-13 05:23:40.570371,,2,23.7,25.5,27.5,0.95,55.13,100.26,16.2,,,22.2,22.7,22.0,-23.91,1.35,1.08,0,0,0,0,0,0,0,"[0, 0, 224]",,,,,,,,,,2,,
2026-07-13 05:23:40.680483,,2,23.7,25.5,27.5,1.45,54.63,99.32,16.2,,,22.2,22.7,22.0,-23.91,0.82,1.12,0,0,0,0,0,0,0,"[0, 0, 224]",,,,,,,,,,2,,
2026-07-13 05:23:40.806030,,2,23.7,25.5,27.5,1.29,54.26,101.34,16.2,,,22.2,22.7,22.0,-23.91,0.95,1.69,0,0,0,0,0,0,0,"[0, 0, 224]",,,,,,,,,,2,,
2026-07-13 05:23:40.916605,,2,23.7,25.5,27.5,1.39,54.46,99.86,16.2,,,22.2,22.7,22.0,-23.91,0.98,1.35,0,0,0,0,0,0,0,"[0, 0, 224]",,,,,,,,,,2,,
2026-07-13 05:23:41.027399,,2,23.7,25.5,27.5,1.79,54.43,99.99,16.2,,,22.2,22.7,22.0,-23.91,0.68,1.45,0,0,0,0,0,0,0,"[0, 0, 224]",,,,,,,,,,2,,
2026-07-13 05:23:41.137260,,2,23.7,25.5,27.5,1.19,54.53,99.73,16.2,,,22.2,22.7,22.0,-23.91,0.68,1.12,0,0,0,0,0,0,0,"[0, 0, 224]",,,,,,,,,,2,,
2026-07-13 05:23:41.250050,,2,23.7,25.5,27.5,1.29,54.59,99.73,16.2,,,22.2,22.7,22.0,-23.91,1.19,1.25,0,0,0,0,0,0,0,"[0, 0, 224]",,,,,,,,,,2,,
2026-07-13 05:23:41.359786,,2,23.7,25.5,27.5,0.95,54.83,101.2,16.2,,,22.2,22.7,22.0,-23.91,1.08,1.65,0,0,0,0,0,0,0,"[0, 0, 224]",,,,,,,,,,2,,
2026-07-13 05:23:41.469437,,2,23.7,25.5,27.5,1.52,55.03,99.59,16.2,,,22.2,22.7,22.0,-23.91,0.72,1.65,0,0,0,0,0,0,0,"[0, 0, 224]",,,,,,,,,,2,,
2026-07-13 05:23:41.580424,,2,23.7,25.5,27.5,1.29,54.39,100.93,16.2,,,22.2,22.7,22.0,-23.91,1.05,1.28,0,0,0,0,0,0,0,"[0, 0, 224]",,,,,,,,,,2,,
2026-07-13 05:23:41.690496,,2,23.7,25.5,27.5,0.95,55.0,101.2,16.2,,,22.2,22.7,22.0,-23.91,1.19,1.32,0,0,0,0,0,0,0,"[0, 0, 224]",,,,,,,,,,2,,
2026-07-13 05:23:41.819168,,2,23.7,25.5,27.5,1.08,55.1,101.34,16.2,,,22.2,22.7,22.0,-23.91,1.39,1.35,0,0,0,0,0,0,0,"[0, 0, 224]",,,,,,,,,,2,,
2026-07-13 05:23:41.929521,,2,23.7,25.5,27.5,1.42,54.36,100.8,16.2,,,22.2,22.7,22.0,-23.91,1.35,1.52,0,0,0,0,0,0,0,"[0, 0, 224]",,,,,,,,,,2,,
2026-07-13 05:23:42.042892,,2,23.7,25.5,27.5,1.49,54.93,102.14,16.2,,,22.2,22.7,22.0,-23.91,1.32,1.12,0,0,0,0,0,0,0,"[0, 0, 224]",,,,,,,,,,2,,
2026-07-13 05:23:42.154602,,2,23.7,25.5,27.5,1.02,54.73,100.4,16.2,,,22.2,22.7,22.0,-23.91,1.39,1.49,0,0,0,0,0,0,0,"[0, 0, 224]",,,,,,,,,,2,,
2026-07-13 05:23:42.267857,,2,23.7,25.5,27.5,1.32,54.83,101.87,16.2,,,22.2,22.7,22.0,-23.91,1.42,1.28,0,0,0,0,0,0,0,"[0, 0, 224]",,,,,,,,,,2,,
2026-07-13 05:23:42.377858,,2,23.7,25.5,27.5,1.15,54.8,100.53,16.2,,,22.2,22.7,22.0,-23.91,0.92,1.49,0,0,0,0,0,0,0,"[0, 0, 224]",,,,,,,,,,2,,
2026-07-13 05:23:42.487631,,2,23.7,25.5,27.5,1.35,54.86,101.47,16.2,,,22.2,22.7,22.0,-23.91,1.42,1.75,0,0,0,0,0,0,0,"[0, 0, 224]",,,,,,,,,,2,,
2026-07-13 05:23:42.598648,,2,23.7,25.5,27.5,1.35,54.9,100.13,16.2,,,22.2,22.7,22.0,-23.91,0.75,1.65,0,0,0,0,0,0,0,"[0, 0, 224]",,,,,,,,,,2,,
2026-07-13 05:23:42.709384,,2,23.7,25.5,27.5,1.05,54.26,101.2,16.2,,,22.2,22.7,22.0,-23.91,1.05,1.12,0,0,0,0,0,0,0,"[0, 0, 224]",,,,,,,,,,2,,
2026-07-13 05:23:42.832757,,2,23.7,25.5,27.5,1.02,54.59,101.47,16.2,,,22.2,22.7,22.0,-23.91,0.65,1.15,0,0,0,0,0,0,0,"[0, 0, 224]",,,,,,,,,,2,,
2026-07-13 05:23:42.942973,,2,23.7,25.5,27.5,1.05,54.93,100.67,16.2,,,22.2,22.7,22.0,-23.91,0.75,1.69,0,0,0,0,0,0,0,"[0, 0, 224]",,,,,,,,,,2,,
2026-07-13 05:23:43.053621,,2,23.7,25.5,27.5,1.25,54.83,101.2,16.2,,,22.2,22.7,22.0,-23.91,1.02,1.08,0,0,0,0,0,0,0,"[0, 0, 224]",,,,,,,,,,2,,
2026-07-13 05:23:43.163853,,2,23.7,25.5,27.5,0.98,54.9,99.32,16.2,,,22.2,22.7,22.0,-23.91,1.15,1.72,0,0,0,0,0,0,0,"[0, 0, 224]",,,,,,,,,,2,,
2026-07-13 05:23:43.276784,,2,23.7,25.5,27.5,1.25,54.76,102.28,16.2,,,22.2,22.7,22.0,-23.91,1.15,1.32,0,0,0,0,0,0,0,"[0, 0, 224]",,,,,,,,,,2,,
2026-07-13 05:23:43.387123,,2,23.7,25.5,27.5,1.05,55.0,100.13,16.2,,,22.2,22.7,22.0,-23.91,1.35,1.28,0,0,0,0,0,0,0,"[0, 0, 224]",,,,,,,,,,2,,
2026-07-13 05:23:43.496958,,2,23.7,25.5,27.5,0.85,54.33,100.26,16.2,,,22.2,22.7,22.0,-23.91,1.35,1.45,0,0,0,0,0,0,0,"[0, 0, 224]",,,,,,,,,,2,,
2026-07-13 05:23:43.607051,,2,23.7,25.5,27.5,1.35,54.66,99.32,16.2,,,22.2,22.7,22.0,-23.91,1.08,1.69,0,0,0,0,0,0,0,"[0, 0, 224]",,,,,,,,,,2,,
2026-07-13 05:23:43.717706,,2,23.7,25.5,27.5,1.19,54.96,101.87,16.2,,,22.2,22.7,22.0,-23.91,0.75,1.55,0,0,0,0,0,0,0,"[0, 0, 224]",,,,,,,,,,2,,
2026-07-13 05:23:43.827812,,2,23.7,25.5,27.5,0.95,54.86,101.47,16.2,,,22.2,22.7,22.0,-23.91,0.88,1.12,0,0,0,0,0,0,0,"[0, 0, 224]",,,,,,,,,,2,,
2026-07-13 05:23:43.938383,,2,23.7,25.5,27.5,1.42,54.9,100.8,16.2,,,22.2,22.7,22.0,-23.91,1.22,1.08,0,0,0,0,0,0,0,"[0, 0, 224]",,,,,,,,,,2,,
2026-07-13 05:23:44.048427,,2,23.7,25.5,27.5,1.32,54.43,101.2,16.2,,,22.2,22.7,22.0,-23.91,0.92,1.59,0,0,0,0,0,0,0,"[0, 0, 224]",,,,,,,,,,2,,
2026-07-13 05:23:44.159759,,2,23.7,25.5,27.5,1.12,54.76,100.53,16.2,,,22.2,22.7,22.0,-23.91,1.12,1.08,0,0,0,0,0,0,0,"[0, 0, 224]",,,,,,,,,,2,,
2026-07-13 05:23:44.275128,,2,23.7,25.5,27.5,1.02,54.43,101.2,16.2,,,22.2,22.7,22.0,-23.91,0.98,1.62,0,0,0,0,0,0,0,"[0, 0, 224]",,,,,,,,,,2,,
2026-07-13 05:23:44.386122,,2,23.7,25.5,27.5,1.49,54.59,100.67,16.2,,,22.2,22.7,22.0,-23.91,1.08,1.55,0,0,0,0,0,0,0,"[0, 0, 224]",,,,,,,,,,2,,
2026-07-13 05:23:44.496494,,2,23.7,25.5,27.5,1.52,54.86,100.26,16.2,,,22.2,22.7,22.0,-23.91,1.35,1.52,0,0,0,0,0,0,0,"[0, 0, 224]",,,,,,,,,,2,,
2026-07-13 05:23:44.606587,,2,23.7,25.5,27.5,0.85,54.63,99.73,16.2,,,22.2,22.7,22.0,-23.91,1.45,1.49,0,0,0,0,0,0,0,"[0, 0, 224]",,,,,,,,,,2,,
2026-07-13 05:23:44.717202,,2,23.7,25.5,27.5,1.22,54.36,100.93,16.2,,,22.2,22.7,22.0,-23.91,1.12,1.12,0,0,0,0,0,0,0,"[0, 0, 224]",,,,,,,,,,2,,
2026-07-13 05:23:44.827586,,2,23.7,25.5,27.5,1.02,54.56,101.2,16.2,,,22.2,22.7,22.0,-23.91,1.29,1.35,0,0,0,0,0,0,0,"[0, 0, 224]",,,,,,,,,,2,,
2026-07-13 05:23:44.938225,,2,23.7,25.5,27.5,1.08,54.53,101.61,16.2,,,22.2,22.7,22.0,-23.91,0.85,1.62,0,0,0,0,0,0,0,"[0, 0, 224]",,,,,,,,,,2,,
2026-07-13 05:23:45.049245,,2,23.7,25.5,27.5,1.45,54.46,101.87,16.2,,,22.2,22.7,22.0,-23.91,0.98,1.35,0,0,0,0,0,0,0,"[0, 0, 224]",,,,,,,,,,2,,
2026-07-13 05:23:45.160980,,2,23.7,25.5,27.5,1.08,54.49,98.79,16.2,,,22.2,22.7,22.0,-23.91,0.85,0.98,0,0,0,0,0,0,0,"[0, 0, 224]",,,,,,,,,,2,,
2026-07-13 05:23:45.274198,,2,23.7,25.5,27.5,1.32,54.8,100.26,16.2,,,22.2,22.7,22.0,-23.91,1.32,1.05,0,0,0,0,0,0,0,"[0, 0, 224]",,,,,,,,,,2,,
2026-07-13 05:23:45.384827,,2,23.7,25.5,27.5,1.42,54.36,101.61,16.2,,,22.2,22.7,22.0,-23.91,0.75,1.22,0,0,0,0,0,0,0,"[0, 0, 224]",,,,,,,,,,2,,
2026-07-13 05:23:45.496089,,2,23.7,25.5,27.5,1.02,55.0,101.74,16.2,,,22.2,22.7,22.0,-23.91,1.19,1.02,0,0,0,0,0,0,0,"[0, 0, 224]",,,,,,,,,,2,,
2026-07-13 05:23:45.607293,,2,23.7,25.5,27.5,1.02,54.76,100.93,16.2,,,22.2,22.7,22.0,-23.91,0.85,1.28,0,0,0,0,0,0,0,"[0, 0, 224]",,,,,,,,,,2,,
2026-07-13 05:23:45.718402,,2,23.7,25.5,27.5,1.12,54.56,100.8,16.2,,,22.2,22.7,22.0,-23.91,1.35,1.69,0,0,0,0,0,0,0,"[0, 0, 224]",,,,,,,,,,2,,
2026-07-13 05:23:45.837093,,2,23.7,25.5,27.5,0.85,54.9,100.93,16.2,,,22.2,22.7,22.0,-23.91,0.78,1.12,0,0,0,0,0,0,0,"[0, 0, 224]",,,,,,,,,,2,,
2026-07-13 05:23:45.948156,,2,23.7,25.5,27.5,0.92,54.53,100.53,16.2,,,22.2,22.7,22.0,-23.91,1.29,1.42,0,0,0,0,0,0,0,"[0, 0, 224]",,,,,,,,,,2,,
2026-07-13 05:23:46.059200,,2,23.7,25.5,27.5,1.55,54.66,99.05,16.2,,,22.2,22.7,22.0,-23.91,1.29,1.39,0,0,0,0,0,0,0,"[0, 0, 224]",,,,,,,,,,2,,
2026-07-13 05:23:46.170323,,2,23.7,25.5,27.5,0.98,54.43,100.4,16.2,,,22.2,22.7,22.0,-23.91,1.39,1.05,0,0,0,0,0,0,0,"[0, 0, 224]",,,,,,,,,,2,,
2026-07-13 05:23:46.284205,,2,23.7,25.5,27.5,1.59,54.59,99.05,16.2,,,22.2,22.7,22.0,-23.91,1.05,1.08,0,0,0,0,0,0,0,"[0, 0, 224]",,,,,,,,,,2,,
2026-07-13 05:23:46.394868,,2,23.7,25.5,27.5,1.45,54.8,101.47,16.2,,,22.2,22.7,22.0,-23.91,0.85,1.15,0,0,0,0,0,0,0,"[0, 0, 224]",,,,,,,,,,2,,
2026-07-13 05:23:46.506198,,2,23.7,25.5,27.5,1.62,54.86,99.99,16.2,,,22.2,22.7,22.0,-23.91,0.88,1.12,0,0,0,0,0,0,0,"[0, 0, 224]",,,,,,,,,,2,,
2026-07-13 05:23:46.617517,,2,23.7,25.5,27.2,1.29,54.66,100.26,16.2,,,22.2,22.7,22.0,-23.91,1.39,1.02,0,0,0,0,0,0,0,"[0, 0, 224]",,,,,,,,,,2,,
2026-07-13 05:23:46.862839,,2,23.7,25.5,27.2,1.29,54.66,100.67,16.2,,,22.2,22.7,22.0,-23.91,1.32,1.59,0,0,0,0,0,0,0,"[0, 0, 224]",,,,,,,,,,2,,
2026-07-13 05:23:46.981636,,2,23.7,25.5,27.2,1.15,54.49,100.13,16.2,,,22.2,22.7,22.0,-23.91,0.92,1.18,0,0,0,0,0,0,0,"[0, 0, 224]",,,,,,,,,,2,,
2026-07-13 05:23:47.091911,,2,23.7,25.5,27.2,1.12,54.36,99.59,16.2,,,22.2,22.7,22.0,-23.91,1.15,1.05,0,0,0,0,0,0,0,"[0, 0, 224]",,,,,,,,,,2,,
2026-07-13 05:23:47.202753,,2,23.7,25.5,27.2,1.42,54.49,99.05,16.2,,,22.2,22.7,22.0,-23.91,0.85,1.05,0,0,0,0,0,0,0,"[0, 0, 224]",,,,,,,,,,2,,
2026-07-13 05:23:47.313420,,2,23.7,25.5,27.2,1.49,54.43,100.13,16.2,,,22.2,22.7,22.0,-23.91,0.95,1.12,0,0,0,0,0,0,0,"[0, 0, 224]",,,,,,,,,,2,,
2026-07-13 05:23:47.423626,,2,23.7,25.5,27.2,1.02,54.96,100.13,16.2,,,22.2,22.7,22.0,-23.91,0.82,1.69,0,0,0,0,0,0,0,"[0, 0, 224]",,,,,,,,,,2,,
2026-07-13 05:23:47.537237,,2,23.7,25.5,27.2,1.25,54.86,99.73,16.2,,,22.2,22.7,22.0,-23.91,1.39,1.18,0,0,0,0,0,0,0,"[0, 0, 224]",,,,,,,,,,2,,
2026-07-13 05:23:47.647345,,2,23.7,25.5,27.2,0.82,54.9,99.86,16.2,,,22.2,22.7,22.0,-23.91,1.19,1.12,0,0,0,0,0,0,0,"[0, 0, 224]",,,,,,,,,,2,,
2026-07-13 05:23:47.769089,,2,23.7,25.5,27.2,1.02,54.39,100.4,16.2,,,22.2,22.7,22.0,-23.91,1.19,1.28,0,0,0,0,0,0,0,"[0, 0, 224]",,,,,,,,,,2,,
2026-07-13 05:23:47.879135,,2,23.7,25.5,27.2,0.98,54.46,100.8,16.2,,,22.2,22.7,22.0,-23.91,1.05,1.49,0,0,0,0,0,0,0,"[0, 0, 224]",,,,,,,,,,2,,
2026-07-13 05:23:47.998609,,2,23.7,25.5,27.2,0.85,54.43,101.47,16.2,,,22.2,22.7,22.0,-23.91,0.75,1.52,0,0,0,0,0,0,0,"[0, 0, 224]",,,,,,,,,,2,,
2026-07-13 05:23:48.109982,,2,23.7,25.5,27.2,1.02,54.53,102.01,16.2,,,22.2,22.7,22.0,-23.91,1.39,1.59,0,0,0,0,0,0,0,"[0, 0, 224]",,,,,,,,,,2,,
2026-07-13 05:23:48.220920,,2,23.7,25.5,27.2,0.82,54.76,98.79,16.2,,,22.2,22.7,22.0,-23.91,1.32,1.02,0,0,0,0,0,0,0,"[0, 0, 224]",,,,,,,,,,2,,
2026-07-13 05:23:48.331002,,2,23.7,25.5,27.2,1.22,54.83,100.53,16.2,,,22.2,22.7,22.0,-23.91,0.82,1.55,0,0,0,0,0,0,0,"[0, 0, 224]",,,,,,,,,,2,,
2026-07-13 05:23:48.441935,,2,23.7,25.5,27.2,0.55,55.33,99.05,16.2,,,22.2,22.7,22.0,-23.91,1.35,1.52,0,0,0,0,0,0,0,"[0, 0, 224]",,,,,,,,,,2,,
2026-07-13 05:23:48.552793,,2,23.7,25.5,27.2,1.22,54.66,100.8,16.2,,,22.2,22.7,22.0,-23.91,1.15,1.59,0,0,0,0,0,0,0,"[0, 0, 224]",,,,,,,,,,2,,
2026-07-13 05:23:48.665970,,2,23.7,25.5,27.2,0.95,54.93,99.05,16.2,,,22.2,22.7,22.0,-23.91,1.08,1.65,0,0,0,0,0,0,0,"[0, 0, 224]",,,,,,,,,,2,,
2026-07-13 05:23:48.791725,,2,23.7,25.5,27.2,0.95,54.56,100.93,16.2,,,22.2,22.7,22.0,-23.91,1.29,1.05,0,0,0,0,0,0,0,"[0, 0, 224]",,,,,,,,,,2,,
2026-07-13 05:23:48.903605,,2,23.7,25.5,27.2,1.29,54.9,99.99,16.2,,,22.2,22.7,22.0,-23.91,1.39,1.22,0,0,0,0,0,0,0,"[0, 0, 224]",,,,,,,,,,2,,
2026-07-13 05:23:49.014930,,2,23.7,25.5,27.2,0.75,54.39,101.2,16.2,,,22.2,22.7,22.0,-23.91,1.35,1.05,0,0,0,0,0,0,0,"[0, 0, 224]",,,,,,,,,,2,,
2026-07-13 05:23:49.124763,,2,23.7,25.5,27.2,0.72,54.66,99.86,16.2,,,22.2,22.7,22.0,-23.91,0.75,1.02,0,0,0,0,0,0,0,"[0, 0, 224]",,,,,,,,,,2,,
2026-07-13 05:23:49.235509,,2,23.7,25.5,27.2,1.12,54.33,98.65,16.2,,,22.2,22.7,22.0,-23.91,1.39,1.12,0,0,0,0,0,0,0,"[0, 0, 224]",,,,,,,,,,2,,
2026-07-13 05:23:49.346035,,2,23.7,25.5,27.2,1.32,54.96,101.2,16.2,,,22.2,22.7,22.0,-23.91,1.08,1.08,0,0,0,0,0,0,0,"[0, 0, 224]",,,,,,,,,,2,,
2026-07-13 05:23:49.457243,,2,23.7,25.5,27.2,1.35,54.96,98.79,16.2,,,22.2,22.7,22.0,-23.91,1.35,1.55,0,0,0,0,0,0,0,"[0, 0, 224]",,,,,,,,,,2,,
2026-07-13 05:23:49.567648,,2,23.7,25.5,27.2,0.95,54.8,98.79,16.2,,,22.2,22.7,22.0,-23.91,0.82,1.25,0,0,0,0,0,0,0,"[0, 0, 224]",,,,,,,,,,2,,
2026-07-13 05:23:49.680830,,2,23.7,25.5,27.2,0.98,54.8,101.34,16.2,,,22.2,22.7,22.0,-23.91,0.82,1.15,0,0,0,0,0,0,0,"[0, 0, 224]",,,,,,,,,,2,,
2026-07-13 05:23:49.808996,,2,23.7,25.5,27.2,0.82,54.73,101.2,16.2,,,22.2,22.7,22.0,-23.91,1.02,1.55,0,0,0,0,0,0,0,"[0, 0, 224]",,,,,,,,,,2,,
2026-07-13 05:23:49.919669,,2,23.7,25.5,27.2,1.25,54.9,100.8,16.2,,,22.2,22.7,22.0,-23.91,1.15,1.62,0,0,0,0,0,0,0,"[0, 0, 224]",,,,,,,,,,2,,
2026-07-13 05:23:50.030994,,2,23.7,25.5,27.2,0.95,54.73,101.07,16.2,,,22.2,22.7,22.0,-23.91,1.42,1.45,0,0,0,0,0,0,0,"[0, 0, 224]",,,,,,,,,,2,,
2026-07-13 05:23:50.141082,,2,23.7,25.5,27.2,1.29,54.36,101.07,16.2,,,22.2,22.7,22.0,-23.91,1.25,1.18,0,0,0,0,0,0,0,"[0, 0, 224]",,,,,,,,,,2,,
2026-07-13 05:23:50.252237,,2,23.7,25.5,27.2,1.22,54.26,100.8,16.2,,,22.2,22.7,22.0,-23.91,1.19,1.59,0,0,0,0,0,0,0,"[0, 0, 224]",,,,,,,,,,2,,
2026-07-13 05:23:50.362426,,2,23.7,25.5,27.2,1.15,55.2,100.8,16.2,,,22.2,22.7,22.0,-23.91,1.19,1.62,0,0,0,0,0,0,0,"[0, 0, 224]",,,,,,,,,,2,,
2026-07-13 05:23:50.472937,,2,23.7,25.5,27.2,1.02,54.8,100.67,16.2,,,22.2,22.7,22.0,-23.91,1.19,1.69,0,0,0,0,0,0,0,"[0, 0, 224]",,,,,,,,,,2,,
2026-07-13 05:23:50.583397,,2,23.7,25.5,27.2,0.98,54.73,99.73,16.2,,,22.2,22.7,22.0,-23.91,0.88,1.35,0,0,0,0,0,0,0,"[0, 0, 224]",,,,,,,,,,2,,
2026-07-13 05:23:50.696435,,2,23.7,25.5,27.2,0.95,54.49,99.86,16.2,,,22.2,22.7,22.0,-23.91,1.12,1.02,0,0,0,0,0,0,0,"[0, 0, 224]",,,,,,,,,,2,,
2026-07-13 05:23:50.823159,,2,23.7,25.5,27.2,0.88,54.96,99.19,16.2,,,22.2,22.7,22.0,-23.91,1.29,1.32,0,0,0,0,0,0,0,"[0, 0, 224]",,,,,,,,,,2,,
2026-07-13 05:23:50.933547,,2,23.7,25.5,27.2,0.88,54.43,98.65,16.2,,,22.2,22.7,22.0,-23.91,0.82,1.49,0,0,0,0,0,0,0,"[0, 0, 224]",,,,,,,,,,2,,
2026-07-13 05:23:51.044201,,2,23.7,25.5,27.2,1.19,55.03,101.2,16.2,,,22.2,22.7,22.0,-23.91,0.85,2.19,0,0,0,0,0,0,0,"[0, 0, 224]",,,,,,,,,,2,,
2026-07-13 05:23:51.156140,,2,23.7,25.5,27.2,0.92,54.46,100.26,16.2,,,22.2,22.7,22.0,-23.91,0.78,3.1,0,0,0,0,0,0,0,"[0, 0, 224]",,,,,,,,,,2,,
2026-07-13 05:23:51.267779,,2,23.7,25.5,27.2,1.49,55.16,99.59,16.2,,,22.2,22.7,22.0,-23.91,1.32,3.27,0,0,0,0,0,0,0,"[0, 0, 224]",,,,,,,,,,2,,
2026-07-13 05:23:51.377796,,2,23.7,25.5,27.2,1.55,54.53,101.2,16.2,,,22.2,22.7,22.0,-23.91,0.88,3.9,0,0,0,0,0,0,0,"[0, 0, 224]",,,,,,,,,,2,,
2026-07-13 05:23:51.487579,,2,23.7,25.5,27.2,1.08,54.26,100.93,16.2,,,22.2,22.7,22.0,-23.91,1.42,3.87,0,0,0,0,0,0,0,"[0, 0, 224]",,,,,,,,,,2,,
2026-07-13 05:23:51.598212,,2,23.7,25.5,27.2,0.92,54.8,98.65,16.2,,,22.2,22.7,22.0,-23.91,0.75,4.78,0,0,0,0,0,0,0,"[0, 0, 224]",,,,,,,,,,2,,
2026-07-13 05:23:51.710969,,2,23.7,25.5,27.2,1.12,54.83,99.05,16.2,,,22.2,22.7,22.0,-23.91,0.85,5.14,0,0,0,0,0,0,0,"[0, 0, 224]",,,,,,,,,,2,,
2026-07-13 05:23:51.836808,,2,23.7,25.5,27.2,1.25,55.2,98.92,16.2,,,22.2,22.7,22.0,-23.91,0.92,6.05,0,0,0,0,0,0,0,"[0, 0, 224]",,,,,,,,,,2,,
2026-07-13 05:23:51.948038,,2,23.7,25.5,27.2,0.95,54.83,98.79,16.2,,,22.2,22.7,22.0,-23.91,1.35,6.45,0,0,0,0,0,0,0,"[0, 0, 224]",,,,,,,,,,2,,
2026-07-13 05:23:52.057556,,2,23.7,25.5,27.2,1.29,55.16,98.38,16.2,,,22.2,22.7,22.0,-23.91,1.02,7.02,0,0,0,0,0,0,0,"[0, 0, 224]",,,,,,,,,,2,,
2026-07-13 05:23:52.320975,,2,23.7,25.5,27.2,1.12,55.43,100.13,16.2,,,22.2,22.7,22.0,-23.91,1.32,8.33,0,0,0,0,0,0,0,"[0, 0, 224]",,,,,,,,,,2,,
2026-07-13 05:23:52.431107,,2,23.7,25.5,27.2,0.95,55.1,101.07,16.2,,,22.2,22.7,22.0,-23.91,1.29,8.6,0,0,0,0,0,0,0,"[0, 0, 224]",,,,,,,,,,2,,
2026-07-13 05:23:52.541108,,2,23.7,25.5,27.2,1.15,55.2,98.52,16.2,,,22.2,22.7,22.0,-23.91,0.75,9.11,0,0,0,0,0,0,0,"[0, 0, 224]",,,,,,,,,,2,,
2026-07-13 05:23:52.651766,,2,23.7,25.5,27.2,1.45,54.8,98.79,16.2,,,22.2,22.7,22.0,-23.91,1.05,9.51,0,0,0,0,0,0,0,"[0, 0, 224]",,,,,,,,,,2,,
2026-07-13 05:23:52.761755,,2,23.7,25.5,27.2,1.29,55.16,100.13,16.2,,,22.2,22.7,22.0,-23.91,1.25,10.42,0,0,0,0,0,0,0,"[0, 0, 224]",,,,,,,,,,2,,
2026-07-13 05:23:52.895887,,2,23.7,25.5,27.2,1.32,55.06,100.8,16.2,,,22.2,22.7,22.0,-23.91,0.95,10.58,0,0,0,0,0,0,0,"[0, 0, 224]",,,,,,,,,,2,,
2026-07-13 05:23:53.006786,,2,23.7,25.5,27.2,0.78,55.57,99.05,16.2,,,22.2,22.7,22.0,-23.91,1.12,11.02,0,0,0,0,0,0,0,"[0, 0, 224]",,,,,,,,,,2,,
2026-07-13 05:23:53.117498,,2,23.7,25.5,27.2,1.25,55.74,101.2,16.2,,,22.2,22.7,22.0,-23.91,1.19,11.46,0,0,0,0,0,0,0,"[0, 0, 224]",,,,,,,,,,2,,
2026-07-13 05:23:53.227541,,2,23.7,25.5,27.2,0.88,55.2,100.8,16.2,,,22.2,22.7,22.0,-23.91,0.95,12.09,0,0,0,0,0,0,0,"[0, 0, 224]",,,,,,,,,,2,,
2026-07-13 05:23:53.338457,,2,23.7,25.5,27.2,0.82,55.23,101.2,16.2,,,22.2,22.7,22.0,-23.91,1.05,13.27,0,0,0,0,0,0,0,"[0, 0, 224]",,,,,,,,,,2,,
2026-07-13 05:23:53.449030,,2,23.7,25.5,27.2,1.42,55.03,100.4,16.2,,,22.2,22.7,22.0,-23.91,1.12,13.4,0,0,0,0,0,0,0,"[0, 0, 224]",,,,,,,,,,2,,
2026-07-13 05:23:53.569360,,2,23.7,25.5,27.2,1.45,55.43,99.32,16.2,,,22.2,22.7,22.0,-23.91,1.29,13.97,0,0,0,0,0,0,0,"[0, 0, 224]",,,,,,,,,,2,,
2026-07-13 05:23:53.680777,,2,23.7,25.5,27.2,0.95,55.1,100.26,16.2,,,22.2,22.7,22.0,-23.91,1.32,14.65,0,0,0,0,0,0,0,"[0, 0, 224]",,,,,,,,,,2,,
2026-07-13 05:23:53.805650,,2,23.7,25.5,27.2,1.52,55.97,100.26,16.2,,,22.2,22.7,22.0,-23.91,1.42,14.85,0,0,0,0,0,0,0,"[0, 0, 224]",,,,,,,,,,2,,
2026-07-13 05:23:53.925078,,2,23.7,25.5,27.2,1.25,55.97,98.38,16.2,,,22.2,22.7,22.0,-23.91,1.15,15.35,0,0,0,0,0,0,0,"[0, 0, 224]",,,,,,,,,,2,,
2026-07-13 05:23:54.035815,,2,23.7,25.5,27.2,0.95,55.74,98.11,16.2,,,22.2,22.7,22.0,-23.91,0.78,15.92,0,0,0,0,0,0,0,"[0, 0, 224]",,,,,,,,,,2,,
2026-07-13 05:23:54.145387,,2,23.7,25.5,27.2,1.02,55.43,100.8,16.2,,,22.2,22.7,22.0,-23.91,0.78,16.49,0,0,0,0,0,0,0,"[0, 0, 224]",,,,,,,,,,2,,
2026-07-13 05:23:54.255552,,2,23.7,25.5,27.2,1.25,55.77,100.67,16.2,,,22.2,22.7,22.0,-23.91,1.35,17.36,0,0,0,0,0,0,0,"[0, 0, 224]",,,,,,,,,,2,,
2026-07-13 05:23:54.366132,,2,23.7,25.5,27.2,1.19,55.87,99.05,16.2,,,22.2,22.7,22.0,-23.91,0.78,17.83,0,0,0,0,0,0,0,"[0, 0, 224]",,,,,,,,,,2,,
2026-07-13 05:23:54.475692,,2,23.7,25.5,27.2,1.39,55.9,99.05,16.2,,,22.2,22.7,22.0,-23.91,1.39,17.77,0,0,0,0,0,0,0,"[0, 0, 224]",,,,,,,,,,2,,
2026-07-13 05:23:54.585783,,2,23.7,25.5,27.2,1.22,55.87,99.59,16.2,,,22.2,22.7,22.0,-23.91,1.35,18.44,0,0,0,0,0,0,0,"[0, 0, 224]",,,,,,,,,,2,,
2026-07-13 05:23:54.696499,,2,23.7,25.5,27.2,1.49,55.94,97.85,16.2,,,22.2,22.7,22.0,-23.91,1.29,18.67,0,0,0,0,0,0,0,"[0, 0, 224]",,,,,,,,,,2,,
2026-07-13 05:23:54.814515,,2,23.7,25.5,27.2,0.92,56.0,100.67,16.2,,,22.2,22.7,22.0,-23.91,1.25,19.92,0,0,0,0,0,0,0,"[0, 0, 224]",,,,,,,,,,2,,
2026-07-13 05:23:54.925294,,2,23.7,25.5,27.2,0.88,56.17,99.99,16.2,,,22.2,22.7,22.0,-23.91,1.22,19.98,0,0,0,0,0,0,0,"[0, 0, 224]",,,,,,,,,,2,,
2026-07-13 05:23:55.038578,,2,23.7,25.5,27.2,1.15,56.07,100.13,16.2,,,22.2,22.7,22.0,-23.91,0.82,20.08,0,0,0,0,0,0,0,"[0, 0, 224]",,,,,,,,,,2,,
2026-07-13 05:23:55.148936,,2,23.7,25.5,27.2,1.12,56.54,100.4,16.2,,,22.2,22.7,22.0,-23.91,1.35,20.96,0,0,0,0,0,0,0,"[0, 0, 224]",,,,,,,,,,2,,
2026-07-13 05:23:55.258800,,2,23.7,25.5,27.2,1.39,56.07,98.11,16.2,,,22.2,22.7,22.0,-23.91,1.05,21.76,0,0,0,0,0,0,0,"[0, 0, 224]",,,,,,,,,,2,,
2026-07-13 05:23:55.368608,,2,23.7,25.5,27.2,1.66,56.07,98.52,16.2,,,22.2,22.7,22.0,-23.91,1.39,22.0,0,0,0,0,0,0,0,"[0, 0, 224]",,,,,,,,,,2,,
2026-07-13 05:23:55.479047,,2,23.7,25.5,27.2,1.35,56.1,97.98,16.2,,,22.2,22.7,22.0,-23.91,0.78,22.4,0,0,0,0,0,0,0,"[0, 0, 224]",,,,,,,,,,2,,
2026-07-13 05:23:55.589577,,2,23.7,25.5,27.2,1.72,56.24,98.52,16.2,,,22.2,22.7,22.0,-23.91,0.78,22.8,0,0,0,0,0,0,0,"[0, 0, 224]",,,,,,,,,,2,,
2026-07-13 05:23:55.699985,,2,23.7,25.5,27.2,1.25,56.61,100.13,16.2,,,22.2,22.7,22.0,-23.91,1.32,23.37,0,0,0,0,0,0,0,"[0, 0, 224]",,,,,,,,,,2,,
2026-07-13 05:23:55.819652,,2,23.7,25.5,27.2,0.72,56.51,98.92,16.2,,,22.2,22.7,22.0,-23.91,0.85,23.98,0,0,0,0,0,0,0,"[0, 0, 224]",,,,,,,,,,2,,
2026-07-13 05:23:55.930658,,2,23.7,25.5,27.2,1.35,55.84,99.59,16.2,,,22.2,22.7,22.0,-23.91,1.19,24.45,0,0,0,0,0,0,0,"[0, 0, 224]",,,,,,,,,,2,,
2026-07-13 05:23:56.046249,,2,23.7,25.5,27.2,1.59,56.74,96.5,16.2,,,22.2,22.7,22.0,-23.91,1.08,24.92,0,0,0,0,0,0,0,"[0, 0, 224]",,,,,,,,,,2,,
2026-07-13 05:23:56.156853,,2,23.7,25.5,27.2,1.22,56.27,99.05,16.2,,,22.2,22.7,22.0,-23.91,0.98,25.09,0,0,0,0,0,0,0,"[0, 0, 224]",,,,,,,,,,2,,
2026-07-13 05:23:56.268557,,2,23.7,25.5,27.2,1.25,56.57,98.65,16.2,,,22.2,22.7,22.0,-23.91,1.39,25.62,0,0,0,0,0,0,0,"[0, 0, 224]",,,,,,,,,,2,,
2026-07-13 05:23:56.379033,,2,23.7,25.5,27.2,1.62,56.24,97.85,16.2,,,22.2,22.7,22.0,-23.91,1.39,26.53,0,0,0,0,0,0,0,"[0, 0, 224]",,,,,,,,,,2,,
2026-07-13 05:23:56.489621,,2,23.7,25.5,27.2,1.12,56.47,100.93,16.2,,,22.2,22.7,22.0,-23.91,0.95,26.46,0,0,0,0,0,0,0,"[0, 0, 224]",,,,,,,,,,2,,
2026-07-13 05:23:56.600804,,2,23.7,25.5,27.2,0.98,56.44,98.52,16.2,,,22.2,22.7,22.0,-23.91,0.75,27.2,0,0,0,0,0,0,0,"[0, 0, 224]",,,,,,,,,,2,,
2026-07-13 05:23:56.711562,,2,23.7,25.5,27.2,1.25,56.37,99.59,16.2,,,22.2,22.7,22.0,-23.91,1.39,27.37,0,0,0,0,0,0,0,"[0, 0, 224]",,,,,,,,,,2,,
2026-07-13 05:23:56.834910,,2,23.7,25.5,27.2,0.82,56.47,99.05,16.2,,,22.2,22.7,22.0,-23.91,1.42,27.91,0,0,0,0,0,0,0,"[0, 0, 224]",,,,,,,,,,2,,
2026-07-13 05:23:56.946614,,2,23.7,25.5,27.2,1.05,56.54,99.05,16.2,,,22.2,22.7,22.0,-23.91,0.85,28.78,0,0,0,0,0,0,0,"[0, 0, 224]",,,,,,,,,,2,,
2026-07-13 05:23:57.058788,,2,23.7,25.5,27.2,1.39,56.88,99.59,16.2,,,22.2,22.7,22.0,-23.91,0.82,28.78,0,0,0,0,0,0,0,"[0, 0, 224]",,,,,,,,,,2,,
2026-07-13 05:23:57.169518,,2,23.7,25.5,27.2,1.45,56.88,97.58,16.2,,,22.2,22.7,22.0,-23.91,1.35,29.08,0,0,0,0,0,0,0,"[0, 0, 224]",,,,,,,,,,2,,
2026-07-13 05:23:57.279635,,2,23.7,25.5,27.2,1.29,56.94,96.91,16.2,,,22.2,22.7,22.0,-23.91,0.85,29.95,0,0,0,0,0,0,0,"[0, 0, 224]",,,,,,,,,,2,,
2026-07-13 05:23:57.389754,,2,23.7,25.5,27.2,0.95,56.27,97.98,16.2,,,22.2,22.7,22.0,-23.91,0.95,30.72,0,0,0,0,0,0,0,"[0, 0, 224]",,,,,,,,,,2,,
2026-07-13 05:23:57.500076,,2,23.7,25.5,27.2,1.08,56.94,97.71,16.2,,,22.2,22.7,22.0,-23.91,1.39,30.69,0,0,0,0,0,0,0,"[0, 0, 224]",,,,,,,,,,2,,
2026-07-13 05:23:57.609686,,2,23.7,25.5,27.2,1.08,57.25,99.86,16.2,,,22.2,22.7,22.0,-23.91,1.35,31.56,0,0,0,0,0,0,0,"[0, 0, 224]",,,,,,,,,,2,,
2026-07-13 05:23:57.719480,,2,23.7,25.5,27.2,1.05,56.04,99.46,16.2,,,22.2,22.7,22.0,-23.91,1.35,31.73,0,0,0,0,0,0,0,"[0, 0, 224]",,,,,,,,,,2,,
2026-07-13 05:23:57.841681,,2,23.7,25.5,27.2,1.49,56.71,98.25,16.2,,,22.2,22.7,22.0,-23.91,0.82,32.24,0,0,0,0,0,0,0,"[0, 0, 224]",,,,,,,,,,2,,
2026-07-13 05:23:57.952161,,2,23.7,25.5,27.2,1.15,56.51,97.85,16.2,,,22.2,22.7,22.0,-23.91,1.05,32.91,0,0,0,0,0,0,0,"[0, 0, 224]",,,,,,,,,,2,,
2026-07-13 05:23:58.063839,,2,23.7,25.5,27.2,0.75,56.68,96.91,16.2,,,22.2,22.7,22.0,-23.91,1.42,33.34,0,0,0,0,0,0,0,"[0, 0, 224]",,,,,,,,,,2,,
2026-07-13 05:23:58.177555,,2,23.7,25.5,27.2,1.22,56.94,98.52,16.2,,,22.2,22.7,22.0,-23.91,1.05,33.44,0,0,0,0,0,0,0,"[0, 0, 224]",,,,,,,,,,2,,
2026-07-13 05:23:58.286878,,2,23.7,25.5,27.2,1.29,56.47,99.32,16.2,,,22.2,22.7,22.0,-23.91,0.72,33.98,0,0,0,0,0,0,0,"[0, 0, 224]",,,,,,,,,,2,,
2026-07-13 05:23:58.397219,,2,23.7,25.5,27.2,0.85,57.41,97.85,16.2,,,22.2,22.7,22.0,-23.91,1.25,34.22,0,0,0,0,0,0,0,"[0, 0, 224]",,,,,,,,,,2,,
2026-07-13 05:23:58.506919,,2,23.7,25.5,27.0,1.12,56.98,96.1,16.2,,,22.2,22.7,22.0,-23.91,1.35,34.92,0,0,0,0,0,0,0,"[0, 0, 224]",,,,,,,,,,2,,
2026-07-13 05:23:58.616931,,2,23.7,25.5,27.0,1.32,56.78,98.38,16.2,,,22.2,22.7,22.0,-23.91,0.98,35.02,0,0,0,0,0,0,0,"[0, 0, 224]",,,,,,,,,,2,,
2026-07-13 05:23:58.726973,,2,23.7,25.5,27.0,1.19,57.04,98.65,16.2,,,22.2,22.7,22.0,-23.91,1.22,35.19,0,0,0,0,0,0,0,"[0, 0, 224]",,,,,,,,,,2,,
2026-07-13 05:23:58.843940,,2,23.7,25.5,27.0,1.52,57.38,97.85,16.2,,,22.2,22.7,22.0,-23.91,1.35,35.53,0,0,0,0,0,0,0,"[0, 0, 224]",,,,,,,,,,2,,
2026-07-13 05:23:58.954719,,2,23.7,25.5,27.0,0.92,56.91,99.19,16.2,,,22.2,22.7,22.0,-23.91,0.82,36.47,0,0,0,0,0,0,0,"[0, 0, 224]",,,,,,,,,,2,,
2026-07-13 05:23:59.065073,,2,23.7,25.5,27.0,0.85,57.25,97.58,16.2,,,22.2,22.7,22.0,-23.91,1.39,36.97,0,0,0,0,0,0,0,"[0, 0, 224]",,,,,,,,,,2,,
2026-07-13 05:23:59.179271,,2,23.7,25.5,27.0,1.25,56.98,98.79,16.2,,,22.2,22.7,22.0,-23.91,1.32,36.94,0,0,0,0,0,0,0,"[0, 0, 224]",,,,,,,,,,2,,
2026-07-13 05:23:59.289769,,2,23.7,25.5,27.0,0.92,56.91,98.38,16.2,,,22.2,22.7,22.0,-23.91,0.85,37.61,0,0,0,0,0,0,0,"[0, 0, 224]",,,,,,,,,,2,,
2026-07-13 05:23:59.400188,,2,23.7,25.5,27.0,1.42,57.01,97.58,16.2,,,22.2,22.7,22.0,-23.91,1.39,37.34,0,0,0,0,0,0,0,"[0, 0, 224]",,,,,,,,,,2,,
2026-07-13 05:23:59.510642,,2,23.7,25.5,27.0,1.05,57.21,97.85,16.2,,,22.5,22.7,22.0,-23.91,0.68,38.04,0,0,0,0,0,0,0,"[0, 0, 224]",,,,,,,,,,2,,
2026-07-13 05:23:59.620917,,2,23.7,25.5,27.0,0.95,57.41,96.23,16.2,,,22.5,22.7,22.0,-23.91,1.32,38.51,0,0,0,0,0,0,0,"[0, 0, 224]",,,,,,,,,,2,,
2026-07-13 05:23:59.730739,,2,23.7,25.5,27.0,1.22,57.25,97.85,16.2,,,22.5,22.7,22.0,-23.91,0.75,38.65,0,0,0,0,0,0,0,"[0, 0, 224]",,,,,,,,,,2,,
2026-07-13 05:23:59.859277,,2,23.7,25.5,27.0,1.29,57.41,97.44,16.2,,,22.5,22.7,22.0,-23.91,0.95,38.95,0,0,0,0,0,0,0,"[0, 0, 224]",,,,,,,,,,2,,
2026-07-13 05:23:59.969290,,2,23.7,25.5,27.0,1.32,57.28,95.7,16.2,,,22.5,22.7,22.0,-23.91,1.35,39.39,0,0,0,0,0,0,0,"[0, 0, 224]",,,,,,,,,,2,,
2026-07-13 05:24:00.079654,,2,23.7,25.5,27.0,0.85,57.35,95.97,16.2,,,22.5,22.7,22.0,-23.91,1.29,39.12,0,0,0,0,0,0,0,"[0, 0, 224]",,,,,,,,,,2,,
2026-07-13 05:24:00.191623,,2,23.7,25.5,27.0,1.29,57.45,98.25,16.2,,,22.5,22.7,22.0,-23.91,1.29,39.65,0,0,0,0,0,0,0,"[0, 0, 224]",,,,,,,,,,2,,
2026-07-13 05:24:00.303992,,2,23.7,25.5,27.0,1.42,57.62,97.31,16.2,,,22.5,22.7,22.0,-23.91,0.85,39.99,0,0,0,0,0,0,0,"[0, 0, 224]",,,,,,,,,,2,,
2026-07-13 05:24:00.415283,,2,23.7,25.5,27.0,1.12,57.38,96.37,16.2,,,22.5,22.7,22.0,-23.91,0.98,39.59,0,0,0,0,0,0,0,"[0, 0, 224]",,,,,,,,,,2,,
2026-07-13 05:24:00.525299,,2,23.7,25.5,27.0,1.42,57.28,98.38,16.2,,,22.5,22.7,22.0,-23.91,1.19,40.09,0,0,0,0,0,0,0,"[0, 0, 224]",,,,,,,,,,2,,
2026-07-13 05:24:00.635618,,2,23.7,25.5,27.0,1.66,57.35,97.17,16.2,,,22.5,22.7,22.0,-23.91,0.72,40.09,0,0,0,0,0,0,0,"[0, 0, 224]",,,,,,,,,,2,,
2026-07-13 05:24:00.746442,,2,23.7,25.5,27.0,0.98,57.38,96.91,16.2,,,22.5,22.7,22.0,-23.91,1.19,40.09,0,0,0,0,0,0,0,"[0, 0, 224]",,,,,,,,,,2,,
2026-07-13 05:24:00.878173,,2,23.7,25.5,27.0,1.12,57.21,100.13,16.2,,,22.5,22.7,22.0,-23.91,1.35,40.22,0,0,0,0,0,0,0,"[0, 0, 224]",,,,,,,,,,2,,
2026-07-13 05:24:00.997618,,2,23.7,25.5,27.0,1.25,57.58,97.85,16.2,,,22.5,22.7,22.0,-23.91,1.42,39.92,0,0,0,0,0,0,0,"[0, 0, 224]",,,,,,,,,,2,,
2026-07-13 05:24:01.108783,,2,23.7,25.5,27.0,1.12,57.25,97.58,16.2,,,22.5,22.7,22.0,-23.91,0.78,40.26,0,0,0,0,0,0,0,"[0, 0, 224]",,,,,,,,,,2,,
2026-07-13 05:24:01.219292,,2,23.7,25.5,27.0,1.22,57.41,99.32,16.2,,,22.5,22.7,22.0,-23.91,0.78,40.26,0,0,0,0,0,0,0,"[0, 0, 224]",,,,,,,,,,2,,
2026-07-13 05:24:01.331927,,2,23.7,25.5,27.0,1.45,57.65,98.11,16.2,,,22.5,22.7,22.0,-23.91,1.19,39.96,0,0,0,0,0,0,0,"[0, 0, 224]",,,,,,,,,,2,,
2026-07-13 05:24:01.442825,,2,23.7,25.5,27.0,1.22,57.78,97.58,16.2,,,22.5,22.7,22.0,-23.91,0.95,40.19,0,0,0,0,0,0,0,"[0, 0, 224]",,,,,,,,,,2,,
2026-07-13 05:24:01.554014,,2,23.7,25.5,27.0,0.98,57.35,97.58,16.2,,,22.2,22.7,22.0,-23.91,1.25,40.02,0,0,0,0,0,0,0,"[0, 0, 224]",,,,,,,,,,2,,
2026-07-13 05:24:01.664142,,2,23.7,25.5,27.0,1.42,57.11,96.91,16.2,,,22.2,22.7,22.0,-23.91,0.88,40.43,0,0,0,0,0,0,0,"[0, 0, 224]",,,,,,,,,,2,,
2026-07-13 05:24:01.773842,,2,23.7,25.5,27.0,1.22,57.08,98.52,16.2,,,22.2,22.7,22.0,-23.91,0.82,40.06,0,0,0,0,0,0,0,"[0, 0, 224]",,,,,,,,,,2,,
2026-07-13 05:24:01.887876,,2,23.7,25.5,27.0,0.95,57.41,97.58,16.2,,,22.2,22.7,22.0,-23.91,1.29,40.59,0,0,0,0,0,0,0,"[0, 0, 224]",,,,,,,,,,2,,
2026-07-13 05:24:02.005410,,2,23.7,25.5,27.0,1.35,58.22,98.92,16.2,,,22.2,22.7,22.0,-23.91,0.78,40.26,0,0,0,0,0,0,0,"[0, 0, 224]",,,,,,,,,,2,,
2026-07-13 05:24:02.117092,,2,23.7,25.5,27.0,0.72,57.72,97.71,16.2,,,22.2,22.7,22.0,-23.91,1.22,40.22,0,0,0,0,0,0,0,"[0, 0, 224]",,,,,,,,,,2,,
2026-07-13 05:24:02.227580,,2,23.7,25.5,27.0,0.88,57.38,98.65,16.2,,,22.2,22.7,22.0,-23.91,0.88,40.26,0,0,0,0,0,0,0,"[0, 0, 224]",,,,,,,,,,2,,
2026-07-13 05:24:02.339937,,2,23.7,25.5,27.0,1.19,57.92,97.71,16.2,,,22.2,22.7,22.0,-23.91,1.12,40.63,0,0,0,0,0,0,0,"[0, 0, 224]",,,,,,,,,,2,,
2026-07-13 05:24:02.450202,,2,23.7,25.5,27.0,1.32,57.72,97.31,16.2,,,22.2,22.7,22.0,-23.91,1.15,40.26,0,0,0,0,0,0,0,"[0, 0, 224]",,,,,,,,,,2,,
2026-07-13 05:24:02.562187,,2,23.7,25.5,27.0,1.29,57.75,97.85,16.2,,,22.2,22.7,22.0,-23.91,0.82,40.43,0,0,0,0,0,0,0,"[0, 0, 224]",,,,,,,,,,2,,
2026-07-13 05:24:02.676571,,2,23.7,25.5,27.0,0.85,57.98,98.79,16.2,,,22.2,22.7,22.0,-23.91,1.19,40.53,0,0,0,0,0,0,0,"[0, 0, 224]",,,,,,,,,,2,,
2026-07-13 05:24:02.799962,,2,23.7,25.5,27.0,1.19,57.82,98.11,16.2,,,22.2,22.7,22.0,-23.91,0.95,40.56,0,0,0,0,0,0,0,"[0, 0, 224]",,,,,,,,,,2,,
2026-07-13 05:24:02.910352,,2,23.7,25.5,27.0,0.82,58.15,97.98,16.2,,,22.2,22.7,22.0,-23.91,0.78,40.36,0,0,0,0,0,0,0,"[0, 0, 224]",,,,,,,,,,2,,
2026-07-13 05:24:03.021401,,2,23.7,25.5,27.0,0.98,57.68,96.5,16.2,,,22.2,22.7,22.0,-23.91,0.82,40.46,0,0,0,0,0,0,0,"[0, 0, 224]",,,,,,,,,,2,,
2026-07-13 05:24:03.131456,,2,23.7,25.5,27.0,1.32,58.02,97.85,16.2,,,22.2,22.7,22.0,-23.91,0.78,40.59,0,0,0,0,0,0,0,"[0, 0, 224]",,,,,,,,,,2,,
2026-07-13 05:24:03.241661,,2,23.7,25.5,27.0,1.25,58.09,97.31,16.2,,,22.2,22.7,22.0,-23.91,1.39,40.66,0,0,0,0,0,0,0,"[0, 0, 224]",,,,,,,,,,2,,
2026-07-13 05:24:03.352084,,2,23.7,25.5,27.0,0.92,58.15,97.85,16.2,,,22.2,22.7,22.0,-23.91,1.49,40.09,0,0,0,0,0,0,0,"[0, 0, 224]",,,,,,,,,,2,,
2026-07-13 05:24:03.463318,,2,23.7,25.5,27.0,1.39,57.75,97.04,16.2,,,22.2,22.7,22.0,-23.91,0.95,40.22,0,0,0,0,0,0,0,"[0, 0, 224]",,,,,,,,,,2,,
2026-07-13 05:24:03.573908,,2,23.7,25.5,27.0,1.45,58.19,98.11,16.2,,,22.2,22.7,22.0,-23.91,0.92,40.19,0,0,0,0,0,0,0,"[0, 0, 224]",,,,,,,,,,2,,
2026-07-13 05:24:03.686450,,2,23.7,25.5,27.0,1.22,57.92,97.98,16.2,,,22.2,22.7,22.0,-23.91,0.82,40.66,0,0,0,0,0,0,0,"[0, 0, 224]",,,,,,,,,,2,,
2026-07-13 05:24:03.805590,,2,23.7,25.5,27.0,0.85,58.15,97.58,16.2,,,22.2,22.7,22.0,-23.91,1.25,40.26,0,0,0,0,0,0,0,"[0, 0, 224]",,,,,,,,,,2,,
2026-07-13 05:24:03.916494,,2,23.7,25.5,27.0,1.35,57.92,97.44,16.2,,,22.2,22.7,22.0,-23.91,1.35,40.43,0,0,0,0,0,0,0,"[0, 0, 224]",,,,,,,,,,2,,
2026-07-13 05:24:04.027386,,2,23.7,25.5,27.0,1.19,58.12,97.04,16.2,,,22.2,22.7,22.0,-23.91,0.82,40.59,0,0,0,0,0,0,0,"[0, 0, 224]",,,,,,,,,,2,,
2026-07-13 05:24:04.137626,,2,23.7,25.5,27.0,0.82,57.78,97.85,16.2,,,22.2,22.7,22.0,-23.91,0.95,40.22,0,0,0,0,0,0,0,"[0, 0, 224]",,,,,,,,,,2,,
2026-07-13 05:24:04.248896,,2,23.7,25.5,27.0,0.72,57.82,99.05,16.2,,,22.2,22.7,22.0,-23.91,1.15,40.06,0,0,0,0,0,0,0,"[0, 0, 224]",,,,,,,,,,2,,
2026-07-13 05:24:04.358706,,2,23.7,25.5,27.0,1.29,58.02,97.58,16.2,,,22.2,22.7,22.0,-23.91,1.12,40.22,0,0,0,0,0,0,0,"[0, 0, 224]",,,,,,,,,,2,,
2026-07-13 05:24:04.469043,,2,23.7,25.5,27.0,0.95,57.72,96.91,16.2,,,22.2,22.7,22.0,-23.91,0.82,40.59,0,0,0,0,0,0,0,"[0, 0, 224]",,,,,,,,,,2,,
2026-07-13 05:24:04.579420,,2,23.7,25.5,27.0,1.25,58.49,98.11,16.2,,,22.2,22.7,22.0,-23.91,0.82,40.59,0,0,0,0,0,0,0,"[0, 0, 224]",,,,,,,,,,2,,
2026-07-13 05:24:04.692212,,2,23.7,25.5,27.0,1.49,57.85,97.04,16.2,,,22.2,22.7,22.0,-23.91,0.82,40.29,0,0,0,0,0,0,0,"[0, 0, 224]",,,,,,,,,,2,,
2026-07-13 05:24:04.820945,,2,23.7,25.5,27.0,1.49,57.82,97.58,16.2,,,22.2,22.7,22.0,-23.91,1.39,40.06,0,0,0,0,0,0,0,"[0, 0, 224]",,,,,,,,,,2,,
2026-07-13 05:24:04.932138,,2,23.7,25.5,27.0,1.05,58.42,98.38,16.2,,,22.2,22.7,22.0,-23.91,0.82,40.73,0,0,0,0,0,0,0,"[0, 0, 224]",,,,,,,,,,2,,
2026-07-13 05:24:05.043055,,2,23.7,25.7,27.0,1.25,58.35,97.44,16.2,,,22.2,22.7,22.0,-23.91,0.75,40.12,0,0,0,0,0,0,0,"[0, 0, 224]",,,,,,,,,,2,,
2026-07-13 05:24:05.152029,,2,23.7,25.7,27.0,1.22,57.65,96.64,16.2,,,22.2,22.7,22.0,-23.91,0.88,40.22,0,0,0,0,0,0,0,"[0, 0, 224]",,,,,,,,,,2,,
2026-07-13 05:24:05.256616,,2,23.7,25.7,27.0,0.98,57.48,96.5,16.2,,,22.2,22.7,22.0,-23.91,1.35,40.53,0,0,0,0,0,0,0,"[0, 0, 224]",,,,,,,,,,2,,
2026-07-13 05:24:05.360559,,2,23.7,25.7,27.0,1.45,58.25,95.43,16.2,,,22.2,22.7,22.0,-23.91,0.92,40.53,0,0,0,0,0,0,0,"[0, 0, 224]",,,,,,,,,,2,,
2026-07-13 05:24:05.464435,,2,23.7,25.7,27.0,1.05,58.09,97.04,16.2,,,22.2,22.7,22.0,-23.91,1.08,40.36,0,0,0,0,0,0,0,"[0, 0, 224]",,,,,,,,,,2,,
2026-07-13 05:24:05.568515,,2,23.7,25.7,27.0,1.39,57.85,97.71,16.2,,,22.2,22.7,22.0,-23.91,0.78,40.56,0,0,0,0,0,0,0,"[0, 0, 224]",,,,,,,,,,2,,
2026-07-13 05:24:05.672585,,2,23.7,25.7,27.0,0.85,58.09,97.17,16.2,,,22.2,22.7,22.0,-23.91,0.92,40.09,0,0,0,0,0,0,0,"[0, 0, 224]",,,,,,,,,,2,,
2026-07-13 05:24:05.780218,,2,23.7,25.7,27.0,1.29,58.45,97.71,16.2,,,22.2,22.7,22.0,-23.91,1.29,40.36,0,0,0,0,0,0,0,"[0, 0, 224]",,,,,,,,,,2,,
2026-07-13 05:24:05.886746,,2,23.7,25.7,27.0,1.32,57.85,98.38,16.2,,,22.2,22.7,22.0,-23.91,1.39,40.16,0,0,0,0,0,0,0,"[0, 0, 224]",,,,,,,,,,2,,
2026-07-13 05:24:05.997835,,2,23.7,25.7,27.0,1.25,58.05,97.71,16.2,,,22.2,22.7,22.0,-23.91,1.29,40.66,0,0,0,0,0,0,0,"[0, 0, 224]",,,,,,,,,,2,,
2026-07-13 05:24:06.101806,,2,23.7,25.7,27.0,1.19,58.29,97.98,16.2,,,22.2,22.7,22.0,-23.91,0.78,40.63,0,0,0,0,0,0,0,"[0, 0, 224]",,,,,,,,,,2,,
2026-07-13 05:24:06.205733,,2,23.7,25.7,27.0,1.29,58.15,96.77,16.2,,,22.2,22.7,22.0,-23.91,0.75,40.56,0,0,0,0,0,0,0,"[0, 0, 224]",,,,,,,,,,2,,
2026-07-13 05:24:06.309461,,2,23.7,25.7,27.0,1.32,58.49,97.17,16.2,,,22.2,22.7,22.0,-23.91,0.92,40.12,0,0,0,0,0,0,0,"[0, 0, 224]",,,,,,,,,,2,,
2026-07-13 05:24:06.413342,,2,23.7,25.7,27.0,1.08,58.49,96.23,16.2,,,22.2,22.7,22.0,-23.91,1.19,40.16,0,0,0,0,0,0,0,"[0, 0, 224]",,,,,,,,,,2,,
2026-07-13 05:24:06.518431,,2,23.7,25.7,27.0,1.29,58.39,97.85,16.2,,,22.2,22.7,22.0,-23.91,1.45,40.12,0,0,0,0,0,0,0,"[0, 0, 224]",,,,,,,,,,2,,
2026-07-13 05:24:06.622741,,2,23.7,25.7,27.0,1.35,58.76,99.32,16.2,,,22.2,22.7,22.0,-23.91,0.95,40.43,0,0,0,0,0,0,0,"[0, 0, 224]",,,,,,,,,,2,,
2026-07-13 05:24:06.729396,,2,23.7,25.7,27.0,1.42,58.02,96.91,16.2,,,22.2,22.7,22.0,-23.91,1.42,40.26,0,0,0,0,0,0,0,"[0, 0, 224]",,,,,,,,,,2,,
2026-07-13 05:24:06.845294,,2,23.7,25.7,27.0,1.39,58.59,97.71,16.2,,,22.2,22.7,22.0,-23.91,1.29,40.66,0,0,0,0,0,0,0,"[0, 0, 224]",,,,,,,,,,2,,
2026-07-13 05:24:06.954989,,2,23.7,25.7,27.0,1.35,58.32,97.44,16.2,,,22.2,22.7,22.0,-23.91,0.75,40.49,0,0,0,0,0,0,0,"[0, 0, 224]",,,,,,,,,,2,,
2026-07-13 05:24:07.059820,,2,23.7,25.7,27.0,0.75,58.22,98.11,16.2,,,22.2,22.7,22.0,-23.91,1.35,40.19,0,0,0,0,0,0,0,"[0, 0, 224]",,,,,,,,,,2,,
2026-07-13 05:24:07.164361,,2,23.7,25.7,27.0,0.88,58.05,96.64,16.2,,,22.2,22.7,22.0,-23.91,0.92,40.19,0,0,0,0,0,0,0,"[0, 0, 224]",,,,,,,,,,2,,
2026-07-13 05:24:07.268826,,2,23.7,25.7,27.0,0.72,58.56,97.44,16.2,,,22.2,22.7,22.0,-23.91,1.39,40.43,0,0,0,0,0,0,0,"[0, 0, 224]",,,,,,,,,,2,,
2026-07-13 05:24:07.373396,,2,23.7,25.7,27.0,0.95,58.42,98.38,16.2,,,22.2,22.7,22.0,-23.91,0.85,40.09,0,0,0,0,0,0,0,"[0, 0, 224]",,,,,,,,,,2,,
2026-07-13 05:24:07.477272,,2,23.7,25.7,27.0,1.08,58.25,97.58,16.2,,,22.2,22.7,22.0,-23.91,0.95,40.06,0,0,0,0,0,0,0,"[0, 0, 224]",,,,,,,,,,2,,
2026-07-13 05:24:07.581383,,2,23.7,25.7,27.0,1.25,58.12,97.44,16.2,,,22.2,22.7,22.0,-23.91,0.88,40.29,0,0,0,0,0,0,0,"[0, 0, 224]",,,,,,,,,,2,,
2026-07-13 05:24:07.687655,,2,23.7,25.7,27.0,1.42,58.39,96.64,16.2,,,22.2,22.7,22.0,-23.91,0.95,40.16,0,0,0,0,0,0,0,"[0, 0, 224]",,,,,,,,,,2,,
2026-07-13 05:24:07.791450,,2,23.7,25.7,27.0,1.62,58.29,97.98,16.2,,,22.2,22.7,22.0,-23.91,1.02,40.09,0,0,0,0,0,0,0,"[0, 0, 224]",,,,,,,,,,2,,
2026-07-13 05:24:07.908300,,2,23.7,25.7,27.0,1.29,58.52,95.97,16.2,,,22.2,22.7,22.0,-23.91,0.75,40.73,0,0,0,0,0,0,0,"[0, 0, 224]",,,,,,,,,,2,,
2026-07-13 05:24:08.013480,,2,23.7,25.7,27.0,1.05,58.49,96.37,16.2,,,22.2,22.7,22.0,-23.91,1.15,40.22,0,0,0,0,0,0,0,"[0, 0, 224]",,,,,,,,,,2,,
2026-07-13 05:24:08.117511,,2,23.7,25.7,27.0,0.85,57.92,96.37,16.2,,,22.2,22.7,22.0,-23.91,1.08,40.66,0,0,0,0,0,0,0,"[0, 0, 224]",,,,,,,,,,2,,
2026-07-13 05:24:08.222390,,2,23.7,25.7,27.0,0.82,58.02,97.04,16.2,,,22.2,22.7,22.0,-23.91,1.12,40.73,0,0,0,0,0,0,0,"[0, 0, 224]",,,,,,,,,,2,,
2026-07-13 05:24:08.326814,,2,23.7,25.7,27.0,1.15,58.15,95.97,16.2,,,22.2,22.7,22.0,-23.91,1.39,40.19,0,0,0,0,0,0,0,"[0, 0, 224]",,,,,,,,,,2,,
2026-07-13 05:24:08.431184,,2,23.7,25.7,27.0,1.22,58.29,97.44,16.2,,,22.2,22.7,22.0,-23.91,0.75,40.26,0,0,0,0,0,0,0,"[0, 0, 224]",,,,,,,,,,2,,
2026-07-13 05:24:08.535743,,2,23.7,25.7,27.0,0.95,58.05,97.58,16.2,,,22.2,22.7,22.0,-23.91,1.39,40.46,0,0,0,0,0,0,0,"[0, 0, 224]",,,,,,,,,,2,,
2026-07-13 05:24:08.642352,,2,23.7,25.7,27.0,1.32,58.59,96.91,16.2,,,22.2,22.7,22.0,-23.91,0.72,40.63,0,0,0,0,0,0,0,"[0, 0, 224]",,,,,,,,,,2,,
2026-07-13 05:24:08.746060,,2,23.7,25.7,27.0,1.42,57.92,98.38,16.2,,,22.2,22.7,22.0,-23.91,0.72,40.66,0,0,0,0,0,0,0,"[0, 0, 224]",,,,,,,,,,2,,
2026-07-13 05:24:08.865366,,2,23.7,25.7,27.0,1.29,58.59,97.85,16.2,,,22.2,22.7,22.0,-23.91,0.92,40.46,0,0,0,0,0,0,0,"[0, 0, 224]",,,,,,,,,,2,,
2026-07-13 05:24:08.971051,,2,23.7,25.7,27.0,1.45,58.35,97.44,16.2,,,22.2,22.7,22.0,-23.91,0.92,40.56,0,0,0,0,0,0,0,"[0, 0, 224]",,,,,,,,,,2,,
2026-07-13 05:24:09.076633,,2,23.7,25.7,27.0,1.35,58.59,96.5,16.2,,,22.2,22.7,22.0,-23.91,1.39,40.69,0,0,0,0,0,0,0,"[0, 0, 224]",,,,,,,,,,2,,
2026-07-13 05:24:09.180290,,2,23.7,25.7,27.0,1.19,58.59,95.56,16.2,,,22.2,22.7,22.0,-23.91,1.22,40.26,0,0,0,0,0,0,0,"[0, 0, 224]",,,,,,,,,,2,,
2026-07-13 05:24:09.290334,,2,23.7,25.7,27.0,1.19,58.29,95.97,16.2,,,22.2,22.7,22.0,-23.91,1.02,40.26,0,0,0,0,0,0,0,"[0, 0, 224]",,,,,,,,,,2,,
2026-07-13 05:24:09.394032,,2,23.7,25.7,27.0,1.42,58.56,97.85,16.2,,,22.2,22.7,22.0,-23.91,1.19,40.63,0,0,0,0,0,0,0,"[0, 0, 224]",,,,,,,,,,2,,
2026-07-13 05:24:09.498046,,2,23.7,25.7,27.0,0.72,58.76,96.91,16.2,,,22.2,22.7,22.0,-23.91,1.29,40.22,0,0,0,0,0,0,0,"[0, 0, 224]",,,,,,,,,,2,,
2026-07-13 05:24:09.601940,,2,23.7,25.7,27.0,0.85,58.62,98.52,16.2,,,22.2,22.7,22.0,-23.91,0.78,40.66,0,0,0,0,0,0,0,"[0, 0, 224]",,,,,,,,,,2,,
2026-07-13 05:24:09.709102,,2,23.7,25.7,27.0,1.19,58.45,98.38,16.2,,,22.2,22.7,22.0,-23.91,0.78,40.66,0,0,0,0,0,0,0,"[0, 0, 224]",,,,,,,,,,2,,
2026-07-13 05:24:09.820934,,2,23.7,25.7,27.0,1.08,58.19,96.5,16.2,,,22.2,22.7,22.0,-23.91,1.29,40.33,0,0,0,0,0,0,0,"[0, 0, 224]",,,,,,,,,,2,,
2026-07-13 05:24:09.925066,,2,23.7,25.7,27.0,0.82,58.39,97.04,16.2,,,22.2,22.7,22.0,-23.91,0.85,40.36,0,0,0,0,0,0,0,"[0, 0, 224]",,,,,,,,,,2,,
2026-07-13 05:24:10.029507,,2,23.7,25.7,27.0,1.08,58.45,96.64,16.2,,,22.2,22.7,22.0,-23.91,1.29,40.73,0,0,0,0,0,0,0,"[0, 0, 224]",,,,,,,,,,2,,
2026-07-13 05:24:10.133878,,2,23.7,25.7,27.0,0.95,58.32,97.31,16.2,,,22.2,22.7,22.0,-23.91,1.05,40.66,0,0,0,0,0,0,0,"[0, 0, 224]",,,,,,,,,,2,,
2026-07-13 05:24:10.237759,,2,23.7,25.7,27.0,1.42,58.72,99.59,16.2,,,22.2,22.7,22.0,-23.91,0.82,40.33,0,0,0,0,0,0,0,"[0, 0, 224]",,,,,,,,,,2,,
2026-07-13 05:24:10.342588,,2,23.7,25.7,27.0,1.32,58.76,98.38,16.2,,,22.2,22.7,22.0,-23.91,0.92,40.43,0,0,0,0,0,0,0,"[0, 0, 224]",,,,,,,,,,2,,
2026-07-13 05:24:10.447814,,2,23.7,25.7,27.0,0.95,58.15,97.04,16.2,,,22.2,22.7,22.0,-23.91,1.22,40.76,0,0,0,0,0,0,0,"[0, 0, 224]",,,,,,,,,,2,,
2026-07-13 05:24:10.555191,,2,23.7,25.7,27.0,1.35,58.52,95.7,16.2,,,22.2,22.7,22.0,-23.91,1.25,40.53,0,0,0,0,0,0,0,"[0, 0, 224]",,,,,,,,,,2,,
2026-07-13 05:24:10.659493,,2,23.7,25.7,27.0,1.29,58.59,95.29,16.2,,,22.2,22.7,22.0,-23.91,1.29,40.43,0,0,0,0,0,0,0,"[0, 0, 224]",,,,,,,,,,2,,
2026-07-13 05:24:10.764070,,2,23.7,25.7,27.0,1.05,58.66,97.71,16.2,,,22.2,22.7,22.0,-23.91,1.25,40.29,0,0,0,0,0,0,0,"[0, 0, 224]",,,,,,,,,,2,,
2026-07-13 05:24:10.874486,,2,23.7,25.7,27.0,1.19,58.86,96.91,16.2,,,22.2,22.7,22.0,-23.91,1.32,40.46,0,0,0,0,0,0,0,"[0, 0, 224]",,,,,,,,,,2,,
2026-07-13 05:24:10.979191,,2,23.7,25.7,27.0,1.45,58.29,97.98,16.2,,,22.2,22.7,22.0,-23.91,0.72,40.33,0,0,0,0,0,0,0,"[0, 0, 224]",,,,,,,,,,2,,
2026-07-13 05:24:11.085167,,2,23.7,25.7,27.0,1.49,58.49,96.64,16.2,,,22.2,22.7,22.0,-23.91,1.32,40.59,0,0,0,0,0,0,0,"[0, 0, 224]",,,,,,,,,,2,,
2026-07-13 05:24:11.189923,,2,23.7,25.7,27.0,0.85,58.89,98.52,16.2,,,22.2,22.7,22.0,-23.91,1.05,40.83,0,0,0,0,0,0,0,"[0, 0, 224]",,,,,,,,,,2,,
2026-07-13 05:24:11.294384,,2,23.7,25.7,27.0,1.35,58.35,97.17,16.2,,,22.2,22.7,22.0,-23.91,0.85,40.33,0,0,0,0,0,0,0,"[0, 0, 224]",,,,,,,,,,2,,
2026-07-13 05:24:11.398145,,2,23.7,25.7,27.0,1.42,58.86,98.79,16.2,,,22.2,22.7,22.0,-23.91,1.08,40.76,0,0,0,0,0,0,0,"[0, 0, 224]",,,,,,,,,,2,,
2026-07-13 05:24:11.505321,,2,23.7,25.7,27.0,0.95,58.72,97.98,16.2,,,22.2,22.7,22.0,-23.91,1.05,40.69,0,0,0,0,0,0,0,"[0, 0, 224]",,,,,,,,,,2,,
2026-07-13 05:24:11.609580,,2,23.7,25.7,27.0,1.42,58.45,97.71,16.2,,,22.2,22.7,22.0,-23.91,1.42,40.63,0,0,0,0,0,0,0,"[0, 0, 224]",,,,,,,,,,2,,
2026-07-13 05:24:11.713592,,2,23.7,25.7,27.0,0.98,58.76,97.71,16.2,,,22.2,22.7,22.0,-23.91,1.32,40.26,0,0,0,0,0,0,0,"[0, 0, 224]",,,,,,,,,,2,,
2026-07-13 05:24:11.826612,,2,23.7,25.7,27.0,1.19,58.52,98.11,16.2,,,22.2,22.7,22.0,-23.91,1.42,40.33,0,0,0,0,0,0,0,"[0, 0, 224]",,,,,,,,,,2,,
2026-07-13 05:24:11.931004,,2,23.7,25.7,26.7,1.35,58.66,97.04,16.2,,,22.2,22.7,22.0,-23.91,1.29,40.43,0,0,0,0,0,0,0,"[0, 0, 224]",,,,,,,,,,2,,
2026-07-13 05:24:12.035793,,2,23.7,25.7,26.7,1.08,58.56,97.31,16.2,,,22.2,22.7,22.0,-23.91,1.35,40.26,0,0,0,0,0,0,0,"[0, 0, 224]",,,,,,,,,,2,,
2026-07-13 05:24:12.139649,,2,23.7,25.7,26.7,0.98,58.49,96.91,16.2,,,22.2,22.7,22.0,-23.91,1.25,40.69,0,0,0,0,0,0,0,"[0, 0, 224]",,,,,,,,,,2,,
2026-07-13 05:24:12.244445,,2,23.7,25.7,26.7,1.15,58.19,93.95,16.2,,,22.2,22.7,22.0,-23.91,1.08,40.8,0,0,0,0,0,0,0,"[0, 0, 224]",,,,,,,,,,2,,
2026-07-13 05:24:12.348463,,2,23.7,25.7,26.7,1.32,58.62,96.37,16.2,,,22.2,22.7,22.0,-23.91,1.08,40.56,0,0,0,0,0,0,0,"[0, 0, 224]",,,,,,,,,,2,,
2026-07-13 05:24:12.454980,,2,23.7,25.7,26.7,1.42,58.76,97.31,16.2,,,22.2,22.7,22.0,-23.91,0.85,40.76,0,0,0,0,0,0,0,"[0, 0, 224]",,,,,,,,,,2,,
2026-07-13 05:24:12.558691,,2,23.7,25.7,26.7,1.12,58.92,96.37,16.2,,,22.2,22.7,22.0,-23.91,1.32,40.8,0,0,0,0,0,0,0,"[0, 0, 224]",,,,,,,,,,2,,
2026-07-13 05:24:12.662996,,2,23.7,25.7,26.7,0.61,58.42,95.7,16.2,,,22.2,22.7,22.0,-23.91,1.02,40.43,0,0,0,0,0,0,0,"[0, 0, 224]",,,,,,,,,,2,,
2026-07-13 05:24:12.766969,,2,23.7,25.7,26.7,1.12,58.66,97.85,16.2,,,22.2,22.7,22.0,-23.91,0.72,40.76,0,0,0,0,0,0,0,"[0, 0, 224]",,,,,,,,,,2,,
2026-07-13 05:24:12.870773,,2,23.7,25.7,26.7,1.45,58.56,97.58,16.2,,,22.2,22.7,22.0,-23.91,0.82,40.83,0,0,0,0,0,0,0,"[0, 0, 224]",,,,,,,,,,2,,
2026-07-13 05:24:12.974839,,2,23.7,25.7,26.7,0.98,58.76,97.44,16.2,,,22.2,22.7,22.0,-23.91,1.19,40.69,0,0,0,0,0,0,0,"[0, 0, 224]",,,,,,,,,,2,,
2026-07-13 05:24:13.079030,,2,23.7,25.7,26.7,0.88,58.49,97.58,16.2,,,22.2,22.7,22.0,-23.91,0.82,40.16,0,0,0,0,0,0,0,"[0, 0, 224]",,,,,,,,,,2,,
2026-07-13 05:24:13.184590,,2,23.7,25.7,26.7,1.32,58.69,98.25,16.2,,,22.2,22.7,22.0,-23.91,1.15,40.8,0,0,0,0,0,0,0,"[0, 0, 224]",,,,,,,,,,2,,
2026-07-13 05:24:13.290157,,2,23.7,25.7,26.7,1.29,58.66,96.64,16.2,,,22.2,22.7,22.0,-23.91,0.78,40.59,0,0,0,0,0,0,0,"[0, 0, 224]",,,,,,,,,,2,,
2026-07-13 05:24:13.396575,,2,23.7,25.7,26.7,1.02,58.82,95.43,16.2,,,22.2,22.7,22.0,-23.91,0.88,40.56,0,0,0,0,0,0,0,"[0, 0, 224]",,,,,,,,,,2,,
2026-07-13 05:24:13.500407,,2,23.7,25.7,26.7,1.19,58.69,95.03,16.2,,,22.2,22.7,22.0,-23.91,0.82,40.69,0,0,0,0,0,0,0,"[0, 0, 224]",,,,,,,,,,2,,
2026-07-13 05:24:13.604314,,2,23.7,25.7,26.7,1.45,58.35,96.5,16.2,,,22.2,22.7,22.0,-23.91,1.22,40.8,0,0,0,0,0,0,0,"[0, 0, 224]",,,,,,,,,,2,,
2026-07-13 05:24:13.708463,,2,23.7,25.7,26.7,1.25,58.89,97.85,16.2,,,22.2,22.7,22.0,-23.91,1.35,40.46,0,0,0,0,0,0,0,"[0, 0, 224]",,,,,,,,,,2,,
2026-07-13 05:24:13.822616,,2,23.7,25.7,26.7,1.19,59.06,96.91,16.2,,,22.2,22.7,22.0,-23.91,0.78,40.69,0,0,0,0,0,0,0,"[0, 0, 224]",,,,,,,,,,2,,
2026-07-13 05:24:13.928369,,2,23.7,25.7,26.7,1.49,58.72,98.11,16.2,,,22.2,22.7,22.0,-23.91,0.75,40.39,0,0,0,0,0,0,0,"[0, 0, 224]",,,,,,,,,,2,,
2026-07-13 05:24:14.032267,,2,23.7,25.7,26.7,1.35,58.62,95.43,16.2,,,22.2,22.7,22.0,-23.91,1.39,40.63,0,0,0,0,0,0,0,"[0, 0, 224]",,,,,,,,,,2,,
2026-07-13 05:24:14.136186,,2,23.7,25.7,26.7,1.22,58.79,96.5,16.2,,,22.2,22.7,22.0,-23.91,0.92,40.8,0,0,0,0,0,0,0,"[0, 0, 224]",,,,,,,,,,2,,
2026-07-13 05:24:14.240118,,2,23.7,25.7,26.7,0.92,58.69,94.76,16.2,,,22.2,22.7,22.0,-23.91,1.29,40.69,0,0,0,0,0,0,0,"[0, 0, 224]",,,,,,,,,,2,,
2026-07-13 05:24:14.343976,,2,23.7,25.7,26.7,1.45,58.89,96.5,16.2,,,22.2,22.7,22.0,-23.91,1.22,40.69,0,0,0,0,0,0,0,"[0, 0, 224]",,,,,,,,,,2,,
2026-07-13 05:24:14.448453,,2,23.7,25.7,26.7,1.45,58.59,96.77,16.2,,,22.2,22.7,22.0,-23.91,0.85,40.53,0,0,0,0,0,0,0,"[0, 0, 224]",,,,,,,,,,2,,
2026-07-13 05:24:14.555447,,2,23.7,25.7,26.7,1.29,58.56,98.11,16.2,,,22.2,22.7,22.0,-23.91,0.75,40.43,0,0,0,0,0,0,0,"[0, 0, 224]",,,,,,,,,,2,,
2026-07-13 05:24:14.659805,,2,23.7,25.7,26.7,1.39,58.66,96.64,16.2,,,22.2,22.7,22.0,-23.91,0.72,40.76,0,0,0,0,0,0,0,"[0, 0, 224]",,,,,,,,,,2,,
2026-07-13 05:24:14.764737,,2,23.7,25.7,26.7,1.32,58.96,95.16,16.2,,,22.2,22.7,22.0,-23.91,1.35,40.9,0,0,0,0,0,0,0,"[0, 0, 224]",,,,,,,,,,2,,
2026-07-13 05:24:14.882611,,2,23.7,25.7,26.7,1.12,58.62,96.77,16.2,,,22.2,22.7,22.0,-23.91,1.32,40.8,0,0,0,0,0,0,0,"[0, 0, 224]",,,,,,,,,,2,,
2026-07-13 05:24:14.999192,,2,23.7,25.7,26.7,1.42,58.52,95.97,16.2,,,22.2,22.7,22.0,-23.91,1.32,40.22,0,0,0,0,0,0,0,"[0, 0, 224]",,,,,,,,,,2,,
2026-07-13 05:24:15.103777,,2,23.7,25.7,26.7,1.39,58.69,98.92,16.2,,,22.2,22.7,22.0,-23.91,0.78,40.8,0,0,0,0,0,0,0,"[0, 0, 224]",,,,,,,,,,2,,
2026-07-13 05:24:15.208280,,2,23.7,25.7,26.7,1.08,58.96,96.77,16.2,,,22.2,22.7,22.0,-23.91,1.05,40.83,0,0,0,0,0,0,0,"[0, 0, 224]",,,,,,,,,,2,,
2026-07-13 05:24:15.314567,,2,23.7,25.7,26.7,1.35,58.76,97.17,16.2,,,22.2,22.7,22.0,-23.91,1.29,40.8,0,0,0,0,0,0,0,"[0, 0, 224]",,,,,,,,,,2,,
2026-07-13 05:24:15.419709,,2,23.7,25.7,26.7,1.08,58.72,96.37,16.2,,,22.2,22.7,22.0,-23.91,1.02,40.46,0,0,0,0,0,0,0,"[0, 0, 224]",,,,,,,,,,2,,
2026-07-13 05:24:15.526762,,2,23.7,25.7,26.7,0.48,59.19,98.25,16.2,,,22.2,22.7,22.0,-23.91,0.95,40.76,0,0,0,0,0,0,0,"[0, 0, 224]",,,,,,,,,,2,,
2026-07-13 05:24:15.630657,,2,23.7,25.7,26.7,0.92,59.03,96.37,16.2,,,22.2,22.7,22.0,-23.91,1.22,40.83,0,0,0,0,0,0,0,"[0, 0, 224]",,,,,,,,,,2,,
2026-07-13 05:24:15.734787,,2,23.7,25.7,26.7,1.55,58.62,97.71,16.2,,,22.2,22.7,22.0,-23.91,0.72,40.83,0,0,0,0,0,0,0,"[0, 0, 224]",,,,,,,,,,2,,
2026-07-13 05:24:15.849657,,2,23.7,25.7,26.7,0.68,58.42,95.7,16.2,,,22.2,22.7,22.0,-23.91,0.82,40.29,0,0,0,0,0,0,0,"[0, 0, 224]",,,,,,,,,,2,,
2026-07-13 05:24:15.954147,,2,23.7,25.7,26.7,0.88,58.96,96.77,16.2,,,22.2,22.7,22.0,-23.91,1.25,40.76,0,0,0,0,0,0,0,"[0, 0, 224]",,,,,,,,,,2,,
2026-07-13 05:24:16.058950,,2,23.7,25.7,26.7,1.39,59.03,96.5,16.2,,,22.2,22.7,22.0,-23.91,0.88,40.76,0,0,0,0,0,0,0,"[0, 0, 224]",,,,,,,,,,2,,
2026-07-13 05:24:16.162980,,2,23.7,25.7,26.7,1.35,58.66,96.77,16.2,,,22.2,22.7,22.0,-23.91,1.08,40.93,0,0,0,0,0,0,0,"[0, 0, 224]",,,,,,,,,,2,,
2026-07-13 05:24:16.267738,,2,23.7,25.5,26.7,1.49,58.69,97.44,16.2,,,22.2,22.7,22.0,-23.91,0.78,40.83,0,0,0,0,0,0,0,"[0, 0, 224]",,,,,,,,,,2,,
2026-07-13 05:24:16.374321,,2,23.7,25.5,26.7,0.92,58.82,95.97,16.2,,,22.2,22.7,22.0,-23.91,0.78,40.29,0,0,0,0,0,0,0,"[0, 0, 224]",,,,,,,,,,2,,
2026-07-13 05:24:16.477908,,2,23.7,25.5,26.7,0.88,58.92,98.65,16.2,,,22.2,22.7,22.0,-23.91,1.35,40.43,0,0,0,0,0,0,0,"[0, 0, 224]",,,,,,,,,,2,,
2026-07-13 05:24:16.581755,,2,23.7,25.5,26.7,1.25,58.76,95.43,16.2,,,22.2,22.7,22.0,-23.91,0.68,40.76,0,0,0,0,0,0,0,"[0, 0, 224]",,,,,,,,,,2,,
2026-07-13 05:24:16.685798,,2,23.7,25.5,26.7,1.42,58.99,98.38,16.2,,,22.2,22.7,22.0,-23.91,0.95,40.26,0,0,0,0,0,0,0,"[0, 0, 224]",,,,,,,,,,2,,
2026-07-13 05:24:16.790285,,2,23.7,25.5,26.7,1.19,58.99,96.5,16.2,,,22.2,22.7,22.0,-23.91,1.05,40.83,0,0,0,0,0,0,0,"[0, 0, 224]",,,,,,,,,,2,,
2026-07-13 05:24:16.902603,,2,23.7,25.5,26.7,1.35,58.72,96.23,16.2,,,22.2,22.7,22.0,-23.91,1.39,40.83,0,0,0,0,0,0,0,"[0, 0, 224]",,,,,,,,,,2,,
2026-07-13 05:24:17.010621,,2,23.7,25.5,26.7,1.45,58.66,95.97,16.2,,,22.2,22.7,22.0,-23.91,1.42,40.33,0,0,0,0,0,0,0,"[0, 0, 224]",,,,,,,,,,2,,
2026-07-13 05:24:17.114482,,2,23.7,25.5,26.7,1.52,58.69,97.04,16.2,,,22.2,22.7,22.0,-23.91,1.25,40.66,0,0,0,0,0,0,0,"[0, 0, 224]",,,,,,,,,,2,,
2026-07-13 05:24:17.219280,,2,23.7,25.5,26.7,1.25,58.59,97.17,16.2,,,22.2,22.7,22.0,-23.91,1.25,40.76,0,0,0,0,0,0,0,"[0, 0, 224]",,,,,,,,,,2,,
2026-07-13 05:24:17.323505,,2,23.7,25.5,26.7,0.78,58.72,96.91,16.2,,,22.2,22.7,22.0,-23.91,1.22,40.46,0,0,0,0,0,0,0,"[0, 0, 224]",,,,,,,,,,2,,
2026-07-13 05:24:17.431773,,2,23.7,25.5,26.7,1.02,58.96,97.98,16.2,,,22.2,22.7,22.0,-23.91,1.35,40.73,0,0,0,0,0,0,0,"[0, 0, 224]",,,,,,,,,,2,,
2026-07-13 05:24:17.536357,,2,23.7,25.5,26.7,1.25,58.49,96.1,16.2,,,22.2,22.7,22.0,-23.91,1.35,40.29,0,0,0,0,0,0,0,"[0, 0, 224]",,,,,,,,,,2,,
2026-07-13 05:24:17.640292,,2,23.7,25.5,26.7,1.25,58.99,96.91,16.2,,,22.2,22.7,22.0,-23.91,1.35,40.83,0,0,0,0,0,0,0,"[0, 0, 224]",,,,,,,,,,2,,
2026-07-13 05:24:17.744109,,2,23.7,25.5,26.7,1.32,58.86,95.97,16.2,,,22.2,22.7,22.0,-23.91,1.05,40.63,0,0,0,0,0,0,0,"[0, 0, 224]",,,,,,,,,,2,,
2026-07-13 05:24:17.855467,,2,23.7,25.5,26.7,0.98,59.16,96.64,16.2,,,22.2,22.7,22.0,-23.91,1.45,40.49,0,0,0,0,0,0,0,"[0, 0, 224]",,,,,,,,,,2,,
2026-07-13 05:24:17.972938,,2,23.7,25.5,26.7,1.29,59.03,97.31,16.2,,,22.2,22.7,22.0,-23.91,1.25,40.8,0,0,0,0,0,0,0,"[0, 0, 224]",,,,,,,,,,2,,
2026-07-13 05:24:18.076882,,2,23.7,25.5,26.7,1.45,58.92,95.7,16.2,,,22.2,22.7,22.0,-23.91,0.72,40.49,0,0,0,0,0,0,0,"[0, 0, 224]",,,,,,,,,,2,,
2026-07-13 05:24:18.181886,,2,23.7,25.5,26.7,1.15,59.03,97.98,16.2,,,22.2,22.7,22.0,-23.91,1.25,40.26,0,0,0,0,0,0,0,"[0, 0, 224]",,,,,,,,,,2,,
2026-07-13 05:24:18.285688,,2,23.7,25.5,26.7,1.25,59.09,95.97,16.2,,,22.2,22.7,22.0,-23.91,0.75,40.39,0,0,0,0,0,0,0,"[0, 0, 224]",,,,,,,,,,2,,
2026-07-13 05:24:18.392357,,2,23.7,25.5,26.7,1.35,58.86,95.97,16.2,,,22.2,22.7,22.0,-23.91,1.05,40.66,0,0,0,0,0,0,0,"[0, 0, 224]",,,,,,,,,,2,,
2026-07-13 05:24:18.495984,,2,23.7,25.5,26.7,1.25,58.96,95.43,16.2,,,22.2,22.7,22.0,-23.91,1.29,40.73,0,0,0,0,0,0,0,"[0, 0, 224]",,,,,,,,,,2,,
2026-07-13 05:24:18.599552,,2,23.7,25.5,26.7,1.35,58.72,95.43,16.2,,,22.2,22.7,22.0,-23.91,1.35,40.33,0,0,0,0,0,0,0,"[0, 0, 224]",,,,,,,,,,2,,
2026-07-13 05:24:18.704287,,2,23.7,25.5,26.7,1.49,58.66,96.91,16.2,,,22.2,22.7,22.0,-23.91,0.88,40.49,0,0,0,0,0,0,0,"[0, 0, 224]",,,,,,,,,,2,,
2026-07-13 05:24:18.808023,,2,23.7,25.5,26.7,1.12,58.72,95.29,16.2,,,22.2,22.7,22.0,-23.91,0.85,40.69,0,0,0,0,0,0,0,"[0, 0, 224]",,,,,,,,,,2,,
2026-07-13 05:24:18.911676,,2,23.7,25.5,26.7,0.85,59.03,97.17,16.2,,,22.2,22.7,22.0,-23.91,0.82,40.53,0,0,0,0,0,0,0,"[0, 0, 224]",,,,,,,,,,2,,
2026-07-13 05:24:19.015925,,2,23.7,25.5,26.7,0.88,58.76,95.56,16.2,,,22.2,22.7,22.0,-23.91,0.92,40.8,0,0,0,0,0,0,0,"[0, 0, 224]",,,,,,,,,,2,,
2026-07-13 05:24:19.120646,,2,23.7,25.5,26.7,0.85,58.72,95.7,16.2,,,22.2,22.7,22.0,-23.91,1.02,40.59,0,0,0,0,0,0,0,"[0, 0, 224]",,,,,,,,,,2,,
2026-07-13 05:24:19.224561,,2,23.7,25.5,26.7,0.78,58.62,97.85,16.2,,,22.2,22.7,22.0,-23.91,1.32,40.43,0,0,0,0,0,0,0,"[0, 0, 224]",,,,,,,,,,2,,
2026-07-13 05:24:19.331418,,2,23.7,25.5,26.7,1.02,58.96,95.97,16.2,,,22.2,22.7,22.0,-23.91,1.08,40.83,0,0,0,0,0,0,0,"[0, 0, 224]",,,,,,,,,,2,,
2026-07-13 05:24:19.435738,,2,23.7,25.5,26.7,0.75,59.16,95.7,16.2,,,22.2,22.7,22.0,-23.91,1.42,40.36,0,0,0,0,0,0,0,"[0, 0, 224]",,,,,,,,,,2,,
2026-07-13 05:24:19.541180,,2,23.7,25.5,26.7,1.29,59.06,97.04,16.2,,,22.2,22.7,22.0,-23.91,1.29,40.49,0,0,0,0,0,0,0,"[0, 0, 224]",,,,,,,,,,2,,
2026-07-13 05:24:19.646292,,2,23.7,25.5,26.7,1.19,59.19,96.1,16.2,,,22.2,22.7,22.0,-23.91,1.35,40.26,0,0,0,0,0,0,0,"[0, 0, 224]",,,,,,,,,,2,,
2026-07-13 05:24:19.750398,,2,23.7,25.5,26.7,1.25,58.72,96.77,16.2,,,22.2,22.7,22.0,-23.91,0.85,40.29,0,0,0,0,0,0,0,"[0, 0, 224]",,,,,,,,,,2,,
2026-07-13 05:24:19.862213,,2,23.7,25.5,26.7,1.15,58.56,95.56,16.2,,,22.2,22.7,22.0,-23.91,1.12,40.73,0,0,0,0,0,0,0,"[0, 0, 224]",,,,,,,,,,2,,
2026-07-13 05:24:19.966661,,2,23.7,25.5,26.7,1.22,59.23,96.5,16.2,,,22.2,22.7,22.0,-23.91,1.35,40.8,0,0,0,0,0,0,0,"[0, 0, 224]",,,,,,,,,,2,,
2026-07-13 05:24:20.070534,,2,23.7,25.5,26.7,1.49,58.82,98.79,16.2,,,22.2,22.7,22.0,-23.91,0.82,40.19,0,0,0,0,0,0,0,"[0, 0, 224]",,,,,,,,,,2,,
2026-07-13 05:24:20.174918,,2,23.7,25.5,26.7,1.45,59.09,96.91,16.2,,,22.2,22.7,22.0,-23.91,1.42,40.29,0,0,0,0,0,0,0,"[0, 0, 224]",,,,,,,,,,2,,
2026-07-13 05:24:20.281366,,2,23.7,25.5,26.7,0.98,59.09,96.64,16.2,,,22.2,22.7,22.0,-23.91,1.12,40.8,0,0,0,0,0,0,0,"[0, 0, 224]",,,,,,,,,,2,,
2026-07-13 05:24:20.385618,,2,23.7,25.5,26.7,0.72,59.06,96.37,16.2,,,22.2,22.7,22.0,-23.91,0.78,40.73,0,0,0,0,0,0,0,"[0, 0, 224]",,,,,,,,,,2,,
2026-07-13 05:24:20.489475,,2,23.7,25.5,26.7,0.78,58.82,97.04,16.2,,,22.2,22.7,22.0,-23.91,0.85,40.76,0,0,0,0,0,0,0,"[0, 0, 224]",,,,,,,,,,2,,
2026-07-13 05:24:20.593202,,2,23.7,25.5,26.7,1.25,59.06,95.83,16.2,,,22.2,22.7,22.0,-23.91,0.75,40.86,0,0,0,0,0,0,0,"[0, 0, 224]",,,,,,,,,,2,,
2026-07-13 05:24:20.697255,,2,23.7,25.5,26.7,0.95,58.32,95.83,16.2,,,22.2,22.7,22.0,-23.91,0.72,40.83,0,0,0,0,0,0,0,"[0, 0, 224]",,,,,,,,,,2,,
2026-07-13 05:24:20.801395,,2,23.7,25.5,26.7,1.52,58.92,96.1,16.2,,,22.2,22.7,22.0,-23.91,1.45,40.26,0,0,0,0,0,0,0,"[0, 0, 224]",,,,,,,,,,2,,
2026-07-13 05:24:20.905922,,2,23.7,25.5,26.7,1.45,59.23,95.56,16.2,,,22.2,22.7,22.0,-23.91,0.72,40.83,0,0,0,0,0,0,0,"[0, 0, 224]",,,,,,,,,,2,,
2026-07-13 05:24:21.010562,,2,23.7,25.5,26.7,1.55,59.09,97.31,16.2,,,22.2,22.7,22.0,-23.91,1.32,40.8,0,0,0,0,0,0,0,"[0, 0, 224]",,,,,,,,,,2,,
2026-07-13 05:24:21.116928,,2,23.7,25.5,26.7,1.22,58.86,97.17,16.2,,,22.2,22.7,22.0,-23.91,1.35,40.46,0,0,0,0,0,0,0,"[0, 0, 224]",,,,,,,,,,2,,
2026-07-13 05:24:21.221257,,2,23.7,25.5,26.7,1.08,58.99,94.89,16.2,,,22.2,22.7,22.0,-23.91,0.85,40.76,0,0,0,0,0,0,0,"[0, 0, 224]",,,,,,,,,,2,,
2026-07-13 05:24:21.328289,,2,23.7,25.5,26.7,1.25,59.09,97.04,16.2,,,22.2,22.7,22.0,-23.91,0.88,40.59,0,0,0,0,0,0,0,"[0, 0, 224]",,,,,,,,,,2,,
2026-07-13 05:24:21.433429,,2,23.7,25.5,26.7,1.29,58.79,97.98,16.2,,,22.2,22.7,22.0,-23.91,0.88,40.83,0,0,0,0,0,0,0,"[0, 0, 224]",,,,,,,,,,2,,
2026-07-13 05:24:21.537347,,2,23.7,25.5,26.7,1.02,58.92,95.97,16.2,,,22.2,22.7,22.0,-23.91,0.75,40.59,0,0,0,0,0,0,0,"[0, 0, 224]",,,,,,,,,,2,,
2026-07-13 05:24:21.643493,,2,23.7,25.5,26.7,1.62,59.19,97.04,16.2,,,22.2,22.7,22.0,-23.91,1.39,40.56,0,0,0,0,0,0,0,"[0, 0, 224]",,,,,,,,,,2,,
2026-07-13 05:24:21.748840,,2,23.7,25.5,26.7,1.25,58.62,97.17,16.2,,,22.2,22.7,22.0,-23.91,1.35,40.56,0,0,0,0,0,0,0,"[0, 0, 224]",,,,,,,,,,2,,
2026-07-13 05:24:21.861544,,2,23.7,25.5,26.7,1.55,58.72,95.56,16.2,,,22.2,22.7,22.0,-23.91,0.95,40.83,0,0,0,0,0,0,0,"[0, 0, 224]",,,,,,,,,,2,,
2026-07-13 05:24:21.966395,,2,23.7,25.5,26.7,1.12,58.99,96.37,16.2,,,22.2,22.7,22.0,-23.91,1.29,40.39,0,0,0,0,0,0,0,"[0, 0, 224]",,,,,,,,,,2,,
2026-07-13 05:24:22.070792,,2,23.7,25.5,26.7,1.08,58.79,96.37,16.2,,,22.2,22.7,22.0,-23.91,0.78,40.86,0,0,0,0,0,0,0,"[0, 0, 224]",,,,,,,,,,2,,
2026-07-13 05:24:22.178258,,2,23.7,25.5,26.7,1.45,59.39,96.5,16.2,,,22.2,22.7,22.0,-23.91,1.19,40.59,0,0,0,0,0,0,0,"[0, 0, 224]",,,,,,,,,,2,,
2026-07-13 05:24:22.282684,,2,23.7,25.5,26.7,1.02,58.79,95.97,16.2,,,22.2,22.7,22.0,-23.91,0.92,40.29,0,0,0,0,0,0,0,"[0, 0, 224]",,,,,,,,,,2,,
2026-07-13 05:24:22.387287,,2,23.7,25.5,26.7,1.52,59.06,96.1,16.2,,,22.2,22.7,22.0,-23.91,0.95,40.83,0,0,0,0,0,0,0,"[0, 0, 224]",,,,,,,,,,2,,
2026-07-13 05:24:22.491152,,2,23.7,25.5,26.7,1.52,59.06,97.58,16.2,,,22.2,22.7,22.0,-23.91,1.22,40.76,0,0,0,0,0,0,0,"[0, 0, 224]",,,,,,,,,,2,,
2026-07-13 05:24:22.594939,,2,23.7,25.5,26.7,1.52,58.92,96.23,16.2,,,22.2,22.7,22.0,-23.91,1.12,40.36,0,0,0,0,0,0,0,"[0, 0, 224]",,,,,,,,,,2,,
2026-07-13 05:24:22.699162,,2,23.7,25.5,26.7,1.25,59.33,96.23,16.2,,,22.2,22.7,22.0,-23.91,0.82,40.69,0,0,0,0,0,0,0,"[0, 0, 224]",,,,,,,,,,2,,
2026-07-13 05:24:22.803237,,2,23.7,25.5,26.7,1.15,58.79,96.5,16.2,,,22.2,22.7,22.0,-23.91,1.08,40.39,0,0,0,0,0,0,0,"[0, 0, 224]",,,,,,,,,,2,,
2026-07-13 05:24:22.913949,,2,23.7,25.5,26.7,1.02,58.99,95.97,16.2,,,22.2,22.7,22.0,-23.91,0.85,40.26,0,0,0,0,0,0,0,"[0, 0, 224]",,,,,,,,,,2,,
2026-07-13 05:24:23.023010,,2,23.7,25.5,26.7,1.15,59.09,97.58,16.2,,,22.2,22.7,22.0,-23.91,0.78,40.73,0,0,0,0,0,0,0,"[0, 0, 224]",,,,,,,,,,2,,
2026-07-13 05:24:23.129351,,2,23.7,25.5,26.7,1.72,58.82,97.44,16.2,,,22.2,22.7,22.0,-23.91,0.95,40.36,0,0,0,0,0,0,0,"[0, 0, 224]",,,,,,,,,,2,,
2026-07-13 05:24:23.232971,,2,23.7,25.5,26.7,0.98,58.89,95.56,16.2,,,22.2,22.7,22.0,-23.91,1.19,40.9,0,0,0,0,0,0,0,"[0, 0, 224]",,,,,,,,,,2,,
2026-07-13 05:24:23.336682,,2,23.7,25.5,26.7,1.02,59.23,97.44,16.2,,,22.2,22.7,22.0,-23.91,1.39,40.83,0,0,0,0,0,0,0,"[0, 0, 224]",,,,,,,,,,2,,
2026-07-13 05:24:23.440771,,2,23.7,25.5,26.7,0.75,58.56,95.83,16.2,,,22.2,22.7,22.0,-23.91,1.32,40.69,0,0,0,0,0,0,0,"[0, 0, 224]",,,,,,,,,,2,,
2026-07-13 05:24:23.545422,,2,23.7,25.5,26.7,1.08,58.82,97.31,16.2,,,22.2,22.7,22.0,-23.91,1.32,40.22,0,0,0,0,0,0,0,"[0, 0, 224]",,,,,,,,,,2,,
2026-07-13 05:24:23.649800,,2,23.7,25.5,26.7,1.02,59.09,96.5,16.2,,,22.2,22.7,22.0,-23.91,0.78,40.66,0,0,0,0,0,0,0,"[0, 0, 224]",,,,,,,,,,2,,
2026-07-13 05:24:23.755210,,2,23.7,25.5,26.7,1.15,59.03,95.97,16.2,,,22.2,22.7,22.0,-23.91,1.39,40.33,0,0,0,0,0,0,0,"[0, 0, 224]",,,,,,,,,,2,,
2026-07-13 05:24:23.868781,,2,23.7,25.5,26.7,0.92,59.13,97.17,16.2,,,22.2,22.7,22.0,-23.91,1.35,40.9,0,0,0,0,0,0,0,"[0, 0, 224]",,,,,,,,,,2,,
2026-07-13 05:24:23.989748,,2,23.7,25.5,26.7,1.08,58.99,96.5,16.2,,,22.2,22.7,22.0,-23.91,0.98,40.73,0,0,0,0,0,0,0,"[0, 0, 224]",,,,,,,,,,2,,
2026-07-13 05:24:24.104693,,2,23.7,25.5,26.7,1.66,58.99,96.5,16.2,,,22.2,22.7,22.0,-23.91,1.15,40.43,0,0,0,0,0,0,0,"[0, 0, 224]",,,,,,,,,,2,,
2026-07-13 05:24:24.215528,,2,23.7,25.5,26.7,1.12,59.23,96.1,16.2,,,22.2,22.7,22.0,-23.91,0.75,40.26,0,0,0,0,0,0,0,"[0, 0, 224]",,,,,,,,,,2,,
2026-07-13 05:24:24.325123,,2,23.7,25.5,26.7,0.95,58.86,95.43,16.2,,,22.2,22.7,22.0,-23.91,1.08,40.59,0,0,0,0,0,0,0,"[0, 0, 224]",,,,,,,,,,2,,
2026-07-13 05:24:24.435701,,2,23.7,25.5,26.7,1.25,59.26,97.31,16.2,,,22.2,22.7,22.0,-23.91,1.02,40.66,0,0,0,0,0,0,0,"[0, 0, 224]",,,,,,,,,,2,,
2026-07-13 05:24:24.545559,,2,23.7,25.5,26.7,1.29,58.89,95.03,16.2,,,22.2,22.7,22.0,-23.91,1.29,40.69,0,0,0,0,0,0,0,"[0, 0, 224]",,,,,,,,,,2,,
2026-07-13 05:24:24.656470,,2,23.7,25.5,26.7,1.15,58.99,95.03,16.2,,,22.2,22.7,22.0,-23.91,1.35,40.73,0,0,0,0,0,0,0,"[0, 0, 224]",,,,,,,,,,2,,
2026-07-13 05:24:24.766944,,2,23.7,25.5,26.7,1.39,59.26,96.1,16.2,,,22.2,22.7,22.0,-23.91,0.72,40.56,0,0,0,0,0,0,0,"[0, 0, 224]",,,,,,,,,,2,,
2026-07-13 05:24:24.885130,,2,23.7,25.5,26.7,1.19,58.89,96.91,16.2,,,22.2,22.7,22.0,-23.91,0.82,40.43,0,0,0,0,0,0,0,"[0, 0, 224]",,,,,,,,,,2,,
2026-07-13 05:24:25.001282,,2,23.7,25.5,26.7,1.45,58.79,98.11,16.2,,,22.2,22.7,22.0,-23.91,1.15,40.86,0,0,0,0,0,0,0,"[0, 0, 224]",,,,,,,,,,2,,
2026-07-13 05:24:25.114014,,2,23.7,25.5,26.7,1.39,59.09,95.7,16.2,,,22.2,22.7,22.0,-23.91,1.35,40.39,0,0,0,0,0,0,0,"[0, 0, 224]",,,,,,,,,,2,,
2026-07-13 05:24:25.224022,,2,23.7,25.5,26.7,0.95,58.62,97.44,16.2,,,22.2,22.7,22.0,-23.91,1.32,40.69,0,0,0,0,0,0,0,"[0, 0, 224]",,,,,,,,,,2,,
2026-07-13 05:24:25.333772,,2,23.7,25.5,26.7,1.12,58.76,96.64,16.2,,,22.2,22.7,22.0,-23.91,0.82,40.86,0,0,0,0,0,0,0,"[0, 0, 224]",,,,,,,,,,2,,
2026-07-13 05:24:25.444758,,2,23.7,25.5,26.7,1.02,59.06,95.56,16.2,,,22.2,22.7,22.0,-23.91,0.88,40.22,0,0,0,0,0,0,0,"[0, 0, 224]",,,,,,,,,,2,,
2026-07-13 05:24:25.555073,,2,23.7,25.5,26.7,1.39,58.99,95.29,16.2,,,22.2,22.7,22.0,-23.91,0.78,40.86,0,0,0,0,0,0,0,"[0, 0, 224]",,,,,,,,,,2,,
2026-07-13 05:24:25.665216,,2,23.7,25.5,26.7,0.98,58.86,96.1,16.2,,,22.2,22.7,22.0,-23.91,1.39,40.86,0,0,0,0,0,0,0,"[0, 0, 224]",,,,,,,,,,2,,
2026-07-13 05:24:25.775274,,2,23.7,25.5,26.7,0.98,58.62,97.71,16.2,,,22.2,22.7,22.0,-23.91,1.29,40.29,0,0,0,0,0,0,0,"[0, 0, 224]",,,,,,,,,,2,,
2026-07-13 05:24:25.887154,,2,23.7,25.5,26.7,1.12,59.13,96.64,16.2,,,22.2,22.7,22.0,-23.91,1.12,40.59,0,0,0,0,0,0,0,"[0, 0, 224]",,,,,,,,,,2,,
2026-07-13 05:24:26.007412,,2,23.7,25.5,26.7,1.05,59.13,95.43,16.2,,,22.2,22.7,22.0,-23.91,1.29,40.29,0,0,0,0,0,0,0,"[0, 0, 224]",,,,,,,,,,2,,
2026-07-13 05:24:26.119016,,2,23.7,25.5,26.7,1.25,58.99,96.23,16.2,,,22.2,22.7,22.0,-23.91,0.98,40.69,0,0,0,0,0,0,0,"[0, 0, 224]",,,,,,,,,,2,,
2026-07-13 05:24:26.231799,,2,23.7,25.5,26.7,1.29,59.06,97.44,16.2,,,22.2,22.7,22.0,-23.91,0.98,40.83,0,0,0,0,0,0,0,"[0, 0, 224]",,,,,,,,,,2,,
2026-07-13 05:24:26.342118,,2,23.7,25.5,26.7,1.08,58.79,96.23,16.2,,,22.2,22.7,22.0,-23.91,1.12,40.66,0,0,0,0,0,0,0,"[0, 0, 224]",,,,,,,,,,2,,
2026-07-13 05:24:26.452551,,2,23.7,25.5,26.7,1.12,58.86,96.64,16.2,,,22.2,22.7,22.0,-23.91,1.42,40.66,0,0,0,0,0,0,0,"[0, 0, 224]",,,,,,,,,,2,,
2026-07-13 05:24:26.562661,,2,23.7,25.5,26.7,0.58,58.72,96.1,16.2,,,22.2,22.7,22.0,-23.91,1.05,40.63,0,0,0,0,0,0,0,"[0, 0, 224]",,,,,,,,,,2,,
2026-07-13 05:24:26.673236,,2,23.7,25.5,26.7,1.22,58.99,96.64,16.2,,,22.2,22.7,22.0,-23.91,0.72,40.53,0,0,0,0,0,0,0,"[0, 0, 224]",,,,,,,,,,2,,
2026-07-13 05:24:26.783881,,2,23.7,25.5,26.7,1.35,59.26,97.17,16.2,,,22.2,22.7,22.0,-23.91,1.08,40.36,0,0,0,0,0,0,0,"[0, 0, 224]",,,,,,,,,,2,,
2026-07-13 05:24:26.894241,,2,23.7,25.5,26.7,1.08,58.82,95.56,16.2,,,22.2,22.7,22.0,-23.91,0.95,40.56,0,0,0,0,0,0,0,"[0, 0, 224]",,,,,,,,,,2,,
2026-07-13 05:24:27.010163,,2,23.7,25.5,26.7,1.35,58.82,96.5,16.2,,,22.2,22.7,22.0,-23.91,0.88,40.63,0,0,0,0,0,0,0,"[0, 0, 224]",,,,,,,,,,2,,
2026-07-13 05:24:27.121069,,2,23.7,25.5,26.7,1.15,59.03,96.64,16.2,,,22.2,22.7,22.0,-23.91,1.25,40.29,0,0,0,0,0,0,0,"[0, 0, 224]",,,,,,,,,,2,,
2026-07-13 05:24:27.235650,,2,23.7,25.5,26.7,1.15,59.16,97.44,16.2,,,22.2,22.7,22.0,-23.91,1.35,40.93,0,0,0,0,0,0,0,"[0, 0, 224]",,,,,,,,,,2,,
2026-07-13 05:24:27.345992,,2,23.7,25.5,26.7,0.85,59.39,97.85,16.2,,,22.2,22.7,22.0,-23.91,0.72,40.73,0,0,0,0,0,0,0,"[0, 0, 224]",,,,,,,,,,2,,
2026-07-13 05:24:27.455916,,2,23.7,25.5,26.7,0.95,58.99,97.17,16.2,,,22.2,22.7,22.0,-23.91,1.05,40.86,0,0,0,0,0,0,0,"[0, 0, 224]",,,,,,,,,,2,,
2026-07-13 05:24:27.566579,,2,23.7,25.5,26.7,1.05,59.43,95.16,16.2,,,22.2,22.7,22.0,-23.91,1.32,40.86,0,0,0,0,0,0,0,"[0, 0, 224]",,,,,,,,,,2,,
2026-07-13 05:24:27.677320,,2,23.7,25.5,26.7,1.12,58.82,95.29,16.2,,,22.2,22.7,22.0,-23.91,1.22,40.49,0,0,0,0,0,0,0,"[0, 0, 224]",,,,,,,,,,2,,
2026-07-13 05:24:27.788040,,2,23.7,25.5,26.7,1.19,59.36,97.17,16.2,,,22.2,22.7,22.0,-23.91,1.15,40.9,0,0,0,0,0,0,0,"[0, 0, 224]",,,,,,,,,,2,,
2026-07-13 05:24:27.910515,,2,23.7,25.5,26.7,1.12,58.69,96.5,16.2,,,22.2,22.7,22.0,-23.91,0.72,40.33,0,0,0,0,0,0,0,"[0, 0, 224]",,,,,,,,,,2,,
2026-07-13 05:24:28.021754,,2,23.7,25.5,26.7,1.15,58.99,95.83,16.2,,,22.2,22.7,22.0,-23.91,0.82,40.9,0,0,0,0,0,0,0,"[0, 0, 224]",,,,,,,,,,2,,
2026-07-13 05:24:28.132355,,2,23.7,25.5,26.7,1.12,59.03,94.62,16.2,,,22.2,22.7,22.0,-23.91,1.25,40.43,0,0,0,0,0,0,0,"[0, 0, 224]",,,,,,,,,,2,,
2026-07-13 05:24:28.246636,,2,23.7,25.5,26.7,1.32,58.79,95.29,16.2,,,22.2,22.7,22.0,-23.91,1.42,40.83,0,0,0,0,0,0,0,"[0, 0, 224]",,,,,,,,,,2,,
2026-07-13 05:24:28.357529,,2,23.7,25.5,26.7,1.08,59.19,96.64,16.2,,,22.2,22.7,22.0,-23.91,1.35,40.76,0,0,0,0,0,0,0,"[0, 0, 224]",,,,,,,,,,2,,
2026-07-13 05:24:28.467545,,2,23.7,25.5,26.7,0.61,59.16,96.91,16.2,,,22.2,22.7,22.0,-23.91,0.75,40.83,0,0,0,0,0,0,0,"[0, 0, 224]",,,,,,,,,,2,,
2026-07-13 05:24:28.577546,,2,23.7,25.5,26.7,0.51,58.76,95.43,16.2,,,22.2,22.7,22.0,-23.91,0.88,40.76,0,0,0,0,0,0,0,"[0, 0, 224]",,,,,,,,,,2,,
2026-07-13 05:24:28.687550,,2,23.7,25.5,26.7,1.08,58.99,95.83,16.2,,,22.2,22.7,22.0,-23.91,0.95,40.49,0,0,0,0,0,0,0,"[0, 0, 224]",,,,,,,,,,2,,
2026-07-13 05:24:28.797894,,2,23.7,25.5,26.7,1.19,59.26,95.03,16.2,,,22.2,22.7,22.0,-23.91,1.22,40.59,0,0,0,0,0,0,0,"[0, 0, 224]",,,,,,,,,,2,,
2026-07-13 05:24:28.922757,,2,23.7,25.5,26.7,1.35,58.89,95.83,16.2,,,22.2,22.7,22.0,-23.91,1.15,40.59,0,0,0,0,0,0,0,"[0, 0, 224]",,,,,,,,,,2,,
2026-07-13 05:24:29.032433,,2,23.7,25.5,26.7,0.75,59.29,97.58,16.2,,,22.2,22.7,22.0,-23.91,1.25,40.76,0,0,0,0,0,0,0,"[0, 0, 224]",,,,,,,,,,2,,
2026-07-13 05:24:29.142813,,2,23.7,25.5,26.7,0.95,58.45,96.1,16.2,,,22.2,22.7,22.0,-23.91,1.32,40.39,0,0,0,0,0,0,0,"[0, 0, 224]",,,,,,,,,,2,,
2026-07-13 05:24:29.254916,,2,23.7,25.5,26.7,1.25,59.39,93.82,16.2,,,22.2,22.7,22.0,-23.91,0.82,40.76,0,0,0,0,0,0,0,"[0, 0, 224]",,,,,,,,,,2,,
2026-07-13 05:24:29.365057,,2,23.7,25.5,26.7,1.49,59.03,95.29,16.2,,,22.2,22.7,22.0,-23.91,0.82,40.33,0,0,0,0,0,0,0,"[0, 0, 224]",,,,,,,,,,2,,
2026-07-13 05:24:29.474490,,2,23.7,25.5,26.7,1.15,59.13,95.29,16.2,,,22.2,22.7,22.0,-23.91,1.35,40.33,0,0,0,0,0,0,0,"[0, 0, 224]",,,,,,,,,,2,,
2026-07-13 05:24:29.583868,,2,23.7,25.5,26.7,1.15,58.79,94.22,16.2,,,22.2,22.7,22.0,-23.91,1.32,40.36,0,0,0,0,0,0,0,"[0, 0, 224]",,,,,,,,,,2,,
2026-07-13 05:24:29.693745,,2,23.7,25.5,26.7,1.62,58.82,96.5,16.2,,,22.2,22.7,22.0,-23.91,1.45,40.9,0,0,0,0,0,0,0,"[0, 0, 224]",,,,,,,,,,2,,
2026-07-13 05:24:29.803653,,2,23.7,25.5,26.7,1.15,59.13,96.77,16.2,,,22.2,22.7,22.0,-23.91,1.29,40.86,0,0,0,0,0,0,0,"[0, 0, 224]",,,,,,,,,,2,,
2026-07-13 05:24:29.914162,,2,23.7,25.5,26.7,1.25,59.16,97.71,16.2,,,22.2,22.7,22.0,-23.91,1.35,40.86,0,0,0,0,0,0,0,"[0, 0, 224]",,,,,,,,,,2,,
2026-07-13 05:24:30.024042,,2,23.7,25.5,26.7,1.42,58.86,95.56,16.2,,,22.2,22.7,22.0,-23.91,0.88,40.43,0,0,0,0,0,0,0,"[0, 0, 224]",,,,,,,,,,2,,
2026-07-13 05:24:30.134591,,2,23.7,25.5,26.7,1.32,58.99,96.23,16.2,,,22.2,22.7,22.0,-23.91,0.75,40.9,0,0,0,0,0,0,0,"[0, 0, 224]",,,,,,,,,,2,,
2026-07-13 05:24:30.244489,,3,23.7,25.5,26.7,1.25,58.45,97.04,16.2,,,22.2,22.7,22.0,-23.91,0.88,40.63,0,0,0,0,0,0,0,"[0, 0, 224]",,,,,,,,,,1,,
2026-07-13 05:24:30.357496,,3,23.7,25.5,26.7,1.35,59.53,95.29,16.2,,,22.2,22.7,22.0,-23.91,0.75,40.9,0,0,0,0,0,0,0,"[0, 0, 224]",,,,,,,,,,1,,
2026-07-13 05:24:30.469184,,3,23.7,25.5,26.7,1.52,58.89,96.1,16.2,,,22.2,22.7,22.0,-23.91,0.75,40.66,0,0,0,0,0,0,0,"[0, 0, 224]",,,,,,,,,,1,,
2026-07-13 05:24:30.578872,,3,23.7,25.5,26.7,0.65,59.26,96.64,16.2,,,22.2,22.7,22.0,-23.91,1.08,40.63,0,0,0,0,0,0,0,"[0, 0, 224]",,,,,,,,,,1,,
2026-07-13 05:24:30.688750,,3,23.7,25.5,26.7,0.78,58.89,95.43,16.2,,,22.2,22.7,22.0,-23.91,1.29,40.93,0,0,0,0,0,0,0,"[0, 0, 224]",,,,,,,,,,1,,
2026-07-13 05:24:30.798872,,3,23.7,25.5,26.7,0.82,58.59,94.49,16.2,,,22.2,22.7,22.0,-23.91,1.29,40.83,0,0,0,0,0,0,0,"[0, 0, 224]",,,,,,,,,,1,,
2026-07-13 05:24:30.911529,,3,23.7,25.5,26.7,1.29,59.03,96.37,16.2,,,22.2,22.7,22.0,-23.91,0.85,40.46,0,0,0,0,0,0,0,"[0, 0, 224]",,,,,,,,,,1,,
2026-07-13 05:24:31.021945,,3,23.7,25.5,26.7,0.85,59.23,93.28,16.2,,,22.2,22.7,22.0,-23.91,1.22,40.43,0,0,0,0,0,0,0,"[0, 0, 224]",,,,,,,,,,1,,
2026-07-13 05:24:31.132473,,3,23.7,25.5,26.7,1.42,58.52,97.31,16.2,,,22.2,22.7,22.0,-23.91,0.72,40.36,0,0,0,0,0,0,0,"[0, 0, 224]",,,,,,,,,,1,,
2026-07-13 05:24:31.243061,,3,23.7,25.5,26.7,1.15,58.59,96.5,16.2,,,22.2,22.7,22.0,-23.91,0.72,40.53,0,0,0,0,0,0,0,"[0, 0, 224]",,,,,,,,,,1,,
2026-07-13 05:24:31.356580,,3,23.7,25.5,26.7,0.75,59.39,94.62,16.2,,,22.2,22.7,22.0,-23.91,1.42,40.36,0,0,0,0,0,0,0,"[0, 0, 224]",,,,,,,,,,1,,
2026-07-13 05:24:31.467842,,3,23.7,25.5,26.7,0.75,58.99,95.56,16.2,,,22.2,22.7,22.0,-23.91,0.72,38.11,0,0,0,0,0,0,0,"[0, 0, 224]",,,,,,,,,,1,,
2026-07-13 05:24:31.578504,,3,23.7,25.5,26.7,1.02,58.76,97.58,16.2,,,22.2,22.7,22.0,-23.91,1.29,34.12,0,0,0,0,0,0,0,"[0, 0, 224]",,,,,,,,,,1,,
2026-07-13 05:24:31.688749,,3,23.7,25.5,26.7,4.71,58.82,93.41,16.2,,,22.2,22.7,22.0,-23.91,1.35,32.47,0,1,0,0,1,0,0,"[0, 0, 224]",,,,,,,,,,1,,
2026-07-13 05:24:31.799272,,3,23.7,25.5,26.7,4.24,59.33,96.64,16.2,,,22.2,22.7,22.0,-23.91,0.95,31.53,0,1,0,0,1,0,0,"[0, 0, 224]",,,,,,,,,,1,,
2026-07-13 05:24:31.910804,,3,23.7,25.5,26.7,5.08,58.66,93.95,16.2,,,22.2,22.7,22.0,-23.91,0.88,29.95,0,1,0,0,1,0,0,"[0, 0, 224]",,,,,,,,,,1,,
2026-07-13 05:24:32.022094,,3,23.7,25.5,26.7,15.86,53.02,95.29,16.2,,,22.2,22.7,22.0,-23.91,12.9,29.25,0,1,0,0,1,0,0,"[0, 0, 224]",,,,,,,,,,1,,
2026-07-13 05:24:32.132586,,3,23.7,25.5,26.7,16.02,55.0,94.35,16.2,,,22.2,22.7,22.0,-23.91,15.15,29.21,0,1,0,0,1,0,0,"[0, 0, 224]",,,,,,,,,,1,,
2026-07-13 05:24:32.243212,,3,23.7,25.5,26.7,16.56,53.32,93.55,16.2,,,22.2,22.7,22.0,-23.91,19.38,28.24,0,1,0,0,1,0,0,"[0, 0, 224]",,,,,,,,,,1,,
2026-07-13 05:24:32.354838,,3,23.7,25.5,26.7,16.22,51.91,95.43,16.2,,,22.2,22.7,22.0,-23.91,16.93,28.51,0,1,0,0,1,0,0,"[0, 0, 224]",,,,,,,,,,1,,
2026-07-13 05:24:32.468120,,3,23.7,25.7,26.7,15.82,50.87,96.64,16.2,,,22.2,22.7,22.0,-23.91,16.06,27.94,0,1,0,0,1,0,0,"[0, 0, 224]",,,,,,,,,,1,,
2026-07-13 05:24:32.580394,,3,23.7,25.7,26.7,16.69,49.12,94.35,16.2,,,22.2,22.7,22.0,-23.91,15.72,27.23,0,1,0,0,1,0,0,"[0, 0, 224]",,,,,,,,,,1,,
2026-07-13 05:24:32.690781,,3,23.7,25.7,26.7,16.53,48.42,97.44,16.2,,,22.2,22.7,22.0,-23.91,15.32,27.47,0,1,0,0,1,0,0,"[0, 0, 224]",,,,,,,,,,1,,
2026-07-13 05:24:32.801367,,3,23.7,25.7,26.7,14.88,47.14,93.55,16.2,,,22.2,22.7,22.0,-23.91,14.41,27.27,0,1,0,0,1,0,0,"[0, 0, 224]",,,,,,,,,,1,,
2026-07-13 05:24:32.911670,,3,23.7,25.7,26.7,15.45,46.37,93.82,16.2,,,22.2,22.7,22.0,-23.91,14.04,26.83,0,1,0,0,1,0,0,"[0, 0, 224]",,,,,,,,,,1,,
2026-07-13 05:24:33.022231,,3,23.7,25.7,26.7,16.59,45.53,95.43,16.2,,,22.2,22.7,22.0,-23.91,13.98,26.66,0,1,0,0,1,0,0,"[0, 0, 224]",,,,,,,,,,1,,
2026-07-13 05:24:33.132217,,3,23.7,25.7,26.7,18.27,44.66,93.68,16.2,,,22.2,22.7,22.0,-23.91,12.97,26.73,0,1,0,0,1,0,0,"[0, 0, 224]",,,,,,,,,,1,,
2026-07-13 05:24:33.242004,,3,23.7,25.7,26.7,19.88,43.05,95.43,16.2,,,22.2,22.7,22.0,-23.91,9.85,26.63,0,1,0,0,1,0,0,"[0, 0, 224]",,,,,,,,,,1,,
2026-07-13 05:24:33.358163,,3,23.7,25.7,26.7,19.25,43.28,94.35,16.2,,,22.2,22.7,22.0,-23.91,8.87,26.83,0,1,0,0,1,0,0,"[0, 0, 224]",,,,,,,,,,1,,
2026-07-13 05:24:33.471749,,3,23.7,25.7,26.7,19.18,42.74,95.97,16.2,,,22.2,22.7,22.0,-23.91,8.07,26.93,0,1,0,0,1,0,0,"[0, 0, 224]",,,,,,,,,,1,,
2026-07-13 05:24:33.584982,,3,23.7,25.7,26.7,19.41,42.31,96.64,16.2,,,22.2,22.7,22.0,-23.91,7.4,26.6,0,1,0,0,1,0,0,"[0, 0, 224]",,,,,,,,,,1,,
2026-07-13 05:24:33.697878,,3,23.7,25.7,26.7,19.48,41.47,96.5,16.2,,,22.2,22.7,22.0,-23.91,6.82,27.0,0,1,0,0,1,0,0,"[0, 0, 224]",,,,,,,,,,1,,
2026-07-13 05:24:33.810516,,3,23.7,25.7,26.7,20.55,41.54,96.5,16.2,,,22.2,22.7,22.0,-23.91,7.33,27.33,0,1,0,0,1,0,0,"[0, 0, 224]",,,,,,,,,,1,,
2026-07-13 05:24:33.923320,,3,23.7,25.7,26.7,21.49,40.9,94.89,16.2,,,22.2,22.7,22.0,-23.91,6.49,27.03,0,1,0,0,1,0,0,"[0, 0, 224]",,,,,,,,,,1,,
2026-07-13 05:24:34.036032,,3,23.7,25.7,26.7,24.01,40.46,96.5,16.2,,,22.2,22.7,22.0,-23.91,6.15,27.47,0,1,0,0,1,0,0,"[0, 0, 224]",,,,,,,,,,1,,
2026-07-13 05:24:34.149800,,3,23.7,25.7,26.7,24.82,40.29,95.16,16.5,,,22.2,22.7,22.0,-23.91,5.95,27.67,0,1,0,0,1,0,0,"[0, 0, 224]",,,,,,,,,,1,,
2026-07-13 05:24:34.263070,,3,23.7,25.7,26.7,25.46,39.82,93.41,16.5,,,22.2,22.7,22.0,-23.91,5.52,28.04,0,1,0,0,1,0,0,"[0, 0, 224]",,,,,,,,,,1,,
2026-07-13 05:24:34.376400,,3,23.7,25.7,26.7,25.46,39.49,95.56,16.5,,,22.2,22.7,22.0,-23.91,4.61,28.58,0,1,0,0,1,0,0,"[0, 0, 224]",,,,,,,,,,1,,
2026-07-13 05:24:34.489316,,3,23.7,25.7,26.7,16.33,39.62,93.41,16.5,,,22.2,22.7,22.0,-23.91,5.95,28.95,0,1,0,0,1,0,0,"[0, 0, 224]",,,,,,,,,,1,,
2026-07-13 05:24:34.602886,,3,23.7,25.7,26.5,7.93,39.79,94.22,16.5,,,22.2,22.7,22.0,-23.91,6.42,28.27,0,1,0,0,1,0,0,"[0, 0, 224]",,,,,,,,,,1,,
2026-07-13 05:24:34.716376,,3,23.7,25.7,26.5,7.66,39.59,94.76,16.5,,,22.2,22.7,22.0,-23.91,6.93,28.24,0,1,0,0,1,0,0,"[0, 0, 224]",,,,,,,,,,1,,
2026-07-13 05:24:34.829167,,3,23.7,25.7,26.5,7.83,39.92,94.62,16.5,,,22.2,22.7,22.0,-23.91,6.39,28.98,0,1,0,0,1,0,0,"[0, 0, 224]",,,,,,,,,,1,,
2026-07-13 05:24:34.942171,,3,23.7,25.7,26.5,8.27,39.49,92.88,16.5,,,22.2,22.7,22.0,-23.91,7.16,28.88,0,1,0,0,1,0,0,"[0, 0, 224]",,,,,,,,,,1,,
2026-07-13 05:24:35.056245,,3,23.7,25.7,26.5,7.4,40.33,96.77,16.5,,,22.2,22.7,22.0,-23.91,7.09,28.84,0,1,0,0,1,0,0,"[0, 0, 224]",,,,,,,,,,1,,
2026-07-13 05:24:35.169696,,3,23.7,25.7,26.5,9.04,39.79,92.07,16.5,,,22.2,22.7,22.0,-23.91,6.82,28.61,0,1,0,0,1,0,0,"[0, 0, 224]",,,,,,,,,,1,,
2026-07-13 05:24:35.282698,,3,23.7,25.5,26.5,7.76,40.43,93.82,16.5,,,22.2,22.7,22.0,-23.91,6.89,28.27,0,1,0,0,1,0,0,"[0, 0, 224]",,,,,,,,,,1,,
2026-07-13 05:24:35.395449,,3,23.7,25.5,26.5,8.87,39.59,93.28,16.5,,,22.2,22.7,22.0,-23.91,5.99,28.64,0,1,0,0,1,0,0,"[0, 0, 224]",,,,,,,,,,1,,
2026-07-13 05:24:35.508266,,3,23.7,25.5,26.5,7.53,39.76,93.28,17.7,,,22.2,22.7,22.0,-23.91,6.52,28.17,0,1,0,0,1,0,0,"[0, 0, 224]",,,,,,,,,,1,,
2026-07-13 05:24:35.621254,,3,23.7,25.5,26.5,15.49,39.92,95.43,17.7,,,22.2,22.7,22.0,-23.91,7.33,28.14,0,1,0,0,1,0,0,"[0, 0, 224]",,,,,,,,,,1,,
2026-07-13 05:24:35.734922,,3,23.7,25.5,26.5,15.35,39.42,92.74,17.7,,,22.2,22.7,22.0,-23.91,7.36,27.6,0,1,0,0,1,0,0,"[0, 0, 224]",,,,,,,,,,1,,
2026-07-13 05:24:35.855783,,3,23.7,25.5,26.5,15.49,39.35,95.43,17.7,,,22.2,22.7,22.0,-23.91,7.5,27.07,0,1,0,0,1,0,0,"[0, 0, 224]",,,,,,,,,,1,,
2026-07-13 05:24:35.968859,,3,23.7,25.5,26.5,14.24,38.78,92.21,17.7,,,22.2,22.7,22.0,-23.91,7.19,27.13,0,1,0,0,1,0,0,"[0, 0, 224]",,,,,,,,,,1,,
2026-07-13 05:24:36.082291,,3,23.7,25.5,26.5,14.24,39.09,96.23,17.7,,,22.2,22.7,22.0,-23.91,7.93,26.13,0,1,0,0,1,0,0,"[0, 0, 224]",,,,,,,,,,1,,
2026-07-13 05:24:36.196015,,3,23.7,25.5,26.5,14.41,38.72,95.56,17.7,,,22.2,22.7,22.0,-23.91,8.2,26.03,0,1,0,0,1,0,0,"[0, 0, 224]",,,,,,,,,,1,,
2026-07-13 05:24:36.309310,,3,23.7,25.5,26.5,14.11,38.55,93.82,17.7,,,22.2,22.7,22.0,-23.91,5.99,25.82,0,1,0,0,1,0,0,"[0, 0, 224]",,,,,,,,,,1,,
2026-07-13 05:24:36.422493,,3,23.7,25.5,26.5,11.99,38.08,94.76,17.7,,,22.2,22.7,22.0,-23.91,6.96,24.98,0,1,0,0,1,0,0,"[0, 0, 224]",,,,,,,,,,1,,
2026-07-13 05:24:36.536154,,3,23.7,25.5,26.5,11.59,37.84,93.01,17.7,,,22.2,22.7,22.0,-23.91,6.29,24.75,0,1,0,0,1,0,0,"[0, 0, 224]",,,,,,,,,,1,,
2026-07-13 05:24:36.649175,,3,23.7,25.5,26.5,11.22,38.04,94.89,17.7,,,22.2,22.7,22.0,-23.91,8.07,24.45,0,1,0,0,1,0,0,"[0, 0, 224]",,,,,,,,,,1,,
2026-07-13 05:24:36.762169,,3,23.7,25.5,26.5,10.79,38.21,94.35,17.7,,,22.2,22.7,22.0,-23.91,7.19,24.25,0,1,0,0,1,0,0,"[0, 0, 224]",,,,,,,,,,1,,
2026-07-13 05:24:36.886776,,3,23.7,25.5,26.5,10.32,37.68,95.7,17.7,,,22.2,22.7,22.0,-23.91,6.89,24.35,0,1,0,0,1,0,0,"[0, 0, 224]",,,,,,,,,,1,,
2026-07-13 05:24:37.009563,,3,23.7,25.5,26.5,11.63,37.68,93.95,17.7,,,22.2,22.7,22.0,-23.91,7.63,23.64,0,1,0,0,1,0,0,"[0, 0, 224]",,,,,,,,,,1,,
2026-07-13 05:24:37.123399,,3,23.7,25.5,26.5,10.22,37.24,92.34,19.7,,,22.2,22.7,22.0,-23.91,6.25,23.71,0,1,0,0,1,0,0,"[0, 0, 224]",,,,,,,,,,1,,
2026-07-13 05:24:37.236380,,3,23.7,25.5,26.5,8.44,36.74,95.56,19.7,,,22.2,22.7,22.0,-23.91,6.72,23.41,0,1,0,0,1,0,0,"[0, 0, 224]",,,,,,,,,,1,,
2026-07-13 05:24:37.350681,,3,23.7,25.5,26.5,9.58,36.7,94.76,19.7,,,22.2,22.7,22.0,-23.91,7.06,22.8,0,1,0,0,1,0,0,"[0, 0, 224]",,,,,,,,,,1,,
2026-07-13 05:24:37.464434,,3,23.7,25.5,26.5,8.64,36.6,92.61,19.7,,,22.2,22.7,22.0,-23.91,6.46,23.07,0,1,0,0,1,0,0,"[0, 0, 224]",,,,,,,,,,1,,
2026-07-13 05:24:37.578211,,3,23.7,25.5,26.5,8.97,36.77,94.22,19.7,,,22.2,22.7,22.0,-23.91,6.52,22.57,0,1,0,0,1,0,0,"[0, 0, 224]",,,,,,,,,,1,,
2026-07-13 05:24:37.691620,,3,23.7,25.5,26.5,9.48,36.27,92.21,19.7,,,22.2,22.7,21.7,-23.91,6.86,22.27,0,1,0,0,1,0,0,"[0, 0, 224]",,,,,,,,,,1,,
2026-07-13 05:24:37.805226,,3,23.7,25.5,26.5,7.53,35.63,95.97,19.7,,,22.2,22.7,21.7,-23.91,6.96,22.23,0,1,0,0,1,0,0,"[0, 0, 224]",,,,,,,,,,1,,
2026-07-13 05:24:37.918169,,3,23.7,25.5,26.5,7.53,36.27,93.55,19.7,,,22.2,22.7,21.7,-23.91,6.12,22.23,0,1,0,0,1,0,0,"[0, 0, 224]",,,,,,,,,,1,,
2026-07-13 05:24:38.032279,,3,23.7,25.5,26.5,6.76,35.96,91.53,19.7,,,22.2,22.7,21.7,-23.91,7.43,21.73,0,1,0,0,1,0,0,"[0, 0, 224]",,,,,,,,,,1,,
2026-07-13 05:24:38.145245,,3,23.7,25.2,26.5,6.52,35.46,93.82,19.7,,,22.2,22.7,21.7,-23.91,6.12,21.76,0,1,0,0,1,0,0,"[0, 0, 224]",,,,,,,,,,1,,
2026-07-13 05:24:38.258889,,3,23.7,25.2,26.5,9.04,35.22,92.61,19.7,,,22.2,22.7,21.7,-23.91,6.69,21.83,0,1,0,0,1,0,0,"[0, 0, 224]",,,,,,,,,,1,,
2026-07-13 05:24:38.372757,,3,23.7,25.2,26.5,7.03,35.53,92.34,19.7,,,22.2,22.7,21.7,-23.91,6.82,21.53,0,1,0,0,1,0,0,"[0, 0, 224]",,,,,,,,,,1,,
2026-07-13 05:24:38.486599,,3,23.7,25.2,26.5,6.79,35.19,93.15,19.7,,,22.2,22.7,21.7,-23.91,6.52,21.26,0,1,0,0,1,0,0,"[0, 0, 224]",,,,,,,,,,1,,
2026-07-13 05:24:38.600704,,3,23.7,25.2,26.5,7.13,34.79,92.21,19.7,,,22.2,22.7,21.7,-23.91,6.19,21.29,0,1,0,0,1,0,0,"[0, 0, 224]",,,,,,,,,,1,,
2026-07-13 05:24:38.713804,,64,23.7,25.2,26.5,6.93,34.69,93.68,19.7,,,22.2,22.7,21.7,-23.91,6.46,21.06,0,0,0,0,1,0,0,"[0, 0, 224]",,,,,,,,,,1,,
2026-07-13 05:24:38.827481,,64,23.7,25.2,26.5,7.83,34.25,91.53,19.7,,,22.0,22.7,21.7,-23.91,6.49,20.72,0,0,0,0,1,0,0,"[0, 0, 224]",,,,,,,,,,1,,
2026-07-13 05:24:38.940242,,64,23.7,25.2,26.5,6.32,34.08,93.15,19.7,,,22.0,22.7,21.7,-23.91,5.72,21.02,0,0,0,0,1,0,0,"[0, 0, 224]",,,,,,,,,,1,,
2026-07-13 05:24:39.053816,,64,23.7,25.2,26.5,2.06,34.02,94.76,19.7,,,22.0,22.7,21.7,-23.91,2.06,20.45,0,0,0,0,1,0,0,"[0, 0, 224]",,,,,,,,,,1,,
2026-07-13 05:24:39.167383,,64,23.7,25.2,26.5,2.13,33.92,94.22,19.7,,,22.0,22.7,21.7,-23.91,1.62,20.92,0,0,0,0,1,0,0,"[0, 0, 224]",,,,,,,,,,1,,
2026-07-13 05:24:39.280343,,64,23.5,25.2,26.5,1.99,34.42,92.07,19.7,,,22.0,22.7,21.7,-23.91,1.19,20.65,0,0,0,0,1,0,0,"[0, 0, 224]",,,,,,,,,,1,,
2026-07-13 05:24:39.393440,,64,23.5,25.2,26.5,2.16,33.78,92.61,19.7,,,22.0,22.7,21.7,-23.91,1.12,21.29,0,0,0,0,1,0,0,"[0, 0, 224]",,,,,,,,,,1,,
2026-07-13 05:24:39.515266,,64,23.5,25.2,26.5,1.62,34.15,92.21,19.7,,,22.0,22.7,21.7,-23.91,1.45,21.33,0,0,0,0,1,0,0,"[0, 0, 224]",,,,,,,,,,1,,
2026-07-13 05:24:39.628477,,64,23.5,25.2,26.5,1.62,34.45,94.49,19.7,,,22.0,22.7,21.7,-23.91,0.95,21.19,0,0,0,0,1,0,0,"[0, 0, 224]",,,,,,,,,,1,,
2026-07-13 05:24:39.741927,,64,23.5,25.2,26.5,1.66,34.59,93.55,19.7,,,22.0,22.7,21.7,-23.91,1.12,21.93,0,0,0,0,0,0,0,"[0, 0, 224]",,,,,,,,,,1,,
2026-07-13 05:24:39.866077,,64,23.5,25.2,26.5,1.55,34.79,94.22,19.7,,,22.0,22.7,21.7,-23.91,1.19,21.63,0,0,0,0,0,0,0,"[0, 0, 224]",,,,,,,,,,1,,
2026-07-13 05:24:39.980278,,64,23.5,25.2,26.5,1.22,34.25,95.29,22.0,,,22.0,22.7,21.7,-23.91,1.15,22.23,0,0,0,0,0,0,0,"[0, 0, 224]",,,,,,,,,,1,,
2026-07-13 05:24:40.094772,,64,23.5,25.2,26.5,1.66,34.86,93.15,22.0,,,22.0,22.7,21.7,-23.91,1.08,22.06,0,0,0,0,0,0,0,"[0, 0, 224]",,,,,,,,,,1,,
2026-07-13 05:24:40.209167,,64,23.5,25.2,26.5,2.02,34.96,93.01,22.0,,,22.0,22.7,21.7,-23.91,1.22,22.5,0,0,0,0,0,0,0,"[0, 0, 224]",,,,,,,,,,1,,
2026-07-13 05:24:40.319267,,64,23.5,25.2,26.5,1.39,34.05,92.74,22.0,,,22.0,22.7,21.7,-23.91,0.82,22.33,0,0,0,0,0,0,0,"[0, 0, 224]",,,,,,,,,,1,,
2026-07-13 05:24:40.426724,,64,23.5,25.2,26.0,1.92,34.52,94.22,22.0,,,22.0,22.7,21.7,-23.91,1.12,23.17,0,0,0,0,0,0,0,"[0, 0, 224]",,,,,,,,,,1,,
2026-07-13 05:24:40.534136,,64,23.5,25.2,26.0,1.45,35.06,91.4,22.0,,,22.0,22.7,21.7,-23.91,1.08,22.77,0,0,0,0,0,0,0,"[0, 0, 224]",,,,,,,,,,1,,
2026-07-13 05:24:40.641143,,64,23.5,25.2,26.0,1.45,35.12,91.53,22.0,,,22.0,22.7,21.7,-23.91,1.19,23.14,0,0,0,0,0,0,0,"[0, 0, 224]",,,,,,,,,,1,,
2026-07-13 05:24:40.747757,,64,23.5,25.2,26.0,1.69,34.96,91.13,22.0,,,22.0,22.7,21.7,-23.91,0.58,23.27,0,0,0,0,0,0,0,"[0, 0, 224]",,,,,,,,,,1,,
2026-07-13 05:24:40.859168,,64,23.5,25.2,26.0,1.69,34.72,94.35,22.0,,,22.0,22.7,21.7,-23.91,0.98,23.71,0,0,0,0,0,0,0,"[0, 0, 224]",,,,,,,,,,1,,
2026-07-13 05:24:40.966802,,64,23.5,25.2,26.0,1.39,34.99,93.68,22.0,,,22.0,22.7,21.7,-23.91,1.25,23.88,0,0,0,0,0,0,0,"[0, 0, 224]",,,,,,,,,,1,,
2026-07-13 05:24:41.074440,,64,23.5,25.2,26.0,1.66,34.82,93.41,22.0,,,22.0,22.7,21.7,-23.91,1.02,24.25,0,0,0,0,0,0,0,"[0, 0, 224]",,,,,,,,,,1,,
2026-07-13 05:24:41.181635,,64,23.5,25.2,26.0,1.69,35.39,94.22,22.0,,,22.0,22.7,21.7,-23.91,0.95,23.94,0,0,0,0,0,0,0,"[0, 0, 224]",,,,,,,,,,1,,
2026-07-13 05:24:41.288589,,64,23.5,25.2,26.0,1.39,35.46,91.53,22.0,,,22.0,22.7,21.7,-23.91,1.12,23.98,0,0,0,0,0,0,0,"[0, 0, 224]",,,,,,,,,,1,,
2026-07-13 05:24:41.396254,,64,23.5,25.2,26.0,1.52,35.22,92.34,22.0,,,22.0,22.7,21.7,-23.91,0.61,24.21,0,0,0,0,0,0,0,"[0, 0, 224]",,,,,,,,,,1,,
2026-07-13 05:24:41.503772,,64,23.5,25.2,26.0,1.49,35.76,92.74,22.0,,,22.0,22.7,21.7,-23.91,0.58,24.95,0,0,0,0,0,0,0,"[0, 0, 224]",,,,,,,,,,1,,
2026-07-13 05:24:41.610561,,64,23.5,25.2,26.0,1.42,35.36,92.61,22.0,,,22.0,22.7,21.7,-23.91,1.25,25.09,0,0,0,0,0,0,0,"[0, 0, 224]",,,,,,,,,,1,,
2026-07-13 05:24:41.717149,,64,23.5,25.2,26.0,1.72,35.9,91.94,22.0,,,22.0,22.7,21.7,-23.91,0.95,25.12,0,0,0,0,0,0,0,"[0, 0, 224]",,,,,,,,,,1,,
2026-07-13 05:24:41.825054,,64,23.5,25.2,26.0,1.82,35.73,91.27,22.0,,,22.0,22.7,21.7,-23.91,1.05,25.02,0,0,0,0,0,0,0,"[0, 0, 224]",,,,,,,,,,1,,
2026-07-13 05:24:41.932129,,64,23.5,25.2,26.0,1.49,35.86,93.15,22.0,,,22.0,22.7,21.7,-23.91,0.68,25.39,0,0,0,0,0,0,0,"[0, 0, 224]",,,,,,,,,,1,,
2026-07-13 05:24:42.038884,,64,23.5,25.2,26.0,1.02,35.69,92.07,22.0,,,22.0,22.7,21.7,-23.91,0.58,25.79,0,0,0,0,0,0,0,"[0, 0, 224]",,,,,,,,,,1,,
2026-07-13 05:24:42.146065,,64,23.5,25.2,26.0,1.82,35.69,91.53,22.0,,,22.0,22.7,21.7,-23.91,0.51,25.39,0,0,0,0,0,0,0,"[0, 0, 224]",,,,,,,,,,1,,
2026-07-13 05:24:42.252726,,64,23.5,25.2,26.0,1.96,35.49,92.21,22.0,,,22.0,22.7,21.7,-23.91,0.98,25.79,0,0,0,0,0,0,0,"[0, 0, 224]",,,,,,,,,,1,,
2026-07-13 05:24:42.377922,,64,23.5,25.2,26.0,1.59,35.63,93.55,22.0,,,22.0,22.7,21.7,-23.91,1.05,26.33,0,0,0,0,0,0,0,"[0, 0, 224]",,,,,,,,,,1,,
2026-07-13 05:24:42.485527,,64,23.5,25.2,26.0,1.79,35.63,90.86,22.0,,,22.0,22.7,21.7,-23.91,1.02,26.29,0,0,0,0,0,0,0,"[0, 0, 224]",,,,,,,,,,1,,
2026-07-13 05:24:42.592451,,64,23.5,25.2,26.0,1.69,35.9,92.74,22.0,,,22.0,22.7,21.7,-23.91,1.05,26.46,0,0,0,0,0,0,0,"[0, 0, 224]",,,,,,,,,,1,,
2026-07-13 05:24:42.699938,,64,23.5,25.2,26.0,1.59,36.0,92.21,22.0,,,22.0,22.7,21.7,-23.91,0.72,26.43,0,0,0,0,0,0,0,"[0, 0, 224]",,,,,,,,,,1,,
2026-07-13 05:24:42.806827,,64,23.5,25.2,26.0,1.35,36.2,92.34,22.0,,,22.0,22.7,21.7,-23.91,0.78,26.56,0,0,0,0,0,0,0,"[0, 0, 224]",,,,,,,,,,1,,
2026-07-13 05:24:42.922631,,64,23.5,25.2,26.0,0.82,36.23,92.47,22.0,,,22.0,22.7,21.7,-23.91,0.68,27.07,0,0,0,0,0,0,0,"[0, 0, 224]",,,,,,,,,,1,,
2026-07-13 05:24:43.030157,,64,23.5,25.2,26.0,0.98,36.3,90.59,22.0,,,22.0,22.7,21.7,-23.91,0.41,27.17,0,0,0,0,0,0,0,"[0, 0, 224]",,,,,,,,,,1,,
2026-07-13 05:24:43.138202,,64,23.5,25.2,26.0,1.66,36.1,91.8,23.5,,,22.0,22.7,21.7,-23.91,1.05,27.0,0,0,0,0,0,0,0,"[0, 0, 224]",,,,,,,,,,1,,
2026-07-13 05:24:43.244817,,64,23.5,25.2,26.0,1.52,36.5,91.13,23.5,,,22.0,22.7,21.7,-23.91,0.61,27.33,0,0,0,0,0,0,0,"[0, 0, 224]",,,,,,,,,,1,,
2026-07-13 05:24:43.352380,,64,23.5,25.2,26.0,1.25,36.27,92.34,23.5,,,22.0,22.7,21.7,-23.91,0.68,27.74,0,0,0,0,0,0,0,"[0, 0, 224]",,,,,,,,,,1,,
2026-07-13 05:24:43.459686,,64,23.5,25.2,26.0,1.29,36.84,93.28,23.5,,,22.0,22.7,21.7,-23.91,0.88,27.47,0,0,0,0,0,0,0,"[0, 0, 224]",,,,,,,,,,1,,
2026-07-13 05:24:43.566396,,64,23.5,25.2,26.0,1.49,36.53,90.19,23.5,,,22.0,22.7,21.7,-23.91,0.92,27.97,0,0,0,0,0,0,0,"[0, 0, 224]",,,,,,,,,,1,,
2026-07-13 05:24:43.673130,,64,23.5,25.2,26.0,1.19,36.74,92.34,23.5,,,22.0,22.7,21.7,-23.91,1.08,27.8,0,0,0,0,0,0,0,"[0, 0, 224]",,,,,,,,,,1,,
2026-07-13 05:24:43.779945,,64,23.5,25.2,26.0,1.96,36.8,93.28,23.5,,,22.0,22.7,21.7,-23.91,0.92,28.37,0,0,0,0,0,0,0,"[0, 0, 224]",,,,,,,,,,1,,
2026-07-13 05:24:43.894570,,64,23.5,25.2,26.0,1.39,36.94,90.06,23.5,,,22.0,22.7,21.7,-23.91,1.12,28.14,0,0,0,0,0,0,0,"[0, 0, 224]",,,,,,,,,,1,,
2026-07-13 05:24:44.002848,,64,23.5,25.2,26.0,1.32,36.63,91.94,23.5,,,22.0,22.7,21.7,-23.91,0.65,28.74,0,0,0,0,0,0,0,"[0, 0, 224]",,,,,,,,,,1,,
2026-07-13 05:24:44.110206,,64,23.5,25.2,26.0,1.35,36.74,91.13,23.5,,,22.0,22.7,21.7,-23.91,1.08,28.78,0,0,0,0,0,0,0,"[0, 0, 224]",,,,,,,,,,1,,
2026-07-13 05:24:44.217824,,64,23.5,25.2,26.0,1.96,37.07,89.25,23.5,,,22.0,22.7,21.7,-23.91,0.58,28.81,0,0,0,0,0,0,0,"[0, 0, 224]",,,,,,,,,,1,,
2026-07-13 05:24:44.324950,,64,23.5,25.2,26.0,1.69,36.2,90.46,23.5,,,22.0,22.7,21.7,-23.91,0.61,28.95,0,0,0,0,0,0,0,"[0, 0, 224]",,,,,,,,,,1,,
2026-07-13 05:24:44.431954,,64,23.5,25.2,26.0,2.19,36.23,93.28,23.5,,,22.0,22.7,21.7,-23.91,0.58,29.38,0,0,0,0,0,0,0,"[0, 0, 224]",,,,,,,,,,1,,
2026-07-13 05:24:44.539733,,64,23.5,25.2,26.0,2.63,35.36,91.94,23.5,,,22.0,22.7,21.7,-23.91,0.45,29.38,0,0,0,0,0,0,0,"[0, 0, 224]",,,,,,,,,,1,,
2026-07-13 05:24:44.647494,,64,23.5,25.2,26.0,1.55,34.89,90.46,23.5,,,22.0,22.7,21.7,-23.91,1.35,28.84,0,0,0,0,0,0,0,"[0, 0, 224]",,,,,,,,,,1,,
2026-07-13 05:24:44.754216,,64,23.5,25.2,26.0,2.43,33.98,91.53,23.5,,,22.0,22.7,21.7,-23.91,0.61,28.11,0,1,0,0,1,0,0,"[0, 0, 224]",,,,,,,,,,1,,
2026-07-13 05:24:44.861470,,64,23.5,25.2,26.0,1.96,33.55,90.06,24.2,,,22.0,22.7,21.7,-23.91,0.92,27.4,0,1,0,0,1,0,0,"[0, 0, 224]",,,,,,,,,,1,,
2026-07-13 05:24:44.968486,,64,23.5,25.2,26.0,2.39,32.4,91.94,24.2,,,22.0,22.7,21.7,-23.91,1.22,27.17,0,1,0,0,1,0,0,"[0, 0, 224]",,,,,,,,,,1,,
2026-07-13 05:24:45.075098,,64,23.5,25.2,26.0,1.92,32.07,90.59,24.2,,,22.0,22.7,21.7,-23.91,0.88,27.13,0,1,0,0,1,0,0,"[0, 0, 224]",,,,,,,,,,1,,
2026-07-13 05:24:45.183007,,64,23.5,25.2,26.0,2.19,30.56,90.19,24.2,,,22.0,22.7,21.7,-23.91,0.85,26.29,0,1,0,0,1,0,0,"[0, 0, 224]",,,,,,,,,,1,,
2026-07-13 05:24:45.289842,,64,23.5,25.2,26.0,2.09,29.95,93.68,24.2,,,22.0,22.7,21.7,-23.91,0.88,26.06,0,1,0,0,1,0,0,"[0, 0, 224]",,,,,,,,,,1,,
2026-07-13 05:24:45.397126,,64,23.5,25.2,26.0,2.16,29.22,89.52,24.2,,,22.0,22.7,21.7,-23.91,1.05,25.66,0,1,0,0,1,0,0,"[0, 0, 224]",,,,,,,,,,1,,
2026-07-13 05:24:45.504200,,64,23.5,25.2,26.0,2.02,27.97,91.0,24.2,,,22.0,22.7,21.7,-23.91,1.08,24.75,0,1,0,0,1,0,0,"[0, 0, 224]",,,,,,,,,,1,,
2026-07-13 05:24:45.611216,,64,23.5,25.2,26.0,2.46,27.87,89.92,24.2,,,22.0,22.7,21.7,-23.91,0.51,23.91,0,1,0,0,1,0,0,"[0, 0, 224]",,,,,,,,,,1,,
2026-07-13 05:24:45.718932,,64,23.5,25.2,26.0,2.19,26.46,89.12,24.2,,,22.0,22.7,21.7,-23.91,0.75,23.34,0,1,0,0,1,0,0,"[0, 0, 224]",,,,,,,,,,1,,
2026-07-13 05:24:45.825666,,64,23.5,25.2,26.0,1.29,25.99,93.68,24.2,,,22.0,22.7,21.7,-23.91,0.38,22.67,0,1,0,0,1,0,0,"[0, 0, 224]",,,,,,,,,,1,,
2026-07-13 05:24:45.944323,,64,23.5,25.2,26.0,1.72,25.39,91.0,24.2,,,22.0,22.7,21.7,-23.91,0.98,21.93,0,1,0,0,1,0,0,"[0, 0, 224]",,,,,,,,,,1,,
2026-07-13 05:24:46.051431,,64,23.5,25.2,26.0,1.96,25.02,93.28,24.2,,,22.0,22.7,21.7,-23.91,0.82,20.59,0,1,0,0,1,0,0,"[0, 0, 224]",,,,,,,,,,1,,
2026-07-13 05:24:46.158161,,64,23.5,25.2,26.0,1.22,24.15,93.15,24.2,,,22.2,22.7,21.7,-23.91,1.02,19.88,0,1,0,0,1,0,0,"[0, 0, 224]",,,,,,,,,,1,,
2026-07-13 05:24:46.265687,,64,23.5,25.2,26.0,1.62,23.71,89.92,24.2,,,22.2,22.7,21.7,-23.91,0.58,19.75,0,1,0,0,1,0,0,"[0, 0, 224]",,,,,,,,,,1,,
2026-07-13 05:24:46.372909,,64,23.5,25.2,26.0,1.42,22.37,91.0,24.2,,,22.2,22.7,21.7,-23.91,0.98,18.51,0,1,0,0,1,0,0,"[0, 0, 224]",,,,,,,,,,1,,
2026-07-13 05:24:46.479943,,64,23.5,25.2,26.0,1.15,22.54,90.46,25.5,,,22.2,22.7,21.7,-23.91,0.51,18.07,0,1,0,0,1,0,0,"[0, 0, 224]",,,,,,,,,,1,,
2026-07-13 05:24:46.586824,,64,23.5,25.2,26.0,0.98,21.53,91.4,25.5,,,22.2,22.7,21.7,-23.91,1.08,17.67,0,1,0,0,1,0,0,"[0, 0, 224]",,,,,,,,,,1,,
2026-07-13 05:24:46.693777,,64,23.5,25.2,26.0,2.02,21.76,89.52,25.5,,,22.2,22.7,21.7,-23.91,0.41,16.56,0,1,0,0,1,0,0,"[0, 0, 224]",,,,,,,,,,1,,
2026-07-13 05:24:46.801318,,64,23.5,25.2,26.0,1.72,20.76,90.59,25.5,,,22.2,22.7,21.7,-23.91,0.95,16.36,0,1,0,0,1,0,0,"[0, 0, 224]",,,,,,,,,,1,,
2026-07-13 05:24:46.920783,,64,23.5,25.2,26.0,1.79,20.32,87.91,25.5,,,22.2,22.7,21.7,-23.91,0.92,15.42,0,1,0,0,1,0,0,"[0, 0, 224]",,,,,,,,,,1,,
2026-07-13 05:24:47.035207,,64,23.5,25.2,26.0,1.72,19.08,91.0,25.5,,,22.2,22.7,21.7,-23.91,0.41,14.88,0,1,0,0,1,0,0,"[0, 0, 224]",,,,,,,,,,1,,
2026-07-13 05:24:47.142847,,64,23.5,25.2,26.0,1.22,18.88,93.01,25.5,,,22.2,22.7,21.7,-23.91,0.55,14.58,0,1,0,0,1,0,0,"[0, 0, 224]",,,,,,,,,,1,,
2026-07-13 05:24:47.250083,,64,23.5,25.2,26.0,1.05,18.94,89.25,25.5,,,22.2,22.7,21.7,-23.91,0.65,13.74,0,1,0,0,1,0,0,"[0, 0, 224]",,,,,,,,,,1,,
2026-07-13 05:24:47.357393,,64,23.5,25.2,26.0,2.06,17.7,91.27,25.5,,,22.2,22.7,21.7,-23.91,0.78,13.91,0,1,0,0,1,0,0,"[0, 0, 224]",,,,,,,,,,1,,
2026-07-13 05:24:47.464469,,64,23.5,25.2,26.0,1.22,17.97,91.8,25.5,,,22.2,22.7,21.7,-23.91,0.58,13.13,0,1,0,0,1,0,0,"[0, 0, 224]",,,,,,,,,,1,,
2026-07-13 05:24:47.572919,,64,23.5,25.2,26.0,1.25,17.26,88.85,25.5,,,22.2,22.7,21.7,-23.91,0.68,12.56,0,1,0,0,1,0,0,"[0, 0, 224]",,,,,,,,,,1,,
2026-07-13 05:24:47.679959,,64,23.5,25.2,26.0,1.69,16.59,91.8,25.5,,,22.2,22.7,21.7,-23.91,0.45,12.83,0,1,0,0,1,0,0,"[0, 0, 224]",,,,,,,,,,1,,
2026-07-13 05:24:47.787516,,64,23.5,25.2,26.0,1.55,16.29,89.25,25.5,,,22.2,22.7,21.7,-23.91,0.95,12.5,0,1,0,0,1,0,0,"[0, 0, 224]",,,,,,,,,,1,,
2026-07-13 05:24:47.908029,,64,23.5,25.2,26.0,1.15,15.02,90.46,25.5,,,22.2,22.7,21.7,-23.91,0.51,11.39,0,1,0,0,1,0,0,"[0, 0, 224]",,,,,,,,,,1,,
2026-07-13 05:24:48.028248,,64,23.5,25.2,26.0,2.02,15.62,89.25,25.5,,,22.2,22.7,21.7,-23.91,0.88,11.42,0,1,0,0,1,0,0,"[0, 0, 224]",,,,,,,,,,1,,
2026-07-13 05:24:48.135079,,64,23.5,25.2,26.0,2.13,14.85,90.46,25.5,,,22.2,22.7,21.7,-23.91,0.82,11.02,0,1,0,0,1,0,0,"[0, 0, 224]",,,,,,,,,,1,,
2026-07-13 05:24:48.242123,,64,23.5,25.2,26.0,1.76,14.28,89.12,25.5,,,22.2,22.7,21.7,-23.91,0.61,10.95,0,1,0,0,1,0,0,"[0, 0, 224]",,,,,,,,,,1,,
2026-07-13 05:24:48.349358,,64,23.5,25.2,26.0,2.02,13.74,89.79,25.5,,,22.2,22.7,21.7,-23.91,1.12,10.35,0,1,0,0,1,0,0,"[0, 0, 224]",,,,,,,,,,1,,
2026-07-13 05:24:48.456520,,64,23.5,25.2,26.0,1.35,13.87,88.31,25.5,,,22.2,22.7,21.7,-23.91,0.88,10.05,0,1,0,0,1,0,0,"[0, 0, 224]",,,,,,,,,,1,,
2026-07-13 05:24:48.563864,,64,23.5,25.2,26.0,1.45,13.61,91.13,25.5,,,22.2,22.7,21.7,-23.91,1.08,10.25,0,1,0,0,1,0,0,"[0, 0, 224]",,,,,,,,,,1,,
2026-07-13 05:24:48.696585,,64,23.5,25.2,26.0,1.39,12.8,88.04,25.5,,,22.2,22.7,21.7,-23.91,1.02,9.74,0,1,0,0,1,0,0,"[0, 0, 224]",,,,,,,,,,1,,
2026-07-13 05:24:48.803915,,64,23.5,25.2,26.0,0.82,12.63,89.92,25.5,,,22.2,22.7,21.7,-23.91,1.02,9.41,0,1,0,0,1,0,0,"[0, 0, 224]",,,,,,,,,,1,,
2026-07-13 05:24:48.927027,,64,23.5,25.2,26.0,0.95,12.23,91.67,25.5,,,22.2,22.7,21.7,-23.91,1.19,9.04,0,1,0,0,1,0,0,"[0, 0, 224]",,,,,,,,,,1,,
2026-07-13 05:24:49.036953,,64,23.5,25.2,26.0,2.02,11.86,89.12,25.5,,,22.2,22.7,21.7,-23.91,1.15,8.74,0,1,0,0,1,0,0,"[0, 0, 224]",,,,,,,,,,1,,
2026-07-13 05:24:49.143920,,64,23.5,25.2,26.0,1.25,11.16,88.18,25.5,,,22.2,22.7,21.7,-23.91,0.85,8.57,0,1,0,0,1,0,0,"[0, 0, 224]",,,,,,,,,,1,,
2026-07-13 05:24:49.251373,,64,23.5,25.2,26.0,1.55,10.82,92.07,25.5,,,22.2,22.7,21.7,-23.91,0.95,8.27,0,1,0,0,1,0,0,"[0, 0, 224]",,,,,,,,,,1,,
2026-07-13 05:24:49.357964,,64,23.5,25.2,26.0,1.25,10.08,90.86,25.5,,,22.0,22.7,21.7,-23.91,1.19,8.3,0,1,0,0,1,0,0,"[0, 0, 224]",,,,,,,,,,1,,
2026-07-13 05:24:49.465488,,64,23.5,25.2,26.0,1.32,10.18,87.64,25.5,,,22.0,22.7,21.7,-23.91,0.58,8.17,0,1,0,0,1,0,0,"[0, 0, 224]",,,,,,,,,,1,,
2026-07-13 05:24:49.572281,,64,23.5,25.2,26.0,1.35,9.98,88.85,25.5,,,22.0,22.7,21.7,-23.91,1.08,7.7,0,1,0,0,1,0,0,"[0, 0, 224]",,,,,,,,,,1,,
2026-07-13 05:24:49.678998,,64,23.5,25.2,26.0,1.39,9.71,88.98,25.5,,,22.0,22.7,21.7,-23.91,0.61,8.03,0,1,0,0,1,0,0,"[0, 0, 224]",,,,,,,,,,1,,
2026-07-13 05:24:49.785771,,64,23.5,25.2,26.0,0.95,9.85,88.58,25.5,,,22.0,22.7,21.7,-23.91,1.02,7.56,0,1,0,0,1,0,0,"[0, 0, 224]",,,,,,,,,,1,,
2026-07-13 05:24:49.902348,,64,23.5,25.2,26.0,1.39,9.17,91.8,25.5,,,22.0,22.7,21.7,-23.91,1.22,7.86,0,1,0,0,1,0,0,"[0, 0, 224]",,,,,,,,,,1,,
2026-07-13 05:24:50.018302,,64,23.5,25.2,26.0,1.19,8.1,90.19,25.5,,,22.0,22.7,21.7,-23.91,0.61,7.23,0,1,0,0,1,0,0,"[0, 0, 224]",,,,,,,,,,1,,
2026-07-13 05:24:50.125437,,64,23.5,25.2,26.0,0.82,8.77,87.77,25.5,,,22.0,22.7,21.7,-23.91,0.65,7.09,0,1,0,0,1,0,0,"[0, 0, 224]",,,,,,,,,,1,,
2026-07-13 05:24:50.232337,,64,23.5,25.2,26.0,1.62,8.47,88.45,25.5,,,22.0,22.7,21.7,-23.91,1.25,7.33,0,1,0,0,1,0,0,"[0, 0, 224]",,,,,,,,,,1,,
2026-07-13 05:24:50.339537,,64,23.5,25.2,26.0,1.12,8.5,87.77,25.5,,,22.0,22.7,21.7,-23.91,1.05,6.66,0,1,0,0,1,0,0,"[0, 0, 224]",,,,,,,,,,1,,
2026-07-13 05:24:50.446239,,64,23.5,25.2,26.0,1.15,7.73,91.0,25.5,,,22.0,22.7,21.7,-23.91,0.78,7.02,0,1,0,0,1,0,0,"[0, 0, 224]",,,,,,,,,,1,,
2026-07-13 05:24:50.553550,,64,23.5,25.2,26.0,1.29,7.8,88.31,25.5,,,22.0,22.7,21.7,-23.91,0.68,6.32,0,1,0,0,1,0,0,"[0, 0, 224]",,,,,,,,,,1,,
2026-07-13 05:24:50.660251,,64,23.5,25.2,26.0,0.82,7.56,88.85,25.5,,,22.0,22.7,21.7,-23.91,0.58,6.72,0,1,0,0,1,0,0,"[0, 0, 224]",,,,,,,,,,1,,
2026-07-13 05:24:50.768785,,64,23.5,25.2,26.0,0.95,7.13,93.01,25.5,,,22.0,22.7,21.7,-23.91,0.55,6.42,0,1,0,0,1,0,0,"[0, 0, 224]",,,,,,,,,,1,,
2026-07-13 05:24:50.885456,,64,23.5,25.2,26.0,1.29,7.53,88.98,25.5,,,22.0,22.7,21.7,-23.91,1.15,6.66,0,1,0,0,1,0,0,"[0, 0, 224]",,,,,,,,,,1,,
2026-07-13 05:24:50.993064,,64,23.5,25.2,26.0,1.79,7.26,88.31,25.5,,,22.0,22.7,21.7,-23.91,1.25,6.35,0,1,0,0,1,0,0,"[0, 0, 224]",,,,,,,,,,1,,
2026-07-13 05:24:51.100218,,64,23.5,25.2,26.0,1.22,7.13,90.33,25.5,,,22.0,22.7,21.7,-23.91,0.58,5.95,0,1,0,0,1,0,0,"[0, 0, 224]",,,,,,,,,,1,,
2026-07-13 05:24:51.207010,,64,23.5,25.2,26.0,1.79,6.59,90.19,25.5,,,22.0,22.7,21.7,-23.91,1.25,6.19,0,1,0,0,1,0,0,"[0, 0, 224]",,,,,,,,,,1,,
2026-07-13 05:24:51.313875,,64,23.5,25.2,26.0,1.49,6.82,90.19,25.5,,,22.0,22.7,21.7,-23.91,0.65,5.58,0,1,0,0,1,0,0,"[0, 0, 224]",,,,,,,,,,1,,
2026-07-13 05:24:51.431408,,64,23.5,25.2,26.0,1.35,5.85,86.97,25.5,,,22.0,22.7,21.7,-23.91,1.22,5.61,0,1,0,0,1,0,0,"[0, 0, 224]",,,,,,,,,,1,,
2026-07-13 05:24:51.559062,,64,23.5,25.2,26.0,0.98,5.78,87.37,25.5,,,22.0,22.7,21.7,-23.91,1.12,6.02,0,1,0,0,1,0,0,"[0, 0, 224]",,,,,,,,,,1,,
2026-07-13 05:24:51.666684,,64,23.5,25.2,26.0,1.19,5.95,89.92,25.5,,,22.0,22.7,21.7,-23.91,0.92,5.85,0,1,0,0,1,0,0,"[0, 0, 224]",,,,,,,,,,1,,
2026-07-13 05:24:51.773266,,64,23.5,25.2,26.0,1.22,6.32,87.37,25.5,,,22.0,22.7,21.7,-23.91,1.29,5.31,0,1,0,0,1,0,0,"[0, 0, 224]",,,,,,,,,,1,,
2026-07-13 05:24:51.887341,,64,23.5,25.2,26.0,1.39,5.52,86.97,25.5,,,22.0,22.7,21.7,-23.91,1.19,5.78,0,1,0,0,1,0,0,"[0, 0, 224]",,,,,,,,,,1,,
2026-07-13 05:24:51.994726,,64,23.5,25.2,26.0,1.66,6.19,89.25,25.5,,,22.0,22.7,21.7,-23.91,0.72,5.11,0,1,0,0,1,0,0,"[0, 0, 224]",,,,,,,,,,1,,
2026-07-13 05:24:52.102397,,64,23.5,25.2,26.0,1.45,5.99,89.79,25.5,,,22.0,22.7,21.7,-23.91,1.02,5.18,0,1,0,0,1,0,0,"[0, 0, 224]",,,,,,,,,,1,,
2026-07-13 05:24:52.209897,,64,23.5,25.2,26.0,1.52,5.88,90.86,25.5,,,22.0,22.7,21.7,-23.91,1.32,5.45,0,1,0,0,1,0,0,"[0, 0, 224]",,,,,,,,,,1,,
2026-07-13 05:24:52.318027,,64,23.5,25.2,26.0,1.59,5.62,87.64,25.5,,,22.0,22.7,21.7,-23.91,1.05,4.78,0,1,0,0,1,0,0,"[0, 0, 224]",,,,,,,,,,1,,
2026-07-13 05:24:52.425021,,64,23.5,25.2,26.0,1.32,5.28,91.0,25.5,,,22.0,22.7,21.7,-23.91,1.29,4.78,0,1,0,0,1,0,0,"[0, 0, 224]",,,,,,,,,,1,,
2026-07-13 05:24:52.532549,,64,23.5,25.2,26.0,1.08,5.05,89.65,25.5,,,22.0,22.7,21.7,-23.91,1.02,5.28,0,1,0,0,1,0,0,"[0, 0, 224]",,,,,,,,,,1,,
2026-07-13 05:24:52.639307,,64,23.5,25.2,26.0,1.39,4.71,89.25,25.5,,,22.0,22.7,21.7,-23.91,1.19,5.21,0,1,0,0,1,0,0,"[0, 0, 224]",,,,,,,,,,1,,
2026-07-13 05:24:52.746193,,64,23.5,25.2,26.0,1.55,4.98,89.25,25.5,,,22.0,22.7,21.7,-23.91,0.95,4.84,0,1,0,0,1,0,0,"[0, 0, 224]",,,,,,,,,,1,,
2026-07-13 05:24:52.853053,,64,23.5,25.2,26.0,1.52,4.51,87.91,27.0,,,22.0,22.7,21.7,-23.91,0.95,5.08,0,1,0,0,1,0,0,"[0, 0, 224]",,,,,,,,,,1,,
2026-07-13 05:24:52.960298,,64,23.5,25.2,26.0,1.39,4.37,88.45,27.0,,,22.0,22.7,21.7,-23.91,1.19,4.54,0,1,0,0,1,0,0,"[0, 0, 224]",,,,,,,,,,1,,
2026-07-13 05:24:53.066980,,64,23.5,25.2,26.0,1.49,4.78,89.39,27.0,,,22.0,22.7,21.7,-23.91,1.39,4.51,0,1,0,0,1,0,0,"[0, 0, 224]",,,,,,,,,,1,,
2026-07-13 05:24:53.174726,,64,23.5,25.2,26.0,1.42,4.31,90.46,27.0,,,22.0,22.7,21.7,-23.91,1.39,4.37,0,1,0,0,1,0,0,"[0, 0, 224]",,,,,,,,,,1,,
2026-07-13 05:24:53.281934,,64,23.5,25.2,26.0,1.19,4.61,90.06,27.0,,,22.0,22.7,21.7,-23.91,0.95,4.88,0,1,0,0,1,0,0,"[0, 0, 224]",,,,,,,,,,1,,
2026-07-13 05:24:53.389426,,64,23.5,25.2,26.0,1.49,4.17,89.65,27.0,,,22.0,22.7,21.7,-23.91,1.12,4.78,0,1,0,0,1,0,0,"[0, 0, 224]",,,,,,,,,,1,,
2026-07-13 05:24:53.496899,,64,23.5,25.2,26.0,1.29,4.44,88.98,27.0,,,22.0,22.7,21.7,-23.91,0.78,4.74,0,1,0,0,1,0,0,"[0, 0, 224]",,,,,,,,,,1,,
2026-07-13 05:24:53.603628,,64,23.5,25.2,26.0,1.39,4.44,91.27,27.0,,,22.0,22.7,21.7,-23.91,0.72,4.17,0,1,0,0,1,0,0,"[0, 0, 224]",,,,,,,,,,1,,
2026-07-13 05:24:53.710526,,64,23.5,25.2,26.0,1.29,4.21,88.18,27.0,,,22.0,22.7,21.7,-23.91,0.82,4.57,0,1,0,0,1,0,0,"[0, 0, 224]",,,,,,,,,,1,,
2026-07-13 05:24:53.834953,,64,23.5,25.2,26.0,1.25,3.7,88.58,27.0,,,22.0,22.7,21.7,-23.91,1.32,4.54,0,1,0,0,1,0,0,"[0, 0, 224]",,,,,,,,,,1,,
2026-07-13 05:24:53.941820,,64,23.5,25.2,26.0,1.32,4.11,88.58,27.0,,,22.0,22.7,21.7,-23.91,0.68,3.8,0,1,0,0,1,0,0,"[0, 0, 224]",,,,,,,,,,1,,
2026-07-13 05:24:54.048850,,64,23.5,25.2,26.0,1.22,3.9,88.85,27.0,,,22.0,22.7,21.7,-23.91,1.39,4.04,0,1,0,0,1,0,0,"[0, 0, 224]",,,,,,,,,,1,,
2026-07-13 05:24:54.156007,,64,23.5,25.2,26.0,1.52,3.9,88.04,27.0,,,22.0,22.7,21.7,-23.91,0.82,3.77,0,1,0,0,1,0,0,"[0, 0, 224]",,,,,,,,,,1,,
2026-07-13 05:24:54.263328,,64,23.5,25.2,26.0,1.52,3.77,88.98,27.0,,,22.0,22.7,21.7,-23.91,1.42,3.74,0,1,0,0,1,0,0,"[0, 0, 224]",,,,,,,,,,1,,
2026-07-13 05:24:54.370079,,64,23.5,25.2,26.0,1.19,3.77,86.57,27.0,,,22.0,22.7,21.7,-23.91,1.29,3.77,0,1,0,0,1,0,0,"[0, 0, 224]",,,,,,,,,,1,,
2026-07-13 05:24:54.477375,,64,23.5,25.2,26.0,1.35,3.64,88.18,27.0,,,22.0,22.7,21.7,-23.91,0.82,3.87,0,1,0,0,1,0,0,"[0, 0, 224]",,,,,,,,,,1,,
2026-07-13 05:24:54.584513,,64,23.5,25.2,26.0,1.55,3.67,87.51,27.0,,,22.0,22.7,21.7,-23.91,1.45,4.17,0,1,0,0,1,0,0,"[0, 0, 224]",,,,,,,,,,1,,
2026-07-13 05:24:54.691380,,64,23.5,25.2,26.0,1.72,3.13,89.12,27.0,,,22.0,22.7,21.7,-23.91,1.42,3.6,0,1,0,0,1,0,0,"[0, 0, 224]",,,,,,,,,,1,,
2026-07-13 05:24:54.799678,,64,23.5,25.2,26.0,1.25,3.54,86.7,27.0,,,22.0,22.7,21.7,-23.91,0.92,3.7,0,1,0,0,1,0,0,"[0, 0, 224]",,,,,,,,,,1,,
2026-07-13 05:24:54.928078,,64,23.5,25.2,26.0,1.25,3.1,88.98,27.0,,,22.0,22.7,21.7,-23.91,0.82,4.14,0,1,0,0,1,0,0,"[0, 0, 224]",,,,,,,,,,1,,
2026-07-13 05:24:55.045336,,64,23.5,25.2,26.0,1.55,3.23,88.45,27.0,,,22.0,22.7,21.7,-23.91,1.12,3.47,0,1,0,0,1,0,0,"[0, 0, 224]",,,,,,,,,,1,,
2026-07-13 05:24:55.152983,,64,23.5,25.2,26.0,0.98,3.54,87.24,27.0,,,22.0,22.7,21.7,-23.91,1.45,4.14,0,1,0,0,1,0,0,"[0, 0, 224]",,,,,,,,,,1,,
2026-07-13 05:24:55.259854,,64,23.5,25.2,26.0,1.62,2.96,89.39,27.0,,,22.0,22.7,21.7,-23.91,1.45,3.5,0,1,0,0,1,0,0,"[0, 0, 224]",,,,,,,,,,1,,
2026-07-13 05:24:55.367232,,64,23.5,25.2,26.0,1.05,2.8,89.52,27.0,,,22.0,22.7,21.7,-23.91,1.45,3.63,0,1,0,0,1,0,0,"[0, 0, 224]",,,,,,,,,,1,,
2026-07-13 05:24:55.474650,,64,23.5,25.2,26.0,0.92,2.83,89.39,27.0,,,22.0,22.7,21.7,-23.91,0.85,3.9,0,1,0,0,1,0,0,"[0, 0, 224]",,,,,,,,,,1,,
2026-07-13 05:24:55.581423,,64,23.5,25.2,26.0,1.22,3.0,87.51,27.0,,,22.0,22.7,21.7,-23.91,1.42,3.8,0,1,0,0,1,0,0,"[0, 0, 224]",,,,,,,,,,1,,
2026-07-13 05:24:55.688653,,64,23.5,25.2,26.0,1.39,2.7,88.04,27.0,,,22.0,22.7,21.7,-23.91,1.45,3.37,0,1,0,0,1,0,0,"[0, 0, 224]",,,,,,,,,,1,,
2026-07-13 05:24:55.795337,,64,23.5,25.2,26.0,1.62,2.66,90.19,27.0,,,22.0,22.7,21.7,-23.91,1.35,3.7,0,1,0,0,1,0,0,"[0, 0, 224]",,,,,,,,,,1,,
2026-07-13 05:24:55.910225,,64,23.5,25.2,26.0,1.45,3.0,87.51,27.0,,,22.0,22.7,21.7,-23.91,0.85,3.97,0,1,0,0,1,0,0,"[0, 0, 224]",,,,,,,,,,1,,
2026-07-13 05:24:56.026309,,64,23.5,25.2,26.0,1.49,2.83,86.16,26.7,,,22.0,22.7,21.7,-23.91,1.15,3.77,0,1,0,0,1,0,0,"[0, 0, 224]",,,,,,,,,,1,,
2026-07-13 05:24:56.133902,,64,23.5,25.2,26.0,1.49,2.49,89.25,26.7,,,22.0,22.7,21.7,-23.91,1.08,3.43,0,1,0,0,1,0,0,"[0, 0, 224]",,,,,,,,,,1,,
2026-07-13 05:24:56.240747,,64,23.5,25.2,26.0,1.35,2.9,88.31,26.7,,,22.0,22.7,21.7,-23.91,1.45,3.63,0,1,0,0,1,0,0,"[0, 0, 224]",,,,,,,,,,1,,
2026-07-13 05:24:56.347546,,64,23.5,25.2,26.0,1.49,2.36,87.24,26.7,,,22.0,22.7,21.7,-23.91,1.19,3.8,0,1,0,0,1,0,0,"[0, 0, 224]",,,,,,,,,,1,,
2026-07-13 05:24:56.454585,,64,23.5,25.2,26.0,1.49,2.6,86.3,26.7,,,22.0,22.7,21.7,-23.91,0.95,3.23,0,1,0,0,1,0,0,"[0, 0, 224]",,,,,,,,,,1,,
2026-07-13 05:24:56.561220,,64,23.5,25.2,26.0,1.29,2.56,87.77,26.7,,,22.0,22.7,21.7,-23.91,1.12,3.67,0,1,0,0,1,0,0,"[0, 0, 224]",,,,,,,,,,1,,
2026-07-13 05:24:56.668800,,64,23.5,25.2,26.0,1.39,2.8,89.39,26.7,,,22.0,22.7,21.7,-23.91,1.08,3.77,0,1,0,0,1,0,0,"[0, 0, 224]",,,,,,,,,,1,,
2026-07-13 05:24:56.775596,,64,23.5,25.2,26.0,1.22,2.6,85.89,26.7,,,22.0,22.7,21.7,-23.91,1.19,3.67,0,1,0,0,1,0,0,"[0, 0, 224]",,,,,,,,,,1,,
2026-07-13 05:24:56.891258,,64,23.5,25.2,26.0,1.45,2.7,87.77,26.7,,,22.0,22.7,21.7,-23.91,1.05,3.37,0,1,0,0,1,0,0,"[0, 0, 224]",,,,,,,,,,1,,
2026-07-13 05:24:56.999941,,64,23.5,25.2,26.0,1.52,2.09,89.65,26.7,,,22.0,22.7,21.7,-23.91,1.52,3.57,0,1,0,0,1,0,0,"[0, 0, 224]",,,,,,,,,,1,,
2026-07-13 05:24:57.107461,,64,23.5,25.2,26.0,0.95,2.19,85.76,26.7,,,22.0,22.7,21.7,-23.91,1.52,3.2,0,1,0,0,1,0,0,"[0, 0, 224]",,,,,,,,,,1,,
2026-07-13 05:24:57.215082,,64,23.5,25.2,26.0,1.12,2.29,88.04,26.7,,,22.0,22.7,21.7,-23.91,1.08,3.63,0,1,0,0,1,0,0,"[0, 0, 224]",,,,,,,,,,1,,
2026-07-13 05:24:57.322674,,64,23.5,25.2,26.0,1.42,2.46,89.52,26.7,,,22.0,22.7,21.7,-23.91,1.39,3.27,0,1,0,0,1,0,0,"[0, 0, 224]",,,,,,,,,,1,,
2026-07-13 05:24:57.430164,,64,23.5,25.2,26.0,1.12,2.53,87.91,26.7,,,22.0,22.7,21.7,-23.91,1.45,3.2,0,1,0,0,1,0,0,"[0, 0, 224]",,,,,,,,,,1,,
2026-07-13 05:24:57.536941,,64,23.5,25.2,26.0,1.32,2.46,87.64,26.7,,,22.0,22.7,21.7,-23.91,0.98,3.37,0,1,0,0,1,0,0,"[0, 0, 224]",,,,,,,,,,1,,
2026-07-13 05:24:57.643739,,64,23.5,25.2,26.0,1.25,2.09,86.7,26.7,,,22.0,22.7,21.7,-23.91,1.55,3.37,0,1,0,0,1,0,0,"[0, 0, 224]",,,,,,,,,,1,,
2026-07-13 05:24:57.750529,,64,23.5,25.2,26.0,1.49,2.26,89.52,26.7,,,22.0,22.7,21.7,-23.91,1.55,3.06,0,1,0,0,1,0,0,"[0, 0, 224]",,,,,,,,,,1,,
2026-07-13 05:24:57.857365,,64,23.5,25.2,26.0,1.39,2.29,87.64,26.7,,,22.0,22.7,21.7,-23.91,1.55,3.16,0,1,0,0,1,0,0,"[0, 0, 224]",,,,,,,,,,1,,
2026-07-13 05:24:57.966562,,64,23.5,25.2,26.0,1.42,1.89,88.98,26.7,,,22.0,22.7,21.7,-23.91,1.52,3.6,0,1,0,0,1,0,0,"[0, 0, 224]",,,,,,,,,,1,,
2026-07-13 05:24:58.073907,,64,23.5,25.2,26.0,1.39,1.79,87.64,26.7,,,22.0,22.7,21.7,-23.91,1.42,3.57,0,1,0,0,1,0,0,"[0, 0, 224]",,,,,,,,,,1,,
2026-07-13 05:24:58.181241,,64,23.5,25.2,26.0,1.05,2.23,85.22,26.7,,,22.0,22.7,21.7,-23.91,1.02,3.53,0,1,0,0,1,0,0,"[0, 0, 224]",,,,,,,,,,1,,
2026-07-13 05:24:58.288299,,64,23.5,25.2,26.0,1.15,2.16,86.3,26.7,,,22.0,22.7,21.7,-23.91,1.66,3.57,0,1,0,0,1,0,0,"[0, 0, 224]",,,,,,,,,,1,,
2026-07-13 05:24:58.396292,,64,23.5,25.2,26.0,1.32,2.02,87.77,26.7,,,22.0,22.7,21.7,-23.91,1.39,3.4,0,1,0,0,1,0,0,"[0, 0, 224]",,,,,,,,,,1,,
2026-07-13 05:24:58.503100,,64,23.5,25.2,26.0,1.52,1.79,88.85,26.7,,,22.0,22.7,21.7,-23.91,1.25,2.96,0,1,0,0,1,0,0,"[0, 0, 224]",,,,,,,,,,1,,
2026-07-13 05:24:58.609627,,64,23.5,25.2,26.0,1.15,1.92,86.97,26.7,,,22.0,22.7,21.7,-23.91,1.08,3.43,0,1,0,0,1,0,0,"[0, 0, 224]",,,,,,,,,,1,,
2026-07-13 05:24:58.716456,,64,23.5,25.5,26.0,1.35,2.13,87.64,26.7,,,22.0,22.7,21.7,-23.91,0.98,3.53,0,1,0,0,1,0,0,"[0, 0, 224]",,,,,,,,,,1,,
2026-07-13 05:24:58.823250,,64,23.5,25.5,26.0,1.12,1.72,88.85,26.7,,,22.0,22.7,21.7,-23.91,1.08,2.9,0,1,0,0,1,0,0,"[0, 0, 224]",,,,,,,,,,1,,
2026-07-13 05:24:58.942121,,64,23.5,25.5,26.0,1.19,2.19,89.12,26.7,,,22.0,22.7,21.7,-23.91,0.98,3.37,0,1,0,0,1,0,0,"[0, 0, 224]",,,,,,,,,,1,,
2026-07-13 05:24:59.049237,,64,23.5,25.5,26.0,1.45,1.62,86.3,26.7,,,22.0,22.7,21.7,-23.91,0.98,2.93,0,1,0,0,1,0,0,"[0, 0, 224]",,,,,,,,,,1,,
2026-07-13 05:24:59.156060,,64,23.5,25.5,26.0,1.12,1.82,86.57,26.7,,,22.0,22.7,21.7,-23.91,1.02,2.96,0,1,0,0,1,0,0,"[0, 0, 224]",,,,,,,,,,1,,
2026-07-13 05:24:59.263611,,64,23.5,25.5,26.0,1.08,1.62,86.16,26.7,,,22.0,22.7,21.7,-23.91,1.62,2.86,0,1,0,0,1,0,0,"[0, 0, 224]",,,,,,,,,,1,,
2026-07-13 05:24:59.370283,,64,23.5,25.5,26.0,1.12,2.02,87.91,26.7,,,22.0,22.7,21.7,-23.91,1.02,3.16,0,1,0,0,1,0,0,"[0, 0, 224]",,,,,,,,,,1,,
2026-07-13 05:24:59.477802,,64,23.5,25.5,26.0,1.15,1.55,87.51,26.7,,,22.0,22.7,21.7,-23.91,0.98,2.9,0,1,0,0,1,0,0,"[0, 0, 224]",,,,,,,,,,1,,
2026-07-13 05:24:59.584478,,64,23.5,25.5,26.0,1.12,1.89,84.69,26.7,,,22.0,22.7,21.7,-23.91,1.62,3.4,0,1,0,0,1,0,0,"[0, 0, 224]",,,,,,,,,,1,,
2026-07-13 05:24:59.691068,,64,23.5,25.5,26.0,1.42,1.66,85.36,26.7,,,22.0,22.7,21.7,-23.91,1.49,3.47,0,1,0,0,1,0,0,"[0, 0, 224]",,,,,,,,,,1,,
2026-07-13 05:24:59.798623,,64,23.5,25.5,26.0,1.49,1.96,86.16,26.7,,,22.0,22.7,21.7,-23.91,1.32,3.5,0,1,0,0,1,0,0,"[0, 0, 224]",,,,,,,,,,1,,
2026-07-13 05:24:59.912905,,64,23.5,25.5,26.0,1.39,1.86,84.96,26.7,,,22.0,22.7,21.7,-23.91,1.45,3.2,0,1,0,0,1,0,0,"[0, 0, 224]",,,,,,,,,,1,,
2026-07-13 05:25:00.036896,,64,23.5,25.5,26.0,1.22,1.92,86.16,26.7,,,22.0,22.7,21.7,-23.91,1.39,3.43,0,1,0,0,1,0,0,"[0, 0, 224]",,,,,,,,,,1,,
2026-07-13 05:25:00.144621,,64,23.5,25.5,26.0,1.49,2.02,89.12,26.7,,,22.0,22.7,21.7,-23.91,1.15,2.96,0,1,0,0,1,0,0,"[0, 0, 224]",,,,,,,,,,1,,
2026-07-13 05:25:00.251428,,64,23.5,25.5,26.0,1.66,1.59,88.18,26.7,,,22.0,22.7,21.7,-23.91,1.02,3.0,0,1,0,0,1,0,0,"[0, 0, 224]",,,,,,,,,,1,,
2026-07-13 05:25:00.358737,,64,23.5,25.5,26.0,1.12,1.92,86.97,26.7,,,22.0,22.7,21.7,-23.91,1.52,3.43,0,1,0,0,1,0,0,"[0, 0, 224]",,,,,,,,,,1,,
2026-07-13 05:25:00.465715,,64,23.5,25.5,26.0,1.59,1.76,84.82,26.7,,,22.0,22.7,21.7,-23.91,1.08,3.4,0,1,0,0,1,0,0,"[0, 0, 224]",,,,,,,,,,1,,
2026-07-13 05:25:00.572570,,64,23.5,25.5,26.0,1.52,1.35,88.45,26.7,,,22.0,22.7,21.7,-23.91,1.02,3.0,0,1,0,0,1,0,0,"[0, 0, 224]",,,,,,,,,,1,,
2026-07-13 05:25:00.680239,,64,23.5,25.5,26.0,0.98,1.76,88.18,26.7,,,22.0,22.7,21.7,-23.91,1.59,2.83,0,1,0,0,1,0,0,"[0, 0, 224]",,,,,,,,,,1,,
2026-07-13 05:25:00.787181,,64,23.5,25.5,26.0,1.45,1.86,86.97,26.7,,,22.0,22.7,21.7,-23.91,1.08,3.2,0,1,0,0,1,0,0,"[0, 0, 224]",,,,,,,,,,1,,
2026-07-13 05:25:00.902412,,64,23.5,25.5,26.0,1.39,1.89,85.76,26.7,,,22.0,22.7,21.7,-23.91,1.42,3.4,0,1,0,0,1,0,0,"[0, 0, 224]",,,,,,,,,,1,,
2026-07-13 05:25:01.010124,,64,23.5,25.5,26.0,1.59,1.76,85.09,26.7,,,22.0,22.7,21.7,-23.91,1.62,3.27,0,1,0,0,1,0,0,"[0, 0, 224]",,,,,,,,,,1,,
2026-07-13 05:25:01.117153,,64,23.5,25.5,26.0,1.45,1.39,86.97,26.7,,,22.0,22.7,21.7,-23.91,1.66,3.23,0,1,0,0,1,0,0,"[0, 0, 224]",,,,,,,,,,1,,
2026-07-13 05:25:01.225324,,64,23.5,25.5,26.0,1.62,1.42,85.89,26.7,,,22.0,22.7,21.7,-23.91,1.25,3.2,0,1,0,0,1,0,0,"[0, 0, 224]",,,,,,,,,,1,,
2026-07-13 05:25:01.331915,,64,23.5,25.5,26.0,1.49,1.42,87.1,26.7,,,22.0,22.7,21.7,-23.91,1.29,2.96,0,1,0,0,1,0,0,"[0, 0, 224]",,,,,,,,,,1,,
2026-07-13 05:25:01.439137,,64,23.5,25.5,26.0,1.52,1.79,88.04,26.7,,,22.0,22.7,21.7,-23.91,1.62,3.0,0,1,0,0,1,0,0,"[0, 0, 224]",,,,,,,,,,1,,
2026-07-13 05:25:01.546474,,64,23.5,25.5,26.0,1.69,1.72,83.75,26.7,,,22.0,22.7,21.7,-23.91,1.69,3.33,0,1,0,0,1,0,0,"[0, 0, 224]",,,,,,,,,,1,,
2026-07-13 05:25:01.654016,,64,23.5,25.5,26.0,1.25,1.79,85.36,26.7,,,22.0,22.7,21.7,-23.91,1.55,3.47,0,1,0,0,1,0,0,"[0, 0, 224]",,,,,,,,,,1,,
2026-07-13 05:25:01.762119,,64,23.5,25.5,26.0,1.52,1.62,84.28,26.7,,,22.0,22.7,21.7,-23.91,1.62,3.27,0,1,0,0,1,0,0,"[0, 0, 224]",,,,,,,,,,1,,
2026-07-13 05:25:01.869325,,64,23.5,25.5,26.0,1.19,1.62,85.76,26.7,,,22.0,22.7,21.7,-23.91,1.59,2.8,0,1,0,0,1,0,0,"[0, 0, 224]",,,,,,,,,,1,,
2026-07-13 05:25:01.976365,,64,23.5,25.5,26.0,1.52,1.72,85.36,26.7,,,22.0,22.7,21.7,-23.91,1.15,3.2,0,1,0,0,1,0,0,"[0, 0, 224]",,,,,,,,,,1,,
2026-07-13 05:25:02.083582,,64,23.5,25.5,26.0,1.42,1.42,85.22,26.7,,,22.0,22.7,21.7,-23.91,1.29,3.16,0,1,0,0,1,0,0,"[0, 0, 224]",,,,,,,,,,1,,
2026-07-13 05:25:02.190761,,64,23.5,25.5,26.0,1.35,1.42,85.22,25.7,,,22.0,22.7,21.7,-23.91,1.29,2.83,0,1,0,0,1,0,0,"[0, 0, 224]",,,,,,,,,,1,,
2026-07-13 05:25:02.298354,,64,23.5,25.5,26.0,1.42,1.69,83.48,25.7,,,22.0,22.7,21.7,-23.91,1.19,3.0,0,1,0,0,1,0,0,"[0, 0, 224]",,,,,,,,,,1,,
2026-07-13 05:25:02.405282,,64,23.5,25.5,26.0,1.25,1.82,84.55,25.7,,,22.0,22.7,21.7,-23.91,1.19,3.3,0,1,0,0,1,0,0,"[0, 0, 224]",,,,,,,,,,1,,
2026-07-13 05:25:02.512202,,64,23.5,25.5,26.0,1.42,1.72,83.48,25.7,,,22.0,22.7,21.7,-23.91,1.15,3.33,0,1,0,0,1,0,0,"[0, 0, 224]",,,,,,,,,,1,,
2026-07-13 05:25:02.618832,,64,23.5,25.5,26.0,1.55,1.35,77.84,25.7,,,22.0,22.7,21.7,-23.91,1.19,2.93,0,1,0,0,1,0,0,"[0, 0, 224]",,,,,,,,,,1,,
2026-07-13 05:25:02.726036,,64,23.5,25.5,26.0,1.35,1.25,72.47,25.7,,,22.0,22.7,21.7,-23.91,1.62,3.0,0,1,0,0,1,0,0,"[0, 0, 224]",,,,,,,,,,1,,
2026-07-13 05:25:02.833495,,64,23.5,25.5,26.0,1.19,1.35,69.24,25.7,,,22.0,22.7,21.7,-23.91,1.12,2.8,0,1,0,0,1,0,0,"[0, 0, 224]",,,,,,,,,,1,,
2026-07-13 05:25:02.951387,,64,23.5,25.5,26.0,1.49,1.39,66.69,25.7,,,22.0,22.7,21.7,-23.91,1.15,2.76,0,1,0,0,1,0,0,"[0, 0, 224]",,,,,,,,,,1,,
2026-07-13 05:25:03.058787,,64,23.5,25.5,26.0,1.35,1.72,60.38,25.7,,,22.0,22.7,21.7,-23.91,1.08,2.73,0,1,0,0,1,0,0,"[0, 0, 224]",,,,,,,,,,1,,
2026-07-13 05:25:03.166202,,64,23.5,25.5,26.0,1.15,1.42,55.82,25.7,,,22.0,22.7,21.7,-23.91,1.45,3.1,0,1,0,0,1,0,0,"[0, 0, 224]",,,,,,,,,,1,,
2026-07-13 05:25:03.273654,,64,23.5,25.5,26.0,1.52,1.72,48.16,25.7,,,22.0,22.7,21.7,-23.91,1.45,2.46,0,1,0,0,1,0,0,"[0, 0, 224]",,,,,,,,,,1,,
2026-07-13 05:25:03.380371,,64,23.5,25.5,26.0,1.19,1.22,47.63,25.7,,,22.0,22.7,21.7,-23.91,1.55,2.56,0,1,0,0,1,0,0,"[0, 0, 224]",,,,,,,,,,1,,
2026-07-13 05:25:03.487158,,64,23.5,25.5,26.0,1.15,1.59,42.39,25.7,,,22.0,22.7,21.7,-23.91,1.35,2.56,0,1,0,0,1,0,0,"[0, 0, 224]",,,,,,,,,,1,,
2026-07-13 05:25:03.593929,,64,23.5,25.5,26.0,1.39,1.62,41.72,25.7,,,22.0,22.7,21.7,-23.91,1.12,2.8,0,1,0,0,1,0,0,"[0, 0, 224]",,,,,,,,,,1,,
2026-07-13 05:25:03.701318,,64,23.5,25.5,26.0,1.52,1.22,38.5,25.7,,,22.0,22.7,21.7,-23.91,1.15,2.29,0,1,0,0,1,0,0,"[0, 0, 224]",,,,,,,,,,1,,
2026-07-13 05:25:03.808939,,64,23.5,25.5,26.0,1.02,1.39,37.42,25.7,,,22.0,22.7,21.7,-23.91,1.49,2.16,0,1,0,0,1,0,0,"[0, 0, 224]",,,,,,,,,,1,,
2026-07-13 05:25:03.923008,,64,23.5,25.5,26.0,1.22,1.22,32.05,25.7,,,22.0,22.7,21.7,-23.91,1.72,2.73,0,1,0,0,1,0,0,"[0, 0, 224]",,,,,,,,,,1,,
2026-07-13 05:25:04.043812,,64,23.5,25.5,26.0,1.29,1.19,29.77,25.7,,,22.0,22.7,21.7,-23.91,1.08,2.12,0,1,0,0,1,0,0,"[0, 0, 224]",,,,,,,,,,1,,
2026-07-13 05:25:04.151373,,64,23.5,25.5,26.0,1.25,1.39,30.04,25.7,,,22.0,22.7,21.7,-23.91,1.15,1.99,0,1,0,0,1,0,0,"[0, 0, 224]",,,,,,,,,,1,,
2026-07-13 05:25:04.255704,,64,23.5,25.5,26.0,1.15,1.39,28.29,25.7,,,22.0,22.7,21.7,-23.91,1.08,2.46,0,1,0,0,1,0,0,"[0, 0, 224]",,,,,,,,,,1,,
2026-07-13 05:25:04.359727,,64,23.5,25.5,26.0,1.49,1.52,24.53,25.7,,,22.0,22.7,21.7,-23.91,1.08,2.36,0,1,0,0,1,0,0,"[0, 0, 224]",,,,,,,,,,1,,
2026-07-13 05:25:04.463531,,64,23.5,25.5,26.0,1.08,1.42,23.59,25.7,,,22.0,22.7,21.7,-23.91,1.29,2.33,0,1,0,0,1,0,0,"[0, 0, 224]",,,,,,,,,,1,,
2026-07-13 05:25:04.568040,,64,23.5,25.5,26.0,1.42,1.32,24.26,25.7,,,22.0,22.7,21.7,-23.91,1.22,2.22,0,1,0,0,1,0,0,"[0, 0, 224]",,,,,,,,,,1,,
2026-07-13 05:25:04.671888,,64,23.5,25.5,26.0,1.35,1.69,20.37,25.7,,,22.0,22.7,21.7,-23.91,1.22,1.96,0,1,0,0,1,0,0,"[0, 0, 224]",,,,,,,,,,1,,
2026-07-13 05:25:04.775739,,64,23.5,25.5,26.0,1.39,1.29,20.37,25.7,,,22.0,22.7,21.7,-23.91,1.76,1.62,0,1,0,0,1,0,0,"[0, 0, 224]",,,,,,,,,,1,,
2026-07-13 05:25:04.880243,,64,23.5,25.5,26.0,1.22,1.66,17.28,25.7,,,22.0,22.7,21.7,-23.91,1.25,2.16,0,1,0,0,1,0,0,"[0, 0, 224]",,,,,,,,,,1,,
2026-07-13 05:25:04.992865,,64,23.5,25.5,26.0,0.98,1.15,19.02,25.2,,,22.0,22.7,21.7,-23.91,1.72,1.89,0,1,0,0,1,0,0,"[0, 0, 224]",,,,,,,,,,1,,
2026-07-13 05:25:05.098587,,64,23.5,25.5,26.0,1.52,1.25,16.47,25.2,,,22.0,22.7,21.7,-23.91,1.59,1.55,0,1,0,0,1,0,0,"[0, 0, 224]",,,,,,,,,,1,,
2026-07-13 05:25:05.202897,,64,23.5,25.5,26.0,1.08,1.42,15.8,25.2,,,22.0,22.7,21.7,-23.91,1.69,1.55,0,1,0,0,1,0,0,"[0, 0, 224]",,,,,,,,,,1,,
2026-07-13 05:25:05.306392,,64,23.5,25.5,26.0,1.52,1.55,16.07,25.2,,,22.0,22.7,21.7,-23.91,1.22,1.96,0,1,0,0,1,0,0,"[0, 0, 224]",,,,,,,,,,1,,
2026-07-13 05:25:05.410095,,64,23.5,25.5,26.0,1.55,1.39,14.86,25.2,,,22.0,22.7,21.7,-23.91,1.15,1.32,0,1,0,0,1,0,0,"[0, 0, 224]",,,,,,,,,,1,,
2026-07-13 05:25:05.513798,,64,23.5,25.5,26.0,1.15,1.59,16.34,25.2,,,22.0,22.7,21.7,-23.91,1.12,1.82,0,1,0,0,1,0,0,"[0, 0, 224]",,,,,,,,,,1,,
2026-07-13 05:25:05.617958,,64,23.5,25.5,26.0,1.45,1.49,13.79,25.2,,,22.0,22.7,21.7,-23.91,1.62,1.92,0,1,0,0,1,0,0,"[0, 0, 224]",,,,,,,,,,1,,
2026-07-13 05:25:05.721840,,64,23.5,25.5,26.0,1.42,1.05,12.18,25.2,,,22.0,22.7,21.7,-23.91,1.42,1.25,0,1,0,0,1,0,0,"[0, 0, 224]",,,,,,,,,,1,,
2026-07-13 05:25:05.825681,,64,23.5,25.5,26.0,1.66,1.45,11.64,25.2,,,22.0,22.7,21.7,-23.91,1.19,1.42,0,1,0,0,1,0,0,"[0, 0, 224]",,,,,,,,,,1,,
2026-07-13 05:25:05.938211,,64,23.5,25.5,26.0,1.19,1.49,12.58,25.2,,,22.0,22.7,21.7,-23.91,1.35,1.45,0,1,0,0,1,0,0,"[0, 0, 224]",,,,,,,,,,1,,
2026-07-13 05:25:06.055794,,64,23.5,25.5,26.0,1.05,1.29,10.16,25.2,,,22.0,22.7,21.7,-23.91,1.25,1.49,0,1,0,0,1,0,0,"[0, 0, 224]",,,,,,,,,,1,,
2026-07-13 05:25:06.165473,,64,23.5,25.5,26.0,1.52,1.22,8.82,25.2,,,22.0,22.7,21.7,-23.91,1.72,1.75,0,1,0,0,1,0,0,"[0, 0, 224]",,,,,,,,,,1,,
2026-07-13 05:25:06.270447,,64,23.5,25.5,26.0,1.29,1.22,10.57,25.2,,,22.0,22.7,21.7,-23.91,1.72,1.18,0,1,0,0,1,0,0,"[0, 0, 224]",,,,,,,,,,1,,
2026-07-13 05:25:06.374120,,64,23.5,25.5,26.0,1.02,1.25,8.95,25.2,,,22.0,22.7,21.7,-23.91,1.29,1.02,0,1,0,0,1,0,0,"[0, 0, 224]",,,,,,,,,,1,,
2026-07-13 05:25:06.477721,,64,23.5,25.5,26.0,1.42,1.22,8.01,25.2,,,22.0,22.7,21.7,-23.91,1.15,1.65,0,1,0,0,1,0,0,"[0, 0, 224]",,,,,,,,,,1,,
2026-07-13 05:25:06.581291,,64,23.5,25.5,26.0,1.42,1.49,9.09,25.2,,,22.0,22.7,21.7,-23.91,1.45,1.08,0,1,0,0,1,0,0,"[0, 0, 224]",,,,,,,,,,1,,
2026-07-13 05:25:06.685755,,64,23.5,25.5,26.0,1.32,1.35,8.55,25.2,,,22.0,22.7,21.7,-23.91,1.76,1.45,0,1,0,0,1,0,0,"[0, 0, 224]",,,,,,,,,,1,,
2026-07-13 05:25:06.790224,,64,23.5,25.5,26.0,1.19,1.15,6.54,25.2,,,22.0,22.7,21.7,-23.91,1.45,1.32,0,1,0,0,1,0,0,"[0, 0, 224]",,,,,,,,,,1,,
2026-07-13 05:25:06.894704,,64,23.5,25.5,26.0,1.55,1.52,8.42,25.2,,,22.0,22.7,21.7,-23.91,1.62,1.32,0,1,0,0,1,0,0,"[0, 0, 224]",,,,,,,,,,1,,
2026-07-13 05:25:06.998690,,64,23.5,25.5,26.0,1.55,1.32,8.01,25.2,,,22.0,22.7,21.7,-23.91,1.59,1.22,0,1,0,0,1,0,0,"[0, 0, 224]",,,,,,,,,,1,,
2026-07-13 05:25:07.105005,,64,23.5,25.5,26.0,1.19,1.49,6.54,25.2,,,22.0,22.7,21.7,-23.91,1.52,1.12,0,1,0,0,1,0,0,"[0, 0, 224]",,,,,,,,,,1,,
2026-07-13 05:25:07.209497,,64,23.5,25.5,26.0,1.59,1.35,7.48,25.2,,,22.0,22.7,21.7,-23.91,1.72,1.12,0,1,0,0,1,0,0,"[0, 0, 224]",,,,,,,,,,1,,
2026-07-13 05:25:07.313453,,64,23.5,25.5,26.0,1.02,1.19,4.12,25.2,,,22.0,22.7,21.7,-23.91,1.55,1.18,0,1,0,0,1,0,0,"[0, 0, 224]",,,,,,,,,,1,,
2026-07-13 05:25:07.417299,,64,23.5,25.5,26.0,1.12,1.55,4.66,25.2,,,22.0,22.7,21.7,-23.91,1.72,1.02,0,1,0,0,1,0,0,"[0, 0, 224]",,,,,,,,,,1,,
2026-07-13 05:25:07.521878,,64,23.5,25.5,26.0,1.15,1.39,7.48,25.2,,,22.0,22.7,21.7,-23.91,1.66,1.05,0,1,0,0,1,0,0,"[0, 0, 224]",,,,,,,,,,1,,
2026-07-13 05:25:07.625799,,64,23.5,25.5,26.0,1.19,1.66,4.93,25.2,,,22.0,22.7,21.7,-23.91,1.12,0.78,0,1,0,0,1,0,0,"[0, 0, 224]",,,,,,,,,,1,,
2026-07-13 05:25:07.729815,,64,23.5,25.5,26.0,1.12,1.55,3.85,25.2,,,22.0,22.7,21.7,-23.91,1.52,1.18,0,1,0,0,1,0,0,"[0, 0, 224]",,,,,,,,,,1,,
2026-07-13 05:25:07.834515,,64,23.5,25.5,26.0,1.25,1.12,6.13,25.2,,,22.0,22.7,21.7,-23.91,1.59,1.02,0,1,0,0,1,0,0,"[0, 0, 224]",,,,,,,,,,1,,
2026-07-13 05:25:07.950711,,64,23.5,25.5,26.0,1.69,1.08,3.58,25.2,,,22.0,22.7,21.7,-23.91,1.79,0.88,0,1,0,0,1,0,0,"[0, 0, 224]",,,,,,,,,,1,,
2026-07-13 05:25:08.057573,,64,23.5,25.5,26.0,1.02,1.12,3.31,25.2,,,22.0,22.7,21.7,-23.91,1.39,0.81,0,1,0,0,1,0,0,"[0, 0, 224]",,,,,,,,,,1,,
2026-07-13 05:25:08.162548,,64,23.5,25.5,26.0,1.39,1.02,5.46,25.2,,,22.0,22.7,21.7,-23.91,1.32,1.02,0,1,0,0,1,0,0,"[0, 0, 224]",,,,,,,,,,1,,
2026-07-13 05:25:08.267858,,64,23.5,25.5,26.0,1.25,1.35,3.99,25.2,,,22.0,22.7,21.7,-23.91,1.82,1.22,0,1,0,0,1,0,0,"[0, 0, 224]",,,,,,,,,,1,,
2026-07-13 05:25:08.373070,,64,23.5,25.5,26.0,1.35,1.32,3.72,25.2,,,22.0,22.7,21.7,-23.91,1.42,1.35,0,1,0,0,1,0,0,"[0, 0, 224]",,,,,,,,,,1,,
2026-07-13 05:25:08.477048,,64,23.5,25.5,26.0,1.32,1.59,5.6,25.2,,,22.0,22.7,21.7,-23.91,1.25,0.78,0,1,0,0,1,0,0,"[0, 0, 224]",,,,,,,,,,1,,
2026-07-13 05:25:08.580747,,64,23.5,25.5,26.0,1.62,1.69,3.72,25.2,,,22.0,22.7,21.7,-23.91,1.39,0.88,0,1,0,0,1,0,0,"[0, 0, 224]",,,,,,,,,,1,,
2026-07-13 05:25:08.685135,,64,23.5,25.5,26.0,1.52,1.66,4.66,25.2,,,22.0,22.7,21.7,-23.91,1.72,0.92,0,1,0,0,1,0,0,"[0, 0, 224]",,,,,,,,,,1,,
2026-07-13 05:25:08.789773,,64,23.5,25.5,26.0,1.52,1.02,3.99,25.2,,,22.0,22.7,21.7,-23.91,1.15,1.15,0,1,0,0,1,0,0,"[0, 0, 224]",,,,,,,,,,1,,
2026-07-13 05:25:08.893479,,64,23.5,25.5,26.0,1.66,1.25,2.78,25.2,,,22.0,22.7,21.7,-23.91,1.12,0.85,0,1,0,0,1,0,0,"[0, 0, 224]",,,,,,,,,,1,,
2026-07-13 05:25:09.000850,,64,23.5,25.5,26.0,1.22,1.39,4.93,25.2,,,22.0,22.7,21.7,-23.91,1.35,1.35,0,1,0,0,1,0,0,"[0, 0, 224]",,,,,,,,,,1,,
2026-07-13 05:25:09.104557,,64,23.5,25.5,26.0,1.39,1.08,2.51,25.2,,,22.0,22.7,21.7,-23.91,1.52,0.81,0,1,0,0,1,0,0,"[0, 0, 224]",,,,,,,,,,1,,
2026-07-13 05:25:09.209150,,64,23.5,25.5,26.0,1.05,1.55,5.19,25.2,,,22.0,22.7,21.7,-23.91,1.55,0.92,0,1,0,0,1,0,0,"[0, 0, 224]",,,,,,,,,,1,,
2026-07-13 05:25:09.313759,,64,23.5,25.5,26.0,1.25,1.59,3.99,25.2,,,22.0,22.7,21.7,-23.91,1.08,1.35,0,1,0,0,1,0,0,"[0, 0, 224]",,,,,,,,,,1,,
2026-07-13 05:25:09.418453,,64,23.5,25.5,26.0,1.55,1.15,3.85,25.2,,,22.0,22.7,21.7,-23.91,1.12,1.08,0,1,0,0,1,0,0,"[0, 0, 224]",,,,,,,,,,1,,
2026-07-13 05:25:09.522150,,64,23.5,25.5,26.0,1.55,1.62,4.93,24.5,,,22.0,22.7,21.7,-23.91,1.62,1.12,0,1,0,0,1,0,0,"[0, 0, 224]",,,,,,,,,,1,,
2026-07-13 05:25:09.626029,,64,23.5,25.5,26.0,1.22,1.52,3.05,24.5,,,22.0,22.7,21.7,-23.91,1.76,1.08,0,1,0,0,1,0,0,"[0, 0, 224]",,,,,,,,,,1,,
2026-07-13 05:25:09.729768,,64,23.5,25.5,26.0,1.45,1.29,2.51,24.5,,,22.0,22.7,21.7,-23.91,1.76,0.81,0,1,0,0,1,0,0,"[0, 0, 224]",,,,,,,,,,1,,
2026-07-13 05:25:09.853306,,64,23.5,25.5,26.0,1.45,1.52,3.85,24.5,,,22.0,22.7,21.7,-23.91,1.55,0.68,0,1,0,0,1,0,0,"[0, 0, 224]",,,,,,,,,,1,,
2026-07-13 05:25:09.977832,,64,23.5,25.5,26.0,1.05,1.49,4.25,24.5,,,22.0,22.7,21.7,-23.91,1.39,1.32,0,1,0,0,1,0,0,"[0, 0, 224]",,,,,,,,,,1,,
2026-07-13 05:25:10.088103,,64,23.5,25.5,26.0,1.42,1.59,2.64,24.5,,,22.0,22.7,21.7,-23.91,1.72,1.05,0,1,0,0,1,0,0,"[0, 0, 224]",,,,,,,,,,1,,
2026-07-13 05:25:10.198807,,64,23.5,25.5,26.0,0.88,1.15,4.12,24.5,,,22.0,22.7,21.7,-23.91,1.82,0.81,0,1,0,0,1,0,0,"[0, 0, 224]",,,,,,,,,,1,,
2026-07-13 05:25:10.309257,,64,23.5,25.5,26.0,1.05,1.52,2.37,24.5,,,22.0,22.7,21.7,-23.91,1.66,0.85,0,1,0,0,1,0,0,"[0, 0, 224]",,,,,,,,,,1,,
2026-07-13 05:25:10.421171,,64,23.5,25.5,26.0,1.49,1.66,2.11,24.5,,,22.0,22.7,21.7,-23.91,1.79,0.71,0,1,0,0,1,0,0,"[0, 0, 224]",,,,,,,,,,1,,
2026-07-13 05:25:10.532656,,64,23.5,25.5,26.0,1.39,1.55,4.93,24.5,,,22.0,22.7,21.7,-23.91,1.45,0.75,0,1,0,0,1,0,0,"[0, 0, 224]",,,,,,,,,,1,,
2026-07-13 05:25:10.642476,,64,23.5,25.5,26.0,1.52,1.69,3.05,24.5,,,22.0,22.7,21.7,-23.91,1.49,1.15,0,1,0,0,1,0,0,"[0, 0, 224]",,,,,,,,,,1,,
2026-07-13 05:25:10.752269,,64,23.5,25.5,26.0,1.19,1.32,3.58,24.5,,,22.0,22.7,21.7,-23.91,1.42,1.25,0,1,0,0,1,0,0,"[0, 0, 224]",,,,,,,,,,1,,
2026-07-13 05:25:10.862901,,64,23.5,25.5,26.0,1.29,1.76,4.39,24.5,,,22.0,22.7,21.7,-23.91,1.62,0.75,0,1,0,0,1,0,0,"[0, 0, 224]",,,,,,,,,,1,,
2026-07-13 05:25:10.978820,,64,23.5,25.5,26.0,1.59,1.55,4.66,24.5,,,22.0,22.7,21.7,-23.91,1.66,0.92,0,1,0,0,1,0,0,"[0, 0, 224]",,,,,,,,,,1,,
2026-07-13 05:25:11.091811,,64,23.5,25.5,26.0,1.29,1.42,1.57,24.5,,,22.0,22.7,21.7,-23.91,1.55,0.98,0,1,0,0,1,0,0,"[0, 0, 224]",,,,,,,,,,1,,
2026-07-13 05:25:11.201674,,64,23.5,25.5,26.0,0.95,1.62,3.99,24.5,,,22.0,22.7,21.7,-23.91,1.59,0.95,0,1,0,0,1,0,0,"[0, 0, 224]",,,,,,,,,,1,,
2026-07-13 05:25:11.312281,,64,23.5,25.5,26.0,1.05,1.12,3.31,24.5,,,22.0,22.7,21.7,-23.91,1.12,1.25,0,1,0,0,1,0,0,"[0, 0, 224]",,,,,,,,,,1,,
2026-07-13 05:25:11.422112,,64,23.5,25.5,26.0,1.12,1.05,2.64,24.5,,,22.0,22.7,21.7,-23.91,1.76,1.25,0,1,0,0,1,0,0,"[0, 0, 224]",,,,,,,,,,1,,
2026-07-13 05:25:11.531815,,64,23.5,25.5,26.0,1.32,1.32,1.7,24.5,,,22.0,22.7,21.7,-23.91,1.66,0.88,0,1,0,0,1,0,0,"[0, 0, 224]",,,,,,,,,,1,,
2026-07-13 05:25:11.642142,,64,23.5,25.5,26.0,1.42,1.59,1.03,24.5,,,22.0,22.7,21.7,-23.91,1.79,0.81,0,1,0,0,1,0,0,"[0, 0, 224]",,,,,,,,,,1,,
2026-07-13 05:25:11.752311,,64,23.5,25.5,26.0,1.35,1.32,3.18,24.5,,,22.0,22.7,21.7,-23.91,1.35,1.18,0,1,0,0,1,0,0,"[0, 0, 224]",,,,,,,,,,1,,
2026-07-13 05:25:11.862717,,64,23.5,25.5,26.0,1.45,1.52,2.11,24.5,,,22.0,22.7,21.7,-23.91,1.69,0.78,0,1,0,0,1,0,0,"[0, 0, 224]",,,,,,,,,,1,,
2026-07-13 05:25:11.986672,,64,23.5,25.5,26.0,1.42,1.69,1.03,24.5,,,22.0,22.7,21.7,-23.91,1.62,1.28,0,1,0,0,1,0,0,"[0, 0, 224]",,,,,,,,,,1,,
2026-07-13 05:25:12.100158,,64,23.5,25.5,26.0,1.66,1.08,2.51,24.5,,,22.0,22.7,21.7,-23.91,1.52,0.75,0,1,0,0,1,0,0,"[0, 0, 224]",,,,,,,,,,1,,
2026-07-13 05:25:12.210196,,64,23.5,25.5,26.0,1.25,1.72,0.76,24.5,,,22.0,22.7,21.7,-23.91,1.25,0.95,0,1,0,0,1,0,0,"[0, 0, 224]",,,,,,,,,,1,,
2026-07-13 05:25:12.320073,,64,23.5,25.5,26.0,1.42,1.59,1.43,24.5,,,22.0,22.7,21.7,-23.91,1.15,0.81,0,1,0,0,1,0,0,"[0, 0, 224]",,,,,,,,,,1,,
2026-07-13 05:25:12.431569,,64,23.5,25.5,26.0,1.02,1.55,2.78,24.5,,,22.0,22.7,21.7,-23.91,1.69,1.18,0,1,0,0,1,0,0,"[0, 0, 224]",,,,,,,,,,1,,
2026-07-13 05:25:12.541424,,64,23.5,25.5,26.0,1.39,1.52,4.52,24.5,,,22.0,22.7,21.7,-23.91,1.39,1.05,0,1,0,0,1,0,0,"[0, 0, 224]",,,,,,,,,,1,,
2026-07-13 05:25:12.654200,,64,23.5,25.5,26.0,1.15,1.19,1.3,24.5,,,22.0,22.7,21.7,-23.91,1.79,1.32,0,1,0,0,1,0,0,"[0, 0, 224]",,,,,,,,,,1,,
2026-07-13 05:25:12.765412,,64,23.5,25.5,26.0,1.29,1.19,3.18,24.5,,,22.0,22.7,21.7,-23.91,1.69,0.78,0,1,0,0,1,0,0,"[0, 0, 224]",,,,,,,,,,1,,
2026-07-13 05:25:12.876023,,64,23.5,25.5,26.0,1.59,1.49,1.84,24.5,,,22.0,22.7,21.7,-23.91,1.29,0.95,0,1,0,0,1,0,0,"[0, 0, 224]",,,,,,,,,,1,,
2026-07-13 05:25:13.002077,,64,23.5,25.5,26.0,1.49,1.35,1.3,24.5,,,22.0,22.7,21.7,-23.91,1.12,1.32,0,1,0,0,1,0,0,"[0, 0, 224]",,,,,,,,,,1,,
2026-07-13 05:25:13.114829,,64,23.5,25.5,26.0,1.52,1.08,3.18,24.5,,,22.0,22.7,21.7,-23.91,1.45,0.68,0,1,0,0,1,0,0,"[0, 0, 224]",,,,,,,,,,1,,
2026-07-13 05:25:13.225451,,64,23.5,25.5,26.0,1.29,1.69,2.51,24.5,,,22.0,22.7,21.7,-23.91,1.05,0.95,0,1,0,0,1,0,0,"[0, 0, 224]",,,,,,,,,,1,,
2026-07-13 05:25:13.335400,,64,23.5,25.5,25.7,1.08,1.59,0.9,24.5,,,22.0,22.7,21.7,-23.91,1.22,1.28,0,1,0,0,1,0,0,"[0, 0, 224]",,,,,,,,,,1,,
2026-07-13 05:25:13.446576,,64,23.5,25.5,25.7,1.35,1.05,1.7,24.5,,,22.0,22.7,21.7,-23.91,1.66,1.28,0,1,0,0,1,0,0,"[0, 0, 224]",,,,,,,,,,1,,
2026-07-13 05:25:13.556547,,64,23.5,25.5,25.7,1.45,1.25,3.05,24.5,,,22.0,22.7,21.7,-23.91,1.35,1.08,0,1,0,0,1,0,0,"[0, 0, 224]",,,,,,,,,,1,,
2026-07-13 05:25:13.666480,,64,23.7,25.5,25.7,1.32,1.49,0.76,24.5,,,22.0,22.7,21.7,-23.91,1.05,1.32,0,1,0,0,1,0,0,"[0, 0, 224]",,,,,,,,,,1,,
2026-07-13 05:25:13.776820,,64,23.7,25.5,25.7,1.45,1.55,0.49,24.5,,,22.0,22.7,21.7,-23.91,1.72,1.39,0,1,0,0,1,0,0,"[0, 0, 224]",,,,,,,,,,1,,
2026-07-13 05:25:13.886915,,64,23.7,25.5,25.7,1.25,1.39,4.79,24.5,,,22.0,22.7,21.7,-23.91,1.66,0.61,0,1,0,0,1,0,0,"[0, 0, 224]",,,,,,,,,,1,,
2026-07-13 05:25:14.002508,,64,23.7,25.5,25.7,1.49,1.59,1.03,24.5,,,22.0,22.7,21.7,-23.91,1.29,0.92,0,1,0,0,1,0,0,"[0, 0, 224]",,,,,,,,,,1,,
2026-07-13 05:25:14.112907,,64,23.7,25.5,25.7,1.22,1.52,0.09,24.5,,,22.0,22.7,21.7,-23.91,1.69,0.81,0,1,0,0,1,0,0,"[0, 0, 224]",,,,,,,,,,1,,
2026-07-13 05:25:14.225288,,64,23.7,25.5,25.7,1.19,1.49,2.24,24.2,,,22.0,22.7,21.7,-23.91,1.49,1.28,0,1,0,0,1,0,0,"[0, 0, 224]",,,,,,,,,,1,,
2026-07-13 05:25:14.335979,,64,23.7,25.5,25.7,1.45,1.22,2.11,24.2,,,22.0,22.7,21.7,-23.91,1.08,1.15,0,1,0,0,1,0,0,"[0, 0, 224]",,,,,,,,,,1,,
2026-07-13 05:25:14.446257,,64,23.7,25.5,25.7,1.35,1.25,3.85,24.2,,,22.0,22.7,21.7,-23.91,1.08,1.08,0,1,0,0,1,0,0,"[0, 0, 224]",,,,,,,,,,1,,
2026-07-13 05:25:14.557343,,64,23.7,25.5,25.7,1.19,1.42,-0.17,24.2,,,22.0,22.7,21.7,-23.91,1.05,0.92,0,1,0,0,1,0,0,"[0, 0, 224]",,,,,,,,,,1,,
2026-07-13 05:25:14.668084,,64,23.7,25.5,25.7,1.96,1.05,0.49,24.2,,,22.0,22.7,21.7,-23.91,1.12,1.22,0,1,0,0,1,0,0,"[0, 0, 224]",,,,,,,,,,1,,
2026-07-13 05:25:14.778383,,64,23.7,25.5,25.7,1.39,1.45,3.85,24.2,,,22.0,22.7,21.7,-23.91,1.32,0.68,0,1,0,0,1,0,0,"[0, 0, 224]",,,,,,,,,,1,,
2026-07-13 05:25:14.890712,,64,23.7,25.5,25.7,1.02,1.25,0.9,24.2,,,22.0,22.7,21.7,-23.91,1.62,1.22,0,1,0,0,1,0,0,"[0, 0, 224]",,,,,,,,,,1,,
2026-07-13 05:25:15.006661,,64,23.7,25.5,25.7,1.32,1.29,3.45,24.2,,,22.0,22.7,21.7,-23.91,1.15,1.28,0,1,0,0,1,0,0,"[0, 0, 224]",,,,,,,,,,1,,
2026-07-13 05:25:15.117229,,64,23.7,25.5,25.7,1.22,1.39,2.78,24.2,,,22.0,22.7,21.7,-23.91,1.08,1.32,0,1,0,0,1,0,0,"[0, 0, 224]",,,,,,,,,,1,,
2026-07-13 05:25:15.230617,,64,23.7,25.5,25.7,1.62,1.49,0.49,24.2,,,22.0,22.7,21.7,-23.91,1.62,0.71,0,1,0,0,1,0,0,"[0, 0, 224]",,,,,,,,,,1,,
2026-07-13 05:25:15.340103,,64,23.7,25.5,25.7,1.66,1.08,0.36,24.2,,,22.0,22.7,21.7,-23.91,1.45,1.28,0,1,0,0,1,0,0,"[0, 0, 224]",,,,,,,,,,1,,
2026-07-13 05:25:15.450258,,64,23.7,25.5,25.7,1.35,1.42,1.84,24.2,,,22.0,22.7,21.7,-23.91,1.69,1.22,0,1,0,0,1,0,0,"[0, 0, 224]",,,,,,,,,,1,,
2026-07-13 05:25:15.560197,,64,23.7,25.5,25.7,1.49,1.72,1.84,24.2,,,22.2,22.7,21.7,-23.91,1.49,0.95,0,1,0,0,1,0,0,"[0, 0, 224]",,,,,,,,,,1,,
2026-07-13 05:25:15.670774,,64,23.7,25.5,25.7,1.12,1.15,1.97,24.2,,,22.2,22.7,21.7,-23.91,1.05,1.39,0,1,0,0,1,0,0,"[0, 0, 224]",,,,,,,,,,1,,
2026-07-13 05:25:15.780809,,64,23.7,25.5,25.7,1.39,1.02,1.57,24.2,,,22.2,22.7,21.7,-23.91,1.66,1.15,0,1,0,0,1,0,0,"[0, 0, 224]",,,,,,,,,,1,,
2026-07-13 05:25:15.891031,,64,23.7,25.5,25.7,1.05,1.02,2.11,24.2,,,22.2,22.7,21.7,-23.91,1.45,1.22,0,1,0,0,1,0,0,"[0, 0, 224]",,,,,,,,,,1,,
2026-07-13 05:25:16.008315,,64,23.7,25.5,25.7,1.52,1.55,3.45,24.2,,,22.2,22.7,21.7,-23.91,1.72,1.25,0,1,0,0,1,0,0,"[0, 0, 224]",,,,,,,,,,1,,
2026-07-13 05:25:16.119404,,64,23.7,25.5,25.7,0.95,1.42,0.76,24.2,,,22.2,22.7,21.7,-23.91,1.72,0.92,0,1,0,0,1,0,0,"[0, 0, 224]",,,,,,,,,,1,,
2026-07-13 05:25:16.231918,,64,23.7,25.5,25.7,1.49,1.39,2.37,24.2,,,22.2,22.7,21.7,-23.91,1.62,1.08,0,1,0,0,1,0,0,"[0, 0, 224]",,,,,,,,,,1,,
2026-07-13 05:25:16.342433,,64,23.7,25.5,25.7,1.29,1.45,1.97,24.2,,,22.2,22.7,21.7,-23.91,1.62,0.81,0,1,0,0,1,0,0,"[0, 0, 224]",,,,,,,,,,1,,
2026-07-13 05:25:16.452920,,64,23.7,25.5,25.7,1.22,1.52,1.03,24.2,,,22.2,22.7,21.7,-23.91,1.08,0.75,0,1,0,0,1,0,0,"[0, 0, 224]",,,,,,,,,,1,,
2026-07-13 05:25:16.563535,,64,23.7,25.5,25.7,1.25,1.22,2.91,24.2,,,22.2,22.7,21.7,-23.91,1.15,0.65,0,1,0,0,1,0,0,"[0, 0, 224]",,,,,,,,,,1,,
2026-07-13 05:25:16.674131,,64,23.7,25.5,25.7,1.59,1.35,2.64,24.2,,,22.0,22.7,21.7,-23.91,1.66,0.78,0,1,0,0,1,0,0,"[0, 0, 224]",,,,,,,,,,1,,
2026-07-13 05:25:16.784626,,64,23.7,25.5,25.7,1.39,1.42,2.37,24.2,,,22.0,22.7,21.7,-23.91,1.66,0.78,0,1,0,0,1,0,0,"[0, 0, 224]",,,,,,,,,,1,,
2026-07-13 05:25:16.894502,,64,23.7,25.5,25.7,1.05,1.02,1.3,24.2,,,22.0,22.7,21.7,-23.91,1.25,1.28,0,1,0,0,1,0,0,"[0, 0, 224]",,,,,,,,,,1,,
2026-07-13 05:25:17.006121,,64,23.7,25.5,25.7,1.45,1.59,3.85,24.2,,,22.0,22.7,21.7,-23.91,1.69,1.28,0,1,0,0,1,0,0,"[0, 0, 224]",,,,,,,,,,1,,
2026-07-13 05:25:17.119480,,64,23.7,25.5,25.7,1.02,1.39,3.85,24.2,,,22.0,22.7,21.7,-23.91,1.35,0.85,0,1,0,0,1,0,0,"[0, 0, 224]",,,,,,,,,,1,,
2026-07-13 05:25:17.236466,,64,23.7,25.5,25.7,0.95,1.62,0.76,24.2,,,22.0,22.7,21.7,-23.91,1.25,0.71,0,1,0,0,1,0,0,"[0, 0, 224]",,,,,,,,,,1,,
2026-07-13 05:25:17.348441,,64,23.7,25.5,25.7,0.98,1.08,-0.57,24.2,,,22.0,22.7,21.7,-23.91,1.39,1.02,0,1,0,0,1,0,0,"[0, 0, 224]",,,,,,,,,,1,,
2026-07-13 05:25:17.458813,,64,23.7,25.5,25.7,1.49,1.32,3.05,23.7,,,22.0,22.7,21.7,-23.91,1.66,0.68,0,1,0,0,1,0,0,"[0, 0, 224]",,,,,,,,,,1,,
2026-07-13 05:25:17.569920,,64,23.7,25.5,25.7,1.29,1.45,1.03,23.7,,,22.0,22.7,21.7,-23.91,1.66,1.32,0,1,0,0,1,0,0,"[0, 0, 224]",,,,,,,,,,1,,
2026-07-13 05:25:17.680576,,64,23.7,25.5,25.7,1.12,1.62,4.25,23.7,,,22.0,22.7,21.7,-23.91,1.69,1.28,0,1,0,0,1,0,0,"[0, 0, 224]",,,,,,,,,,1,,
2026-07-13 05:25:17.791764,,64,23.7,25.5,25.7,1.62,1.59,3.58,23.7,,,22.2,22.7,21.7,-23.91,1.12,0.68,0,1,0,0,1,0,0,"[0, 0, 224]",,,,,,,,,,1,,
2026-07-13 05:25:17.902569,,64,23.7,25.5,25.7,1.12,1.66,1.57,23.7,,,22.2,22.7,21.7,-23.91,1.45,1.25,0,1,0,0,1,0,0,"[0, 0, 224]",,,,,,,,,,1,,
2026-07-13 05:25:18.013036,,64,23.7,25.5,25.7,1.42,1.25,2.11,23.7,,,22.2,22.7,21.7,-23.91,1.66,0.68,0,1,0,0,1,0,0,"[0, 0, 224]",,,,,,,,,,1,,
2026-07-13 05:25:18.123428,,64,23.7,25.5,25.7,1.02,1.15,1.84,23.7,,,22.2,22.7,21.7,-23.91,1.08,0.78,0,1,0,0,1,0,0,"[0, 0, 224]",,,,,,,,,,1,,
2026-07-13 05:25:18.253806,,64,23.7,25.5,25.7,1.19,1.62,1.84,23.7,,,22.2,22.7,21.7,-23.91,1.45,1.18,0,1,0,0,1,0,0,"[0, 0, 224]",,,,,,,,,,1,,
2026-07-13 05:25:18.364325,,64,23.7,25.5,25.7,1.42,1.62,2.24,23.7,,,22.2,22.7,21.7,-23.91,1.02,0.85,0,1,0,0,1,0,0,"[0, 0, 224]",,,,,,,,,,1,,
2026-07-13 05:25:18.474192,,64,23.7,25.5,25.7,1.45,1.02,-0.03,23.7,,,22.2,22.7,21.7,-23.91,1.35,1.32,0,1,0,0,1,0,0,"[0, 0, 224]",,,,,,,,,,1,,
2026-07-13 05:25:18.583720,,64,23.7,25.5,25.7,1.45,1.29,2.91,23.7,,,22.2,22.7,21.7,-23.91,1.35,0.68,0,1,0,0,1,0,0,"[0, 0, 224]",,,,,,,,,,1,,
2026-07-13 05:25:18.694148,,64,23.7,25.5,25.7,1.32,1.29,0.76,23.7,,,22.2,22.7,21.7,-23.91,1.22,1.28,0,1,0,0,1,0,0,"[0, 0, 224]",,,,,,,,,,1,,
2026-07-13 05:25:18.803925,,64,23.7,25.5,25.7,1.25,1.19,1.97,23.7,,,22.2,22.7,21.7,-23.91,1.32,1.32,0,1,0,0,1,0,0,"[0, 0, 224]",,,,,,,,,,1,,
2026-07-13 05:25:18.914339,,64,23.7,25.5,25.7,1.45,1.66,3.45,23.7,,,22.2,22.7,21.7,-23.91,1.69,0.95,0,1,0,0,1,0,0,"[0, 0, 224]",,,,,,,,,,1,,
2026-07-13 05:25:19.024573,,64,23.7,25.5,25.7,1.08,1.45,0.36,23.7,,,22.2,22.7,21.7,-23.91,1.25,0.95,0,1,0,0,1,0,0,"[0, 0, 224]",,,,,,,,,,1,,
2026-07-13 05:25:19.135547,,64,23.7,25.5,25.7,1.62,1.12,3.99,23.7,,,22.2,22.7,21.7,-23.91,1.52,1.18,0,1,0,0,1,0,0,"[0, 0, 224]",,,,,,,,,,1,,
2026-07-13 05:25:19.247163,,64,23.7,25.5,25.7,1.12,1.55,1.57,23.7,,,22.2,22.7,21.7,-23.91,1.25,0.95,0,1,0,0,1,0,0,"[0, 0, 224]",,,,,,,,,,1,,
2026-07-13 05:25:19.358727,,64,23.7,25.5,25.7,1.29,1.12,1.84,23.7,,,22.2,22.7,21.7,-23.91,1.69,1.18,0,1,0,0,1,0,0,"[0, 0, 224]",,,,,,,,,,1,,
2026-07-13 05:25:19.548672,,64,23.7,25.5,25.7,1.19,1.69,1.7,23.7,,,22.2,22.7,21.7,-23.91,1.55,1.08,0,1,0,0,1,0,0,"[0, 0, 224]",,,,,,,,,,1,,
2026-07-13 05:25:19.658994,,64,23.7,25.5,25.7,1.08,1.12,2.78,23.7,,,22.2,22.7,21.7,-23.91,1.62,1.25,0,1,0,0,1,0,0,"[0, 0, 224]",,,,,,,,,,1,,
2026-07-13 05:25:19.768421,,64,23.7,25.5,25.7,1.08,1.69,0.9,23.7,,,22.2,22.7,21.7,-23.91,1.59,0.61,0,1,0,0,1,0,0,"[0, 0, 224]",,,,,,,,,,1,,
2026-07-13 05:25:19.878438,,64,23.7,25.5,25.7,1.39,1.72,1.3,23.7,,,22.2,22.7,21.7,-23.91,1.35,1.42,0,1,0,0,1,0,0,"[0, 0, 224]",,,,,,,,,,1,,
2026-07-13 05:25:19.998939,,64,23.7,25.5,25.7,1.45,1.52,0.49,23.7,,,22.0,22.7,21.7,-23.91,1.66,0.98,0,1,0,0,1,0,0,"[0, 0, 224]",,,,,,,,,,1,,
2026-07-13 05:25:20.109604,,64,23.7,25.5,25.7,1.08,1.55,0.76,23.7,,,22.0,22.7,21.7,-23.91,1.55,0.81,0,1,0,0,1,0,0,"[0, 0, 224]",,,,,,,,,,1,,
2026-07-13 05:25:20.219532,,64,23.7,25.5,25.7,1.55,1.45,1.97,23.7,,,22.0,22.7,21.7,-23.91,1.59,1.25,0,1,0,0,1,0,0,"[0, 0, 224]",,,,,,,,,,1,,
2026-07-13 05:25:20.330030,,64,23.7,25.5,25.7,1.22,1.25,3.18,23.7,,,22.0,22.7,21.7,-23.91,1.62,1.32,0,1,0,0,1,0,0,"[0, 0, 224]",,,,,,,,,,1,,
2026-07-13 05:25:20.439717,,64,23.7,25.5,25.7,1.66,1.66,0.76,23.7,,,22.0,22.7,21.7,-23.91,1.12,0.65,0,1,0,0,1,0,0,"[0, 0, 224]",,,,,,,,,,1,,
2026-07-13 05:25:20.552361,,64,23.7,25.5,25.7,1.15,1.15,3.99,23.7,,,22.0,22.7,21.7,-23.91,1.42,0.65,0,1,0,0,1,0,0,"[0, 0, 224]",,,,,,,,,,1,,
2026-07-13 05:25:20.662486,,64,23.7,25.5,25.7,1.25,1.12,-0.44,23.7,,,22.0,22.7,21.7,-23.91,1.59,0.95,0,1,0,0,1,0,0,"[0, 0, 224]",,,,,,,,,,1,,
2026-07-13 05:25:20.772054,,64,23.7,25.5,25.7,1.12,1.55,1.03,23.2,,,22.0,22.7,21.7,-23.91,1.08,0.65,0,1,0,0,1,0,0,"[0, 0, 224]",,,,,,,,,,1,,
2026-07-13 05:25:20.881947,,64,23.7,25.5,25.7,1.35,1.55,1.3,23.2,,,22.0,22.7,21.7,-23.91,1.66,1.05,0,1,0,0,1,0,0,"[0, 0, 224]",,,,,,,,,,1,,
2026-07-13 05:25:21.001643,,64,23.7,25.5,25.7,1.12,1.08,1.03,23.2,,,22.0,22.7,21.7,-23.91,1.05,0.65,0,1,0,0,1,0,0,"[0, 0, 224]",,,,,,,,,,1,,
2026-07-13 05:25:21.112367,,64,23.7,25.5,25.7,1.15,1.32,3.99,23.2,,,22.0,22.7,21.7,-23.91,1.02,0.81,0,1,0,0,1,0,0,"[0, 0, 224]",,,,,,,,,,1,,
2026-07-13 05:25:21.223321,,64,23.7,25.5,25.7,1.35,1.29,1.57,23.2,,,22.0,22.7,21.7,-23.91,1.08,0.85,0,1,0,0,1,0,0,"[0, 0, 224]",,,,,,,,,,1,,
2026-07-13 05:25:21.333793,,64,23.7,25.5,25.7,1.29,1.22,4.12,23.2,,,22.0,22.7,21.7,-23.91,1.66,1.32,0,1,0,0,1,0,0,"[0, 0, 224]",,,,,,,,,,1,,
2026-07-13 05:25:21.443730,,64,23.7,25.5,25.7,1.12,1.15,1.57,23.2,,,22.0,22.7,21.7,-23.91,1.02,1.02,0,1,0,0,1,0,0,"[0, 0, 224]",,,,,,,,,,1,,
2026-07-13 05:25:21.557026,,64,23.7,25.5,25.7,1.22,1.66,2.37,23.2,,,22.0,22.7,21.7,-23.91,1.66,0.85,0,1,0,0,1,0,0,"[0, 0, 224]",,,,,,,,,,1,,
2026-07-13 05:25:21.668596,,64,23.7,25.5,25.7,1.72,1.45,0.63,23.2,,,22.0,22.7,21.7,-23.91,1.59,0.81,0,1,0,0,1,0,0,"[0, 0, 224]",,,,,,,,,,1,,
2026-07-13 05:25:21.779384,,64,23.7,25.5,25.7,1.29,0.95,3.31,23.2,,,22.0,22.7,21.7,-23.91,1.62,0.85,0,1,0,0,1,0,0,"[0, 0, 224]",,,,,,,,,,1,,
2026-07-13 05:25:21.889202,,64,23.7,25.5,25.7,1.49,1.15,1.7,23.2,,,22.0,22.7,21.7,-23.91,1.39,0.88,0,1,0,0,1,0,0,"[0, 0, 224]",,,,,,,,,,1,,
2026-07-13 05:25:22.010977,,64,23.7,25.5,25.7,1.35,1.32,0.23,23.2,,,22.0,22.7,21.7,-23.91,1.35,1.25,0,1,0,0,1,0,0,"[0, 0, 224]",,,,,,,,,,1,,
2026-07-13 05:25:22.121353,,64,23.7,25.5,25.7,1.42,1.39,1.7,23.2,,,22.2,22.7,21.7,-23.91,1.66,0.71,0,1,0,0,1,0,0,"[0, 0, 224]",,,,,,,,,,1,,
2026-07-13 05:25:22.231428,,64,23.7,25.5,25.7,1.29,1.22,1.17,23.2,,,22.2,22.7,21.7,-23.91,1.12,0.98,0,1,0,0,1,0,0,"[0, 0, 224]",,,,,,,,,,1,,
2026-07-13 05:25:22.342282,,64,23.7,25.5,25.7,1.59,1.42,0.9,23.2,,,22.2,22.7,21.7,-23.91,1.66,0.71,0,1,0,0,1,0,0,"[0, 0, 224]",,,,,,,,,,1,,
2026-07-13 05:25:22.452970,,64,23.7,25.5,25.7,1.42,1.25,1.03,23.2,,,22.2,22.7,21.7,-23.91,1.15,0.65,0,1,0,0,1,0,0,"[0, 0, 224]",,,,,,,,,,1,,
2026-07-13 05:25:22.563634,,64,23.7,25.5,25.7,1.19,1.52,1.3,23.2,,,22.2,22.7,21.7,-23.91,1.05,0.95,0,1,0,0,1,0,0,"[0, 0, 224]",,,,,,,,,,1,,
2026-07-13 05:25:22.676242,,64,23.7,25.5,25.7,1.29,1.62,0.09,23.2,,,22.2,22.7,21.7,-23.91,1.52,1.18,0,1,0,0,1,0,0,"[0, 0, 224]",,,,,,,,,,1,,
2026-07-13 05:25:22.786729,,64,23.7,25.5,25.7,1.42,1.25,2.91,23.2,,,22.2,22.7,21.7,-23.91,1.62,0.68,0,1,0,0,1,0,0,"[0, 0, 224]",,,,,,,,,,1,,
2026-07-13 05:25:22.896762,,64,23.7,25.5,25.7,1.02,1.02,3.72,23.2,,,22.2,22.7,21.7,-23.91,1.05,0.61,0,1,0,0,1,0,0,"[0, 0, 224]",,,,,,,,,,1,,
2026-07-13 05:25:23.009147,,64,23.7,25.5,25.7,0.92,1.05,1.17,23.2,,,22.2,22.7,21.7,-23.91,1.25,1.02,0,1,0,0,1,0,0,"[0, 0, 224]",,,,,,,,,,1,,
2026-07-13 05:25:23.119695,,64,23.7,25.5,25.7,1.45,1.55,2.78,23.2,,,22.2,22.7,21.7,-23.91,1.49,1.32,0,1,0,0,1,0,0,"[0, 0, 224]",,,,,,,,,,1,,
2026-07-13 05:25:23.230288,,64,23.7,25.5,25.7,1.19,1.55,0.63,23.2,,,22.2,22.7,21.7,-23.91,1.19,1.28,0,1,0,0,1,0,0,"[0, 0, 224]",,,,,,,,,,1,,
2026-07-13 05:25:23.340397,,64,23.7,25.5,25.7,1.69,1.32,0.23,23.2,,,22.2,22.7,21.7,-23.91,1.02,1.35,0,1,0,0,1,0,0,"[0, 0, 224]",,,,,,,,,,1,,
2026-07-13 05:25:23.450780,,64,23.7,25.5,25.7,1.15,1.25,0.49,23.2,,,22.2,22.7,21.7,-23.91,1.66,1.22,0,1,0,0,1,0,0,"[0, 0, 224]",,,,,,,,,,1,,
2026-07-13 05:25:23.561631,,64,23.7,25.5,25.7,1.45,1.08,1.7,23.2,,,22.2,22.7,21.7,-23.91,1.25,1.22,0,1,0,0,1,0,0,"[0, 0, 224]",,,,,,,,,,1,,
2026-07-13 05:25:23.675625,,64,23.7,25.5,25.7,1.32,1.35,1.43,23.2,,,22.2,22.7,21.7,-23.91,1.22,1.35,0,1,0,0,1,0,0,"[0, 0, 224]",,,,,,,,,,1,,
2026-07-13 05:25:23.783853,,64,23.7,25.5,25.7,1.55,1.45,-0.17,23.2,,,22.2,22.7,21.7,-23.91,1.66,0.68,0,1,0,0,1,0,0,"[0, 0, 224]",,,,,,,,,,1,,
2026-07-13 05:25:23.889623,,64,23.7,25.5,25.7,1.52,1.25,-0.3,23.2,,,22.2,22.7,21.7,-23.91,1.62,1.32,0,1,0,0,1,0,0,"[0, 0, 224]",,,,,,,,,,1,,
2026-07-13 05:25:24.002517,,64,23.7,25.5,25.7,1.59,1.15,3.99,23.2,,,22.2,22.7,21.7,-23.91,1.02,0.81,0,1,0,0,1,0,0,"[0, 0, 224]",,,,,,,,,,1,,
2026-07-13 05:25:24.107299,,64,23.7,25.5,25.7,1.22,1.22,1.03,23.2,,,22.2,22.7,21.7,-23.91,1.66,1.22,0,1,0,0,1,0,0,"[0, 0, 224]",,,,,,,,,,1,,
2026-07-13 05:25:24.211050,,64,23.7,25.5,25.7,1.02,1.25,-0.44,23.2,,,22.2,22.7,21.7,-23.91,1.45,0.81,0,1,0,0,1,0,0,"[0, 0, 224]",,,,,,,,,,1,,
2026-07-13 05:25:24.315480,,64,23.7,25.5,25.7,1.19,1.08,1.84,23.2,,,22.2,22.7,21.7,-23.91,1.59,0.78,0,1,0,0,1,0,0,"[0, 0, 224]",,,,,,,,,,1,,
2026-07-13 05:25:24.419481,,64,23.7,25.5,25.7,1.29,1.59,0.76,23.2,,,22.2,22.7,21.7,-23.91,1.39,1.02,0,1,0,0,1,0,0,"[0, 0, 224]",,,,,,,,,,1,,
2026-07-13 05:25:24.524144,,64,23.7,25.5,25.7,1.12,1.35,0.36,23.2,,,22.2,22.7,21.7,-23.91,1.52,1.02,0,1,0,0,1,0,0,"[0, 0, 224]",,,,,,,,,,1,,
2026-07-13 05:25:24.628433,,64,23.7,25.5,25.7,1.42,1.12,1.17,23.2,,,22.2,22.7,21.7,-23.91,1.22,1.15,0,1,0,0,1,0,0,"[0, 0, 224]",,,,,,,,,,1,,
2026-07-13 05:25:24.734855,,64,23.7,25.5,25.7,1.05,1.25,1.84,23.2,,,22.2,22.7,21.7,-23.91,1.12,1.18,0,1,0,0,1,0,0,"[0, 0, 224]",,,,,,,,,,1,,
2026-07-13 05:25:24.846059,,64,23.7,25.5,25.7,1.45,1.35,0.63,23.2,,,22.2,22.7,21.7,-23.91,1.69,1.05,0,1,0,0,1,0,0,"[0, 0, 224]",,,,,,,,,,1,,
2026-07-13 05:25:24.963188,,64,23.7,25.5,25.7,1.22,1.49,2.78,23.2,,,22.2,22.7,21.7,-23.91,0.98,1.22,0,1,0,0,1,0,0,"[0, 0, 224]",,,,,,,,,,1,,
2026-07-13 05:25:25.079241,,64,23.7,25.5,25.7,1.25,1.55,4.12,23.2,,,22.2,22.7,21.7,-23.91,1.52,0.85,0,1,0,0,1,0,0,"[0, 0, 224]",,,,,,,,,,1,,
2026-07-13 05:25:25.186551,,64,23.7,25.5,25.7,1.42,1.59,0.23,23.2,,,22.2,22.7,21.7,-23.91,1.05,1.15,0,1,0,0,1,0,0,"[0, 0, 224]",,,,,,,,,,1,,
2026-07-13 05:25:25.291493,,64,23.7,25.5,25.7,1.12,1.49,1.57,23.2,,,22.2,22.7,21.7,-23.91,1.45,0.68,0,1,0,0,1,0,0,"[0, 0, 224]",,,,,,,,,,1,,
2026-07-13 05:25:25.396036,,64,23.7,25.5,25.7,1.19,1.49,3.05,23.2,,,22.2,22.7,21.7,-23.91,1.02,1.15,0,1,0,0,1,0,0,"[0, 0, 224]",,,,,,,,,,1,,
2026-07-13 05:25:25.501734,,64,23.7,25.5,25.7,1.39,1.72,2.91,23.2,,,22.2,22.7,21.7,-23.91,1.19,1.28,0,1,0,0,1,0,0,"[0, 0, 224]",,,,,,,,,,1,,
2026-07-13 05:25:25.608966,,64,23.7,25.5,25.7,0.98,1.59,-0.03,23.2,,,22.2,22.7,21.7,-23.91,1.25,0.78,0,1,0,0,1,0,0,"[0, 0, 224]",,,,,,,,,,1,,
2026-07-13 05:25:25.712968,,64,23.7,25.5,25.7,1.55,1.62,2.64,23.2,,,22.2,22.7,21.7,-23.91,1.08,1.32,0,1,0,0,1,0,0,"[0, 0, 224]",,,,,,,,,,1,,
2026-07-13 05:25:25.817587,,64,23.7,25.5,25.7,1.32,1.15,3.31,23.2,,,22.2,22.7,21.7,-23.91,1.62,1.32,0,1,0,0,1,0,0,"[0, 0, 224]",,,,,,,,,,1,,
2026-07-13 05:25:25.923925,,64,23.7,25.5,25.7,1.52,1.19,0.23,23.2,,,22.2,22.7,21.7,-23.91,1.32,1.22,0,1,0,0,1,0,0,"[0, 0, 224]",,,,,,,,,,1,,
2026-07-13 05:25:26.035366,,64,23.7,25.5,25.7,1.22,1.39,1.7,23.2,,,22.2,22.7,21.7,-23.91,1.12,0.71,0,1,0,0,1,0,0,"[0, 0, 224]",,,,,,,,,,1,,
2026-07-13 05:25:26.142800,,64,23.7,25.5,25.7,1.12,1.55,2.51,23.2,,,22.2,22.7,21.7,-23.91,1.15,1.22,0,1,0,0,1,0,0,"[0, 0, 224]",,,,,,,,,,1,,
2026-07-13 05:25:26.248024,,64,23.7,25.5,25.7,1.12,1.35,1.7,23.2,,,22.2,22.7,21.7,-23.91,1.02,0.71,0,1,0,0,1,0,0,"[0, 0, 224]",,,,,,,,,,1,,
2026-07-13 05:25:26.351817,,64,23.7,25.5,25.7,1.45,1.52,0.76,23.2,,,22.2,22.7,21.7,-23.91,1.66,1.22,0,1,0,0,1,0,0,"[0, 0, 224]",,,,,,,,,,1,,
2026-07-13 05:25:26.457421,,64,23.7,25.5,25.7,1.12,1.55,1.3,23.2,,,22.2,22.7,21.7,-23.91,1.66,1.28,0,1,0,0,1,0,0,"[0, 0, 224]",,,,,,,,,,1,,
2026-07-13 05:25:26.561504,,64,23.7,25.5,25.7,1.32,1.69,-0.44,23.2,,,22.2,22.7,21.7,-23.91,1.45,1.28,0,1,0,0,1,0,0,"[0, 0, 224]",,,,,,,,,,1,,
2026-07-13 05:25:26.665109,,64,23.7,25.5,25.7,1.45,1.52,3.05,23.2,,,22.2,22.7,21.7,-23.91,1.66,0.95,0,1,0,0,1,0,0,"[0, 0, 224]",,,,,,,,,,1,,
2026-07-13 05:25:26.768586,,64,23.7,25.5,25.7,1.35,1.55,2.24,23.2,,,22.2,22.7,21.7,-23.91,1.29,0.75,0,1,0,0,1,0,0,"[0, 0, 224]",,,,,,,,,,1,,
2026-07-13 05:25:26.872809,,64,23.7,25.5,25.7,1.15,1.55,2.78,23.2,,,22.2,22.7,21.7,-23.91,1.59,0.85,0,1,0,0,1,0,0,"[0, 0, 224]",,,,,,,,,,1,,
2026-07-13 05:25:26.986932,,64,23.7,25.5,25.7,1.25,1.25,-0.17,23.2,,,22.2,22.7,21.7,-23.91,0.98,0.78,0,1,0,0,1,0,0,"[0, 0, 224]",,,,,,,,,,1,,
2026-07-13 05:25:27.091398,,64,23.7,25.5,25.7,1.15,1.19,0.36,23.2,,,22.2,22.7,21.7,-23.91,1.22,1.22,0,1,0,0,1,0,0,"[0, 0, 224]",,,,,,,,,,1,,
2026-07-13 05:25:27.195474,,64,23.7,25.5,25.7,1.32,1.25,1.43,22.5,,,22.2,22.7,21.7,-23.91,1.42,0.75,0,1,0,0,1,0,0,"[0, 0, 224]",,,,,,,,,,1,,
2026-07-13 05:25:27.299981,,64,23.7,25.5,25.7,1.08,1.52,1.84,22.5,,,22.2,22.7,21.7,-23.91,1.39,0.71,0,1,0,0,1,0,0,"[0, 0, 224]",,,,,,,,,,1,,
2026-07-13 05:25:27.404571,,64,23.7,25.5,25.7,1.32,1.29,0.49,22.5,,,22.2,22.7,21.7,-23.91,1.29,0.65,0,1,0,0,1,0,0,"[0, 0, 224]",,,,,,,,,,1,,
2026-07-13 05:25:27.510871,,64,23.7,25.5,25.7,1.39,1.15,2.51,22.5,,,22.2,22.7,21.7,-23.91,1.52,1.05,0,1,0,0,1,0,0,"[0, 0, 224]",,,,,,,,,,1,,
2026-07-13 05:25:27.615437,,64,23.7,25.5,25.7,1.12,1.66,0.49,22.5,,,22.2,22.7,21.7,-23.91,0.98,0.75,0,1,0,0,1,0,0,"[0, 0, 224]",,,,,,,,,,1,,
2026-07-13 05:25:27.719025,,64,23.7,25.5,25.7,1.52,1.76,1.7,22.5,,,22.2,22.7,21.7,-23.91,1.29,0.95,0,1,0,0,1,0,0,"[0, 0, 224]",,,,,,,,,,1,,
2026-07-13 05:25:27.823395,,64,23.7,25.5,25.7,1.35,1.45,0.63,22.5,,,22.2,22.7,21.7,-23.91,1.45,1.05,0,1,0,0,1,0,0,"[0, 0, 224]",,,,,,,,,,1,,
2026-07-13 05:25:27.927641,,64,23.7,25.5,25.7,0.95,1.32,1.43,22.5,,,22.2,22.7,21.7,-23.91,1.08,1.28,0,1,0,0,1,0,0,"[0, 0, 224]",,,,,,,,,,1,,
2026-07-13 05:25:28.033257,,64,23.7,25.5,25.7,1.08,1.52,-0.3,22.5,,,22.2,22.7,21.7,-23.91,1.55,1.22,0,1,0,0,1,0,0,"[0, 0, 224]",,,,,,,,,,1,,
2026-07-13 05:25:28.138862,,64,23.7,25.5,25.7,1.42,1.25,-0.7,22.5,,,22.2,22.7,21.7,-23.91,0.88,1.15,0,1,0,0,1,0,0,"[0, 0, 224]",,,,,,,,,,1,,
2026-07-13 05:25:28.243417,,64,23.7,25.5,25.7,1.45,1.55,1.43,22.5,,,22.2,22.7,21.7,-23.91,1.19,1.22,0,1,0,0,1,0,0,"[0, 0, 224]",,,,,,,,,,1,,
2026-07-13 05:25:28.349687,,64,23.7,25.5,25.7,1.72,1.55,3.05,22.5,,,22.2,22.7,21.7,-23.91,1.59,0.88,0,1,0,0,1,0,0,"[0, 0, 224]",,,,,,,,,,1,,
2026-07-13 05:25:28.456148,,64,23.7,25.5,25.7,1.08,1.66,2.37,22.5,,,22.2,22.7,21.7,-23.91,1.59,0.92,0,1,0,0,1,0,0,"[0, 0, 224]",,,,,,,,,,1,,
2026-07-13 05:25:28.560088,,64,23.7,25.5,25.7,1.39,1.55,0.49,22.5,,,22.2,22.7,21.7,-23.91,1.25,0.85,0,1,0,0,1,0,0,"[0, 0, 224]",,,,,,,,,,1,,
2026-07-13 05:25:28.664038,,64,23.7,25.5,25.7,1.59,1.52,2.51,22.5,,,22.2,22.7,21.7,-23.91,1.02,1.32,0,1,0,0,1,0,0,"[0, 0, 224]",,,,,,,,,,1,,
2026-07-13 05:25:28.768558,,64,23.7,25.5,25.7,1.29,1.62,1.3,22.5,,,22.2,22.7,21.7,-23.91,1.45,1.25,0,1,0,0,1,0,0,"[0, 0, 224]",,,,,,,,,,1,,
2026-07-13 05:25:28.872555,,64,23.7,25.5,25.7,1.52,1.29,2.37,22.5,,,22.2,22.7,21.7,-23.91,1.29,1.08,0,1,0,0,1,0,0,"[0, 0, 224]",,,,,,,,,,1,,
2026-07-13 05:25:28.976294,,64,23.7,25.5,25.7,1.35,1.08,2.51,22.5,,,22.2,22.7,21.7,-23.91,1.19,0.55,0,1,0,0,1,0,0,"[0, 0, 224]",,,,,,,,,,1,,
2026-07-13 05:25:29.086826,,64,23.7,25.5,25.7,1.42,1.55,3.31,22.5,,,22.2,22.7,21.7,-23.91,1.02,0.78,0,1,0,0,1,0,0,"[0, 0, 224]",,,,,,,,,,1,,
2026-07-13 05:25:29.190781,,64,23.7,25.5,25.7,1.55,1.55,0.9,22.5,,,22.2,22.7,21.7,-23.91,1.32,0.68,0,1,0,0,1,0,0,"[0, 0, 224]",,,,,,,,,,1,,
2026-07-13 05:25:29.295088,,64,23.7,25.5,25.7,1.42,1.62,1.97,22.5,,,22.2,22.7,21.7,-23.91,1.49,1.22,0,1,0,0,1,0,0,"[0, 0, 224]",,,,,,,,,,1,,
2026-07-13 05:25:29.401802,,64,23.7,25.5,25.7,0.98,1.12,-0.03,22.5,,,22.2,22.7,21.7,-23.91,0.98,1.22,0,1,0,0,1,0,0,"[0, 0, 224]",,,,,,,,,,1,,
2026-07-13 05:25:29.505681,,64,23.7,25.5,25.7,0.98,1.05,0.36,22.5,,,22.2,22.7,21.7,-23.91,1.02,1.32,0,1,0,0,1,0,0,"[0, 0, 224]",,,,,,,,,,1,,
2026-07-13 05:25:29.610046,,64,23.7,25.5,25.7,1.15,1.35,0.9,22.5,,,22.2,22.7,21.7,-23.91,1.49,0.85,0,1,0,0,1,0,0,"[0, 0, 224]",,,,,,,,,,1,,
2026-07-13 05:25:29.714212,,64,23.7,25.5,25.7,1.35,1.25,1.57,22.5,,,22.2,22.7,21.7,-23.91,1.49,1.22,0,1,0,0,1,0,0,"[0, 0, 224]",,,,,,,,,,1,,
2026-07-13 05:25:29.817925,,64,23.7,25.5,25.7,0.98,1.52,1.97,22.5,,,22.2,22.7,21.7,-23.91,1.29,1.22,0,1,0,0,1,0,0,"[0, 0, 224]",,,,,,,,,,1,,
2026-07-13 05:25:29.921658,,64,23.7,25.5,25.7,1.42,1.05,2.24,22.5,,,22.2,22.7,21.7,-23.91,1.39,0.75,0,1,0,0,1,0,0,"[0, 0, 224]",,,,,,,,,,1,,
2026-07-13 05:25:30.036402,,64,23.7,25.5,25.7,1.35,1.02,2.91,22.5,,,22.2,22.7,21.7,-23.91,1.62,1.05,0,1,0,0,1,0,0,"[0, 0, 224]",,,,,,,,,,1,,
2026-07-13 05:25:30.143728,,64,23.7,25.5,25.7,1.29,1.22,0.76,22.5,,,22.2,22.7,21.7,-23.91,0.98,1.22,0,1,0,0,1,0,0,"[0, 0, 224]",,,,,,,,,,1,,
2026-07-13 05:25:30.248738,,64,23.7,25.5,25.7,1.08,1.66,3.45,22.5,,,22.2,22.7,21.7,-23.91,1.32,1.28,0,1,0,0,1,0,0,"[0, 0, 224]",,,,,,,,,,1,,
2026-07-13 05:25:30.354331,,64,23.7,25.5,25.7,1.29,1.39,1.97,22.5,,,22.2,22.7,21.7,-23.91,1.02,0.75,0,1,0,0,1,0,0,"[0, 0, 224]",,,,,,,,,,1,,
2026-07-13 05:25:30.457865,,64,23.7,25.5,25.7,1.22,1.55,-0.84,22.5,,,22.2,22.7,21.7,-23.91,1.25,1.28,0,1,0,0,1,0,0,"[0, 0, 224]",,,,,,,,,,1,,
2026-07-13 05:25:30.562220,,64,23.7,25.5,25.7,1.39,1.55,4.12,22.2,,,22.2,22.7,21.7,-23.91,1.49,1.12,0,1,0,0,1,0,0,"[0, 0, 224]",,,,,,,,,,1,,
2026-07-13 05:25:30.666661,,64,23.7,25.5,25.7,1.19,1.29,-0.7,22.2,,,22.2,22.7,21.7,-23.91,0.98,1.18,0,1,0,0,1,0,0,"[0, 0, 224]",,,,,,,,,,1,,
2026-07-13 05:25:30.770328,,64,23.7,25.5,25.7,0.85,1.42,-0.57,22.2,,,22.2,22.7,21.7,-23.91,1.05,0.95,0,1,0,0,1,0,0,"[0, 0, 224]",,,,,,,,,,1,,
2026-07-13 05:25:30.874600,,64,23.7,25.5,25.7,1.22,1.52,2.78,22.2,,,22.2,22.7,21.7,-23.91,1.59,0.92,0,1,0,0,1,0,0,"[0, 0, 224]",,,,,,,,,,1,,
2026-07-13 05:25:30.978547,,64,23.7,25.5,25.7,1.08,1.08,1.3,22.2,,,22.2,22.7,21.7,-23.91,1.49,0.68,0,1,0,0,1,0,0,"[0, 0, 224]",,,,,,,,,,1,,
2026-07-13 05:25:31.092756,,64,23.7,25.5,25.7,1.29,1.55,1.43,22.2,,,22.2,22.7,21.7,-23.91,0.98,1.28,0,1,0,0,1,0,0,"[0, 0, 224]",,,,,,,,,,1,,
2026-07-13 05:25:31.197864,,64,23.7,25.5,25.7,1.42,1.52,1.7,22.2,,,22.2,22.7,21.7,-23.91,1.45,0.81,0,1,0,0,1,0,0,"[0, 0, 224]",,,,,,,,,,1,,
2026-07-13 05:25:31.304710,,64,23.7,25.5,25.7,1.66,1.19,-0.44,22.2,,,22.2,22.7,21.7,-23.91,1.35,0.92,0,1,0,0,1,0,0,"[0, 0, 224]",,,,,,,,,,1,,
2026-07-13 05:25:31.408419,,64,23.7,25.5,25.7,1.19,1.19,3.58,22.2,,,22.2,22.7,21.7,-23.91,1.35,0.65,0,1,0,0,1,0,0,"[0, 0, 224]",,,,,,,,,,1,,
2026-07-13 05:25:31.513111,,64,23.7,25.5,25.7,1.39,1.42,-0.17,22.2,,,22.2,22.7,21.7,-23.91,1.02,1.28,0,1,0,0,1,0,0,"[0, 0, 224]",,,,,,,,,,1,,
2026-07-13 05:25:31.617567,,64,23.7,25.5,25.7,1.45,1.49,-0.44,22.2,,,22.2,22.7,21.7,-23.91,1.59,0.92,0,1,0,0,1,0,0,"[0, 0, 224]",,,,,,,,,,1,,
2026-07-13 05:25:31.722122,,64,23.7,25.5,25.7,1.29,1.49,-0.44,22.2,,,22.2,22.7,21.7,-23.91,1.35,1.32,0,1,0,0,1,0,0,"[0, 0, 224]",,,,,,,,,,1,,
2026-07-13 05:25:31.826612,,64,23.7,25.5,25.7,1.35,1.59,2.37,22.2,,,22.2,22.7,21.7,-23.91,1.08,0.71,0,1,0,0,1,0,0,"[0, 0, 224]",,,,,,,,,,1,,
2026-07-13 05:25:31.931775,,64,23.7,25.5,25.7,1.02,1.55,1.3,22.0,,,22.2,22.7,21.7,-23.91,1.49,1.28,0,1,0,0,1,0,0,"[0, 0, 224]",,,,,,,,,,1,,
2026-07-13 05:25:32.049165,,64,23.7,25.5,25.7,1.42,1.66,1.43,22.0,,,22.2,22.7,21.7,-23.91,1.39,1.08,0,1,0,0,1,0,0,"[0, 0, 224]",,,,,,,,,,1,,
2026-07-13 05:25:32.153573,,64,23.7,25.5,25.7,0.98,1.69,1.7,22.0,,,22.2,22.7,21.7,-23.91,1.49,0.65,0,1,0,0,1,0,0,"[0, 0, 224]",,,,,,,,,,1,,
2026-07-13 05:25:32.259476,,64,23.7,25.5,25.7,1.02,1.62,2.11,22.0,,,22.2,22.7,21.7,-23.91,1.25,1.28,0,1,0,0,1,0,0,"[0, 0, 224]",,,,,,,,,,1,,
2026-07-13 05:25:32.366793,,64,23.7,25.5,25.7,1.52,1.69,3.85,22.0,,,22.2,22.7,21.7,-23.91,1.35,0.78,0,1,0,0,1,0,0,"[0, 0, 224]",,,,,,,,,,1,,
2026-07-13 05:25:32.470519,,64,23.7,25.5,25.7,1.39,1.72,0.63,22.0,,,22.2,22.7,21.7,-23.91,1.49,1.28,0,1,0,0,1,0,0,"[0, 0, 224]",,,,,,,,,,1,,
2026-07-13 05:25:32.574127,,64,23.7,25.5,25.7,0.95,1.42,3.05,22.0,,,22.2,22.7,21.7,-23.91,1.32,1.32,0,1,0,0,1,0,0,"[0, 0, 224]",,,,,,,,,,1,,
2026-07-13 05:25:32.678444,,64,23.7,25.5,25.7,1.52,1.05,0.9,22.0,,,22.2,22.7,21.7,-23.91,1.55,1.28,0,1,0,0,1,0,0,"[0, 0, 224]",,,,,,,,,,1,,
2026-07-13 05:25:32.782684,,64,23.7,25.5,25.7,1.19,1.15,-1.11,22.0,,,22.2,22.7,21.7,-23.91,1.25,1.05,0,1,0,0,1,0,0,"[0, 0, 224]",,,,,,,,,,1,,
2026-07-13 05:25:32.886312,,64,23.7,25.5,25.7,0.98,1.15,1.84,22.0,,,22.2,22.7,21.7,-23.91,1.25,1.22,0,1,0,0,1,0,0,"[0, 0, 224]",,,,,,,,,,1,,
2026-07-13 05:25:33.000082,,64,23.7,25.5,25.7,1.12,1.69,0.09,22.0,,,22.2,22.7,21.7,-23.91,1.62,1.22,0,1,0,0,1,0,0,"[0, 0, 224]",,,,,,,,,,1,,
2026-07-13 05:25:33.104908,,64,23.7,25.5,25.7,1.39,1.25,2.37,22.0,,,22.2,22.7,21.7,-23.91,1.12,1.08,0,1,0,0,1,0,0,"[0, 0, 224]",,,,,,,,,,1,,
2026-07-13 05:25:33.209456,,64,23.7,25.5,25.7,1.02,1.08,1.7,22.0,,,22.2,22.7,21.7,-23.91,1.12,1.02,0,1,0,0,1,0,0,"[0, 0, 224]",,,,,,,,,,1,,
2026-07-13 05:25:33.315730,,64,23.7,25.5,25.7,1.35,1.66,1.43,22.0,,,22.2,22.7,21.7,-23.91,1.02,0.78,0,1,0,0,1,0,0,"[0, 0, 224]",,,,,,,,,,1,,
2026-07-13 05:25:33.420072,,64,23.7,25.5,25.7,1.32,1.08,0.9,22.0,,,22.2,22.7,21.7,-23.91,0.95,1.32,0,1,0,0,1,0,0,"[0, 0, 224]",,,,,,,,,,1,,
2026-07-13 05:25:33.524263,,64,23.7,25.5,25.7,1.08,1.62,2.24,22.0,,,22.2,22.7,21.7,-23.91,1.29,0.81,0,1,0,0,1,0,0,"[0, 0, 224]",,,,,,,,,,1,,
2026-07-13 05:25:33.628798,,64,23.7,25.5,25.7,1.12,0.92,1.03,22.0,,,22.2,22.7,21.7,-23.91,1.02,1.15,0,1,0,0,1,0,0,"[0, 0, 224]",,,,,,,,,,1,,
2026-07-13 05:25:33.732889,,64,23.7,25.5,25.7,1.25,1.45,1.84,22.0,,,22.2,22.7,21.7,-23.91,1.59,0.81,0,1,0,0,1,0,0,"[0, 0, 224]",,,,,,,,,,1,,
2026-07-13 05:25:33.836575,,64,23.7,25.5,25.7,0.98,1.19,2.37,22.0,,,22.2,22.7,21.7,-23.91,1.39,1.08,0,1,0,0,1,0,0,"[0, 0, 224]",,,,,,,,,,1,,
2026-07-13 05:25:33.940986,,64,23.7,25.5,25.7,1.02,1.02,0.36,22.0,,,22.2,22.7,21.7,-23.91,0.85,0.65,0,1,0,0,1,0,0,"[0, 0, 224]",,,,,,,,,,1,,
2026-07-13 05:25:34.045718,,64,23.7,25.5,25.7,1.45,1.32,1.43,22.0,,,22.2,22.7,21.7,-23.91,1.55,1.32,0,1,0,0,1,0,0,"[0, 0, 224]",,,,,,,,,,1,,
2026-07-13 05:25:34.150348,,64,23.7,25.5,25.7,1.49,1.25,0.9,22.0,,,22.2,22.7,21.7,-23.91,1.15,1.32,0,1,0,0,1,0,0,"[0, 0, 224]",,,,,,,,,,1,,
2026-07-13 05:25:34.257062,,64,23.7,25.5,25.7,1.59,1.45,1.7,22.0,,,22.2,22.7,21.7,-23.91,1.02,1.22,0,1,0,0,1,0,0,"[0, 0, 224]",,,,,,,,,,1,,
2026-07-13 05:25:34.362734,,64,23.7,25.5,25.7,1.05,1.45,0.76,22.0,,,22.2,22.7,21.7,-23.91,1.22,0.78,0,1,0,0,1,0,0,"[0, 0, 224]",,,,,,,,,,1,,
2026-07-13 05:25:34.468035,,64,23.7,25.5,25.7,1.15,1.12,2.24,22.0,,,22.2,22.7,21.7,-23.91,1.32,1.32,0,1,0,0,1,0,0,"[0, 0, 224]",,,,,,,,,,1,,
2026-07-13 05:25:34.572265,,64,23.7,25.5,25.7,1.08,1.45,0.9,22.0,,,22.2,22.7,21.7,-23.91,1.49,1.32,0,1,0,0,1,0,0,"[0, 0, 224]",,,,,,,,,,1,,
2026-07-13 05:25:34.676688,,64,23.7,25.5,25.7,1.05,0.95,3.05,22.0,,,22.2,22.7,21.7,-23.91,0.95,0.98,0,1,0,0,1,0,0,"[0, 0, 224]",,,,,,,,,,1,,
2026-07-13 05:25:34.780726,,64,23.7,25.5,25.7,1.55,1.55,1.17,22.0,,,22.2,22.7,21.7,-23.91,1.19,1.22,0,1,0,0,1,0,0,"[0, 0, 224]",,,,,,,,,,1,,
2026-07-13 05:25:34.884801,,64,23.7,25.5,25.7,1.08,1.15,2.37,22.0,,,22.2,22.7,21.7,-23.91,1.42,0.92,0,1,0,0,1,0,0,"[0, 0, 224]",,,,,,,,,,1,,
2026-07-13 05:25:35.007188,,64,23.7,25.5,25.7,1.62,1.35,0.9,22.0,,,22.2,22.7,21.7,-23.91,1.55,0.95,0,1,0,0,1,0,0,"[0, 0, 224]",,,,,,,,,,1,,
2026-07-13 05:25:35.112791,,64,23.7,25.5,25.7,0.95,1.32,4.39,22.0,,,22.2,22.7,21.7,-23.91,1.12,1.32,0,1,0,0,1,0,0,"[0, 0, 224]",,,,,,,,,,1,,
2026-07-13 05:25:35.217753,,64,23.7,25.5,25.7,1.39,1.22,1.17,22.0,,,22.2,22.7,21.7,-23.91,1.05,0.95,0,1,0,0,1,0,0,"[0, 0, 224]",,,,,,,,,,1,,
2026-07-13 05:25:35.321718,,64,23.7,25.5,25.5,1.55,1.55,3.45,22.0,,,22.2,22.7,21.7,-23.91,1.52,1.02,0,1,0,0,1,0,0,"[0, 0, 224]",,,,,,,,,,1,,
2026-07-13 05:25:35.425220,,64,23.7,25.5,25.5,1.42,1.15,-0.7,22.0,,,22.2,22.7,21.7,-23.91,0.88,0.71,0,1,0,0,1,0,0,"[0, 0, 224]",,,,,,,,,,1,,
2026-07-13 05:25:35.529266,,64,23.7,25.5,25.5,1.39,1.69,0.76,22.0,,,22.2,22.7,21.7,-23.91,1.12,0.65,0,1,0,0,1,0,0,"[0, 0, 224]",,,,,,,,,,1,,
2026-07-13 05:25:35.633436,,64,23.7,25.5,25.5,1.45,1.45,0.09,22.0,,,22.2,22.7,21.7,-23.91,1.12,0.75,0,1,0,0,1,0,0,"[0, 0, 224]",,,,,,,,,,1,,
2026-07-13 05:25:35.737098,,64,23.7,25.5,25.5,1.45,1.66,3.99,22.0,,,22.2,22.7,21.7,-23.91,1.08,0.68,0,1,0,0,1,0,0,"[0, 0, 224]",,,,,,,,,,1,,
2026-07-13 05:25:35.841465,,64,23.7,25.5,25.5,1.49,1.62,3.05,22.0,,,22.2,22.7,21.7,-23.91,1.62,0.85,0,1,0,0,1,0,0,"[0, 0, 224]",,,,,,,,,,1,,
2026-07-13 05:25:35.945892,,64,23.7,25.5,25.5,1.52,1.22,2.64,22.0,,,22.2,22.7,21.7,-23.91,0.95,1.32,0,1,0,0,1,0,0,"[0, 0, 224]",,,,,,,,,,1,,
2026-07-13 05:25:36.062846,,64,23.7,25.5,25.5,1.25,1.59,-0.44,22.0,,,22.2,22.7,21.7,-23.91,1.55,0.68,0,1,0,0,1,0,0,"[0, 0, 224]",,,,,,,,,,1,,
2026-07-13 05:25:36.166735,,64,23.7,25.5,25.5,1.45,1.19,-0.44,22.0,,,22.2,22.7,21.7,-23.91,1.35,0.71,0,1,0,0,1,0,0,"[0, 0, 224]",,,,,,,,,,1,,
2026-07-13 05:25:36.271076,,64,23.7,25.5,25.5,1.15,1.29,1.84,22.0,,,22.2,22.7,21.7,-23.91,1.25,0.78,0,1,0,0,1,0,0,"[0, 0, 224]",,,,,,,,,,1,,
2026-07-13 05:25:36.375639,,64,23.7,25.5,25.5,1.39,1.29,2.11,22.0,,,22.2,22.7,21.7,-23.91,0.98,1.15,0,1,0,0,1,0,0,"[0, 0, 224]",,,,,,,,,,1,,
2026-07-13 05:25:36.479688,,64,23.7,25.5,25.5,1.39,1.39,2.37,22.0,,,22.2,22.7,21.7,-23.91,0.95,0.88,0,1,0,0,1,0,0,"[0, 0, 224]",,,,,,,,,,1,,
2026-07-13 05:25:36.583852,,64,23.7,25.5,25.5,1.59,1.08,2.78,22.0,,,22.2,22.7,21.7,-23.91,0.95,1.32,0,1,0,0,1,0,0,"[0, 0, 224]",,,,,,,,,,1,,
2026-07-13 05:25:36.688327,,64,23.7,25.5,25.5,1.25,1.35,1.3,22.0,,,22.2,22.7,21.7,-23.91,0.98,0.65,0,1,0,0,1,0,0,"[0, 0, 224]",,,,,,,,,,1,,
2026-07-13 05:25:36.792443,,64,23.7,25.5,25.5,1.02,1.32,1.43,22.0,,,22.2,22.7,21.7,-23.91,1.45,1.15,0,1,0,0,1,0,0,"[0, 0, 224]",,,,,,,,,,1,,
2026-07-13 05:25:36.896971,,64,23.7,25.5,25.5,1.49,1.35,-0.7,22.0,,,22.2,22.7,21.7,-23.91,0.98,1.18,0,1,0,0,1,0,0,"[0, 0, 224]",,,,,,,,,,1,,
2026-07-13 05:25:37.011796,,64,23.7,25.5,25.5,1.25,1.59,2.11,22.0,,,22.2,22.7,21.7,-23.91,1.29,1.02,0,1,0,0,1,0,0,"[0, 0, 224]",,,,,,,,,,1,,
2026-07-13 05:25:37.118020,,64,23.7,25.5,25.5,1.39,1.35,0.23,22.0,,,22.2,22.7,21.7,-23.91,1.02,1.28,0,1,0,0,1,0,0,"[0, 0, 224]",,,,,,,,,,1,,
2026-07-13 05:25:37.222775,,64,23.7,25.5,25.5,1.02,1.42,2.78,22.0,,,22.2,22.7,21.7,-23.91,0.88,1.02,0,1,0,0,1,0,0,"[0, 0, 224]",,,,,,,,,,1,,
2026-07-13 05:25:37.327242,,64,23.7,25.5,25.5,1.02,1.66,0.63,22.0,,,22.2,22.7,21.7,-23.91,1.42,1.05,0,1,0,0,1,0,0,"[0, 0, 224]",,,,,,,,,,1,,
2026-07-13 05:25:37.431167,,64,23.7,25.5,25.5,1.19,1.52,1.7,22.0,,,22.2,22.7,21.7,-23.91,0.92,0.85,0,1,0,0,1,0,0,"[0, 0, 224]",,,,,,,,,,1,,
2026-07-13 05:25:37.535030,,64,23.7,25.5,25.5,1.39,1.22,-0.44,22.0,,,22.2,22.7,21.7,-23.91,1.29,1.32,0,1,0,0,1,0,0,"[0, 0, 224]",,,,,,,,,,1,,
2026-07-13 05:25:37.639281,,64,23.7,25.5,25.5,1.12,1.69,2.91,22.0,,,22.2,22.7,21.7,-23.91,1.12,1.02,0,1,0,0,1,0,0,"[0, 0, 224]",,,,,,,,,,1,,
2026-07-13 05:25:37.743001,,64,23.7,25.5,25.5,1.49,1.35,2.51,22.0,,,22.2,22.7,21.7,-23.91,1.55,0.68,0,1,0,0,1,0,0,"[0, 0, 224]",,,,,,,,,,1,,
2026-07-13 05:25:37.847203,,64,23.7,25.5,25.5,1.45,1.62,0.09,22.0,,,22.2,22.7,21.7,-23.91,1.35,1.28,0,1,0,0,1,0,0,"[0, 0, 224]",,,,,,,,,,1,,
2026-07-13 05:25:37.954259,,64,23.7,25.5,25.5,1.35,1.05,0.23,22.0,,,22.2,22.7,21.7,-23.91,1.19,0.85,0,1,0,0,1,0,0,"[0, 0, 224]",,,,,,,,,,1,,
2026-07-13 05:25:38.065500,,64,23.7,25.5,25.5,1.32,1.49,1.43,22.0,,,22.2,22.7,21.7,-23.91,1.55,0.68,0,1,0,0,1,0,0,"[0, 0, 224]",,,,,,,,,,1,,
2026-07-13 05:25:38.175003,,64,23.7,25.5,25.5,1.15,1.08,1.03,22.0,,,22.2,22.7,21.7,-23.91,0.92,1.25,0,1,0,0,1,0,0,"[0, 0, 224]",,,,,,,,,,1,,
2026-07-13 05:25:38.279313,,64,23.7,25.5,25.5,1.49,1.25,1.03,22.0,,,22.2,22.7,21.7,-23.91,0.92,0.95,0,1,0,0,1,0,0,"[0, 0, 224]",,,,,,,,,,1,,
2026-07-13 05:25:38.383386,,64,23.7,25.5,25.5,1.08,1.19,1.7,22.0,,,22.2,22.7,21.7,-23.91,1.42,0.78,0,1,0,0,1,0,0,"[0, 0, 224]",,,,,,,,,,1,,
2026-07-13 05:25:38.487600,,64,23.7,25.5,25.5,1.25,1.19,3.72,22.0,,,22.2,22.7,21.7,-23.91,1.52,1.02,0,1,0,0,1,0,0,"[0, 0, 224]",,,,,,,,,,1,,
2026-07-13 05:25:38.591796,,64,23.7,25.5,25.5,1.42,1.72,2.11,22.0,,,22.2,22.7,21.7,-23.91,1.05,0.68,0,1,0,0,1,0,0,"[0, 0, 224]",,,,,,,,,,1,,
2026-07-13 05:25:38.696278,,64,23.7,25.5,25.5,0.88,1.66,1.03,22.0,,,22.2,22.7,21.7,-23.91,1.55,1.18,0,1,0,0,1,0,0,"[0, 0, 224]",,,,,,,,,,1,,
2026-07-13 05:25:38.800425,,64,23.7,25.5,25.5,1.15,1.69,0.63,22.0,,,22.2,22.7,21.7,-23.91,1.52,0.71,0,1,0,0,1,0,0,"[0, 0, 224]",,,,,,,,,,1,,
2026-07-13 05:25:38.906992,,64,23.7,25.5,25.5,0.92,1.55,3.05,22.0,,,22.2,22.7,21.7,-23.91,1.52,0.75,0,1,0,0,1,0,0,"[0, 0, 224]",,,,,,,,,,1,,
2026-07-13 05:25:39.022262,,64,23.7,25.5,25.5,1.29,1.55,-0.57,22.0,,,22.2,22.7,21.7,-23.91,1.55,1.32,0,1,0,0,1,0,0,"[0, 0, 224]",,,,,,,,,,1,,
2026-07-13 05:25:39.131264,,64,23.7,25.5,25.5,1.42,1.29,2.78,22.0,,,22.2,22.7,21.7,-23.91,1.32,1.28,0,1,0,0,1,0,0,"[0, 0, 224]",,,,,,,,,,1,,
2026-07-13 05:25:39.237170,,64,23.7,25.5,25.5,1.35,1.45,1.43,22.0,,,22.2,22.7,21.7,-23.91,1.08,1.05,0,1,0,0,1,0,0,"[0, 0, 224]",,,,,,,,,,1,,
2026-07-13 05:25:39.349483,,64,23.7,25.5,25.5,1.32,1.08,2.37,22.0,,,22.2,22.7,21.7,-23.91,1.05,0.92,0,1,0,0,1,0,0,"[0, 0, 224]",,,,,,,,,,1,,
2026-07-13 05:25:39.453939,,64,23.7,25.5,25.5,1.39,1.15,-0.7,22.0,,,22.2,22.7,21.7,-23.91,1.29,1.32,0,1,0,0,1,0,0,"[0, 0, 224]",,,,,,,,,,1,,
2026-07-13 05:25:39.557701,,64,23.7,25.5,25.5,1.45,1.15,3.18,22.0,,,22.2,22.7,21.7,-23.91,1.29,0.71,0,1,0,0,1,0,0,"[0, 0, 224]",,,,,,,,,,1,,
2026-07-13 05:25:39.662024,,64,23.7,25.5,25.5,1.39,1.02,-0.44,22.0,,,22.2,22.7,21.7,-23.91,1.55,1.32,0,1,0,0,1,0,0,"[0, 0, 224]",,,,,,,,,,1,,
2026-07-13 05:25:39.765559,,64,23.7,25.5,25.5,1.39,1.62,1.43,22.0,,,22.2,22.7,21.7,-23.91,1.29,0.95,0,1,0,0,1,0,0,"[0, 0, 224]",,,,,,,,,,1,,
2026-07-13 05:25:39.872099,,64,23.7,25.5,25.5,1.15,1.08,3.58,22.0,,,22.2,22.7,21.7,-23.91,1.66,0.85,0,1,0,0,1,0,0,"[0, 0, 224]",,,,,,,,,,1,,
2026-07-13 05:25:39.975631,,64,23.7,25.5,25.5,0.85,1.19,2.24,22.0,,,22.2,22.7,21.7,-23.91,0.92,1.12,0,1,0,0,1,0,0,"[0, 0, 224]",,,,,,,,,,1,,
2026-07-13 05:25:40.089996,,64,23.7,25.5,25.5,1.12,1.62,-0.57,22.0,,,22.2,22.7,21.7,-23.91,1.08,0.95,0,1,0,0,1,0,0,"[0, 0, 224]",,,,,,,,,,1,,
2026-07-13 05:25:40.198927,,64,23.7,25.5,25.5,1.45,1.19,0.49,22.0,,,22.2,22.7,21.7,-23.91,1.55,0.75,0,1,0,0,1,0,0,"[0, 0, 224]",,,,,,,,,,1,,
2026-07-13 05:25:40.302605,,64,23.7,25.5,25.5,1.62,1.25,-1.24,22.0,,,22.2,22.7,21.7,-23.91,1.52,0.61,0,1,0,0,1,0,0,"[0, 0, 224]",,,,,,,,,,1,,
2026-07-13 05:25:40.406225,,64,23.7,25.5,25.5,1.12,1.62,1.3,22.0,,,22.2,22.7,21.7,-23.91,1.52,0.95,0,1,0,0,1,0,0,"[0, 0, 224]",,,,,,,,,,1,,
2026-07-13 05:25:40.510532,,64,23.7,25.5,25.5,1.15,1.05,1.84,21.2,,,22.2,22.7,21.7,-23.91,0.95,1.35,0,1,0,0,1,0,0,"[0, 0, 224]",,,,,,,,,,1,,
2026-07-13 05:25:40.614669,,64,23.7,25.5,25.5,1.32,1.59,3.18,21.2,,,22.2,22.7,21.7,-23.91,1.12,0.81,0,1,0,0,1,0,0,"[0, 0, 224]",,,,,,,,,,1,,
2026-07-13 05:25:40.719225,,64,23.7,25.5,25.5,1.62,1.08,0.23,21.2,,,22.2,22.7,21.7,-23.91,0.98,0.65,0,1,0,0,1,0,0,"[0, 0, 224]",,,,,,,,,,1,,
2026-07-13 05:25:40.825548,,64,23.7,25.5,25.5,1.49,1.49,1.84,21.2,,,22.2,22.7,21.7,-23.91,0.95,1.18,0,1,0,0,1,0,0,"[0, 0, 224]",,,,,,,,,,1,,
2026-07-13 05:25:40.930087,,64,23.7,25.5,25.5,1.49,1.42,2.51,21.2,,,22.2,22.7,21.7,-23.91,0.92,1.28,0,1,0,0,1,0,0,"[0, 0, 224]",,,,,,,,,,1,,
2026-07-13 05:25:41.043703,,64,23.7,25.5,25.5,1.02,1.42,1.03,21.2,,,22.2,22.7,21.7,-23.91,1.29,0.95,0,1,0,0,1,0,0,"[0, 0, 224]",,,,,,,,,,1,,
2026-07-13 05:25:41.149955,,64,23.7,25.5,25.5,1.12,1.52,3.31,21.2,,,22.2,22.7,21.7,-23.91,1.22,0.71,0,1,0,0,1,0,0,"[0, 0, 224]",,,,,,,,,,1,,
2026-07-13 05:25:41.254460,,64,23.7,25.5,25.5,1.08,1.52,1.7,21.2,,,22.2,22.7,21.7,-23.91,1.29,0.68,0,1,0,0,1,0,0,"[0, 0, 224]",,,,,,,,,,1,,
2026-07-13 05:25:41.360547,,64,23.7,25.5,25.5,1.39,1.02,1.97,21.2,,,22.2,22.7,21.7,-23.91,0.92,1.32,0,1,0,0,1,0,0,"[0, 0, 224]",,,,,,,,,,1,,
2026-07-13 05:25:41.465795,,64,23.7,25.5,25.5,1.29,1.45,1.03,21.2,,,22.2,22.7,21.7,-23.91,1.05,0.75,0,1,0,0,1,0,0,"[0, 0, 224]",,,,,,,,,,1,,
2026-07-13 05:25:41.569791,,64,23.7,25.5,25.5,1.15,1.52,0.63,21.2,,,22.2,22.7,21.7,-23.91,1.49,0.68,0,1,0,0,1,0,0,"[0, 0, 224]",,,,,,,,,,1,,
2026-07-13 05:25:41.674869,,64,23.7,25.5,25.5,1.25,1.15,1.7,21.2,,,22.2,22.7,21.7,-23.91,1.49,0.75,0,1,0,0,1,0,0,"[0, 0, 224]",,,,,,,,,,1,,
2026-07-13 05:25:41.781216,,64,23.7,25.5,25.5,1.02,1.05,1.97,21.2,,,22.2,22.7,21.7,-23.91,1.08,0.95,0,1,0,0,1,0,0,"[0, 0, 224]",,,,,,,,,,1,,
2026-07-13 05:25:41.885285,,64,23.7,25.5,25.5,1.32,1.69,0.49,21.2,,,22.2,22.7,21.7,-23.91,1.52,0.75,0,1,0,0,1,0,0,"[0, 0, 224]",,,,,,,,,,1,,
2026-07-13 05:25:41.995571,,64,23.7,25.5,25.5,1.52,1.55,1.7,21.2,,,22.2,22.7,21.7,-23.91,1.08,0.98,0,1,0,0,1,0,0,"[0, 0, 224]",,,,,,,,,,1,,
2026-07-13 05:25:42.099418,,64,23.7,25.5,25.5,1.59,1.55,-0.57,21.2,,,22.2,22.7,21.7,-23.91,0.98,1.22,0,1,0,0,1,0,0,"[0, 0, 224]",,,,,,,,,,1,,
2026-07-13 05:25:42.204266,,64,23.7,25.5,25.5,1.02,1.32,1.3,21.0,,,22.2,22.7,21.7,-23.91,1.22,1.02,0,1,0,0,1,0,0,"[0, 0, 224]",,,,,,,,,,1,,
2026-07-13 05:25:42.308228,,64,23.7,25.5,25.5,1.19,1.49,0.49,21.0,,,22.2,22.7,21.7,-23.91,1.49,1.32,0,1,0,0,1,0,0,"[0, 0, 224]",,,,,,,,,,1,,
2026-07-13 05:25:42.412106,,64,23.7,25.5,25.5,1.39,1.55,1.7,21.0,,,22.2,22.7,21.7,-23.91,1.12,1.39,0,1,0,0,1,0,0,"[0, 0, 224]",,,,,,,,,,1,,
2026-07-13 05:25:42.516599,,64,23.7,25.5,25.5,1.29,1.35,0.9,21.0,,,22.2,22.7,21.7,-23.91,1.32,1.32,0,1,0,0,1,0,0,"[0, 0, 224]",,,,,,,,,,1,,
2026-07-13 05:25:42.620860,,64,23.7,25.5,25.5,1.02,1.08,0.23,21.0,,,22.2,22.7,21.7,-23.91,1.15,0.75,0,1,0,0,1,0,0,"[0, 0, 224]",,,,,,,,,,1,,
2026-07-13 05:25:42.727750,,64,23.7,25.5,25.5,1.32,1.15,2.78,21.0,,,22.2,22.7,21.7,-23.91,1.45,1.15,0,1,0,0,1,0,0,"[0, 0, 224]",,,,,,,,,,1,,
2026-07-13 05:25:42.831660,,64,23.7,25.5,25.5,0.98,1.62,3.45,21.0,,,22.2,22.7,21.7,-23.91,1.49,1.02,0,1,0,0,1,0,0,"[0, 0, 224]",,,,,,,,,,1,,
2026-07-13 05:25:42.936050,,64,23.7,25.5,25.5,1.35,1.72,1.57,21.0,,,22.2,22.7,21.7,-23.91,1.35,1.22,0,1,0,0,1,0,0,"[0, 0, 224]",,,,,,,,,,1,,
2026-07-13 05:25:43.048256,,64,23.7,25.5,25.5,1.12,1.49,1.17,21.0,,,22.2,22.7,21.7,-23.91,1.59,0.95,0,1,0,0,1,0,0,"[0, 0, 224]",,,,,,,,,,1,,
2026-07-13 05:25:43.154636,,64,23.7,25.5,25.5,1.49,1.02,-0.03,21.0,,,22.2,22.7,21.7,-23.91,1.29,1.28,0,1,0,0,1,0,0,"[0, 0, 224]",,,,,,,,,,1,,
2026-07-13 05:25:43.259179,,64,23.7,25.5,25.5,1.15,1.66,0.76,21.0,,,22.2,22.7,21.7,-23.91,0.88,1.25,0,1,0,0,1,0,0,"[0, 0, 224]",,,,,,,,,,1,,
2026-07-13 05:25:43.363303,,64,23.7,25.5,25.5,1.29,1.55,2.24,21.0,,,22.2,22.7,21.7,-23.91,0.92,0.95,0,1,0,0,1,0,0,"[0, 0, 224]",,,,,,,,,,1,,
2026-07-13 05:25:43.468954,,64,23.7,25.5,25.5,0.95,1.29,0.49,21.0,,,22.2,22.7,21.7,-23.91,0.98,1.15,0,1,0,0,1,0,0,"[0, 0, 224]",,,,,,,,,,1,,
2026-07-13 05:25:43.574062,,64,23.7,25.5,25.5,1.45,1.22,0.36,21.0,,,22.2,22.7,21.7,-23.91,0.95,1.05,0,1,0,0,1,0,0,"[0, 0, 224]",,,,,,,,,,1,,
2026-07-13 05:25:43.680872,,64,23.7,25.5,25.5,1.39,1.62,0.36,21.0,,,22.2,22.7,21.7,-23.91,1.32,0.68,0,1,0,0,1,0,0,"[0, 0, 224]",,,,,,,,,,1,,
2026-07-13 05:25:43.785612,,64,23.7,25.5,25.5,1.29,1.62,1.17,21.0,,,22.2,22.7,21.7,-23.91,1.35,1.28,0,1,0,0,1,0,0,"[0, 0, 224]",,,,,,,,,,1,,
2026-07-13 05:25:43.889799,,64,23.7,25.5,25.5,1.19,0.98,1.57,21.0,,,22.2,22.7,21.7,-23.91,1.49,1.02,0,1,0,0,1,0,0,"[0, 0, 224]",,,,,,,,,,1,,
2026-07-13 05:25:44.003047,,64,23.7,25.5,25.5,1.08,1.15,0.23,21.0,,,22.2,22.7,21.7,-23.91,1.25,1.08,0,1,0,0,1,0,0,"[0, 0, 224]",,,,,,,,,,1,,
2026-07-13 05:25:44.121384,,64,23.7,25.5,25.5,1.45,1.52,0.76,21.0,,,22.2,22.7,21.7,-23.91,1.12,1.25,0,1,0,0,1,0,0,"[0, 0, 224]",,,,,,,,,,1,,
2026-07-13 05:25:44.227009,,64,23.7,25.5,25.5,1.39,1.02,1.03,21.0,,,22.2,22.7,21.7,-23.91,1.42,0.92,0,1,0,0,1,0,0,"[0, 0, 224]",,,,,,,,,,1,,
2026-07-13 05:25:44.330589,,64,23.7,25.5,25.5,2.02,1.55,0.63,21.0,,,22.2,22.7,21.7,-23.91,0.98,1.22,0,1,0,0,1,0,0,"[0, 0, 224]",,,,,,,,,,1,,
2026-07-13 05:25:44.434404,,64,23.7,25.5,25.5,1.45,1.52,1.84,21.0,,,22.2,22.7,21.7,-23.91,1.32,1.12,0,1,0,0,1,0,0,"[0, 0, 224]",,,,,,,,,,1,,
2026-07-13 05:25:44.538490,,64,23.7,25.5,25.5,1.55,1.15,0.36,21.0,,,22.2,22.7,21.7,-23.91,1.45,1.22,0,1,0,0,1,0,0,"[0, 0, 224]",,,,,,,,,,1,,
2026-07-13 05:25:44.645569,,64,23.7,25.5,25.5,0.95,1.45,3.45,21.0,,,22.2,22.7,21.7,-23.91,1.45,0.92,0,1,0,0,1,0,0,"[0, 0, 224]",,,,,,,,,,1,,
2026-07-13 05:25:44.749755,,64,23.7,25.5,25.5,1.15,1.32,-0.17,21.0,,,22.2,22.7,21.7,-23.91,1.62,0.98,0,1,0,0,1,0,0,"[0, 0, 224]",,,,,,,,,,1,,
2026-07-13 05:25:44.853906,,64,23.7,25.5,25.5,1.15,1.59,2.91,21.0,,,22.2,22.7,21.7,-23.91,1.59,0.75,0,1,0,0,1,0,0,"[0, 0, 224]",,,,,,,,,,1,,
2026-07-13 05:25:44.958392,,64,23.7,25.5,25.5,1.32,1.49,1.17,21.0,,,22.2,22.7,21.7,-23.91,1.02,1.02,0,1,0,0,1,0,0,"[0, 0, 224]",,,,,,,,,,1,,
2026-07-13 05:25:45.062829,,64,23.7,25.5,25.5,1.52,1.69,0.36,21.0,,,22.2,22.7,21.7,-23.91,1.19,0.65,0,1,0,0,1,0,0,"[0, 0, 224]",,,,,,,,,,1,,
2026-07-13 05:25:45.166873,,64,23.7,25.5,25.5,1.15,1.45,1.84,21.0,,,22.2,22.7,21.7,-23.91,1.52,0.81,0,1,0,0,1,0,0,"[0, 0, 224]",,,,,,,,,,1,,
2026-07-13 05:25:45.271858,,64,23.7,25.5,25.5,1.52,1.29,2.37,21.0,,,22.2,22.7,21.7,-23.91,1.62,0.75,0,1,0,0,1,0,0,"[0, 0, 224]",,,,,,,,,,1,,
2026-07-13 05:25:45.376075,,64,23.7,25.5,25.5,0.98,1.22,1.57,21.0,,,22.2,22.7,21.7,-23.91,1.59,1.15,0,1,0,0,1,0,0,"[0, 0, 224]",,,,,,,,,,1,,
2026-07-13 05:25:45.480042,,64,23.7,25.5,25.5,1.02,1.12,1.03,21.0,,,22.2,22.7,21.7,-23.91,1.12,1.35,0,1,0,0,1,0,0,"[0, 0, 224]",,,,,,,,,,1,,
2026-07-13 05:25:45.588549,,64,23.7,25.5,25.5,1.05,1.05,3.58,21.0,,,22.2,22.7,21.7,-23.91,0.88,0.71,0,1,0,0,1,0,0,"[0, 0, 224]",,,,,,,,,,1,,
2026-07-13 05:25:45.692178,,64,23.7,25.5,25.5,1.35,1.49,0.49,21.0,,,22.2,22.7,21.7,-23.91,1.42,1.32,0,1,0,0,1,0,0,"[0, 0, 224]",,,,,,,,,,1,,
2026-07-13 05:25:45.796755,,64,23.7,25.5,25.5,1.15,1.39,2.37,21.0,,,22.2,22.7,21.7,-23.91,1.12,0.98,0,1,0,0,1,0,0,"[0, 0, 224]",,,,,,,,,,1,,
2026-07-13 05:25:45.900735,,64,23.7,25.5,25.5,1.25,1.02,3.05,21.0,,,22.2,22.7,21.7,-23.91,1.52,0.78,0,1,0,0,1,0,0,"[0, 0, 224]",,,,,,,,,,1,,
2026-07-13 05:25:46.010641,,64,23.7,25.5,25.5,1.29,1.39,-0.17,21.0,,,22.2,22.7,21.7,-23.91,1.59,0.95,0,1,0,0,1,0,0,"[0, 0, 224]",,,,,,,,,,1,,
2026-07-13 05:25:46.115228,,64,23.7,25.5,25.5,1.66,1.69,0.76,21.0,,,22.2,22.7,21.7,-23.91,1.59,1.15,0,1,0,0,1,0,0,"[0, 0, 224]",,,,,,,,,,1,,
2026-07-13 05:25:46.219516,,64,23.7,25.5,25.5,1.25,1.29,0.63,21.0,,,22.2,22.7,21.7,-23.91,1.39,0.68,0,1,0,0,1,0,0,"[0, 0, 224]",,,,,,,,,,1,,
2026-07-13 05:25:46.323843,,64,23.7,25.5,25.5,1.29,1.29,1.3,21.0,,,22.2,22.7,21.7,-23.91,0.95,1.32,0,1,0,0,1,0,0,"[0, 0, 224]",,,,,,,,,,1,,
2026-07-13 05:25:46.428153,,64,23.7,25.5,25.5,1.35,1.55,1.57,21.0,,,22.2,22.7,21.7,-23.91,1.49,0.92,0,1,0,0,1,0,0,"[0, 0, 224]",,,,,,,,,,1,,
2026-07-13 05:25:46.532141,,64,23.7,25.5,25.5,1.29,1.72,2.78,21.0,,,22.2,22.7,21.7,-23.91,1.29,0.75,0,1,0,0,1,0,0,"[0, 0, 224]",,,,,,,,,,1,,
2026-07-13 05:25:46.638973,,64,23.7,25.5,25.5,1.42,1.35,2.78,21.0,,,22.2,22.7,21.7,-23.91,1.45,1.15,0,1,0,0,1,0,0,"[0, 0, 224]",,,,,,,,,,1,,
2026-07-13 05:25:46.743233,,64,23.7,25.5,25.5,1.02,1.52,3.05,21.0,,,22.2,22.7,21.7,-23.91,1.42,1.22,0,1,0,0,1,0,0,"[0, 0, 224]",,,,,,,,,,1,,
2026-07-13 05:25:46.849165,,64,23.7,25.5,25.5,1.39,1.12,0.63,20.7,,,22.2,22.7,21.7,-23.91,1.35,1.05,0,1,0,0,1,0,0,"[0, 0, 224]",,,,,,,,,,1,,
2026-07-13 05:25:46.952808,,64,23.7,25.5,25.5,1.39,1.62,0.23,20.7,,,22.2,22.7,21.7,-23.91,0.95,1.22,0,1,0,0,1,0,0,"[0, 0, 224]",,,,,,,,,,1,,
2026-07-13 05:25:47.059252,,64,23.7,25.5,25.5,1.29,1.22,0.09,20.7,,,22.2,22.7,21.7,-23.91,1.45,0.65,0,1,0,0,1,0,0,"[0, 0, 224]",,,,,,,,,,1,,
2026-07-13 05:25:47.164167,,64,23.7,25.5,25.5,1.55,1.12,1.03,20.7,,,22.2,22.7,21.7,-23.91,0.95,0.68,0,1,0,0,1,0,0,"[0, 0, 224]",,,,,,,,,,1,,
2026-07-13 05:25:47.268894,,64,23.7,25.5,25.5,1.05,1.25,1.03,20.7,,,22.2,22.7,21.7,-23.91,1.55,1.35,0,1,0,0,1,0,0,"[0, 0, 224]",,,,,,,,,,1,,
2026-07-13 05:25:47.373491,,64,23.7,25.5,25.5,1.19,1.49,0.9,20.7,,,22.2,22.7,21.7,-23.91,1.32,1.22,0,1,0,0,1,0,0,"[0, 0, 224]",,,,,,,,,,1,,
2026-07-13 05:25:47.477975,,64,23.7,25.5,25.5,0.95,1.32,2.91,20.7,,,22.2,22.7,21.7,-23.91,1.15,0.78,0,1,0,0,1,0,0,"[0, 0, 224]",,,,,,,,,,1,,
2026-07-13 05:25:47.586314,,64,23.7,25.5,25.5,1.12,1.59,3.05,20.7,,,22.2,22.7,21.7,-23.91,1.29,1.28,0,1,0,0,1,0,0,"[0, 0, 224]",,,,,,,,,,1,,
2026-07-13 05:25:47.690705,,64,23.7,25.5,25.5,1.42,1.62,3.18,20.7,,,22.2,22.7,21.7,-23.91,1.45,0.65,0,1,0,0,1,0,0,"[0, 0, 224]",,,,,,,,,,1,,
2026-07-13 05:25:47.795429,,64,23.7,25.5,25.5,0.95,1.39,-0.7,20.7,,,22.2,22.7,21.7,-23.91,1.35,0.85,0,1,0,0,1,0,0,"[0, 0, 224]",,,,,,,,,,1,,
2026-07-13 05:25:47.899131,,64,23.7,25.5,25.5,1.22,1.42,-0.44,20.7,,,22.2,22.7,21.7,-23.91,1.15,0.71,0,1,0,0,1,0,0,"[0, 0, 224]",,,,,,,,,,1,,
2026-07-13 05:25:48.008493,,64,23.7,25.5,25.5,1.35,1.42,-0.44,20.7,,,22.2,22.7,21.7,-23.91,1.59,0.65,0,1,0,0,1,0,0,"[0, 0, 224]",,,,,,,,,,1,,
2026-07-13 05:25:48.113045,,64,23.7,25.5,25.5,1.02,1.12,1.57,20.7,,,22.2,22.7,21.7,-23.91,1.05,1.49,0,1,0,0,1,0,0,"[0, 0, 224]",,,,,,,,,,1,,
2026-07-13 05:25:48.217420,,64,23.7,25.5,25.5,1.19,1.52,2.91,20.7,,,22.2,22.7,21.7,-23.91,1.42,0.75,0,1,0,0,1,0,0,"[0, 0, 224]",,,,,,,,,,1,,
2026-07-13 05:25:48.321654,,64,23.7,25.5,25.5,1.29,1.55,1.97,20.7,,,22.2,22.7,21.7,-23.91,0.95,1.18,0,1,0,0,1,0,0,"[0, 0, 224]",,,,,,,,,,1,,
2026-07-13 05:25:48.425975,,64,23.7,25.5,25.5,1.05,1.49,1.03,20.7,,,22.2,22.7,21.7,-23.91,1.52,0.68,0,1,0,0,1,0,0,"[0, 0, 224]",,,,,,,,,,1,,
2026-07-13 05:25:48.532107,,64,23.7,25.5,25.5,1.02,1.52,1.97,20.7,,,22.2,22.7,21.7,-23.91,1.42,0.88,0,1,0,0,1,0,0,"[0, 0, 224]",,,,,,,,,,1,,
2026-07-13 05:25:48.636143,,64,23.7,25.5,25.5,1.25,1.52,0.09,20.7,,,22.2,22.7,21.7,-23.91,0.85,1.25,0,1,0,0,1,0,0,"[0, 0, 224]",,,,,,,,,,1,,
2026-07-13 05:25:48.740256,,64,23.7,25.5,25.5,1.19,1.49,1.03,20.7,,,22.2,22.7,21.7,-23.91,1.19,1.08,0,1,0,0,1,0,0,"[0, 0, 224]",,,,,,,,,,1,,
2026-07-13 05:25:48.844891,,64,23.7,25.5,25.5,1.02,1.49,2.24,20.7,,,22.2,22.7,21.7,-23.91,0.95,0.88,0,1,0,0,1,0,0,"[0, 0, 224]",,,,,,,,,,1,,
2026-07-13 05:25:48.948952,,64,23.7,25.5,25.5,1.32,1.59,1.43,20.7,,,22.2,22.7,21.7,-23.91,1.32,1.18,0,1,0,0,1,0,0,"[0, 0, 224]",,,,,,,,,,1,,
2026-07-13 05:25:49.057690,,64,23.7,25.5,25.5,1.19,1.15,1.43,20.7,,,22.2,22.7,21.7,-23.91,1.02,0.75,0,1,0,0,1,0,0,"[0, 0, 224]",,,,,,,,,,1,,
2026-07-13 05:25:49.162351,,64,23.7,25.5,25.5,1.32,1.69,0.49,20.7,,,22.2,22.7,21.7,-23.91,1.59,1.18,0,1,0,0,1,0,0,"[0, 0, 224]",,,,,,,,,,1,,
2026-07-13 05:25:49.267086,,64,23.7,25.5,25.5,1.49,1.69,0.23,20.7,,,22.2,22.7,21.7,-23.91,1.05,0.75,0,1,0,0,1,0,0,"[0, 0, 224]",,,,,,,,,,1,,
2026-07-13 05:25:49.370953,,64,23.7,25.5,25.5,1.39,1.49,0.49,20.7,,,22.2,22.7,21.7,-23.91,0.95,0.85,0,1,0,0,1,0,0,"[0, 0, 224]",,,,,,,,,,1,,
2026-07-13 05:25:49.475320,,64,23.7,25.5,25.5,1.45,1.22,1.97,20.7,,,22.2,22.7,21.7,-23.91,1.52,1.25,0,1,0,0,1,0,0,"[0, 0, 224]",,,,,,,,,,1,,
2026-07-13 05:25:49.582324,,64,23.7,25.5,25.5,0.95,1.45,0.63,20.7,,,22.2,22.7,21.7,-23.91,1.02,1.08,0,1,0,0,1,0,0,"[0, 0, 224]",,,,,,,,,,1,,
2026-07-13 05:25:49.687927,,64,23.7,25.5,25.5,1.62,1.19,1.84,20.7,,,22.2,22.7,21.7,-23.91,0.95,0.68,0,1,0,0,1,0,0,"[0, 0, 224]",,,,,,,,,,1,,
2026-07-13 05:25:49.793384,,64,23.7,25.5,25.5,1.12,1.25,2.24,20.7,,,22.2,22.7,21.7,-23.91,0.95,0.75,0,1,0,0,1,0,0,"[0, 0, 224]",,,,,,,,,,1,,
2026-07-13 05:25:49.897565,,64,23.7,25.5,25.5,1.22,1.55,2.11,20.7,,,22.2,22.7,21.7,-23.91,0.82,1.12,0,1,0,0,1,0,0,"[0, 0, 224]",,,,,,,,,,1,,
2026-07-13 05:25:50.016893,,64,23.7,25.5,25.5,1.12,1.52,-0.84,20.7,,,22.2,22.7,21.7,-23.91,1.35,1.32,0,1,0,0,1,0,0,"[0, 0, 224]",,,,,,,,,,1,,
2026-07-13 05:25:50.132737,,64,23.7,25.5,25.5,1.45,1.62,0.76,20.7,,,22.2,22.7,21.7,-23.91,1.02,1.25,0,1,0,0,1,0,0,"[0, 0, 224]",,,,,,,,,,1,,
2026-07-13 05:25:50.237412,,64,23.7,25.5,25.5,1.42,1.45,0.76,20.7,,,22.2,22.7,21.7,-23.91,1.59,1.08,0,1,0,0,1,0,0,"[0, 0, 224]",,,,,,,,,,1,,
2026-07-13 05:25:50.341603,,64,23.7,25.5,25.5,1.15,1.12,0.9,20.7,,,22.2,22.7,21.7,-23.91,1.45,0.81,0,1,0,0,1,0,0,"[0, 0, 224]",,,,,,,,,,1,,
2026-07-13 05:25:50.446285,,64,23.7,25.5,25.5,1.45,1.25,3.45,20.7,,,22.2,22.7,21.7,-23.91,1.39,1.35,0,1,0,0,1,0,0,"[0, 0, 224]",,,,,,,,,,1,,
2026-07-13 05:25:50.553067,,64,23.7,25.5,25.5,1.08,1.25,1.97,20.7,,,22.2,22.7,21.7,-23.91,1.15,0.85,0,1,0,0,1,0,0,"[0, 0, 224]",,,,,,,,,,1,,
2026-07-13 05:25:50.657244,,64,23.7,25.5,25.5,1.12,1.66,1.43,20.7,,,22.2,22.7,21.7,-23.91,1.05,0.61,0,1,0,0,1,0,0,"[0, 0, 224]",,,,,,,,,,1,,
2026-07-13 05:25:50.761970,,64,23.7,25.5,25.5,1.42,1.22,1.03,20.7,,,22.2,22.7,21.7,-23.91,1.29,1.22,0,1,0,0,1,0,0,"[0, 0, 224]",,,,,,,,,,1,,
2026-07-13 05:25:50.865940,,64,23.7,25.5,25.5,1.35,1.29,1.57,20.7,,,22.2,22.7,21.7,-23.91,0.92,1.15,0,1,0,0,1,0,0,"[0, 0, 224]",,,,,,,,,,1,,
2026-07-13 05:25:50.970274,,64,23.7,25.5,25.5,1.49,1.22,0.9,20.7,,,22.2,22.7,21.7,-23.91,1.49,0.88,0,1,0,0,1,0,0,"[0, 0, 224]",,,,,,,,,,1,,
2026-07-13 05:25:51.086861,,64,23.7,25.5,25.5,1.05,1.22,0.23,20.7,,,22.2,22.7,21.7,-23.91,1.02,1.08,0,1,0,0,1,0,0,"[0, 0, 224]",,,,,,,,,,1,,
2026-07-13 05:25:51.191471,,64,23.7,25.5,25.5,1.42,1.55,0.76,20.7,,,22.2,22.7,21.7,-23.91,0.95,1.15,0,1,0,0,1,0,0,"[0, 0, 224]",,,,,,,,,,1,,
2026-07-13 05:25:51.296656,,64,23.7,25.5,25.5,1.19,1.08,3.18,20.7,,,22.2,22.7,21.7,-23.91,1.19,0.85,0,1,0,0,1,0,0,"[0, 0, 224]",,,,,,,,,,1,,
2026-07-13 05:25:51.400352,,64,23.7,25.5,25.5,1.42,1.19,1.7,20.7,,,22.2,22.7,21.7,-23.91,1.55,1.18,0,1,0,0,1,0,0,"[0, 0, 224]",,,,,,,,,,1,,
2026-07-13 05:25:51.505835,,64,23.7,25.5,25.5,1.55,1.52,1.3,20.7,,,22.2,22.7,21.7,-23.91,1.29,1.02,0,1,0,0,1,0,0,"[0, 0, 224]",,,,,,,,,,1,,
2026-07-13 05:25:51.610082,,64,23.7,25.5,25.5,0.88,1.62,2.37,20.7,,,22.2,22.7,21.7,-23.91,1.59,1.28,0,1,0,0,1,0,0,"[0, 0, 224]",,,,,,,,,,1,,
2026-07-13 05:25:51.713648,,64,23.7,25.5,25.5,1.42,1.19,-0.03,20.7,,,22.2,22.7,21.7,-23.91,0.98,0.65,0,1,0,0,1,0,0,"[0, 0, 224]",,,,,,,,,,1,,
2026-07-13 05:25:51.819861,,64,23.7,25.5,25.5,0.98,1.39,-0.03,20.2,,,22.2,22.7,21.7,-23.91,1.45,0.98,0,1,0,0,1,0,0,"[0, 0, 224]",,,,,,,,,,1,,
2026-07-13 05:25:51.925302,,64,23.7,25.5,25.5,1.15,1.55,-0.03,20.2,,,22.2,22.7,21.7,-23.91,1.12,1.28,0,1,0,0,1,0,0,"[0, 0, 224]",,,,,,,,,,1,,
2026-07-13 05:25:52.040377,,64,23.7,25.5,25.5,1.12,1.62,-0.44,20.2,,,22.2,22.7,21.7,-23.91,1.45,0.75,0,1,0,0,1,0,0,"[0, 0, 224]",,,,,,,,,,1,,
2026-07-13 05:25:52.145129,,64,23.7,25.5,25.5,1.39,1.22,2.91,20.2,,,22.2,22.7,21.7,-23.91,1.55,1.32,0,1,0,0,1,0,0,"[0, 0, 224]",,,,,,,,,,1,,
2026-07-13 05:25:52.249180,,64,23.7,25.5,25.5,1.49,1.69,1.17,20.2,,,22.2,22.7,21.7,-23.91,1.19,0.78,0,1,0,0,1,0,0,"[0, 0, 224]",,,,,,,,,,1,,
2026-07-13 05:25:52.353458,,64,23.7,25.5,25.5,1.22,1.02,-0.3,20.2,,,22.2,22.7,21.7,-23.91,1.55,1.28,0,1,0,0,1,0,0,"[0, 0, 224]",,,,,,,,,,1,,
2026-07-13 05:25:52.457241,,64,23.7,25.5,25.5,1.08,1.55,3.18,20.2,,,22.2,22.7,21.7,-23.91,1.45,1.15,0,1,0,0,1,0,0,"[0, 0, 224]",,,,,,,,,,1,,
2026-07-13 05:25:52.563473,,64,23.7,25.5,25.5,1.12,1.12,-0.44,20.2,,,22.2,22.7,21.7,-23.91,1.15,1.25,0,1,0,0,1,0,0,"[0, 0, 224]",,,,,,,,,,1,,
2026-07-13 05:25:52.667633,,64,23.7,25.5,25.5,1.12,1.25,2.24,20.2,,,22.2,22.7,21.7,-23.91,1.49,0.65,0,1,0,0,1,0,0,"[0, 0, 224]",,,,,,,,,,1,,
2026-07-13 05:25:52.772068,,64,23.7,25.5,25.5,1.19,1.12,1.03,20.2,,,22.2,22.7,21.7,-23.91,1.19,1.12,0,1,0,0,1,0,0,"[0, 0, 224]",,,,,,,,,,1,,
2026-07-13 05:25:52.876591,,64,23.7,25.5,25.5,1.08,1.49,3.18,20.2,,,22.2,22.7,21.7,-23.91,1.32,1.28,0,1,0,0,1,0,0,"[0, 0, 224]",,,,,,,,,,1,,
2026-07-13 05:25:52.980685,,64,23.7,25.5,25.5,1.62,1.02,0.76,20.2,,,22.2,22.7,21.7,-23.91,1.02,1.25,0,1,0,0,1,0,0,"[0, 0, 224]",,,,,,,,,,1,,
2026-07-13 05:25:53.091989,,64,23.7,25.5,25.5,1.15,1.52,1.7,20.2,,,22.2,22.7,21.7,-23.91,0.95,0.68,0,1,0,0,1,0,0,"[0, 0, 224]",,,,,,,,,,1,,
2026-07-13 05:25:53.195978,,64,23.7,25.5,25.5,0.95,1.59,2.24,20.2,,,22.2,22.7,21.7,-23.91,1.45,1.25,0,1,0,0,1,0,0,"[0, 0, 224]",,,,,,,,,,1,,
2026-07-13 05:25:53.301002,,64,23.7,25.5,25.5,1.39,1.15,0.09,20.2,,,22.2,22.7,21.7,-23.91,1.52,1.28,0,1,0,0,1,0,0,"[0, 0, 224]",,,,,,,,,,1,,
2026-07-13 05:25:53.405502,,64,23.7,25.5,25.5,1.49,1.25,-1.11,20.2,,,22.2,22.7,21.7,-23.91,1.55,0.95,0,1,0,0,1,0,0,"[0, 0, 224]",,,,,,,,,,1,,
2026-07-13 05:25:53.511981,,64,23.7,25.5,25.5,1.42,1.66,1.43,20.2,,,22.2,22.7,21.7,-23.91,0.95,0.58,0,1,0,0,1,0,0,"[0, 0, 224]",,,,,,,,,,1,,
2026-07-13 05:25:53.615707,,64,23.7,25.5,25.5,1.35,1.22,0.09,20.2,,,22.2,22.7,21.7,-23.91,0.95,1.15,0,1,0,0,1,0,0,"[0, 0, 224]",,,,,,,,,,1,,
2026-07-13 05:25:53.719880,,64,23.7,25.5,25.5,1.39,1.69,0.63,20.2,,,22.2,22.7,21.7,-23.91,0.88,0.61,0,1,0,0,1,0,0,"[0, 0, 224]",,,,,,,,,,1,,
2026-07-13 05:25:53.824671,,64,23.7,25.5,25.5,1.52,1.69,0.49,20.2,,,22.2,22.7,21.7,-23.91,1.35,1.35,0,1,0,0,1,0,0,"[0, 0, 224]",,,,,,,,,,1,,
2026-07-13 05:25:53.930828,,64,23.7,25.5,25.5,0.98,1.66,3.18,20.2,,,22.2,22.7,21.7,-23.91,0.98,1.22,0,1,0,0,1,0,0,"[0, 0, 224]",,,,,,,,,,1,,
2026-07-13 05:25:54.043798,,64,23.7,25.5,25.5,0.95,1.72,2.64,20.2,,,22.2,22.7,21.7,-23.91,1.05,0.98,0,1,0,0,1,0,0,"[0, 0, 224]",,,,,,,,,,1,,
2026-07-13 05:25:54.164589,,64,23.7,25.5,25.5,1.05,1.25,1.17,20.2,,,22.2,22.7,21.7,-23.91,1.12,1.08,0,1,0,0,1,0,0,"[0, 0, 224]",,,,,,,,,,1,,
2026-07-13 05:25:54.275159,,64,23.7,25.5,25.5,1.22,1.45,1.97,20.2,,,22.2,22.7,21.7,-23.91,0.92,0.71,0,1,0,0,1,0,0,"[0, 0, 224]",,,,,,,,,,1,,
2026-07-13 05:25:54.385786,,64,23.7,25.5,25.5,1.32,1.19,0.36,20.2,,,22.2,22.7,21.7,-23.91,1.22,1.32,0,1,0,0,1,0,0,"[0, 0, 224]",,,,,,,,,,1,,
2026-07-13 05:25:54.498516,,64,23.7,25.5,25.5,0.98,1.42,0.9,20.2,,,22.2,22.7,21.7,-23.91,1.42,1.22,0,1,0,0,1,0,0,"[0, 0, 224]",,,,,,,,,,1,,
2026-07-13 05:25:54.608492,,64,23.7,25.5,25.5,1.39,1.66,1.17,20.2,,,22.2,22.7,21.7,-23.91,1.08,0.68,0,1,0,0,1,0,0,"[0, 0, 224]",,,,,,,,,,1,,
2026-07-13 05:25:54.718498,,64,23.7,25.5,25.5,1.49,1.08,1.3,20.2,,,22.2,22.7,21.7,-23.91,1.49,0.85,0,1,0,0,1,0,0,"[0, 0, 224]",,,,,,,,,,1,,
2026-07-13 05:25:54.828645,,64,23.7,25.5,25.5,1.42,1.19,3.58,20.2,,,22.2,22.7,21.7,-23.91,1.62,1.28,0,1,0,0,1,0,0,"[0, 0, 224]",,,,,,,,,,1,,
2026-07-13 05:25:54.939030,,64,23.7,25.5,25.5,1.39,1.49,0.09,20.2,,,22.2,22.7,21.7,-23.91,0.95,0.78,0,1,0,0,1,0,0,"[0, 0, 224]",,,,,,,,,,1,,
2026-07-13 05:25:55.056942,,64,23.7,25.5,25.5,1.19,1.42,0.23,20.2,,,22.2,22.7,21.7,-23.91,1.08,0.65,0,1,0,0,1,0,0,"[0, 0, 224]",,,,,,,,,,1,,
2026-07-13 05:25:55.166933,,64,23.7,25.5,25.5,1.15,1.05,0.63,20.2,,,22.2,22.7,21.7,-23.91,1.45,1.02,0,1,0,0,1,0,0,"[0, 0, 224]",,,,,,,,,,1,,
2026-07-13 05:25:55.276780,,64,23.7,25.5,25.5,1.45,1.66,-0.3,20.2,,,22.2,22.7,21.7,-23.91,1.32,1.28,0,1,0,0,1,0,0,"[0, 0, 224]",,,,,,,,,,1,,
2026-07-13 05:25:55.386929,,64,23.7,25.5,25.5,0.92,1.55,1.17,20.2,,,22.2,22.7,21.7,-23.91,1.42,1.02,0,1,0,0,1,0,0,"[0, 0, 224]",,,,,,,,,,1,,
2026-07-13 05:25:55.735703,,64,23.7,25.5,25.5,1.35,1.66,2.24,20.2,,,22.2,22.7,21.7,-23.91,1.45,1.28,0,1,0,0,1,0,0,"[0, 0, 224]",,,,,,,,,,1,,
2026-07-13 05:25:55.849454,,64,23.7,25.5,25.5,1.35,1.25,1.84,20.2,,,22.2,22.7,21.7,-23.91,1.49,1.08,0,1,0,0,1,0,0,"[0, 0, 224]",,,,,,,,,,1,,
2026-07-13 05:25:55.959739,,64,23.7,25.5,25.5,1.08,1.35,1.57,20.2,,,22.2,22.7,21.7,-23.91,0.85,1.22,0,1,0,0,1,0,0,"[0, 0, 224]",,,,,,,,,,1,,
2026-07-13 05:25:56.087469,,64,23.7,25.5,25.5,0.98,1.39,1.3,20.2,,,22.2,22.7,21.7,-23.91,1.35,1.18,0,1,0,0,1,0,0,"[0, 0, 224]",,,,,,,,,,1,,
2026-07-13 05:25:56.197584,,64,23.7,25.5,25.5,1.15,1.08,1.7,20.2,,,22.2,22.7,21.7,-23.91,1.15,1.39,0,1,0,0,1,0,0,"[0, 0, 224]",,,,,,,,,,1,,
2026-07-13 05:25:56.308478,,64,23.7,25.5,25.5,1.49,1.29,-0.17,20.2,,,22.2,22.7,21.7,-23.91,1.02,0.71,0,1,0,0,1,0,0,"[0, 0, 224]",,,,,,,,,,1,,
2026-07-13 05:25:56.420355,,64,23.7,25.5,25.5,1.59,1.32,1.97,20.0,,,22.2,22.7,21.7,-23.91,1.55,1.22,0,1,0,0,1,0,0,"[0, 0, 224]",,,,,,,,,,1,,
2026-07-13 05:25:56.531327,,64,23.7,25.5,25.5,1.05,1.22,0.49,20.0,,,22.2,22.7,21.7,-23.91,1.19,0.61,0,1,0,0,1,0,0,"[0, 0, 224]",,,,,,,,,,1,,
2026-07-13 05:25:56.641878,,64,23.7,25.5,25.5,1.45,1.49,1.97,20.0,,,22.2,22.7,21.7,-23.91,0.92,0.81,0,1,0,0,1,0,0,"[0, 0, 224]",,,,,,,,,,1,,
2026-07-13 05:25:56.752686,,64,23.7,25.5,25.5,1.19,1.49,-0.44,20.0,,,22.2,22.7,21.7,-23.91,1.12,0.75,0,1,0,0,1,0,0,"[0, 0, 224]",,,,,,,,,,1,,
2026-07-13 05:25:56.865475,,64,23.7,25.5,25.5,1.02,1.72,1.03,20.0,,,22.2,22.7,21.7,-23.91,1.35,1.25,0,1,0,0,1,0,0,"[0, 0, 224]",,,,,,,,,,1,,
2026-07-13 05:25:56.975495,,64,23.7,25.5,25.5,1.25,1.12,1.3,20.0,,,22.2,22.7,21.7,-23.91,1.52,1.08,0,1,0,0,1,0,0,"[0, 0, 224]",,,,,,,,,,1,,
2026-07-13 05:25:57.097807,,64,23.7,25.5,25.5,1.25,1.52,3.05,20.0,,,22.2,22.7,21.7,-23.91,1.55,1.32,0,1,0,0,1,0,0,"[0, 0, 224]",,,,,,,,,,1,,
2026-07-13 05:25:57.207930,,64,23.7,25.5,25.5,1.35,1.55,-0.17,20.0,,,22.2,22.7,21.7,-23.91,1.42,1.28,0,1,0,0,1,0,0,"[0, 0, 224]",,,,,,,,,,1,,
2026-07-13 05:25:57.318263,,64,23.7,25.5,25.5,1.39,1.35,0.23,20.0,,,22.2,22.7,21.7,-23.91,0.95,1.15,0,1,0,0,1,0,0,"[0, 0, 224]",,,,,,,,,,1,,
2026-07-13 05:25:57.428919,,64,23.7,25.5,25.5,1.52,0.98,-0.17,20.0,,,22.2,22.7,21.7,-23.91,0.95,0.65,0,1,0,0,1,0,0,"[0, 0, 224]",,,,,,,,,,1,,
2026-07-13 05:25:57.540230,,64,23.7,25.5,25.5,1.08,1.55,1.17,20.0,,,22.2,22.7,21.7,-23.91,0.92,0.92,0,1,0,0,1,0,0,"[0, 0, 224]",,,,,,,,,,1,,
2026-07-13 05:25:57.651588,,64,23.7,25.5,25.5,1.05,1.25,1.7,20.0,,,22.2,22.7,21.7,-23.91,0.95,1.22,0,1,0,0,1,0,0,"[0, 0, 224]",,,,,,,,,,1,,
2026-07-13 05:25:57.762838,,64,23.7,25.5,25.5,1.35,1.62,1.7,20.0,,,22.2,22.7,21.7,-23.91,1.12,1.18,0,1,0,0,1,0,0,"[0, 0, 224]",,,,,,,,,,1,,
2026-07-13 05:25:57.876995,,64,23.7,25.5,25.5,1.35,1.29,0.49,20.0,,,22.2,22.7,21.7,-23.91,1.25,0.68,0,1,0,0,1,0,0,"[0, 0, 224]",,,,,,,,,,1,,
2026-07-13 05:25:57.988490,,64,23.7,25.5,25.5,1.22,1.49,2.91,20.0,,,22.2,22.7,21.7,-23.91,0.98,0.68,0,1,0,0,1,0,0,"[0, 0, 224]",,,,,,,,,,1,,
2026-07-13 05:25:58.111893,,64,23.7,25.5,25.5,1.35,1.49,2.78,20.0,,,22.2,22.7,21.7,-23.91,1.42,0.65,0,1,0,0,1,0,0,"[0, 0, 224]",,,,,,,,,,1,,
2026-07-13 05:25:58.223285,,64,23.7,25.5,25.5,1.19,1.39,-0.7,20.0,,,22.2,22.7,21.7,-23.91,1.52,0.58,0,1,0,0,1,0,0,"[0, 0, 224]",,,,,,,,,,1,,
2026-07-13 05:25:58.334188,,64,23.7,25.5,25.5,1.05,1.52,2.11,20.0,,,22.2,22.7,21.7,-23.91,1.52,0.65,0,1,0,0,1,0,0,"[0, 0, 224]",,,,,,,,,,1,,
2026-07-13 05:25:58.444514,,64,23.7,25.5,25.5,0.95,1.25,2.78,20.0,,,22.2,22.7,21.7,-23.91,1.49,0.68,0,1,0,0,1,0,0,"[0, 0, 224]",,,,,,,,,,1,,
2026-07-13 05:25:58.555180,,64,23.7,25.5,25.5,1.12,1.66,1.57,20.0,,,22.2,22.7,21.7,-23.91,1.05,1.35,0,1,0,0,1,0,0,"[0, 0, 224]",,,,,,,,,,1,,
2026-07-13 05:25:58.667841,,64,23.7,25.5,25.5,0.92,1.12,1.17,20.0,,,22.2,22.7,21.7,-23.91,0.85,1.25,0,1,0,0,1,0,0,"[0, 0, 224]",,,,,,,,,,1,,
2026-07-13 05:25:58.779234,,64,23.7,25.5,25.5,1.42,1.49,1.84,20.0,,,22.2,22.7,21.7,-23.91,1.49,1.32,0,1,0,0,1,0,0,"[0, 0, 224]",,,,,,,,,,1,,
2026-07-13 05:25:58.890148,,64,23.7,25.5,25.5,1.15,1.72,-0.3,20.0,,,22.2,22.7,21.7,-23.91,1.25,0.92,0,1,0,0,1,0,0,"[0, 0, 224]",,,,,,,,,,1,,
2026-07-13 05:25:59.012844,,64,23.7,25.5,25.5,1.25,1.66,-0.3,20.0,,,22.2,22.7,21.7,-23.91,1.52,0.92,0,1,0,0,1,0,0,"[0, 0, 224]",,,,,,,,,,1,,
2026-07-13 05:25:59.136620,,64,23.7,25.5,25.5,1.29,1.15,-0.3,20.0,,,22.2,22.7,21.7,-23.91,1.02,0.81,0,1,0,0,1,0,0,"[0, 0, 224]",,,,,,,,,,1,,
2026-07-13 05:25:59.247327,,64,23.7,25.5,25.5,1.35,1.25,0.9,20.0,,,22.2,22.7,21.7,-23.91,0.98,1.32,0,1,0,0,1,0,0,"[0, 0, 224]",,,,,,,,,,1,,
2026-07-13 05:25:59.358005,,64,23.7,25.5,25.5,1.12,1.12,0.23,20.0,,,22.2,22.7,21.7,-23.91,1.05,0.81,0,1,0,0,1,0,0,"[0, 0, 224]",,,,,,,,,,1,,
2026-07-13 05:25:59.468475,,64,23.7,25.5,25.5,1.08,1.29,1.17,20.0,,,22.2,22.7,21.7,-23.91,1.52,0.98,0,1,0,0,1,0,0,"[0, 0, 224]",,,,,,,,,,1,,
2026-07-13 05:25:59.578979,,64,23.7,25.5,25.5,1.32,1.15,0.63,20.0,,,22.2,22.7,21.7,-23.91,1.32,0.78,0,1,0,0,1,0,0,"[0, 0, 224]",,,,,,,,,,1,,
2026-07-13 05:25:59.688766,,64,23.7,25.5,25.5,1.35,1.69,1.57,20.0,,,22.2,22.7,21.7,-23.91,1.55,1.22,0,1,0,0,1,0,0,"[0, 0, 224]",,,,,,,,,,1,,
2026-07-13 05:25:59.798831,,64,23.7,25.5,25.5,1.62,1.52,1.7,20.0,,,22.2,22.7,21.7,-23.91,1.22,1.28,0,1,0,0,1,0,0,"[0, 0, 224]",,,,,,,,,,1,,
2026-07-13 05:25:59.911620,,64,23.7,25.5,25.5,1.12,1.32,-0.7,20.0,,,22.2,22.7,21.7,-23.91,1.08,1.05,0,1,0,0,1,0,0,"[0, 0, 224]",,,,,,,,,,1,,
2026-07-13 05:26:00.025247,,64,23.7,25.5,25.5,1.45,1.15,1.7,20.0,,,22.2,22.7,21.7,-23.91,1.52,1.28,0,1,0,0,1,0,0,"[0, 0, 224]",,,,,,,,,,1,,
2026-07-13 05:26:00.135875,,64,23.7,25.5,25.5,1.62,1.55,1.7,20.0,,,22.2,22.7,21.7,-23.91,0.95,1.28,0,1,0,0,1,0,0,"[0, 0, 224]",,,,,,,,,,1,,
2026-07-13 05:26:00.246169,,64,23.7,25.5,25.5,1.25,1.08,1.97,20.0,,,22.2,22.7,21.7,-23.91,1.39,0.92,0,1,0,0,1,0,0,"[0, 0, 224]",,,,,,,,,,1,,
2026-07-13 05:26:00.356437,,64,23.7,25.5,25.5,1.49,1.55,2.11,20.0,,,22.2,22.7,21.7,-23.91,1.02,1.15,0,1,0,0,1,0,0,"[0, 0, 224]",,,,,,,,,,1,,
2026-07-13 05:26:00.466471,,64,23.7,25.5,25.5,0.95,1.19,2.24,20.0,,,22.2,22.7,21.7,-23.91,1.52,1.28,0,1,0,0,1,0,0,"[0, 0, 224]",,,,,,,,,,1,,
2026-07-13 05:26:00.576194,,64,23.7,25.5,25.5,1.45,1.52,-0.84,20.0,,,22.2,22.7,21.7,-23.91,1.08,1.32,0,1,0,0,1,0,0,"[0, 0, 224]",,,,,,,,,,1,,
2026-07-13 05:26:00.686027,,64,23.7,25.5,25.5,1.32,1.62,-0.3,20.0,,,22.2,22.7,21.7,-23.91,1.05,1.25,0,1,0,0,1,0,0,"[0, 0, 224]",,,,,,,,,,1,,
2026-07-13 05:26:00.796003,,64,23.7,25.5,25.5,1.45,1.32,2.11,20.0,,,22.2,22.7,21.7,-23.91,0.98,0.61,0,1,0,0,1,0,0,"[0, 0, 224]",,,,,,,,,,1,,
2026-07-13 05:26:00.909195,,64,23.7,25.5,25.5,1.15,1.49,3.58,19.7,,,22.2,22.7,21.7,-23.91,0.88,0.78,0,1,0,0,1,0,0,"[0, 0, 224]",,,,,,,,,,1,,
2026-07-13 05:26:01.032142,,64,23.7,25.5,25.5,1.15,1.49,2.37,19.7,,,22.2,22.7,21.7,-23.91,1.08,0.88,0,1,0,0,1,0,0,"[0, 0, 224]",,,,,,,,,,1,,
2026-07-13 05:26:01.141431,,64,23.7,25.5,25.5,1.62,1.22,2.78,19.7,,,22.2,22.7,21.7,-23.91,1.55,1.15,0,1,0,0,1,0,0,"[0, 0, 224]",,,,,,,,,,1,,
2026-07-13 05:26:01.251370,,64,23.7,25.5,25.5,1.08,1.35,2.24,19.7,,,22.2,22.7,21.7,-23.91,0.95,1.25,0,1,0,0,1,0,0,"[0, 0, 224]",,,,,,,,,,1,,
2026-07-13 05:26:01.361227,,64,23.7,25.5,25.5,1.62,1.52,1.3,19.7,,,22.2,22.7,21.7,-23.91,1.22,1.22,0,1,0,0,1,0,0,"[0, 0, 224]",,,,,,,,,,1,,
2026-07-13 05:26:01.471389,,64,23.7,25.5,25.5,1.32,1.05,1.97,19.7,,,22.2,22.7,21.7,-23.91,1.08,0.88,0,1,0,0,1,0,0,"[0, 0, 224]",,,,,,,,,,1,,
2026-07-13 05:26:01.581033,,64,23.7,25.5,25.5,1.29,1.39,2.51,19.7,,,22.2,22.7,21.7,-23.91,1.12,1.15,0,1,0,0,1,0,0,"[0, 0, 224]",,,,,,,,,,1,,
2026-07-13 05:26:01.691424,,64,23.7,25.5,25.5,1.52,1.32,2.37,19.7,,,22.2,22.7,21.7,-23.91,1.45,1.08,0,1,0,0,1,0,0,"[0, 0, 224]",,,,,,,,,,1,,
2026-07-13 05:26:01.801383,,64,23.7,25.5,25.5,1.55,1.62,0.76,19.7,,,22.2,22.7,21.7,-23.91,1.52,0.68,0,1,0,0,1,0,0,"[0, 0, 224]",,,,,,,,,,1,,
2026-07-13 05:26:01.911406,,64,23.7,25.5,25.5,1.12,1.62,0.36,19.7,,,22.2,22.7,21.7,-23.91,1.49,0.65,0,1,0,0,1,0,0,"[0, 0, 224]",,,,,,,,,,1,,
2026-07-13 05:26:02.030837,,64,23.7,25.5,25.5,1.08,1.25,1.17,19.7,,,22.2,22.7,21.7,-23.91,1.45,1.08,0,1,0,0,1,0,0,"[0, 0, 224]",,,,,,,,,,1,,
2026-07-13 05:26:02.140916,,64,23.7,25.5,25.5,1.02,1.59,0.09,19.7,,,22.2,22.7,21.7,-23.91,1.35,0.81,0,1,0,0,1,0,0,"[0, 0, 224]",,,,,,,,,,1,,
2026-07-13 05:26:02.250857,,64,23.7,25.5,25.5,1.39,1.55,0.23,19.7,,,22.2,22.7,21.7,-23.91,1.22,1.32,0,1,0,0,1,0,0,"[0, 0, 224]",,,,,,,,,,1,,
2026-07-13 05:26:02.360749,,64,23.7,25.5,25.5,1.25,1.66,-0.03,19.7,,,22.2,22.7,21.7,-23.91,1.42,0.95,0,1,0,0,1,0,0,"[0, 0, 224]",,,,,,,,,,1,,
2026-07-13 05:26:02.470705,,64,23.7,25.5,25.5,0.88,1.35,0.36,19.7,,,22.2,22.7,21.7,-23.91,0.92,1.12,0,1,0,0,1,0,0,"[0, 0, 224]",,,,,,,,,,1,,
2026-07-13 05:26:02.581797,,64,23.7,25.5,25.5,1.19,1.35,1.57,19.7,,,22.2,22.7,21.7,-23.91,0.92,1.15,0,1,0,0,1,0,0,"[0, 0, 224]",,,,,,,,,,1,,
2026-07-13 05:26:02.691936,,64,23.7,25.5,25.5,1.35,1.66,1.97,19.7,,,22.2,22.7,21.7,-23.91,1.19,1.05,0,1,0,0,1,0,0,"[0, 0, 224]",,,,,,,,,,1,,
2026-07-13 05:26:02.802913,,64,23.7,25.5,25.5,1.19,1.66,1.03,19.7,,,22.2,22.7,21.7,-23.91,1.19,0.61,0,1,0,0,1,0,0,"[0, 0, 224]",,,,,,,,,,1,,
2026-07-13 05:26:02.913628,,64,23.7,25.5,25.5,1.15,1.52,-0.7,19.7,,,22.2,22.7,21.7,-23.91,1.45,0.65,0,1,0,0,1,0,0,"[0, 0, 224]",,,,,,,,,,1,,
2026-07-13 05:26:03.028560,,64,23.7,25.5,25.5,1.22,1.45,0.23,19.7,,,22.2,22.7,21.7,-23.91,1.52,1.18,0,1,0,0,1,0,0,"[0, 0, 224]",,,,,,,,,,1,,
2026-07-13 05:26:03.141571,,64,23.7,25.5,25.5,1.19,1.52,2.37,19.7,,,22.2,22.7,21.7,-23.91,1.35,0.71,0,1,0,0,1,0,0,"[0, 0, 224]",,,,,,,,,,1,,
2026-07-13 05:26:03.252443,,64,23.7,25.5,25.5,1.32,1.62,-0.3,19.7,,,22.2,22.7,21.7,-23.91,1.39,1.35,0,1,0,0,1,0,0,"[0, 0, 224]",,,,,,,,,,1,,
2026-07-13 05:26:03.362715,,64,23.7,25.5,25.5,1.05,1.49,1.17,19.7,,,22.2,22.7,21.7,-23.91,0.98,0.68,0,1,0,0,1,0,0,"[0, 0, 224]",,,,,,,,,,1,,
2026-07-13 05:26:03.472650,,64,23.7,25.5,25.5,1.12,1.55,2.78,19.7,,,22.2,22.7,21.7,-23.91,0.88,1.25,0,1,0,0,1,0,0,"[0, 0, 224]",,,,,,,,,,1,,
2026-07-13 05:26:03.583791,,64,23.7,25.5,25.5,1.45,1.15,0.36,19.7,,,22.2,22.7,21.7,-23.91,1.49,0.68,0,1,0,0,1,0,0,"[0, 0, 224]",,,,,,,,,,1,,
2026-07-13 05:26:03.693738,,64,23.7,25.5,25.5,1.39,1.52,2.51,19.7,,,22.2,22.7,21.7,-23.91,1.52,1.15,0,1,0,0,1,0,0,"[0, 0, 224]",,,,,,,,,,1,,
2026-07-13 05:26:03.803748,,64,23.7,25.5,25.5,1.35,1.66,1.3,19.7,,,22.2,22.7,21.7,-23.91,1.22,1.15,0,1,0,0,1,0,0,"[0, 0, 224]",,,,,,,,,,1,,
2026-07-13 05:26:03.913965,,64,23.7,25.5,25.5,1.49,1.22,2.24,19.7,,,22.2,22.7,21.7,-23.91,1.22,1.05,0,1,0,0,1,0,0,"[0, 0, 224]",,,,,,,,,,1,,
2026-07-13 05:26:04.026762,,64,23.7,25.5,25.5,0.98,1.12,2.64,19.7,,,22.2,22.7,21.7,-23.91,1.52,0.75,0,1,0,0,1,0,0,"[0, 0, 224]",,,,,,,,,,1,,
2026-07-13 05:26:04.142812,,64,23.7,25.5,25.5,1.35,1.12,-0.17,19.7,,,22.2,22.7,21.7,-23.91,1.02,1.28,0,1,0,0,1,0,0,"[0, 0, 224]",,,,,,,,,,1,,
2026-07-13 05:26:04.253924,,64,23.7,25.5,25.5,1.12,1.42,1.57,19.7,,,22.2,22.7,21.7,-23.91,1.55,1.15,0,1,0,0,1,0,0,"[0, 0, 224]",,,,,,,,,,1,,
2026-07-13 05:26:04.364597,,64,23.7,25.5,25.5,1.22,1.69,1.57,19.7,,,22.2,22.7,21.7,-23.91,1.52,1.28,0,1,0,0,1,0,0,"[0, 0, 224]",,,,,,,,,,1,,
2026-07-13 05:26:04.475615,,64,23.7,25.5,25.5,1.15,1.69,1.03,19.7,,,22.2,22.7,21.7,-23.91,1.35,1.18,0,1,0,0,1,0,0,"[0, 0, 224]",,,,,,,,,,1,,
2026-07-13 05:26:04.586230,,64,23.7,25.5,25.5,1.25,1.62,0.23,19.7,,,22.2,22.7,21.7,-23.91,1.59,1.28,0,1,0,0,1,0,0,"[0, 0, 224]",,,,,,,,,,1,,
2026-07-13 05:26:04.697113,,64,23.7,25.5,25.5,1.32,1.49,2.91,19.7,,,22.2,22.7,21.7,-23.91,1.39,1.02,0,1,0,0,1,0,0,"[0, 0, 224]",,,,,,,,,,1,,
2026-07-13 05:26:04.807413,,64,23.7,25.5,25.5,1.35,1.45,1.17,19.7,,,22.2,22.7,21.7,-23.91,1.39,0.71,0,1,0,0,1,0,0,"[0, 0, 224]",,,,,,,,,,1,,
2026-07-13 05:26:04.918140,,64,23.7,25.5,25.5,0.88,1.45,0.63,19.7,,,22.2,22.7,21.7,-23.91,1.59,0.85,0,1,0,0,1,0,0,"[0, 0, 224]",,,,,,,,,,1,,
2026-07-13 05:26:05.035742,,64,23.7,25.5,25.5,0.98,1.55,3.31,19.7,,,22.2,22.7,21.7,-23.91,1.22,1.12,0,1,0,0,1,0,0,"[0, 0, 224]",,,,,,,,,,1,,
2026-07-13 05:26:05.164103,,64,23.7,25.5,25.5,1.25,1.42,1.3,19.7,,,22.2,22.7,21.7,-23.91,1.49,0.68,0,1,0,0,1,0,0,"[0, 0, 224]",,,,,,,,,,1,,
2026-07-13 05:26:05.274666,,64,23.7,25.5,25.5,1.08,1.52,1.97,19.7,,,22.2,22.7,21.7,-23.91,1.49,1.25,0,1,0,0,1,0,0,"[0, 0, 224]",,,,,,,,,,1,,
2026-07-13 05:26:05.386707,,64,23.7,25.5,25.5,1.08,1.32,1.84,19.7,,,22.2,22.7,21.7,-23.91,1.49,0.92,0,1,0,0,1,0,0,"[0, 0, 224]",,,,,,,,,,1,,
2026-07-13 05:26:05.497427,,64,23.7,25.5,25.5,0.92,1.19,2.91,19.7,,,22.2,22.7,21.7,-23.91,0.98,1.05,0,1,0,0,1,0,0,"[0, 0, 224]",,,,,,,,,,1,,
2026-07-13 05:26:05.607770,,64,23.7,25.5,25.5,1.22,1.55,1.3,19.7,,,22.2,22.7,21.7,-23.91,1.08,1.22,0,1,0,0,1,0,0,"[0, 0, 224]",,,,,,,,,,1,,
2026-07-13 05:26:05.718296,,64,23.7,25.5,25.5,1.42,1.55,3.31,19.5,,,22.2,22.7,21.7,-23.91,1.32,0.61,0,1,0,0,1,0,0,"[0, 0, 224]",,,,,,,,,,1,,
2026-07-13 05:26:05.829322,,64,23.7,25.5,25.5,1.25,1.59,2.24,19.5,,,22.2,22.7,21.7,-23.91,1.05,0.65,0,1,0,0,1,0,0,"[0, 0, 224]",,,,,,,,,,1,,
2026-07-13 05:26:05.939890,,64,23.7,25.5,25.5,1.12,1.19,1.43,19.5,,,22.2,22.7,21.7,-23.91,1.15,0.98,0,1,0,0,1,0,0,"[0, 0, 224]",,,,,,,,,,1,,
2026-07-13 05:26:06.063855,,64,23.7,25.5,25.5,1.02,1.08,2.11,19.5,,,22.2,22.7,21.7,-23.91,0.92,0.88,0,1,0,0,1,0,0,"[0, 0, 224]",,,,,,,,,,1,,
2026-07-13 05:26:06.187630,,64,23.7,25.5,25.5,1.25,1.52,0.09,19.5,,,22.2,22.7,21.7,-23.91,1.39,0.85,0,1,0,0,1,0,0,"[0, 0, 224]",,,,,,,,,,1,,
2026-07-13 05:26:06.301901,,64,23.7,25.5,25.5,1.05,1.19,0.76,19.5,,,22.2,22.7,21.7,-23.91,1.08,0.88,0,1,0,0,1,0,0,"[0, 0, 224]",,,,,,,,,,1,,
2026-07-13 05:26:06.416041,,64,23.7,25.5,25.5,1.62,1.52,2.51,19.5,,,22.2,22.7,21.7,-23.91,1.55,0.65,0,1,0,0,1,0,0,"[0, 0, 224]",,,,,,,,,,1,,
2026-07-13 05:26:06.528373,,64,23.7,25.5,25.5,1.45,1.55,1.57,19.5,,,22.2,22.7,21.7,-23.91,1.25,0.81,0,1,0,0,1,0,0,"[0, 0, 224]",,,,,,,,,,1,,
2026-07-13 05:26:06.635750,,64,23.7,25.5,25.5,1.35,1.22,1.97,19.5,,,22.2,22.7,21.7,-23.91,1.02,1.28,0,1,0,0,1,0,0,"[0, 0, 224]",,,,,,,,,,1,,
2026-07-13 05:26:06.742496,,64,23.7,25.5,25.5,1.52,1.66,0.76,19.5,,,22.2,22.7,21.7,-23.91,0.92,1.39,0,1,0,0,1,0,0,"[0, 0, 224]",,,,,,,,,,1,,
2026-07-13 05:26:06.850120,,64,23.7,25.5,25.5,1.52,1.32,3.18,19.5,,,22.2,22.7,21.7,-23.91,0.98,1.28,0,1,0,0,1,0,0,"[0, 0, 224]",,,,,,,,,,1,,
2026-07-13 05:26:06.956955,,64,23.7,25.5,25.5,1.45,1.42,1.43,19.5,,,22.2,22.7,21.7,-23.91,1.55,0.98,0,1,0,0,1,0,0,"[0, 0, 224]",,,,,,,,,,1,,
2026-07-13 05:26:07.073714,,64,23.7,25.5,25.5,1.32,1.12,0.23,19.5,,,22.2,22.7,21.7,-23.91,0.85,1.22,0,1,0,0,1,0,0,"[0, 0, 224]",,,,,,,,,,1,,
2026-07-13 05:26:07.180528,,64,23.7,25.5,25.5,1.29,1.29,2.51,19.5,,,22.2,22.7,21.7,-23.91,1.19,0.68,0,1,0,0,1,0,0,"[0, 0, 224]",,,,,,,,,,1,,
2026-07-13 05:26:07.287959,,64,23.7,25.5,25.5,1.02,1.35,-0.44,19.5,,,22.2,22.7,21.7,-23.91,1.32,1.32,0,1,0,0,1,0,0,"[0, 0, 224]",,,,,,,,,,1,,
2026-07-13 05:26:07.394732,,64,23.7,25.5,25.5,1.05,1.59,2.11,19.5,,,22.2,22.7,21.7,-23.91,0.95,0.71,0,1,0,0,1,0,0,"[0, 0, 224]",,,,,,,,,,1,,
2026-07-13 05:26:07.501587,,64,23.7,25.5,25.5,1.08,1.15,3.18,19.5,,,22.2,22.7,21.7,-23.91,1.49,0.95,0,1,0,0,1,0,0,"[0, 0, 224]",,,,,,,,,,1,,
2026-07-13 05:26:07.608904,,64,23.7,25.5,25.5,1.35,1.29,0.49,19.5,,,22.2,22.7,21.7,-23.91,0.82,1.25,0,1,0,0,1,0,0,"[0, 0, 224]",,,,,,,,,,1,,
2026-07-13 05:26:07.716414,,64,23.7,25.5,25.5,1.19,1.39,0.63,19.5,,,22.2,22.7,21.7,-23.91,1.49,0.85,0,1,0,0,1,0,0,"[0, 0, 224]",,,,,,,,,,1,,
2026-07-13 05:26:07.823063,,64,23.7,25.5,25.5,1.42,1.62,1.43,19.5,,,22.2,22.7,21.7,-23.91,1.02,1.02,0,1,0,0,1,0,0,"[0, 0, 224]",,,,,,,,,,1,,
2026-07-13 05:26:07.930206,,64,23.7,25.5,25.5,1.35,1.22,0.36,19.5,,,22.2,22.7,21.7,-23.91,1.05,0.75,0,1,0,0,1,0,0,"[0, 0, 224]",,,,,,,,,,1,,
2026-07-13 05:26:08.037432,,64,23.7,25.5,25.5,1.52,1.55,1.57,19.5,,,22.2,22.7,21.7,-23.91,0.88,1.39,0,1,0,0,1,0,0,"[0, 0, 224]",,,,,,,,,,1,,
2026-07-13 05:26:08.154420,,64,23.7,25.5,25.5,1.39,1.52,0.76,19.5,,,22.2,22.7,21.7,-23.91,1.05,0.98,0,1,0,0,1,0,0,"[0, 0, 224]",,,,,,,,,,1,,
2026-07-13 05:26:08.261941,,64,23.7,25.5,25.5,1.55,1.29,2.11,19.5,,,22.2,22.7,21.7,-23.91,1.35,1.25,0,1,0,0,1,0,0,"[0, 0, 224]",,,,,,,,,,1,,
2026-07-13 05:26:08.369338,,64,23.7,25.5,25.5,1.42,1.59,1.84,19.5,,,22.2,22.7,21.7,-23.91,1.52,1.28,0,1,0,0,1,0,0,"[0, 0, 224]",,,,,,,,,,1,,
2026-07-13 05:26:08.476803,,64,23.7,25.5,25.5,1.45,1.25,-0.17,19.5,,,22.2,22.7,21.7,-23.91,1.08,1.28,0,1,0,0,1,0,0,"[0, 0, 224]",,,,,,,,,,1,,
2026-07-13 05:26:08.583598,,64,23.7,25.5,25.5,1.25,1.39,3.18,19.5,,,22.2,22.7,21.7,-23.91,1.49,0.68,0,1,0,0,1,0,0,"[0, 0, 224]",,,,,,,,,,1,,
2026-07-13 05:26:08.690526,,64,23.7,25.5,25.5,1.32,1.45,0.36,19.5,,,22.2,22.7,21.7,-23.91,1.08,1.18,0,1,0,0,1,0,0,"[0, 0, 224]",,,,,,,,,,1,,
2026-07-13 05:26:08.797306,,64,23.7,25.5,25.5,1.02,1.39,2.78,19.5,,,22.2,22.7,21.7,-23.91,1.32,1.32,0,1,0,0,1,0,0,"[0, 0, 224]",,,,,,,,,,1,,
2026-07-13 05:26:08.904560,,64,23.7,25.5,25.5,1.39,1.29,1.3,19.5,,,22.2,22.7,21.7,-23.91,1.42,0.68,0,1,0,0,1,0,0,"[0, 0, 224]",,,,,,,,,,1,,
2026-07-13 05:26:09.012620,,64,23.7,25.5,25.5,1.42,1.42,0.63,19.5,,,22.2,22.7,21.7,-23.91,1.25,1.02,0,1,0,0,1,0,0,"[0, 0, 224]",,,,,,,,,,1,,
2026-07-13 05:26:09.139839,,64,23.7,25.5,25.5,1.22,1.72,2.11,19.5,,,22.2,22.7,21.7,-23.91,1.49,1.25,0,1,0,0,1,0,0,"[0, 0, 224]",,,,,,,,,,1,,
2026-07-13 05:26:09.266770,,64,23.7,25.5,25.5,1.45,1.15,-0.17,19.5,,,22.2,22.7,21.7,-23.91,1.35,0.95,0,1,0,0,1,0,0,"[0, 0, 224]",,,,,,,,,,1,,
2026-07-13 05:26:09.373664,,64,23.7,25.5,25.5,1.42,1.55,1.97,19.5,,,22.2,22.7,21.7,-23.91,1.45,1.22,0,1,0,0,1,0,0,"[0, 0, 224]",,,,,,,,,,1,,
2026-07-13 05:26:09.480786,,64,23.7,25.5,25.5,1.35,1.29,2.78,19.5,,,22.2,22.7,21.7,-23.91,1.25,0.68,0,1,0,0,1,0,0,"[0, 0, 224]",,,,,,,,,,1,,
2026-07-13 05:26:09.588021,,64,23.7,25.5,25.5,1.15,1.19,1.17,19.5,,,22.2,22.7,21.7,-23.91,1.49,1.02,0,1,0,0,1,0,0,"[0, 0, 224]",,,,,,,,,,1,,
2026-07-13 05:26:09.695756,,64,23.7,25.5,25.5,1.29,1.55,1.3,19.5,,,22.2,22.7,21.7,-23.91,1.52,1.05,0,1,0,0,1,0,0,"[0, 0, 224]",,,,,,,,,,1,,
2026-07-13 05:26:09.809314,,64,23.7,25.5,25.5,1.22,1.62,0.36,19.5,,,22.2,22.7,21.7,-23.91,0.92,1.02,0,1,0,0,1,0,0,"[0, 0, 224]",,,,,,,,,,1,,
2026-07-13 05:26:09.916465,,64,23.7,25.5,25.5,1.15,1.62,0.36,19.5,,,22.2,22.7,21.7,-23.91,1.49,0.92,0,1,0,0,1,0,0,"[0, 0, 224]",,,,,,,,,,1,,
2026-07-13 05:26:10.024347,,64,23.7,25.5,25.5,0.95,1.05,1.3,19.5,,,22.2,22.7,21.7,-23.91,0.88,1.28,0,1,0,0,1,0,0,"[0, 0, 224]",,,,,,,,,,1,,
2026-07-13 05:26:10.143172,,64,23.7,25.5,25.5,0.98,1.66,0.63,19.5,,,22.2,22.7,21.7,-23.91,0.95,1.02,0,1,0,0,1,0,0,"[0, 0, 224]",,,,,,,,,,1,,
2026-07-13 05:26:10.250573,,64,23.7,25.5,25.5,1.05,1.49,2.78,19.5,,,22.2,22.7,21.7,-23.91,1.39,1.22,0,1,0,0,1,0,0,"[0, 0, 224]",,,,,,,,,,1,,
2026-07-13 05:26:10.357480,,64,23.7,25.5,25.5,1.29,1.42,1.97,19.5,,,22.2,22.7,21.7,-23.91,0.95,0.85,0,1,0,0,1,0,0,"[0, 0, 224]",,,,,,,,,,1,,
2026-07-13 05:26:10.464887,,64,23.7,25.5,25.5,1.15,1.62,1.17,19.5,,,22.2,22.7,21.7,-23.91,1.55,1.22,0,1,0,0,1,0,0,"[0, 0, 224]",,,,,,,,,,1,,
2026-07-13 05:26:10.571747,,64,23.7,25.5,25.5,1.15,1.49,0.63,19.5,,,22.2,22.7,21.7,-23.91,1.29,1.05,0,1,0,0,1,0,0,"[0, 0, 224]",,,,,,,,,,1,,
2026-07-13 05:26:10.678441,,64,23.7,25.5,25.5,1.15,1.39,3.31,19.5,,,22.2,22.7,21.7,-23.91,1.15,0.81,0,1,0,0,1,0,0,"[0, 0, 224]",,,,,,,,,,1,,
2026-07-13 05:26:10.785627,,64,23.7,25.5,25.5,1.39,1.35,3.72,19.5,,,22.2,22.7,21.7,-23.91,1.49,0.78,0,1,0,0,1,0,0,"[0, 0, 224]",,,,,,,,,,1,,
2026-07-13 05:26:10.892455,,64,23.7,25.5,25.5,1.39,1.32,0.49,19.5,,,22.2,22.7,21.7,-23.91,1.59,0.78,0,1,0,0,1,0,0,"[0, 0, 224]",,,,,,,,,,1,,
2026-07-13 05:26:10.999102,,64,23.7,25.5,25.5,1.52,1.52,3.05,19.5,,,22.2,22.7,21.7,-23.91,1.12,0.55,0,1,0,0,1,0,0,"[0, 0, 224]",,,,,,,,,,1,,
2026-07-13 05:26:11.121955,,64,23.7,25.5,25.5,1.49,1.59,0.76,19.5,,,22.2,22.7,21.7,-23.91,1.12,0.78,0,1,0,0,1,0,0,"[0, 0, 224]",,,,,,,,,,1,,
2026-07-13 05:26:11.229092,,64,23.7,25.5,25.5,1.15,1.19,2.64,19.5,,,22.2,22.7,21.7,-23.91,1.25,0.81,0,1,0,0,1,0,0,"[0, 0, 224]",,,,,,,,,,1,,
2026-07-13 05:26:11.336653,,64,23.7,25.5,25.5,1.08,1.55,2.51,19.5,,,22.2,22.7,21.7,-23.91,0.98,1.02,0,1,0,0,1,0,0,"[0, 0, 224]",,,,,,,,,,1,,
2026-07-13 05:26:11.444417,,64,23.7,25.5,25.5,1.08,1.25,1.97,19.5,,,22.2,22.7,21.7,-23.91,1.55,1.28,0,1,0,0,1,0,0,"[0, 0, 224]",,,,,,,,,,1,,
2026-07-13 05:26:11.551722,,64,23.7,25.5,25.5,1.25,1.66,1.3,19.5,,,22.2,22.7,21.7,-23.91,1.05,0.75,0,1,0,0,1,0,0,"[0, 0, 224]",,,,,,,,,,1,,
2026-07-13 05:26:11.658620,,64,23.7,25.5,25.5,0.98,1.29,1.7,19.5,,,22.2,22.7,21.7,-23.91,1.12,1.28,0,1,0,0,1,0,0,"[0, 0, 224]",,,,,,,,,,1,,
2026-07-13 05:26:11.766093,,64,23.7,25.5,25.5,0.92,1.32,2.51,19.5,,,22.2,22.7,21.7,-23.91,1.19,0.68,0,1,0,0,1,0,0,"[0, 0, 224]",,,,,,,,,,1,,
2026-07-13 05:26:11.873672,,64,23.7,25.5,25.5,1.08,1.29,3.05,19.5,,,22.2,22.7,21.7,-23.91,0.88,0.68,0,1,0,0,1,0,0,"[0, 0, 224]",,,,,,,,,,1,,
2026-07-13 05:26:11.980536,,64,23.7,25.5,25.5,1.12,1.35,1.97,19.5,,,22.2,22.7,21.7,-23.91,0.98,1.28,0,1,0,0,1,0,0,"[0, 0, 224]",,,,,,,,,,1,,
2026-07-13 05:26:12.102123,,64,23.7,25.5,25.5,1.25,1.29,0.23,19.5,,,22.2,22.7,21.7,-23.91,0.88,1.12,0,1,0,0,1,0,0,"[0, 0, 224]",,,,,,,,,,1,,
2026-07-13 05:26:12.209241,,64,23.7,25.5,25.5,1.39,1.15,2.51,19.5,,,22.2,22.7,21.7,-23.91,1.49,0.78,0,1,0,0,1,0,0,"[0, 0, 224]",,,,,,,,,,1,,
2026-07-13 05:26:12.318289,,64,23.7,25.5,25.5,1.39,1.32,0.76,19.5,,,22.2,22.7,21.7,-23.91,1.52,1.02,0,1,0,0,1,0,0,"[0, 0, 224]",,,,,,,,,,1,,
2026-07-13 05:26:12.425235,,64,23.7,25.5,25.5,1.02,1.35,2.78,19.5,,,22.2,22.7,21.7,-23.91,1.49,0.81,0,1,0,0,1,0,0,"[0, 0, 224]",,,,,,,,,,1,,
2026-07-13 05:26:12.532631,,64,23.7,25.5,25.5,1.25,1.19,0.49,19.5,,,22.2,22.7,21.7,-23.91,1.08,0.61,0,1,0,0,1,0,0,"[0, 0, 224]",,,,,,,,,,1,,
2026-07-13 05:26:12.639214,,64,23.7,25.5,25.5,1.49,1.66,1.97,19.5,,,22.2,22.7,21.7,-23.91,1.55,0.95,0,1,0,0,1,0,0,"[0, 0, 224]",,,,,,,,,,1,,
2026-07-13 05:26:12.746238,,64,23.7,25.5,25.5,1.08,1.45,0.9,19.5,,,22.2,22.7,21.7,-23.91,1.52,0.88,0,1,0,0,1,0,0,"[0, 0, 224]",,,,,,,,,,1,,
2026-07-13 05:26:12.853531,,64,23.7,25.5,25.5,1.42,1.55,0.76,19.5,,,22.2,22.7,21.7,-23.91,1.49,0.92,0,1,0,0,1,0,0,"[0, 0, 224]",,,,,,,,,,1,,
2026-07-13 05:26:12.960225,,64,23.7,25.5,25.5,1.15,1.55,1.97,19.5,,,22.2,22.7,21.7,-23.91,1.49,0.88,0,1,0,0,1,0,0,"[0, 0, 224]",,,,,,,,,,1,,
2026-07-13 05:26:13.068634,,64,23.7,25.5,25.5,1.39,1.52,3.45,19.5,,,22.2,22.7,21.7,-23.91,1.49,0.71,0,1,0,0,1,0,0,"[0, 0, 224]",,,,,,,,,,1,,
2026-07-13 05:26:13.177133,,64,23.7,25.5,25.5,1.05,1.35,0.23,19.5,,,22.2,22.7,21.7,-23.91,1.32,0.85,0,1,0,0,1,0,0,"[0, 0, 224]",,,,,,,,,,1,,
2026-07-13 05:26:13.283971,,64,23.7,25.5,25.5,0.95,1.62,1.03,19.5,,,22.2,22.7,21.7,-23.91,1.52,1.32,0,1,0,0,1,0,0,"[0, 0, 224]",,,,,,,,,,1,,
2026-07-13 05:26:13.390718,,64,23.7,25.5,25.5,1.25,1.32,0.76,19.5,,,22.2,22.7,21.7,-23.91,1.22,0.78,0,1,0,0,1,0,0,"[0, 0, 224]",,,,,,,,,,1,,
2026-07-13 05:26:13.497528,,64,23.7,25.5,25.5,1.29,1.59,3.31,19.5,,,22.2,22.7,21.7,-23.91,1.19,0.92,0,1,0,0,1,0,0,"[0, 0, 224]",,,,,,,,,,1,,
2026-07-13 05:26:13.604529,,64,23.7,25.5,25.5,1.59,1.45,2.37,19.5,,,22.2,22.7,21.7,-23.91,1.49,0.95,0,1,0,0,1,0,0,"[0, 0, 224]",,,,,,,,,,1,,
2026-07-13 05:26:13.711140,,64,23.7,25.5,25.5,1.25,1.45,1.57,19.5,,,22.2,22.7,21.7,-23.91,1.22,1.15,0,1,0,0,1,0,0,"[0, 0, 224]",,,,,,,,,,1,,
2026-07-13 05:26:13.818397,,64,23.7,25.5,25.5,1.29,1.66,-0.17,19.5,,,22.2,22.7,21.7,-23.91,1.29,1.12,0,1,0,0,1,0,0,"[0, 0, 224]",,,,,,,,,,1,,
2026-07-13 05:26:13.926239,,64,23.7,25.5,25.5,1.49,1.66,1.7,19.5,,,22.2,22.7,21.7,-23.91,1.52,1.25,0,1,0,0,1,0,0,"[0, 0, 224]",,,,,,,,,,1,,
2026-07-13 05:26:14.033117,,64,23.7,25.5,25.5,1.12,1.42,0.9,19.5,,,22.2,22.7,21.7,-23.91,1.12,0.85,0,1,0,0,1,0,0,"[0, 0, 224]",,,,,,,,,,1,,
2026-07-13 05:26:14.147873,,64,23.7,25.5,25.5,0.95,1.66,0.36,19.5,,,22.2,22.7,21.7,-23.91,0.92,1.35,0,1,0,0,1,0,0,"[0, 0, 224]",,,,,,,,,,1,,
2026-07-13 05:26:14.255591,,64,23.7,25.5,25.5,1.08,1.12,0.49,19.5,,,22.2,22.7,21.7,-23.91,1.45,0.95,0,1,0,0,1,0,0,"[0, 0, 224]",,,,,,,,,,1,,
2026-07-13 05:26:14.362383,,64,23.7,25.5,25.5,0.95,1.55,1.97,19.5,,,22.2,22.7,21.7,-23.91,1.52,1.12,0,1,0,0,1,0,0,"[0, 0, 224]",,,,,,,,,,1,,
2026-07-13 05:26:14.470245,,64,23.7,25.5,25.5,1.08,1.52,1.03,19.5,,,22.2,22.7,21.7,-23.91,1.12,1.35,0,1,0,0,1,0,0,"[0, 0, 224]",,,,,,,,,,1,,
2026-07-13 05:26:14.576814,,64,23.7,25.5,25.5,1.29,1.39,1.57,19.5,,,22.2,22.7,21.7,-23.91,0.98,1.08,0,1,0,0,1,0,0,"[0, 0, 224]",,,,,,,,,,1,,
2026-07-13 05:26:14.684185,,64,23.7,25.5,25.5,1.52,1.22,-0.03,19.5,,,22.2,22.7,21.7,-23.91,1.08,1.08,0,1,0,0,1,0,0,"[0, 0, 224]",,,,,,,,,,1,,
2026-07-13 05:26:14.791728,,64,23.7,25.5,25.5,1.49,1.49,-0.44,19.5,,,22.2,22.7,21.7,-23.91,1.39,0.78,0,1,0,0,1,0,0,"[0, 0, 224]",,,,,,,,,,1,,
2026-07-13 05:26:14.898839,,64,23.7,25.5,25.5,1.35,1.55,2.11,19.5,,,22.2,22.7,21.7,-23.91,1.39,0.68,0,1,0,0,1,0,0,"[0, 0, 224]",,,,,,,,,,1,,
2026-07-13 05:26:15.005745,,64,23.7,25.5,25.5,1.08,1.62,2.78,19.5,,,22.2,22.7,21.7,-23.91,0.88,0.71,0,1,0,0,1,0,0,"[0, 0, 224]",,,,,,,,,,1,,
2026-07-13 05:26:15.120347,,64,23.7,25.5,25.5,0.95,1.39,2.51,19.5,,,22.2,22.7,21.7,-23.91,1.29,1.02,0,1,0,0,1,0,0,"[0, 0, 224]",,,,,,,,,,1,,
2026-07-13 05:26:15.231989,,64,23.7,25.5,25.5,1.49,1.52,1.84,19.5,,,22.2,22.7,21.7,-23.91,1.55,0.85,0,1,0,0,1,0,0,"[0, 0, 224]",,,,,,,,,,1,,
2026-07-13 05:26:15.338772,,64,23.7,25.5,25.5,1.55,1.55,-0.7,19.5,,,22.2,22.7,21.7,-23.91,1.08,1.35,0,1,0,0,1,0,0,"[0, 0, 224]",,,,,,,,,,1,,
2026-07-13 05:26:15.447266,,64,23.7,25.5,25.5,1.29,1.45,1.97,19.5,,,22.2,22.7,21.7,-23.91,1.32,0.71,0,1,0,0,1,0,0,"[0, 0, 224]",,,,,,,,,,1,,
2026-07-13 05:26:15.553817,,64,23.7,25.5,25.5,1.42,1.62,1.3,19.5,,,22.2,22.7,21.7,-23.91,1.25,0.92,0,1,0,0,1,0,0,"[0, 0, 224]",,,,,,,,,,1,,
2026-07-13 05:26:15.660997,,64,23.7,25.5,25.5,1.19,1.62,1.43,19.5,,,22.2,22.7,21.7,-23.91,1.39,0.98,0,1,0,0,1,0,0,"[0, 0, 224]",,,,,,,,,,1,,
2026-07-13 05:26:15.768358,,64,23.7,25.5,25.5,0.85,1.12,2.11,19.5,,,22.2,22.7,21.7,-23.91,0.88,0.81,0,1,0,0,1,0,0,"[0, 0, 224]",,,,,,,,,,1,,
2026-07-13 05:26:15.875293,,64,23.7,25.5,25.5,1.02,1.49,3.18,19.5,,,22.2,22.7,21.7,-23.91,1.59,1.12,0,1,0,0,1,0,0,"[0, 0, 224]",,,,,,,,,,1,,
2026-07-13 05:26:15.982748,,64,23.7,25.5,25.5,1.12,1.69,0.76,19.5,,,22.2,22.7,21.7,-23.91,0.92,0.71,0,1,0,0,1,0,0,"[0, 0, 224]",,,,,,,,,,1,,
2026-07-13 05:26:16.097535,,64,23.7,25.5,25.5,1.02,1.22,0.9,19.5,,,22.2,22.7,21.7,-23.91,1.52,1.35,0,1,0,0,1,0,0,"[0, 0, 224]",,,,,,,,,,1,,
2026-07-13 05:26:16.205039,,64,23.7,25.5,25.5,1.25,1.08,0.23,19.5,,,22.2,22.7,21.7,-23.91,1.12,0.85,0,1,0,0,1,0,0,"[0, 0, 224]",,,,,,,,,,1,,
2026-07-13 05:26:16.312296,,64,23.7,25.5,25.5,1.52,1.02,3.31,19.5,,,22.2,22.7,21.7,-23.91,1.52,0.68,0,1,0,0,1,0,0,"[0, 0, 224]",,,,,,,,,,1,,
2026-07-13 05:26:16.419376,,64,23.7,25.5,25.5,1.05,1.62,-0.57,19.5,,,22.2,22.7,21.7,-23.91,0.88,0.81,0,1,0,0,1,0,0,"[0, 0, 224]",,,,,,,,,,1,,
2026-07-13 05:26:16.526521,,64,23.7,25.5,25.5,1.49,1.35,1.57,19.5,,,22.2,22.7,21.7,-23.91,1.59,1.15,0,1,0,0,1,0,0,"[0, 0, 224]",,,,,,,,,,1,,
2026-07-13 05:26:16.633989,,64,23.7,25.5,25.5,1.45,1.22,1.17,19.5,,,22.2,22.7,21.7,-23.91,1.45,1.15,0,1,0,0,1,0,0,"[0, 0, 224]",,,,,,,,,,1,,
2026-07-13 05:26:16.740517,,64,23.7,25.5,25.5,0.88,1.22,1.3,19.5,,,22.2,22.7,21.7,-23.91,1.19,1.02,0,1,0,0,1,0,0,"[0, 0, 224]",,,,,,,,,,1,,
2026-07-13 05:26:16.847969,,64,23.7,25.5,25.5,1.19,1.55,2.51,19.5,,,22.2,22.7,21.7,-23.91,1.32,1.02,0,1,0,0,1,0,0,"[0, 0, 224]",,,,,,,,,,1,,
2026-07-13 05:26:16.955401,,64,23.7,25.5,25.5,1.15,1.69,-0.97,19.5,,,22.2,22.7,21.7,-23.91,1.12,0.88,0,1,0,0,1,0,0,"[0, 0, 224]",,,,,,,,,,1,,
2026-07-13 05:26:17.073964,,64,23.7,25.5,25.5,1.35,1.15,1.97,19.5,,,22.2,22.7,21.7,-23.91,1.02,1.12,0,1,0,0,1,0,0,"[0, 0, 224]",,,,,,,,,,1,,
2026-07-13 05:26:17.181038,,64,23.7,25.5,25.5,1.39,1.29,1.3,19.5,,,22.2,22.7,21.7,-23.91,1.15,1.12,0,1,0,0,1,0,0,"[0, 0, 224]",,,,,,,,,,1,,
2026-07-13 05:26:17.288596,,64,23.7,25.5,25.5,0.92,1.15,1.03,19.5,,,22.2,22.7,21.7,-23.91,0.98,1.18,0,1,0,0,1,0,0,"[0, 0, 224]",,,,,,,,,,1,,
2026-07-13 05:26:17.395392,,64,23.7,25.5,25.5,1.05,1.45,0.63,19.5,,,22.2,22.7,21.7,-23.91,0.95,0.85,0,1,0,0,1,0,0,"[0, 0, 224]",,,,,,,,,,1,,
2026-07-13 05:26:17.502388,,64,23.7,25.5,25.5,1.29,1.29,3.45,19.5,,,22.2,22.7,21.7,-23.91,1.22,1.18,0,1,0,0,1,0,0,"[0, 0, 224]",,,,,,,,,,1,,
2026-07-13 05:26:17.609841,,64,23.7,25.5,25.5,1.55,1.52,1.03,19.5,,,22.2,22.7,21.7,-23.91,1.35,1.12,0,1,0,0,1,0,0,"[0, 0, 224]",,,,,,,,,,1,,
2026-07-13 05:26:17.717263,,64,23.7,25.5,25.5,1.12,1.52,-0.3,19.5,,,22.2,22.7,21.7,-23.91,1.02,1.25,0,1,0,0,1,0,0,"[0, 0, 224]",,,,,,,,,,1,,
2026-07-13 05:26:17.824749,,64,23.7,25.5,25.5,1.32,1.52,1.7,19.5,,,22.2,22.7,21.7,-23.91,1.39,0.85,0,1,0,0,1,0,0,"[0, 0, 224]",,,,,,,,,,1,,
2026-07-13 05:26:17.932269,,64,23.7,25.5,25.5,1.08,1.62,3.05,19.5,,,22.2,22.7,21.7,-23.91,1.45,0.92,0,1,0,0,1,0,0,"[0, 0, 224]",,,,,,,,,,1,,
2026-07-13 05:26:18.039246,,64,23.7,25.5,25.5,1.05,1.08,1.43,19.5,,,22.2,22.7,21.7,-23.91,1.59,1.08,0,1,0,0,1,0,0,"[0, 0, 224]",,,,,,,,,,1,,
2026-07-13 05:26:18.164046,,64,23.7,25.5,25.5,0.98,1.15,2.51,19.5,,,22.2,22.7,21.7,-23.91,0.95,1.25,0,1,0,0,1,0,0,"[0, 0, 224]",,,,,,,,,,1,,
2026-07-13 05:26:18.271278,,64,23.7,25.5,25.5,1.25,1.15,3.45,19.5,,,22.2,22.7,21.7,-23.91,1.32,0.65,0,1,0,0,1,0,0,"[0, 0, 224]",,,,,,,,,,1,,
2026-07-13 05:26:18.378895,,64,23.7,25.5,25.5,1.35,0.98,0.9,19.5,,,22.2,22.7,21.7,-23.91,1.59,1.28,0,1,0,0,1,0,0,"[0, 0, 224]",,,,,,,,,,1,,
2026-07-13 05:26:18.486354,,64,23.7,25.5,25.5,1.29,1.52,1.03,19.5,,,22.2,22.7,21.7,-23.91,0.92,1.32,0,1,0,0,1,0,0,"[0, 0, 224]",,,,,,,,,,1,,
2026-07-13 05:26:18.594824,,64,23.7,25.5,25.5,1.29,1.66,1.03,19.5,,,22.2,22.7,21.7,-23.91,1.12,1.25,0,1,0,0,1,0,0,"[0, 0, 224]",,,,,,,,,,1,,
2026-07-13 05:26:18.701751,,64,23.7,25.5,25.5,1.19,1.35,1.03,19.5,,,22.2,22.7,21.7,-23.91,1.05,1.32,0,1,0,0,1,0,0,"[0, 0, 224]",,,,,,,,,,1,,
2026-07-13 05:26:18.808847,,64,23.7,25.5,25.5,1.35,1.19,0.36,19.5,,,22.2,22.7,21.7,-23.91,0.92,0.81,0,1,0,0,1,0,0,"[0, 0, 224]",,,,,,,,,,1,,
2026-07-13 05:26:18.915840,,64,23.7,25.5,25.5,1.45,1.69,0.63,19.5,,,22.2,22.7,21.7,-23.91,1.49,0.75,0,1,0,0,1,0,0,"[0, 0, 224]",,,,,,,,,,1,,
2026-07-13 05:26:19.022887,,64,23.7,25.5,25.5,1.42,1.66,2.11,19.5,,,22.2,22.7,21.7,-23.91,1.42,1.15,0,1,0,0,1,0,0,"[0, 0, 224]",,,,,,,,,,1,,
2026-07-13 05:26:19.141909,,64,23.7,25.5,25.5,0.98,1.66,2.51,19.5,,,22.2,22.7,22.0,-23.91,1.55,1.18,0,1,0,0,1,0,0,"[0, 0, 224]",,,,,,,,,,1,,
2026-07-13 05:26:19.249011,,64,23.7,25.5,25.5,1.45,1.19,1.3,19.5,,,22.2,22.7,22.0,-23.91,1.05,0.65,0,1,0,0,1,0,0,"[0, 0, 224]",,,,,,,,,,1,,
2026-07-13 05:26:19.356349,,64,23.7,25.5,25.5,1.35,1.66,0.76,19.5,,,22.2,22.7,22.0,-23.91,1.59,0.88,0,1,0,0,1,0,0,"[0, 0, 224]",,,,,,,,,,1,,
2026-07-13 05:26:19.463462,,64,23.7,25.5,25.5,1.35,1.08,1.7,19.5,,,22.2,22.7,22.0,-23.91,1.25,1.28,0,1,0,0,1,0,0,"[0, 0, 224]",,,,,,,,,,1,,
2026-07-13 05:26:19.570374,,64,23.7,25.5,25.5,1.52,1.62,0.23,19.5,,,22.2,22.7,22.0,-23.91,1.49,0.98,0,1,0,0,1,0,0,"[0, 0, 224]",,,,,,,,,,1,,
2026-07-13 05:26:19.678160,,64,23.7,25.5,25.5,1.05,1.62,3.05,19.5,,,22.2,22.7,22.0,-23.91,0.95,1.35,0,1,0,0,1,0,0,"[0, 0, 224]",,,,,,,,,,1,,
2026-07-13 05:26:19.785077,,64,23.7,25.5,25.5,0.98,1.08,3.05,19.5,,,22.2,22.7,22.0,-23.91,0.88,1.22,0,1,0,0,1,0,0,"[0, 0, 224]",,,,,,,,,,1,,
2026-07-13 05:26:19.891627,,64,23.7,25.5,25.5,1.45,1.19,1.03,19.5,,,22.2,22.7,22.0,-23.91,1.42,0.71,0,1,0,0,1,0,0,"[0, 0, 224]",,,,,,,,,,1,,
2026-07-13 05:26:19.999126,,64,23.7,25.5,25.5,1.25,1.49,1.43,19.5,,,22.2,22.7,22.0,-23.91,1.05,0.68,0,1,0,0,1,0,0,"[0, 0, 224]",,,,,,,,,,1,,
2026-07-13 05:26:20.115168,,64,23.7,25.5,25.5,1.19,1.59,3.05,19.5,,,22.2,22.7,22.0,-23.91,0.95,0.95,0,1,0,0,1,0,0,"[0, 0, 224]",,,,,,,,,,1,,
2026-07-13 05:26:20.222790,,64,23.7,25.5,25.5,1.55,1.59,3.85,19.5,,,22.2,22.7,22.0,-23.91,0.98,1.35,0,1,0,0,1,0,0,"[0, 0, 224]",,,,,,,,,,1,,
2026-07-13 05:26:20.329849,,64,23.7,25.5,25.5,1.39,1.72,3.18,19.5,,,22.2,22.7,22.0,-23.91,1.42,1.25,0,1,0,0,1,0,0,"[0, 0, 224]",,,,,,,,,,1,,
2026-07-13 05:26:20.436827,,64,23.7,25.5,25.5,1.52,1.66,0.23,19.5,,,22.2,22.7,22.0,-23.91,1.29,0.88,0,1,0,0,1,0,0,"[0, 0, 224]",,,,,,,,,,1,,
2026-07-13 05:26:20.543506,,64,23.7,25.5,25.5,1.15,1.66,-0.3,19.5,,,22.2,22.7,22.0,-23.91,1.29,1.28,0,1,0,0,1,0,0,"[0, 0, 224]",,,,,,,,,,1,,
2026-07-13 05:26:20.650942,,64,23.7,25.5,25.5,1.35,1.66,1.97,19.5,,,22.2,22.7,22.0,-23.91,1.05,0.71,0,1,0,0,1,0,0,"[0, 0, 224]",,,,,,,,,,1,,
2026-07-13 05:26:20.758656,,64,23.7,25.5,25.5,1.02,1.35,0.23,19.5,,,22.2,22.7,22.0,-23.91,1.39,0.81,0,1,0,0,1,0,0,"[0, 0, 224]",,,,,,,,,,1,,
2026-07-13 05:26:20.865950,,64,23.7,25.5,25.5,1.32,1.52,-0.3,19.5,,,22.2,22.7,22.0,-23.91,0.82,0.88,0,1,0,0,1,0,0,"[0, 0, 224]",,,,,,,,,,1,,
2026-07-13 05:26:20.972987,,64,23.7,25.5,25.5,1.08,1.12,1.7,19.5,,,22.2,22.7,22.0,-23.91,1.29,0.85,0,1,0,0,1,0,0,"[0, 0, 224]",,,,,,,,,,1,,
2026-07-13 05:26:21.090303,,64,23.7,25.5,25.2,1.19,1.22,3.31,19.2,,,22.2,22.7,22.0,-23.91,1.25,1.28,0,1,0,0,1,0,0,"[0, 0, 224]",,,,,,,,,,1,,
2026-07-13 05:26:21.197458,,64,23.7,25.5,25.2,1.08,1.29,0.9,19.2,,,22.2,22.7,21.7,-23.91,1.32,0.65,0,1,0,0,1,0,0,"[0, 0, 224]",,,,,,,,,,1,,
2026-07-13 05:26:21.305211,,64,23.7,25.5,25.2,1.32,1.52,3.31,19.2,,,22.2,22.7,21.7,-23.91,1.59,0.68,0,1,0,0,1,0,0,"[0, 0, 224]",,,,,,,,,,1,,
2026-07-13 05:26:21.412580,,64,23.7,25.5,25.2,1.15,1.45,2.24,19.2,,,22.2,22.7,21.7,-23.91,1.45,1.08,0,1,0,0,1,0,0,"[0, 0, 224]",,,,,,,,,,1,,
2026-07-13 05:26:21.519698,,64,23.7,25.5,25.2,1.02,1.32,0.9,19.2,,,22.2,22.7,21.7,-23.91,1.45,1.02,0,1,0,0,1,0,0,"[0, 0, 224]",,,,,,,,,,1,,
2026-07-13 05:26:21.626388,,64,23.7,25.5,25.2,1.35,1.19,0.9,19.2,,,22.2,22.7,21.7,-23.91,1.29,0.61,0,1,0,0,1,0,0,"[0, 0, 224]",,,,,,,,,,1,,
2026-07-13 05:26:21.734040,,64,23.7,25.5,25.2,1.15,1.52,3.31,19.2,,,22.2,22.7,21.7,-23.91,1.12,0.75,0,1,0,0,1,0,0,"[0, 0, 224]",,,,,,,,,,1,,
2026-07-13 05:26:21.841131,,64,23.7,25.5,25.2,1.45,1.08,-0.7,19.2,,,22.2,22.7,21.7,-23.91,1.55,1.25,0,1,0,0,1,0,0,"[0, 0, 224]",,,,,,,,,,1,,
2026-07-13 05:26:21.948199,,64,23.7,25.5,25.2,1.25,1.25,0.9,19.2,,,22.2,22.7,21.7,-23.91,1.45,0.85,0,1,0,0,1,0,0,"[0, 0, 224]",,,,,,,,,,1,,
2026-07-13 05:26:22.055374,,64,23.7,25.5,25.2,1.45,1.39,0.36,19.2,,,22.2,22.7,21.7,-23.91,1.29,1.28,0,1,0,0,1,0,0,"[0, 0, 224]",,,,,,,,,,1,,
2026-07-13 05:26:22.187713,,64,23.7,25.5,25.2,1.45,1.15,-0.44,19.2,,,22.2,22.7,21.7,-23.91,1.32,0.78,0,1,0,0,1,0,0,"[0, 0, 224]",,,,,,,,,,1,,
2026-07-13 05:26:22.294704,,64,23.7,25.5,25.2,0.98,1.39,3.45,19.2,,,22.2,22.7,21.7,-23.91,1.52,1.08,0,1,0,0,1,0,0,"[0, 0, 224]",,,,,,,,,,1,,
2026-07-13 05:26:22.401555,,64,23.7,25.5,25.2,1.08,1.45,1.3,19.2,,,22.2,22.7,21.7,-23.91,1.39,1.12,0,1,0,0,1,0,0,"[0, 0, 224]",,,,,,,,,,1,,
2026-07-13 05:26:22.509052,,64,23.7,25.5,25.2,1.29,1.59,0.76,19.0,,,22.2,22.7,21.7,-23.91,1.35,0.81,0,1,0,0,1,0,0,"[0, 0, 224]",,,,,,,,,,1,,
2026-07-13 05:26:22.615944,,64,23.7,25.5,25.2,1.49,1.32,2.91,19.0,,,22.2,22.7,21.7,-23.91,1.55,0.88,0,1,0,0,1,0,0,"[0, 0, 224]",,,,,,,,,,1,,
2026-07-13 05:26:22.723293,,64,23.7,25.5,25.2,1.42,1.59,2.37,19.0,,,22.2,22.7,21.7,-23.91,1.55,0.81,0,1,0,0,1,0,0,"[0, 0, 224]",,,,,,,,,,1,,
2026-07-13 05:26:22.830712,,64,23.7,25.5,25.2,1.55,1.35,1.57,19.0,,,22.2,22.7,21.7,-23.91,1.35,1.28,0,1,0,0,1,0,0,"[0, 0, 224]",,,,,,,,,,1,,
2026-07-13 05:26:22.938267,,64,23.7,25.5,25.2,1.22,1.42,0.76,19.0,,,22.2,22.7,21.7,-23.91,0.88,1.02,0,1,0,0,1,0,0,"[0, 0, 224]",,,,,,,,,,1,,
2026-07-13 05:26:23.045630,,64,23.7,25.5,25.2,1.25,1.22,0.76,19.0,,,22.2,22.7,21.7,-23.91,1.05,1.28,0,1,0,0,1,0,0,"[0, 0, 224]",,,,,,,,,,1,,
2026-07-13 05:26:23.161225,,64,23.7,25.5,25.2,1.22,1.05,2.51,19.0,,,22.2,22.7,21.7,-23.91,1.49,0.88,0,1,0,0,1,0,0,"[0, 0, 224]",,,,,,,,,,1,,
2026-07-13 05:26:23.268475,,64,23.7,25.5,25.2,1.49,1.52,0.49,19.0,,,22.2,22.7,21.7,-23.91,1.45,0.78,0,1,0,0,1,0,0,"[0, 0, 224]",,,,,,,,,,1,,
2026-07-13 05:26:23.376056,,64,23.7,25.5,25.2,1.15,1.39,-0.3,19.0,,,22.2,22.7,21.7,-23.91,0.95,1.28,0,1,0,0,1,0,0,"[0, 0, 224]",,,,,,,,,,1,,
2026-07-13 05:26:23.483521,,64,23.7,25.5,25.2,1.12,1.66,-0.44,19.0,,,22.2,22.7,21.7,-23.91,0.98,1.32,0,1,0,0,1,0,0,"[0, 0, 224]",,,,,,,,,,1,,
2026-07-13 05:26:23.590786,,64,23.7,25.5,25.2,1.05,1.12,1.43,19.0,,,22.2,22.7,21.7,-23.91,1.39,0.81,0,1,0,0,1,0,0,"[0, 0, 224]",,,,,,,,,,1,,
2026-07-13 05:26:23.697445,,64,23.7,25.5,25.2,1.25,1.52,1.97,19.0,,,22.2,22.7,21.7,-23.91,1.55,0.78,0,1,0,0,1,0,0,"[0, 0, 224]",,,,,,,,,,1,,
2026-07-13 05:26:23.804506,,64,23.7,25.5,25.2,1.45,1.49,0.09,19.0,,,22.2,22.7,21.7,-23.91,1.25,0.68,0,1,0,0,1,0,0,"[0, 0, 224]",,,,,,,,,,1,,
2026-07-13 05:26:23.911818,,64,23.7,25.5,25.2,1.25,1.49,0.76,19.0,,,22.2,22.7,21.7,-23.91,1.35,0.68,0,1,0,0,1,0,0,"[0, 0, 224]",,,,,,,,,,1,,
2026-07-13 05:26:24.018497,,64,23.7,25.5,25.2,0.98,1.55,1.17,19.0,,,22.2,22.7,21.7,-23.91,1.02,0.95,0,1,0,0,1,0,0,"[0, 0, 224]",,,,,,,,,,1,,
2026-07-13 05:26:24.134089,,64,23.7,25.5,25.2,1.05,1.12,1.03,19.0,,,22.2,22.7,21.7,-23.91,1.55,1.28,0,1,0,0,1,0,0,"[0, 0, 224]",,,,,,,,,,1,,
2026-07-13 05:26:24.241742,,64,23.7,25.5,25.2,1.29,1.52,1.97,19.0,,,22.2,22.7,21.7,-23.91,1.29,0.85,0,1,0,0,1,0,0,"[0, 0, 224]",,,,,,,,,,1,,
2026-07-13 05:26:24.349550,,64,23.7,25.5,25.2,1.32,1.59,0.23,19.0,,,22.2,22.7,21.7,-23.91,1.02,1.28,0,1,0,0,1,0,0,"[0, 0, 224]",,,,,,,,,,1,,
2026-07-13 05:26:24.456979,,64,23.7,25.5,25.2,0.98,1.22,2.51,19.0,,,22.2,22.7,21.7,-23.91,1.39,1.02,0,1,0,0,1,0,0,"[0, 0, 224]",,,,,,,,,,1,,
2026-07-13 05:26:24.564181,,64,23.7,25.5,25.2,1.22,1.39,-0.57,19.0,,,22.2,22.7,21.7,-23.91,0.92,0.92,0,1,0,0,1,0,0,"[0, 0, 224]",,,,,,,,,,1,,
2026-07-13 05:26:24.671788,,64,23.7,25.5,25.2,1.42,0.98,3.18,19.0,,,22.2,22.7,21.7,-23.91,0.92,1.12,0,1,0,0,1,0,0,"[0, 0, 224]",,,,,,,,,,1,,
2026-07-13 05:26:24.778985,,64,23.7,25.5,25.2,0.95,1.19,2.64,19.0,,,22.2,22.7,21.7,-23.91,1.49,0.95,0,1,0,0,1,0,0,"[0, 0, 224]",,,,,,,,,,1,,
2026-07-13 05:26:24.886850,,64,23.7,25.5,25.2,1.12,1.55,2.51,19.0,,,22.2,22.7,21.7,-23.91,1.05,0.71,0,1,0,0,1,0,0,"[0, 0, 224]",,,,,,,,,,1,,
2026-07-13 05:26:24.994537,,64,23.7,25.5,25.2,0.98,1.69,1.3,19.0,,,22.2,22.7,21.7,-23.91,1.32,0.71,0,1,0,0,1,0,0,"[0, 0, 224]",,,,,,,,,,1,,
2026-07-13 05:26:25.117147,,64,23.7,25.5,25.2,0.92,1.15,3.18,19.0,,,22.2,22.7,21.7,-23.91,0.98,1.18,0,1,0,0,1,0,0,"[0, 0, 224]",,,,,,,,,,1,,
2026-07-13 05:26:25.225168,,64,23.7,25.5,25.2,1.35,1.52,1.97,19.0,,,22.2,22.7,21.7,-23.91,1.08,1.28,0,1,0,0,1,0,0,"[0, 0, 224]",,,,,,,,,,1,,
2026-07-13 05:26:25.332846,,64,23.7,25.5,25.2,1.32,1.62,1.3,19.0,,,22.2,22.7,21.7,-23.91,1.15,1.32,0,1,0,0,1,0,0,"[0, 0, 224]",,,,,,,,,,1,,
2026-07-13 05:26:25.439557,,64,23.7,25.5,25.2,1.05,1.29,1.97,19.0,,,22.2,22.7,21.7,-23.91,1.45,1.18,0,1,0,0,1,0,0,"[0, 0, 224]",,,,,,,,,,1,,
2026-07-13 05:26:25.547163,,64,23.7,25.5,25.2,1.39,1.29,-0.7,19.0,,,22.2,22.7,21.7,-23.91,1.32,0.75,0,1,0,0,1,0,0,"[0, 0, 224]",,,,,,,,,,1,,
2026-07-13 05:26:25.654082,,64,23.7,25.5,25.2,1.49,1.29,-0.17,19.0,,,22.2,22.7,21.7,-23.91,1.25,0.95,0,1,0,0,1,0,0,"[0, 0, 224]",,,,,,,,,,1,,
2026-07-13 05:26:25.761409,,64,23.7,25.5,25.2,1.25,1.52,2.11,19.0,,,22.2,22.7,21.7,-23.91,0.98,0.61,0,1,0,0,1,0,0,"[0, 0, 224]",,,,,,,,,,1,,
2026-07-13 05:26:25.868262,,64,23.7,25.5,25.2,1.32,1.35,1.3,19.0,,,22.2,22.7,21.7,-23.91,0.95,0.75,0,1,0,0,1,0,0,"[0, 0, 224]",,,,,,,,,,1,,
2026-07-13 05:26:25.975641,,64,23.7,25.5,25.2,1.35,1.45,3.05,19.0,,,22.2,22.7,21.7,-23.91,1.12,0.95,0,1,0,0,1,0,0,"[0, 0, 224]",,,,,,,,,,1,,
2026-07-13 05:26:26.082557,,64,23.7,25.5,25.2,1.08,1.12,0.76,19.0,,,22.2,22.7,21.7,-23.91,1.49,1.28,0,1,0,0,1,0,0,"[0, 0, 224]",,,,,,,,,,1,,
2026-07-13 05:26:26.194153,,64,23.7,25.5,25.2,1.15,1.39,-0.17,19.0,,,22.2,22.7,21.7,-23.91,1.19,1.22,0,1,0,0,1,0,0,"[0, 0, 224]",,,,,,,,,,1,,
2026-07-13 05:26:26.301495,,64,23.7,25.5,25.2,1.42,1.19,2.91,19.0,,,22.2,22.7,21.7,-23.91,1.52,0.88,0,1,0,0,1,0,0,"[0, 0, 224]",,,,,,,,,,1,,
2026-07-13 05:26:26.408992,,64,23.7,25.5,25.2,0.88,1.59,-0.44,19.0,,,22.2,22.7,21.7,-23.91,1.08,0.68,0,1,0,0,1,0,0,"[0, 0, 224]",,,,,,,,,,1,,
2026-07-13 05:26:26.516596,,64,23.7,25.5,25.2,0.88,1.62,-0.3,19.0,,,22.2,22.7,21.7,-23.91,0.92,1.28,0,1,0,0,1,0,0,"[0, 0, 224]",,,,,,,,,,1,,
2026-07-13 05:26:26.624200,,64,23.7,25.5,25.2,1.35,1.08,3.05,19.0,,,22.2,22.7,21.7,-23.91,1.05,0.88,0,1,0,0,1,0,0,"[0, 0, 224]",,,,,,,,,,1,,
2026-07-13 05:26:26.731318,,64,23.7,25.5,25.2,1.42,1.25,0.49,19.0,,,22.2,22.7,21.7,-23.91,0.95,1.22,0,1,0,0,1,0,0,"[0, 0, 224]",,,,,,,,,,1,,
2026-07-13 05:26:26.837978,,64,23.7,25.5,25.2,1.15,1.29,0.63,19.0,,,22.2,22.7,21.7,-23.91,1.55,1.12,0,1,0,0,1,0,0,"[0, 0, 224]",,,,,,,,,,1,,
2026-07-13 05:26:26.945171,,64,23.7,25.5,25.2,1.22,1.22,-0.17,19.0,,,22.2,22.7,21.7,-23.91,1.05,0.65,0,1,0,0,1,0,0,"[0, 0, 224]",,,,,,,,,,1,,
2026-07-13 05:26:27.052720,,64,23.7,25.5,25.2,1.35,1.35,0.76,19.0,,,22.2,22.7,21.7,-23.91,0.85,1.18,0,1,0,0,1,0,0,"[0, 0, 224]",,,,,,,,,,1,,
2026-07-13 05:26:27.170005,,64,23.7,25.5,25.2,1.29,1.45,1.17,19.0,,,22.2,22.7,21.7,-23.91,1.39,0.85,0,1,0,0,1,0,0,"[0, 0, 224]",,,,,,,,,,1,,
2026-07-13 05:26:27.277483,,64,23.7,25.5,25.2,1.02,1.35,3.18,19.0,,,22.2,22.7,21.7,-23.91,0.98,1.15,0,1,0,0,1,0,0,"[0, 0, 224]",,,,,,,,,,1,,
2026-07-13 05:26:27.385355,,64,23.7,25.5,25.2,1.15,1.49,-0.7,19.0,,,22.2,22.7,21.7,-23.91,0.95,1.32,0,1,0,0,1,0,0,"[0, 0, 224]",,,,,,,,,,1,,
2026-07-13 05:26:27.492483,,64,23.7,25.5,25.2,1.15,1.59,-0.03,19.0,,,22.2,22.7,21.7,-23.91,1.32,0.68,0,1,0,0,1,0,0,"[0, 0, 224]",,,,,,,,,,1,,
2026-07-13 05:26:27.599566,,64,23.7,25.5,25.2,1.25,1.72,1.43,19.0,,,22.2,22.7,21.7,-23.91,1.22,1.05,0,1,0,0,1,0,0,"[0, 0, 224]",,,,,,,,,,1,,
2026-07-13 05:26:27.707007,,64,23.7,25.5,25.2,1.42,1.59,3.05,19.0,,,22.2,22.7,21.7,-23.91,0.85,1.18,0,1,0,0,1,0,0,"[0, 0, 224]",,,,,,,,,,1,,
2026-07-13 05:26:27.814232,,64,23.7,25.5,25.2,1.29,1.19,1.97,19.0,,,22.2,22.7,21.7,-23.91,1.22,0.68,0,1,0,0,1,0,0,"[0, 0, 224]",,,,,,,,,,1,,
2026-07-13 05:26:27.920900,,64,23.7,25.5,25.2,1.59,1.19,0.09,19.0,,,22.2,22.7,21.7,-23.91,1.19,1.32,0,1,0,0,1,0,0,"[0, 0, 224]",,,,,,,,,,1,,
2026-07-13 05:26:28.028050,,64,23.7,25.5,25.2,0.95,1.02,1.03,19.0,,,22.2,22.7,21.7,-23.91,1.49,0.98,0,1,0,0,1,0,0,"[0, 0, 224]",,,,,,,,,,1,,
2026-07-13 05:26:28.148102,,64,23.7,25.5,25.2,1.49,1.35,3.31,19.0,,,22.2,22.7,21.7,-23.91,1.49,1.32,0,1,0,0,1,0,0,"[0, 0, 224]",,,,,,,,,,1,,
2026-07-13 05:26:28.255016,,64,23.7,25.5,25.2,1.32,1.25,2.64,19.0,,,22.2,22.7,21.7,-23.91,1.52,0.98,0,1,0,0,1,0,0,"[0, 0, 224]",,,,,,,,,,1,,
2026-07-13 05:26:28.362642,,64,23.7,25.5,25.2,0.92,1.55,3.05,19.0,,,22.2,22.7,21.7,-23.91,1.02,1.25,0,1,0,0,1,0,0,"[0, 0, 224]",,,,,,,,,,1,,
2026-07-13 05:26:28.469561,,64,23.7,25.5,25.2,1.15,1.62,0.63,19.0,,,22.2,22.7,21.7,-23.91,1.52,0.92,0,1,0,0,1,0,0,"[0, 0, 224]",,,,,,,,,,1,,
2026-07-13 05:26:28.576973,,64,23.7,25.5,25.2,1.05,1.25,3.31,19.0,,,22.2,22.7,21.7,-23.91,1.55,0.81,0,1,0,0,1,0,0,"[0, 0, 224]",,,,,,,,,,1,,
2026-07-13 05:26:28.684179,,64,23.7,25.5,25.2,1.22,1.39,0.63,19.0,,,22.2,22.7,21.7,-23.91,1.59,1.02,0,1,0,0,1,0,0,"[0, 0, 224]",,,,,,,,,,1,,
2026-07-13 05:26:28.791616,,64,23.7,25.5,25.2,1.42,1.59,3.05,19.0,,,22.2,22.7,21.7,-23.91,1.29,0.75,0,1,0,0,1,0,0,"[0, 0, 224]",,,,,,,,,,1,,
2026-07-13 05:26:28.899055,,64,23.7,25.5,25.2,1.45,1.45,1.7,19.0,,,22.2,22.7,21.7,-23.91,1.45,1.15,0,1,0,0,1,0,0,"[0, 0, 224]",,,,,,,,,,1,,
2026-07-13 05:26:29.006281,,64,23.7,25.5,25.2,1.05,1.62,1.17,19.0,,,22.2,22.7,21.7,-23.91,1.49,0.78,0,1,0,0,1,0,0,"[0, 0, 224]",,,,,,,,,,1,,
2026-07-13 05:26:29.122472,,64,23.7,25.5,25.2,1.45,1.08,2.11,19.0,,,22.2,22.7,21.7,-23.91,0.95,0.78,0,1,0,0,1,0,0,"[0, 0, 224]",,,,,,,,,,1,,
2026-07-13 05:26:29.230234,,64,23.7,25.5,25.2,1.35,1.62,1.3,19.0,,,22.2,22.7,21.7,-23.91,0.88,1.39,0,1,0,0,1,0,0,"[0, 0, 224]",,,,,,,,,,1,,
2026-07-13 05:26:29.337292,,64,23.7,25.5,25.2,1.02,1.59,0.36,19.0,,,22.2,22.7,21.7,-23.91,1.29,1.05,0,1,0,0,1,0,0,"[0, 0, 224]",,,,,,,,,,1,,
2026-07-13 05:26:29.445059,,64,23.7,25.5,25.2,1.12,1.62,2.78,19.0,,,22.2,22.7,21.7,-23.91,0.95,0.81,0,1,0,0,1,0,0,"[0, 0, 224]",,,,,,,,,,1,,
2026-07-13 05:26:29.552621,,64,23.7,25.5,25.2,0.88,1.66,0.23,19.0,,,22.2,22.7,21.7,-23.91,1.42,0.71,0,1,0,0,1,0,0,"[0, 0, 224]",,,,,,,,,,1,,
2026-07-13 05:26:29.659791,,64,23.7,25.5,25.2,1.29,1.62,0.76,19.0,,,22.2,22.7,21.7,-23.91,1.45,1.22,0,1,0,0,1,0,0,"[0, 0, 224]",,,,,,,,,,1,,
2026-07-13 05:26:29.766731,,64,23.7,25.5,25.2,1.05,1.25,2.51,19.0,,,22.2,22.7,21.7,-23.91,0.95,1.28,0,1,0,0,1,0,0,"[0, 0, 224]",,,,,,,,,,1,,
2026-07-13 05:26:29.873574,,64,23.7,25.5,25.2,1.39,1.69,1.03,19.0,,,22.2,22.7,21.7,-23.91,1.29,1.15,0,1,0,0,1,0,0,"[0, 0, 224]",,,,,,,,,,1,,
2026-07-13 05:26:29.980676,,64,23.7,25.5,25.2,0.85,1.22,1.97,19.0,,,22.2,22.7,21.7,-23.91,1.12,0.85,0,1,0,0,1,0,0,"[0, 0, 224]",,,,,,,,,,1,,
2026-07-13 05:26:30.087408,,64,23.7,25.5,25.2,1.39,1.15,3.85,19.0,,,22.2,22.7,21.7,-23.91,1.22,1.28,0,1,0,0,1,0,0,"[0, 0, 224]",,,,,,,,,,1,,
2026-07-13 05:26:30.201206,,64,23.7,25.5,25.2,1.32,1.15,2.64,19.0,,,22.2,22.7,21.7,-23.91,1.32,1.15,0,1,0,0,1,0,0,"[0, 0, 224]",,,,,,,,,,1,,
2026-07-13 05:26:30.309392,,64,23.7,25.5,25.2,0.95,1.62,-1.24,19.0,,,22.2,22.7,21.7,-23.91,0.95,1.32,0,1,0,0,1,0,0,"[0, 0, 224]",,,,,,,,,,1,,
2026-07-13 05:26:30.417063,,64,23.7,25.5,25.2,1.35,1.25,1.57,19.0,,,22.2,22.7,21.7,-23.91,1.35,1.28,0,1,0,0,1,0,0,"[0, 0, 224]",,,,,,,,,,1,,
2026-07-13 05:26:30.523919,,64,23.7,25.5,25.2,1.25,1.39,0.36,19.0,,,22.2,22.7,21.7,-23.91,1.22,1.22,0,1,0,0,1,0,0,"[0, 0, 224]",,,,,,,,,,1,,
2026-07-13 05:26:30.631038,,64,23.7,25.5,25.2,1.15,1.05,1.43,19.0,,,22.2,22.7,21.7,-23.91,1.29,0.92,0,1,0,0,1,0,0,"[0, 0, 224]",,,,,,,,,,1,,
2026-07-13 05:26:30.737840,,64,23.7,25.5,25.2,1.02,1.32,2.11,19.0,,,22.2,22.7,21.7,-23.91,0.82,1.12,0,1,0,0,1,0,0,"[0, 0, 224]",,,,,,,,,,1,,
2026-07-13 05:26:30.845554,,64,23.7,25.5,25.2,1.35,1.66,-0.03,19.0,,,22.2,22.7,21.7,-23.91,1.05,0.68,0,1,0,0,1,0,0,"[0, 0, 224]",,,,,,,,,,1,,
2026-07-13 05:26:30.952526,,64,23.7,25.5,25.2,1.05,1.15,1.03,19.0,,,22.2,22.7,21.7,-23.91,0.88,0.65,0,1,0,0,1,0,0,"[0, 0, 224]",,,,,,,,,,1,,
2026-07-13 05:26:31.069903,,64,23.7,25.5,25.2,0.88,1.32,2.11,19.0,,,22.2,22.7,21.7,-23.91,0.95,0.68,0,1,0,0,1,0,0,"[0, 0, 224]",,,,,,,,,,1,,
2026-07-13 05:26:31.218010,,64,23.7,25.5,25.2,1.25,1.45,0.76,19.0,,,22.2,22.7,21.7,-23.91,1.05,0.78,0,1,0,0,1,0,0,"[0, 0, 224]",,,,,,,,,,1,,
2026-07-13 05:26:31.326145,,64,23.7,25.5,25.2,1.32,1.22,1.03,19.0,,,22.2,22.7,21.7,-23.91,1.08,0.85,0,1,0,0,1,0,0,"[0, 0, 224]",,,,,,,,,,1,,
2026-07-13 05:26:31.433508,,64,23.7,25.5,25.2,1.55,1.22,1.57,19.0,,,22.2,22.7,21.7,-23.91,1.49,1.32,0,1,0,0,1,0,0,"[0, 0, 224]",,,,,,,,,,1,,
2026-07-13 05:26:31.540102,,64,23.7,25.5,25.2,0.98,1.22,0.09,19.0,,,22.2,22.7,21.7,-23.91,1.59,0.68,0,1,0,0,1,0,0,"[0, 0, 224]",,,,,,,,,,1,,
2026-07-13 05:26:31.646852,,64,23.7,25.5,25.2,1.02,1.55,-0.03,19.0,,,22.2,22.7,21.7,-23.91,0.88,1.25,0,1,0,0,1,0,0,"[0, 0, 224]",,,,,,,,,,1,,
2026-07-13 05:26:31.754351,,64,23.7,25.5,25.2,1.22,1.52,-0.3,19.0,,,22.2,22.7,21.7,-23.91,0.98,1.22,0,1,0,0,1,0,0,"[0, 0, 224]",,,,,,,,,,1,,
2026-07-13 05:26:31.861668,,64,23.7,25.5,25.2,1.42,1.62,0.76,19.0,,,22.2,22.7,21.7,-23.91,1.55,0.88,0,1,0,0,1,0,0,"[0, 0, 224]",,,,,,,,,,1,,
2026-07-13 05:26:31.969034,,64,23.7,25.5,25.2,1.02,1.35,0.9,19.0,,,22.2,22.7,21.7,-23.91,1.49,1.22,0,1,0,0,1,0,0,"[0, 0, 224]",,,,,,,,,,1,,
2026-07-13 05:26:32.075631,,64,23.7,25.5,25.2,1.49,1.25,0.76,19.0,,,22.2,22.7,21.7,-23.91,1.22,1.28,0,1,0,0,1,0,0,"[0, 0, 224]",,,,,,,,,,1,,
2026-07-13 05:26:32.192717,,64,23.7,25.5,25.2,1.32,1.29,2.37,19.0,,,22.2,22.7,21.7,-23.91,1.55,1.02,0,1,0,0,1,0,0,"[0, 0, 224]",,,,,,,,,,1,,
2026-07-13 05:26:32.299563,,64,23.7,25.5,25.2,1.12,1.35,2.11,19.0,,,22.2,22.7,21.7,-23.91,1.25,1.05,0,1,0,0,1,0,0,"[0, 0, 224]",,,,,,,,,,1,,
2026-07-13 05:26:32.407218,,64,23.7,25.5,25.2,1.15,1.59,0.9,19.0,,,22.2,22.7,21.7,-23.91,1.52,0.68,0,1,0,0,1,0,0,"[0, 0, 224]",,,,,,,,,,1,,
2026-07-13 05:26:32.514035,,64,23.7,25.5,25.2,1.08,1.25,2.91,19.0,,,22.2,22.7,21.7,-23.91,0.88,0.65,0,1,0,0,1,0,0,"[0, 0, 224]",,,,,,,,,,1,,
2026-07-13 05:26:32.621168,,64,23.7,25.5,25.2,1.32,1.62,0.9,19.0,,,22.2,22.7,21.7,-23.91,1.25,1.22,0,1,0,0,1,0,0,"[0, 0, 224]",,,,,,,,,,1,,
2026-07-13 05:26:32.727980,,64,23.7,25.5,25.2,1.42,1.55,-0.03,19.0,,,22.2,22.7,21.7,-23.91,0.95,0.95,0,1,0,0,1,0,0,"[0, 0, 224]",,,,,,,,,,1,,
2026-07-13 05:26:32.834564,,64,23.7,25.5,25.2,1.59,1.59,-0.7,19.0,,,22.2,22.7,21.7,-23.91,1.25,1.35,0,1,0,0,1,0,0,"[0, 0, 224]",,,,,,,,,,1,,
2026-07-13 05:26:32.941771,,64,23.7,25.5,25.2,1.08,1.25,0.76,19.0,,,22.2,22.7,21.7,-23.91,1.32,1.22,0,1,0,0,1,0,0,"[0, 0, 224]",,,,,,,,,,1,,
2026-07-13 05:26:33.048474,,64,23.7,25.5,25.2,1.25,1.45,1.84,19.0,,,22.2,22.7,21.7,-23.91,1.12,1.12,0,1,0,0,1,0,0,"[0, 0, 224]",,,,,,,,,,1,,
2026-07-13 05:26:33.170138,,64,23.7,25.5,25.2,1.22,1.45,1.57,19.0,,,22.2,22.7,21.7,-23.91,1.32,1.32,0,1,0,0,1,0,0,"[0, 0, 224]",,,,,,,,,,1,,
2026-07-13 05:26:33.278448,,64,23.7,25.5,25.2,1.59,1.05,0.9,19.0,,,22.2,22.7,21.7,-23.91,0.88,1.15,0,1,0,0,1,0,0,"[0, 0, 224]",,,,,,,,,,1,,
2026-07-13 05:26:33.385755,,64,23.7,25.5,25.2,1.35,1.08,2.24,19.0,,,22.2,22.7,21.7,-23.91,1.55,0.88,0,1,0,0,1,0,0,"[0, 0, 224]",,,,,,,,,,1,,
2026-07-13 05:26:33.493284,,64,23.7,25.5,25.2,1.55,1.52,1.57,19.0,,,22.2,22.7,21.7,-23.91,0.95,0.75,0,1,0,0,1,0,0,"[0, 0, 224]",,,,,,,,,,1,,
2026-07-13 05:26:33.600167,,64,23.7,25.5,25.2,0.82,1.45,2.37,19.0,,,22.2,22.7,21.7,-23.91,1.22,0.98,0,1,0,0,1,0,0,"[0, 0, 224]",,,,,,,,,,1,,
2026-07-13 05:26:33.706761,,64,23.7,25.5,25.2,1.42,1.45,3.18,19.0,,,22.2,22.7,21.7,-23.91,1.42,0.61,0,1,0,0,1,0,0,"[0, 0, 224]",,,,,,,,,,1,,
2026-07-13 05:26:33.813561,,64,23.7,25.5,25.2,1.25,1.39,1.3,19.0,,,22.2,22.7,21.7,-23.91,0.98,0.75,0,1,0,0,1,0,0,"[0, 0, 224]",,,,,,,,,,1,,
2026-07-13 05:26:33.920297,,64,23.7,25.5,25.2,1.08,1.29,-0.44,19.0,,,22.2,22.7,21.7,-23.91,1.35,0.58,0,1,0,0,1,0,0,"[0, 0, 224]",,,,,,,,,,1,,
2026-07-13 05:26:34.027688,,64,23.7,25.5,25.2,0.98,1.15,1.7,19.0,,,22.2,22.7,21.7,-23.91,1.15,1.15,0,1,0,0,1,0,0,"[0, 0, 224]",,,,,,,,,,1,,
2026-07-13 05:26:34.144977,,64,23.7,25.5,25.2,1.15,1.25,-0.97,19.0,,,22.2,22.7,21.7,-23.91,1.52,1.25,0,1,0,0,1,0,0,"[0, 0, 224]",,,,,,,,,,1,,
2026-07-13 05:26:34.252684,,64,23.7,25.5,25.2,1.42,1.15,3.05,19.0,,,22.2,22.7,21.7,-23.91,1.25,1.25,0,1,0,0,1,0,0,"[0, 0, 224]",,,,,,,,,,1,,
2026-07-13 05:26:34.360277,,64,23.7,25.5,25.2,1.08,1.45,0.23,19.0,,,22.2,22.7,21.7,-23.91,1.19,0.88,0,1,0,0,1,0,0,"[0, 0, 224]",,,,,,,,,,1,,
2026-07-13 05:26:34.468182,,64,23.7,25.5,25.2,1.49,1.66,1.03,19.0,,,22.2,22.7,21.7,-23.91,1.52,0.61,0,1,0,0,1,0,0,"[0, 0, 224]",,,,,,,,,,1,,
2026-07-13 05:26:34.574768,,64,23.7,25.5,25.2,1.35,1.52,0.49,19.0,,,22.2,22.7,21.7,-23.91,0.85,0.71,0,1,0,0,1,0,0,"[0, 0, 224]",,,,,,,,,,1,,
2026-07-13 05:26:34.682313,,64,23.7,25.5,25.2,1.25,1.66,1.3,19.0,,,22.2,22.7,21.7,-23.91,1.45,0.98,0,1,0,0,1,0,0,"[0, 0, 224]",,,,,,,,,,1,,
2026-07-13 05:26:34.789056,,64,23.7,25.5,25.2,1.49,1.29,1.57,19.0,,,22.2,22.7,21.7,-23.91,1.32,0.81,0,1,0,0,1,0,0,"[0, 0, 224]",,,,,,,,,,1,,
2026-07-13 05:26:34.895876,,64,23.7,25.5,25.2,1.42,1.32,2.24,19.0,,,22.2,22.7,21.7,-23.91,0.95,0.65,0,1,0,0,1,0,0,"[0, 0, 224]",,,,,,,,,,1,,
2026-07-13 05:26:35.002578,,64,23.7,25.5,25.2,1.15,1.59,1.3,19.0,,,22.2,22.7,21.7,-23.91,0.95,1.02,0,1,0,0,1,0,0,"[0, 0, 224]",,,,,,,,,,1,,
2026-07-13 05:26:35.118641,,64,23.7,25.5,25.2,1.35,1.35,2.37,19.0,,,22.2,22.7,21.7,-23.91,1.42,1.28,0,1,0,0,1,0,0,"[0, 0, 224]",,,,,,,,,,1,,
2026-07-13 05:26:35.226307,,64,23.7,25.5,25.2,1.12,1.62,2.64,19.0,,,22.2,22.7,21.7,-23.91,0.88,1.28,0,1,0,0,1,0,0,"[0, 0, 224]",,,,,,,,,,1,,
2026-07-13 05:26:35.333286,,64,23.7,25.5,25.2,1.35,1.66,3.45,19.0,,,22.2,22.7,21.7,-23.91,0.95,1.08,0,1,0,0,1,0,0,"[0, 0, 224]",,,,,,,,,,1,,
2026-07-13 05:26:35.439975,,64,23.7,25.5,25.2,1.12,1.49,3.18,19.0,,,22.2,22.7,21.7,-23.91,1.08,1.32,0,1,0,0,1,0,0,"[0, 0, 224]",,,,,,,,,,1,,
2026-07-13 05:26:35.547420,,64,23.7,25.5,25.2,1.29,1.29,1.3,19.0,,,22.2,22.7,21.7,-23.91,1.05,0.81,0,1,0,0,1,0,0,"[0, 0, 224]",,,,,,,,,,1,,
2026-07-13 05:26:35.654733,,64,23.7,25.5,25.2,1.39,1.35,0.9,19.0,,,22.2,22.7,21.7,-23.91,1.39,0.65,0,1,0,0,1,0,0,"[0, 0, 224]",,,,,,,,,,1,,
2026-07-13 05:26:35.761502,,64,23.7,25.5,25.2,0.82,1.08,0.36,19.0,,,22.2,22.7,21.7,-23.91,1.12,1.18,0,1,0,0,1,0,0,"[0, 0, 224]",,,,,,,,,,1,,
2026-07-13 05:26:35.868361,,64,23.7,25.5,25.2,1.08,1.59,1.7,19.0,,,22.2,22.7,21.7,-23.91,1.32,1.02,0,1,0,0,1,0,0,"[0, 0, 224]",,,,,,,,,,1,,
2026-07-13 05:26:35.975130,,64,23.7,25.5,25.2,1.05,1.55,-0.44,19.0,,,22.2,22.7,21.7,-23.91,0.92,0.71,0,1,0,0,1,0,0,"[0, 0, 224]",,,,,,,,,,1,,
2026-07-13 05:26:36.082352,,64,23.7,25.5,25.2,0.98,1.69,1.43,19.0,,,22.2,22.7,21.7,-23.91,1.52,0.71,0,1,0,0,1,0,0,"[0, 0, 224]",,,,,,,,,,1,,
2026-07-13 05:26:36.199406,,64,23.7,25.5,25.2,1.02,1.55,3.05,19.0,,,22.2,22.7,21.7,-23.91,1.52,0.65,0,1,0,0,1,0,0,"[0, 0, 224]",,,,,,,,,,1,,
2026-07-13 05:26:36.306728,,64,23.7,25.5,25.2,1.19,1.08,2.24,19.0,,,22.2,22.7,21.7,-23.91,1.02,1.32,0,1,0,0,1,0,0,"[0, 0, 224]",,,,,,,,,,1,,
2026-07-13 05:26:36.413830,,64,23.7,25.5,25.2,1.35,1.55,2.24,19.0,,,22.2,22.7,21.7,-23.91,1.52,0.88,0,1,0,0,1,0,0,"[0, 0, 224]",,,,,,,,,,1,,
2026-07-13 05:26:36.520512,,64,23.7,25.5,25.2,1.29,1.05,2.51,19.0,,,22.2,22.7,21.7,-23.91,1.45,0.81,0,1,0,0,1,0,0,"[0, 0, 224]",,,,,,,,,,1,,
2026-07-13 05:26:36.628073,,64,23.7,25.5,25.2,1.42,1.22,2.78,19.0,,,22.2,22.7,21.7,-23.91,1.39,1.05,0,1,0,0,1,0,0,"[0, 0, 224]",,,,,,,,,,1,,
2026-07-13 05:26:36.734740,,64,23.7,25.5,25.2,1.32,1.25,2.64,19.0,,,22.2,22.7,21.7,-23.91,1.05,1.08,0,1,0,0,1,0,0,"[0, 0, 224]",,,,,,,,,,1,,
2026-07-13 05:26:36.839147,,64,23.7,25.5,25.2,0.95,1.55,1.03,19.0,,,22.2,22.7,21.7,-23.91,1.25,0.81,0,1,0,0,1,0,0,"[0, 0, 224]",,,,,,,,,,1,,
2026-07-13 05:26:36.943708,,64,23.7,25.5,25.2,0.95,1.08,0.9,19.0,,,22.2,22.7,21.7,-23.91,1.45,1.35,0,1,0,0,1,0,0,"[0, 0, 224]",,,,,,,,,,1,,
2026-07-13 05:26:37.047743,,64,23.7,25.5,25.2,1.02,1.59,3.18,19.0,,,22.2,22.7,21.7,-23.91,0.92,1.25,0,1,0,0,1,0,0,"[0, 0, 224]",,,,,,,,,,1,,
2026-07-13 05:26:37.166506,,64,23.7,25.5,25.2,0.95,1.49,-0.7,19.0,,,22.2,22.7,21.7,-23.91,1.45,1.28,0,1,0,0,1,0,0,"[0, 0, 224]",,,,,,,,,,1,,
2026-07-13 05:26:37.270763,,64,23.7,25.5,25.2,1.45,1.19,-0.17,19.0,,,22.2,22.7,21.7,-23.91,1.12,0.65,0,1,0,0,1,0,0,"[0, 0, 224]",,,,,,,,,,1,,
2026-07-13 05:26:37.376093,,64,23.7,25.5,25.2,1.15,1.66,0.49,19.0,,,22.2,22.7,21.7,-23.91,1.32,1.22,0,1,0,0,1,0,0,"[0, 0, 224]",,,,,,,,,,1,,
2026-07-13 05:26:37.480091,,64,23.7,25.5,25.2,1.35,1.42,-0.3,19.0,,,22.2,22.7,21.7,-23.91,1.05,0.68,0,1,0,0,1,0,0,"[0, 0, 224]",,,,,,,,,,1,,
2026-07-13 05:26:37.584276,,64,23.7,25.5,25.2,1.29,1.42,-0.84,19.0,,,22.2,22.7,21.7,-23.91,1.32,1.32,0,1,0,0,1,0,0,"[0, 0, 224]",,,,,,,,,,1,,
2026-07-13 05:26:37.690925,,64,23.7,25.5,25.2,1.32,1.45,1.43,19.0,,,22.2,22.7,21.7,-23.91,0.95,1.22,0,1,0,0,1,0,0,"[0, 0, 224]",,,,,,,,,,1,,
2026-07-13 05:26:37.794901,,64,23.7,25.5,25.2,1.35,1.12,1.43,19.0,,,22.2,22.7,21.7,-23.91,0.98,0.85,0,1,0,0,1,0,0,"[0, 0, 224]",,,,,,,,,,1,,
2026-07-13 05:26:37.899790,,64,23.7,25.5,25.2,1.15,1.22,0.23,19.0,,,22.2,22.7,21.7,-23.91,1.32,1.18,0,1,0,0,1,0,0,"[0, 0, 224]",,,,,,,,,,1,,
2026-07-13 05:26:38.004049,,64,23.7,25.5,25.2,1.02,1.02,-1.64,19.0,,,22.2,22.7,21.7,-23.91,1.39,1.32,0,1,0,0,1,0,0,"[0, 0, 224]",,,,,,,,,,1,,
2026-07-13 05:26:38.125226,,64,23.7,25.5,25.2,1.19,1.72,-0.03,19.0,,,22.2,22.7,21.7,-23.91,1.52,1.15,0,1,0,0,1,0,0,"[0, 0, 224]",,,,,,,,,,1,,
2026-07-13 05:26:38.235459,,64,23.7,25.5,25.2,1.19,1.52,1.3,19.0,,,22.2,22.7,21.7,-23.91,1.19,1.02,0,1,0,0,1,0,0,"[0, 0, 224]",,,,,,,,,,1,,
2026-07-13 05:26:38.339914,,64,23.7,25.5,25.2,1.05,1.62,2.24,19.0,,,22.2,22.7,21.7,-23.91,0.88,0.61,0,1,0,0,1,0,0,"[0, 0, 224]",,,,,,,,,,1,,
2026-07-13 05:26:38.444426,,64,23.7,25.5,25.2,1.08,1.29,1.03,19.0,,,22.2,22.7,21.7,-23.91,1.12,1.02,0,1,0,0,1,0,0,"[0, 0, 224]",,,,,,,,,,1,,
2026-07-13 05:26:38.549075,,64,23.7,25.5,25.2,1.22,1.55,1.7,19.0,,,22.2,22.7,21.7,-23.91,1.59,0.71,0,1,0,0,1,0,0,"[0, 0, 224]",,,,,,,,,,1,,
2026-07-13 05:26:38.656613,,64,23.7,25.5,25.2,1.25,1.59,0.9,19.0,,,22.2,22.7,21.7,-23.91,1.49,1.05,0,1,0,0,1,0,0,"[0, 0, 224]",,,,,,,,,,1,,
2026-07-13 05:26:38.761030,,64,23.7,25.5,25.2,1.08,1.25,2.64,19.0,,,22.2,22.7,21.7,-23.91,1.15,0.88,0,1,0,0,1,0,0,"[0, 0, 224]",,,,,,,,,,1,,
2026-07-13 05:26:38.864709,,64,23.7,25.5,25.2,1.19,1.35,0.76,19.0,,,22.2,22.7,21.7,-23.91,1.35,0.75,0,1,0,0,1,0,0,"[0, 0, 224]",,,,,,,,,,1,,
2026-07-13 05:26:38.969793,,64,23.7,25.5,25.2,0.92,1.22,3.18,19.0,,,22.2,22.7,21.7,-23.91,0.98,1.08,0,1,0,0,1,0,0,"[0, 0, 224]",,,,,,,,,,1,,
2026-07-13 05:26:39.073681,,64,23.7,25.5,25.2,1.15,1.39,-0.84,19.0,,,22.2,22.7,21.7,-23.91,1.02,1.12,0,1,0,0,1,0,0,"[0, 0, 224]",,,,,,,,,,1,,
2026-07-13 05:26:39.189941,,64,23.7,25.5,25.2,1.35,1.49,-0.17,19.0,,,22.2,22.7,21.7,-23.91,1.45,0.68,0,1,0,0,1,0,0,"[0, 0, 224]",,,,,,,,,,1,,
2026-07-13 05:26:39.294361,,64,23.7,25.5,25.2,1.08,1.29,-0.17,19.0,,,22.2,22.7,21.7,-23.91,1.55,1.08,0,1,0,0,1,0,0,"[0, 0, 224]",,,,,,,,,,1,,
2026-07-13 05:26:39.398420,,64,23.7,25.5,25.2,1.39,1.55,0.63,19.0,,,22.2,22.7,21.7,-23.91,0.92,1.22,0,1,0,0,1,0,0,"[0, 0, 224]",,,,,,,,,,1,,
2026-07-13 05:26:39.503025,,64,23.7,25.5,25.2,1.05,1.25,0.9,19.0,,,22.2,22.7,21.7,-23.91,1.02,0.95,0,1,0,0,1,0,0,"[0, 0, 224]",,,,,,,,,,1,,
2026-07-13 05:26:39.606879,,64,23.7,25.5,25.2,1.29,1.32,2.64,19.0,,,22.2,22.7,21.7,-23.91,0.95,0.65,0,1,0,0,1,0,0,"[0, 0, 224]",,,,,,,,,,1,,
2026-07-13 05:26:39.713155,,64,23.7,25.5,25.2,1.32,1.25,-1.24,19.0,,,22.2,22.7,21.7,-23.91,1.52,0.71,0,1,0,0,1,0,0,"[0, 0, 224]",,,,,,,,,,1,,
2026-07-13 05:26:39.817269,,64,23.7,25.5,25.2,1.32,1.32,1.17,19.0,,,22.2,22.7,21.7,-23.91,1.02,0.68,0,1,0,0,1,0,0,"[0, 0, 224]",,,,,,,,,,1,,
2026-07-13 05:26:39.921802,,64,23.7,25.5,25.2,0.95,1.49,1.17,19.0,,,22.2,22.7,21.7,-23.91,1.19,0.75,0,1,0,0,1,0,0,"[0, 0, 224]",,,,,,,,,,1,,
2026-07-13 05:26:40.042810,,64,23.7,25.5,25.2,1.52,1.52,0.36,19.0,,,22.2,22.7,21.7,-23.91,1.49,1.15,0,1,0,0,1,0,0,"[0, 0, 224]",,,,,,,,,,1,,
2026-07-13 05:26:40.163344,,64,23.7,25.5,25.2,1.42,1.02,0.36,19.0,,,22.2,22.7,21.7,-23.91,1.08,0.95,0,1,0,0,1,0,0,"[0, 0, 224]",,,,,,,,,,1,,
2026-07-13 05:26:40.273815,,64,23.7,25.5,25.2,1.12,1.52,0.63,19.0,,,22.2,22.7,21.7,-23.91,1.08,1.18,0,1,0,0,1,0,0,"[0, 0, 224]",,,,,,,,,,1,,
2026-07-13 05:26:40.383793,,64,23.7,25.5,25.2,1.29,1.05,1.97,19.0,,,22.2,22.7,21.7,-23.91,1.32,0.88,0,1,0,0,1,0,0,"[0, 0, 224]",,,,,,,,,,1,,
2026-07-13 05:26:40.495125,,64,23.7,25.5,25.2,1.42,1.72,2.11,19.0,,,22.2,22.7,21.7,-23.91,0.92,1.22,0,1,0,0,1,0,0,"[0, 0, 224]",,,,,,,,,,1,,
2026-07-13 05:26:40.605904,,64,23.7,25.5,25.2,1.05,1.62,2.37,19.0,,,22.2,22.7,21.7,-23.91,1.35,0.81,0,1,0,0,1,0,0,"[0, 0, 224]",,,,,,,,,,1,,
2026-07-13 05:26:40.718963,,64,23.7,25.5,25.2,1.22,1.29,1.3,19.0,,,22.2,22.7,21.7,-23.91,1.02,0.81,0,1,0,0,1,0,0,"[0, 0, 224]",,,,,,,,,,1,,
2026-07-13 05:26:40.830578,,64,23.7,25.5,25.2,1.15,1.66,0.9,19.0,,,22.2,22.7,21.7,-23.91,1.35,1.02,0,1,0,0,1,0,0,"[0, 0, 224]",,,,,,,,,,1,,
2026-07-13 05:26:40.941129,,64,23.7,25.5,25.2,1.42,1.62,1.43,19.0,,,22.2,22.7,21.7,-23.91,0.88,1.25,0,1,0,0,1,0,0,"[0, 0, 224]",,,,,,,,,,1,,
2026-07-13 05:26:41.052005,,64,23.7,25.5,25.2,1.25,1.29,1.43,19.0,,,22.2,22.7,21.7,-23.91,1.55,0.58,0,1,0,0,1,0,0,"[0, 0, 224]",,,,,,,,,,1,,
2026-07-13 05:26:41.171876,,64,23.7,25.5,25.2,1.45,1.19,2.78,19.0,,,22.2,22.7,21.7,-23.91,1.02,1.32,0,1,0,0,1,0,0,"[0, 0, 224]",,,,,,,,,,1,,
2026-07-13 05:26:41.282118,,64,23.7,25.5,25.2,0.88,1.35,0.23,19.0,,,22.2,22.7,21.7,-23.91,1.25,0.92,0,1,0,0,1,0,0,"[0, 0, 224]",,,,,,,,,,1,,
2026-07-13 05:26:41.391858,,64,23.7,25.5,25.2,1.05,1.69,3.18,19.0,,,22.2,22.7,21.7,-23.91,0.88,0.92,0,1,0,0,1,0,0,"[0, 0, 224]",,,,,,,,,,1,,
2026-07-13 05:26:41.501344,,64,23.7,25.5,25.2,0.92,1.52,1.3,19.0,,,22.2,22.7,21.7,-23.91,1.45,1.15,0,1,0,0,1,0,0,"[0, 0, 224]",,,,,,,,,,1,,
2026-07-13 05:26:41.611412,,64,23.7,25.5,25.2,0.95,1.35,3.31,19.0,,,22.2,22.7,21.7,-23.91,1.32,0.65,0,1,0,0,1,0,0,"[0, 0, 224]",,,,,,,,,,1,,
2026-07-13 05:26:41.724917,,64,23.7,25.5,25.2,1.35,1.39,1.03,19.0,,,22.2,22.7,21.7,-23.91,1.35,1.28,0,1,0,0,1,0,0,"[0, 0, 224]",,,,,,,,,,1,,
2026-07-13 05:26:41.834539,,64,23.7,25.5,25.2,1.02,1.45,2.11,19.0,,,22.2,22.7,21.7,-23.91,0.98,0.65,0,1,0,0,1,0,0,"[0, 0, 224]",,,,,,,,,,1,,
2026-07-13 05:26:41.944963,,64,23.7,25.5,25.2,1.35,1.32,1.7,19.0,,,22.2,22.7,21.7,-23.91,1.12,1.28,0,1,0,0,1,0,0,"[0, 0, 224]",,,,,,,,,,1,,
2026-07-13 05:26:42.055126,,64,23.7,25.5,25.2,1.42,1.22,1.57,19.0,,,22.2,22.7,21.7,-23.91,0.85,0.85,0,1,0,0,1,0,0,"[0, 0, 224]",,,,,,,,,,1,,
2026-07-13 05:26:42.172906,,64,23.7,25.5,25.2,1.22,1.12,0.09,19.0,,,22.2,22.7,21.7,-23.91,0.88,1.25,0,1,0,0,1,0,0,"[0, 0, 224]",,,,,,,,,,1,,
2026-07-13 05:26:42.283257,,64,23.7,25.5,25.2,1.19,1.22,0.49,19.0,,,22.2,22.7,21.7,-23.91,1.08,1.22,0,1,0,0,1,0,0,"[0, 0, 224]",,,,,,,,,,1,,
2026-07-13 05:26:42.393886,,64,23.7,25.5,25.2,1.19,1.19,3.45,19.0,,,22.2,22.7,21.7,-23.91,1.35,1.25,0,1,0,0,1,0,0,"[0, 0, 224]",,,,,,,,,,1,,
2026-07-13 05:26:42.503922,,64,23.7,25.5,25.2,1.45,1.72,-0.03,19.0,,,22.2,22.7,21.7,-23.91,1.42,1.08,0,1,0,0,1,0,0,"[0, 0, 224]",,,,,,,,,,1,,
2026-07-13 05:26:42.614315,,64,23.7,25.5,25.2,1.12,1.15,1.3,19.0,,,22.2,22.7,21.7,-23.91,1.02,0.71,0,1,0,0,1,0,0,"[0, 0, 224]",,,,,,,,,,1,,
2026-07-13 05:26:42.727317,,64,23.7,25.5,25.2,0.88,1.39,1.03,19.0,,,22.2,22.7,21.7,-23.91,0.95,1.28,0,1,0,0,1,0,0,"[0, 0, 224]",,,,,,,,,,1,,
2026-07-13 05:26:42.837489,,64,23.7,25.5,25.2,0.95,1.15,2.91,19.0,,,22.2,22.7,21.7,-23.91,1.52,1.05,0,1,0,0,1,0,0,"[0, 0, 224]",,,,,,,,,,1,,
2026-07-13 05:26:42.947734,,64,23.7,25.5,25.2,0.92,1.55,3.31,19.0,,,22.2,22.7,21.7,-23.91,1.45,1.18,0,1,0,0,1,0,0,"[0, 0, 224]",,,,,,,,,,1,,
2026-07-13 05:26:43.059536,,64,23.7,25.5,25.2,1.12,1.15,1.43,19.0,,,22.2,22.7,21.7,-23.91,0.85,1.28,0,1,0,0,1,0,0,"[0, 0, 224]",,,,,,,,,,1,,
2026-07-13 05:26:43.184368,,64,23.7,25.5,25.2,1.62,1.62,3.18,19.0,,,22.2,22.7,21.7,-23.91,0.98,0.92,0,1,0,0,1,0,0,"[0, 0, 224]",,,,,,,,,,1,,
2026-07-13 05:26:43.294741,,64,23.7,25.5,25.2,1.45,1.62,0.49,19.0,,,22.2,22.7,21.7,-23.91,1.52,1.18,0,1,0,0,1,0,0,"[0, 0, 224]",,,,,,,,,,1,,
2026-07-13 05:26:43.404906,,64,23.7,25.5,25.2,1.05,1.52,1.3,19.0,,,22.2,22.7,21.7,-23.91,0.92,1.22,0,1,0,0,1,0,0,"[0, 0, 224]",,,,,,,,,,1,,
2026-07-13 05:26:43.515980,,64,23.7,25.5,25.2,1.05,1.42,0.63,19.0,,,22.2,22.7,21.7,-23.91,1.25,1.15,0,1,0,0,1,0,0,"[0, 0, 224]",,,,,,,,,,1,,
2026-07-13 05:26:43.626116,,64,23.7,25.5,25.2,1.45,1.45,0.23,19.0,,,22.2,22.7,21.7,-23.91,1.22,1.08,0,1,0,0,1,0,0,"[0, 0, 224]",,,,,,,,,,1,,
2026-07-13 05:26:43.740852,,64,23.7,25.5,25.2,1.35,1.42,2.11,19.0,,,22.2,22.7,21.7,-23.91,1.55,0.78,0,1,0,0,1,0,0,"[0, 0, 224]",,,,,,,,,,1,,
2026-07-13 05:26:43.850973,,64,23.7,25.5,25.2,1.25,1.59,0.09,19.0,,,22.2,22.7,21.7,-23.91,1.52,1.08,0,1,0,0,1,0,0,"[0, 0, 224]",,,,,,,,,,1,,
2026-07-13 05:26:43.960953,,64,23.7,25.5,25.2,1.25,1.32,2.78,19.0,,,22.2,22.7,21.7,-23.91,0.95,0.95,0,1,0,0,1,0,0,"[0, 0, 224]",,,,,,,,,,1,,
2026-07-13 05:26:44.071125,,64,23.7,25.5,25.2,1.32,1.22,0.49,19.0,,,22.0,22.7,21.7,-23.91,1.42,1.25,0,1,0,0,1,0,0,"[0, 0, 224]",,,,,,,,,,1,,
2026-07-13 05:26:44.195343,,64,23.7,25.5,25.2,1.39,1.55,-0.17,19.0,,,22.0,22.7,21.7,-23.91,1.52,1.12,0,1,0,0,1,0,0,"[0, 0, 224]",,,,,,,,,,1,,
2026-07-13 05:26:44.306024,,64,23.7,25.5,25.2,1.42,1.49,2.51,19.0,,,22.0,22.7,21.7,-23.91,0.88,0.98,0,1,0,0,1,0,0,"[0, 0, 224]",,,,,,,,,,1,,
2026-07-13 05:26:44.416166,,64,23.7,25.5,25.2,0.92,1.25,-0.03,19.0,,,22.0,22.7,21.7,-23.91,1.29,0.68,0,1,0,0,1,0,0,"[0, 0, 224]",,,,,,,,,,1,,
2026-07-13 05:26:44.526660,,64,23.7,25.5,25.2,1.45,1.45,2.91,19.0,,,22.0,22.7,21.7,-23.91,1.35,0.75,0,1,0,0,1,0,0,"[0, 0, 224]",,,,,,,,,,1,,
2026-07-13 05:26:44.636763,,64,23.7,25.5,25.2,1.15,1.19,-0.03,19.0,,,22.0,22.7,21.7,-23.91,1.52,0.98,0,1,0,0,1,0,0,"[0, 0, 224]",,,,,,,,,,1,,
2026-07-13 05:26:44.749321,,64,23.7,25.5,25.2,0.92,1.39,2.24,19.0,,,22.0,22.7,21.7,-23.91,0.85,1.25,0,1,0,0,1,0,0,"[0, 0, 224]",,,,,,,,,,1,,
2026-07-13 05:26:44.859314,,64,23.7,25.5,25.2,1.08,1.66,0.9,19.0,,,22.0,22.7,21.7,-23.91,1.22,0.92,0,1,0,0,1,0,0,"[0, 0, 224]",,,,,,,,,,1,,
2026-07-13 05:26:44.969224,,64,23.7,25.5,25.2,1.02,1.45,0.09,19.0,,,22.0,22.7,21.7,-23.91,1.49,1.25,0,1,0,0,1,0,0,"[0, 0, 224]",,,,,,,,,,1,,
2026-07-13 05:26:45.079583,,64,23.7,25.5,25.2,0.95,1.52,-0.3,19.0,,,22.2,22.7,21.7,-23.91,0.98,0.71,0,1,0,0,1,0,0,"[0, 0, 224]",,,,,,,,,,1,,
2026-07-13 05:26:45.189427,,64,23.7,25.5,25.2,1.05,1.19,2.24,19.0,,,22.2,22.7,21.7,-23.91,0.92,0.92,0,1,0,0,1,0,0,"[0, 0, 224]",,,,,,,,,,1,,
2026-07-13 05:26:45.301176,,64,23.7,25.5,25.2,1.25,1.49,1.03,19.0,,,22.2,22.7,21.7,-23.91,1.42,1.05,0,1,0,0,1,0,0,"[0, 0, 224]",,,,,,,,,,1,,
2026-07-13 05:26:45.412544,,64,23.7,25.5,25.2,1.08,1.66,2.37,19.0,,,22.2,22.7,21.7,-23.91,1.49,0.65,0,1,0,0,1,0,0,"[0, 0, 224]",,,,,,,,,,1,,
2026-07-13 05:26:45.522700,,64,23.7,25.5,25.2,1.05,1.25,3.18,19.0,,,22.2,22.7,21.7,-23.91,1.29,1.12,0,1,0,0,1,0,0,"[0, 0, 224]",,,,,,,,,,1,,
2026-07-13 05:26:45.633130,,64,23.7,25.5,25.2,1.42,1.15,1.43,19.0,,,22.2,22.7,21.7,-23.91,1.55,0.71,0,1,0,0,1,0,0,"[0, 0, 224]",,,,,,,,,,1,,
2026-07-13 05:26:45.746364,,64,23.7,25.5,25.2,1.29,1.55,0.23,19.0,,,22.2,22.7,21.7,-23.91,1.08,1.28,0,1,0,0,1,0,0,"[0, 0, 224]",,,,,,,,,,1,,
2026-07-13 05:26:45.856487,,64,23.7,25.5,25.2,1.29,1.25,0.63,19.0,,,22.2,22.7,21.7,-23.91,1.22,1.15,0,1,0,0,1,0,0,"[0, 0, 224]",,,,,,,,,,1,,
2026-07-13 05:26:45.966600,,64,23.7,25.5,25.2,1.05,1.15,1.3,19.0,,,22.2,22.7,21.7,-23.91,0.92,1.25,0,1,0,0,1,0,0,"[0, 0, 224]",,,,,,,,,,1,,
2026-07-13 05:26:46.076272,,64,23.7,25.5,25.2,1.12,1.52,0.63,19.0,,,22.2,22.7,21.7,-23.91,1.35,0.85,0,1,0,0,1,0,0,"[0, 0, 224]",,,,,,,,,,1,,
2026-07-13 05:26:46.195720,,64,23.7,25.5,25.2,1.25,1.12,0.76,19.0,,,22.0,22.7,21.7,-23.91,1.25,1.35,0,1,0,0,1,0,0,"[0, 0, 224]",,,,,,,,,,1,,
2026-07-13 05:26:46.306675,,64,23.7,25.5,25.2,1.42,1.15,3.18,19.0,,,22.0,22.7,21.7,-23.91,1.35,1.22,0,1,0,0,1,0,0,"[0, 0, 224]",,,,,,,,,,1,,
2026-07-13 05:26:46.416858,,64,23.7,25.5,25.2,1.52,1.22,-0.7,19.0,,,22.0,22.7,21.7,-23.91,1.19,0.75,0,1,0,0,1,0,0,"[0, 0, 224]",,,,,,,,,,1,,
2026-07-13 05:26:46.526820,,64,23.7,25.5,25.2,1.45,1.42,2.51,19.0,,,22.0,22.7,21.7,-23.91,1.19,0.95,0,1,0,0,1,0,0,"[0, 0, 224]",,,,,,,,,,1,,
2026-07-13 05:26:46.636922,,64,23.7,25.5,25.2,1.42,1.08,0.9,19.0,,,22.0,22.7,21.7,-23.91,1.52,1.25,0,1,0,0,1,0,0,"[0, 0, 224]",,,,,,,,,,1,,
2026-07-13 05:26:46.750117,,64,23.7,25.5,25.2,1.39,1.69,3.31,19.0,,,22.0,22.7,21.7,-23.91,0.95,1.05,0,1,0,0,1,0,0,"[0, 0, 224]",,,,,,,,,,1,,
2026-07-13 05:26:46.862646,,64,23.7,25.5,25.2,1.39,1.08,0.9,19.0,,,22.0,22.7,21.7,-23.91,1.45,0.88,0,1,0,0,1,0,0,"[0, 0, 224]",,,,,,,,,,1,,
2026-07-13 05:26:46.972893,,64,23.7,25.5,25.2,0.95,1.62,2.37,19.0,,,22.0,22.7,21.7,-23.91,0.88,1.39,0,1,0,0,1,0,0,"[0, 0, 224]",,,,,,,,,,1,,
2026-07-13 05:26:47.083628,,64,23.7,25.5,25.2,1.35,1.29,-0.44,19.0,,,22.0,22.7,21.7,-23.91,1.22,0.85,0,1,0,0,1,0,0,"[0, 0, 224]",,,,,,,,,,1,,
2026-07-13 05:26:47.201810,,64,23.7,25.5,25.2,0.88,1.55,1.3,19.0,,,22.0,22.7,21.7,-23.91,1.49,1.18,0,1,0,0,1,0,0,"[0, 0, 224]",,,,,,,,,,1,,
2026-07-13 05:26:47.313195,,64,23.7,25.5,25.2,1.15,1.29,1.84,19.0,,,22.0,22.7,21.7,-23.91,1.12,1.32,0,1,0,0,1,0,0,"[0, 0, 224]",,,,,,,,,,1,,
2026-07-13 05:26:47.424354,,64,23.7,25.5,25.2,0.92,1.55,0.23,19.0,,,22.0,22.7,21.7,-23.91,0.88,0.61,0,1,0,0,1,0,0,"[0, 0, 224]",,,,,,,,,,1,,
2026-07-13 05:26:47.537005,,64,23.7,25.5,25.2,1.29,1.55,1.17,19.0,,,22.0,22.7,21.7,-23.91,1.39,1.18,0,1,0,0,1,0,0,"[0, 0, 224]",,,,,,,,,,1,,
2026-07-13 05:26:47.649003,,64,23.7,25.5,25.2,0.92,1.02,0.9,19.0,,,22.0,22.7,21.7,-23.91,0.95,1.18,0,1,0,0,1,0,0,"[0, 0, 224]",,,,,,,,,,1,,
2026-07-13 05:26:47.760080,,64,23.7,25.5,25.2,1.39,1.35,2.37,19.0,,,22.0,22.7,21.7,-23.91,1.49,1.15,0,1,0,0,1,0,0,"[0, 0, 224]",,,,,,,,,,1,,
2026-07-13 05:26:47.873411,,64,23.7,25.5,25.2,1.15,1.59,1.17,19.0,,,22.0,22.7,21.7,-23.91,1.39,0.78,0,1,0,0,1,0,0,"[0, 0, 224]",,,,,,,,,,1,,
2026-07-13 05:26:47.983973,,64,23.7,25.5,25.2,1.39,1.32,3.18,19.0,,,22.0,22.7,21.7,-23.91,0.92,1.28,0,1,0,0,1,0,0,"[0, 0, 224]",,,,,,,,,,1,,
2026-07-13 05:26:48.094725,,64,23.7,25.5,25.2,0.98,1.59,1.7,19.0,,,22.0,22.7,21.7,-23.91,1.05,0.78,0,1,0,0,1,0,0,"[0, 0, 224]",,,,,,,,,,1,,
2026-07-13 05:26:48.216682,,64,23.7,25.5,25.2,1.39,1.08,0.76,19.0,,,22.0,22.7,21.7,-23.91,1.15,1.02,0,1,0,0,1,0,0,"[0, 0, 224]",,,,,,,,,,1,,
2026-07-13 05:26:48.327101,,64,23.7,25.5,25.2,1.22,1.39,0.9,19.0,,,22.0,22.7,21.7,-23.91,1.32,0.85,0,1,0,0,1,0,0,"[0, 0, 224]",,,,,,,,,,1,,
2026-07-13 05:26:48.436864,,64,23.7,25.5,25.2,1.15,1.49,1.17,19.0,,,22.0,22.7,21.7,-23.91,1.25,1.15,0,1,0,0,1,0,0,"[0, 0, 224]",,,,,,,,,,1,,
2026-07-13 05:26:48.547376,,64,23.7,25.5,25.2,1.49,1.12,1.97,19.0,,,22.0,22.7,21.7,-23.91,1.49,1.28,0,1,0,0,1,0,0,"[0, 0, 224]",,,,,,,,,,1,,
2026-07-13 05:26:48.657192,,64,23.7,25.5,25.2,1.25,1.55,0.63,19.0,,,22.0,22.7,21.7,-23.91,1.05,0.85,0,1,0,0,1,0,0,"[0, 0, 224]",,,,,,,,,,1,,
2026-07-13 05:26:48.767595,,64,23.7,25.5,25.2,1.29,1.15,1.3,19.0,,,22.0,22.7,21.7,-23.91,1.62,1.02,0,1,0,0,1,0,0,"[0, 0, 224]",,,,,,,,,,1,,
2026-07-13 05:26:48.879187,,64,23.7,25.5,25.2,1.35,1.49,-0.3,19.0,,,22.0,22.7,21.7,-23.91,1.55,0.75,0,1,0,0,1,0,0,"[0, 0, 224]",,,,,,,,,,1,,
2026-07-13 05:26:48.989179,,64,23.7,25.5,25.2,1.29,1.42,0.76,19.0,,,22.0,22.7,21.7,-23.91,1.49,0.81,0,1,0,0,1,0,0,"[0, 0, 224]",,,,,,,,,,1,,
2026-07-13 05:26:49.098973,,64,23.7,25.5,25.2,1.02,1.39,1.43,19.0,,,22.0,22.7,21.7,-23.91,0.88,0.95,0,1,0,0,1,0,0,"[0, 0, 224]",,,,,,,,,,1,,
2026-07-13 05:26:49.217196,,64,23.7,25.5,25.2,1.02,1.66,1.97,19.0,,,22.0,22.7,21.7,-23.91,1.08,1.15,0,1,0,0,1,0,0,"[0, 0, 224]",,,,,,,,,,1,,
2026-07-13 05:26:49.327576,,64,23.7,25.5,25.2,1.35,1.15,0.9,19.0,,,22.0,22.7,21.7,-23.91,1.08,0.61,0,1,0,0,1,0,0,"[0, 0, 224]",,,,,,,,,,1,,
2026-07-13 05:26:49.437885,,64,23.7,25.5,25.2,1.02,1.62,1.3,19.0,,,22.0,22.7,21.7,-23.91,1.08,1.02,0,1,0,0,1,0,0,"[0, 0, 224]",,,,,,,,,,1,,
2026-07-13 05:26:49.548549,,64,23.7,25.5,25.2,1.35,1.49,0.09,19.0,,,22.0,22.7,21.7,-23.91,1.08,1.18,0,1,0,0,1,0,0,"[0, 0, 224]",,,,,,,,,,1,,
2026-07-13 05:26:49.658743,,64,23.7,25.5,25.2,1.35,1.62,-0.7,19.0,,,22.0,22.7,21.7,-23.91,0.95,1.05,0,1,0,0,1,0,0,"[0, 0, 224]",,,,,,,,,,1,,
2026-07-13 05:26:49.771272,,64,23.7,25.5,25.2,1.39,1.59,1.43,19.0,,,22.0,22.7,21.7,-23.91,1.12,1.28,0,1,0,0,1,0,0,"[0, 0, 224]",,,,,,,,,,1,,
2026-07-13 05:26:49.885416,,64,23.7,25.5,25.2,1.45,1.25,1.3,19.0,,,22.0,22.7,21.7,-23.91,1.08,0.68,0,1,0,0,1,0,0,"[0, 0, 224]",,,,,,,,,,1,,
2026-07-13 05:26:49.994835,,64,23.7,25.5,25.2,1.19,1.22,1.57,19.0,,,22.0,22.7,21.7,-23.91,1.45,1.32,0,1,0,0,1,0,0,"[0, 0, 224]",,,,,,,,,,1,,
2026-07-13 05:26:50.104759,,64,23.7,25.5,25.2,0.95,1.32,1.84,19.0,,,22.0,22.7,21.7,-23.91,0.85,1.32,0,1,0,0,1,0,0,"[0, 0, 224]",,,,,,,,,,1,,
2026-07-13 05:26:50.224732,,64,23.7,25.5,25.2,0.92,1.55,1.17,19.0,,,22.0,22.7,21.7,-23.91,0.85,1.15,0,1,0,0,1,0,0,"[0, 0, 224]",,,,,,,,,,1,,
2026-07-13 05:26:50.334899,,64,23.7,25.5,25.2,1.12,1.55,2.11,19.0,,,22.0,22.7,21.7,-23.91,1.42,1.05,0,1,0,0,1,0,0,"[0, 0, 224]",,,,,,,,,,1,,
2026-07-13 05:26:50.444754,,64,23.7,25.5,25.2,1.29,1.62,1.7,19.0,,,22.0,22.7,21.7,-23.91,1.19,0.88,0,1,0,0,1,0,0,"[0, 0, 224]",,,,,,,,,,1,,
2026-07-13 05:26:50.555160,,64,23.7,25.5,25.2,1.02,1.12,3.05,19.0,,,22.0,22.7,21.7,-23.91,1.08,0.71,0,1,0,0,1,0,0,"[0, 0, 224]",,,,,,,,,,1,,
2026-07-13 05:26:50.665381,,64,23.7,25.5,25.2,1.35,1.08,0.76,19.0,,,22.0,22.7,21.7,-23.91,1.02,0.71,0,1,0,0,1,0,0,"[0, 0, 224]",,,,,,,,,,1,,
2026-07-13 05:26:50.775738,,64,23.7,25.5,25.2,1.22,1.35,2.91,19.0,,,22.0,22.7,21.7,-23.91,0.95,0.68,0,1,0,0,1,0,0,"[0, 0, 224]",,,,,,,,,,1,,
2026-07-13 05:26:50.885602,,64,23.7,25.5,25.2,0.85,1.35,1.97,19.0,,,22.0,22.7,21.7,-23.91,1.45,0.75,0,1,0,0,1,0,0,"[0, 0, 224]",,,,,,,,,,1,,
2026-07-13 05:26:50.998051,,64,23.7,25.5,25.2,1.32,1.12,1.3,19.0,,,22.0,22.7,21.7,-23.91,1.49,1.32,0,1,0,0,1,0,0,"[0, 0, 224]",,,,,,,,,,1,,
2026-07-13 05:26:51.107946,,64,23.7,25.5,25.2,1.12,1.19,-0.03,19.0,,,22.0,22.7,21.7,-23.91,0.92,1.35,0,1,0,0,1,0,0,"[0, 0, 224]",,,,,,,,,,1,,
2026-07-13 05:26:51.231169,,64,23.7,25.5,25.2,1.02,1.35,1.7,19.0,,,22.0,22.7,21.7,-23.91,1.55,1.32,0,1,0,0,1,0,0,"[0, 0, 224]",,,,,,,,,,1,,
2026-07-13 05:26:51.341955,,64,23.7,25.5,25.2,1.19,1.59,-0.44,19.0,,,22.0,22.7,21.7,-23.91,1.22,0.68,0,1,0,0,1,0,0,"[0, 0, 224]",,,,,,,,,,1,,
2026-07-13 05:26:51.452579,,64,23.7,25.5,25.2,1.35,1.52,0.09,19.0,,,22.0,22.7,21.7,-23.91,1.02,0.78,0,1,0,0,1,0,0,"[0, 0, 224]",,,,,,,,,,1,,
2026-07-13 05:26:51.562834,,64,23.7,25.5,25.2,0.98,1.59,2.51,19.0,,,22.0,22.7,21.7,-23.91,1.52,0.81,0,1,0,0,1,0,0,"[0, 0, 224]",,,,,,,,,,1,,
2026-07-13 05:26:51.673365,,64,23.7,25.5,25.2,1.29,1.08,1.97,19.0,,,22.0,22.7,21.7,-23.91,1.52,1.25,0,1,0,0,1,0,0,"[0, 0, 224]",,,,,,,,,,1,,
2026-07-13 05:26:51.784466,,64,23.7,25.5,25.2,1.22,1.35,1.97,19.0,,,22.0,22.7,21.7,-23.91,1.52,0.98,0,1,0,0,1,0,0,"[0, 0, 224]",,,,,,,,,,1,,
2026-07-13 05:26:51.895309,,64,23.7,25.5,25.2,1.15,1.29,1.43,19.0,,,22.0,22.7,21.7,-23.91,1.52,1.08,0,1,0,0,1,0,0,"[0, 0, 224]",,,,,,,,,,1,,
2026-07-13 05:26:52.009900,,64,23.7,25.5,25.2,1.49,1.35,-0.3,19.0,,,22.0,22.7,21.7,-23.91,1.29,0.95,0,1,0,0,1,0,0,"[0, 0, 224]",,,,,,,,,,1,,
2026-07-13 05:26:52.121642,,64,23.7,25.5,25.2,1.32,1.66,1.03,19.0,,,22.0,22.7,21.7,-23.91,0.98,0.75,0,1,0,0,1,0,0,"[0, 0, 224]",,,,,,,,,,1,,
2026-07-13 05:26:52.248777,,64,23.7,25.5,25.2,1.39,1.08,0.23,19.0,,,22.0,22.7,21.7,-23.91,0.85,0.65,0,1,0,0,1,0,0,"[0, 0, 224]",,,,,,,,,,1,,
2026-07-13 05:26:52.359417,,64,23.7,25.5,25.2,0.95,1.69,0.23,19.0,,,22.0,22.7,21.7,-23.91,1.42,1.18,0,1,0,0,1,0,0,"[0, 0, 224]",,,,,,,,,,1,,
2026-07-13 05:26:52.470826,,64,23.7,25.5,25.2,1.08,1.55,2.91,19.0,,,22.0,22.7,21.7,-23.91,1.52,0.68,0,1,0,0,1,0,0,"[0, 0, 224]",,,,,,,,,,1,,
2026-07-13 05:26:52.581486,,64,23.7,25.5,25.2,1.02,1.52,-0.3,19.0,,,22.0,22.7,21.7,-23.91,1.52,0.71,0,1,0,0,1,0,0,"[0, 0, 224]",,,,,,,,,,1,,
2026-07-13 05:26:52.692325,,64,23.7,25.5,25.2,1.02,1.66,-0.57,19.0,,,22.0,22.7,21.7,-23.91,1.39,0.85,0,1,0,0,1,0,0,"[0, 0, 224]",,,,,,,,,,1,,
2026-07-13 05:26:52.802529,,64,23.7,25.5,25.2,1.02,0.98,0.63,19.0,,,22.0,22.7,21.7,-23.91,1.29,0.92,0,1,0,0,1,0,0,"[0, 0, 224]",,,,,,,,,,1,,
2026-07-13 05:26:52.912843,,64,23.7,25.5,25.2,0.98,1.39,-0.17,19.0,,,22.0,22.7,21.7,-23.91,1.49,1.32,0,1,0,0,1,0,0,"[0, 0, 224]",,,,,,,,,,1,,
2026-07-13 05:26:53.027833,,64,23.7,25.5,25.2,1.02,1.19,3.18,19.0,,,22.0,22.7,21.7,-23.91,1.66,0.71,0,1,0,0,1,0,0,"[0, 0, 224]",,,,,,,,,,1,,
2026-07-13 05:26:53.146029,,64,23.7,25.5,25.2,1.42,1.62,-0.44,19.0,,,22.0,22.7,21.7,-23.91,1.19,1.18,0,1,0,0,1,0,0,"[0, 0, 224]",,,,,,,,,,1,,
2026-07-13 05:26:53.263862,,64,23.7,25.5,25.2,1.45,1.52,0.49,19.0,,,22.0,22.7,21.7,-23.91,1.15,1.12,0,1,0,0,1,0,0,"[0, 0, 224]",,,,,,,,,,1,,
2026-07-13 05:26:53.374362,,64,23.7,25.5,25.2,1.02,1.66,0.36,19.0,,,22.0,22.7,21.7,-23.91,1.55,1.02,0,1,0,0,1,0,0,"[0, 0, 224]",,,,,,,,,,1,,
2026-07-13 05:26:53.484905,,64,23.7,25.5,25.2,0.88,0.98,0.09,19.0,,,22.0,22.7,21.7,-23.91,1.35,1.25,0,1,0,0,1,0,0,"[0, 0, 224]",,,,,,,,,,1,,
2026-07-13 05:26:53.595261,,64,23.7,25.5,25.2,1.22,1.62,1.3,19.0,,,22.0,22.7,21.7,-23.91,1.32,0.95,0,1,0,0,1,0,0,"[0, 0, 224]",,,,,,,,,,1,,
2026-07-13 05:26:53.705714,,64,23.7,25.5,25.2,1.35,1.35,2.37,19.0,,,22.0,22.7,21.7,-23.91,0.95,1.25,0,1,0,0,1,0,0,"[0, 0, 224]",,,,,,,,,,1,,
2026-07-13 05:26:53.816162,,64,23.7,25.5,25.2,1.05,1.52,1.43,19.0,,,22.0,22.7,21.7,-23.91,1.08,1.12,0,1,0,0,1,0,0,"[0, 0, 224]",,,,,,,,,,1,,
2026-07-13 05:26:53.927155,,64,23.7,25.5,25.2,1.59,1.62,2.78,19.0,,,22.0,22.7,21.7,-23.91,1.55,1.25,0,1,0,0,1,0,0,"[0, 0, 224]",,,,,,,,,,1,,
2026-07-13 05:26:54.041661,,64,23.7,25.5,25.2,0.98,1.19,3.18,19.0,,,22.0,22.7,21.7,-23.91,1.52,1.28,0,1,0,0,1,0,0,"[0, 0, 224]",,,,,,,,,,1,,
2026-07-13 05:26:54.165454,,64,23.7,25.5,25.2,0.85,1.69,2.64,19.0,,,22.0,22.7,21.7,-23.91,0.95,1.22,0,1,0,0,1,0,0,"[0, 0, 224]",,,,,,,,,,1,,
2026-07-13 05:26:54.278172,,64,23.7,25.5,25.2,1.32,1.12,2.91,19.0,,,22.0,22.7,21.7,-23.91,1.15,1.18,0,1,0,0,1,0,0,"[0, 0, 224]",,,,,,,,,,1,,
2026-07-13 05:26:54.389362,,64,23.7,25.5,25.2,1.25,1.66,0.23,19.0,,,22.0,22.7,21.7,-23.91,1.52,0.88,0,1,0,0,1,0,0,"[0, 0, 224]",,,,,,,,,,1,,
2026-07-13 05:26:54.499136,,64,23.7,25.5,25.2,1.49,1.55,1.3,19.0,,,22.0,22.7,21.7,-23.91,1.12,1.15,0,1,0,0,1,0,0,"[0, 0, 224]",,,,,,,,,,1,,
2026-07-13 05:26:54.609954,,64,23.7,25.5,25.2,1.32,1.22,2.24,19.0,,,22.0,22.7,21.7,-23.91,1.32,0.88,0,1,0,0,1,0,0,"[0, 0, 224]",,,,,,,,,,1,,
2026-07-13 05:26:54.720737,,64,23.7,25.5,25.2,1.08,1.39,2.91,19.0,,,22.0,22.7,21.7,-23.91,0.98,0.68,0,1,0,0,1,0,0,"[0, 0, 224]",,,,,,,,,,1,,
2026-07-13 05:26:54.830667,,64,23.7,25.5,25.2,1.05,1.19,0.49,19.0,,,22.0,22.7,21.7,-23.91,0.95,1.28,0,1,0,0,1,0,0,"[0, 0, 224]",,,,,,,,,,1,,
2026-07-13 05:26:54.940754,,64,23.7,25.5,25.2,1.02,1.12,1.03,19.0,,,22.0,22.7,21.7,-23.91,0.95,0.85,0,1,0,0,1,0,0,"[0, 0, 224]",,,,,,,,,,1,,
2026-07-13 05:26:55.051306,,64,23.7,25.5,25.2,1.39,1.72,1.03,19.0,,,22.0,22.7,21.7,-23.91,1.52,0.81,0,1,0,0,1,0,0,"[0, 0, 224]",,,,,,,,,,1,,
2026-07-13 05:26:55.173692,,64,23.7,25.5,25.2,1.42,1.55,-0.7,19.0,,,22.0,22.7,21.7,-23.91,1.29,0.92,0,1,0,0,1,0,0,"[0, 0, 224]",,,,,,,,,,1,,
2026-07-13 05:26:55.284127,,64,23.7,25.5,25.2,1.19,1.52,0.63,19.0,,,22.0,22.7,21.7,-23.91,1.52,1.22,0,1,0,0,1,0,0,"[0, 0, 224]",,,,,,,,,,1,,
2026-07-13 05:26:55.394999,,64,23.7,25.5,25.2,1.05,1.05,1.03,19.0,,,22.0,22.7,21.7,-23.91,1.52,0.78,0,1,0,0,1,0,0,"[0, 0, 224]",,,,,,,,,,1,,
2026-07-13 05:26:55.505239,,64,23.7,25.5,25.2,0.92,1.62,0.23,19.0,,,22.0,22.7,21.7,-23.91,1.55,1.25,0,1,0,0,1,0,0,"[0, 0, 224]",,,,,,,,,,1,,
2026-07-13 05:26:55.615740,,64,23.7,25.5,25.2,1.29,1.69,1.57,19.0,,,22.0,22.7,21.7,-23.91,1.32,1.08,0,1,0,0,1,0,0,"[0, 0, 224]",,,,,,,,,,1,,
2026-07-13 05:26:55.726153,,64,23.7,25.5,25.2,1.45,1.22,0.23,19.0,,,22.0,22.7,21.7,-23.91,1.52,0.88,0,1,0,0,1,0,0,"[0, 0, 224]",,,,,,,,,,1,,
2026-07-13 05:26:55.842955,,64,23.7,25.5,25.2,1.39,1.59,2.24,19.0,,,22.0,22.7,21.7,-23.91,1.45,0.95,0,1,0,0,1,0,0,"[0, 0, 224]",,,,,,,,,,1,,
2026-07-13 05:26:55.952801,,64,23.7,25.5,25.2,1.49,1.66,-0.57,19.0,,,22.0,22.7,21.7,-23.91,1.52,1.22,0,1,0,0,1,0,0,"[0, 0, 224]",,,,,,,,,,1,,
2026-07-13 05:26:56.063675,,64,23.7,25.5,25.2,1.32,1.08,1.3,19.0,,,22.0,22.7,21.7,-23.91,0.95,1.05,0,1,0,0,1,0,0,"[0, 0, 224]",,,,,,,,,,1,,
2026-07-13 05:26:56.184789,,64,23.7,25.5,25.2,1.22,1.12,-0.57,19.0,,,22.0,22.7,21.7,-23.91,1.62,1.25,0,1,0,0,1,0,0,"[0, 0, 224]",,,,,,,,,,1,,
2026-07-13 05:26:56.295617,,64,23.7,25.5,25.2,1.15,1.52,2.37,19.0,,,22.0,22.7,21.7,-23.91,1.52,0.71,0,1,0,0,1,0,0,"[0, 0, 224]",,,,,,,,,,1,,
2026-07-13 05:26:56.406583,,64,23.7,25.5,25.2,0.95,1.22,2.78,19.0,,,22.0,22.7,21.7,-23.91,0.92,1.15,0,1,0,0,1,0,0,"[0, 0, 224]",,,,,,,,,,1,,
2026-07-13 05:26:56.519192,,64,23.7,25.5,25.2,0.88,1.08,1.17,19.0,,,22.0,22.7,21.7,-23.91,1.45,1.25,0,1,0,0,1,0,0,"[0, 0, 224]",,,,,,,,,,1,,
2026-07-13 05:26:56.626796,,64,23.7,25.5,25.2,1.02,1.32,0.49,19.0,,,22.0,22.7,21.7,-23.91,1.49,0.95,0,1,0,0,1,0,0,"[0, 0, 224]",,,,,,,,,,1,,
2026-07-13 05:26:56.731336,,64,23.7,25.5,25.2,0.88,1.49,0.49,19.0,,,22.0,22.7,21.7,-23.91,1.08,1.12,0,1,0,0,1,0,0,"[0, 0, 224]",,,,,,,,,,1,,
2026-07-13 05:26:56.835454,,64,23.7,25.5,25.2,1.35,1.39,0.9,19.0,,,22.0,22.7,21.7,-23.91,1.45,1.12,0,1,0,0,1,0,0,"[0, 0, 224]",,,,,,,,,,1,,
2026-07-13 05:26:56.939452,,64,23.7,25.5,25.2,1.22,1.49,0.9,19.0,,,22.0,22.7,21.7,-23.91,1.32,1.12,0,1,0,0,1,0,0,"[0, 0, 224]",,,,,,,,,,1,,
2026-07-13 05:26:57.043216,,64,23.7,25.5,25.2,0.98,1.15,1.43,19.0,,,22.0,22.7,21.7,-23.91,0.88,1.15,0,1,0,0,1,0,0,"[0, 0, 224]",,,,,,,,,,1,,
2026-07-13 05:26:57.150722,,64,23.7,25.5,25.2,1.08,1.12,0.23,19.0,,,22.0,22.7,21.7,-23.91,0.88,0.65,0,1,0,0,1,0,0,"[0, 0, 224]",,,,,,,,,,1,,
2026-07-13 05:26:57.264613,,64,23.7,25.5,25.2,0.92,1.59,1.97,19.0,,,22.0,22.7,21.7,-23.91,0.95,0.71,0,1,0,0,1,0,0,"[0, 0, 224]",,,,,,,,,,1,,
2026-07-13 05:26:57.368419,,64,23.7,25.5,25.2,1.39,1.52,1.17,19.0,,,22.0,22.7,21.7,-23.91,1.35,1.22,0,1,0,0,1,0,0,"[0, 0, 224]",,,,,,,,,,1,,
2026-07-13 05:26:57.471989,,64,23.7,25.5,25.2,1.12,1.08,1.7,19.0,,,22.0,22.7,21.7,-23.91,1.25,0.92,0,1,0,0,1,0,0,"[0, 0, 224]",,,,,,,,,,1,,
2026-07-13 05:26:57.575288,,64,23.7,25.5,25.2,0.92,1.62,1.17,19.0,,,22.0,22.7,21.7,-23.91,1.42,1.28,0,1,0,0,1,0,0,"[0, 0, 224]",,,,,,,,,,1,,
2026-07-13 05:26:57.679051,,64,23.7,25.5,25.2,1.35,1.35,0.9,19.0,,,22.0,22.7,21.7,-23.91,0.92,0.68,0,1,0,0,1,0,0,"[0, 0, 224]",,,,,,,,,,1,,
2026-07-13 05:26:57.782637,,64,23.7,25.5,25.2,1.29,1.39,2.64,19.0,,,22.0,22.7,21.7,-23.91,1.05,1.05,0,1,0,0,1,0,0,"[0, 0, 224]",,,,,,,,,,1,,
2026-07-13 05:26:57.885903,,64,23.7,25.5,25.2,0.95,1.45,1.57,19.0,,,22.0,22.7,21.7,-23.91,0.98,0.61,0,1,0,0,1,0,0,"[0, 0, 224]",,,,,,,,,,1,,
2026-07-13 05:26:57.989440,,64,23.7,25.5,25.2,1.12,1.69,1.43,19.0,,,22.0,22.7,21.7,-23.91,0.92,1.22,0,1,0,0,1,0,0,"[0, 0, 224]",,,,,,,,,,1,,
2026-07-13 05:26:58.093456,,64,23.7,25.5,25.2,1.22,1.66,0.63,19.0,,,22.0,22.7,21.7,-23.91,0.95,0.81,0,1,0,0,1,0,0,"[0, 0, 224]",,,,,,,,,,1,,
2026-07-13 05:26:58.204343,,64,23.7,25.5,25.2,1.39,1.72,-0.17,19.0,,,22.0,22.7,21.7,-23.91,1.52,0.92,0,1,0,0,1,0,0,"[0, 0, 224]",,,,,,,,,,1,,
2026-07-13 05:26:58.310573,,64,23.7,25.5,25.2,1.22,1.52,0.63,19.0,,,22.0,22.7,21.7,-23.91,1.15,1.12,0,1,0,0,1,0,0,"[0, 0, 224]",,,,,,,,,,1,,
2026-07-13 05:26:58.413923,,64,23.7,25.5,25.2,0.95,1.66,1.17,19.0,,,22.0,22.7,21.7,-23.91,1.55,0.81,0,1,0,0,1,0,0,"[0, 0, 224]",,,,,,,,,,1,,
2026-07-13 05:26:58.517271,,64,23.7,25.5,25.2,1.39,1.35,-0.44,19.0,,,22.0,22.7,21.7,-23.91,1.08,0.68,0,1,0,0,1,0,0,"[0, 0, 224]",,,,,,,,,,1,,
2026-07-13 05:26:58.620663,,64,23.7,25.5,25.2,1.29,1.69,1.3,19.0,,,22.0,22.7,21.7,-23.91,1.02,0.75,0,1,0,0,1,0,0,"[0, 0, 224]",,,,,,,,,,1,,
2026-07-13 05:26:58.724318,,64,23.7,25.5,25.2,0.82,1.45,2.37,19.0,,,22.0,22.7,21.7,-23.91,1.12,1.12,0,1,0,0,1,0,0,"[0, 0, 224]",,,,,,,,,,1,,
2026-07-13 05:26:58.828052,,64,23.7,25.5,25.2,1.45,1.49,1.7,19.0,,,22.0,22.7,21.7,-23.91,1.39,0.95,0,1,0,0,1,0,0,"[0, 0, 224]",,,,,,,,,,1,,
2026-07-13 05:26:58.931704,,64,23.7,25.5,25.2,1.49,1.52,2.51,19.0,,,22.0,22.7,21.7,-23.91,0.85,0.65,0,1,0,0,1,0,0,"[0, 0, 224]",,,,,,,,,,1,,
2026-07-13 05:26:59.035087,,64,23.7,25.5,25.2,0.88,1.55,1.84,19.0,,,22.0,22.7,21.7,-23.91,0.92,0.81,0,1,0,0,1,0,0,"[0, 0, 224]",,,,,,,,,,1,,
2026-07-13 05:26:59.149201,,64,23.7,25.5,25.2,1.08,1.72,3.18,19.0,,,22.0,22.7,21.7,-23.91,1.12,1.28,0,1,0,0,1,0,0,"[0, 0, 224]",,,,,,,,,,1,,
2026-07-13 05:26:59.253530,,64,23.7,25.5,25.2,1.32,1.52,-0.57,19.0,,,22.0,22.7,21.7,-23.91,1.35,1.22,0,1,0,0,1,0,0,"[0, 0, 224]",,,,,,,,,,1,,
2026-07-13 05:26:59.360884,,64,23.7,25.5,25.2,1.49,1.39,1.84,19.0,,,22.0,22.7,21.7,-23.91,1.52,1.32,0,1,0,0,1,0,0,"[0, 0, 224]",,,,,,,,,,1,,
2026-07-13 05:26:59.464213,,64,23.7,25.5,25.2,1.12,1.72,0.63,19.0,,,22.0,22.7,21.7,-23.91,1.52,0.98,0,1,0,0,1,0,0,"[0, 0, 224]",,,,,,,,,,1,,
2026-07-13 05:26:59.568071,,64,23.7,25.5,25.2,0.85,1.25,-0.3,19.0,,,22.0,22.7,21.7,-23.91,1.55,0.75,0,1,0,0,1,0,0,"[0, 0, 224]",,,,,,,,,,1,,
2026-07-13 05:26:59.672415,,64,23.7,25.5,25.2,1.19,1.59,1.43,19.0,,,22.0,22.7,21.7,-23.91,1.55,0.98,0,1,0,0,1,0,0,"[0, 0, 224]",,,,,,,,,,1,,
2026-07-13 05:26:59.776257,,64,23.7,25.5,25.2,1.22,1.08,1.57,19.0,,,22.0,22.7,21.7,-23.91,1.45,0.88,0,1,0,0,1,0,0,"[0, 0, 224]",,,,,,,,,,1,,
2026-07-13 05:26:59.879607,,64,23.7,25.5,25.2,1.29,1.55,-0.97,19.0,,,22.0,22.7,21.7,-23.91,1.42,1.32,0,1,0,0,1,0,0,"[0, 0, 224]",,,,,,,,,,1,,
2026-07-13 05:26:59.983134,,64,23.7,25.5,25.2,1.25,1.35,-0.97,19.0,,,22.0,22.7,21.7,-23.91,1.02,0.68,0,1,0,0,1,0,0,"[0, 0, 224]",,,,,,,,,,1,,
2026-07-13 05:27:00.087789,,64,23.7,25.5,25.2,1.45,1.05,2.51,19.0,,,22.0,22.7,21.7,-23.91,1.52,1.32,0,1,0,0,1,0,0,"[0, 0, 224]",,,,,,,,,,1,,
2026-07-13 05:27:00.199371,,64,23.7,25.5,25.2,1.15,1.49,2.24,19.0,,,22.0,22.7,21.7,-23.91,0.88,0.95,0,1,0,0,1,0,0,"[0, 0, 224]",,,,,,,,,,1,,
2026-07-13 05:27:00.302931,,64,23.7,25.5,25.2,1.45,1.45,-0.17,19.0,,,22.0,22.7,21.7,-23.91,1.29,1.15,0,1,0,0,1,0,0,"[0, 0, 224]",,,,,,,,,,1,,
2026-07-13 05:27:00.406378,,64,23.7,25.5,25.2,1.32,1.49,1.97,19.0,,,22.0,22.7,21.7,-23.91,1.45,1.08,0,1,0,0,1,0,0,"[0, 0, 224]",,,,,,,,,,1,,
2026-07-13 05:27:00.509510,,64,23.7,25.5,25.2,1.32,1.08,0.36,19.0,,,22.0,22.7,21.7,-23.91,1.42,1.05,0,1,0,0,1,0,0,"[0, 0, 224]",,,,,,,,,,1,,
2026-07-13 05:27:00.612961,,64,23.7,25.5,25.2,1.08,1.45,0.9,19.0,,,22.0,22.7,21.7,-23.91,1.52,1.02,0,1,0,0,1,0,0,"[0, 0, 224]",,,,,,,,,,1,,
2026-07-13 05:27:00.717097,,64,23.7,25.5,25.2,1.29,1.66,3.31,19.0,,,22.0,22.7,21.7,-23.91,0.98,0.65,0,1,0,0,1,0,0,"[0, 0, 224]",,,,,,,,,,1,,
2026-07-13 05:27:00.820841,,64,23.7,25.5,25.2,1.19,1.52,-0.7,19.0,,,22.0,22.7,21.7,-23.91,0.85,1.28,0,1,0,0,1,0,0,"[0, 0, 224]",,,,,,,,,,1,,
2026-07-13 05:27:00.924901,,64,23.7,25.5,25.2,1.35,1.66,-0.3,19.0,,,22.0,22.7,21.7,-23.91,0.92,1.28,0,1,0,0,1,0,0,"[0, 0, 224]",,,,,,,,,,1,,
2026-07-13 05:27:01.028390,,64,23.7,25.5,25.2,1.19,1.12,1.57,19.0,,,22.0,22.7,21.7,-23.91,0.95,1.32,0,1,0,0,1,0,0,"[0, 0, 224]",,,,,,,,,,1,,
2026-07-13 05:27:01.143757,,64,23.7,25.5,25.2,1.49,1.05,0.76,19.0,,,22.0,22.7,21.7,-23.91,1.55,0.71,0,1,0,0,1,0,0,"[0, 0, 224]",,,,,,,,,,1,,
2026-07-13 05:27:01.254371,,64,23.7,25.5,25.2,1.32,1.29,0.23,19.0,,,22.0,22.7,21.7,-23.91,1.25,1.25,0,1,0,0,1,0,0,"[0, 0, 224]",,,,,,,,,,1,,
2026-07-13 05:27:01.360486,,64,23.7,25.5,25.2,1.29,1.62,2.51,19.0,,,22.0,22.7,21.7,-23.91,0.92,1.25,0,1,0,0,1,0,0,"[0, 0, 224]",,,,,,,,,,1,,
2026-07-13 05:27:01.464491,,64,23.7,25.5,25.2,1.49,1.15,0.63,19.0,,,22.0,22.7,21.7,-23.91,1.52,1.02,0,1,0,0,1,0,0,"[0, 0, 224]",,,,,,,,,,1,,
2026-07-13 05:27:01.568619,,64,23.7,25.5,25.2,1.32,1.59,0.76,19.0,,,22.0,22.7,21.7,-23.91,0.85,0.95,0,1,0,0,1,0,0,"[0, 0, 224]",,,,,,,,,,1,,
2026-07-13 05:27:01.672313,,64,23.7,25.5,25.2,1.25,1.12,1.7,19.0,,,22.0,22.7,21.7,-23.91,1.45,0.95,0,1,0,0,1,0,0,"[0, 0, 224]",,,,,,,,,,1,,
2026-07-13 05:27:01.775666,,64,23.7,25.5,25.2,1.52,1.25,0.63,19.0,,,22.0,22.7,21.7,-23.91,1.22,0.78,0,1,0,0,1,0,0,"[0, 0, 224]",,,,,,,,,,1,,
2026-07-13 05:27:01.879123,,64,23.7,25.5,25.2,1.42,1.15,1.17,19.0,,,22.0,22.7,21.7,-23.91,1.52,1.18,0,1,0,0,1,0,0,"[0, 0, 224]",,,,,,,,,,1,,
2026-07-13 05:27:01.982260,,64,23.7,25.5,25.2,1.22,1.19,1.3,19.0,,,22.0,22.7,21.7,-23.91,1.39,1.32,0,1,0,0,1,0,0,"[0, 0, 224]",,,,,,,,,,1,,
2026-07-13 05:27:02.085544,,64,23.7,25.5,25.2,1.25,1.35,0.23,19.0,,,22.0,22.7,21.7,-23.91,1.45,1.02,0,1,0,0,1,0,0,"[0, 0, 224]",,,,,,,,,,1,,
2026-07-13 05:27:02.199772,,64,23.7,25.5,25.2,1.32,1.49,2.11,19.0,,,22.0,22.7,21.7,-23.91,0.85,1.28,0,1,0,0,1,0,0,"[0, 0, 224]",,,,,,,,,,1,,
2026-07-13 05:27:02.302969,,64,23.7,25.5,25.2,0.92,1.05,1.3,19.0,,,22.0,22.7,21.7,-23.91,0.98,0.78,0,1,0,0,1,0,0,"[0, 0, 224]",,,,,,,,,,1,,
2026-07-13 05:27:02.406919,,64,23.7,25.5,25.2,1.35,1.39,2.37,19.0,,,22.0,22.7,21.7,-23.91,1.45,1.28,0,1,0,0,1,0,0,"[0, 0, 224]",,,,,,,,,,1,,
2026-07-13 05:27:02.510250,,64,23.7,25.5,25.2,1.08,1.22,0.76,19.0,,,22.0,22.7,21.7,-23.91,1.02,0.88,0,1,0,0,1,0,0,"[0, 0, 224]",,,,,,,,,,1,,
2026-07-13 05:27:02.614069,,64,23.7,25.5,25.2,1.12,1.59,-0.97,19.0,,,22.0,22.7,21.7,-23.91,1.45,1.02,0,1,0,0,1,0,0,"[0, 0, 224]",,,,,,,,,,1,,
2026-07-13 05:27:02.718664,,64,23.7,25.5,25.2,1.52,1.12,2.91,19.0,,,22.0,22.7,21.7,-23.91,1.08,0.65,0,1,0,0,1,0,0,"[0, 0, 224]",,,,,,,,,,1,,
2026-07-13 05:27:02.821919,,64,23.7,25.5,25.2,1.08,1.25,0.36,19.0,,,22.0,22.7,21.7,-23.91,1.39,0.85,0,1,0,0,1,0,0,"[0, 0, 224]",,,,,,,,,,1,,
2026-07-13 05:27:02.925426,,64,23.7,25.5,25.2,1.32,1.59,1.57,19.0,,,22.0,22.7,21.7,-23.91,1.32,0.85,0,1,0,0,1,0,0,"[0, 0, 224]",,,,,,,,,,1,,
2026-07-13 05:27:03.028862,,64,23.7,25.5,25.2,1.12,1.15,1.7,19.0,,,22.0,22.7,21.7,-23.91,1.08,0.65,0,1,0,0,1,0,0,"[0, 0, 224]",,,,,,,,,,1,,
2026-07-13 05:27:03.133099,,64,23.7,25.5,25.2,1.39,1.02,0.49,19.0,,,22.0,22.7,21.7,-23.91,1.59,1.25,0,1,0,0,1,0,0,"[0, 0, 224]",,,,,,,,,,1,,
2026-07-13 05:27:03.243737,,64,23.7,25.5,25.2,1.25,1.29,1.84,19.0,,,22.0,22.7,21.7,-23.91,1.25,1.28,0,1,0,0,1,0,0,"[0, 0, 224]",,,,,,,,,,1,,
2026-07-13 05:27:03.347453,,64,23.7,25.5,25.2,1.15,1.08,2.91,19.0,,,22.0,22.7,21.7,-23.91,1.39,1.28,0,1,0,0,1,0,0,"[0, 0, 224]",,,,,,,,,,1,,
2026-07-13 05:27:03.453929,,64,23.7,25.5,25.2,1.19,1.32,0.76,19.0,,,22.0,22.7,21.7,-23.91,0.92,1.25,0,1,0,0,1,0,0,"[0, 0, 224]",,,,,,,,,,1,,
2026-07-13 05:27:03.557116,,64,23.7,25.5,25.2,1.15,1.19,0.9,19.0,,,22.0,22.7,21.7,-23.91,1.49,0.78,0,1,0,0,1,0,0,"[0, 0, 224]",,,,,,,,,,1,,
2026-07-13 05:27:03.661387,,64,23.7,25.5,25.2,0.95,1.42,1.17,19.0,,,22.0,22.7,21.7,-23.91,1.55,1.18,0,1,0,0,1,0,0,"[0, 0, 224]",,,,,,,,,,1,,
2026-07-13 05:27:03.765089,,64,23.7,25.5,25.2,1.19,1.66,0.36,19.0,,,22.0,22.7,21.7,-23.91,1.42,0.81,0,1,0,0,1,0,0,"[0, 0, 224]",,,,,,,,,,1,,
2026-07-13 05:27:03.868317,,64,23.7,25.5,25.2,0.92,1.19,3.05,19.0,,,22.0,22.7,21.7,-23.91,1.32,0.81,0,1,0,0,1,0,0,"[0, 0, 224]",,,,,,,,,,1,,
2026-07-13 05:27:03.971921,,64,23.7,25.5,25.2,1.25,1.35,0.76,19.0,,,22.0,22.7,21.7,-23.91,1.52,0.65,0,1,0,0,1,0,0,"[0, 0, 224]",,,,,,,,,,1,,
2026-07-13 05:27:04.076038,,64,23.7,25.5,25.2,1.12,1.55,0.76,19.0,,,22.0,22.7,21.7,-23.91,1.08,1.32,0,1,0,0,1,0,0,"[0, 0, 224]",,,,,,,,,,1,,
2026-07-13 05:27:04.187232,,64,23.7,25.5,25.2,1.29,1.55,4.25,19.0,,,22.0,22.7,21.7,-23.91,0.98,1.25,0,1,0,0,1,0,0,"[0, 0, 224]",,,,,,,,,,1,,
2026-07-13 05:27:04.291080,,64,23.7,25.5,25.2,0.92,1.42,0.63,19.0,,,22.0,22.7,21.7,-23.91,0.85,0.65,0,1,0,0,1,0,0,"[0, 0, 224]",,,,,,,,,,1,,
2026-07-13 05:27:04.395105,,64,23.7,25.5,25.2,0.95,1.45,1.43,19.0,,,22.0,22.7,21.7,-23.91,0.95,0.88,0,1,0,0,1,0,0,"[0, 0, 224]",,,,,,,,,,1,,
2026-07-13 05:27:04.499165,,64,23.7,25.5,25.2,1.32,1.59,2.24,19.0,,,22.0,22.7,21.7,-23.91,1.08,0.78,0,1,0,0,1,0,0,"[0, 0, 224]",,,,,,,,,,1,,
2026-07-13 05:27:04.603281,,64,23.7,25.5,25.2,0.95,1.42,-0.3,19.0,,,22.0,22.7,21.7,-23.91,0.82,0.68,0,1,0,0,1,0,0,"[0, 0, 224]",,,,,,,,,,1,,
2026-07-13 05:27:04.707729,,64,23.7,25.5,25.2,1.12,1.76,3.45,19.0,,,22.0,22.7,21.7,-23.91,1.59,1.18,0,1,0,0,1,0,0,"[0, 0, 224]",,,,,,,,,,1,,
2026-07-13 05:27:04.811959,,64,23.7,25.5,25.2,1.52,1.66,1.43,19.0,,,22.0,22.7,21.7,-23.91,1.12,0.98,0,1,0,0,1,0,0,"[0, 0, 224]",,,,,,,,,,1,,
2026-07-13 05:27:04.915162,,64,23.7,25.5,25.2,1.25,1.59,1.7,19.0,,,22.0,22.7,21.7,-23.91,1.62,1.22,0,1,0,0,1,0,0,"[0, 0, 224]",,,,,,,,,,1,,
2026-07-13 05:27:05.018983,,64,23.7,25.5,25.2,1.25,1.59,-0.7,19.0,,,22.0,22.7,21.7,-23.91,1.25,0.92,0,1,0,0,1,0,0,"[0, 0, 224]",,,,,,,,,,1,,
2026-07-13 05:27:05.123183,,64,23.7,25.5,25.2,1.25,1.66,0.36,19.0,,,22.0,22.7,21.7,-23.91,1.49,1.12,0,1,0,0,1,0,0,"[0, 0, 224]",,,,,,,,,,1,,
2026-07-13 05:27:05.226672,,64,23.7,25.5,25.2,0.88,1.15,1.57,19.0,,,22.0,22.7,21.7,-23.91,0.88,1.02,0,1,0,0,1,0,0,"[0, 0, 224]",,,,,,,,,,1,,
2026-07-13 05:27:05.330554,,64,23.7,25.5,25.2,1.35,1.19,1.17,19.0,,,22.0,22.7,21.7,-23.91,1.62,0.98,0,1,0,0,1,0,0,"[0, 0, 224]",,,,,,,,,,1,,
2026-07-13 05:27:05.434296,,64,23.7,25.5,25.2,1.12,1.22,2.91,19.0,,,22.0,22.7,21.7,-23.91,0.82,1.22,0,1,0,0,1,0,0,"[0, 0, 224]",,,,,,,,,,1,,
2026-07-13 05:27:05.541062,,64,23.7,25.5,25.2,1.42,1.52,0.49,19.0,,,22.0,22.7,21.7,-23.91,1.05,0.68,0,1,0,0,1,0,0,"[0, 0, 224]",,,,,,,,,,1,,
2026-07-13 05:27:05.644622,,64,23.7,25.5,25.2,1.19,1.59,3.05,19.0,,,22.0,22.7,21.7,-23.91,1.52,0.68,0,1,0,0,1,0,0,"[0, 0, 224]",,,,,,,,,,1,,
2026-07-13 05:27:05.749360,,64,23.7,25.5,25.2,1.49,1.52,0.36,19.0,,,22.0,22.7,21.7,-23.91,0.95,1.22,0,1,0,0,1,0,0,"[0, 0, 224]",,,,,,,,,,1,,
2026-07-13 05:27:05.852634,,64,23.7,25.5,25.2,1.52,1.76,2.11,19.0,,,22.0,22.7,21.7,-23.91,1.45,1.32,0,1,0,0,1,0,0,"[0, 0, 224]",,,,,,,,,,1,,
2026-07-13 05:27:05.956191,,64,23.7,25.5,25.2,0.88,1.19,1.43,19.0,,,22.0,22.7,21.7,-23.91,0.92,1.15,0,1,0,0,1,0,0,"[0, 0, 224]",,,,,,,,,,1,,
2026-07-13 05:27:06.059401,,64,23.7,25.5,25.2,1.19,1.19,1.84,19.0,,,22.0,22.7,21.7,-23.91,1.49,1.32,0,1,0,0,1,0,0,"[0, 0, 224]",,,,,,,,,,1,,
2026-07-13 05:27:06.168224,,64,23.7,25.5,25.2,1.15,1.25,0.63,19.0,,,22.0,22.7,21.7,-23.91,1.22,0.78,0,1,0,0,1,0,0,"[0, 0, 224]",,,,,,,,,,1,,
2026-07-13 05:27:06.273539,,64,23.7,25.5,25.2,1.55,1.35,2.64,19.0,,,22.0,22.7,21.7,-23.91,1.19,0.55,0,1,0,0,1,0,0,"[0, 0, 224]",,,,,,,,,,1,,
2026-07-13 05:27:06.382600,,64,23.7,25.5,25.2,1.35,1.25,2.91,19.0,,,22.0,22.7,21.7,-23.91,0.78,1.22,0,1,0,0,1,0,0,"[0, 0, 224]",,,,,,,,,,1,,
2026-07-13 05:27:06.485811,,64,23.7,25.5,25.2,1.32,1.62,2.91,19.0,,,22.0,22.7,21.7,-23.91,1.15,0.55,0,1,0,0,1,0,0,"[0, 0, 224]",,,,,,,,,,1,,
2026-07-13 05:27:06.589556,,64,23.7,25.5,25.2,0.98,1.42,1.03,19.0,,,22.0,22.7,21.7,-23.91,1.52,0.92,0,1,0,0,1,0,0,"[0, 0, 224]",,,,,,,,,,1,,
2026-07-13 05:27:06.693582,,64,23.7,25.5,25.2,1.25,1.62,-1.11,19.0,,,22.0,22.7,21.7,-23.91,1.55,1.28,0,1,0,0,1,0,0,"[0, 0, 224]",,,,,,,,,,1,,
2026-07-13 05:27:06.796915,,64,23.7,25.5,25.2,0.98,1.19,1.84,19.0,,,22.0,22.7,21.7,-23.91,1.32,0.71,0,1,0,0,1,0,0,"[0, 0, 224]",,,,,,,,,,1,,
2026-07-13 05:27:06.900987,,64,23.7,25.5,25.2,1.39,1.55,1.84,19.0,,,22.0,22.7,21.7,-23.91,1.55,1.18,0,1,0,0,1,0,0,"[0, 0, 224]",,,,,,,,,,1,,
2026-07-13 05:27:07.004631,,64,23.7,25.5,25.2,1.52,1.42,1.17,19.0,,,22.0,22.7,21.7,-23.91,0.88,0.88,0,1,0,0,1,0,0,"[0, 0, 224]",,,,,,,,,,1,,
2026-07-13 05:27:07.107954,,64,23.7,25.5,25.2,0.92,1.29,-0.7,19.0,,,22.0,22.7,21.7,-23.91,1.35,0.65,0,1,0,0,1,0,0,"[0, 0, 224]",,,,,,,,,,1,,
2026-07-13 05:27:07.220077,,64,23.7,25.5,25.2,1.32,1.19,1.43,19.0,,,22.0,22.7,21.7,-23.91,1.08,0.95,0,1,0,0,1,0,0,"[0, 0, 224]",,,,,,,,,,1,,
2026-07-13 05:27:07.323767,,64,23.7,25.5,25.2,1.35,1.15,3.31,19.0,,,22.0,22.7,21.7,-23.91,1.55,1.18,0,1,0,0,1,0,0,"[0, 0, 224]",,,,,,,,,,1,,
2026-07-13 05:27:07.429280,,64,23.7,25.5,25.2,1.35,1.15,2.78,19.0,,,22.0,22.7,21.7,-23.91,1.08,0.78,0,1,0,0,1,0,0,"[0, 0, 224]",,,,,,,,,,1,,
2026-07-13 05:27:07.532677,,64,23.7,25.5,25.2,1.49,1.55,1.3,19.0,,,22.0,22.7,21.7,-23.91,1.55,0.85,0,1,0,0,1,0,0,"[0, 0, 224]",,,,,,,,,,1,,
2026-07-13 05:27:07.636179,,64,23.7,25.5,25.2,1.25,1.49,0.9,19.0,,,22.0,22.7,21.7,-23.91,1.29,1.18,0,1,0,0,1,0,0,"[0, 0, 224]",,,,,,,,,,1,,
2026-07-13 05:27:07.740266,,64,23.7,25.5,25.2,1.15,1.32,0.63,19.0,,,22.0,22.7,21.7,-23.91,1.08,1.22,0,1,0,0,1,0,0,"[0, 0, 224]",,,,,,,,,,1,,
2026-07-13 05:27:07.843865,,64,23.7,25.5,25.2,0.95,1.62,2.11,19.0,,,22.0,22.7,21.7,-23.91,1.45,0.68,0,1,0,0,1,0,0,"[0, 0, 224]",,,,,,,,,,1,,
2026-07-13 05:27:07.947580,,64,23.7,25.5,25.2,0.92,1.35,1.3,19.0,,,22.0,22.7,21.7,-23.91,1.45,1.22,0,1,0,0,1,0,0,"[0, 0, 224]",,,,,,,,,,1,,
2026-07-13 05:27:08.051006,,64,23.7,25.5,25.2,0.92,1.15,1.43,19.0,,,22.0,22.7,21.7,-23.91,1.29,0.98,0,1,0,0,1,0,0,"[0, 0, 224]",,,,,,,,,,1,,
2026-07-13 05:27:08.167702,,64,23.7,25.5,25.2,1.12,1.59,1.17,19.0,,,22.0,22.7,21.7,-23.91,1.08,0.98,0,1,0,0,1,0,0,"[0, 0, 224]",,,,,,,,,,1,,
2026-07-13 05:27:08.276658,,64,23.7,25.5,25.2,1.45,1.62,-0.57,19.0,,,22.0,22.7,21.7,-23.91,1.29,0.75,0,1,0,0,1,0,0,"[0, 0, 224]",,,,,,,,,,1,,
2026-07-13 05:27:08.380799,,64,23.7,25.5,25.2,0.95,1.55,0.36,19.0,,,22.0,22.7,21.7,-23.91,1.52,0.98,0,1,0,0,1,0,0,"[0, 0, 224]",,,,,,,,,,1,,
2026-07-13 05:27:08.484847,,64,23.7,25.5,25.2,1.42,1.42,1.3,19.0,,,22.0,22.7,21.7,-23.91,1.22,0.78,0,1,0,0,1,0,0,"[0, 0, 224]",,,,,,,,,,1,,
2026-07-13 05:27:08.588672,,64,23.7,25.5,25.2,1.35,1.59,1.03,19.0,,,22.0,22.7,21.7,-23.91,0.95,1.28,0,1,0,0,1,0,0,"[0, 0, 224]",,,,,,,,,,1,,
2026-07-13 05:27:08.692078,,64,23.7,25.5,25.2,0.88,1.35,1.03,19.0,,,22.0,22.7,21.7,-23.91,1.35,0.68,0,1,0,0,1,0,0,"[0, 0, 224]",,,,,,,,,,1,,
2026-07-13 05:27:08.797096,,64,23.7,25.5,25.2,1.42,1.45,-0.17,19.0,,,22.0,22.7,21.7,-23.91,0.85,1.12,0,1,0,0,1,0,0,"[0, 0, 224]",,,,,,,,,,1,,
2026-07-13 05:27:08.901135,,64,23.7,25.5,25.2,1.35,1.08,2.11,19.0,,,22.0,22.7,21.7,-23.91,0.88,1.12,0,1,0,0,1,0,0,"[0, 0, 224]",,,,,,,,,,1,,
2026-07-13 05:27:09.004904,,64,23.7,25.5,25.2,1.49,1.39,-1.11,19.0,,,22.0,22.7,21.7,-23.91,0.98,0.92,0,1,0,0,1,0,0,"[0, 0, 224]",,,,,,,,,,1,,
2026-07-13 05:27:09.108244,,64,23.7,25.5,25.2,1.29,1.12,-0.7,19.0,,,22.0,22.7,21.7,-23.91,1.55,0.98,0,1,0,0,1,0,0,"[0, 0, 224]",,,,,,,,,,1,,
2026-07-13 05:27:09.221823,,64,23.7,25.5,25.2,1.35,1.45,3.05,19.0,,,22.0,22.7,21.7,-23.91,0.75,1.18,0,1,0,0,1,0,0,"[0, 0, 224]",,,,,,,,,,1,,
2026-07-13 05:27:09.325345,,64,23.7,25.5,25.2,0.88,1.19,2.11,19.0,,,22.0,22.7,21.7,-23.91,1.22,0.85,0,1,0,0,1,0,0,"[0, 0, 224]",,,,,,,,,,1,,
2026-07-13 05:27:09.429608,,64,23.7,25.5,25.2,1.08,1.02,0.76,19.0,,,22.0,22.7,21.7,-23.91,0.95,0.92,0,1,0,0,1,0,0,"[0, 0, 224]",,,,,,,,,,1,,
2026-07-13 05:27:09.536235,,64,23.7,25.5,25.2,1.15,1.72,1.17,19.0,,,22.0,22.7,21.7,-23.91,1.42,1.32,0,1,0,0,1,0,0,"[0, 0, 224]",,,,,,,,,,1,,
2026-07-13 05:27:09.639497,,64,23.7,25.5,25.2,1.25,1.15,1.03,19.0,,,22.0,22.7,21.7,-23.91,1.02,0.68,0,1,0,0,1,0,0,"[0, 0, 224]",,,,,,,,,,1,,
2026-07-13 05:27:09.743656,,64,23.7,25.5,25.2,1.39,1.08,1.03,19.0,,,22.0,22.7,21.7,-23.91,1.55,0.81,0,1,0,0,1,0,0,"[0, 0, 224]",,,,,,,,,,1,,
2026-07-13 05:27:09.847248,,64,23.7,25.5,25.2,1.49,1.25,0.9,19.0,,,22.0,22.7,21.7,-23.91,1.29,0.81,0,1,0,0,1,0,0,"[0, 0, 224]",,,,,,,,,,1,,
2026-07-13 05:27:09.950538,,64,23.7,25.5,25.2,1.39,1.32,2.11,19.0,,,22.0,22.7,21.7,-23.91,1.02,0.65,0,1,0,0,1,0,0,"[0, 0, 224]",,,,,,,,,,1,,
2026-07-13 05:27:10.053944,,64,23.7,25.5,25.2,1.45,1.29,1.97,19.0,,,22.0,22.7,21.7,-23.91,1.25,0.75,0,1,0,0,1,0,0,"[0, 0, 224]",,,,,,,,,,1,,
2026-07-13 05:27:10.158750,,64,23.7,25.5,25.2,0.88,1.76,0.9,19.0,,,22.0,22.7,21.7,-23.91,1.25,1.22,0,1,0,0,1,0,0,"[0, 0, 224]",,,,,,,,,,1,,
2026-07-13 05:27:10.263450,,64,23.7,25.5,25.2,1.25,1.52,1.84,19.0,,,22.0,22.7,21.7,-23.91,0.95,1.12,0,1,0,0,1,0,0,"[0, 0, 224]",,,,,,,,,,1,,
2026-07-13 05:27:10.366711,,64,23.7,25.5,25.2,1.08,1.32,0.23,19.0,,,22.0,22.7,21.7,-23.91,1.62,1.22,0,1,0,0,1,0,0,"[0, 0, 224]",,,,,,,,,,1,,
2026-07-13 05:27:10.477065,,64,23.7,25.5,25.2,1.42,1.19,-1.38,19.0,,,22.0,22.7,21.7,-23.91,1.35,0.71,0,1,0,0,1,0,0,"[0, 0, 224]",,,,,,,,,,1,,
2026-07-13 05:27:10.580449,,64,23.7,25.5,25.2,1.25,1.35,3.05,19.0,,,22.0,22.7,21.7,-23.91,1.52,0.68,0,1,0,0,1,0,0,"[0, 0, 224]",,,,,,,,,,1,,
2026-07-13 05:27:10.684627,,64,23.7,25.5,25.2,1.29,1.15,2.78,19.0,,,22.0,22.7,21.7,-23.91,1.42,0.98,0,1,0,0,1,0,0,"[0, 0, 224]",,,,,,,,,,1,,
2026-07-13 05:27:10.788933,,64,23.7,25.5,25.2,1.08,1.25,2.37,19.0,,,22.0,22.7,21.7,-23.91,0.85,1.05,0,1,0,0,1,0,0,"[0, 0, 224]",,,,,,,,,,1,,
2026-07-13 05:27:10.892841,,64,24.0,25.5,25.2,1.25,1.55,-0.17,19.0,,,22.0,22.7,21.7,-23.91,0.82,1.05,0,1,0,0,1,0,0,"[0, 0, 224]",,,,,,,,,,1,,
2026-07-13 05:27:10.996549,,64,24.0,25.5,25.2,1.35,1.08,3.05,19.0,,,22.0,22.7,21.7,-23.91,0.98,1.32,0,1,0,0,1,0,0,"[0, 0, 224]",,,,,,,,,,1,,
2026-07-13 05:27:11.100055,,64,24.0,25.5,25.2,0.82,1.12,1.57,19.0,,,22.0,22.7,21.7,-23.91,1.22,1.18,0,1,0,0,1,0,0,"[0, 0, 224]",,,,,,,,,,1,,
2026-07-13 05:27:11.215535,,64,24.0,25.5,25.2,1.22,1.15,-0.17,19.0,,,22.0,22.7,21.7,-23.91,1.02,1.25,0,1,0,0,1,0,0,"[0, 0, 224]",,,,,,,,,,1,,
2026-07-13 05:27:11.320035,,64,24.0,25.5,25.2,1.29,1.12,3.05,19.0,,,22.0,22.7,21.7,-23.91,1.52,1.22,0,1,0,0,1,0,0,"[0, 0, 224]",,,,,,,,,,1,,
2026-07-13 05:27:11.423461,,64,24.0,25.5,25.2,0.92,1.52,1.3,19.0,,,22.0,22.7,21.7,-23.91,1.32,0.88,0,1,0,0,1,0,0,"[0, 0, 224]",,,,,,,,,,1,,
2026-07-13 05:27:11.527088,,64,24.0,25.5,25.2,0.92,1.52,-0.17,19.0,,,22.0,22.7,21.7,-23.91,1.22,0.75,0,1,0,0,1,0,0,"[0, 0, 224]",,,,,,,,,,1,,
2026-07-13 05:27:11.633771,,64,24.0,25.5,25.2,1.15,1.55,2.64,19.0,,,22.0,22.7,21.7,-23.91,0.98,1.32,0,1,0,0,1,0,0,"[0, 0, 224]",,,,,,,,,,1,,
2026-07-13 05:27:11.736946,,64,24.0,25.5,25.2,1.12,1.69,2.78,19.0,,,22.0,22.7,21.7,-23.91,1.08,1.18,0,1,0,0,1,0,0,"[0, 0, 224]",,,,,,,,,,1,,
2026-07-13 05:27:11.841654,,64,24.0,25.5,25.2,1.05,1.55,2.64,19.0,,,22.0,22.7,21.7,-23.91,1.29,0.85,0,1,0,0,1,0,0,"[0, 0, 224]",,,,,,,,,,1,,
2026-07-13 05:27:11.944859,,64,24.0,25.5,25.2,1.29,1.55,2.11,19.0,,,22.0,22.7,21.7,-23.91,1.02,1.22,0,1,0,0,1,0,0,"[0, 0, 224]",,,,,,,,,,1,,
2026-07-13 05:27:12.048802,,64,24.0,25.5,25.2,1.35,1.42,2.51,19.0,,,22.0,22.7,21.7,-23.91,1.49,0.78,0,1,0,0,1,0,0,"[0, 0, 224]",,,,,,,,,,1,,
2026-07-13 05:27:12.159948,,64,24.0,25.5,25.2,0.88,1.55,1.7,19.0,,,22.0,22.7,21.7,-23.91,1.15,1.25,0,1,0,0,1,0,0,"[0, 0, 224]",,,,,,,,,,1,,
2026-07-13 05:27:12.264620,,64,24.0,25.5,25.2,0.88,1.52,0.63,19.0,,,22.0,22.7,21.7,-23.91,1.55,0.65,0,1,0,0,1,0,0,"[0, 0, 224]",,,,,,,,,,1,,
2026-07-13 05:27:12.369865,,64,24.0,25.5,25.2,1.35,1.62,2.51,19.0,,,22.0,22.7,21.7,-23.91,0.88,1.18,0,1,0,0,1,0,0,"[0, 0, 224]",,,,,,,,,,1,,
2026-07-13 05:27:12.473047,,64,24.0,25.5,25.2,0.88,1.52,3.05,19.0,,,22.0,22.7,21.7,-23.91,1.52,0.68,0,1,0,0,1,0,0,"[0, 0, 224]",,,,,,,,,,1,,
2026-07-13 05:27:12.576799,,64,24.0,25.5,25.2,1.29,1.02,1.03,19.0,,,22.0,22.7,21.7,-23.91,0.95,0.75,0,1,0,0,1,0,0,"[0, 0, 224]",,,,,,,,,,1,,
2026-07-13 05:27:12.680845,,64,24.0,25.5,25.2,1.22,1.55,1.17,19.0,,,22.0,22.7,21.7,-23.91,1.12,1.32,0,1,0,0,1,0,0,"[0, 0, 224]",,,,,,,,,,1,,
2026-07-13 05:27:12.784698,,64,24.0,25.5,25.2,1.32,1.39,0.36,19.0,,,22.0,22.7,21.7,-23.91,1.08,1.28,0,1,0,0,1,0,0,"[0, 0, 224]",,,,,,,,,,1,,
2026-07-13 05:27:12.888003,,64,24.0,25.5,25.2,1.39,1.45,2.37,19.0,,,22.0,22.7,21.7,-23.91,1.35,1.22,0,1,0,0,1,0,0,"[0, 0, 224]",,,,,,,,,,1,,
2026-07-13 05:27:12.991744,,64,24.0,25.5,25.2,1.32,1.42,1.17,19.0,,,22.0,22.7,21.7,-23.91,0.95,0.58,0,1,0,0,1,0,0,"[0, 0, 224]",,,,,,,,,,1,,
2026-07-13 05:27:13.095116,,64,24.0,25.5,25.2,0.98,1.19,0.36,19.0,,,22.0,22.7,21.7,-23.91,1.52,0.58,0,1,0,0,1,0,0,"[0, 0, 224]",,,,,,,,,,1,,
2026-07-13 05:27:13.209931,,64,24.0,25.5,25.2,1.35,1.15,3.18,19.0,,,22.0,22.7,21.7,-23.91,0.92,0.68,0,1,0,0,1,0,0,"[0, 0, 224]",,,,,,,,,,1,,
2026-07-13 05:27:13.314906,,64,24.0,25.5,25.2,1.29,1.66,-1.38,19.0,,,22.0,22.7,21.7,-23.91,1.35,1.25,0,1,0,0,1,0,0,"[0, 0, 224]",,,,,,,,,,1,,
2026-07-13 05:27:13.419008,,64,24.0,25.5,25.2,1.15,1.22,1.3,19.0,,,22.0,22.7,21.7,-23.91,1.29,1.25,0,1,0,0,1,0,0,"[0, 0, 224]",,,,,,,,,,1,,
2026-07-13 05:27:13.522786,,64,24.0,25.5,25.2,1.45,1.39,-0.3,19.0,,,22.0,22.7,21.7,-23.91,1.22,0.65,0,1,0,0,1,0,0,"[0, 0, 224]",,,,,,,,,,1,,
2026-07-13 05:27:13.626703,,64,24.0,25.5,25.2,1.15,1.55,1.03,19.0,,,22.0,22.7,21.7,-23.91,0.85,0.61,0,1,0,0,1,0,0,"[0, 0, 224]",,,,,,,,,,1,,
2026-07-13 05:27:13.732881,,64,24.0,25.5,25.2,1.19,1.62,2.78,19.0,,,22.0,22.7,21.7,-23.91,1.52,0.68,0,1,0,0,1,0,0,"[0, 0, 224]",,,,,,,,,,1,,
2026-07-13 05:27:13.837757,,64,24.0,25.5,25.2,0.98,1.55,1.03,19.0,,,22.0,22.7,21.7,-23.91,0.92,0.92,0,1,0,0,1,0,0,"[0, 0, 224]",,,,,,,,,,1,,
2026-07-13 05:27:13.941543,,64,24.0,25.5,25.2,1.12,1.52,1.03,19.0,,,22.0,22.7,21.7,-23.91,1.29,1.32,0,1,0,0,1,0,0,"[0, 0, 224]",,,,,,,,,,1,,
2026-07-13 05:27:14.045366,,64,24.0,25.5,25.2,1.29,1.66,2.37,19.0,,,22.0,22.7,21.7,-23.91,0.95,0.75,0,1,0,0,1,0,0,"[0, 0, 224]",,,,,,,,,,1,,
2026-07-13 05:27:14.161882,,64,24.0,25.5,25.2,1.29,1.39,3.18,19.0,,,22.0,22.7,21.7,-23.91,0.88,1.18,0,1,0,0,1,0,0,"[0, 0, 224]",,,,,,,,,,1,,
2026-07-13 05:27:14.270930,,64,24.0,25.5,25.2,1.45,1.66,-0.57,19.0,,,22.0,22.7,21.7,-23.91,0.92,1.05,0,1,0,0,1,0,0,"[0, 0, 224]",,,,,,,,,,1,,
2026-07-13 05:27:14.375329,,64,24.0,25.5,25.2,0.98,1.42,1.7,19.0,,,22.0,22.7,21.7,-23.91,1.55,0.71,0,1,0,0,1,0,0,"[0, 0, 224]",,,,,,,,,,1,,
2026-07-13 05:27:14.478867,,64,24.0,25.5,25.2,1.35,1.25,2.78,19.0,,,22.0,22.7,21.7,-23.91,1.45,1.28,0,1,0,0,1,0,0,"[0, 0, 224]",,,,,,,,,,1,,
2026-07-13 05:27:14.582583,,64,24.0,25.5,25.2,1.45,1.19,1.03,19.0,,,22.0,22.7,21.7,-23.91,1.49,0.92,0,1,0,0,1,0,0,"[0, 0, 224]",,,,,,,,,,1,,
2026-07-13 05:27:14.685810,,64,24.0,25.5,25.2,0.98,1.12,1.43,19.0,,,22.0,22.7,21.7,-23.91,1.52,1.22,0,1,0,0,1,0,0,"[0, 0, 224]",,,,,,,,,,1,,
2026-07-13 05:27:14.789114,,64,24.0,25.5,25.2,0.95,1.29,-1.11,19.0,,,22.0,22.7,21.7,-23.91,1.05,1.08,0,1,0,0,1,0,0,"[0, 0, 224]",,,,,,,,,,1,,
2026-07-13 05:27:14.893882,,64,24.0,25.5,25.2,1.45,1.55,2.64,19.0,,,22.0,22.7,21.7,-23.91,1.22,0.71,0,1,0,0,1,0,0,"[0, 0, 224]",,,,,,,,,,1,,
2026-07-13 05:27:14.997832,,64,24.0,25.5,25.2,1.35,1.08,2.11,19.0,,,22.0,22.7,21.7,-23.91,1.45,1.02,0,1,0,0,1,0,0,"[0, 0, 224]",,,,,,,,,,1,,
2026-07-13 05:27:15.101504,,64,24.0,25.5,25.2,1.32,1.55,2.78,19.0,,,22.0,22.7,21.7,-23.91,1.55,1.08,0,1,0,0,1,0,0,"[0, 0, 224]",,,,,,,,,,1,,
2026-07-13 05:27:15.205266,,64,24.0,25.5,25.2,1.12,1.15,1.97,19.0,,,22.0,22.7,21.7,-23.91,1.52,0.71,0,1,0,0,1,0,0,"[0, 0, 224]",,,,,,,,,,1,,
2026-07-13 05:27:15.309741,,64,24.0,25.5,25.2,1.32,1.02,-0.84,19.0,,,22.0,22.7,21.7,-23.91,1.55,0.78,0,1,0,0,1,0,0,"[0, 0, 224]",,,,,,,,,,1,,
2026-07-13 05:27:15.413057,,64,24.0,25.5,25.2,1.39,1.29,-0.17,19.0,,,22.0,22.7,21.7,-23.91,1.08,0.71,0,1,0,0,1,0,0,"[0, 0, 224]",,,,,,,,,,1,,
2026-07-13 05:27:15.516673,,64,24.0,25.5,25.2,1.32,1.19,-0.7,19.0,,,22.0,22.7,21.7,-23.91,1.52,1.15,0,1,0,0,1,0,0,"[0, 0, 224]",,,,,,,,,,1,,
2026-07-13 05:27:15.620905,,64,24.0,25.7,25.2,1.39,1.35,1.97,19.0,,,22.0,22.7,21.7,-23.91,0.95,1.32,0,1,0,0,1,0,0,"[0, 0, 224]",,,,,,,,,,1,,
2026-07-13 05:27:15.724385,,64,24.0,25.7,25.2,1.02,1.19,2.24,19.0,,,22.0,22.7,21.7,-23.91,1.42,1.02,0,1,0,0,1,0,0,"[0, 0, 224]",,,,,,,,,,1,,
2026-07-13 05:27:15.831246,,64,24.0,25.7,25.2,1.52,1.05,0.23,19.0,,,22.0,22.7,21.7,-23.91,1.52,0.71,0,1,0,0,1,0,0,"[0, 0, 224]",,,,,,,,,,1,,
2026-07-13 05:27:15.934556,,64,24.0,25.7,25.2,1.35,1.52,3.18,19.0,,,22.0,22.7,21.7,-23.91,1.05,1.22,0,1,0,0,1,0,0,"[0, 0, 224]",,,,,,,,,,1,,
2026-07-13 05:27:16.037682,,64,24.0,25.7,25.2,1.35,1.25,0.9,19.0,,,22.0,22.7,21.7,-23.91,1.19,0.95,0,1,0,0,1,0,0,"[0, 0, 224]",,,,,,,,,,1,,
2026-07-13 05:27:16.141489,,64,24.0,25.7,25.2,0.88,1.66,1.84,19.0,,,22.0,22.7,21.7,-23.91,1.59,1.25,0,1,0,0,1,0,0,"[0, 0, 224]",,,,,,,,,,1,,
2026-07-13 05:27:16.250360,,64,24.0,25.7,25.2,0.82,1.39,2.11,19.0,,,22.0,22.7,21.7,-23.91,0.98,0.81,0,1,0,0,1,0,0,"[0, 0, 224]",,,,,,,,,,1,,
2026-07-13 05:27:16.354726,,64,24.0,25.7,25.2,1.32,1.19,-0.17,19.0,,,22.0,22.7,21.7,-23.91,1.12,0.78,0,1,0,0,1,0,0,"[0, 0, 224]",,,,,,,,,,1,,
2026-07-13 05:27:16.458554,,64,24.0,25.7,25.2,1.35,1.35,1.57,19.0,,,22.0,22.7,21.7,-23.91,1.49,1.32,0,1,0,0,1,0,0,"[0, 0, 224]",,,,,,,,,,1,,
2026-07-13 05:27:16.561972,,64,24.0,25.7,25.2,1.15,1.52,2.11,19.0,,,22.0,22.7,21.7,-23.91,1.45,0.95,0,1,0,0,1,0,0,"[0, 0, 224]",,,,,,,,,,1,,
2026-07-13 05:27:16.665509,,64,24.0,25.7,25.2,1.08,1.55,1.43,19.0,,,22.0,22.7,21.7,-23.91,1.22,1.18,0,1,0,0,1,0,0,"[0, 0, 224]",,,,,,,,,,1,,
2026-07-13 05:27:16.769629,,64,24.0,25.7,25.2,1.12,1.32,2.51,19.0,,,22.0,22.7,21.7,-23.91,1.49,1.28,0,1,0,0,1,0,0,"[0, 0, 224]",,,,,,,,,,1,,
2026-07-13 05:27:16.872915,,64,24.0,25.7,25.2,1.66,0.95,1.84,19.0,,,22.0,22.7,21.7,-23.91,1.15,0.78,0,1,0,0,1,0,0,"[0, 0, 224]",,,,,,,,,,1,,
2026-07-13 05:27:16.976550,,64,24.0,25.7,25.2,1.19,1.32,1.17,19.0,,,22.0,22.7,21.7,-23.91,1.52,1.25,0,1,0,0,1,0,0,"[0, 0, 224]",,,,,,,,,,1,,
2026-07-13 05:27:17.080000,,64,24.0,25.7,25.2,1.42,1.25,1.3,19.0,,,22.0,22.7,21.7,-23.91,1.52,1.25,0,1,0,0,1,0,0,"[0, 0, 224]",,,,,,,,,,1,,
2026-07-13 05:27:17.192324,,64,24.0,25.7,25.2,1.02,1.96,0.36,19.0,,,22.0,22.7,21.7,-23.91,0.88,0.81,0,1,0,0,1,0,0,"[0, 0, 224]",,,,,,,,,,1,,
2026-07-13 05:27:17.295848,,64,24.0,25.5,25.2,0.75,1.49,1.17,19.0,,,22.0,22.7,21.7,-23.91,0.92,0.95,0,1,0,0,1,0,0,"[0, 0, 224]",,,,,,,,,,1,,
2026-07-13 05:27:17.400200,,64,24.0,25.5,25.2,1.05,1.39,2.51,19.0,,,22.0,22.7,21.7,-23.91,1.42,1.12,0,1,0,0,1,0,0,"[0, 0, 224]",,,,,,,,,,1,,
2026-07-13 05:27:17.503687,,64,24.0,25.5,25.2,1.12,1.35,1.43,19.0,,,22.0,22.7,21.7,-23.91,1.08,1.35,0,1,0,0,1,0,0,"[0, 0, 224]",,,,,,,,,,1,,
2026-07-13 05:27:17.607107,,64,24.0,25.5,25.2,1.39,1.25,2.24,19.0,,,22.0,22.7,21.7,-23.91,1.29,0.71,0,1,0,0,1,0,0,"[0, 0, 224]",,,,,,,,,,1,,
2026-07-13 05:27:17.711160,,64,24.0,25.5,25.2,1.05,1.29,1.43,19.0,,,22.0,22.7,21.7,-23.91,1.32,0.78,0,1,0,0,1,0,0,"[0, 0, 224]",,,,,,,,,,1,,
2026-07-13 05:27:17.814827,,64,24.0,25.5,25.2,1.25,0.85,1.7,19.0,,,22.0,22.7,21.7,-23.91,1.02,0.85,0,1,0,0,1,0,0,"[0, 0, 224]",,,,,,,,,,1,,
2026-07-13 05:27:17.920959,,64,24.0,25.5,25.2,1.59,1.22,1.43,19.0,,,22.0,22.7,21.7,-23.91,1.25,0.95,0,1,0,0,1,0,0,"[0, 0, 224]",,,,,,,,,,1,,
2026-07-13 05:27:18.024107,,64,24.0,25.5,25.2,1.05,1.29,2.64,19.0,,,22.0,22.7,21.7,-23.91,1.15,1.39,0,1,0,0,1,0,0,"[0, 0, 224]",,,,,,,,,,1,,
2026-07-13 05:27:18.128646,,64,24.0,25.5,25.2,0.92,1.59,1.57,19.0,,,22.0,22.7,21.7,-23.91,1.45,0.65,0,1,0,0,1,0,0,"[0, 0, 224]",,,,,,,,,,1,,
2026-07-13 05:27:18.241782,,64,24.0,25.5,25.2,1.29,1.45,2.51,19.0,,,22.0,22.7,21.7,-23.91,0.85,0.85,0,1,0,0,1,0,0,"[0, 0, 224]",,,,,,,,,,1,,
2026-07-13 05:27:18.345866,,64,24.0,25.5,25.2,0.85,1.72,0.49,19.0,,,22.0,22.7,21.7,-23.91,1.42,1.12,0,1,0,0,1,0,0,"[0, 0, 224]",,,,,,,,,,1,,
2026-07-13 05:27:18.449816,,64,24.0,25.5,25.2,0.88,1.42,2.51,19.0,,,22.0,22.7,21.7,-23.91,1.22,0.95,0,1,0,0,1,0,0,"[0, 0, 224]",,,,,,,,,,1,,
2026-07-13 05:27:18.553425,,64,24.0,25.5,25.2,1.62,1.39,0.76,19.0,,,22.0,22.7,21.7,-23.91,1.15,1.15,0,1,0,0,1,0,0,"[0, 0, 224]",,,,,,,,,,1,,
2026-07-13 05:27:18.656658,,64,24.0,25.5,25.2,1.15,1.82,1.3,19.0,,,22.0,22.7,21.7,-23.91,1.32,1.25,0,1,0,0,1,0,0,"[0, 0, 224]",,,,,,,,,,1,,
2026-07-13 05:27:18.759857,,64,24.0,25.5,25.2,0.72,1.79,1.3,19.0,,,22.0,22.7,21.7,-23.91,1.55,1.05,0,1,0,0,1,0,0,"[0, 0, 224]",,,,,,,,,,1,,
2026-07-13 05:27:18.863211,,64,24.0,25.5,25.2,0.78,1.39,-1.11,19.0,,,22.0,22.7,21.7,-23.91,1.55,0.92,0,1,0,0,1,0,0,"[0, 0, 224]",,,,,,,,,,1,,
2026-07-13 05:27:18.966501,,64,24.0,25.5,25.2,1.15,0.85,1.3,19.0,,,22.0,22.7,21.7,-23.91,0.95,0.75,0,1,0,0,1,0,0,"[0, 0, 224]",,,,,,,,,,1,,
2026-07-13 05:27:19.070123,,64,24.0,25.5,25.2,0.92,1.45,0.63,19.0,,,22.0,22.7,21.7,-23.91,1.55,1.25,0,1,0,0,1,0,0,"[0, 0, 224]",,,,,,,,,,1,,
2026-07-13 05:27:19.174529,,64,24.0,25.5,25.2,1.15,1.92,2.78,19.0,,,22.0,22.7,21.7,-23.91,1.49,0.65,0,1,0,0,1,0,0,"[0, 0, 224]",,,,,,,,,,1,,
2026-07-13 05:27:19.292460,,64,24.0,25.5,25.2,0.92,1.35,1.43,19.0,,,22.0,22.7,21.7,-23.91,0.88,1.18,0,1,0,0,1,0,0,"[0, 0, 224]",,,,,,,,,,1,,
2026-07-13 05:27:19.397463,,64,24.0,25.5,25.2,1.22,1.08,0.9,19.0,,,22.0,22.7,21.7,-23.91,1.02,1.32,0,1,0,0,1,0,0,"[0, 0, 224]",,,,,,,,,,1,,
2026-07-13 05:27:19.501044,,64,24.0,25.5,25.2,0.75,0.95,-1.11,19.0,,,22.0,22.7,21.7,-23.91,1.42,1.28,0,1,0,0,1,0,0,"[0, 0, 224]",,,,,,,,,,1,,
2026-07-13 05:27:19.606550,,64,24.0,25.5,25.2,1.12,1.39,2.37,19.0,,,22.0,22.7,21.7,-23.91,1.15,0.95,0,1,0,0,1,0,0,"[0, 0, 224]",,,,,,,,,,1,,
2026-07-13 05:27:19.713967,,64,24.0,25.5,25.2,1.62,1.42,1.84,19.0,,,22.0,22.7,21.7,-23.91,0.95,1.18,0,1,0,0,1,0,0,"[0, 0, 224]",,,,,,,,,,1,,
2026-07-13 05:27:19.821612,,64,24.0,25.5,25.2,1.02,1.76,2.64,19.0,,,22.0,22.7,21.7,-23.91,1.05,1.18,0,1,0,0,1,0,0,"[0, 0, 224]",,,,,,,,,,1,,
2026-07-13 05:27:19.929701,,64,24.0,25.5,25.2,1.49,1.35,2.37,19.0,,,22.0,22.7,21.7,-23.91,1.08,1.28,0,1,0,0,1,0,0,"[0, 0, 224]",,,,,,,,,,1,,
2026-07-13 05:27:20.036990,,64,24.0,25.5,25.2,1.19,1.35,-0.17,19.0,,,22.0,22.7,21.7,-23.91,1.42,0.58,0,1,0,0,1,0,0,"[0, 0, 224]",,,,,,,,,,1,,
2026-07-13 05:27:20.144049,,64,24.0,25.5,25.2,1.32,0.95,2.51,19.0,,,22.0,22.7,21.7,-23.91,1.49,1.25,0,1,0,0,1,0,0,"[0, 0, 224]",,,,,,,,,,1,,
2026-07-13 05:27:20.251718,,64,24.0,25.5,25.2,0.65,1.82,1.7,19.0,,,22.0,22.7,21.7,-23.91,1.59,0.68,0,1,0,0,1,0,0,"[0, 0, 224]",,,,,,,,,,1,,
2026-07-13 05:27:20.358702,,64,24.0,25.5,25.2,0.95,1.02,0.09,19.0,,,22.0,22.7,21.7,-23.91,0.98,1.28,0,1,0,0,1,0,0,"[0, 0, 224]",,,,,,,,,,1,,
2026-07-13 05:27:20.466693,,64,24.0,25.5,25.2,1.35,1.45,1.03,19.0,,,22.0,22.7,21.7,-23.91,1.02,1.22,0,1,0,0,1,0,0,"[0, 0, 224]",,,,,,,,,,1,,
2026-07-13 05:27:20.573883,,64,24.0,25.5,25.2,1.05,1.39,1.3,19.0,,,22.0,22.7,21.7,-23.91,1.22,1.05,0,1,0,0,1,0,0,"[0, 0, 224]",,,,,,,,,,1,,
2026-07-13 05:27:20.681415,,64,24.0,25.5,25.2,1.49,1.62,3.18,19.0,,,22.0,22.7,21.7,-23.91,0.98,1.25,0,1,0,0,1,0,0,"[0, 0, 224]",,,,,,,,,,1,,
2026-07-13 05:27:20.788936,,64,24.0,25.5,25.2,0.92,1.35,0.76,19.0,,,22.0,22.7,21.7,-23.91,1.12,1.08,0,1,0,0,1,0,0,"[0, 0, 224]",,,,,,,,,,1,,
2026-07-13 05:27:20.896608,,64,24.0,25.5,25.2,0.72,1.42,1.43,19.0,,,22.0,22.7,21.7,-23.91,0.95,1.08,0,1,0,0,1,0,0,"[0, 0, 224]",,,,,,,,,,1,,
2026-07-13 05:27:21.003241,,64,24.0,25.5,25.2,1.45,1.89,0.63,19.0,,,22.0,22.7,21.7,-23.91,1.29,1.18,0,1,0,0,1,0,0,"[0, 0, 224]",,,,,,,,,,1,,
2026-07-13 05:27:21.109982,,64,24.0,25.5,25.2,0.92,1.25,1.7,19.0,,,22.0,22.7,21.7,-23.91,1.49,0.71,0,1,0,0,1,0,0,"[0, 0, 224]",,,,,,,,,,1,,
2026-07-13 05:27:21.229725,,64,24.0,25.5,25.2,1.52,1.96,0.76,19.0,,,22.0,22.7,21.7,-23.91,1.08,0.88,0,1,0,0,1,0,0,"[0, 0, 224]",,,,,,,,,,1,,
2026-07-13 05:27:21.337020,,64,24.0,25.5,25.2,0.85,1.55,-0.17,19.0,,,22.0,22.7,21.7,-23.91,1.39,0.65,0,1,0,0,1,0,0,"[0, 0, 224]",,,,,,,,,,1,,
2026-07-13 05:27:21.444757,,64,24.0,25.5,25.2,1.59,1.22,-0.17,19.0,,,22.0,22.7,21.7,-23.91,1.55,0.65,0,1,0,0,1,0,0,"[0, 0, 224]",,,,,,,,,,1,,
2026-07-13 05:27:21.551737,,64,24.0,25.5,25.2,1.29,1.52,2.91,19.0,,,22.0,22.7,21.7,-23.91,1.25,0.85,0,1,0,0,1,0,0,"[0, 0, 224]",,,,,,,,,,1,,
2026-07-13 05:27:21.658574,,64,24.0,25.5,25.2,1.35,1.25,-0.03,19.0,,,22.0,22.7,21.7,-23.91,0.92,1.22,0,1,0,0,1,0,0,"[0, 0, 224]",,,,,,,,,,1,,
2026-07-13 05:27:21.765152,,64,24.0,25.5,25.2,1.45,1.86,-1.11,19.0,,,22.0,22.7,21.7,-23.91,1.19,1.08,0,1,0,0,1,0,0,"[0, 0, 224]",,,,,,,,,,1,,
2026-07-13 05:27:21.871832,,64,24.0,25.5,25.2,1.29,1.02,3.18,19.0,,,22.0,22.7,21.7,-23.91,0.92,1.25,0,1,0,0,1,0,0,"[0, 0, 224]",,,,,,,,,,1,,
2026-07-13 05:27:21.979240,,64,24.0,25.5,25.2,1.15,1.29,0.49,19.0,,,22.0,22.7,21.7,-23.91,0.85,0.61,0,1,0,0,1,0,0,"[0, 0, 224]",,,,,,,,,,1,,
2026-07-13 05:27:22.085944,,64,24.0,25.5,25.2,1.59,0.72,1.03,19.0,,,22.0,22.7,21.7,-23.91,1.15,1.25,0,1,0,0,1,0,0,"[0, 0, 224]",,,,,,,,,,1,,
2026-07-13 05:27:22.192803,,64,24.0,25.5,25.2,0.85,1.25,1.03,19.0,,,22.0,22.7,21.7,-23.91,1.49,1.12,0,1,0,0,1,0,0,"[0, 0, 224]",,,,,,,,,,1,,
2026-07-13 05:27:22.299745,,64,24.0,25.5,25.2,0.98,1.25,1.3,19.0,,,22.0,22.7,21.7,-23.91,0.92,0.92,0,1,0,0,1,0,0,"[0, 0, 224]",,,,,,,,,,1,,
2026-07-13 05:27:22.406634,,64,24.0,25.5,25.2,1.55,1.15,1.3,19.2,,,22.0,22.7,21.7,-23.91,1.15,0.81,0,1,0,0,1,0,0,"[0, 0, 224]",,,,,,,,,,1,,
2026-07-13 05:27:22.513411,,64,24.0,25.5,25.2,0.65,1.62,-0.17,19.2,,,22.0,22.7,21.7,-23.91,0.95,0.95,0,1,0,0,1,0,0,"[0, 0, 224]",,,,,,,,,,1,,
2026-07-13 05:27:22.620268,,64,24.0,25.5,25.2,1.52,1.19,0.63,19.2,,,22.0,22.7,21.7,-23.91,1.42,1.25,0,1,0,0,1,0,0,"[0, 0, 224]",,,,,,,,,,1,,
2026-07-13 05:27:22.727081,,64,24.0,25.5,25.2,1.66,1.12,1.7,19.2,,,22.0,22.7,21.7,-23.91,0.98,0.85,0,1,0,0,1,0,0,"[0, 0, 224]",,,,,,,,,,1,,
2026-07-13 05:27:22.834421,,64,24.0,25.5,25.2,0.98,1.39,-0.97,19.2,,,22.0,22.7,21.7,-23.91,1.49,0.98,0,1,0,0,1,0,0,"[0, 0, 224]",,,,,,,,,,1,,
2026-07-13 05:27:22.941507,,64,24.0,25.5,25.2,0.78,1.35,-0.84,19.2,,,22.0,22.7,21.7,-23.91,1.39,1.22,0,1,0,0,1,0,0,"[0, 0, 224]",,,,,,,,,,1,,
2026-07-13 05:27:23.048874,,64,24.0,25.5,25.2,0.75,1.19,1.43,19.2,,,22.0,22.7,21.7,-23.91,1.12,1.25,0,1,0,0,1,0,0,"[0, 0, 224]",,,,,,,,,,1,,
2026-07-13 05:27:23.161947,,64,24.0,25.5,25.2,1.39,0.88,-0.17,19.2,,,22.0,22.7,21.7,-23.91,1.12,0.88,0,1,0,0,1,0,0,"[0, 0, 224]",,,,,,,,,,1,,
2026-07-13 05:27:23.277312,,64,24.0,25.5,25.2,1.05,1.45,1.84,19.2,,,22.0,22.7,21.7,-23.91,1.29,0.78,0,1,0,0,1,0,0,"[0, 0, 224]",,,,,,,,,,1,,
2026-07-13 05:27:23.385017,,64,24.0,25.5,25.2,0.95,1.92,2.37,19.2,,,22.0,22.7,21.7,-23.91,1.35,1.32,0,1,0,0,1,0,0,"[0, 0, 224]",,,,,,,,,,1,,
2026-07-13 05:27:23.491861,,64,24.0,25.5,25.2,0.98,1.66,1.84,19.2,,,22.0,22.7,21.7,-23.91,0.88,0.85,0,1,0,0,1,0,0,"[0, 0, 224]",,,,,,,,,,1,,
2026-07-13 05:27:23.598719,,64,24.0,25.5,25.2,0.68,1.45,-0.7,19.2,,,22.0,22.7,21.7,-23.91,1.05,1.02,0,1,0,0,1,0,0,"[0, 0, 224]",,,,,,,,,,1,,
2026-07-13 05:27:23.705426,,64,24.0,25.5,25.2,1.52,1.35,2.91,19.2,,,22.0,22.7,21.7,-23.91,0.92,0.88,0,1,0,0,1,0,0,"[0, 0, 224]",,,,,,,,,,1,,
2026-07-13 05:27:23.812911,,64,24.0,25.5,25.2,1.02,1.66,1.03,19.2,,,22.0,22.7,21.7,-23.91,1.59,0.92,0,1,0,0,1,0,0,"[0, 0, 224]",,,,,,,,,,1,,
2026-07-13 05:27:23.920286,,64,24.0,25.5,25.2,1.82,0.85,-0.7,19.2,,,22.0,22.7,21.7,-23.91,0.88,1.25,0,1,0,0,1,0,0,"[0, 0, 224]",,,,,,,,,,1,,
2026-07-13 05:27:24.028127,,64,24.0,25.5,25.2,1.25,1.22,0.76,19.2,,,22.0,22.7,21.7,-23.91,1.42,0.65,0,1,0,0,1,0,0,"[0, 0, 224]",,,,,,,,,,1,,
2026-07-13 05:27:24.135197,,64,24.0,25.5,25.2,1.52,1.79,3.45,19.2,,,22.0,22.7,21.7,-23.91,1.25,1.32,0,1,0,0,1,0,0,"[0, 0, 224]",,,,,,,,,,1,,
2026-07-13 05:27:24.268933,,64,24.0,25.5,25.2,0.98,0.85,2.64,19.2,,,22.0,22.7,21.7,-23.91,1.52,1.12,0,1,0,0,1,0,0,"[0, 0, 224]",,,,,,,,,,1,,
2026-07-13 05:27:24.376233,,64,24.0,25.5,25.2,1.52,1.25,-0.44,19.2,,,22.0,22.7,21.7,-23.91,1.52,0.92,0,1,0,0,1,0,0,"[0, 0, 224]",,,,,,,,,,1,,
2026-07-13 05:27:24.483077,,64,24.0,25.5,25.2,1.76,1.82,0.49,19.2,,,22.0,22.7,21.7,-23.91,1.22,0.71,0,1,0,0,1,0,0,"[0, 0, 224]",,,,,,,,,,1,,
2026-07-13 05:27:24.590289,,64,24.0,25.5,25.2,0.95,1.45,2.51,19.2,,,22.0,22.7,21.7,-23.91,1.08,1.18,0,1,0,0,1,0,0,"[0, 0, 224]",,,,,,,,,,1,,
2026-07-13 05:27:24.697516,,64,24.0,25.5,25.2,1.08,1.15,1.17,19.2,,,22.0,22.7,21.7,-23.91,1.49,1.15,0,1,0,0,1,0,0,"[0, 0, 224]",,,,,,,,,,1,,
2026-07-13 05:27:24.804186,,64,24.0,25.5,25.2,1.05,1.29,1.84,19.2,,,22.0,22.7,21.7,-23.91,0.88,0.78,0,1,0,0,1,0,0,"[0, 0, 224]",,,,,,,,,,1,,
2026-07-13 05:27:24.911360,,64,24.0,25.5,25.2,0.98,1.35,-0.57,19.2,,,22.0,22.7,21.7,-23.91,1.15,1.08,0,1,0,0,1,0,0,"[0, 0, 224]",,,,,,,,,,1,,
2026-07-13 05:27:25.018193,,64,24.0,25.5,25.2,0.82,1.02,1.03,19.2,,,22.0,22.7,21.7,-23.91,1.59,1.28,0,1,0,0,1,0,0,"[0, 0, 224]",,,,,,,,,,1,,
2026-07-13 05:27:25.124826,,64,24.0,25.5,25.2,0.68,1.49,2.78,19.2,,,22.0,22.7,21.7,-23.91,1.42,1.15,0,1,0,0,1,0,0,"[0, 0, 224]",,,,,,,,,,1,,
2026-07-13 05:27:25.231626,,64,24.0,25.5,25.2,1.25,0.92,0.63,19.2,,,22.0,22.7,21.7,-23.91,1.08,0.92,0,1,0,0,1,0,0,"[0, 0, 224]",,,,,,,,,,1,,
2026-07-13 05:27:25.346011,,64,24.0,25.5,25.2,0.92,1.72,1.17,19.2,,,22.0,22.7,21.7,-23.91,1.52,1.22,0,1,0,0,1,0,0,"[0, 0, 224]",,,,,,,,,,1,,
2026-07-13 05:27:25.464897,,64,24.0,25.5,25.2,1.25,1.29,2.37,19.2,,,22.0,22.7,21.7,-23.91,1.52,0.75,0,1,0,0,1,0,0,"[0, 0, 224]",,,,,,,,,,1,,
2026-07-13 05:27:25.578289,,64,24.0,25.5,25.2,0.98,1.52,2.64,19.2,,,22.0,22.7,21.7,-23.91,1.29,0.95,0,1,0,0,1,0,0,"[0, 0, 224]",,,,,,,,,,1,,
2026-07-13 05:27:25.692266,,64,23.7,25.5,25.2,0.92,1.19,1.03,19.2,,,22.0,22.7,21.7,-23.91,0.95,1.15,0,1,0,0,1,0,0,"[0, 0, 224]",,,,,,,,,,1,,
2026-07-13 05:27:25.804946,,64,23.7,25.5,25.2,1.42,1.32,1.3,19.2,,,22.0,22.7,21.7,-23.91,1.35,1.25,0,1,0,0,1,0,0,"[0, 0, 224]",,,,,,,,,,1,,
2026-07-13 05:27:25.917651,,64,23.7,25.5,25.2,1.15,1.42,0.76,19.2,,,22.0,22.7,21.7,-23.91,0.95,0.88,0,1,0,0,1,0,0,"[0, 0, 224]",,,,,,,,,,1,,
2026-07-13 05:27:26.031032,,64,23.7,25.5,25.2,1.05,1.69,3.05,19.2,,,22.0,22.7,21.7,-23.91,0.88,1.18,0,1,0,0,1,0,0,"[0, 0, 224]",,,,,,,,,,1,,
2026-07-13 05:27:26.144216,,64,23.7,25.5,25.2,1.22,1.62,1.03,19.2,,,22.0,22.7,21.7,-23.91,1.08,1.28,0,1,0,0,1,0,0,"[0, 0, 224]",,,,,,,,,,1,,
2026-07-13 05:27:26.264235,,64,23.7,25.5,25.2,1.69,0.92,-0.97,19.2,,,22.0,22.7,21.7,-23.91,1.55,0.98,0,1,0,0,1,0,0,"[0, 0, 224]",,,,,,,,,,1,,
2026-07-13 05:27:26.376933,,64,23.7,25.5,25.2,0.85,0.82,1.3,19.2,,,22.0,22.7,21.7,-23.91,1.15,0.75,0,1,0,0,1,0,0,"[0, 0, 224]",,,,,,,,,,1,,
2026-07-13 05:27:26.489654,,64,23.7,25.5,25.2,1.15,1.55,0.63,19.2,,,22.0,22.7,21.7,-23.91,1.15,1.08,0,1,0,0,1,0,0,"[0, 0, 224]",,,,,,,,,,1,,
2026-07-13 05:27:26.602027,,64,23.7,25.5,25.2,0.65,1.45,1.43,19.2,,,22.0,22.7,21.7,-23.91,1.35,0.71,0,1,0,0,1,0,0,"[0, 0, 224]",,,,,,,,,,1,,
2026-07-13 05:27:26.715037,,64,23.7,25.5,25.2,1.35,1.25,1.43,19.2,,,22.0,22.7,21.7,-23.91,1.45,1.32,0,1,0,0,1,0,0,"[0, 0, 224]",,,,,,,,,,1,,
2026-07-13 05:27:26.828010,,64,23.7,25.5,25.2,1.12,1.05,1.7,19.2,,,22.0,22.7,21.7,-23.91,1.42,1.02,0,1,0,0,1,0,0,"[0, 0, 224]",,,,,,,,,,1,,
2026-07-13 05:27:26.941148,,64,23.7,25.5,25.2,1.12,0.92,3.58,19.2,,,22.0,22.7,21.7,-23.91,1.35,0.95,0,1,0,0,1,0,0,"[0, 0, 224]",,,,,,,,,,1,,
2026-07-13 05:27:27.053401,,64,23.7,25.5,25.2,1.29,0.98,1.97,19.2,,,22.0,22.7,21.7,-23.91,1.35,0.85,0,1,0,0,1,0,0,"[0, 0, 224]",,,,,,,,,,1,,
2026-07-13 05:27:27.173081,,64,23.7,25.5,25.2,1.12,1.66,2.37,19.2,,,22.0,22.7,21.7,-23.91,1.52,0.65,0,1,0,0,1,0,0,"[0, 0, 224]",,,,,,,,,,1,,
2026-07-13 05:27:27.291139,,64,23.7,25.5,25.2,0.95,1.52,0.36,19.2,,,22.0,22.7,21.7,-23.91,1.02,0.95,0,1,0,0,1,0,0,"[0, 0, 224]",,,,,,,,,,1,,
2026-07-13 05:27:27.404210,,64,23.7,25.5,25.2,1.29,1.89,2.64,19.2,,,22.0,22.7,21.7,-23.91,1.52,1.25,0,1,0,0,1,0,0,"[0, 0, 224]",,,,,,,,,,1,,
2026-07-13 05:27:27.517885,,64,23.7,25.5,25.2,1.42,1.22,1.17,19.2,,,22.0,22.7,21.7,-23.91,1.49,1.18,0,1,0,0,1,0,0,"[0, 0, 224]",,,,,,,,,,1,,
2026-07-13 05:27:27.630968,,64,23.7,25.5,25.2,1.19,1.69,-1.11,19.2,,,22.0,22.7,21.7,-23.91,1.32,1.22,0,1,0,0,1,0,0,"[0, 0, 224]",,,,,,,,,,1,,
2026-07-13 05:27:27.744065,,64,23.7,25.5,25.2,1.59,1.59,-0.3,19.2,,,22.0,22.7,21.7,-23.91,1.45,1.15,0,1,0,0,1,0,0,"[0, 0, 224]",,,,,,,,,,1,,
2026-07-13 05:27:27.857987,,64,23.7,25.5,25.2,0.48,1.82,1.3,19.2,,,22.0,22.7,21.7,-23.91,1.49,0.85,0,1,0,0,1,0,0,"[0, 0, 224]",,,,,,,,,,1,,
2026-07-13 05:27:28.449593,,64,23.7,25.5,25.2,1.66,1.19,0.9,19.2,,,22.0,22.7,21.7,-23.91,1.52,1.12,0,1,0,0,1,0,0,"[0, 0, 224]",,,,,,,,,,1,,
2026-07-13 05:27:28.559381,,64,23.7,25.5,25.2,1.15,1.89,0.9,19.2,,,22.0,22.7,21.7,-23.91,1.49,1.25,0,1,0,0,1,0,0,"[0, 0, 224]",,,,,,,,,,1,,
2026-07-13 05:27:28.668802,,64,23.7,25.5,25.2,1.12,1.86,2.91,19.2,,,22.0,22.7,21.7,-23.91,1.49,1.18,0,1,0,0,1,0,0,"[0, 0, 224]",,,,,,,,,,1,,
2026-07-13 05:27:28.778207,,64,23.7,25.5,25.2,1.79,1.62,0.36,19.2,,,22.0,22.7,21.7,-23.91,0.82,1.35,0,1,0,0,1,0,0,"[0, 0, 224]",,,,,,,,,,1,,
2026-07-13 05:27:28.888547,,64,23.7,25.5,25.2,1.62,1.39,3.31,19.2,,,22.0,22.7,21.7,-23.91,1.15,0.92,0,1,0,0,1,0,0,"[0, 0, 224]",,,,,,,,,,1,,
2026-07-13 05:27:29.033760,,64,23.7,25.5,25.2,1.52,1.55,1.17,19.2,,,22.0,22.7,21.7,-23.91,1.49,0.65,0,1,0,0,1,0,0,"[0, 0, 224]",,,,,,,,,,1,,
2026-07-13 05:27:29.143682,,64,23.7,25.5,25.2,0.88,0.98,-1.11,19.2,,,22.0,22.7,21.7,-23.91,1.25,0.81,0,1,0,0,1,0,0,"[0, 0, 224]",,,,,,,,,,1,,
2026-07-13 05:27:29.261630,,64,23.7,25.5,25.2,1.39,1.52,-0.97,19.2,,,22.0,22.7,21.7,-23.91,1.49,0.85,0,1,0,0,1,0,0,"[0, 0, 224]",,,,,,,,,,1,,
2026-07-13 05:27:29.372296,,64,23.7,25.5,25.2,1.42,1.66,1.97,19.2,,,22.0,22.7,21.7,-23.91,1.49,0.68,0,1,0,0,1,0,0,"[0, 0, 224]",,,,,,,,,,1,,
2026-07-13 05:27:29.482903,,64,23.7,25.5,25.2,0.95,1.52,2.91,19.2,,,22.0,22.7,21.7,-23.91,0.92,0.75,0,1,0,0,1,0,0,"[0, 0, 224]",,,,,,,,,,1,,
2026-07-13 05:27:29.592487,,64,23.7,25.5,25.2,1.12,1.22,-1.11,19.2,,,22.0,22.7,21.7,-23.91,0.88,1.02,0,1,0,0,1,0,0,"[0, 0, 224]",,,,,,,,,,1,,
2026-07-13 05:27:29.701848,,64,23.7,25.5,25.2,1.62,1.42,3.18,19.2,,,22.0,22.7,21.7,-23.91,1.12,0.95,0,1,0,0,1,0,0,"[0, 0, 224]",,,,,,,,,,1,,
2026-07-13 05:27:29.811805,,64,23.7,25.5,25.2,0.95,1.45,2.91,19.2,,,22.0,22.7,21.7,-23.91,1.08,0.92,0,1,0,0,1,0,0,"[0, 0, 224]",,,,,,,,,,1,,
2026-07-13 05:27:29.957029,,64,23.7,25.5,25.2,1.35,1.55,0.76,19.2,,,22.0,22.7,21.7,-23.91,0.92,1.25,0,1,0,0,1,0,0,"[0, 0, 224]",,,,,,,,,,1,,
2026-07-13 05:27:30.067308,,64,23.7,25.5,25.2,1.02,1.99,-0.7,19.2,,,22.0,22.7,21.7,-23.91,1.02,1.02,0,1,0,0,1,0,0,"[0, 0, 224]",,,,,,,,,,1,,
2026-07-13 05:27:30.177093,,64,23.7,25.5,25.2,1.32,1.62,2.37,19.2,,,22.0,22.7,21.7,-23.91,0.85,0.68,0,1,0,0,1,0,0,"[0, 0, 224]",,,,,,,,,,1,,
2026-07-13 05:27:30.297550,,64,23.7,25.5,25.2,1.49,1.42,1.84,19.2,,,22.0,22.7,21.7,-23.91,1.35,0.98,0,1,0,0,1,0,0,"[0, 0, 224]",,,,,,,,,,1,,
2026-07-13 05:27:30.407869,,64,23.7,25.5,25.2,0.61,0.85,2.37,19.2,,,22.0,22.7,21.7,-23.91,0.88,0.95,0,1,0,0,1,0,0,"[0, 0, 224]",,,,,,,,,,1,,
2026-07-13 05:27:30.517874,,64,23.7,25.5,25.2,1.02,1.79,1.84,19.2,,,22.0,22.7,21.7,-23.91,1.49,1.32,0,1,0,0,1,0,0,"[0, 0, 224]",,,,,,,,,,1,,
2026-07-13 05:27:30.628628,,64,23.7,25.5,25.2,0.82,1.32,2.91,19.2,,,22.0,22.7,21.7,-23.91,1.02,0.75,0,1,0,0,1,0,0,"[0, 0, 224]",,,,,,,,,,1,,
2026-07-13 05:27:30.741189,,64,23.7,25.5,25.2,0.78,1.39,-0.7,19.2,,,22.0,22.7,21.7,-23.91,1.52,1.22,0,1,0,0,1,0,0,"[0, 0, 224]",,,,,,,,,,1,,
2026-07-13 05:27:30.886587,,64,23.7,25.5,25.2,0.58,1.25,1.03,19.2,,,22.0,22.7,21.7,-23.91,0.92,0.65,0,1,0,0,1,0,0,"[0, 0, 224]",,,,,,,,,,1,,
2026-07-13 05:27:30.996539,,64,23.7,25.5,25.2,1.12,0.95,-0.17,19.2,,,22.0,22.7,21.7,-23.91,0.95,0.71,0,1,0,0,1,0,0,"[0, 0, 224]",,,,,,,,,,1,,
2026-07-13 05:27:31.106813,,64,23.7,25.5,25.2,1.22,1.82,0.76,19.2,,,22.0,22.7,21.7,-23.91,1.39,1.22,0,1,0,0,1,0,0,"[0, 0, 224]",,,,,,,,,,1,,
2026-07-13 05:27:31.223148,,64,23.7,25.5,25.2,0.85,1.72,2.64,19.2,,,22.0,22.7,21.7,-23.91,1.05,1.39,0,1,0,0,1,0,0,"[0, 0, 224]",,,,,,,,,,1,,
2026-07-13 05:27:31.332747,,64,23.7,25.5,25.2,1.29,1.49,0.9,19.2,,,22.0,22.7,21.7,-23.91,0.98,0.68,0,1,0,0,1,0,0,"[0, 0, 224]",,,,,,,,,,1,,
2026-07-13 05:27:31.442174,,64,23.7,25.5,25.2,0.98,1.55,-1.38,19.2,,,22.0,22.7,21.7,-23.91,1.29,1.25,0,1,0,0,1,0,0,"[0, 0, 224]",,,,,,,,,,1,,
2026-07-13 05:27:31.551550,,64,23.7,25.5,25.2,1.42,1.25,1.7,19.2,,,22.0,22.7,21.7,-23.91,0.95,0.88,0,1,0,0,1,0,0,"[0, 0, 224]",,,,,,,,,,1,,
2026-07-13 05:27:31.686111,,64,23.7,25.5,25.2,0.72,1.45,1.3,19.2,,,22.0,22.7,21.7,-23.91,1.55,0.81,0,1,0,0,1,0,0,"[0, 0, 224]",,,,,,,,,,1,,
2026-07-13 05:27:31.802177,,64,23.7,25.5,25.2,0.68,1.76,1.43,19.2,,,22.0,22.7,21.7,-23.91,0.88,0.85,0,1,0,0,1,0,0,"[0, 0, 224]",,,,,,,,,,1,,
2026-07-13 05:27:31.912765,,64,23.7,25.5,25.2,1.49,1.32,1.57,19.2,,,22.0,22.7,21.7,-23.91,1.45,1.25,0,1,0,0,1,0,0,"[0, 0, 224]",,,,,,,,,,1,,
2026-07-13 05:27:32.022762,,64,23.7,25.5,25.2,1.35,1.35,1.17,19.2,,,22.0,22.7,21.7,-23.91,1.42,1.28,0,1,0,0,1,0,0,"[0, 0, 224]",,,,,,,,,,1,,
2026-07-13 05:27:32.132301,,64,23.7,25.5,25.2,0.82,1.52,0.63,19.2,,,22.0,22.7,21.7,-23.91,1.12,1.15,0,1,0,0,1,0,0,"[0, 0, 224]",,,,,,,,,,1,,
2026-07-13 05:27:32.251340,,64,23.7,25.5,25.2,0.85,0.95,1.43,19.2,,,22.0,22.7,21.7,-23.91,0.95,1.05,0,1,0,0,1,0,0,"[0, 0, 224]",,,,,,,,,,1,,
2026-07-13 05:27:32.361079,,64,23.7,25.5,25.2,0.98,1.15,0.76,19.2,,,22.0,22.7,21.7,-23.91,1.39,0.95,0,1,0,0,1,0,0,"[0, 0, 224]",,,,,,,,,,1,,
2026-07-13 05:27:32.470927,,64,23.7,25.5,25.2,1.12,1.19,2.51,19.2,,,22.0,22.7,21.7,-23.91,1.59,0.95,0,1,0,0,1,0,0,"[0, 0, 224]",,,,,,,,,,1,,
2026-07-13 05:27:32.580417,,64,23.7,25.5,25.2,1.19,1.08,1.84,19.2,,,22.0,22.7,21.7,-23.91,1.08,0.71,0,1,0,0,1,0,0,"[0, 0, 224]",,,,,,,,,,1,,
2026-07-13 05:27:32.690268,,64,23.7,25.5,25.2,1.19,1.52,0.76,19.2,,,22.0,22.7,21.7,-23.91,1.15,0.95,0,1,0,0,1,0,0,"[0, 0, 224]",,,,,,,,,,1,,
2026-07-13 05:27:32.799810,,64,23.7,25.5,25.2,1.05,1.82,0.63,19.2,,,22.0,22.7,21.7,-23.91,1.12,1.08,0,1,0,0,1,0,0,"[0, 0, 224]",,,,,,,,,,1,,
2026-07-13 05:27:32.909684,,64,23.7,25.5,25.2,0.95,1.35,1.17,19.2,,,22.0,22.7,21.7,-23.91,0.95,0.65,0,1,0,0,1,0,0,"[0, 0, 224]",,,,,,,,,,1,,
2026-07-13 05:27:33.021551,,64,23.7,25.5,25.2,1.72,0.95,-0.03,19.2,,,22.0,22.7,21.7,-23.91,1.45,1.08,0,1,0,0,1,0,0,"[0, 0, 224]",,,,,,,,,,1,,
2026-07-13 05:27:33.131248,,64,23.7,25.5,25.2,1.79,1.42,2.11,19.2,,,22.0,22.7,21.7,-23.91,0.88,1.02,0,1,0,0,1,0,0,"[0, 0, 224]",,,,,,,,,,1,,
2026-07-13 05:27:33.250350,,64,23.7,25.5,25.2,1.35,1.79,-0.7,19.2,,,22.0,22.7,21.7,-23.91,1.32,0.78,0,1,0,0,1,0,0,"[0, 0, 224]",,,,,,,,,,1,,
2026-07-13 05:27:33.360192,,64,23.7,25.5,25.2,1.72,1.45,0.09,19.2,,,22.0,22.7,21.7,-23.91,1.45,1.22,0,1,0,0,1,0,0,"[0, 0, 224]",,,,,,,,,,1,,
2026-07-13 05:27:33.469666,,64,23.7,25.5,25.2,1.55,1.69,1.17,19.2,,,22.0,22.7,21.7,-23.91,1.52,0.85,0,1,0,0,1,0,0,"[0, 0, 224]",,,,,,,,,,1,,
2026-07-13 05:27:33.579789,,64,23.7,25.5,25.0,1.22,0.88,2.91,19.2,,,22.0,22.7,21.7,-23.91,1.52,1.25,0,1,0,0,1,0,0,"[0, 0, 224]",,,,,,,,,,1,,
2026-07-13 05:27:33.689245,,64,23.7,25.5,25.0,0.95,1.76,0.23,19.2,,,22.0,22.7,21.7,-23.91,1.42,0.65,0,1,0,0,1,0,0,"[0, 0, 224]",,,,,,,,,,1,,
2026-07-13 05:27:33.798909,,64,23.7,25.5,25.0,1.49,1.49,1.97,19.2,,,22.0,22.7,21.7,-23.91,1.02,0.65,0,1,0,0,1,0,0,"[0, 0, 224]",,,,,,,,,,1,,
2026-07-13 05:27:33.909303,,64,23.7,25.5,25.0,1.08,1.29,3.18,19.2,,,22.0,22.7,21.7,-23.91,1.42,0.75,0,1,0,0,1,0,0,"[0, 0, 224]",,,,,,,,,,1,,
2026-07-13 05:27:34.018698,,64,23.7,25.5,25.0,0.65,1.62,0.36,19.2,,,22.0,22.7,21.7,-23.91,0.95,1.08,0,1,0,0,1,0,0,"[0, 0, 224]",,,,,,,,,,1,,
2026-07-13 05:27:34.128319,,64,23.7,25.5,25.0,1.08,1.89,0.76,19.2,,,22.0,22.7,21.7,-23.91,0.88,0.95,0,1,0,0,1,0,0,"[0, 0, 224]",,,,,,,,,,1,,
2026-07-13 05:27:34.244616,,64,23.7,25.5,25.0,1.86,0.98,-0.03,19.2,,,22.0,22.7,21.7,-23.91,1.45,1.28,0,1,0,0,1,0,0,"[0, 0, 224]",,,,,,,,,,1,,
2026-07-13 05:27:34.355510,,64,23.7,25.5,25.0,1.59,1.29,-0.17,19.2,,,22.0,22.7,21.7,-23.91,1.25,0.98,0,1,0,0,1,0,0,"[0, 0, 224]",,,,,,,,,,1,,
2026-07-13 05:27:34.465641,,64,23.7,25.5,25.0,1.19,1.79,1.17,19.2,,,22.0,22.7,21.7,-23.91,1.39,0.85,0,1,0,0,1,0,0,"[0, 0, 224]",,,,,,,,,,1,,
2026-07-13 05:27:34.575565,,64,23.7,25.5,25.0,1.15,1.22,2.78,19.2,,,22.0,22.7,21.7,-23.91,1.52,0.88,0,1,0,0,1,0,0,"[0, 0, 224]",,,,,,,,,,1,,
2026-07-13 05:27:34.685135,,64,23.7,25.5,25.0,0.98,1.55,1.03,19.2,,,22.0,22.7,21.7,-23.91,1.35,0.98,0,1,0,0,1,0,0,"[0, 0, 224]",,,,,,,,,,1,,
2026-07-13 05:27:34.795122,,64,23.7,25.5,25.0,0.75,1.76,3.58,19.2,,,22.0,22.7,21.7,-23.91,0.85,1.02,0,1,0,0,1,0,0,"[0, 0, 224]",,,,,,,,,,1,,
2026-07-13 05:27:34.904689,,64,23.7,25.5,25.0,1.05,1.62,2.11,19.2,,,22.0,22.7,21.7,-23.91,1.08,1.18,0,1,0,0,1,0,0,"[0, 0, 224]",,,,,,,,,,1,,
2026-07-13 05:27:35.014661,,64,23.7,25.5,25.0,1.15,1.05,1.03,19.2,,,22.0,22.7,21.7,-23.91,1.32,1.05,0,1,0,0,1,0,0,"[0, 0, 224]",,,,,,,,,,1,,
2026-07-13 05:27:35.124765,,64,23.7,25.5,25.0,0.72,1.42,1.57,19.2,,,22.0,22.7,21.7,-23.91,0.92,0.88,0,1,0,0,1,0,0,"[0, 0, 224]",,,,,,,,,,1,,
2026-07-13 05:27:35.244042,,64,23.7,25.5,25.0,1.55,1.79,-0.17,19.2,,,22.0,22.7,21.7,-23.91,0.92,1.28,0,1,0,0,1,0,0,"[0, 0, 224]",,,,,,,,,,1,,
2026-07-13 05:27:35.353736,,64,23.7,25.5,25.0,1.08,1.69,3.31,19.2,,,22.0,22.7,21.7,-23.91,1.15,0.71,0,1,0,0,1,0,0,"[0, 0, 224]",,,,,,,,,,1,,
2026-07-13 05:27:35.463920,,64,23.7,25.5,25.0,1.29,1.29,1.43,19.2,,,22.0,22.7,21.7,-23.91,1.05,0.81,0,1,0,0,1,0,0,"[0, 0, 224]",,,,,,,,,,1,,
2026-07-13 05:27:35.573351,,64,23.7,25.5,25.0,1.05,1.32,1.57,19.2,,,22.0,22.7,21.7,-23.91,1.35,0.58,0,1,0,0,1,0,0,"[0, 0, 224]",,,,,,,,,,1,,
2026-07-13 05:27:35.683371,,64,23.7,25.5,25.0,1.19,1.02,1.97,19.2,,,22.0,22.7,21.7,-23.91,1.02,1.35,0,1,0,0,1,0,0,"[0, 0, 224]",,,,,,,,,,1,,
2026-07-13 05:27:35.792782,,64,23.7,25.5,25.0,0.82,1.69,-0.7,19.2,,,22.0,22.7,21.7,-23.91,1.02,1.32,0,1,0,0,1,0,0,"[0, 0, 224]",,,,,,,,,,1,,
2026-07-13 05:27:35.902061,,64,23.7,25.5,25.0,0.78,1.25,1.3,19.2,,,22.0,22.7,21.7,-23.91,1.25,1.35,0,1,0,0,1,0,0,"[0, 0, 224]",,,,,,,,,,1,,
2026-07-13 05:27:36.012281,,64,23.7,25.5,25.0,0.92,0.92,1.43,19.2,,,22.0,22.7,21.7,-23.91,1.35,0.68,0,1,0,0,1,0,0,"[0, 0, 224]",,,,,,,,,,1,,
2026-07-13 05:27:36.121828,,64,23.7,25.5,25.0,1.02,0.88,1.43,19.2,,,22.0,22.7,21.7,-23.91,0.92,1.32,0,1,0,0,1,0,0,"[0, 0, 224]",,,,,,,,,,1,,
2026-07-13 05:27:36.231493,,64,23.7,25.5,25.0,1.69,1.49,0.9,19.2,,,22.0,22.7,21.7,-23.91,1.08,0.75,0,1,0,0,1,0,0,"[0, 0, 224]",,,,,,,,,,1,,
2026-07-13 05:27:36.341248,,64,23.7,25.5,25.0,1.02,1.29,0.09,19.2,,,22.0,22.7,21.7,-23.91,1.12,0.68,0,1,0,0,1,0,0,"[0, 0, 224]",,,,,,,,,,1,,
2026-07-13 05:27:36.451417,,64,23.7,25.5,25.0,1.25,1.99,0.63,19.2,,,22.0,22.7,21.7,-23.91,1.52,0.95,0,1,0,0,1,0,0,"[0, 0, 224]",,,,,,,,,,1,,
2026-07-13 05:27:36.560911,,64,23.7,25.5,25.0,0.65,1.45,0.49,19.2,,,22.0,22.7,21.7,-23.91,0.88,1.28,0,1,0,0,1,0,0,"[0, 0, 224]",,,,,,,,,,1,,
2026-07-13 05:27:36.670624,,64,23.7,25.5,25.0,0.72,1.76,2.78,19.2,,,22.0,22.7,21.7,-23.91,1.52,1.12,0,1,0,0,1,0,0,"[0, 0, 224]",,,,,,,,,,1,,
2026-07-13 05:27:36.780649,,64,23.7,25.5,25.0,1.19,1.39,1.7,19.2,,,22.0,22.7,21.7,-23.91,1.32,1.05,0,1,0,0,1,0,0,"[0, 0, 224]",,,,,,,,,,1,,
2026-07-13 05:27:36.890947,,64,23.7,25.5,25.0,1.05,1.62,-0.84,19.2,,,22.0,22.7,21.7,-23.91,1.42,1.18,0,1,0,0,1,0,0,"[0, 0, 224]",,,,,,,,,,1,,
2026-07-13 05:27:37.000850,,64,23.7,25.5,25.0,1.22,1.39,-0.17,19.2,,,22.0,22.7,21.7,-23.91,1.05,0.65,0,1,0,0,1,0,0,"[0, 0, 224]",,,,,,,,,,1,,
2026-07-13 05:27:37.110830,,64,23.7,25.5,25.0,0.58,1.39,-1.11,19.2,,,22.0,22.7,21.7,-23.91,1.15,0.75,0,1,0,0,1,0,0,"[0, 0, 224]",,,,,,,,,,1,,
2026-07-13 05:27:37.230856,,64,23.7,25.5,25.0,0.72,1.12,2.11,19.2,,,22.0,22.7,21.7,-23.91,1.25,0.71,0,1,0,0,1,0,0,"[0, 0, 224]",,,,,,,,,,1,,
2026-07-13 05:27:37.341186,,64,23.7,25.5,25.0,1.45,1.69,2.51,19.2,,,22.0,22.7,21.7,-23.91,0.88,1.25,0,1,0,0,1,0,0,"[0, 0, 224]",,,,,,,,,,1,,
2026-07-13 05:27:37.454055,,64,23.7,25.5,25.0,1.05,1.49,2.64,19.2,,,22.0,22.7,21.7,-23.91,1.35,0.92,0,1,0,0,1,0,0,"[0, 0, 224]",,,,,,,,,,1,,
2026-07-13 05:27:37.563707,,64,23.7,25.5,25.0,1.45,1.39,1.3,19.2,,,22.0,22.7,21.7,-23.91,0.95,1.28,0,1,0,0,1,0,0,"[0, 0, 224]",,,,,,,,,,1,,
2026-07-13 05:27:37.673566,,64,23.7,25.5,25.0,1.12,1.82,0.36,19.2,,,22.0,22.7,21.7,-23.91,1.45,1.28,0,1,0,0,1,0,0,"[0, 0, 224]",,,,,,,,,,1,,
2026-07-13 05:27:37.783455,,64,23.7,25.5,25.0,1.12,1.25,2.24,19.2,,,22.0,22.7,21.7,-23.91,1.32,0.81,0,1,0,0,1,0,0,"[0, 0, 224]",,,,,,,,,,1,,
2026-07-13 05:27:37.892757,,64,23.7,25.5,25.0,0.92,0.92,3.45,19.2,,,22.0,22.7,21.7,-23.91,1.05,1.32,0,1,0,0,1,0,0,"[0, 0, 224]",,,,,,,,,,1,,
2026-07-13 05:27:38.002582,,64,23.7,25.5,25.0,0.82,0.95,0.9,19.2,,,22.0,22.7,21.7,-23.91,1.52,0.81,0,1,0,0,1,0,0,"[0, 0, 224]",,,,,,,,,,1,,
2026-07-13 05:27:38.112060,,64,23.7,25.5,25.0,1.76,1.42,0.76,19.2,,,22.0,22.7,21.7,-23.91,0.88,0.81,0,1,0,0,1,0,0,"[0, 0, 224]",,,,,,,,,,1,,
2026-07-13 05:27:38.227056,,64,23.7,25.5,25.0,1.15,1.32,2.51,19.2,,,22.0,22.7,21.7,-23.91,1.05,0.65,0,1,0,0,1,0,0,"[0, 0, 224]",,,,,,,,,,1,,
2026-07-13 05:27:38.337388,,64,23.7,25.5,25.0,1.02,0.92,0.09,19.2,,,22.0,22.7,21.7,-23.91,0.92,1.15,0,1,0,0,1,0,0,"[0, 0, 224]",,,,,,,,,,1,,
2026-07-13 05:27:38.452621,,64,23.7,25.5,25.0,1.15,1.52,3.58,19.2,,,22.0,22.7,21.7,-23.91,1.42,1.18,0,1,0,0,1,0,0,"[0, 0, 224]",,,,,,,,,,1,,
2026-07-13 05:27:38.562217,,64,23.7,25.5,25.0,1.32,1.82,3.18,19.2,,,22.0,22.7,21.7,-23.91,1.42,1.18,0,1,0,0,1,0,0,"[0, 0, 224]",,,,,,,,,,1,,
2026-07-13 05:27:38.672840,,64,23.7,25.5,25.0,1.12,1.02,3.31,19.2,,,22.0,22.7,21.7,-23.91,1.02,1.32,0,1,0,0,1,0,0,"[0, 0, 224]",,,,,,,,,,1,,
2026-07-13 05:27:38.782930,,64,23.7,25.5,25.0,1.08,1.08,3.45,19.2,,,22.0,22.7,21.7,-23.91,1.05,1.15,0,1,0,0,1,0,0,"[0, 0, 224]",,,,,,,,,,1,,
2026-07-13 05:27:38.893807,,64,23.7,25.5,25.0,1.25,1.29,-0.3,19.2,,,22.0,22.7,21.7,-23.91,0.85,1.02,0,1,0,0,1,0,0,"[0, 0, 224]",,,,,,,,,,1,,
2026-07-13 05:27:39.003780,,64,23.7,25.5,25.0,1.05,1.89,3.18,19.2,,,22.0,22.7,21.7,-23.91,0.88,1.22,0,1,0,0,1,0,0,"[0, 0, 224]",,,,,,,,,,1,,
2026-07-13 05:27:39.113944,,64,23.7,25.5,25.0,0.98,1.32,0.76,19.2,,,22.0,22.7,21.7,-23.91,0.92,1.32,0,1,0,0,1,0,0,"[0, 0, 224]",,,,,,,,,,1,,
2026-07-13 05:27:39.224575,,64,23.7,25.5,25.0,0.65,1.59,0.09,19.2,,,22.0,22.7,21.7,-23.91,0.95,0.75,0,1,0,0,1,0,0,"[0, 0, 224]",,,,,,,,,,1,,
2026-07-13 05:27:39.335503,,64,23.7,25.5,25.0,1.49,1.66,1.84,19.2,,,22.0,22.7,21.7,-23.91,0.98,1.08,0,1,0,0,1,0,0,"[0, 0, 224]",,,,,,,,,,1,,
2026-07-13 05:27:39.446921,,64,23.7,25.5,25.0,0.98,0.98,1.3,19.2,,,22.0,22.7,21.7,-23.91,0.95,1.05,0,1,0,0,1,0,0,"[0, 0, 224]",,,,,,,,,,1,,
2026-07-13 05:27:39.556779,,64,23.7,25.5,25.0,1.72,1.25,1.03,19.2,,,22.0,22.7,21.7,-23.91,1.12,0.61,0,1,0,0,1,0,0,"[0, 0, 224]",,,,,,,,,,1,,
2026-07-13 05:27:39.666455,,64,23.7,25.5,25.0,1.02,1.02,-0.7,19.2,,,22.0,22.7,21.7,-23.91,1.19,1.28,0,1,0,0,1,0,0,"[0, 0, 224]",,,,,,,,,,1,,
2026-07-13 05:27:39.776392,,64,23.7,25.5,25.0,1.25,1.08,0.9,19.2,,,22.0,22.7,21.7,-23.91,1.25,1.32,0,1,0,0,1,0,0,"[0, 0, 224]",,,,,,,,,,1,,
2026-07-13 05:27:39.885956,,64,23.7,25.5,25.0,0.88,1.79,-0.3,19.2,,,22.0,22.7,21.7,-23.91,1.42,0.85,0,1,0,0,1,0,0,"[0, 0, 224]",,,,,,,,,,1,,
2026-07-13 05:27:39.996487,,64,23.7,25.5,25.0,0.58,1.66,0.9,19.2,,,22.0,22.7,21.7,-23.91,1.05,0.75,0,1,0,0,1,0,0,"[0, 0, 224]",,,,,,,,,,1,,
2026-07-13 05:27:40.106630,,64,23.7,25.5,25.0,0.92,1.99,-0.03,19.2,,,22.0,22.7,21.7,-23.91,0.92,0.81,0,1,0,0,1,0,0,"[0, 0, 224]",,,,,,,,,,1,,
2026-07-13 05:27:40.215640,,64,23.7,25.5,25.0,1.12,1.39,1.57,19.2,,,22.0,22.7,21.7,-23.91,0.88,1.12,0,1,0,0,1,0,0,"[0, 0, 224]",,,,,,,,,,1,,
2026-07-13 05:27:40.325300,,64,23.7,25.5,25.0,1.29,1.39,0.09,19.2,,,22.0,22.7,21.7,-23.91,1.49,0.95,0,1,0,0,1,0,0,"[0, 0, 224]",,,,,,,,,,1,,
2026-07-13 05:27:40.434878,,64,23.7,25.5,25.0,1.32,1.86,2.51,19.2,,,22.0,22.7,21.7,-23.91,1.39,0.81,0,1,0,0,1,0,0,"[0, 0, 224]",,,,,,,,,,1,,
2026-07-13 05:27:40.544682,,64,23.7,25.5,25.0,1.25,1.32,0.36,19.2,,,22.0,22.7,21.7,-23.91,1.52,0.68,0,1,0,0,1,0,0,"[0, 0, 224]",,,,,,,,,,1,,
2026-07-13 05:27:40.657405,,64,23.7,25.5,25.0,1.49,0.92,2.11,19.2,,,22.0,22.7,21.7,-23.91,1.45,0.68,0,1,0,0,1,0,0,"[0, 0, 224]",,,,,,,,,,1,,
2026-07-13 05:27:40.767142,,64,23.7,25.5,25.0,0.88,1.25,1.03,19.2,,,22.0,22.7,21.7,-23.91,0.95,1.35,0,1,0,0,1,0,0,"[0, 0, 224]",,,,,,,,,,1,,
2026-07-13 05:27:40.876745,,64,23.7,25.5,25.0,1.42,1.89,0.76,19.2,,,22.0,22.7,21.7,-23.91,1.49,1.22,0,1,0,0,1,0,0,"[0, 0, 224]",,,,,,,,,,1,,
2026-07-13 05:27:40.987208,,64,23.7,25.5,25.0,0.65,1.62,1.7,19.2,,,22.0,22.7,21.7,-23.91,0.92,0.78,0,1,0,0,1,0,0,"[0, 0, 224]",,,,,,,,,,1,,
2026-07-13 05:27:41.096647,,64,23.7,25.5,25.0,1.39,1.25,0.9,19.2,,,22.0,22.7,21.7,-23.91,1.59,1.28,0,1,0,0,1,0,0,"[0, 0, 224]",,,,,,,,,,1,,
2026-07-13 05:27:41.206102,,64,23.7,25.5,25.0,0.78,1.49,0.36,19.2,,,22.0,22.7,21.7,-23.91,1.39,0.81,0,1,0,0,1,0,0,"[0, 0, 224]",,,,,,,,,,1,,
2026-07-13 05:27:41.321981,,64,23.7,25.5,25.0,0.61,0.92,0.23,19.2,,,22.0,22.7,21.7,-23.91,0.95,1.12,0,1,0,0,1,0,0,"[0, 0, 224]",,,,,,,,,,1,,
2026-07-13 05:27:41.430888,,64,23.7,25.5,25.0,1.12,1.59,0.76,19.2,,,22.0,22.7,21.7,-23.91,0.98,0.95,0,1,0,0,1,0,0,"[0, 0, 224]",,,,,,,,,,1,,
2026-07-13 05:27:41.539880,,64,23.7,25.5,25.0,1.62,1.39,-1.91,19.2,,,22.0,22.7,21.7,-23.91,0.85,0.58,0,1,0,0,1,0,0,"[0, 0, 224]",,,,,,,,,,1,,
2026-07-13 05:27:41.649333,,64,23.7,25.5,25.0,1.19,1.62,-1.38,19.2,,,22.0,22.7,21.7,-23.91,1.45,0.75,0,1,0,0,1,0,0,"[0, 0, 224]",,,,,,,,,,1,,
2026-07-13 05:27:41.758433,,64,23.7,25.5,25.0,0.72,1.15,3.18,19.2,,,22.0,22.7,21.7,-23.91,1.35,1.22,0,1,0,0,1,0,0,"[0, 0, 224]",,,,,,,,,,1,,
2026-07-13 05:27:41.868262,,64,23.7,25.5,25.0,1.62,1.79,-0.7,19.2,,,22.0,22.7,21.7,-23.91,1.52,1.22,0,1,0,0,1,0,0,"[0, 0, 224]",,,,,,,,,,1,,
2026-07-13 05:27:41.978227,,64,23.7,25.5,25.0,1.19,1.39,0.23,19.2,,,22.0,22.7,21.7,-23.91,1.35,1.08,0,1,0,0,1,0,0,"[0, 0, 224]",,,,,,,,,,1,,
2026-07-13 05:27:42.088324,,64,23.7,25.5,25.0,1.55,1.55,2.24,19.2,,,22.0,22.7,21.7,-23.91,1.59,0.65,0,1,0,0,1,0,0,"[0, 0, 224]",,,,,,,,,,1,,
2026-07-13 05:27:42.197818,,64,23.7,25.5,25.0,0.78,1.08,0.49,19.2,,,22.0,22.7,21.7,-23.91,1.42,1.28,0,1,0,0,1,0,0,"[0, 0, 224]",,,,,,,,,,1,,
2026-07-13 05:27:42.325565,,64,23.7,25.5,25.0,1.22,1.52,0.49,19.2,,,22.0,22.7,21.7,-23.91,1.32,1.15,0,1,0,0,1,0,0,"[0, 0, 224]",,,,,,,,,,1,,
2026-07-13 05:27:42.435115,,64,23.7,25.5,25.0,1.52,1.52,2.78,19.2,,,22.0,22.7,21.7,-23.91,1.32,1.22,0,1,0,0,1,0,0,"[0, 0, 224]",,,,,,,,,,1,,
2026-07-13 05:27:42.544234,,64,23.7,25.5,25.0,0.58,1.45,0.76,19.2,,,22.0,22.7,21.7,-23.91,1.29,1.15,0,1,0,0,1,0,0,"[0, 0, 224]",,,,,,,,,,1,,
2026-07-13 05:27:42.653699,,64,23.7,25.5,25.0,1.05,1.19,0.36,19.2,,,22.0,22.7,21.7,-23.91,1.12,0.81,0,1,0,0,1,0,0,"[0, 0, 224]",,,,,,,,,,1,,
2026-07-13 05:27:42.763708,,64,23.7,25.5,25.0,0.82,0.88,1.17,19.2,,,22.0,22.7,21.7,-23.91,1.52,0.78,0,1,0,0,1,0,0,"[0, 0, 224]",,,,,,,,,,1,,
2026-07-13 05:27:42.876632,,64,23.7,25.5,25.0,0.98,1.35,2.24,19.2,,,22.0,22.7,21.7,-23.91,1.52,0.92,0,1,0,0,1,0,0,"[0, 0, 224]",,,,,,,,,,1,,
2026-07-13 05:27:42.986551,,64,23.7,25.5,25.0,1.42,1.25,1.84,19.2,,,22.0,22.7,21.7,-23.91,0.98,0.65,0,1,0,0,1,0,0,"[0, 0, 224]",,,,,,,,,,1,,
2026-07-13 05:27:43.095650,,64,23.7,25.5,25.0,0.85,1.52,1.3,19.2,,,22.0,22.7,21.7,-23.91,1.45,1.15,0,1,0,0,1,0,0,"[0, 0, 224]",,,,,,,,,,1,,
2026-07-13 05:27:43.205243,,64,23.7,25.5,25.0,1.22,1.15,2.24,19.2,,,22.0,22.7,21.7,-23.91,1.39,1.32,0,1,0,0,1,0,0,"[0, 0, 224]",,,,,,,,,,1,,
2026-07-13 05:27:43.315448,,64,23.7,25.5,25.0,0.92,1.19,0.23,19.2,,,22.0,22.7,21.7,-23.91,0.88,0.95,0,1,0,0,1,0,0,"[0, 0, 224]",,,,,,,,,,1,,
2026-07-13 05:27:43.426297,,64,23.7,25.5,25.0,1.29,1.52,-0.7,19.2,,,22.0,22.7,21.7,-23.91,0.98,0.75,0,1,0,0,1,0,0,"[0, 0, 224]",,,,,,,,,,1,,
2026-07-13 05:27:43.536400,,64,23.7,25.5,25.0,1.52,1.62,3.05,19.5,,,22.0,22.7,21.7,-23.91,1.39,0.68,0,1,0,0,1,0,0,"[0, 0, 224]",,,,,,,,,,1,,
2026-07-13 05:27:43.645905,,64,23.7,25.5,25.0,1.02,1.02,1.97,19.5,,,22.0,22.7,21.7,-23.91,1.42,1.22,0,1,0,0,1,0,0,"[0, 0, 224]",,,,,,,,,,1,,
2026-07-13 05:27:43.755716,,64,23.7,25.5,25.0,1.45,1.99,1.84,19.5,,,22.0,22.7,21.7,-23.91,1.59,0.92,0,1,0,0,1,0,0,"[0, 0, 224]",,,,,,,,,,1,,
2026-07-13 05:27:43.865849,,64,23.7,25.5,25.0,1.15,1.52,1.57,19.5,,,22.0,22.7,21.7,-23.91,0.88,1.32,0,1,0,0,1,0,0,"[0, 0, 224]",,,,,,,,,,1,,
2026-07-13 05:27:43.975270,,64,23.7,25.5,25.0,1.15,1.25,-0.17,19.5,,,22.0,22.7,21.7,-23.91,1.52,1.22,0,1,0,0,1,0,0,"[0, 0, 224]",,,,,,,,,,1,,
2026-07-13 05:27:44.085203,,64,23.7,25.5,25.0,1.08,0.98,0.36,19.5,,,22.0,22.7,21.7,-23.91,0.98,1.22,0,1,0,0,1,0,0,"[0, 0, 224]",,,,,,,,,,1,,
2026-07-13 05:27:44.195416,,64,23.7,25.5,25.0,1.69,1.82,1.97,19.5,,,22.0,22.7,21.7,-23.91,1.32,0.68,0,1,0,0,1,0,0,"[0, 0, 224]",,,,,,,,,,1,,
2026-07-13 05:27:44.317860,,64,23.7,25.5,25.0,1.29,1.62,1.3,19.5,,,22.0,22.7,21.7,-23.91,1.35,1.28,0,1,0,0,1,0,0,"[0, 0, 224]",,,,,,,,,,1,,
2026-07-13 05:27:44.428505,,64,23.7,25.5,25.0,0.88,1.55,0.76,19.5,,,22.0,22.7,21.7,-23.91,1.42,0.75,0,1,0,0,1,0,0,"[0, 0, 224]",,,,,,,,,,1,,
2026-07-13 05:27:44.538617,,64,23.7,25.5,25.0,1.45,1.39,-0.3,19.5,,,22.0,22.7,21.7,-23.91,1.42,1.32,0,1,0,0,1,0,0,"[0, 0, 224]",,,,,,,,,,1,,
2026-07-13 05:27:44.648263,,64,23.7,25.5,25.0,0.82,1.49,2.11,19.5,,,22.0,22.7,21.7,-23.91,1.52,0.85,0,1,0,0,1,0,0,"[0, 0, 224]",,,,,,,,,,1,,
2026-07-13 05:27:44.757634,,64,23.7,25.5,25.0,1.15,0.88,1.03,19.5,,,22.0,22.7,21.7,-23.91,1.02,1.25,0,1,0,0,1,0,0,"[0, 0, 224]",,,,,,,,,,1,,
2026-07-13 05:27:44.867534,,64,23.7,25.5,25.0,0.92,1.49,3.18,19.5,,,22.0,22.7,21.7,-23.91,0.95,0.85,0,1,0,0,1,0,0,"[0, 0, 224]",,,,,,,,,,1,,
2026-07-13 05:27:44.978094,,64,23.7,25.5,25.0,1.05,0.82,1.43,19.5,,,22.0,22.7,21.7,-23.91,1.29,0.71,0,1,0,0,1,0,0,"[0, 0, 224]",,,,,,,,,,1,,
2026-07-13 05:27:45.090326,,64,23.7,25.5,25.0,1.35,1.35,1.3,19.5,,,22.0,22.7,21.7,-23.91,1.42,0.75,0,1,0,0,1,0,0,"[0, 0, 224]",,,,,,,,,,1,,
2026-07-13 05:27:45.200313,,64,23.7,25.5,25.0,0.55,1.69,2.91,19.5,,,22.0,22.7,21.7,-23.91,1.12,0.88,0,1,0,0,1,0,0,"[0, 0, 224]",,,,,,,,,,1,,
2026-07-13 05:27:45.310659,,64,23.7,25.5,25.0,1.59,1.25,3.05,19.5,,,22.0,22.7,21.7,-23.91,1.08,0.68,0,1,0,0,1,0,0,"[0, 0, 224]",,,,,,,,,,1,,
2026-07-13 05:27:45.420331,,64,23.7,25.5,25.0,1.08,1.66,2.91,19.5,,,22.0,22.7,21.7,-23.91,0.92,1.15,0,1,0,0,1,0,0,"[0, 0, 224]",,,,,,,,,,1,,
2026-07-13 05:27:45.530280,,64,23.7,25.5,25.0,0.85,1.86,1.57,19.5,,,22.0,22.7,21.7,-23.91,0.98,1.25,0,1,0,0,1,0,0,"[0, 0, 224]",,,,,,,,,,1,,
2026-07-13 05:27:45.640213,,64,23.7,25.5,25.0,1.76,1.52,1.57,19.5,,,22.0,22.7,21.7,-23.91,1.22,0.75,0,1,0,0,1,0,0,"[0, 0, 224]",,,,,,,,,,1,,
2026-07-13 05:27:45.750317,,64,23.7,25.5,25.0,1.49,1.12,1.3,19.5,,,22.0,22.7,21.7,-23.91,1.52,0.75,0,1,0,0,1,0,0,"[0, 0, 224]",,,,,,,,,,1,,
2026-07-13 05:27:45.860704,,64,23.7,25.5,25.0,1.12,1.12,1.43,19.5,,,22.0,22.7,21.7,-23.91,0.88,1.18,0,1,0,0,1,0,0,"[0, 0, 224]",,,,,,,,,,1,,
2026-07-13 05:27:45.970527,,64,23.7,25.5,25.0,0.78,1.39,3.31,19.5,,,22.0,22.7,21.7,-23.91,1.25,0.75,0,1,0,0,1,0,0,"[0, 0, 224]",,,,,,,,,,1,,
2026-07-13 05:27:46.080799,,64,23.7,25.5,25.0,1.02,0.78,3.58,19.5,,,22.0,22.7,21.7,-23.91,1.42,0.78,0,1,0,0,1,0,0,"[0, 0, 224]",,,,,,,,,,1,,
2026-07-13 05:27:46.193857,,64,23.7,25.5,25.0,1.62,1.42,0.49,19.5,,,22.0,22.7,21.7,-23.91,1.52,1.35,0,1,0,0,1,0,0,"[0, 0, 224]",,,,,,,,,,1,,
2026-07-13 05:27:46.311747,,64,23.7,25.5,25.0,1.39,1.29,0.36,19.5,,,22.0,22.7,21.7,-23.91,0.88,1.32,0,1,0,0,1,0,0,"[0, 0, 224]",,,,,,,,,,1,,
2026-07-13 05:27:46.422001,,64,23.7,25.5,25.0,1.29,1.02,3.18,19.5,,,22.0,22.7,21.7,-23.91,1.15,1.22,0,1,0,0,1,0,0,"[0, 0, 224]",,,,,,,,,,1,,
2026-07-13 05:27:46.532543,,64,23.7,25.5,25.0,1.32,1.12,2.11,19.5,,,22.0,22.7,21.7,-23.91,0.95,0.65,0,1,0,0,1,0,0,"[0, 0, 224]",,,,,,,,,,1,,
2026-07-13 05:27:46.642713,,64,23.7,25.5,25.0,0.82,1.08,2.24,19.5,,,22.0,22.7,21.7,-23.91,1.52,1.08,0,1,0,0,1,0,0,"[0, 0, 224]",,,,,,,,,,1,,
2026-07-13 05:27:46.752892,,64,23.7,25.5,25.0,1.32,1.55,2.11,19.5,,,22.0,22.7,21.7,-23.91,1.22,1.15,0,1,0,0,1,0,0,"[0, 0, 224]",,,,,,,,,,1,,
2026-07-13 05:27:46.862470,,64,23.7,25.5,25.0,1.45,1.35,1.84,19.5,,,22.0,22.7,21.7,-23.91,1.52,1.15,0,1,0,0,1,0,0,"[0, 0, 224]",,,,,,,,,,1,,
2026-07-13 05:27:46.972038,,64,23.7,25.5,25.0,1.08,1.76,-0.7,19.5,,,22.0,22.7,21.7,-23.91,1.39,0.95,0,1,0,0,1,0,0,"[0, 0, 224]",,,,,,,,,,1,,
2026-07-13 05:27:47.082688,,64,23.7,25.5,25.0,1.35,1.62,0.63,19.5,,,22.0,22.7,21.7,-23.91,1.42,1.35,0,1,0,0,1,0,0,"[0, 0, 224]",,,,,,,,,,1,,
2026-07-13 05:27:47.197390,,64,23.7,25.5,25.0,1.05,1.59,1.43,19.5,,,22.0,22.7,21.7,-23.91,1.35,1.32,0,1,0,0,1,0,0,"[0, 0, 224]",,,,,,,,,,1,,
2026-07-13 05:27:47.321638,,64,23.7,25.5,25.0,0.38,1.42,1.17,19.5,,,22.0,22.7,21.7,-23.91,1.49,0.68,0,1,0,0,1,0,0,"[0, 0, 224]",,,,,,,,,,1,,
2026-07-13 05:27:47.431453,,64,23.7,25.5,25.0,0.58,1.05,-0.03,19.5,,,22.0,22.7,21.7,-23.91,0.95,0.68,0,1,0,0,1,0,0,"[0, 0, 224]",,,,,,,,,,1,,
2026-07-13 05:27:47.541508,,64,23.7,25.5,25.0,1.15,1.52,3.45,19.5,,,22.0,22.7,21.7,-23.91,0.88,0.71,0,1,0,0,1,0,0,"[0, 0, 224]",,,,,,,,,,1,,
2026-07-13 05:27:47.651150,,64,23.7,25.5,25.0,0.92,1.79,1.97,19.5,,,22.0,22.7,21.7,-23.91,1.05,1.15,0,1,0,0,1,0,0,"[0, 0, 224]",,,,,,,,,,1,,
2026-07-13 05:27:47.761086,,64,23.7,25.5,25.0,0.88,1.05,2.11,19.5,,,22.0,22.7,21.7,-23.91,1.42,1.35,0,1,0,0,1,0,0,"[0, 0, 224]",,,,,,,,,,1,,
2026-07-13 05:27:47.871106,,64,23.7,25.5,25.0,0.88,1.82,3.58,19.5,,,22.0,22.7,21.7,-23.91,1.62,1.25,0,1,0,0,1,0,0,"[0, 0, 224]",,,,,,,,,,1,,
2026-07-13 05:27:47.979479,,64,23.7,25.5,25.0,1.42,1.02,0.63,19.5,,,22.0,22.7,21.7,-23.91,0.92,1.32,0,1,0,0,1,0,0,"[0, 0, 224]",,,,,,,,,,1,,
2026-07-13 05:27:48.083765,,64,23.7,25.5,25.0,1.52,1.42,2.64,19.5,,,22.0,22.7,21.7,-23.91,1.22,0.78,0,1,0,0,1,0,0,"[0, 0, 224]",,,,,,,,,,1,,
2026-07-13 05:27:48.195962,,64,23.7,25.5,25.0,0.68,1.69,-0.17,19.5,,,22.0,22.7,21.7,-23.91,1.19,1.08,0,1,0,0,1,0,0,"[0, 0, 224]",,,,,,,,,,1,,
2026-07-13 05:27:48.316910,,64,23.7,25.5,25.0,0.72,1.52,2.51,19.5,,,22.0,22.7,21.7,-23.91,1.45,0.81,0,1,0,0,1,0,0,"[0, 0, 224]",,,,,,,,,,1,,
2026-07-13 05:27:48.421894,,64,23.7,25.5,25.0,1.02,1.35,1.7,19.5,,,22.0,22.7,21.7,-23.91,1.22,1.28,0,1,0,0,1,0,0,"[0, 0, 224]",,,,,,,,,,1,,
2026-07-13 05:27:48.525629,,64,23.7,25.5,25.0,0.92,1.05,1.57,19.5,,,22.0,22.7,21.7,-23.91,1.39,0.75,0,1,0,0,1,0,0,"[0, 0, 224]",,,,,,,,,,1,,
2026-07-13 05:27:48.629274,,64,23.7,25.5,25.0,1.52,1.35,1.3,19.5,,,22.0,22.7,21.7,-23.91,1.29,1.15,0,1,0,0,1,0,0,"[0, 0, 224]",,,,,,,,,,1,,
2026-07-13 05:27:48.732657,,64,23.7,25.5,25.0,1.76,1.45,-0.17,19.5,,,22.0,22.7,21.7,-23.91,0.92,0.71,0,1,0,0,1,0,0,"[0, 0, 224]",,,,,,,,,,1,,
2026-07-13 05:27:48.837096,,64,23.7,25.5,25.0,0.72,1.35,2.91,19.5,,,22.0,22.7,21.7,-23.91,1.12,1.28,0,1,0,0,1,0,0,"[0, 0, 224]",,,,,,,,,,1,,
2026-07-13 05:27:48.940416,,64,23.7,25.5,25.0,0.75,1.52,2.11,19.5,,,22.0,22.7,21.7,-23.91,0.82,0.68,0,1,0,0,1,0,0,"[0, 0, 224]",,,,,,,,,,1,,
2026-07-13 05:27:49.044024,,64,23.7,25.5,25.0,1.42,1.32,1.84,19.5,,,22.0,22.7,21.7,-23.91,1.12,1.22,0,1,0,0,1,0,0,"[0, 0, 224]",,,,,,,,,,1,,
2026-07-13 05:27:49.147922,,64,23.7,25.5,25.0,0.58,1.79,2.91,19.5,,,22.0,22.7,21.7,-23.91,1.42,0.78,0,1,0,0,1,0,0,"[0, 0, 224]",,,,,,,,,,1,,
2026-07-13 05:27:49.251843,,64,23.7,25.5,25.0,1.62,1.62,0.76,19.5,,,22.0,22.7,21.7,-23.91,1.45,1.02,0,1,0,0,1,0,0,"[0, 0, 224]",,,,,,,,,,1,,
2026-07-13 05:27:49.365694,,64,23.7,25.5,25.0,0.82,1.59,0.63,19.5,,,22.0,22.7,21.7,-23.91,1.05,0.98,0,1,0,0,1,0,0,"[0, 0, 224]",,,,,,,,,,1,,
2026-07-13 05:27:49.472231,,64,23.7,25.5,25.0,1.22,1.32,-0.3,19.5,,,22.0,22.7,21.7,-23.91,1.35,1.08,0,1,0,0,1,0,0,"[0, 0, 224]",,,,,,,,,,1,,
2026-07-13 05:27:49.576184,,64,23.7,25.5,25.0,1.49,1.72,1.84,19.5,,,22.0,22.7,21.7,-23.91,1.15,1.22,0,1,0,0,1,0,0,"[0, 0, 224]",,,,,,,,,,1,,
2026-07-13 05:27:49.679358,,64,23.7,25.5,25.0,1.08,1.12,0.9,19.5,,,22.0,22.7,21.7,-23.91,1.42,0.98,0,1,0,0,1,0,0,"[0, 0, 224]",,,,,,,,,,1,,
2026-07-13 05:27:49.782719,,64,23.7,25.5,25.0,0.88,2.02,-0.44,19.5,,,22.0,22.7,21.7,-23.91,0.88,1.18,0,1,0,0,1,0,0,"[0, 0, 224]",,,,,,,,,,1,,
2026-07-13 05:27:49.887067,,64,23.7,25.5,25.0,1.52,1.55,1.3,19.5,,,22.0,22.7,21.7,-23.91,1.29,1.28,0,1,0,0,1,0,0,"[0, 0, 224]",,,,,,,,,,1,,
2026-07-13 05:27:49.990641,,64,23.7,25.5,25.0,1.29,0.98,1.03,19.5,,,22.0,22.7,21.7,-23.91,1.52,1.25,0,1,0,0,1,0,0,"[0, 0, 224]",,,,,,,,,,1,,
2026-07-13 05:27:50.093813,,64,23.7,25.5,25.0,1.08,0.72,3.05,19.5,,,22.0,22.7,21.7,-23.91,1.52,0.78,0,1,0,0,1,0,0,"[0, 0, 224]",,,,,,,,,,1,,
2026-07-13 05:27:50.200000,,64,23.7,25.5,25.0,1.76,1.76,3.05,19.5,,,22.0,22.7,21.7,-23.91,0.95,0.81,0,1,0,0,1,0,0,"[0, 0, 224]",,,,,,,,,,1,,
2026-07-13 05:27:50.317005,,64,23.7,25.5,25.0,1.22,1.89,0.9,19.5,,,22.0,22.7,21.7,-23.91,1.05,0.78,0,1,0,0,1,0,0,"[0, 0, 224]",,,,,,,,,,1,,
2026-07-13 05:27:50.422692,,64,23.7,25.5,25.0,0.72,1.99,0.9,19.5,,,22.0,22.7,21.7,-23.91,0.92,1.25,0,1,0,0,1,0,0,"[0, 0, 224]",,,,,,,,,,1,,
2026-07-13 05:27:50.526608,,64,23.7,25.5,25.0,1.22,1.99,-0.3,19.5,,,22.0,22.7,21.7,-23.91,1.42,0.65,0,1,0,0,1,0,0,"[0, 0, 224]",,,,,,,,,,1,,
2026-07-13 05:27:50.630471,,64,23.7,25.5,25.0,1.45,1.05,-0.57,19.5,,,22.0,22.7,21.7,-23.91,1.08,0.75,0,1,0,0,1,0,0,"[0, 0, 224]",,,,,,,,,,1,,
2026-07-13 05:27:50.734030,,64,23.7,25.5,25.0,1.35,1.35,0.63,19.5,,,22.0,22.7,21.7,-23.91,1.25,1.18,0,1,0,0,1,0,0,"[0, 0, 224]",,,,,,,,,,1,,
2026-07-13 05:27:50.837627,,64,23.7,25.5,25.0,1.42,1.42,-0.03,19.5,,,22.0,22.7,21.7,-23.91,0.95,1.25,0,1,0,0,1,0,0,"[0, 0, 224]",,,,,,,,,,1,,
2026-07-13 05:27:50.941218,,64,23.7,25.5,25.0,1.15,1.52,1.84,19.5,,,22.0,22.7,21.7,-23.91,0.88,1.28,0,1,0,0,1,0,0,"[0, 0, 224]",,,,,,,,,,1,,
2026-07-13 05:27:51.044683,,64,23.7,25.5,25.0,1.35,0.85,1.43,19.5,,,22.0,22.7,21.7,-23.91,0.98,0.85,0,1,0,0,1,0,0,"[0, 0, 224]",,,,,,,,,,1,,
2026-07-13 05:27:51.148784,,64,23.7,25.5,25.0,1.49,1.19,0.23,19.5,,,22.0,22.7,21.7,-23.91,1.02,1.05,0,1,0,0,1,0,0,"[0, 0, 224]",,,,,,,,,,1,,
2026-07-13 05:27:51.256990,,64,23.7,25.5,25.0,1.05,0.78,3.18,19.5,,,22.0,22.7,21.7,-23.91,0.92,0.78,0,1,0,0,1,0,0,"[0, 0, 224]",,,,,,,,,,1,,
2026-07-13 05:27:51.361096,,64,23.7,25.5,25.0,1.49,1.72,3.31,19.5,,,22.0,22.7,21.7,-23.91,1.52,0.68,0,1,0,0,1,0,0,"[0, 0, 224]",,,,,,,,,,1,,
2026-07-13 05:27:51.466612,,64,23.7,25.5,25.0,1.59,1.02,1.97,19.5,,,22.0,22.7,21.7,-23.91,1.52,1.12,0,1,0,0,1,0,0,"[0, 0, 224]",,,,,,,,,,1,,
2026-07-13 05:27:51.570967,,64,23.7,25.5,25.0,0.75,1.72,1.03,19.5,,,22.0,22.7,21.7,-23.91,1.52,0.71,0,1,0,0,1,0,0,"[0, 0, 224]",,,,,,,,,,1,,
2026-07-13 05:27:51.674341,,64,23.7,25.5,25.0,1.32,1.39,1.97,19.5,,,22.0,22.7,21.7,-23.91,1.05,1.22,0,1,0,0,1,0,0,"[0, 0, 224]",,,,,,,,,,1,,
2026-07-13 05:27:51.777689,,64,23.7,25.5,25.0,1.12,1.42,-1.64,19.5,,,22.0,22.7,21.7,-23.91,1.39,0.71,0,1,0,0,1,0,0,"[0, 0, 224]",,,,,,,,,,1,,
2026-07-13 05:27:51.881807,,64,23.7,25.5,25.0,1.49,1.49,3.05,19.5,,,22.0,22.7,21.7,-23.91,1.12,0.92,0,1,0,0,1,0,0,"[0, 0, 224]",,,,,,,,,,1,,
2026-07-13 05:27:51.985062,,64,23.7,25.5,25.0,0.68,1.72,-0.57,19.5,,,22.0,22.7,21.7,-23.91,1.35,1.28,0,1,0,0,1,0,0,"[0, 0, 224]",,,,,,,,,,1,,
2026-07-13 05:27:52.088799,,64,23.7,25.5,25.0,0.72,1.35,-0.17,19.5,,,22.0,22.7,21.7,-23.91,0.85,0.81,0,1,0,0,1,0,0,"[0, 0, 224]",,,,,,,,,,1,,
2026-07-13 05:27:52.200134,,64,23.7,25.5,25.0,0.51,1.12,1.84,19.5,,,22.0,22.7,21.7,-23.91,0.95,1.35,0,1,0,0,1,0,0,"[0, 0, 224]",,,,,,,,,,1,,
2026-07-13 05:27:52.313843,,64,23.7,25.5,25.0,0.82,1.79,1.17,19.5,,,22.0,22.7,21.7,-23.91,0.98,0.95,0,1,0,0,1,0,0,"[0, 0, 224]",,,,,,,,,,1,,
2026-07-13 05:27:52.417492,,64,23.7,25.5,25.0,1.49,1.89,0.36,19.5,,,22.0,22.7,21.7,-23.91,1.15,0.75,0,1,0,0,1,0,0,"[0, 0, 224]",,,,,,,,,,1,,
2026-07-13 05:27:52.521663,,64,23.7,25.5,25.0,1.08,1.42,1.57,19.5,,,22.0,22.7,21.7,-23.91,1.45,0.98,0,1,0,0,1,0,0,"[0, 0, 224]",,,,,,,,,,1,,
2026-07-13 05:27:52.624976,,64,23.7,25.5,25.0,0.98,1.05,-0.57,19.5,,,22.0,22.7,21.7,-23.91,1.52,0.81,0,1,0,0,1,0,0,"[0, 0, 224]",,,,,,,,,,1,,
2026-07-13 05:27:52.728569,,64,23.7,25.5,25.0,1.08,1.29,1.03,19.5,,,22.0,22.7,21.7,-23.91,1.35,0.81,0,1,0,0,1,0,0,"[0, 0, 224]",,,,,,,,,,1,,
2026-07-13 05:27:52.831898,,64,23.7,25.5,25.0,0.98,1.45,0.09,19.5,,,22.0,22.7,21.7,-23.91,0.88,0.95,0,1,0,0,1,0,0,"[0, 0, 224]",,,,,,,,,,1,,
2026-07-13 05:27:52.935500,,64,23.7,25.5,25.0,1.02,1.66,-0.03,19.5,,,22.0,22.7,21.7,-23.91,0.98,0.68,0,1,0,0,1,0,0,"[0, 0, 224]",,,,,,,,,,1,,
2026-07-13 05:27:53.039583,,64,23.7,25.5,25.0,1.15,1.42,3.31,19.5,,,22.0,22.7,21.7,-23.91,1.22,0.78,0,1,0,0,1,0,0,"[0, 0, 224]",,,,,,,,,,1,,
2026-07-13 05:27:53.143861,,64,23.7,25.5,25.0,0.61,1.19,2.51,19.5,,,22.0,22.7,21.7,-23.91,1.42,1.18,0,1,0,0,1,0,0,"[0, 0, 224]",,,,,,,,,,1,,
2026-07-13 05:27:53.248809,,64,23.7,25.5,25.0,1.52,1.05,1.97,19.5,,,22.0,22.7,21.7,-23.91,1.52,0.65,0,1,0,0,1,0,0,"[0, 0, 224]",,,,,,,,,,1,,
2026-07-13 05:27:53.352357,,64,23.7,25.5,25.0,1.08,1.76,1.03,19.5,,,22.0,22.7,21.7,-23.91,1.29,1.12,0,1,0,0,1,0,0,"[0, 0, 224]",,,,,,,,,,1,,
2026-07-13 05:27:53.458228,,64,23.7,25.5,25.0,1.19,1.05,2.24,19.5,,,22.0,22.7,21.7,-23.91,1.39,1.02,0,1,0,0,1,0,0,"[0, 0, 224]",,,,,,,,,,1,,
2026-07-13 05:27:53.563188,,64,23.7,25.5,25.0,1.05,1.25,1.97,19.5,,,22.0,22.7,21.7,-23.91,1.19,0.68,0,1,0,0,1,0,0,"[0, 0, 224]",,,,,,,,,,1,,
2026-07-13 05:27:53.667103,,64,23.7,25.5,25.0,1.59,1.45,1.97,19.5,,,22.0,22.7,21.7,-23.91,1.45,0.61,0,1,0,0,1,0,0,"[0, 0, 224]",,,,,,,,,,1,,
2026-07-13 05:27:53.771411,,64,23.7,25.5,25.0,0.98,0.92,2.64,19.5,,,22.0,22.7,21.7,-23.91,1.55,1.22,0,1,0,0,1,0,0,"[0, 0, 224]",,,,,,,,,,1,,
2026-07-13 05:27:53.875990,,64,23.7,25.5,25.0,1.22,2.02,0.36,19.5,,,22.0,22.7,21.7,-23.91,1.52,0.68,0,1,0,0,1,0,0,"[0, 0, 224]",,,,,,,,,,1,,
2026-07-13 05:27:53.979609,,64,23.7,25.5,25.0,1.19,1.66,1.57,19.5,,,22.0,22.7,21.7,-23.91,0.85,1.28,0,1,0,0,1,0,0,"[0, 0, 224]",,,,,,,,,,1,,
2026-07-13 05:27:54.084221,,64,23.7,25.5,25.0,0.82,1.66,1.3,19.5,,,22.0,22.7,21.7,-23.91,0.95,0.95,0,1,0,0,1,0,0,"[0, 0, 224]",,,,,,,,,,1,,
2026-07-13 05:27:54.196002,,64,23.7,25.5,25.0,1.25,1.25,2.37,19.5,,,22.0,22.7,21.7,-23.91,1.42,0.65,0,1,0,0,1,0,0,"[0, 0, 224]",,,,,,,,,,1,,
2026-07-13 05:27:54.308834,,64,23.7,25.5,25.0,1.35,1.69,1.84,19.5,,,22.0,22.7,21.7,-23.91,1.22,1.12,0,1,0,0,1,0,0,"[0, 0, 224]",,,,,,,,,,1,,
2026-07-13 05:27:54.415702,,64,23.7,25.5,25.0,1.25,0.88,1.03,19.5,,,22.0,22.7,21.7,-23.91,1.39,0.95,0,1,0,0,1,0,0,"[0, 0, 224]",,,,,,,,,,1,,
2026-07-13 05:27:54.520464,,64,23.7,25.5,25.0,1.19,1.42,1.7,19.5,,,22.0,22.7,21.7,-23.91,1.49,1.15,0,1,0,0,1,0,0,"[0, 0, 224]",,,,,,,,,,1,,
2026-07-13 05:27:54.624663,,64,23.7,25.5,25.0,1.66,1.29,1.3,19.5,,,22.0,22.7,21.7,-23.91,1.35,1.02,0,1,0,0,1,0,0,"[0, 0, 224]",,,,,,,,,,1,,
2026-07-13 05:27:54.728932,,64,23.7,25.5,25.0,1.32,0.92,2.91,19.5,,,22.0,22.7,21.7,-23.91,1.08,1.25,0,1,0,0,1,0,0,"[0, 0, 224]",,,,,,,,,,1,,
2026-07-13 05:27:54.833389,,64,23.7,25.5,25.0,1.08,1.35,2.24,19.5,,,22.0,22.7,21.7,-23.91,1.02,0.68,0,1,0,0,1,0,0,"[0, 0, 224]",,,,,,,,,,1,,
2026-07-13 05:27:54.937424,,64,23.7,25.5,25.0,1.32,1.19,-0.44,19.5,,,22.0,22.7,21.7,-23.91,1.39,0.95,0,1,0,0,1,0,0,"[0, 0, 224]",,,,,,,,,,1,,
2026-07-13 05:27:55.041582,,64,23.7,25.5,25.0,1.62,1.35,-0.7,19.5,,,22.0,22.7,21.7,-23.91,1.49,1.32,0,1,0,0,1,0,0,"[0, 0, 224]",,,,,,,,,,1,,
2026-07-13 05:27:55.145730,,64,23.7,25.5,25.0,1.08,0.98,1.3,19.5,,,22.0,22.7,21.7,-23.91,0.82,0.92,0,1,0,0,1,0,0,"[0, 0, 224]",,,,,,,,,,1,,
2026-07-13 05:27:55.251169,,64,23.7,25.5,25.0,1.29,1.35,0.36,19.5,,,22.0,22.7,21.7,-23.91,1.29,0.78,0,1,0,0,1,0,0,"[0, 0, 224]",,,,,,,,,,1,,
2026-07-13 05:27:55.358920,,64,23.7,25.5,25.0,1.08,1.08,0.63,19.5,,,22.0,22.7,21.7,-23.91,1.25,1.25,0,1,0,0,1,0,0,"[0, 0, 224]",,,,,,,,,,1,,
2026-07-13 05:27:55.462561,,64,23.7,25.5,25.0,1.79,1.55,-0.3,19.5,,,22.0,22.7,21.7,-23.91,0.82,0.85,0,1,0,0,1,0,0,"[0, 0, 224]",,,,,,,,,,1,,
2026-07-13 05:27:55.569037,,64,23.7,25.5,25.0,1.79,1.89,1.17,19.5,,,22.0,22.7,21.7,-23.91,0.95,0.88,0,1,0,0,1,0,0,"[0, 0, 224]",,,,,,,,,,1,,
2026-07-13 05:27:55.673817,,64,23.7,25.5,25.0,1.08,1.32,0.76,19.5,,,22.0,22.7,21.7,-23.91,1.05,0.75,0,1,0,0,1,0,0,"[0, 0, 224]",,,,,,,,,,1,,
2026-07-13 05:27:55.777882,,64,23.7,25.5,25.0,1.66,1.25,1.43,19.5,,,22.0,22.7,21.7,-23.91,1.29,0.92,0,1,0,0,1,0,0,"[0, 0, 224]",,,,,,,,,,1,,
2026-07-13 05:27:55.881875,,64,23.7,25.5,25.0,1.19,1.05,3.18,19.5,,,22.0,22.7,21.7,-23.91,1.02,0.71,0,1,0,0,1,0,0,"[0, 0, 224]",,,,,,,,,,1,,
2026-07-13 05:27:55.985890,,64,23.7,25.5,25.0,1.08,1.19,1.97,19.5,,,22.0,22.7,21.7,-23.91,0.92,0.95,0,1,0,0,1,0,0,"[0, 0, 224]",,,,,,,,,,1,,
2026-07-13 05:27:56.090923,,64,23.7,25.5,25.0,1.12,1.59,1.3,19.5,,,22.0,22.7,21.7,-23.91,1.49,1.28,0,1,0,0,1,0,0,"[0, 0, 224]",,,,,,,,,,1,,
2026-07-13 05:27:56.205769,,64,23.7,25.5,25.0,1.59,1.02,0.76,19.5,,,22.0,22.7,21.7,-23.91,1.25,1.32,0,1,0,0,1,0,0,"[0, 0, 224]",,,,,,,,,,1,,
2026-07-13 05:27:56.313272,,64,23.7,25.5,25.0,1.39,1.19,-0.7,19.5,,,22.0,22.7,21.7,-23.91,1.05,1.32,0,1,0,0,1,0,0,"[0, 0, 224]",,,,,,,,,,1,,
2026-07-13 05:27:56.423750,,64,23.7,25.5,25.0,1.32,1.69,1.97,19.5,,,22.0,22.7,21.7,-23.91,1.15,0.71,0,1,0,0,1,0,0,"[0, 0, 224]",,,,,,,,,,1,,
2026-07-13 05:27:56.527812,,64,23.7,25.5,25.0,1.25,1.72,-0.3,19.5,,,22.0,22.7,21.7,-23.91,1.19,0.65,0,1,0,0,1,0,0,"[0, 0, 224]",,,,,,,,,,1,,
2026-07-13 05:27:56.631690,,64,23.7,25.5,25.0,1.42,1.76,0.23,19.5,,,22.0,22.7,21.7,-23.91,1.22,0.95,0,1,0,0,1,0,0,"[0, 0, 224]",,,,,,,,,,1,,
2026-07-13 05:27:56.736099,,64,23.7,25.5,25.0,1.39,1.29,2.24,19.5,,,22.0,22.7,21.7,-23.91,1.59,0.71,0,1,0,0,1,0,0,"[0, 0, 224]",,,,,,,,,,1,,
2026-07-13 05:27:56.840273,,64,23.7,25.5,25.0,1.29,1.79,0.63,19.5,,,22.0,22.7,21.7,-23.91,0.88,0.65,0,1,0,0,1,0,0,"[0, 0, 224]",,,,,,,,,,1,,
2026-07-13 05:27:56.943914,,64,23.7,25.5,25.0,0.92,0.92,1.57,19.5,,,22.0,22.7,21.7,-23.91,1.22,0.61,0,1,0,0,1,0,0,"[0, 0, 224]",,,,,,,,,,1,,
2026-07-13 05:27:57.047785,,64,23.7,25.5,25.0,1.25,1.39,1.97,19.5,,,22.0,22.7,21.7,-23.91,1.25,1.22,0,1,0,0,1,0,0,"[0, 0, 224]",,,,,,,,,,1,,
2026-07-13 05:27:57.152043,,64,23.7,25.5,25.0,1.02,1.35,0.76,19.5,,,22.0,22.7,21.7,-23.91,1.35,1.28,0,1,0,0,1,0,0,"[0, 0, 224]",,,,,,,,,,1,,
2026-07-13 05:27:57.256389,,64,23.7,25.5,25.0,1.39,1.39,1.43,19.5,,,22.0,22.7,21.7,-23.91,1.55,0.92,0,1,0,0,1,0,0,"[0, 0, 224]",,,,,,,,,,1,,
2026-07-13 05:27:57.363034,,64,23.7,25.5,25.0,0.82,1.79,-0.17,19.5,,,22.0,22.7,21.7,-23.91,1.52,1.28,0,1,0,0,1,0,0,"[0, 0, 224]",,,,,,,,,,1,,
2026-07-13 05:27:57.466722,,64,23.7,25.5,25.0,1.66,1.66,1.7,19.5,,,22.0,22.7,21.7,-23.91,0.92,1.05,0,1,0,0,1,0,0,"[0, 0, 224]",,,,,,,,,,1,,
2026-07-13 05:27:57.570878,,64,23.7,25.5,25.0,1.05,1.99,0.9,19.5,,,22.0,22.7,21.7,-23.91,0.92,1.08,0,1,0,0,1,0,0,"[0, 0, 224]",,,,,,,,,,1,,
2026-07-13 05:27:57.677184,,64,23.7,25.5,25.0,1.02,1.52,0.23,19.5,,,22.0,22.7,21.7,-23.91,1.42,0.92,0,1,0,0,1,0,0,"[0, 0, 224]",,,,,,,,,,1,,
2026-07-13 05:27:57.782973,,64,23.7,25.5,25.0,1.59,1.12,-0.7,19.5,,,22.0,22.7,21.7,-23.91,1.49,0.78,0,1,0,0,1,0,0,"[0, 0, 224]",,,,,,,,,,1,,
2026-07-13 05:27:57.887096,,64,23.7,25.5,25.0,1.62,1.32,1.43,19.5,,,22.0,22.7,21.7,-23.91,1.08,1.32,0,1,0,0,1,0,0,"[0, 0, 224]",,,,,,,,,,1,,
2026-07-13 05:27:57.991364,,64,23.7,25.5,25.0,1.59,1.15,3.45,19.5,,,22.0,22.7,21.7,-23.91,1.42,0.78,0,1,0,0,1,0,0,"[0, 0, 224]",,,,,,,,,,1,,
2026-07-13 05:27:58.095168,,64,23.7,25.5,25.0,1.59,1.49,-1.11,19.5,,,22.0,22.7,21.7,-23.91,0.98,0.65,0,1,0,0,1,0,0,"[0, 0, 224]",,,,,,,,,,1,,
2026-07-13 05:27:58.209456,,64,23.7,25.5,25.0,1.66,1.49,-0.03,19.5,,,22.0,22.7,21.7,-23.91,0.85,1.22,0,1,0,0,1,0,0,"[0, 0, 224]",,,,,,,,,,1,,
2026-07-13 05:27:58.323023,,64,23.7,25.5,25.0,0.98,1.12,2.64,19.5,,,22.0,22.7,21.7,-23.91,1.19,0.75,0,1,0,0,1,0,0,"[0, 0, 224]",,,,,,,,,,1,,
2026-07-13 05:27:58.427694,,64,23.7,25.5,25.0,0.88,1.76,-0.44,19.5,,,22.0,22.7,21.7,-23.91,1.45,0.68,0,1,0,0,1,0,0,"[0, 0, 224]",,,,,,,,,,1,,
2026-07-13 05:27:58.531977,,64,23.7,25.5,25.0,1.55,1.55,1.84,19.5,,,22.0,22.7,21.7,-23.91,1.15,1.08,0,1,0,0,1,0,0,"[0, 0, 224]",,,,,,,,,,1,,
2026-07-13 05:27:58.635508,,64,23.7,25.5,25.0,1.12,1.72,1.97,19.5,,,22.0,22.7,21.7,-23.91,0.92,0.92,0,1,0,0,1,0,0,"[0, 0, 224]",,,,,,,,,,1,,
2026-07-13 05:27:58.739599,,64,23.7,25.5,25.0,0.65,1.19,2.24,19.5,,,22.0,22.7,21.7,-23.91,1.49,1.08,0,1,0,0,1,0,0,"[0, 0, 224]",,,,,,,,,,1,,
2026-07-13 05:27:58.843303,,64,23.7,25.5,25.0,0.98,1.79,-0.3,19.5,,,22.0,22.7,21.7,-23.91,1.55,0.81,0,1,0,0,1,0,0,"[0, 0, 224]",,,,,,,,,,1,,
2026-07-13 05:27:58.956522,,64,23.7,25.5,25.0,0.72,1.49,2.51,19.5,,,22.0,22.7,21.7,-23.91,0.92,1.25,0,1,0,0,1,0,0,"[0, 0, 224]",,,,,,,,,,1,,
2026-07-13 05:27:59.060383,,64,23.7,25.5,25.0,1.79,1.45,-0.57,19.5,,,22.0,22.7,21.7,-23.91,1.08,1.02,0,1,0,0,1,0,0,"[0, 0, 224]",,,,,,,,,,1,,
2026-07-13 05:27:59.163962,,64,23.7,25.5,25.0,0.95,1.15,0.63,19.5,,,22.0,22.7,21.7,-23.91,0.95,1.25,0,1,0,0,1,0,0,"[0, 0, 224]",,,,,,,,,,1,,
2026-07-13 05:27:59.267786,,64,23.7,25.5,25.0,1.39,1.55,1.7,19.5,,,22.0,22.7,21.7,-23.91,1.02,1.35,0,1,0,0,1,0,0,"[0, 0, 224]",,,,,,,,,,1,,
2026-07-13 05:27:59.371614,,64,23.7,25.5,25.0,0.85,1.35,-0.03,19.5,,,22.0,22.7,21.7,-23.91,1.02,0.61,0,1,0,0,1,0,0,"[0, 0, 224]",,,,,,,,,,1,,
2026-07-13 05:27:59.475023,,64,23.7,25.5,25.0,1.02,1.62,2.51,19.5,,,22.0,22.7,21.7,-23.91,0.95,1.32,0,1,0,0,1,0,0,"[0, 0, 224]",,,,,,,,,,1,,
2026-07-13 05:27:59.578423,,64,23.7,25.5,25.0,1.35,1.76,2.11,19.5,,,22.0,22.7,21.7,-23.91,1.19,0.98,0,1,0,0,1,0,0,"[0, 0, 224]",,,,,,,,,,1,,
2026-07-13 05:27:59.682506,,64,23.7,25.5,25.0,1.55,1.39,-0.44,19.5,,,22.0,22.7,21.7,-23.91,1.12,1.25,0,1,0,0,1,0,0,"[0, 0, 224]",,,,,,,,,,1,,
2026-07-13 05:27:59.786604,,64,23.7,25.5,25.0,0.98,1.05,1.7,19.5,,,22.0,22.7,21.7,-23.91,1.02,0.61,0,1,0,0,1,0,0,"[0, 0, 224]",,,,,,,,,,1,,
2026-07-13 05:27:59.892575,,64,23.7,25.5,25.0,0.95,1.15,1.03,19.5,,,22.0,22.7,21.7,-23.91,0.95,1.08,0,1,0,0,1,0,0,"[0, 0, 224]",,,,,,,,,,1,,
2026-07-13 05:27:59.996222,,64,23.7,25.5,25.0,1.19,1.22,1.57,19.5,,,22.0,22.7,21.7,-23.91,0.95,1.25,0,1,0,0,1,0,0,"[0, 0, 224]",,,,,,,,,,1,,
2026-07-13 05:28:00.099709,,64,23.7,25.5,25.0,0.95,1.55,0.49,19.5,,,22.0,22.7,21.7,-23.91,1.35,0.75,0,1,0,0,1,0,0,"[0, 0, 224]",,,,,,,,,,1,,
2026-07-13 05:28:00.209451,,64,23.7,25.5,25.0,1.66,1.02,-0.57,19.5,,,22.0,22.7,21.7,-23.91,0.95,0.65,0,1,0,0,1,0,0,"[0, 0, 224]",,,,,,,,,,1,,
2026-07-13 05:28:00.324707,,64,23.7,25.5,25.0,0.82,1.12,3.05,19.5,,,22.0,22.7,21.7,-23.91,1.29,1.22,0,1,0,0,1,0,0,"[0, 0, 224]",,,,,,,,,,1,,
2026-07-13 05:28:00.428999,,64,23.7,25.5,25.0,0.92,0.88,0.76,19.5,,,22.0,22.7,21.7,-23.91,1.02,0.68,0,1,0,0,1,0,0,"[0, 0, 224]",,,,,,,,,,1,,
2026-07-13 05:28:00.533682,,64,23.7,25.5,25.0,0.68,1.96,0.23,19.5,,,22.0,22.7,21.7,-23.91,1.32,0.68,0,1,0,0,1,0,0,"[0, 0, 224]",,,,,,,,,,1,,
2026-07-13 05:28:00.637381,,64,23.7,25.5,25.0,0.95,1.72,0.76,19.5,,,22.0,22.7,21.7,-23.91,1.15,0.92,0,1,0,0,1,0,0,"[0, 0, 224]",,,,,,,,,,1,,
2026-07-13 05:28:00.740746,,64,23.7,25.5,25.0,0.95,1.62,-0.44,19.5,,,22.0,22.7,21.7,-23.91,0.88,0.65,0,1,0,0,1,0,0,"[0, 0, 224]",,,,,,,,,,1,,
2026-07-13 05:28:00.844111,,64,23.7,25.5,25.0,1.76,1.49,3.31,19.5,,,22.0,22.7,21.7,-23.91,1.45,1.25,0,1,0,0,1,0,0,"[0, 0, 224]",,,,,,,,,,1,,
2026-07-13 05:28:00.947421,,64,23.7,25.5,25.0,1.19,1.39,1.43,19.5,,,22.0,22.7,21.7,-23.91,0.92,1.02,0,1,0,0,1,0,0,"[0, 0, 224]",,,,,,,,,,1,,
2026-07-13 05:28:01.051543,,64,23.7,25.5,25.0,0.82,1.08,2.51,19.5,,,22.0,22.7,21.7,-23.91,1.49,1.28,0,1,0,0,1,0,0,"[0, 0, 224]",,,,,,,,,,1,,
2026-07-13 05:28:01.155099,,64,23.7,25.5,25.0,0.68,1.15,1.57,19.5,,,22.0,22.7,21.7,-23.91,1.15,1.18,0,1,0,0,1,0,0,"[0, 0, 224]",,,,,,,,,,1,,
2026-07-13 05:28:01.258584,,64,23.7,25.5,25.0,1.35,1.32,2.91,19.7,,,22.0,22.7,21.7,-23.91,1.52,1.22,0,1,0,0,1,0,0,"[0, 0, 224]",,,,,,,,,,1,,
2026-07-13 05:28:01.372105,,64,23.7,25.5,25.0,1.59,1.32,0.23,19.7,,,22.0,22.7,21.7,-23.91,1.19,0.85,0,1,0,0,1,0,0,"[0, 0, 224]",,,,,,,,,,1,,
2026-07-13 05:28:01.475978,,64,23.7,25.5,25.0,1.32,1.29,2.78,19.7,,,22.0,22.7,21.7,-23.91,0.95,1.18,0,1,0,0,1,0,0,"[0, 0, 224]",,,,,,,,,,1,,
2026-07-13 05:28:01.579790,,64,23.7,25.5,25.0,0.92,1.42,2.37,19.7,,,22.0,22.7,21.7,-23.91,1.52,1.15,0,1,0,0,1,0,0,"[0, 0, 224]",,,,,,,,,,1,,
2026-07-13 05:28:01.683284,,64,23.7,25.5,25.0,0.68,1.29,0.63,19.7,,,22.0,22.7,21.7,-23.91,1.22,0.98,0,1,0,0,1,0,0,"[0, 0, 224]",,,,,,,,,,1,,
2026-07-13 05:28:01.786861,,64,23.7,25.5,25.0,0.68,1.59,-0.03,19.7,,,22.0,22.7,21.7,-23.91,1.62,1.05,0,1,0,0,1,0,0,"[0, 0, 224]",,,,,,,,,,1,,
2026-07-13 05:28:01.891043,,64,23.7,25.5,25.0,1.02,1.52,1.03,19.7,,,22.0,22.7,21.7,-23.91,1.52,1.32,0,1,0,0,1,0,0,"[0, 0, 224]",,,,,,,,,,1,,
2026-07-13 05:28:01.997208,,64,23.7,25.5,25.0,1.05,1.62,-1.11,19.7,,,22.0,22.7,21.7,-23.91,1.25,0.78,0,1,0,0,1,0,0,"[0, 0, 224]",,,,,,,,,,1,,
2026-07-13 05:28:02.101461,,64,23.7,25.5,25.0,1.15,1.08,0.9,19.7,,,22.0,22.7,21.7,-23.91,1.49,0.78,0,1,0,0,1,0,0,"[0, 0, 224]",,,,,,,,,,1,,
2026-07-13 05:28:02.209448,,64,23.7,25.5,25.0,0.75,1.66,-0.57,19.7,,,22.0,22.7,21.7,-23.91,1.35,1.25,0,1,0,0,1,0,0,"[0, 0, 224]",,,,,,,,,,1,,
2026-07-13 05:28:02.324432,,64,23.7,25.5,25.0,0.75,1.76,1.17,19.7,,,22.0,22.7,21.7,-23.91,1.19,0.78,0,1,0,0,1,0,0,"[0, 0, 224]",,,,,,,,,,1,,
2026-07-13 05:28:02.428349,,64,23.7,25.5,25.0,1.12,1.79,0.63,19.7,,,22.0,22.7,21.7,-23.91,1.32,1.08,0,1,0,0,1,0,0,"[0, 0, 224]",,,,,,,,,,1,,
2026-07-13 05:28:02.532241,,64,23.7,25.5,25.0,1.55,1.86,1.97,19.7,,,22.0,22.7,21.7,-23.91,1.05,0.88,0,1,0,0,1,0,0,"[0, 0, 224]",,,,,,,,,,1,,
2026-07-13 05:28:02.636232,,64,23.7,25.5,25.0,0.75,1.62,0.36,19.7,,,22.0,22.7,21.7,-23.91,1.19,1.22,0,1,0,0,1,0,0,"[0, 0, 224]",,,,,,,,,,1,,
2026-07-13 05:28:02.740710,,64,23.7,25.5,25.0,1.45,1.89,1.97,19.7,,,22.0,22.7,21.7,-23.91,1.15,0.68,0,1,0,0,1,0,0,"[0, 0, 224]",,,,,,,,,,1,,
2026-07-13 05:28:02.844859,,64,23.7,25.5,25.0,1.39,1.32,3.85,19.7,,,22.0,22.7,21.7,-23.91,1.45,0.88,0,1,0,0,1,0,0,"[0, 0, 224]",,,,,,,,,,1,,
2026-07-13 05:28:02.948328,,64,23.7,25.5,25.0,0.68,1.55,3.45,19.7,,,22.0,22.7,21.7,-23.91,1.52,0.81,0,1,0,0,1,0,0,"[0, 0, 224]",,,,,,,,,,1,,
2026-07-13 05:28:03.051859,,64,23.7,25.5,25.0,1.55,1.52,1.03,19.7,,,22.0,22.7,21.7,-23.91,1.15,0.75,0,1,0,0,1,0,0,"[0, 0, 224]",,,,,,,,,,1,,
2026-07-13 05:28:03.155239,,64,23.7,25.5,25.0,1.05,1.66,-0.84,19.7,,,22.0,22.7,21.7,-23.91,1.35,1.15,0,1,0,0,1,0,0,"[0, 0, 224]",,,,,,,,,,1,,
2026-07-13 05:28:03.258750,,64,23.7,25.5,25.0,1.72,1.08,0.09,19.7,,,22.0,22.7,21.7,-23.91,1.15,1.22,0,1,0,0,1,0,0,"[0, 0, 224]",,,,,,,,,,1,,
2026-07-13 05:28:03.362054,,64,23.7,25.5,25.0,1.08,1.62,1.3,19.7,,,22.0,22.7,21.7,-23.91,1.29,1.18,0,1,0,0,1,0,0,"[0, 0, 224]",,,,,,,,,,1,,
2026-07-13 05:28:03.465965,,64,23.7,25.5,25.0,1.55,1.08,0.9,19.7,,,22.0,22.7,21.7,-23.91,0.98,1.28,0,1,0,0,1,0,0,"[0, 0, 224]",,,,,,,,,,1,,
2026-07-13 05:28:03.569431,,64,23.7,25.5,25.0,1.08,1.45,0.23,19.7,,,22.0,22.7,21.7,-23.91,1.39,1.32,0,1,0,0,1,0,0,"[0, 0, 224]",,,,,,,,,,1,,
2026-07-13 05:28:03.673188,,64,23.7,25.5,25.0,1.25,1.66,1.17,19.7,,,22.0,22.7,21.7,-23.91,1.25,0.68,0,1,0,0,1,0,0,"[0, 0, 224]",,,,,,,,,,1,,
2026-07-13 05:28:03.777847,,64,23.7,25.5,25.0,0.72,1.25,1.57,19.7,,,22.0,22.7,21.7,-23.91,0.95,0.75,0,1,0,0,1,0,0,"[0, 0, 224]",,,,,,,,,,1,,
2026-07-13 05:28:03.881297,,64,23.7,25.5,25.0,0.95,1.29,-0.7,19.7,,,22.0,22.7,21.7,-23.91,1.02,1.08,0,1,0,0,1,0,0,"[0, 0, 224]",,,,,,,,,,1,,
2026-07-13 05:28:03.984575,,64,23.7,25.5,25.0,1.49,0.78,1.17,19.7,,,22.0,22.7,21.7,-23.91,1.08,1.12,0,1,0,0,1,0,0,"[0, 0, 224]",,,,,,,,,,1,,
2026-07-13 05:28:04.091288,,64,23.7,25.5,25.0,0.88,0.75,-0.84,19.7,,,22.0,22.7,21.7,-23.91,1.19,1.15,0,1,0,0,1,0,0,"[0, 0, 224]",,,,,,,,,,1,,
2026-07-13 05:28:04.201247,,64,23.7,25.5,25.0,1.12,0.75,-0.57,19.7,,,22.0,22.7,21.7,-23.91,1.59,1.28,0,1,0,0,1,0,0,"[0, 0, 224]",,,,,,,,,,1,,
2026-07-13 05:28:04.312464,,64,23.7,25.5,25.0,1.02,1.76,1.43,19.7,,,22.0,22.7,21.7,-23.91,1.02,0.75,0,1,0,0,1,0,0,"[0, 0, 224]",,,,,,,,,,1,,
2026-07-13 05:28:04.418718,,64,23.7,25.5,25.0,1.59,1.15,0.36,19.7,,,22.0,22.7,21.7,-23.91,1.29,0.65,0,1,0,0,1,0,0,"[0, 0, 224]",,,,,,,,,,1,,
2026-07-13 05:28:04.522990,,64,23.7,25.5,25.0,1.49,1.69,-0.57,19.7,,,22.0,22.7,21.7,-23.91,0.92,1.25,0,1,0,0,1,0,0,"[0, 0, 224]",,,,,,,,,,1,,
2026-07-13 05:28:04.627109,,64,23.7,25.5,25.0,1.35,1.39,2.91,19.7,,,22.0,22.7,21.7,-23.91,1.08,1.02,0,1,0,0,1,0,0,"[0, 0, 224]",,,,,,,,,,1,,
2026-07-13 05:28:04.731172,,64,23.7,25.5,25.0,1.42,1.29,1.97,20.0,,,22.0,22.7,21.7,-23.91,0.85,0.61,0,1,0,0,1,0,0,"[0, 0, 224]",,,,,,,,,,1,,
2026-07-13 05:28:04.834649,,64,23.7,25.5,25.0,0.72,1.79,-0.84,20.0,,,22.0,22.7,21.7,-23.91,1.05,1.05,0,1,0,0,1,0,0,"[0, 0, 224]",,,,,,,,,,1,,
2026-07-13 05:28:04.938224,,64,23.7,25.5,25.0,1.15,1.25,3.18,20.0,,,22.0,22.7,21.7,-23.91,1.49,0.88,0,1,0,0,1,0,0,"[0, 0, 224]",,,,,,,,,,1,,
2026-07-13 05:28:05.041444,,64,23.7,25.5,25.0,0.98,1.52,2.11,20.0,,,22.0,22.7,21.7,-23.91,1.42,1.15,0,1,0,0,1,0,0,"[0, 0, 224]",,,,,,,,,,1,,
2026-07-13 05:28:05.144863,,64,23.7,25.5,25.0,1.35,1.08,1.17,20.0,,,22.0,22.7,21.7,-23.91,1.05,0.78,0,1,0,0,1,0,0,"[0, 0, 224]",,,,,,,,,,1,,
2026-07-13 05:28:05.248957,,64,23.7,25.5,25.0,1.29,1.49,2.24,20.0,,,22.0,22.7,21.7,-23.91,0.92,1.28,0,1,0,0,1,0,0,"[0, 0, 224]",,,,,,,,,,1,,
2026-07-13 05:28:05.353272,,64,23.7,25.5,25.0,0.88,1.52,1.3,20.0,,,22.0,22.7,21.7,-23.91,0.98,1.22,0,1,0,0,1,0,0,"[0, 0, 224]",,,,,,,,,,1,,
2026-07-13 05:28:05.457207,,64,23.7,25.5,25.0,1.39,0.95,-0.84,20.0,,,22.0,22.7,21.7,-23.91,0.92,1.12,0,1,0,0,1,0,0,"[0, 0, 224]",,,,,,,,,,1,,
2026-07-13 05:28:05.560524,,64,23.7,25.5,25.0,1.15,1.89,1.7,20.0,,,22.0,22.7,21.7,-23.91,1.29,1.25,0,1,0,0,1,0,0,"[0, 0, 224]",,,,,,,,,,1,,
2026-07-13 05:28:05.664078,,64,23.7,25.5,25.0,0.85,1.79,-0.3,20.0,,,22.0,22.7,21.7,-23.91,1.45,1.25,0,1,0,0,1,0,0,"[0, 0, 224]",,,,,,,,,,1,,
2026-07-13 05:28:05.767387,,64,23.7,25.5,25.0,1.02,1.62,0.49,20.0,,,22.0,22.7,21.7,-23.91,1.52,0.68,0,1,0,0,1,0,0,"[0, 0, 224]",,,,,,,,,,1,,
2026-07-13 05:28:05.870646,,64,23.7,25.5,25.0,1.39,1.86,-1.11,20.0,,,22.0,22.7,21.7,-23.91,1.12,1.15,0,1,0,0,1,0,0,"[0, 0, 224]",,,,,,,,,,1,,
2026-07-13 05:28:05.974915,,64,23.7,25.5,25.0,1.25,1.55,0.63,20.0,,,22.0,22.7,21.7,-23.91,1.49,0.95,0,1,0,0,1,0,0,"[0, 0, 224]",,,,,,,,,,1,,
2026-07-13 05:28:06.079106,,64,23.7,25.5,25.0,0.85,1.52,1.03,20.0,,,22.0,22.7,21.7,-23.91,1.52,0.68,0,1,0,0,1,0,0,"[0, 0, 224]",,,,,,,,,,1,,
2026-07-13 05:28:06.185669,,64,23.7,25.5,25.0,1.42,1.45,1.17,20.0,,,22.0,22.7,21.7,-23.91,0.95,0.65,0,1,0,0,1,0,0,"[0, 0, 224]",,,,,,,,,,1,,
2026-07-13 05:28:06.296979,,64,23.7,25.5,25.0,1.49,1.02,2.11,20.0,,,22.0,22.7,21.7,-23.91,1.35,0.95,0,1,0,0,1,0,0,"[0, 0, 224]",,,,,,,,,,1,,
2026-07-13 05:28:06.400650,,64,23.7,25.5,25.0,1.89,1.69,1.03,20.0,,,22.0,22.7,21.7,-23.91,1.52,1.25,0,1,0,0,1,0,0,"[0, 0, 224]",,,,,,,,,,1,,
2026-07-13 05:28:06.504791,,64,23.7,25.5,25.0,0.95,1.99,3.18,20.0,,,22.0,22.7,21.7,-23.91,1.19,1.25,0,1,0,0,1,0,0,"[0, 0, 224]",,,,,,,,,,1,,
2026-07-13 05:28:06.609077,,64,23.7,25.5,25.0,1.15,1.62,0.36,20.0,,,22.0,22.7,21.7,-23.91,1.15,0.95,0,1,0,0,1,0,0,"[0, 0, 224]",,,,,,,,,,1,,
2026-07-13 05:28:06.712274,,64,23.7,25.5,25.0,1.25,0.92,2.24,20.0,,,22.0,22.7,21.7,-23.91,0.98,1.28,0,1,0,0,1,0,0,"[0, 0, 224]",,,,,,,,,,1,,
2026-07-13 05:28:06.815515,,64,23.7,25.5,25.0,0.55,1.02,2.11,20.0,,,22.0,22.7,21.7,-23.91,0.95,1.15,0,1,0,0,1,0,0,"[0, 0, 224]",,,,,,,,,,1,,
2026-07-13 05:28:06.919560,,64,23.7,25.5,25.0,0.72,0.92,-0.03,20.0,,,22.0,22.7,21.7,-23.91,1.52,1.22,0,1,0,0,1,0,0,"[0, 0, 224]",,,,,,,,,,1,,
2026-07-13 05:28:07.024369,,64,23.7,25.5,25.0,1.32,1.69,1.03,20.0,,,22.0,22.7,21.7,-23.91,1.19,1.05,0,1,0,0,1,0,0,"[0, 0, 224]",,,,,,,,,,1,,
2026-07-13 05:28:07.127919,,64,23.7,25.5,25.0,1.66,1.66,1.17,20.0,,,22.0,22.7,21.7,-23.91,1.55,0.75,0,1,0,0,1,0,0,"[0, 0, 224]",,,,,,,,,,1,,
2026-07-13 05:28:07.239114,,64,23.7,25.5,25.0,1.02,1.45,1.17,20.0,,,22.0,22.7,21.7,-23.91,0.98,1.25,0,1,0,0,1,0,0,"[0, 0, 224]",,,,,,,,,,1,,
2026-07-13 05:28:07.356158,,64,23.7,25.5,25.0,0.88,1.19,2.51,20.0,,,22.0,22.7,21.7,-23.91,1.55,1.22,0,1,0,0,1,0,0,"[0, 0, 224]",,,,,,,,,,1,,
2026-07-13 05:28:07.460460,,64,23.7,25.5,25.0,1.25,1.79,-0.44,20.0,,,22.0,22.7,21.7,-23.91,0.88,1.25,0,1,0,0,1,0,0,"[0, 0, 224]",,,,,,,,,,1,,
2026-07-13 05:28:07.564554,,64,23.7,25.5,25.0,1.19,1.66,3.18,20.0,,,22.0,22.7,21.7,-23.91,1.39,1.02,0,1,0,0,1,0,0,"[0, 0, 224]",,,,,,,,,,1,,
2026-07-13 05:28:07.668768,,64,23.7,25.5,25.0,0.98,1.49,1.7,20.0,,,22.0,22.7,21.7,-23.91,1.02,0.75,0,1,0,0,1,0,0,"[0, 0, 224]",,,,,,,,,,1,,
2026-07-13 05:28:07.773060,,64,23.7,25.5,25.0,1.02,1.02,1.03,20.0,,,22.0,22.7,21.7,-23.91,0.92,1.12,0,1,0,0,1,0,0,"[0, 0, 224]",,,,,,,,,,1,,
2026-07-13 05:28:07.876987,,64,23.7,25.5,25.0,1.05,1.86,1.03,20.0,,,22.0,22.7,21.7,-23.91,1.42,1.12,0,1,0,0,1,0,0,"[0, 0, 224]",,,,,,,,,,1,,
2026-07-13 05:28:07.980363,,64,23.7,25.5,25.0,0.98,1.22,0.49,20.0,,,22.0,22.7,21.7,-23.91,0.95,0.75,0,1,0,0,1,0,0,"[0, 0, 224]",,,,,,,,,,1,,
2026-07-13 05:28:08.083964,,64,23.7,25.5,25.0,0.75,1.42,0.9,20.0,,,22.0,22.7,21.7,-23.91,1.39,1.22,0,1,0,0,1,0,0,"[0, 0, 224]",,,,,,,,,,1,,
2026-07-13 05:28:08.187548,,64,23.7,25.5,25.0,0.98,1.35,1.03,20.0,,,22.0,22.7,21.7,-23.91,1.45,0.92,0,1,0,0,1,0,0,"[0, 0, 224]",,,,,,,,,,1,,
2026-07-13 05:28:08.305478,,64,23.7,25.5,25.0,1.05,1.29,3.45,20.0,,,22.0,22.7,21.7,-23.91,1.19,0.85,0,1,0,0,1,0,0,"[0, 0, 224]",,,,,,,,,,1,,
2026-07-13 05:28:08.409217,,64,23.7,25.5,25.0,1.08,1.25,1.3,20.0,,,22.0,22.7,21.7,-23.91,1.52,1.15,0,1,0,0,1,0,0,"[0, 0, 224]",,,,,,,,,,1,,
2026-07-13 05:28:08.512896,,64,23.7,25.5,25.0,0.92,1.45,-0.97,20.0,,,22.0,22.7,21.7,-23.91,1.05,1.25,0,1,0,0,1,0,0,"[0, 0, 224]",,,,,,,,,,1,,
2026-07-13 05:28:08.616036,,64,23.7,25.5,25.0,1.05,1.15,1.03,20.0,,,22.0,22.7,21.7,-23.91,1.02,1.32,0,1,0,0,1,0,0,"[0, 0, 224]",,,,,,,,,,1,,
2026-07-13 05:28:08.720340,,64,23.7,25.5,25.0,1.55,1.59,-0.57,20.0,,,22.0,22.7,21.7,-23.91,1.02,1.28,0,1,0,0,1,0,0,"[0, 0, 224]",,,,,,,,,,1,,
2026-07-13 05:28:08.824052,,64,23.7,25.5,25.0,1.59,1.62,0.63,20.0,,,22.0,22.7,21.7,-23.91,1.55,0.61,0,1,0,0,1,0,0,"[0, 0, 224]",,,,,,,,,,1,,
2026-07-13 05:28:08.927468,,64,23.7,25.5,25.0,0.38,1.29,-0.84,20.0,,,22.0,22.7,21.7,-23.91,1.49,1.25,0,1,0,0,1,0,0,"[0, 0, 224]",,,,,,,,,,1,,
2026-07-13 05:28:09.031003,,64,23.7,25.5,25.0,1.12,1.15,2.64,20.0,,,22.0,22.7,21.7,-23.91,1.19,1.28,0,1,0,0,1,0,0,"[0, 0, 224]",,,,,,,,,,1,,
2026-07-13 05:28:09.135807,,64,23.7,25.5,25.0,1.49,1.22,0.9,20.0,,,22.0,22.7,21.7,-23.91,0.95,1.18,0,1,0,0,1,0,0,"[0, 0, 224]",,,,,,,,,,1,,
2026-07-13 05:28:09.239448,,64,23.7,25.5,25.0,1.45,1.62,1.57,20.0,,,22.0,22.7,21.7,-23.91,1.35,0.85,0,1,0,0,1,0,0,"[0, 0, 224]",,,,,,,,,,1,,
2026-07-13 05:28:09.352245,,64,23.7,25.5,25.0,0.82,1.49,1.7,20.0,,,22.0,22.7,21.7,-23.91,1.05,1.25,0,1,0,0,1,0,0,"[0, 0, 224]",,,,,,,,,,1,,
2026-07-13 05:28:09.456195,,64,23.7,25.5,25.0,0.92,1.05,0.76,20.0,,,22.0,22.7,21.7,-23.91,1.32,0.68,0,1,0,0,1,0,0,"[0, 0, 224]",,,,,,,,,,1,,
2026-07-13 05:28:09.560337,,64,23.7,25.5,25.0,0.95,1.22,-0.57,20.0,,,22.0,22.7,21.7,-23.91,1.19,1.15,0,1,0,0,1,0,0,"[0, 0, 224]",,,,,,,,,,1,,
2026-07-13 05:28:09.663727,,64,23.7,25.5,25.0,1.05,1.55,1.7,20.0,,,22.0,22.7,21.7,-23.91,1.08,1.18,0,1,0,0,1,0,0,"[0, 0, 224]",,,,,,,,,,1,,
2026-07-13 05:28:09.766946,,64,23.7,25.5,25.0,0.78,1.08,0.76,20.0,,,22.0,22.7,21.7,-23.91,0.98,1.25,0,1,0,0,1,0,0,"[0, 0, 224]",,,,,,,,,,1,,
2026-07-13 05:28:09.870145,,64,23.7,25.5,25.0,1.29,1.79,3.05,20.2,,,22.0,22.7,21.7,-23.91,1.02,0.65,0,1,0,0,1,0,0,"[0, 0, 224]",,,,,,,,,,1,,
2026-07-13 05:28:09.973384,,64,23.7,25.5,25.0,1.45,0.78,1.43,20.2,,,22.0,22.7,21.7,-23.91,0.85,0.68,0,1,0,0,1,0,0,"[0, 0, 224]",,,,,,,,,,1,,
2026-07-13 05:28:10.076771,,64,23.7,25.5,25.0,1.55,1.55,1.17,20.2,,,22.0,22.7,21.7,-23.91,1.29,0.85,0,1,0,0,1,0,0,"[0, 0, 224]",,,,,,,,,,1,,
2026-07-13 05:28:10.180698,,64,23.7,25.5,25.0,1.25,1.49,0.63,20.2,,,22.0,22.7,21.7,-23.91,1.45,0.75,0,1,0,0,1,0,0,"[0, 0, 224]",,,,,,,,,,1,,
2026-07-13 05:28:10.284482,,64,23.7,25.5,25.0,0.82,1.86,0.76,20.2,,,22.0,22.7,21.7,-23.91,1.49,1.08,0,1,0,0,1,0,0,"[0, 0, 224]",,,,,,,,,,1,,
2026-07-13 05:28:10.387917,,64,23.7,25.5,25.0,1.76,1.55,-0.7,20.2,,,22.0,22.7,21.7,-23.91,1.25,1.32,0,1,0,0,1,0,0,"[0, 0, 224]",,,,,,,,,,1,,
2026-07-13 05:28:10.492403,,64,23.7,25.5,25.0,1.02,1.52,1.84,20.2,,,22.0,22.7,21.7,-23.91,1.32,0.75,0,1,0,0,1,0,0,"[0, 0, 224]",,,,,,,,,,1,,
2026-07-13 05:28:10.595692,,64,23.7,25.5,25.0,1.45,0.85,1.57,20.2,,,22.0,22.7,21.7,-23.91,0.85,0.78,0,1,0,0,1,0,0,"[0, 0, 224]",,,,,,,,,,1,,
2026-07-13 05:28:10.699003,,64,23.7,25.5,25.0,1.39,1.52,4.39,20.2,,,22.0,22.7,21.7,-23.91,1.42,0.68,0,1,0,0,1,0,0,"[0, 0, 224]",,,,,,,,,,1,,
2026-07-13 05:28:10.803217,,64,23.7,25.5,25.0,1.05,1.29,2.11,20.2,,,22.0,22.7,21.7,-23.91,1.42,0.81,0,1,0,0,1,0,0,"[0, 0, 224]",,,,,,,,,,1,,
2026-07-13 05:28:10.906866,,64,23.7,25.5,25.0,1.76,0.82,1.3,20.2,,,22.0,22.7,21.7,-23.91,0.98,1.05,0,1,0,0,1,0,0,"[0, 0, 224]",,,,,,,,,,1,,
2026-07-13 05:28:11.028895,,64,23.7,25.5,25.0,0.92,1.45,3.31,20.2,,,22.0,22.7,21.7,-23.91,1.02,1.22,0,1,0,0,1,0,0,"[0, 0, 224]",,,,,,,,,,1,,
2026-07-13 05:28:11.139186,,64,23.7,25.5,25.0,0.65,1.42,3.58,20.2,,,22.0,22.7,21.7,-23.91,0.95,0.98,0,1,0,0,1,0,0,"[0, 0, 224]",,,,,,,,,,1,,
2026-07-13 05:28:11.252524,,64,23.7,25.5,25.0,1.39,1.66,1.3,20.2,,,22.0,22.7,21.7,-23.91,0.98,0.71,0,1,0,0,1,0,0,"[0, 0, 224]",,,,,,,,,,1,,
2026-07-13 05:28:11.368188,,64,23.7,25.5,25.0,1.12,1.59,0.63,20.2,,,22.0,22.7,21.7,-23.91,1.59,0.81,0,1,0,0,1,0,0,"[0, 0, 224]",,,,,,,,,,1,,
2026-07-13 05:28:11.478268,,64,23.7,25.5,25.0,1.12,1.76,-0.3,20.2,,,22.0,22.7,21.7,-23.91,1.49,1.08,0,1,0,0,1,0,0,"[0, 0, 224]",,,,,,,,,,1,,
2026-07-13 05:28:11.587614,,64,23.7,25.5,25.0,1.29,1.89,3.72,20.2,,,22.0,22.7,21.7,-23.91,0.92,0.65,0,1,0,0,1,0,0,"[0, 0, 224]",,,,,,,,,,1,,
2026-07-13 05:28:11.696676,,64,23.7,25.5,25.0,0.98,1.02,1.84,20.2,,,22.0,22.7,21.7,-23.91,1.35,0.71,0,1,0,0,1,0,0,"[0, 0, 224]",,,,,,,,,,1,,
2026-07-13 05:28:11.806552,,64,23.7,25.5,25.0,1.25,1.45,-0.84,20.2,,,22.0,22.7,21.7,-23.91,1.02,1.28,0,1,0,0,1,0,0,"[0, 0, 224]",,,,,,,,,,1,,
2026-07-13 05:28:11.916499,,64,23.7,25.5,25.0,0.78,1.02,3.05,20.2,,,22.0,22.7,21.7,-23.91,1.08,0.68,0,1,0,0,1,0,0,"[0, 0, 224]",,,,,,,,,,1,,
2026-07-13 05:28:12.026485,,64,23.7,25.5,25.0,0.95,1.39,1.03,20.2,,,22.0,22.7,21.7,-23.91,1.55,0.78,0,1,0,0,1,0,0,"[0, 0, 224]",,,,,,,,,,1,,
2026-07-13 05:28:12.135727,,64,23.7,25.5,25.0,0.88,1.82,-0.97,20.2,,,22.0,22.7,21.7,-23.91,1.42,0.75,0,1,0,0,1,0,0,"[0, 0, 224]",,,,,,,,,,1,,
2026-07-13 05:28:12.245496,,64,23.7,25.5,25.0,1.29,1.02,1.7,20.2,,,22.0,22.7,21.7,-23.91,1.08,1.25,0,1,0,0,1,0,0,"[0, 0, 224]",,,,,,,,,,1,,
2026-07-13 05:28:12.364700,,64,23.7,25.5,25.0,1.19,1.92,2.64,20.2,,,22.0,22.7,21.7,-23.91,1.52,1.32,0,1,0,0,1,0,0,"[0, 0, 224]",,,,,,,,,,1,,
2026-07-13 05:28:12.474263,,64,23.7,25.5,25.0,0.98,1.19,3.72,20.2,,,22.0,22.7,21.7,-23.91,0.95,1.32,0,1,0,0,1,0,0,"[0, 0, 224]",,,,,,,,,,1,,
2026-07-13 05:28:12.584515,,64,23.7,25.5,25.0,1.12,1.15,2.51,20.2,,,22.0,22.7,21.7,-23.91,1.12,0.81,0,1,0,0,1,0,0,"[0, 0, 224]",,,,,,,,,,1,,
2026-07-13 05:28:12.694184,,64,23.7,25.5,25.0,1.19,1.32,1.3,20.2,,,22.0,22.7,21.7,-23.91,1.32,0.98,0,1,0,0,1,0,0,"[0, 0, 224]",,,,,,,,,,1,,
2026-07-13 05:28:12.803681,,64,23.7,25.5,25.0,0.82,1.76,0.49,20.2,,,22.0,22.7,21.7,-23.91,0.95,0.78,0,1,0,0,1,0,0,"[0, 0, 224]",,,,,,,,,,1,,
2026-07-13 05:28:12.913611,,64,23.7,25.5,25.0,1.66,1.76,3.18,20.5,,,22.0,22.7,21.7,-23.91,1.22,0.95,0,1,0,0,1,0,0,"[0, 0, 224]",,,,,,,,,,1,,
2026-07-13 05:28:13.023055,,64,23.7,25.5,25.0,1.42,1.66,2.91,20.5,,,22.0,22.7,21.7,-23.91,0.88,0.58,0,1,0,0,1,0,0,"[0, 0, 224]",,,,,,,,,,1,,
2026-07-13 05:28:13.133703,,64,23.7,25.5,25.0,1.22,1.52,0.49,20.5,,,22.0,22.7,21.7,-23.91,1.19,0.78,0,1,0,0,1,0,0,"[0, 0, 224]",,,,,,,,,,1,,
2026-07-13 05:28:13.244023,,64,23.7,25.5,25.0,1.02,1.35,2.24,20.5,,,22.0,22.7,21.7,-23.91,1.49,1.08,0,1,0,0,1,0,0,"[0, 0, 224]",,,,,,,,,,1,,
2026-07-13 05:28:13.368709,,64,23.7,25.5,25.0,1.25,1.92,-0.7,20.5,,,22.0,22.7,21.7,-23.91,1.49,1.15,0,1,0,0,1,0,0,"[0, 0, 224]",,,,,,,,,,1,,
2026-07-13 05:28:13.481597,,64,23.7,25.5,25.0,1.25,1.32,0.09,20.5,,,22.0,22.7,21.7,-23.91,1.52,1.15,0,1,0,0,1,0,0,"[0, 0, 224]",,,,,,,,,,1,,
2026-07-13 05:28:13.591209,,64,23.7,25.5,25.0,0.92,0.75,2.24,20.5,,,22.0,22.7,21.7,-23.91,1.12,1.28,0,1,0,0,1,0,0,"[0, 0, 224]",,,,,,,,,,1,,
2026-07-13 05:28:13.701195,,64,23.7,25.5,25.0,1.42,1.42,3.18,20.5,,,22.0,22.7,21.7,-23.91,1.42,0.75,0,1,0,0,1,0,0,"[0, 0, 224]",,,,,,,,,,1,,
2026-07-13 05:28:13.811458,,64,23.7,25.5,25.0,0.95,1.15,3.18,20.5,,,22.0,22.7,21.7,-23.91,1.49,1.18,0,1,0,0,1,0,0,"[0, 0, 224]",,,,,,,,,,1,,
2026-07-13 05:28:13.921120,,64,23.7,25.5,25.0,0.78,1.19,2.78,20.5,,,22.0,22.7,21.7,-23.91,1.49,0.85,0,1,0,0,1,0,0,"[0, 0, 224]",,,,,,,,,,1,,
2026-07-13 05:28:14.031326,,64,23.7,25.5,25.0,0.95,2.09,3.31,20.5,,,22.0,22.7,21.7,-23.91,1.62,0.68,0,1,0,0,1,0,0,"[0, 0, 224]",,,,,,,,,,1,,
2026-07-13 05:28:14.141526,,64,23.7,25.5,25.0,1.66,1.89,2.78,20.5,,,22.0,22.7,21.7,-23.91,1.29,1.28,0,1,0,0,1,0,0,"[0, 0, 224]",,,,,,,,,,1,,
2026-07-13 05:28:14.251949,,64,23.7,25.5,25.0,1.52,1.29,0.36,20.5,,,22.0,22.7,21.7,-23.91,1.52,1.35,0,1,0,0,1,0,0,"[0, 0, 224]",,,,,,,,,,1,,
2026-07-13 05:28:14.369169,,64,23.7,25.5,25.0,1.32,1.92,3.05,20.5,,,22.0,22.7,21.7,-23.91,0.92,1.15,0,1,0,0,1,0,0,"[0, 0, 224]",,,,,,,,,,1,,
2026-07-13 05:28:14.479612,,64,23.7,25.5,25.0,1.45,1.69,1.57,20.5,,,22.0,22.7,21.7,-23.91,0.95,0.75,0,1,0,0,1,0,0,"[0, 0, 224]",,,,,,,,,,1,,
2026-07-13 05:28:14.589414,,64,23.7,25.5,25.0,1.19,1.72,1.03,20.7,,,22.0,22.7,21.7,-23.91,1.15,0.92,0,1,0,0,1,0,0,"[0, 0, 224]",,,,,,,,,,1,,
2026-07-13 05:28:14.699959,,64,23.7,25.5,25.0,0.92,1.66,1.57,20.7,,,22.0,22.7,21.7,-23.91,1.52,0.65,0,1,0,0,1,0,0,"[0, 0, 224]",,,,,,,,,,1,,
2026-07-13 05:28:14.809462,,64,23.7,25.5,25.0,1.25,0.95,3.72,20.7,,,22.0,22.7,21.7,-23.91,1.39,1.22,0,1,0,0,1,0,0,"[0, 0, 224]",,,,,,,,,,1,,
2026-07-13 05:28:14.919868,,64,23.7,25.5,25.0,1.15,1.35,2.64,20.7,,,22.0,22.7,21.7,-23.91,1.42,0.75,0,1,0,0,1,0,0,"[0, 0, 224]",,,,,,,,,,1,,
2026-07-13 05:28:15.029304,,64,23.7,25.5,25.0,1.35,0.98,2.11,20.7,,,22.0,22.7,21.7,-23.91,0.88,0.75,0,1,0,0,1,0,0,"[0, 0, 224]",,,,,,,,,,1,,
2026-07-13 05:28:15.138845,,64,23.7,25.5,25.0,1.39,1.86,0.63,20.7,,,22.0,22.7,21.7,-23.91,0.88,1.18,0,1,0,0,1,0,0,"[0, 0, 224]",,,,,,,,,,1,,
2026-07-13 05:28:15.248579,,64,23.7,25.5,25.0,1.59,1.55,2.78,20.7,,,22.0,22.7,21.7,-23.91,1.02,1.32,0,1,0,0,1,0,0,"[0, 0, 224]",,,,,,,,,,1,,
2026-07-13 05:28:15.370984,,64,23.7,25.5,25.0,1.42,1.42,3.45,20.7,,,22.0,22.7,21.7,-23.91,0.88,0.68,0,1,0,0,1,0,0,"[0, 0, 224]",,,,,,,,,,1,,
2026-07-13 05:28:15.481025,,64,23.7,25.5,25.0,0.72,1.19,2.51,20.7,,,22.0,22.7,21.7,-23.91,1.49,1.25,0,1,0,0,1,0,0,"[0, 0, 224]",,,,,,,,,,1,,
2026-07-13 05:28:15.592773,,64,23.7,25.5,25.0,0.82,1.86,-1.11,20.7,,,22.0,22.7,21.7,-23.91,1.52,0.65,0,1,0,0,1,0,0,"[0, 0, 224]",,,,,,,,,,1,,
2026-07-13 05:28:15.702507,,64,23.7,25.5,25.0,1.15,1.39,-0.3,20.7,,,22.0,22.7,21.7,-23.91,1.35,0.75,0,1,0,0,1,0,0,"[0, 0, 224]",,,,,,,,,,1,,
2026-07-13 05:28:15.812250,,64,23.7,25.5,25.0,1.62,1.19,0.9,20.7,,,22.0,22.7,21.7,-23.91,1.05,1.22,0,1,0,0,1,0,0,"[0, 0, 224]",,,,,,,,,,1,,
2026-07-13 05:28:15.921578,,64,23.7,25.5,25.0,0.75,1.42,2.24,20.7,,,22.0,22.7,21.7,-23.91,0.85,0.58,0,1,0,0,1,0,0,"[0, 0, 224]",,,,,,,,,,1,,
2026-07-13 05:28:16.030802,,64,23.7,25.5,25.0,1.02,1.82,2.37,20.7,,,22.0,22.7,21.7,-23.91,1.59,1.02,0,1,0,0,1,0,0,"[0, 0, 224]",,,,,,,,,,1,,
2026-07-13 05:28:16.140693,,64,23.7,25.5,25.0,0.92,1.39,0.76,20.7,,,22.0,22.7,21.7,-23.91,1.02,1.02,0,1,0,0,1,0,0,"[0, 0, 224]",,,,,,,,,,1,,
2026-07-13 05:28:16.250577,,64,23.7,25.5,25.0,1.49,1.79,1.84,20.7,,,22.0,22.7,21.7,-23.91,1.39,1.28,0,1,0,0,1,0,0,"[0, 0, 224]",,,,,,,,,,1,,
2026-07-13 05:28:16.370126,,64,23.7,25.5,25.0,0.98,1.02,-0.7,20.7,,,22.0,22.7,21.7,-23.91,1.55,1.02,0,1,0,0,1,0,0,"[0, 0, 224]",,,,,,,,,,1,,
2026-07-13 05:28:16.479452,,64,23.7,25.5,25.0,1.49,1.92,2.91,20.7,,,22.0,22.7,21.7,-23.91,1.22,0.61,0,1,0,0,1,0,0,"[0, 0, 224]",,,,,,,,,,1,,
2026-07-13 05:28:16.589180,,64,23.7,25.5,25.0,1.69,1.39,0.49,20.7,,,22.0,22.7,21.7,-23.91,1.45,1.35,0,1,0,0,1,0,0,"[0, 0, 224]",,,,,,,,,,1,,
2026-07-13 05:28:16.698297,,64,23.7,25.5,25.0,1.49,1.25,0.49,20.7,,,22.0,22.7,21.7,-23.91,1.35,1.25,0,1,0,0,1,0,0,"[0, 0, 224]",,,,,,,,,,1,,
2026-07-13 05:28:16.808541,,64,23.7,25.5,25.0,1.29,1.49,-0.84,20.7,,,22.0,22.7,21.7,-23.91,1.52,0.78,0,1,0,0,1,0,0,"[0, 0, 224]",,,,,,,,,,1,,
2026-07-13 05:28:16.918066,,64,23.7,25.5,25.0,1.45,1.89,2.51,20.7,,,22.0,22.7,21.7,-23.91,1.35,1.32,0,1,0,0,1,0,0,"[0, 0, 224]",,,,,,,,,,1,,
2026-07-13 05:28:17.027423,,64,23.7,25.5,25.0,1.29,1.29,2.11,20.7,,,22.0,22.7,21.7,-23.91,1.35,1.25,0,1,0,0,1,0,0,"[0, 0, 224]",,,,,,,,,,1,,
2026-07-13 05:28:17.136814,,64,23.7,25.5,25.0,0.82,1.82,0.76,20.7,,,22.0,22.7,21.7,-23.91,1.25,1.35,0,1,0,0,1,0,0,"[0, 0, 224]",,,,,,,,,,1,,
2026-07-13 05:28:17.246872,,64,23.7,25.5,25.0,0.78,1.89,3.58,20.7,,,22.0,22.7,21.7,-23.91,1.02,0.81,0,1,0,0,1,0,0,"[0, 0, 224]",,,,,,,,,,1,,
2026-07-13 05:28:17.371214,,64,23.7,25.5,25.0,1.12,1.82,1.7,20.7,,,22.0,22.7,21.7,-23.91,0.92,1.22,0,1,0,0,1,0,0,"[0, 0, 224]",,,,,,,,,,1,,
2026-07-13 05:28:17.480873,,64,23.7,25.5,25.0,1.32,1.08,2.11,20.7,,,22.0,22.7,21.7,-23.91,1.25,0.71,0,1,0,0,1,0,0,"[0, 0, 224]",,,,,,,,,,1,,
2026-07-13 05:28:17.591121,,64,23.7,25.5,25.0,0.72,1.42,-0.57,20.7,,,22.0,22.7,21.7,-23.91,0.88,0.71,0,1,0,0,1,0,0,"[0, 0, 224]",,,,,,,,,,1,,
2026-07-13 05:28:17.701101,,64,23.7,25.5,25.0,1.45,1.62,1.03,20.7,,,22.0,22.7,21.7,-23.91,1.29,0.92,0,1,0,0,1,0,0,"[0, 0, 224]",,,,,,,,,,1,,
2026-07-13 05:28:17.815987,,64,23.7,25.5,25.0,1.22,1.32,0.76,20.7,,,22.0,22.7,21.7,-23.91,0.92,0.98,0,1,0,0,1,0,0,"[0, 0, 224]",,,,,,,,,,1,,
2026-07-13 05:28:17.926110,,64,23.7,25.5,25.0,1.62,1.52,2.24,20.7,,,22.0,22.7,21.7,-23.91,1.35,0.75,0,1,0,0,1,0,0,"[0, 0, 224]",,,,,,,,,,1,,
2026-07-13 05:28:18.036825,,64,23.7,25.5,25.0,1.66,1.52,0.63,20.7,,,22.0,22.7,21.7,-23.91,1.05,1.22,0,1,0,0,1,0,0,"[0, 0, 224]",,,,,,,,,,1,,
2026-07-13 05:28:18.147654,,64,23.7,25.5,25.0,0.82,1.59,0.76,20.7,,,22.0,22.7,21.7,-23.91,0.95,1.22,0,1,0,0,1,0,0,"[0, 0, 224]",,,,,,,,,,1,,
2026-07-13 05:28:18.258054,,64,23.7,25.5,25.0,0.75,1.66,1.97,20.7,,,22.0,22.7,21.7,-23.91,1.32,0.88,0,1,0,0,1,0,0,"[0, 0, 224]",,,,,,,,,,1,,
2026-07-13 05:28:18.377884,,64,23.7,25.5,25.0,0.95,1.02,0.23,20.7,,,22.0,22.7,21.7,-23.91,1.42,0.81,0,1,0,0,1,0,0,"[0, 0, 224]",,,,,,,,,,1,,
2026-07-13 05:28:18.488691,,64,23.7,25.5,25.0,1.05,1.12,3.05,20.7,,,22.0,22.7,21.7,-23.91,0.92,1.32,0,1,0,0,1,0,0,"[0, 0, 224]",,,,,,,,,,1,,
2026-07-13 05:28:18.599133,,64,23.7,25.5,25.0,0.55,1.69,1.17,20.7,,,22.0,22.7,21.7,-23.91,1.35,0.85,0,1,0,0,1,0,0,"[0, 0, 224]",,,,,,,,,,1,,
2026-07-13 05:28:18.709591,,64,23.7,25.5,25.0,0.82,1.69,0.76,20.7,,,22.0,22.7,21.7,-23.91,1.22,0.68,0,1,0,0,1,0,0,"[0, 0, 224]",,,,,,,,,,1,,
2026-07-13 05:28:18.819564,,64,23.7,25.5,25.0,0.82,1.32,1.43,20.7,,,22.0,22.7,21.7,-23.91,0.98,0.65,0,1,0,0,1,0,0,"[0, 0, 224]",,,,,,,,,,1,,
2026-07-13 05:28:18.929866,,64,23.7,25.5,25.0,0.72,1.49,-0.97,20.7,,,22.0,22.7,21.7,-23.91,1.15,1.15,0,1,0,0,1,0,0,"[0, 0, 224]",,,,,,,,,,1,,
2026-07-13 05:28:19.040730,,64,23.7,25.5,25.0,0.72,2.13,1.7,20.7,,,22.0,22.7,21.7,-23.91,1.08,0.68,0,1,0,0,1,0,0,"[0, 0, 224]",,,,,,,,,,1,,
2026-07-13 05:28:19.151446,,64,23.7,25.5,25.0,1.66,1.12,3.72,20.7,,,22.0,22.7,21.7,-23.91,1.12,1.15,0,1,0,0,1,0,0,"[0, 0, 224]",,,,,,,,,,1,,
2026-07-13 05:28:19.261773,,64,23.7,25.5,25.0,1.55,0.78,2.78,20.7,,,22.0,22.7,21.7,-23.91,1.02,0.88,0,1,0,0,1,0,0,"[0, 0, 224]",,,,,,,,,,1,,
2026-07-13 05:28:19.382958,,64,23.7,25.5,25.0,0.68,1.39,-0.3,20.7,,,22.0,22.7,21.7,-23.91,0.95,1.32,0,1,0,0,1,0,0,"[0, 0, 224]",,,,,,,,,,1,,
2026-07-13 05:28:19.492735,,64,23.7,25.5,25.0,1.05,1.32,2.11,20.7,,,22.0,22.7,21.7,-23.91,1.29,1.25,0,1,0,0,1,0,0,"[0, 0, 224]",,,,,,,,,,1,,
2026-07-13 05:28:19.602088,,64,23.7,25.5,25.0,1.22,1.89,2.91,20.7,,,22.0,22.7,21.7,-23.91,0.88,0.78,0,1,0,0,1,0,0,"[0, 0, 224]",,,,,,,,,,1,,
2026-07-13 05:28:19.712046,,64,23.7,25.5,25.0,1.19,1.35,0.76,21.0,,,22.0,22.7,21.7,-23.91,1.39,0.92,0,1,0,0,1,0,0,"[0, 0, 224]",,,,,,,,,,1,,
2026-07-13 05:28:19.821845,,64,23.7,25.5,25.0,1.19,1.22,1.03,21.0,,,22.0,22.7,21.7,-23.91,0.92,0.92,0,1,0,0,1,0,0,"[0, 0, 224]",,,,,,,,,,1,,
2026-07-13 05:28:19.931457,,64,23.7,25.5,25.0,1.66,1.39,1.57,21.0,,,22.0,22.7,21.7,-23.91,0.95,0.95,0,1,0,0,1,0,0,"[0, 0, 224]",,,,,,,,,,1,,
2026-07-13 05:28:20.044238,,64,23.7,25.5,25.0,1.25,1.15,0.49,21.0,,,22.0,22.7,21.7,-23.91,0.95,0.98,0,1,0,0,1,0,0,"[0, 0, 224]",,,,,,,,,,1,,
2026-07-13 05:28:20.154050,,64,23.7,25.5,25.0,0.88,1.45,0.09,21.0,,,22.0,22.7,21.7,-23.91,0.95,0.95,0,1,0,0,1,0,0,"[0, 0, 224]",,,,,,,,,,1,,
2026-07-13 05:28:20.263790,,64,23.7,25.5,25.0,1.08,1.49,-0.44,21.0,,,22.0,22.7,21.7,-23.91,1.22,1.35,0,1,0,0,1,0,0,"[0, 0, 224]",,,,,,,,,,1,,
2026-07-13 05:28:20.380434,,64,23.7,25.5,25.0,0.95,1.19,1.43,21.0,,,22.0,22.7,21.7,-23.91,1.52,0.85,0,1,0,0,1,0,0,"[0, 0, 224]",,,,,,,,,,1,,
2026-07-13 05:28:20.490501,,64,23.7,25.5,25.0,0.58,1.08,1.43,21.0,,,22.0,22.7,21.7,-23.91,1.39,1.05,0,1,0,0,1,0,0,"[0, 0, 224]",,,,,,,,,,1,,
2026-07-13 05:28:20.599856,,64,23.7,25.5,25.0,1.72,1.89,0.36,21.0,,,22.0,22.7,21.7,-23.91,1.55,1.22,0,1,0,0,1,0,0,"[0, 0, 224]",,,,,,,,,,1,,
2026-07-13 05:28:20.709002,,64,23.7,25.5,25.0,1.72,1.69,-0.97,21.0,,,22.0,22.7,21.7,-23.91,0.95,1.02,0,1,0,0,1,0,0,"[0, 0, 224]",,,,,,,,,,1,,
2026-07-13 05:28:20.818352,,64,23.7,25.5,25.0,1.49,1.82,1.7,21.0,,,22.0,22.7,21.7,-23.91,0.92,0.61,0,1,0,0,1,0,0,"[0, 0, 224]",,,,,,,,,,1,,
2026-07-13 05:28:20.928179,,64,23.7,25.5,25.0,1.32,1.55,-0.84,21.0,,,22.0,22.7,21.7,-23.91,0.95,1.28,0,1,0,0,1,0,0,"[0, 0, 224]",,,,,,,,,,1,,
2026-07-13 05:28:21.038888,,64,23.7,25.5,25.0,1.35,1.32,1.17,21.0,,,22.0,22.7,21.7,-23.91,1.52,0.81,0,1,0,0,1,0,0,"[0, 0, 224]",,,,,,,,,,1,,
2026-07-13 05:28:21.148497,,64,23.7,25.5,25.0,1.22,1.39,2.37,21.0,,,22.0,22.7,21.7,-23.91,1.12,0.88,0,1,0,0,1,0,0,"[0, 0, 224]",,,,,,,,,,1,,
2026-07-13 05:28:21.259013,,64,23.7,25.5,25.0,1.39,1.66,1.43,21.0,,,22.0,22.7,21.7,-23.91,1.59,1.22,0,1,0,0,1,0,0,"[0, 0, 224]",,,,,,,,,,1,,
2026-07-13 05:28:21.375490,,64,23.7,25.5,25.0,1.55,1.79,2.24,21.0,,,22.0,22.7,21.7,-23.91,1.49,0.92,0,1,0,0,1,0,0,"[0, 0, 224]",,,,,,,,,,1,,
2026-07-13 05:28:21.486045,,64,23.7,25.5,25.0,1.55,1.59,2.11,21.0,,,22.0,22.7,21.7,-23.91,1.32,1.02,0,1,0,0,1,0,0,"[0, 0, 224]",,,,,,,,,,1,,
2026-07-13 05:28:21.595463,,64,23.7,25.5,25.0,1.66,0.98,2.37,21.0,,,22.0,22.7,21.7,-23.91,0.88,0.81,0,1,0,0,1,0,0,"[0, 0, 224]",,,,,,,,,,1,,
2026-07-13 05:28:21.704331,,64,23.7,25.5,25.0,1.59,0.95,-1.51,21.0,,,22.0,22.7,21.7,-23.91,1.55,1.02,0,1,0,0,1,0,0,"[0, 0, 224]",,,,,,,,,,1,,
2026-07-13 05:28:21.813526,,64,23.7,25.5,25.0,1.05,1.35,-0.44,21.0,,,22.0,22.7,21.7,-23.91,0.95,1.22,0,1,0,0,1,0,0,"[0, 0, 224]",,,,,,,,,,1,,
2026-07-13 05:28:21.922982,,64,23.7,25.5,25.0,0.78,0.98,0.49,21.0,,,22.0,22.7,21.7,-23.91,1.52,0.68,0,1,0,0,1,0,0,"[0, 0, 224]",,,,,,,,,,1,,
2026-07-13 05:28:22.033230,,64,23.7,25.5,25.0,1.22,1.39,0.09,21.0,,,22.0,22.7,21.7,-23.91,1.05,0.65,0,1,0,0,1,0,0,"[0, 0, 224]",,,,,,,,,,1,,
2026-07-13 05:28:22.143351,,64,23.7,25.5,25.0,1.35,1.52,3.05,21.0,,,22.0,22.7,21.7,-23.91,0.88,1.28,0,1,0,0,1,0,0,"[0, 0, 224]",,,,,,,,,,1,,
2026-07-13 05:28:22.255435,,64,23.7,25.5,25.0,0.92,1.25,3.58,21.0,,,22.0,22.7,21.7,-23.91,1.22,1.08,0,1,0,0,1,0,0,"[0, 0, 224]",,,,,,,,,,1,,
2026-07-13 05:28:22.371914,,64,23.7,25.5,25.0,1.55,1.22,-0.17,21.0,,,22.0,22.7,21.7,-23.91,0.85,1.15,0,1,0,0,1,0,0,"[0, 0, 224]",,,,,,,,,,1,,
2026-07-13 05:28:22.481197,,64,23.7,25.5,25.0,1.72,1.19,0.76,21.2,,,22.0,22.7,21.7,-23.91,0.85,0.71,0,1,0,0,1,0,0,"[0, 0, 224]",,,,,,,,,,1,,
2026-07-13 05:28:22.590991,,64,23.7,25.5,25.0,1.15,1.45,2.51,21.2,,,22.0,22.7,21.7,-23.91,1.25,1.25,0,1,0,0,1,0,0,"[0, 0, 224]",,,,,,,,,,1,,
2026-07-13 05:28:22.700836,,64,23.7,25.5,25.0,1.15,1.69,0.23,21.2,,,22.0,22.7,21.7,-23.91,1.42,1.12,0,1,0,0,1,0,0,"[0, 0, 224]",,,,,,,,,,1,,
2026-07-13 05:28:22.811155,,64,23.7,25.5,25.0,0.75,1.66,1.17,21.2,,,22.0,22.7,21.7,-23.91,1.52,0.68,0,1,0,0,1,0,0,"[0, 0, 224]",,,,,,,,,,1,,
2026-07-13 05:28:22.921042,,64,23.7,25.5,25.0,0.61,1.55,3.18,21.2,,,22.0,22.7,21.7,-23.91,0.88,1.22,0,1,0,0,1,0,0,"[0, 0, 224]",,,,,,,,,,1,,
2026-07-13 05:28:23.030598,,64,23.7,25.5,25.0,1.15,1.92,1.03,21.2,,,22.0,22.7,21.7,-23.91,1.32,1.28,0,1,0,0,1,0,0,"[0, 0, 224]",,,,,,,,,,1,,
2026-07-13 05:28:23.141064,,64,23.7,25.5,25.0,1.22,0.92,-0.44,21.2,,,22.0,22.7,21.7,-23.91,0.98,1.32,0,1,0,0,1,0,0,"[0, 0, 224]",,,,,,,,,,1,,
2026-07-13 05:28:23.250834,,64,23.7,25.5,25.0,1.22,1.25,1.97,21.2,,,22.0,22.7,21.7,-23.91,1.29,1.12,0,1,0,0,1,0,0,"[0, 0, 224]",,,,,,,,,,1,,
2026-07-13 05:28:23.375603,,64,23.7,25.5,25.0,1.59,1.22,2.37,21.2,,,22.0,22.7,21.7,-23.91,1.59,1.08,0,1,0,0,1,0,0,"[0, 0, 224]",,,,,,,,,,1,,
2026-07-13 05:28:23.485527,,64,23.7,25.5,25.0,0.88,1.86,3.85,21.2,,,22.0,22.7,21.7,-23.91,0.95,0.85,0,1,0,0,1,0,0,"[0, 0, 224]",,,,,,,,,,1,,
2026-07-13 05:28:23.595493,,64,23.7,25.5,25.0,1.19,1.25,2.91,21.2,,,22.0,22.7,21.7,-23.91,0.82,1.32,0,1,0,0,1,0,0,"[0, 0, 224]",,,,,,,,,,1,,
2026-07-13 05:28:23.705375,,64,23.7,25.5,25.0,1.29,1.39,3.45,21.2,,,22.0,22.7,21.7,-23.91,1.35,0.78,0,1,0,0,1,0,0,"[0, 0, 224]",,,,,,,,,,1,,
2026-07-13 05:28:23.814887,,64,23.7,25.5,25.0,1.29,1.55,2.91,21.2,,,22.0,22.7,21.7,-23.91,1.49,0.75,0,1,0,0,1,0,0,"[0, 0, 224]",,,,,,,,,,1,,
2026-07-13 05:28:23.924588,,64,23.7,25.5,25.0,0.98,1.86,0.76,21.2,,,22.0,22.7,21.7,-23.91,1.45,1.22,0,1,0,0,1,0,0,"[0, 0, 224]",,,,,,,,,,1,,
2026-07-13 05:28:24.034855,,64,23.7,25.5,25.0,1.25,1.62,0.09,21.2,,,22.0,22.7,21.7,-23.91,1.52,0.92,0,1,0,0,1,0,0,"[0, 0, 224]",,,,,,,,,,1,,
2026-07-13 05:28:24.144743,,64,23.7,25.5,25.0,1.19,1.32,0.49,21.2,,,22.0,22.7,21.7,-23.91,1.45,0.61,0,1,0,0,1,0,0,"[0, 0, 224]",,,,,,,,,,1,,
2026-07-13 05:28:24.254733,,64,23.7,25.5,25.0,1.69,1.69,-0.17,21.2,,,22.0,22.7,21.7,-23.91,1.39,0.85,0,1,0,0,1,0,0,"[0, 0, 224]",,,,,,,,,,1,,
2026-07-13 05:28:24.375439,,64,23.7,25.5,25.0,1.29,1.08,1.17,21.2,,,22.0,22.7,21.7,-23.91,0.85,0.68,0,1,0,0,1,0,0,"[0, 0, 224]",,,,,,,,,,1,,
2026-07-13 05:28:24.487855,,64,23.7,25.5,25.0,0.98,1.79,2.24,21.2,,,22.0,22.7,21.7,-23.91,1.19,0.68,0,1,0,0,1,0,0,"[0, 0, 224]",,,,,,,,,,1,,
2026-07-13 05:28:24.597932,,64,23.7,25.5,25.0,1.29,1.59,3.05,21.2,,,22.0,22.7,21.7,-23.91,1.49,0.68,0,1,0,0,1,0,0,"[0, 0, 224]",,,,,,,,,,1,,
2026-07-13 05:28:24.708140,,64,23.7,25.5,25.0,1.52,1.96,0.09,21.2,,,22.0,22.7,21.7,-23.91,1.19,0.88,0,1,0,0,1,0,0,"[0, 0, 224]",,,,,,,,,,1,,
2026-07-13 05:28:24.818039,,64,23.7,25.5,25.0,1.35,1.49,2.24,21.2,,,22.0,22.7,21.7,-23.91,1.05,1.28,0,1,0,0,1,0,0,"[0, 0, 224]",,,,,,,,,,1,,
2026-07-13 05:28:24.927992,,64,23.7,25.5,25.0,1.35,0.78,3.05,21.2,,,22.0,22.7,21.7,-23.91,1.49,1.18,0,1,0,0,1,0,0,"[0, 0, 224]",,,,,,,,,,1,,
2026-07-13 05:28:25.037787,,64,23.7,25.5,25.0,1.45,1.52,1.17,21.2,,,22.0,22.7,21.7,-23.91,1.19,1.22,0,1,0,0,1,0,0,"[0, 0, 224]",,,,,,,,,,1,,
2026-07-13 05:28:25.148189,,64,23.7,25.5,25.0,0.85,1.35,2.78,21.2,,,22.0,22.7,21.7,-23.91,1.45,1.02,0,1,0,0,1,0,0,"[0, 0, 224]",,,,,,,,,,1,,
2026-07-13 05:28:25.257855,,64,23.7,25.5,25.0,1.76,1.39,0.9,21.2,,,22.0,22.7,21.7,-23.91,0.85,0.65,0,1,0,0,1,0,0,"[0, 0, 224]",,,,,,,,,,1,,
2026-07-13 05:28:25.379021,,64,23.7,25.5,25.0,1.02,1.69,0.09,21.2,,,22.0,22.7,21.7,-23.91,1.29,1.08,0,1,0,0,1,0,0,"[0, 0, 224]",,,,,,,,,,1,,
2026-07-13 05:28:25.488989,,64,23.7,25.5,25.0,1.55,1.29,-0.3,21.2,,,22.0,22.7,21.7,-23.91,1.55,1.35,0,1,0,0,1,0,0,"[0, 0, 224]",,,,,,,,,,1,,
2026-07-13 05:28:25.598649,,64,23.7,25.5,25.0,1.02,1.39,2.91,21.2,,,22.0,22.7,21.7,-23.91,0.92,1.02,0,1,0,0,1,0,0,"[0, 0, 224]",,,,,,,,,,1,,
2026-07-13 05:28:25.708461,,64,23.7,25.5,25.0,1.12,1.76,3.72,21.2,,,22.0,22.7,21.7,-23.91,1.29,0.95,0,1,0,0,1,0,0,"[0, 0, 224]",,,,,,,,,,1,,
2026-07-13 05:28:25.818855,,64,23.7,25.5,25.0,0.95,0.98,1.57,21.2,,,22.0,22.7,21.7,-23.91,0.98,0.68,0,1,0,0,1,0,0,"[0, 0, 224]",,,,,,,,,,1,,
2026-07-13 05:28:25.933653,,64,23.7,25.5,25.0,0.82,1.62,2.64,21.2,,,22.0,22.7,21.7,-23.91,0.92,1.02,0,1,0,0,1,0,0,"[0, 0, 224]",,,,,,,,,,1,,
2026-07-13 05:28:26.047456,,64,23.7,25.5,25.0,1.42,1.05,-0.44,21.2,,,22.0,22.7,21.7,-23.91,1.39,1.18,0,1,0,0,1,0,0,"[0, 0, 224]",,,,,,,,,,1,,
2026-07-13 05:28:26.160043,,64,23.7,25.5,25.0,1.35,1.45,-0.97,21.2,,,22.0,22.7,21.7,-23.91,0.98,0.88,0,1,0,0,1,0,0,"[0, 0, 224]",,,,,,,,,,1,,
2026-07-13 05:28:26.273382,,64,23.7,25.5,25.0,0.51,1.35,0.49,21.2,,,22.0,22.7,21.7,-23.91,1.08,0.98,0,1,0,0,1,0,0,"[0, 0, 224]",,,,,,,,,,1,,
2026-07-13 05:28:26.388890,,64,23.7,25.5,25.0,1.42,1.45,-0.3,21.2,,,22.0,22.7,21.7,-23.91,1.39,1.15,0,1,0,0,1,0,0,"[0, 0, 224]",,,,,,,,,,1,,
2026-07-13 05:28:26.508884,,64,23.7,25.5,25.0,0.92,0.72,2.11,21.2,,,22.0,22.7,21.7,-23.91,1.55,1.25,0,1,0,0,1,0,0,"[0, 0, 224]",,,,,,,,,,1,,
2026-07-13 05:28:26.621836,,64,23.7,25.5,25.0,0.78,1.35,-0.7,21.2,,,22.0,22.7,21.7,-23.91,1.49,0.65,0,1,0,0,1,0,0,"[0, 0, 224]",,,,,,,,,,1,,
2026-07-13 05:28:26.735117,,64,23.7,25.5,25.0,0.82,1.05,2.78,21.2,,,22.0,22.7,21.7,-23.91,1.08,1.02,0,1,0,0,1,0,0,"[0, 0, 224]",,,,,,,,,,1,,
2026-07-13 05:28:26.848692,,64,23.7,25.5,25.0,0.88,1.29,-1.24,21.2,,,22.0,22.7,21.7,-23.91,1.45,0.92,0,1,0,0,1,0,0,"[0, 0, 224]",,,,,,,,,,1,,
2026-07-13 05:28:26.961945,,64,23.7,25.5,25.0,1.19,0.88,-1.11,21.2,,,22.0,22.7,21.7,-23.91,1.52,0.71,0,1,0,0,1,0,0,"[0, 0, 224]",,,,,,,,,,1,,
2026-07-13 05:28:27.075284,,64,23.7,25.5,25.0,1.35,1.52,0.63,21.2,,,22.0,22.7,21.7,-23.91,1.25,1.28,0,1,0,0,1,0,0,"[0, 0, 224]",,,,,,,,,,1,,
2026-07-13 05:28:27.188234,,64,23.7,25.5,25.0,1.45,1.15,0.49,21.2,,,22.0,22.7,21.7,-23.91,1.55,1.18,0,1,0,0,1,0,0,"[0, 0, 224]",,,,,,,,,,1,,
2026-07-13 05:28:27.301630,,64,23.7,25.5,25.0,1.49,0.85,1.43,21.2,,,22.0,22.7,21.7,-23.91,1.42,1.15,0,1,0,0,1,0,0,"[0, 0, 224]",,,,,,,,,,1,,
2026-07-13 05:28:27.415281,,64,23.7,25.5,25.0,0.95,1.69,1.17,21.2,,,22.0,22.7,21.7,-23.91,1.39,0.85,0,1,0,0,1,0,0,"[0, 0, 224]",,,,,,,,,,1,,
2026-07-13 05:28:27.527667,,64,23.7,25.5,25.0,1.12,1.32,0.76,21.2,,,22.0,22.7,21.7,-23.91,0.95,0.98,0,1,0,0,1,0,0,"[0, 0, 224]",,,,,,,,,,1,,
2026-07-13 05:28:27.635064,,64,23.7,25.5,25.0,0.88,1.92,-0.7,21.2,,,22.0,22.7,21.7,-23.91,1.22,1.25,0,1,0,0,1,0,0,"[0, 0, 224]",,,,,,,,,,1,,
2026-07-13 05:28:27.741778,,64,23.7,25.5,25.0,1.29,1.66,1.84,21.2,,,22.0,22.7,21.7,-23.91,1.55,1.18,0,1,0,0,1,0,0,"[0, 0, 224]",,,,,,,,,,1,,
2026-07-13 05:28:27.848947,,64,23.7,25.5,25.0,1.35,1.15,1.84,21.2,,,22.0,22.7,21.7,-23.91,1.49,1.32,0,1,0,0,1,0,0,"[0, 0, 224]",,,,,,,,,,1,,
2026-07-13 05:28:27.956282,,64,23.7,25.5,25.0,0.92,1.62,-1.38,21.2,,,22.0,22.7,21.7,-23.91,1.52,0.78,0,1,0,0,1,0,0,"[0, 0, 224]",,,,,,,,,,1,,
2026-07-13 05:28:28.063516,,64,23.7,25.5,25.0,1.22,1.02,1.57,21.2,,,22.0,22.7,21.7,-23.91,1.52,0.92,0,1,0,0,1,0,0,"[0, 0, 224]",,,,,,,,,,1,,
2026-07-13 05:28:28.170922,,64,23.7,25.5,25.0,1.35,1.62,1.84,21.2,,,22.0,22.7,21.7,-23.91,1.32,0.65,0,1,0,0,1,0,0,"[0, 0, 224]",,,,,,,,,,1,,
2026-07-13 05:28:28.287511,,64,23.7,25.5,25.0,1.52,0.95,2.91,21.2,,,22.0,22.7,21.7,-23.91,0.98,0.71,0,1,0,0,1,0,0,"[0, 0, 224]",,,,,,,,,,1,,
2026-07-13 05:28:28.414001,,64,23.7,25.5,25.0,1.55,1.42,0.23,21.2,,,22.0,22.7,21.7,-23.91,1.32,0.88,0,1,0,0,1,0,0,"[0, 0, 224]",,,,,,,,,,1,,
2026-07-13 05:28:28.521040,,64,23.7,25.5,25.0,0.61,1.42,-0.3,21.2,,,22.0,22.7,21.7,-23.91,0.92,1.35,0,1,0,0,1,0,0,"[0, 0, 224]",,,,,,,,,,1,,
2026-07-13 05:28:28.628740,,64,23.7,25.5,25.0,1.39,1.76,1.17,21.2,,,22.0,22.7,21.7,-23.91,0.95,0.78,0,1,0,0,1,0,0,"[0, 0, 224]",,,,,,,,,,1,,
2026-07-13 05:28:28.736133,,64,23.7,25.5,25.0,1.39,1.79,0.63,21.2,,,22.0,22.7,21.7,-23.91,0.95,1.32,0,1,0,0,1,0,0,"[0, 0, 224]",,,,,,,,,,1,,
2026-07-13 05:28:28.842868,,64,23.7,25.5,25.0,1.39,1.42,0.63,21.2,,,22.0,22.7,21.7,-23.91,1.52,1.22,0,1,0,0,1,0,0,"[0, 0, 224]",,,,,,,,,,1,,
2026-07-13 05:28:28.949813,,64,23.7,25.5,25.0,0.58,1.35,1.84,21.2,,,22.0,22.7,21.7,-23.91,1.32,0.65,0,1,0,0,1,0,0,"[0, 0, 224]",,,,,,,,,,1,,
2026-07-13 05:28:29.056937,,64,23.7,25.5,25.0,1.42,1.15,0.9,21.2,,,22.0,22.7,21.7,-23.91,1.42,0.98,0,1,0,0,1,0,0,"[0, 0, 224]",,,,,,,,,,1,,
2026-07-13 05:28:29.164699,,64,23.7,25.5,25.0,1.15,1.49,1.97,21.2,,,22.0,22.7,21.7,-23.91,0.95,1.22,0,1,0,0,1,0,0,"[0, 0, 224]",,,,,,,,,,1,,
2026-07-13 05:28:29.271813,,64,23.7,25.5,25.0,0.98,1.59,0.76,21.2,,,22.0,22.7,21.7,-23.91,1.25,0.95,0,1,0,0,1,0,0,"[0, 0, 224]",,,,,,,,,,1,,
2026-07-13 05:28:29.393775,,64,23.7,25.5,25.0,1.12,1.35,2.51,21.2,,,22.0,22.7,21.7,-23.91,1.55,1.08,0,1,0,0,1,0,0,"[0, 0, 224]",,,,,,,,,,1,,
2026-07-13 05:28:29.501501,,64,23.7,25.5,25.0,0.95,1.29,2.37,21.2,,,22.0,22.7,21.7,-23.91,1.39,1.25,0,1,0,0,1,0,0,"[0, 0, 224]",,,,,,,,,,1,,
2026-07-13 05:28:29.682616,,64,23.7,25.5,25.0,1.08,1.55,-0.03,21.2,,,22.0,22.7,21.7,-23.91,1.32,0.68,0,1,0,0,1,0,0,"[0, 0, 224]",,,,,,,,,,1,,
2026-07-13 05:28:29.787753,,64,23.7,25.5,25.0,1.72,1.15,1.17,21.2,,,22.0,22.7,21.7,-23.91,1.02,1.32,0,1,0,0,1,0,0,"[0, 0, 224]",,,,,,,,,,1,,
2026-07-13 05:28:29.891386,,64,23.7,25.5,25.0,0.82,0.95,0.63,21.2,,,22.0,22.7,21.7,-23.91,0.92,1.15,0,1,0,0,1,0,0,"[0, 0, 224]",,,,,,,,,,1,,
2026-07-13 05:28:29.994907,,64,23.7,25.5,25.0,0.88,1.19,2.78,21.2,,,22.0,22.7,21.7,-23.91,1.42,0.95,0,1,0,0,1,0,0,"[0, 0, 224]",,,,,,,,,,1,,
2026-07-13 05:28:30.098851,,64,23.7,25.5,25.0,1.02,1.32,3.18,21.2,,,22.0,22.7,21.7,-23.91,1.02,1.32,0,1,0,0,1,0,0,"[0, 0, 224]",,,,,,,,,,1,,
2026-07-13 05:28:30.202272,,64,23.7,25.5,25.0,1.32,1.29,0.63,21.2,,,22.0,22.7,21.7,-23.91,1.52,0.85,0,1,0,0,1,0,0,"[0, 0, 224]",,,,,,,,,,1,,
2026-07-13 05:28:30.305585,,64,23.7,25.5,25.0,1.02,1.52,2.11,21.2,,,22.0,22.7,21.7,-23.91,1.45,1.32,0,1,0,0,1,0,0,"[0, 0, 224]",,,,,,,,,,1,,
2026-07-13 05:28:30.419388,,64,23.7,25.5,25.0,1.25,1.66,-0.7,21.2,,,22.0,22.7,21.7,-23.91,1.49,1.28,0,1,0,0,1,0,0,"[0, 0, 224]",,,,,,,,,,1,,
2026-07-13 05:28:30.526610,,64,23.7,25.5,25.0,1.08,0.92,0.09,21.2,,,22.0,22.7,21.7,-23.91,1.19,0.81,0,1,0,0,1,0,0,"[0, 0, 224]",,,,,,,,,,1,,
